session_id,customer_id,bundle_id,tau_revenue,tau_margin,assigned_incentive
0,0,30,408.91,-0.09,0.2
1,0,2,410.43,3.38,0.2
2,0,1,367.68,23.67,0.15
3,0,112,344.46,-6.59,0.15
4,0,393,238.53,2.37,0.1
5,0,210,424.09,30.41,0.15
6,0,228,237.59,-32.59,0.2
7,0,244,177.83,21.19,0.05
8,0,302,326.11,24.26,0.1
9,0,143,164.14,17.84,0.05
10,0,210,357.04,45.76,0.1
11,0,321,286.93,-37.98,0.2
12,1,116,239.51,-11.15,0.2
13,1,344,370.6,-1.74,0.15
14,1,215,426.92,2.29,0.2
15,1,257,147.48,17.36,0.05
16,1,436,167.33,26.65,0.05
17,1,451,323.99,-2.99,0.15
18,1,329,190.65,28.07,0.05
19,1,154,137.66,8.86,0.05
20,1,215,414.35,28.23,0.15
21,2,43,107.11,13.71,0.05
22,2,552,122.04,6.57,0.05
23,2,373,212.87,10.85,0.1
24,3,374,139.24,1.88,0.1
25,3,368,193.73,9.55,0.1
26,3,0,212.87,-12.45,0.2
27,3,350,147.64,-7.66,0.1
28,3,559,343.58,-28.57,0.2
29,3,59,333.13,-9.94,0.2
30,3,1,316.36,-5.92,0.2
31,3,584,318.21,-17.1,0.2
32,3,497,338.85,-11.45,0.2
33,3,247,127.11,14.14,0.05
34,4,108,289.81,-5.67,0.15
35,4,270,266.5,14.04,0.1
36,4,321,220.96,-6.05,0.1
37,4,238,117.6,6.34,0.05
38,4,159,145.16,11.66,0.05
39,4,133,174.13,-7.75,0.1
40,4,175,236.02,16.62,0.1
41,4,135,238.65,-31.43,0.2
42,4,325,396.62,10.17,0.15
43,4,552,308.71,-12.19,0.15
44,4,214,304.63,10.76,0.1
45,4,309,159.54,24.13,0.05
46,5,501,198.48,-7.45,0.15
47,5,263,198.8,17.72,0.1
48,5,125,138.67,7.83,0.1
49,5,105,205.37,-14.59,0.15
50,5,532,191.13,-8.16,0.15
51,5,363,90.38,1.87,0.05
52,5,176,267.97,-28.62,0.2
53,5,295,221.93,-5.36,0.15
54,5,376,115.7,10.65,0.05
55,5,535,114.49,17.1,0.05
56,5,105,205.37,-14.59,0.15
57,5,318,134.81,1.11,0.1
58,5,153,81.87,3.84,0.05
59,6,200,268.29,-10.47,0.2
60,6,467,239.75,25.47,0.1
61,6,35,140.26,5.48,0.1
62,6,393,85.11,2.95,0.05
63,6,153,200.34,-12.88,0.15
64,6,559,119.96,8.49,0.05
65,6,281,224.01,22.14,0.1
66,7,87,170.35,23.81,0.05
67,7,369,316.29,-1.01,0.15
68,7,455,112.94,0.13,0.05
69,7,18,301.35,35.16,0.1
70,7,195,369.98,16.02,0.15
71,7,454,201.15,-32.15,0.15
72,7,145,438.83,-12.89,0.2
73,7,88,123.38,11.28,0.05
74,7,527,226.49,33.55,0.05
75,7,379,172.8,20.95,0.05
76,7,457,344.17,-17.3,0.2
77,7,97,289.98,-11.66,0.2
78,7,515,393.94,10.33,0.15
79,8,314,375.91,-0.98,0.15
80,8,517,335.64,26.94,0.1
81,8,3,168.76,28.27,0.05
82,8,18,387.23,25.84,0.15
83,9,138,333.4,26.59,0.1
84,9,138,333.4,24.56,0.1
85,9,86,172.63,26.83,0.05
86,10,31,131.52,17.91,0.05
87,10,578,245.31,13.91,0.1
88,10,358,222.1,34.04,0.05
89,10,154,121.15,7.17,0.05
90,10,493,462.34,34.5,0.15
91,10,143,351.86,-19.3,0.2
92,10,68,282.37,7.2,0.1
93,10,330,255.69,-6.04,0.15
94,10,378,276.86,15.36,0.1
95,10,329,382.47,-8.28,0.2
96,10,54,276.95,24.81,0.1
97,10,379,389.07,7.37,0.15
98,11,321,123.61,2.25,0.05
99,11,203,323.46,0.25,0.15
100,11,472,148.48,-7.55,0.1
101,11,383,302.31,-14.4,0.2
102,11,119,314.31,15.43,0.1
103,11,116,234.35,-11.92,0.2
104,11,12,238.84,-3.59,0.15
105,11,436,326.39,16.21,0.15
106,11,479,240.97,-1.77,0.1
107,12,205,205.49,22.14,0.05
108,12,326,427.09,-9.31,0.2
109,12,152,271.54,18.37,0.1
110,12,203,345.83,6.91,0.15
111,12,338,324.26,13.98,0.1
112,12,13,345.95,25.35,0.1
113,12,538,295.88,21.69,0.1
114,12,552,342.19,-27.16,0.2
115,12,142,213.21,22.25,0.05
116,12,177,353.29,19.74,0.1
117,13,291,321.08,-6.65,0.2
118,13,245,149.14,15.79,0.05
119,13,500,371.29,9.47,0.15
120,13,510,262.22,15.43,0.1
121,13,386,115.9,6.83,0.05
122,13,306,128.32,14.35,0.05
123,13,241,162.05,16.39,0.05
124,13,63,110.56,1.74,0.05
125,13,272,335.99,40.57,0.1
126,13,200,306.1,13.1,0.15
127,13,213,154.71,11.67,0.05
128,14,114,289.84,10.42,0.15
129,14,578,240.71,13.43,0.1
130,14,573,317.75,-11.47,0.2
131,15,294,320.35,0.83,0.15
132,15,222,193.41,13.59,0.05
133,15,103,347.03,12.0,0.15
134,15,451,333.74,0.05,0.15
135,15,164,199.3,20.36,0.05
136,15,77,235.28,0.05,0.1
137,15,218,433.34,60.07,0.1
138,16,541,346.49,44.38,0.05
139,17,368,379.28,31.61,0.1
140,17,259,385.86,18.63,0.15
141,17,33,283.82,-33.31,0.2
142,17,520,265.98,-22.09,0.2
143,17,404,233.09,35.93,0.05
144,17,140,327.44,14.92,0.15
145,17,146,335.89,-21.54,0.2
146,18,191,192.05,-2.86,0.15
147,18,80,234.38,-13.76,0.15
148,18,461,112.16,9.27,0.05
149,18,226,230.87,-5.45,0.15
150,18,354,239.8,-11.63,0.2
151,18,126,129.19,21.35,0.05
152,18,353,207.11,3.3,0.15
153,18,314,104.9,7.79,0.05
154,18,365,111.26,9.61,0.05
155,18,436,262.43,-8.49,0.2
156,18,441,159.78,3.21,0.1
157,18,384,183.74,13.42,0.1
158,18,471,378.44,-10.8,0.2
159,18,262,68.69,5.44,0.05
160,19,352,266.92,4.46,0.15
161,19,523,178.52,11.94,0.05
162,20,570,294.99,-6.05,0.15
163,20,158,232.2,-23.3,0.2
164,20,166,119.38,6.63,0.05
165,20,321,273.75,-39.96,0.2
166,20,337,94.81,3.05,0.05
167,20,181,86.52,0.06,0.05
168,20,191,287.56,-17.47,0.2
169,20,18,231.63,25.4,0.1
170,21,232,202.26,-25.9,0.2
171,21,337,73.4,1.31,0.05
172,21,146,78.39,3.75,0.05
173,22,121,475.38,54.53,0.1
174,23,330,181.1,5.66,0.1
175,23,580,234.26,-9.39,0.15
176,23,3,336.76,17.98,0.15
177,23,67,206.13,-3.7,0.1
178,23,47,123.39,10.28,0.05
179,23,415,321.43,14.9,0.15
180,23,477,204.45,12.52,0.1
181,23,215,411.3,1.04,0.2
182,23,436,313.02,14.54,0.15
183,23,158,94.31,5.34,0.05
184,23,333,311.33,34.62,0.1
185,23,413,258.26,17.36,0.1
186,23,452,391.4,-16.77,0.2
187,24,218,462.34,8.32,0.2
188,24,529,251.99,-1.33,0.1
189,24,34,358.64,-27.18,0.2
190,25,25,453.62,13.24,0.15
191,25,116,277.11,-5.51,0.2
192,25,20,409.0,8.39,0.15
193,25,450,328.95,20.68,0.1
194,25,88,337.02,-11.62,0.2
195,25,258,318.32,27.99,0.1
196,25,425,335.13,58.16,0.05
197,25,147,518.92,5.89,0.2
198,25,490,395.4,24.9,0.15
199,25,147,494.03,30.99,0.15
200,25,125,294.86,29.69,0.1
201,25,417,520.57,1.37,0.2
202,25,227,402.84,-11.69,0.2
203,25,12,259.15,16.96,0.1
204,26,442,191.63,18.65,0.05
205,26,204,453.87,22.74,0.15
206,26,56,239.77,31.14,0.05
207,27,7,380.39,25.14,0.1
208,27,300,344.4,2.82,0.15
209,27,510,387.7,35.31,0.1
210,27,498,406.52,-1.94,0.2
211,27,209,372.0,47.27,0.1
212,27,243,466.2,-6.36,0.2
213,27,190,968.09,92.34,0.15
214,27,191,335.8,13.04,0.15
215,27,227,383.74,9.53,0.15
216,27,219,437.71,83.81,0.05
217,27,328,339.17,24.93,0.1
218,27,552,306.23,27.06,0.05
219,27,588,306.59,21.01,0.1
220,28,268,344.29,-6.99,0.2
221,28,528,396.77,-19.97,0.2
222,28,399,270.95,44.3,0.05
223,28,105,314.76,-9.83,0.15
224,29,147,466.88,-1.92,0.2
225,29,347,344.6,-1.93,0.15
226,29,298,303.79,20.18,0.1
227,29,246,413.54,-13.64,0.2
228,29,329,406.38,-4.69,0.2
229,29,145,467.3,-8.62,0.2
230,29,481,171.68,16.32,0.05
231,29,584,400.37,-10.31,0.2
232,29,220,617.5,19.31,0.2
233,30,26,366.74,-5.3,0.15
234,30,97,120.01,13.94,0.05
235,30,55,242.26,-30.0,0.2
236,31,448,74.75,3.14,0.05
237,31,471,130.62,17.78,0.05
238,31,87,249.57,1.87,0.15
239,31,136,89.02,7.07,0.05
240,31,76,205.72,-8.04,0.15
241,31,495,144.83,4.83,0.1
242,31,405,160.01,-4.44,0.15
243,31,87,185.72,11.62,0.1
244,31,455,70.49,-1.66,0.05
245,31,70,96.7,4.47,0.05
246,32,474,358.43,-22.42,0.2
247,32,527,423.16,42.37,0.1
248,33,555,98.78,6.05,0.05
249,33,36,176.76,-2.35,0.15
250,33,148,191.84,-7.11,0.15
251,33,300,193.91,-10.28,0.15
252,33,44,206.04,4.04,0.15
253,33,49,335.76,-10.03,0.2
254,34,332,399.4,50.19,0.1
255,34,296,143.02,14.69,0.05
256,34,348,278.33,3.44,0.1
257,34,453,99.86,-5.92,0.05
258,34,450,314.81,-25.49,0.2
259,34,338,270.39,8.08,0.1
260,34,201,324.34,16.2,0.15
261,34,567,236.4,-26.87,0.15
262,35,315,274.49,2.96,0.15
263,35,587,382.84,16.37,0.15
264,35,277,251.12,22.87,0.05
265,35,568,337.68,12.34,0.1
266,35,467,403.52,79.05,0.05
267,35,566,299.04,-32.84,0.2
268,35,3,413.09,6.39,0.2
269,35,61,202.86,0.88,0.1
270,36,75,274.3,-1.76,0.15
271,36,24,303.03,-4.14,0.15
272,36,71,338.39,-3.15,0.15
273,37,167,377.21,-3.31,0.15
274,37,194,342.95,56.4,0.05
275,37,128,334.51,60.16,0.05
276,37,243,409.28,38.47,0.1
277,37,304,363.89,35.65,0.1
278,37,359,321.94,-20.57,0.2
279,37,43,320.85,-0.89,0.2
280,37,357,373.89,46.23,0.05
281,37,55,281.89,-25.15,0.2
282,37,305,287.82,2.15,0.15
283,37,436,369.61,24.85,0.15
284,37,136,342.28,26.47,0.1
285,37,577,357.78,68.53,0.05
286,38,12,265.28,-15.1,0.2
287,38,444,227.06,21.9,0.05
288,38,353,319.12,35.32,0.1
289,38,579,336.26,-14.23,0.2
290,38,417,296.83,45.81,0.05
291,39,448,269.52,-27.57,0.2
292,39,149,300.98,-14.28,0.2
293,39,138,366.37,-17.41,0.2
294,39,247,419.43,-16.27,0.2
295,40,404,286.91,-10.36,0.2
296,40,325,133.0,16.21,0.05
297,40,11,108.44,12.25,0.05
298,40,209,201.85,18.36,0.1
299,40,492,347.45,19.5,0.15
300,41,581,260.87,21.63,0.1
301,41,184,262.48,4.93,0.15
302,41,223,96.14,-0.26,0.05
303,41,446,166.52,20.45,0.05
304,41,35,232.66,0.86,0.15
305,41,526,446.71,-16.25,0.2
306,41,280,122.15,10.68,0.05
307,41,566,223.76,-22.76,0.15
308,42,179,158.52,16.68,0.05
309,42,402,364.45,43.61,0.1
310,42,511,256.81,39.92,0.05
311,42,48,536.38,43.08,0.15
312,43,236,178.96,14.04,0.05
313,43,59,387.97,42.57,0.1
314,43,454,213.21,-29.74,0.15
315,43,532,182.31,18.02,0.05
316,43,0,160.43,21.53,0.05
317,43,190,846.38,122.69,0.1
318,43,33,273.02,-34.93,0.2
319,43,28,357.7,-7.25,0.2
320,43,177,226.91,23.2,0.05
321,43,23,247.77,27.79,0.05
322,44,60,257.09,-0.45,0.15
323,44,231,249.41,15.49,0.1
324,44,276,253.59,-24.39,0.15
325,44,296,116.32,10.94,0.05
326,44,419,439.86,-11.22,0.2
327,45,395,184.63,-28.68,0.2
328,45,413,207.0,-20.75,0.2
329,45,465,73.06,8.26,0.05
330,45,434,48.53,-1.75,0.05
331,45,440,54.1,3.48,0.05
332,45,101,59.34,4.53,0.05
333,45,97,57.06,4.71,0.05
334,45,101,103.08,1.4,0.1
335,45,380,105.26,-1.14,0.1
336,45,105,170.09,-28.35,0.2
337,46,121,349.99,60.74,0.05
338,46,226,367.62,5.54,0.15
339,46,454,212.1,-29.96,0.15
340,46,105,190.03,13.17,0.05
341,47,397,104.3,4.62,0.05
342,47,388,108.57,15.01,0.05
343,47,76,244.51,-7.3,0.15
344,47,492,412.49,-0.87,0.2
345,47,233,155.6,-8.78,0.15
346,47,452,299.62,0.84,0.15
347,47,581,309.83,6.94,0.15
348,47,215,233.68,24.32,0.1
349,47,160,113.72,9.06,0.05
350,47,224,268.11,-11.58,0.15
351,48,490,319.62,11.76,0.15
352,48,206,456.72,6.11,0.2
353,48,365,155.05,16.44,0.05
354,48,531,145.99,18.25,0.05
355,48,464,83.98,6.19,0.05
356,48,537,425.18,27.95,0.15
357,48,204,168.52,24.11,0.05
358,48,195,373.21,-8.57,0.2
359,49,317,333.39,13.36,0.15
360,49,354,161.53,22.73,0.05
361,49,175,303.16,6.56,0.15
362,49,177,333.89,16.37,0.1
363,49,393,288.31,-12.24,0.15
364,49,458,184.94,22.45,0.05
365,49,76,324.4,-0.98,0.15
366,49,228,242.47,-29.67,0.2
367,49,259,373.3,-7.75,0.2
368,49,100,195.07,31.9,0.05
369,49,23,401.14,-22.3,0.2
370,49,353,331.7,-3.96,0.2
371,49,412,172.32,18.71,0.05
372,49,545,283.26,-12.33,0.15
373,50,269,195.22,7.68,0.1
374,50,347,184.92,3.07,0.1
375,50,544,213.79,9.53,0.1
376,50,198,173.47,13.85,0.1
377,50,258,166.05,7.98,0.1
378,50,381,290.19,28.05,0.1
379,50,284,282.25,1.53,0.15
380,50,272,424.71,-0.49,0.2
381,51,154,98.68,4.92,0.05
382,52,344,202.37,20.4,0.05
383,53,88,287.56,-21.23,0.2
384,53,546,267.85,-14.97,0.15
385,53,200,311.27,13.04,0.15
386,53,268,149.75,20.2,0.05
387,53,234,208.28,-19.53,0.2
388,53,112,286.22,8.73,0.1
389,53,506,182.44,28.48,0.05
390,53,164,332.86,-23.67,0.2
391,53,417,203.04,28.78,0.05
392,54,516,540.26,34.82,0.15
393,54,540,413.46,-14.26,0.2
394,54,517,404.04,38.38,0.1
395,55,514,289.25,23.71,0.1
396,56,186,411.29,39.2,0.1
397,56,210,224.73,41.05,0.05
398,56,530,395.67,-10.55,0.2
399,56,523,338.64,-12.57,0.15
400,56,36,286.94,-11.93,0.2
401,56,29,380.87,22.65,0.15
402,56,292,291.55,-9.79,0.2
403,56,177,355.42,-3.72,0.15
404,56,11,331.09,10.03,0.15
405,56,527,484.34,51.27,0.1
406,56,158,125.36,9.2,0.05
407,56,104,306.81,6.45,0.15
408,56,236,280.32,-8.3,0.15
409,56,211,490.86,72.99,0.1
410,57,417,438.65,17.35,0.15
411,57,57,280.54,15.85,0.1
412,57,179,262.27,14.57,0.1
413,57,283,152.86,14.28,0.05
414,57,364,382.57,2.17,0.15
415,57,222,319.01,-11.46,0.15
416,57,325,209.32,29.42,0.05
417,57,266,522.36,32.44,0.15
418,57,393,148.34,8.35,0.05
419,57,285,367.69,-14.45,0.2
420,58,123,322.28,17.78,0.1
421,58,271,339.37,2.83,0.15
422,58,524,224.59,-41.76,0.2
423,58,496,245.09,36.13,0.05
424,58,438,358.83,8.41,0.15
425,58,269,350.86,25.49,0.1
426,58,379,414.55,12.47,0.15
427,58,371,414.86,-24.31,0.2
428,58,16,434.12,17.67,0.15
429,58,22,328.44,14.85,0.1
430,58,517,436.48,-11.01,0.2
431,58,419,465.89,22.44,0.15
432,59,2,385.54,51.45,0.1
433,59,58,336.15,6.11,0.15
434,59,481,147.33,13.2,0.05
435,59,390,302.27,31.0,0.1
436,59,103,322.53,30.87,0.1
437,59,560,337.07,-33.29,0.2
438,59,563,135.22,9.31,0.05
439,59,307,360.38,1.1,0.15
440,59,453,114.11,-5.44,0.05
441,59,135,127.18,3.86,0.05
442,60,161,74.07,2.63,0.05
443,60,400,126.93,0.15,0.1
444,60,78,238.15,-31.61,0.2
445,60,426,219.86,3.99,0.15
446,60,187,277.37,0.9,0.15
447,60,253,92.85,3.83,0.05
448,60,318,207.41,-21.64,0.2
449,60,213,291.79,-31.43,0.2
450,60,372,234.84,-19.69,0.2
451,60,255,282.73,-7.77,0.2
452,60,137,328.13,-17.33,0.2
453,60,359,213.13,-26.73,0.2
454,61,289,180.93,7.38,0.05
455,61,481,175.65,16.09,0.05
456,62,346,50.97,-6.62,0.1
457,62,339,24.93,-2.58,0.05
458,62,180,56.56,-10.68,0.15
459,63,559,330.04,-6.19,0.15
460,63,298,251.4,-4.04,0.15
461,63,579,106.61,9.83,0.05
462,63,49,421.55,-3.06,0.2
463,63,131,286.71,0.02,0.15
464,63,492,365.1,21.59,0.15
465,63,376,245.18,12.28,0.1
466,63,471,392.69,18.42,0.15
467,63,112,339.07,-30.76,0.2
468,63,122,239.16,-10.52,0.15
469,63,459,221.39,13.04,0.1
470,64,84,416.14,-25.3,0.2
471,64,219,471.29,34.82,0.15
472,64,303,252.43,38.64,0.05
473,64,326,411.54,12.43,0.15
474,64,272,489.51,38.19,0.15
475,64,263,269.7,47.89,0.05
476,65,387,424.89,39.0,0.1
477,65,404,192.44,28.58,0.05
478,65,510,391.45,-13.47,0.2
479,65,516,506.9,60.92,0.1
480,65,458,361.09,7.98,0.15
481,66,446,252.92,34.53,0.05
482,66,438,333.7,26.14,0.1
483,66,406,328.56,34.69,0.1
484,66,408,290.78,2.33,0.1
485,67,278,167.73,10.84,0.05
486,67,405,247.89,17.05,0.1
487,67,356,377.28,-4.37,0.15
488,67,470,270.3,-3.23,0.15
489,67,139,491.48,41.44,0.15
490,68,78,299.34,5.99,0.1
491,68,312,221.14,26.32,0.05
492,68,289,285.31,-18.1,0.15
493,68,496,382.6,-7.01,0.2
494,68,67,161.18,7.04,0.05
495,68,310,183.6,27.72,0.05
496,68,301,378.34,6.53,0.15
497,68,15,235.34,-14.16,0.15
498,68,143,337.59,21.52,0.1
499,68,9,202.83,21.34,0.05
500,69,65,355.39,-30.38,0.2
501,69,360,212.65,36.48,0.05
502,69,380,305.82,-21.23,0.2
503,69,135,98.39,1.91,0.05
504,69,3,148.94,23.76,0.05
505,69,53,331.64,9.83,0.15
506,69,332,199.34,34.26,0.05
507,69,46,272.12,16.52,0.1
508,69,121,233.8,37.85,0.05
509,69,408,291.15,-14.28,0.15
510,69,499,353.83,-10.59,0.2
511,69,557,308.84,17.86,0.1
512,69,333,186.23,30.78,0.05
513,70,169,322.21,-18.8,0.2
514,70,346,193.96,20.23,0.05
515,70,257,283.12,19.61,0.1
516,70,511,466.23,21.02,0.15
517,70,217,494.72,72.43,0.1
518,70,146,162.73,13.4,0.05
519,70,364,367.91,23.5,0.1
520,70,511,445.31,46.1,0.1
521,70,264,172.05,23.67,0.05
522,70,208,556.63,15.85,0.2
523,70,83,359.92,15.08,0.1
524,70,95,438.47,9.4,0.15
525,70,470,251.92,9.75,0.1
526,70,511,481.25,-5.63,0.2
527,71,490,360.39,18.99,0.15
528,71,462,392.35,-23.1,0.2
529,71,309,371.74,20.17,0.15
530,71,450,305.47,14.81,0.1
531,71,123,333.91,-0.7,0.15
532,71,231,365.8,28.96,0.1
533,72,454,84.07,-6.49,0.05
534,73,528,406.12,7.13,0.15
535,73,55,250.45,3.3,0.1
536,74,298,209.97,24.68,0.05
537,74,503,280.47,-8.9,0.15
538,74,43,188.53,28.7,0.05
539,74,61,195.1,-1.06,0.1
540,74,384,260.08,42.7,0.05
541,74,119,405.62,27.51,0.1
542,74,380,333.78,-17.03,0.2
543,74,536,374.12,-2.7,0.2
544,74,43,289.74,12.93,0.15
545,74,36,301.79,-8.61,0.2
546,74,138,392.12,10.38,0.15
547,75,409,237.05,-36.55,0.2
548,75,414,110.98,-7.49,0.1
549,75,466,78.48,6.47,0.05
550,75,294,172.32,3.93,0.1
551,75,377,119.82,11.61,0.05
552,75,105,168.96,-1.9,0.1
553,75,317,104.57,13.07,0.05
554,75,104,168.94,9.34,0.1
555,75,545,88.84,2.13,0.05
556,75,494,177.74,9.08,0.1
557,76,182,92.67,3.55,0.05
558,76,24,367.88,-24.69,0.2
559,76,274,188.33,-24.72,0.15
560,76,272,346.81,18.27,0.15
561,76,246,212.92,9.24,0.1
562,76,513,149.1,21.7,0.05
563,76,580,78.43,3.37,0.05
564,76,33,139.9,-8.54,0.1
565,76,319,254.83,0.12,0.15
566,76,105,226.8,-14.41,0.15
567,76,369,239.88,-5.31,0.15
568,76,118,209.03,4.54,0.1
569,76,268,239.56,2.69,0.15
570,77,577,319.69,17.85,0.15
571,77,366,369.59,-17.56,0.2
572,77,284,367.32,-15.8,0.2
573,77,442,243.56,-8.41,0.15
574,77,562,156.12,-17.61,0.15
575,77,492,267.46,29.27,0.1
576,77,279,433.54,-13.93,0.2
577,77,128,126.23,18.2,0.05
578,77,370,256.96,-16.81,0.15
579,77,359,223.79,-11.89,0.15
580,77,305,209.52,-8.5,0.15
581,77,240,99.8,4.23,0.05
582,77,391,129.03,19.81,0.05
583,77,483,254.04,-4.29,0.15
584,78,149,258.66,18.24,0.1
585,78,59,399.03,-4.82,0.2
586,78,412,331.01,-20.97,0.2
587,78,553,346.1,-8.41,0.15
588,78,522,180.36,-3.46,0.1
589,78,543,210.97,-23.24,0.15
590,78,446,386.24,30.78,0.1
591,78,483,311.56,-0.4,0.15
592,78,574,329.01,-3.55,0.2
593,78,122,139.11,10.05,0.05
594,78,130,366.71,20.08,0.15
595,78,180,296.05,3.53,0.15
596,79,214,264.13,7.36,0.1
597,80,448,169.71,0.95,0.1
598,81,355,149.9,20.33,0.05
599,81,343,430.81,7.8,0.15
600,81,320,180.36,22.54,0.05
601,81,170,325.86,2.96,0.15
602,81,274,262.91,-43.18,0.2
603,81,554,144.26,5.26,0.05
604,81,167,317.57,7.76,0.1
605,82,394,153.51,11.49,0.05
606,82,28,341.12,-11.93,0.2
607,82,175,309.05,-12.08,0.2
608,82,329,333.13,32.47,0.1
609,82,434,244.37,-19.72,0.15
610,82,467,473.08,6.5,0.2
611,82,248,229.28,12.65,0.1
612,82,317,163.88,23.6,0.05
613,82,113,395.0,-23.41,0.2
614,83,230,340.17,-18.82,0.2
615,83,279,458.42,-11.29,0.2
616,83,179,142.64,15.05,0.05
617,83,375,288.83,-30.67,0.2
618,83,89,306.37,11.49,0.1
619,83,118,378.33,-2.95,0.15
620,83,158,245.88,-21.25,0.2
621,83,135,210.26,-3.63,0.1
622,83,557,374.01,25.02,0.1
623,83,186,220.92,31.42,0.05
624,83,223,235.06,-5.55,0.1
625,84,216,397.84,1.31,0.2
626,84,546,266.28,-16.38,0.15
627,84,23,171.63,16.96,0.05
628,85,392,239.39,0.35,0.1
629,85,573,324.67,-11.53,0.2
630,85,222,317.12,-11.84,0.15
631,85,234,210.62,-19.18,0.2
632,85,60,249.26,15.65,0.1
633,85,455,258.42,-23.04,0.15
634,86,438,155.57,18.47,0.05
635,86,402,300.31,31.64,0.1
636,86,428,358.27,45.62,0.1
637,86,308,265.7,8.48,0.1
638,86,366,384.57,-17.51,0.2
639,87,277,305.67,-4.45,0.15
640,87,139,526.68,15.26,0.2
641,87,169,342.81,-14.62,0.2
642,87,268,326.46,30.14,0.1
643,87,417,442.63,44.43,0.1
644,87,122,216.61,19.11,0.05
645,87,115,281.96,26.64,0.1
646,87,422,401.86,26.93,0.15
647,87,423,263.71,45.09,0.05
648,88,86,209.59,18.44,0.1
649,88,351,327.12,-7.72,0.15
650,88,72,455.28,-23.99,0.2
651,88,371,314.88,-9.0,0.15
652,88,305,158.29,3.35,0.1
653,88,407,212.96,-1.97,0.15
654,88,351,242.45,5.41,0.1
655,88,225,150.94,15.61,0.05
656,88,504,166.14,-1.07,0.1
657,88,394,189.34,0.98,0.1
658,88,279,272.13,20.56,0.1
659,88,572,172.27,8.34,0.1
660,89,336,120.95,8.62,0.05
661,89,584,276.78,20.42,0.1
662,89,7,149.97,13.15,0.05
663,89,336,281.03,-7.87,0.15
664,90,266,528.74,69.89,0.1
665,90,274,257.44,-9.81,0.1
666,90,6,356.43,52.77,0.05
667,90,336,217.91,20.27,0.05
668,91,503,99.08,5.12,0.05
669,91,142,205.48,6.35,0.1
670,91,516,451.1,21.32,0.15
671,91,16,270.85,20.3,0.1
672,91,150,259.73,23.81,0.1
673,91,113,339.14,-4.12,0.15
674,91,340,265.66,-38.96,0.2
675,92,44,246.91,42.0,0.05
676,92,536,262.59,42.54,0.05
677,92,431,329.49,7.91,0.1
678,92,470,199.81,19.27,0.05
679,92,245,371.88,29.08,0.1
680,92,586,282.06,16.28,0.1
681,93,370,340.37,-10.13,0.15
682,93,253,383.48,-26.31,0.2
683,93,551,422.47,31.69,0.1
684,93,230,368.79,-13.43,0.2
685,94,68,129.81,7.89,0.05
686,94,78,111.24,5.28,0.05
687,94,333,161.0,25.63,0.05
688,95,220,489.33,70.36,0.1
689,95,483,311.85,1.85,0.15
690,95,542,334.29,-23.93,0.2
691,95,428,213.95,38.6,0.05
692,95,110,125.91,2.76,0.05
693,95,315,254.22,-15.23,0.2
694,95,139,403.02,54.98,0.1
695,95,473,268.92,7.84,0.1
696,95,46,314.81,22.28,0.1
697,95,507,313.22,-11.74,0.2
698,96,241,410.58,-18.89,0.2
699,96,40,415.53,-19.35,0.2
700,96,246,387.12,5.15,0.15
701,96,33,130.99,1.64,0.05
702,96,33,254.35,-22.43,0.15
703,96,352,265.9,5.35,0.15
704,96,354,305.09,12.59,0.15
705,96,411,342.59,18.32,0.1
706,96,212,562.79,17.08,0.2
707,96,40,207.57,24.02,0.05
708,96,443,164.13,12.04,0.05
709,96,84,395.16,-26.25,0.2
710,96,154,283.18,-25.99,0.2
711,97,17,298.64,34.1,0.1
712,97,256,363.11,19.93,0.15
713,97,398,429.92,36.17,0.1
714,97,254,375.32,22.94,0.15
715,97,559,357.38,18.84,0.1
716,97,553,174.27,13.65,0.05
717,97,556,310.01,-12.55,0.15
718,98,306,158.65,19.06,0.05
719,98,333,461.22,2.05,0.2
720,98,509,314.26,-1.88,0.15
721,98,139,425.19,58.91,0.1
722,98,433,291.2,-13.46,0.15
723,98,116,239.66,-11.13,0.2
724,98,451,334.03,-21.29,0.2
725,98,104,305.07,6.1,0.15
726,98,204,392.13,40.85,0.1
727,98,470,268.88,-22.93,0.2
728,98,154,273.73,-10.85,0.15
729,98,404,311.69,-8.54,0.2
730,98,306,281.64,20.31,0.1
731,98,93,383.58,45.67,0.1
732,99,21,394.78,4.17,0.15
733,99,193,381.09,18.49,0.15
734,99,269,353.82,4.54,0.15
735,99,170,336.17,-16.49,0.2
736,100,501,259.96,28.65,0.05
737,100,571,571.47,-1.6,0.2
738,100,463,334.23,13.56,0.1
739,101,473,330.51,-26.68,0.2
740,101,395,345.75,-29.62,0.2
741,101,132,268.72,10.0,0.1
742,101,189,352.27,12.44,0.1
743,101,266,526.23,35.4,0.15
744,102,197,278.94,-13.45,0.2
745,102,395,94.97,3.68,0.05
746,102,374,134.14,0.89,0.1
747,102,112,174.45,0.36,0.1
748,102,330,130.57,1.52,0.1
749,102,491,193.14,-0.89,0.15
750,103,290,216.73,0.27,0.1
751,103,59,148.52,21.5,0.05
752,103,414,181.1,-20.97,0.15
753,103,585,440.81,21.37,0.15
754,103,152,103.18,9.77,0.05
755,103,374,178.85,5.87,0.1
756,104,207,159.07,9.28,0.1
757,104,300,295.47,-26.14,0.2
758,105,365,148.0,14.94,0.05
759,105,285,349.02,-18.35,0.2
760,105,369,317.06,-22.48,0.2
761,105,264,205.07,16.03,0.1
762,105,528,240.14,10.27,0.1
763,105,61,191.51,-24.57,0.2
764,105,24,399.49,-23.75,0.2
765,105,53,220.1,16.55,0.1
766,106,442,303.48,-22.97,0.2
767,107,550,487.6,45.81,0.1
768,107,505,304.41,-21.86,0.2
769,107,550,510.92,18.98,0.15
770,107,486,194.12,9.97,0.05
771,107,225,431.76,33.91,0.1
772,107,375,292.59,-13.6,0.15
773,107,391,408.59,3.46,0.2
774,108,363,328.7,-14.65,0.15
775,108,353,332.18,17.35,0.15
776,108,41,212.0,36.12,0.05
777,108,439,158.77,18.11,0.05
778,108,107,210.44,-4.33,0.1
779,108,314,395.13,3.96,0.15
780,108,438,370.24,-12.79,0.2
781,108,52,277.28,1.09,0.15
782,108,228,231.81,-1.32,0.1
783,108,577,411.57,29.82,0.15
784,108,276,289.81,-19.88,0.15
785,108,111,320.74,46.73,0.05
786,108,409,259.46,-2.22,0.1
787,109,101,225.8,-0.83,0.15
788,109,365,128.49,12.48,0.05
789,109,128,278.58,9.35,0.15
790,109,563,230.68,-26.44,0.2
791,109,82,199.31,0.43,0.1
792,109,119,226.69,7.72,0.1
793,109,521,201.61,11.74,0.1
794,109,406,254.48,6.4,0.15
795,109,46,118.29,12.02,0.05
796,109,350,213.75,-21.02,0.15
797,109,202,233.08,17.51,0.1
798,109,79,135.2,13.38,0.05
799,109,209,263.29,9.29,0.15
800,110,314,344.13,20.07,0.1
801,110,90,336.93,16.32,0.1
802,110,561,178.2,-21.2,0.1
803,110,174,158.74,20.61,0.05
804,111,553,352.84,-27.58,0.2
805,111,308,148.57,12.84,0.05
806,111,474,357.0,-22.64,0.2
807,111,580,111.75,6.67,0.05
808,111,408,302.12,-31.53,0.2
809,111,392,121.64,5.19,0.05
810,111,427,458.5,5.51,0.2
811,111,390,250.75,23.71,0.1
812,111,159,330.77,-25.85,0.2
813,111,517,395.42,10.62,0.15
814,111,307,351.23,-0.73,0.15
815,111,559,396.76,-2.18,0.15
816,112,53,87.21,-9.17,0.15
817,112,450,34.47,-0.87,0.05
818,112,461,78.09,-5.48,0.1
819,113,308,68.36,2.99,0.05
820,113,258,61.76,4.35,0.05
821,113,200,151.33,-1.84,0.15
822,113,113,138.03,-1.17,0.1
823,113,452,141.6,3.33,0.1
824,113,565,180.35,-30.55,0.2
825,113,282,128.43,-5.76,0.15
826,113,146,61.94,1.73,0.05
827,113,566,124.52,-18.86,0.15
828,113,388,196.57,-12.42,0.2
829,113,118,78.21,3.21,0.05
830,114,271,335.14,1.99,0.15
831,114,489,188.93,27.19,0.05
832,114,41,349.3,-1.74,0.2
833,114,561,194.18,-22.23,0.1
834,114,175,187.15,24.67,0.05
835,114,59,404.04,21.8,0.15
836,115,215,359.62,21.88,0.15
837,115,101,294.12,-14.91,0.2
838,115,353,116.55,16.3,0.05
839,115,157,242.28,-3.59,0.15
840,115,66,288.4,-37.94,0.2
841,115,373,199.89,11.0,0.1
842,115,323,114.75,4.07,0.05
843,115,158,87.27,5.06,0.05
844,115,270,294.7,-2.73,0.15
845,116,552,201.6,14.14,0.05
846,116,391,374.85,46.85,0.1
847,116,499,351.18,34.4,0.1
848,116,170,207.78,24.12,0.05
849,117,223,275.05,-0.34,0.1
850,117,102,355.06,16.46,0.15
851,118,106,204.72,17.86,0.05
852,118,106,357.57,-25.33,0.2
853,119,518,419.78,-10.87,0.2
854,119,456,300.83,-16.01,0.15
855,119,210,440.76,33.74,0.15
856,120,427,208.54,37.61,0.05
857,120,509,318.94,-21.45,0.2
858,121,512,345.36,24.99,0.1
859,121,84,387.4,-2.51,0.15
860,121,223,268.11,-19.32,0.15
861,121,471,266.09,45.6,0.05
862,121,482,294.93,-0.52,0.15
863,121,575,419.44,58.17,0.1
864,121,251,384.6,-26.1,0.2
865,122,157,281.55,-18.24,0.2
866,122,48,232.65,41.96,0.05
867,122,573,318.37,-11.38,0.2
868,122,479,313.17,-38.44,0.2
869,122,350,285.89,-38.56,0.2
870,122,35,209.65,13.76,0.1
871,122,154,275.92,-27.08,0.2
872,122,101,294.01,3.03,0.15
873,122,187,340.44,29.4,0.1
874,123,29,388.47,25.27,0.15
875,123,118,401.98,-23.82,0.2
876,123,330,267.09,-1.57,0.15
877,123,401,325.16,-6.74,0.2
878,123,278,272.59,-10.16,0.15
879,123,279,472.78,-10.23,0.2
880,123,375,275.68,3.07,0.1
881,123,232,278.92,-5.62,0.15
882,123,572,167.89,20.37,0.05
883,123,71,465.74,8.19,0.15
884,124,500,289.94,23.03,0.1
885,124,522,91.88,2.0,0.05
886,124,306,135.05,14.37,0.05
887,124,89,337.07,-8.45,0.15
888,124,488,484.51,10.32,0.2
889,124,241,398.6,-20.69,0.2
890,125,519,133.91,10.39,0.05
891,125,463,331.49,-29.58,0.2
892,125,386,293.31,-27.25,0.2
893,125,72,467.84,8.06,0.15
894,125,285,356.08,5.67,0.15
895,125,29,379.62,23.5,0.15
896,125,514,343.21,30.77,0.1
897,125,103,348.31,-7.86,0.2
898,125,341,310.92,-33.97,0.2
899,125,452,407.66,-14.33,0.2
900,125,76,165.24,16.29,0.05
901,126,540,431.56,-11.55,0.2
902,126,288,462.59,39.81,0.1
903,126,571,512.04,55.03,0.1
904,126,151,341.18,58.7,0.05
905,126,494,367.78,-8.47,0.2
906,126,235,239.33,-15.1,0.2
907,126,411,427.55,-19.22,0.2
908,126,510,377.06,32.65,0.1
909,126,521,373.23,35.74,0.1
910,126,514,389.88,38.69,0.1
911,127,89,361.69,20.65,0.1
912,127,25,467.21,-13.2,0.2
913,128,122,286.36,-11.06,0.15
914,128,383,130.63,15.37,0.05
915,128,207,203.47,13.6,0.1
916,128,22,331.24,-27.13,0.2
917,128,429,388.43,21.29,0.15
918,128,383,301.95,-14.46,0.2
919,128,110,114.37,2.03,0.05
920,128,141,128.86,9.9,0.05
921,128,268,247.91,20.42,0.1
922,128,526,198.22,25.01,0.05
923,128,197,261.73,22.05,0.1
924,129,187,229.93,32.86,0.05
925,129,404,282.58,26.52,0.1
926,129,548,311.79,12.46,0.1
927,129,259,361.24,14.81,0.15
928,129,401,286.21,27.31,0.1
929,129,117,303.17,-5.06,0.2
930,129,67,298.12,-16.77,0.15
931,129,221,472.61,34.19,0.15
932,130,45,323.63,47.02,0.05
933,130,179,309.99,6.92,0.15
934,130,549,358.54,48.11,0.05
935,130,100,302.24,53.28,0.05
936,130,202,342.95,55.71,0.05
937,130,16,451.72,21.19,0.15
938,130,157,229.9,26.91,0.05
939,130,558,319.62,6.92,0.1
940,130,337,305.81,-8.73,0.15
941,130,294,320.48,21.39,0.1
942,130,95,357.06,49.8,0.05
943,131,199,228.57,18.83,0.1
944,131,282,271.2,-13.05,0.2
945,131,234,207.91,-20.68,0.2
946,131,25,394.7,0.36,0.15
947,131,105,140.22,7.53,0.05
948,131,329,174.23,24.54,0.05
949,131,235,211.95,-21.4,0.2
950,131,183,225.64,-36.86,0.2
951,131,453,97.51,-5.35,0.05
952,131,276,274.76,-25.08,0.15
953,131,571,501.74,-12.06,0.2
954,131,260,229.91,35.24,0.05
955,131,458,159.98,18.56,0.05
956,132,230,87.58,6.98,0.05
957,132,209,92.56,11.97,0.05
958,132,504,72.06,2.7,0.05
959,132,461,187.71,4.81,0.1
960,132,133,137.93,-17.44,0.15
961,132,255,97.28,13.4,0.05
962,132,119,107.37,7.84,0.05
963,132,223,122.28,-7.81,0.1
964,132,190,226.01,36.67,0.05
965,132,439,184.44,-16.39,0.2
966,133,300,322.31,-22.11,0.2
967,134,47,306.02,14.67,0.1
968,134,360,500.32,65.11,0.1
969,134,47,181.19,17.84,0.05
970,134,318,275.07,-2.68,0.15
971,135,2,151.66,25.81,0.05
972,135,340,266.17,-37.79,0.2
973,135,261,294.38,-4.87,0.15
974,135,528,139.78,13.22,0.05
975,135,166,316.56,-11.42,0.15
976,135,209,312.7,14.32,0.15
977,136,397,320.31,8.4,0.1
978,136,534,281.22,55.3,0.05
979,136,59,403.76,21.75,0.15
980,136,196,427.14,52.68,0.1
981,136,465,380.91,22.39,0.15
982,136,202,445.61,-5.24,0.2
983,136,540,371.89,27.62,0.1
984,136,458,372.3,-13.44,0.2
985,137,433,287.87,-31.65,0.2
986,137,383,296.61,-14.16,0.2
987,137,66,112.99,3.67,0.05
988,137,496,362.33,-10.05,0.2
989,137,418,304.74,-2.18,0.15
990,137,309,355.45,-8.27,0.2
991,137,234,138.76,0.89,0.1
992,138,2,417.13,32.18,0.15
993,139,136,266.66,14.95,0.1
994,139,279,452.2,-11.13,0.2
995,139,312,412.77,-20.22,0.2
996,139,187,431.96,14.59,0.15
997,139,86,279.75,27.63,0.1
998,139,55,245.99,-29.44,0.2
999,139,147,430.01,19.28,0.15
1000,139,132,127.75,8.68,0.05
1001,139,408,137.65,7.33,0.05
1002,140,120,352.16,15.51,0.1
1003,140,204,261.6,41.6,0.05
1004,140,37,332.36,-6.13,0.2
1005,140,376,429.31,-16.77,0.2
1006,140,11,337.93,12.5,0.15
1007,140,47,186.9,17.9,0.05
1008,140,143,208.51,23.75,0.05
1009,140,19,463.06,14.17,0.15
1010,140,431,193.48,12.57,0.05
1011,140,445,245.24,-20.03,0.15
1012,140,222,189.98,13.23,0.05
1013,141,201,350.83,21.5,0.15
1014,141,91,291.7,23.88,0.1
1015,141,403,346.97,18.65,0.15
1016,141,50,328.25,-6.98,0.2
1017,141,308,250.95,26.37,0.05
1018,141,511,494.03,26.58,0.15
1019,141,242,471.75,47.02,0.1
1020,142,258,131.41,15.18,0.05
1021,142,402,377.07,-1.8,0.2
1022,142,292,283.26,-9.94,0.2
1023,142,303,288.7,25.48,0.1
1024,142,132,215.37,4.82,0.1
1025,142,503,269.06,-26.32,0.2
1026,142,276,280.55,-40.9,0.2
1027,142,154,275.85,-27.09,0.2
1028,142,18,394.01,2.92,0.2
1029,142,220,253.11,48.07,0.05
1030,142,404,304.83,-8.47,0.2
1031,142,288,196.26,22.47,0.05
1032,142,271,142.51,13.29,0.05
1033,142,79,186.12,21.09,0.05
1034,143,527,524.33,-8.32,0.2
1035,143,40,405.55,-20.84,0.2
1036,143,240,295.08,-31.24,0.2
1037,143,346,351.37,-3.83,0.15
1038,143,527,510.32,22.63,0.15
1039,143,278,261.14,-12.45,0.15
1040,143,231,373.7,-14.99,0.2
1041,143,33,249.1,-22.38,0.15
1042,143,182,130.93,6.63,0.05
1043,143,403,327.1,-6.38,0.2
1044,143,351,312.29,13.03,0.1
1045,143,62,117.2,10.58,0.05
1046,144,139,468.58,66.08,0.1
1047,144,69,489.69,-16.6,0.2
1048,144,44,344.95,0.02,0.2
1049,145,378,355.79,1.46,0.15
1050,146,269,350.66,2.81,0.15
1051,146,230,163.72,17.88,0.05
1052,146,45,403.85,-13.91,0.2
1053,146,569,303.28,-11.21,0.15
1054,146,214,341.24,13.94,0.1
1055,146,38,220.38,28.52,0.05
1056,147,220,456.97,63.52,0.1
1057,147,362,182.56,15.98,0.05
1058,147,146,237.96,6.45,0.1
1059,147,346,283.62,13.76,0.1
1060,147,129,231.02,18.46,0.1
1061,147,10,423.68,24.14,0.15
1062,148,55,240.37,-14.75,0.15
1063,148,10,205.37,34.39,0.05
1064,148,209,356.61,-2.37,0.2
1065,148,547,338.12,-3.96,0.15
1066,148,208,529.21,47.03,0.15
1067,148,247,203.77,27.51,0.05
1068,148,481,130.62,11.1,0.05
1069,148,347,281.44,10.16,0.1
1070,148,506,187.21,28.84,0.05
1071,148,72,462.96,7.08,0.15
1072,148,506,389.44,18.77,0.15
1073,148,161,279.89,-27.44,0.2
1074,149,465,258.16,6.89,0.15
1075,149,302,116.26,11.93,0.05
1076,150,151,182.44,28.43,0.05
1077,150,153,281.89,-8.66,0.15
1078,150,120,288.46,9.45,0.1
1079,150,245,294.05,18.08,0.1
1080,151,281,433.1,29.67,0.15
1081,151,566,269.0,-38.44,0.2
1082,151,342,190.12,18.0,0.05
1083,151,282,277.44,-12.11,0.2
1084,151,137,399.34,39.47,0.1
1085,151,201,172.68,27.57,0.05
1086,152,126,472.09,39.18,0.15
1087,152,278,268.37,-11.0,0.15
1088,153,3,210.35,36.77,0.05
1089,153,462,374.99,-1.64,0.15
1090,153,397,332.05,-11.07,0.15
1091,153,70,348.36,13.29,0.1
1092,153,455,274.15,-37.35,0.2
1093,153,452,231.83,29.47,0.05
1094,153,187,463.23,-8.67,0.2
1095,153,262,243.72,13.57,0.1
1096,153,209,342.59,39.92,0.1
1097,154,308,358.9,-20.81,0.2
1098,154,53,355.64,14.63,0.15
1099,154,49,286.78,49.28,0.05
1100,154,544,417.47,-14.81,0.2
1101,154,580,269.96,-20.72,0.2
1102,154,523,335.59,10.68,0.1
1103,154,159,326.07,13.35,0.1
1104,154,442,326.54,-21.7,0.2
1105,154,469,407.01,5.11,0.15
1106,155,103,310.87,-13.67,0.2
1107,155,40,370.42,-23.39,0.2
1108,155,284,212.2,12.63,0.1
1109,155,189,335.29,-31.96,0.2
1110,156,25,246.75,28.06,0.05
1111,156,101,320.17,-12.09,0.2
1112,156,151,413.78,22.57,0.15
1113,156,486,292.52,-0.98,0.1
1114,156,272,287.85,53.72,0.05
1115,156,11,351.81,-7.09,0.2
1116,156,281,265.52,48.32,0.05
1117,156,456,288.5,-0.9,0.1
1118,156,494,342.99,-12.19,0.2
1119,156,358,536.26,-1.49,0.2
1120,156,522,211.02,-0.56,0.1
1121,157,66,317.56,-31.38,0.2
1122,157,396,418.81,4.0,0.15
1123,157,142,313.08,17.29,0.1
1124,157,479,203.04,10.47,0.05
1125,157,169,333.81,-15.97,0.2
1126,157,146,196.04,17.45,0.05
1127,157,68,390.07,-25.92,0.2
1128,157,65,232.35,21.61,0.05
1129,157,414,199.33,-5.59,0.1
1130,157,54,352.03,36.06,0.1
1131,158,126,433.65,61.4,0.1
1132,159,486,179.43,-31.12,0.2
1133,159,321,140.71,-18.9,0.15
1134,159,384,141.9,7.21,0.1
1135,159,517,243.3,-19.69,0.2
1136,159,326,195.94,-5.11,0.15
1137,159,209,211.48,-11.5,0.2
1138,159,500,231.23,-18.54,0.2
1139,159,276,59.7,-1.77,0.05
1140,159,532,171.89,-21.5,0.2
1141,160,103,233.96,18.99,0.1
1142,160,314,263.45,11.94,0.1
1143,160,399,436.13,-6.77,0.2
1144,160,42,298.77,13.92,0.15
1145,160,80,142.25,9.46,0.05
1146,160,421,117.53,15.05,0.05
1147,160,53,337.61,-10.79,0.2
1148,160,273,126.8,16.47,0.05
1149,160,332,188.73,31.55,0.05
1150,160,85,376.47,-2.46,0.2
1151,160,568,321.8,-33.22,0.2
1152,160,189,252.34,5.51,0.1
1153,160,78,121.82,5.83,0.05
1154,161,204,224.93,34.66,0.05
1155,161,492,461.11,4.71,0.2
1156,161,68,361.83,-6.83,0.15
1157,161,511,421.2,43.68,0.1
1158,161,517,206.61,27.99,0.05
1159,161,520,216.92,2.83,0.1
1160,162,479,320.89,-35.1,0.2
1161,162,218,454.34,7.12,0.2
1162,162,213,193.95,16.41,0.05
1163,162,431,165.66,9.79,0.05
1164,162,51,539.78,11.5,0.2
1165,162,558,158.85,7.94,0.05
1166,162,115,278.9,10.09,0.15
1167,162,479,320.89,-37.29,0.2
1168,162,44,293.16,32.87,0.1
1169,162,377,391.61,-16.46,0.2
1170,163,306,270.34,-0.06,0.15
1171,163,341,191.68,-2.05,0.1
1172,163,494,116.3,11.99,0.05
1173,164,274,257.86,-25.18,0.15
1174,164,382,299.03,-12.89,0.2
1175,164,469,380.31,24.44,0.1
1176,164,495,320.35,-15.73,0.2
1177,164,19,459.15,12.29,0.15
1178,164,279,434.88,41.59,0.1
1179,164,427,476.99,6.09,0.2
1180,164,298,174.23,18.07,0.05
1181,164,370,180.24,9.09,0.05
1182,165,159,322.08,14.54,0.1
1183,165,368,382.84,10.15,0.15
1184,165,313,181.78,12.41,0.05
1185,165,550,482.47,43.43,0.1
1186,165,567,254.22,-39.48,0.2
1187,165,2,429.04,5.08,0.2
1188,165,230,325.42,21.1,0.1
1189,165,431,332.91,-11.48,0.15
1190,166,488,469.72,69.07,0.1
1191,166,370,332.95,-32.87,0.2
1192,166,563,255.06,-7.79,0.15
1193,166,447,308.8,17.03,0.1
1194,166,247,237.33,33.31,0.05
1195,166,168,258.93,-40.57,0.2
1196,166,521,365.6,10.32,0.15
1197,166,338,339.85,-25.51,0.2
1198,166,474,369.97,-20.69,0.2
1199,166,80,378.35,-30.54,0.2
1200,166,219,455.67,31.7,0.15
1201,166,511,256.17,39.15,0.05
1202,166,285,197.28,24.9,0.05
1203,166,212,302.13,60.83,0.05
1204,167,481,266.95,-7.57,0.15
1205,167,548,139.13,11.21,0.05
1206,167,74,319.58,-22.45,0.2
1207,167,548,325.25,-6.22,0.15
1208,167,439,179.81,8.69,0.1
1209,167,43,268.79,8.74,0.15
1210,168,198,312.08,-5.73,0.2
1211,168,451,315.63,-3.57,0.15
1212,168,159,326.79,-27.55,0.2
1213,168,238,264.75,-27.91,0.2
1214,168,465,368.46,-3.88,0.2
1215,168,170,134.07,13.89,0.05
1216,168,462,267.56,9.61,0.1
1217,168,234,204.65,-20.07,0.2
1218,168,290,236.74,0.61,0.1
1219,169,141,213.57,-24.54,0.2
1220,169,221,338.99,-7.56,0.2
1221,169,553,88.58,4.61,0.05
1222,169,401,221.05,-12.47,0.2
1223,169,219,114.01,16.5,0.05
1224,169,520,105.18,-3.71,0.1
1225,169,203,196.0,-5.51,0.15
1226,169,179,72.27,4.96,0.05
1227,169,525,165.73,-19.21,0.15
1228,169,7,257.76,-27.36,0.2
1229,169,414,144.6,-27.64,0.2
1230,169,150,287.07,-11.67,0.2
1231,169,48,314.15,13.71,0.15
1232,170,336,189.47,3.09,0.1
1233,171,523,328.59,8.93,0.1
1234,171,54,360.04,14.92,0.15
1235,171,228,245.18,-29.26,0.2
1236,171,535,406.87,29.86,0.15
1237,171,426,364.55,-4.58,0.2
1238,172,75,405.66,13.27,0.15
1239,172,425,396.64,2.14,0.2
1240,172,487,423.48,59.69,0.1
1241,172,303,428.61,-1.41,0.2
1242,172,215,456.96,37.84,0.15
1243,172,282,233.29,31.46,0.05
1244,172,329,417.86,22.33,0.15
1245,172,126,538.97,18.83,0.2
1246,172,283,339.96,-15.11,0.2
1247,172,161,302.22,-3.9,0.15
1248,172,431,373.14,-26.78,0.2
1249,172,25,349.1,44.47,0.05
1250,172,258,261.07,36.08,0.05
1251,172,493,489.68,70.19,0.1
1252,173,250,167.45,6.5,0.05
1253,173,391,387.55,25.17,0.15
1254,173,415,362.6,-2.08,0.2
1255,173,311,256.81,-18.08,0.15
1256,173,496,388.99,-6.05,0.2
1257,173,225,445.12,8.7,0.15
1258,173,475,187.47,16.33,0.05
1259,174,324,552.16,4.28,0.2
1260,174,538,312.91,6.0,0.15
1261,174,38,470.42,16.35,0.15
1262,174,318,190.63,18.96,0.05
1263,174,71,321.36,41.15,0.05
1264,174,117,293.97,31.44,0.1
1265,174,275,205.78,8.45,0.05
1266,174,275,205.78,8.45,0.05
1267,175,510,312.77,-19.81,0.2
1268,175,68,254.85,-12.03,0.15
1269,175,51,369.08,21.1,0.15
1270,175,456,153.4,-5.89,0.1
1271,175,163,89.49,5.24,0.05
1272,175,105,91.47,3.4,0.05
1273,175,272,400.77,-2.15,0.2
1274,175,533,156.91,3.63,0.1
1275,175,137,366.02,-15.11,0.2
1276,175,153,150.08,-1.03,0.1
1277,176,499,350.3,34.18,0.1
1278,176,544,381.08,26.82,0.1
1279,176,43,173.71,25.28,0.05
1280,176,34,366.12,-26.05,0.2
1281,176,279,477.95,-9.46,0.2
1282,176,188,358.74,-29.74,0.2
1283,176,123,346.54,-20.18,0.2
1284,176,370,200.13,11.61,0.05
1285,176,369,203.23,22.67,0.05
1286,176,19,446.42,40.8,0.1
1287,177,81,397.45,27.73,0.1
1288,177,141,139.87,10.66,0.05
1289,178,170,327.95,-17.72,0.2
1290,179,279,193.14,10.4,0.1
1291,179,23,224.55,-9.21,0.15
1292,179,572,70.12,5.42,0.05
1293,179,572,164.09,-4.81,0.15
1294,179,527,302.17,2.52,0.15
1295,179,265,333.13,-12.56,0.2
1296,179,543,52.9,-2.36,0.05
1297,179,376,285.44,-25.26,0.2
1298,179,137,184.75,10.51,0.1
1299,179,310,146.37,8.69,0.1
1300,179,69,198.47,6.49,0.1
1301,179,570,260.77,-25.99,0.2
1302,179,221,331.79,-7.21,0.2
1303,179,498,198.42,-1.95,0.15
1304,180,310,192.51,29.37,0.05
1305,180,430,289.3,-19.57,0.15
1306,180,215,405.0,53.72,0.1
1307,180,74,336.51,-19.91,0.2
1308,180,137,416.25,42.09,0.1
1309,180,385,263.68,38.34,0.05
1310,180,552,307.0,7.38,0.1
1311,180,406,192.55,28.58,0.05
1312,181,269,346.1,1.9,0.15
1313,181,374,213.11,8.01,0.1
1314,181,552,250.37,3.27,0.1
1315,181,80,365.29,-31.41,0.2
1316,181,220,582.74,14.1,0.2
1317,181,179,226.83,11.97,0.1
1318,181,179,128.24,13.0,0.05
1319,181,576,148.4,23.08,0.05
1320,182,277,239.06,-11.78,0.15
1321,182,373,109.48,11.02,0.05
1322,182,265,393.43,17.13,0.15
1323,182,197,119.69,14.15,0.05
1324,182,478,197.45,-23.05,0.2
1325,182,468,296.16,-9.7,0.15
1326,182,416,272.16,-11.99,0.2
1327,182,503,165.0,-0.87,0.1
1328,182,266,433.98,22.17,0.15
1329,182,312,397.23,-23.65,0.2
1330,182,252,253.1,-18.12,0.15
1331,182,474,344.96,-24.44,0.2
1332,182,110,256.63,-37.09,0.2
1333,182,65,125.07,8.53,0.05
1334,183,29,374.44,45.58,0.1
1335,183,373,321.89,6.92,0.15
1336,183,344,383.53,-0.25,0.15
1337,183,264,313.58,31.23,0.1
1338,183,420,199.26,29.06,0.05
1339,183,589,336.93,29.25,0.1
1340,183,116,240.57,3.32,0.15
1341,183,494,317.34,26.11,0.1
1342,183,411,399.83,-21.19,0.2
1343,183,134,266.84,-27.93,0.2
1344,183,510,359.99,28.38,0.1
1345,183,37,195.76,29.03,0.05
1346,183,375,175.58,9.49,0.05
1347,184,534,479.81,41.01,0.15
1348,184,291,323.98,35.53,0.1
1349,184,130,371.95,45.09,0.1
1350,184,93,302.59,54.21,0.05
1351,184,251,369.32,19.19,0.1
1352,184,168,271.53,-38.68,0.2
1353,184,304,349.72,32.11,0.1
1354,184,551,418.03,30.58,0.1
1355,184,306,332.18,8.62,0.15
1356,184,262,175.7,20.8,0.05
1357,185,154,102.59,5.31,0.05
1358,185,182,110.27,4.74,0.05
1359,185,20,135.14,10.82,0.05
1360,185,239,252.83,-34.42,0.2
1361,185,293,122.58,11.71,0.05
1362,185,267,199.86,13.27,0.1
1363,185,291,212.42,18.52,0.1
1364,185,292,250.47,3.48,0.15
1365,185,57,271.39,-4.08,0.15
1366,185,392,178.76,-2.56,0.1
1367,185,350,106.3,1.21,0.05
1368,185,468,349.79,-29.66,0.2
1369,185,426,129.99,18.86,0.05
1370,185,268,317.45,-11.01,0.2
1371,186,379,345.75,2.7,0.15
1372,186,495,299.23,-17.8,0.2
1373,186,118,244.72,6.09,0.1
1374,186,260,183.79,26.51,0.05
1375,186,412,119.16,11.15,0.05
1376,186,403,318.27,-7.7,0.2
1377,186,233,201.29,-21.67,0.2
1378,186,334,335.19,40.53,0.1
1379,186,481,100.63,7.43,0.05
1380,187,117,310.4,-3.97,0.2
1381,187,259,214.79,32.57,0.05
1382,187,579,184.6,21.08,0.05
1383,187,158,234.83,7.51,0.1
1384,187,65,364.98,-4.44,0.15
1385,187,258,178.89,22.67,0.05
1386,187,434,146.57,3.48,0.05
1387,187,46,393.69,-16.31,0.2
1388,187,490,342.63,37.63,0.1
1389,187,554,269.52,-1.92,0.1
1390,188,74,313.89,-25.5,0.2
1391,188,480,196.9,-4.97,0.1
1392,188,471,175.77,26.96,0.05
1393,188,35,264.61,-13.77,0.2
1394,188,246,141.32,15.49,0.05
1395,188,375,244.19,-17.51,0.15
1396,188,66,189.26,-3.57,0.1
1397,188,419,286.84,23.68,0.1
1398,188,331,376.58,19.29,0.15
1399,188,235,205.12,-20.23,0.2
1400,188,542,321.35,-25.87,0.2
1401,188,562,124.38,-7.23,0.1
1402,188,513,411.87,19.51,0.15
1403,188,398,476.44,-18.95,0.2
1404,189,236,211.43,2.31,0.1
1405,189,507,232.57,16.65,0.1
1406,189,569,305.41,-32.66,0.2
1407,189,191,297.15,-13.84,0.2
1408,189,450,302.32,-5.57,0.15
1409,189,383,227.6,15.36,0.1
1410,189,100,368.76,-3.34,0.2
1411,189,446,447.91,12.07,0.15
1412,189,493,357.13,45.78,0.1
1413,189,340,115.97,1.47,0.05
1414,189,579,309.94,-20.37,0.2
1415,189,354,297.42,11.05,0.15
1416,189,24,308.42,17.48,0.1
1417,190,131,202.28,25.22,0.05
1418,190,502,282.81,-24.32,0.2
1419,190,120,206.89,18.54,0.05
1420,190,231,213.7,28.17,0.05
1421,191,164,57.84,2.28,0.05
1422,191,343,131.18,0.27,0.1
1423,191,516,90.36,9.65,0.05
1424,191,112,142.44,-13.5,0.15
1425,191,406,103.44,3.39,0.1
1426,191,422,115.44,5.46,0.1
1427,191,419,78.66,7.02,0.05
1428,191,464,108.0,-16.59,0.2
1429,191,33,44.78,-2.29,0.05
1430,192,314,275.19,11.42,0.1
1431,192,467,333.93,41.31,0.1
1432,192,584,363.34,7.72,0.15
1433,192,36,269.11,1.77,0.15
1434,192,378,353.05,-20.77,0.2
1435,192,435,227.56,20.54,0.1
1436,192,191,121.6,13.77,0.05
1437,193,199,105.24,13.44,0.05
1438,193,154,102.52,5.3,0.05
1439,193,84,251.73,7.6,0.1
1440,193,104,201.05,13.1,0.1
1441,193,504,242.16,-10.66,0.15
1442,193,536,305.36,11.23,0.15
1443,193,250,105.39,2.01,0.05
1444,193,505,185.52,2.47,0.1
1445,193,263,391.2,-3.42,0.2
1446,193,351,148.64,12.29,0.05
1447,193,255,361.62,-2.83,0.2
1448,193,420,313.71,-8.46,0.2
1449,194,560,315.24,-36.56,0.2
1450,194,145,150.14,18.17,0.05
1451,194,168,240.77,-43.3,0.2
1452,194,123,263.48,-8.72,0.15
1453,194,444,272.68,-9.98,0.15
1454,194,526,275.34,19.01,0.1
1455,194,0,203.83,1.18,0.15
1456,194,584,128.63,14.82,0.05
1457,194,269,286.85,-2.23,0.15
1458,194,569,296.29,-31.83,0.2
1459,194,70,289.8,-12.51,0.15
1460,194,564,378.46,-13.63,0.2
1461,194,169,251.93,-4.04,0.15
1462,195,287,189.78,30.17,0.05
1463,195,509,131.43,11.69,0.05
1464,195,494,236.91,15.83,0.1
1465,195,394,310.04,-27.83,0.2
1466,195,380,127.95,11.54,0.05
1467,195,347,245.84,6.35,0.1
1468,195,55,178.86,-2.9,0.1
1469,195,281,179.97,29.9,0.05
1470,196,305,255.95,-4.22,0.15
1471,197,380,258.67,12.36,0.1
1472,197,47,149.15,13.04,0.05
1473,197,66,140.17,5.89,0.05
1474,197,230,279.47,16.65,0.1
1475,197,58,339.95,-14.96,0.2
1476,197,582,396.56,-11.75,0.2
1477,197,500,322.95,27.26,0.1
1478,197,504,129.76,8.63,0.05
1479,198,60,273.61,17.22,0.1
1480,198,208,290.59,58.02,0.05
1481,198,559,390.97,22.2,0.1
1482,199,286,385.54,-6.45,0.2
1483,200,193,376.74,41.95,0.1
1484,200,44,210.91,34.19,0.05
1485,200,295,215.65,24.69,0.05
1486,200,312,404.48,29.68,0.1
1487,200,413,369.36,31.96,0.1
1488,200,64,286.58,-16.61,0.15
1489,200,192,359.96,15.72,0.15
1490,201,233,199.46,-21.94,0.2
1491,201,437,218.27,13.72,0.1
1492,202,198,222.57,-10.59,0.2
1493,202,339,176.64,-15.95,0.15
1494,203,159,325.41,-26.66,0.2
1495,203,521,358.46,-15.35,0.2
1496,203,430,282.47,-38.09,0.2
1497,203,441,317.21,-1.35,0.15
1498,203,195,361.89,14.91,0.15
1499,203,464,216.88,-17.86,0.2
1500,203,223,253.44,-21.5,0.15
1501,203,18,157.14,26.83,0.05
1502,204,82,145.1,8.99,0.05
1503,205,229,247.18,12.53,0.1
1504,205,237,242.53,9.39,0.1
1505,205,369,324.68,-21.34,0.2
1506,205,11,331.23,-10.18,0.2
1507,205,122,294.03,-26.27,0.2
1508,205,454,206.48,-44.39,0.2
1509,205,222,138.17,7.89,0.05
1510,205,67,227.69,-3.71,0.1
1511,205,24,409.09,-22.31,0.2
1512,206,51,333.95,66.05,0.05
1513,206,423,227.34,37.91,0.05
1514,206,65,382.57,-25.21,0.2
1515,206,246,415.13,-13.41,0.2
1516,207,102,264.01,38.91,0.05
1517,207,169,335.97,4.54,0.15
1518,207,462,300.37,32.87,0.05
1519,207,260,568.22,2.92,0.2
1520,207,186,453.88,47.91,0.1
1521,207,122,239.61,21.0,0.05
1522,208,281,367.65,20.83,0.15
1523,208,515,343.37,4.92,0.15
1524,208,215,354.18,21.24,0.15
1525,208,213,371.26,-32.2,0.2
1526,208,567,85.94,-2.32,0.05
1527,208,406,330.85,-8.71,0.2
1528,208,23,244.18,9.46,0.1
1529,208,539,222.55,-7.61,0.15
1530,208,6,169.64,21.05,0.05
1531,208,44,116.07,17.16,0.05
1532,208,65,303.74,-9.79,0.15
1533,208,233,200.75,-20.66,0.2
1534,208,438,292.97,1.61,0.15
1535,208,477,185.99,11.19,0.1
1536,209,227,346.87,1.06,0.15
1537,209,275,285.61,-3.86,0.1
1538,209,532,278.93,13.72,0.1
1539,209,317,339.44,12.38,0.15
1540,209,332,285.38,51.83,0.05
1541,209,292,276.12,24.75,0.1
1542,209,114,314.02,-4.74,0.2
1543,210,242,443.36,38.65,0.1
1544,210,234,206.77,-6.44,0.15
1545,210,488,259.05,49.66,0.05
1546,210,190,888.4,19.61,0.2
1547,210,65,358.81,-5.67,0.15
1548,210,42,304.05,33.2,0.1
1549,210,255,350.74,40.74,0.1
1550,210,121,536.84,65.31,0.1
1551,210,263,413.64,1.04,0.2
1552,210,565,312.68,-13.61,0.15
1553,210,352,253.16,20.94,0.1
1554,211,251,364.37,15.76,0.1
1555,211,72,300.05,37.26,0.05
1556,211,232,292.95,-21.4,0.2
1557,211,182,291.97,6.66,0.1
1558,211,361,377.22,-7.78,0.2
1559,211,537,499.61,11.3,0.2
1560,212,475,297.31,9.89,0.1
1561,212,410,331.97,-30.44,0.2
1562,212,497,211.08,32.99,0.05
1563,212,496,369.26,14.77,0.15
1564,212,190,886.56,18.24,0.2
1565,212,34,354.65,-27.78,0.2
1566,212,184,286.88,25.64,0.1
1567,212,211,546.97,15.74,0.2
1568,212,366,201.54,25.92,0.05
1569,213,375,238.3,-15.55,0.15
1570,213,582,139.01,17.03,0.05
1571,213,452,386.26,-17.54,0.2
1572,213,585,414.19,17.62,0.15
1573,214,314,375.5,24.32,0.1
1574,214,143,374.05,-17.07,0.2
1575,215,499,158.86,21.04,0.05
1576,215,518,312.79,24.44,0.1
1577,215,543,215.08,-35.17,0.2
1578,215,288,200.47,23.12,0.05
1579,215,347,327.68,-5.31,0.15
1580,216,386,311.4,-23.44,0.2
1581,216,192,347.02,35.49,0.1
1582,216,59,412.75,23.54,0.15
1583,216,243,412.78,11.94,0.15
1584,216,150,279.24,47.16,0.05
1585,217,549,386.96,51.76,0.05
1586,217,19,470.61,46.85,0.1
1587,217,252,269.58,17.62,0.05
1588,218,236,258.15,6.45,0.1
1589,218,499,366.73,-8.66,0.2
1590,218,34,316.04,10.56,0.1
1591,218,444,309.57,12.58,0.1
1592,218,92,399.81,47.41,0.1
1593,218,347,345.07,-23.92,0.2
1594,218,448,275.89,-8.84,0.15
1595,218,527,270.63,41.22,0.05
1596,218,493,473.01,35.54,0.15
1597,218,549,227.01,27.14,0.05
1598,218,297,388.93,-12.48,0.2
1599,218,254,348.16,40.85,0.1
1600,219,555,107.76,7.13,0.05
1601,219,412,168.55,3.8,0.1
1602,219,446,237.93,14.05,0.1
1603,219,445,124.14,-8.66,0.1
1604,219,223,78.5,-0.35,0.05
1605,219,295,97.9,7.64,0.05
1606,219,359,82.18,2.68,0.05
1607,219,229,95.53,7.8,0.05
1608,220,27,359.09,14.83,0.15
1609,220,459,371.6,9.35,0.15
1610,220,420,181.09,26.52,0.05
1611,220,342,205.06,18.64,0.05
1612,221,540,295.07,38.41,0.05
1613,222,128,388.9,24.52,0.15
1614,222,69,315.6,41.79,0.05
1615,222,154,188.72,13.54,0.05
1616,222,3,358.75,45.59,0.1
1617,222,137,293.77,45.81,0.05
1618,222,367,232.7,27.79,0.05
1619,223,491,215.9,-15.98,0.2
1620,223,294,82.36,5.68,0.05
1621,223,32,65.58,5.26,0.05
1622,223,93,322.68,-8.67,0.2
1623,223,288,336.74,-25.18,0.2
1624,223,210,322.89,-4.73,0.2
1625,223,123,149.25,1.26,0.1
1626,223,495,80.62,6.94,0.05
1627,223,320,90.75,8.5,0.05
1628,223,289,130.38,-7.0,0.1
1629,223,262,154.27,-6.47,0.15
1630,223,330,68.92,4.15,0.05
1631,224,209,372.09,-2.24,0.2
1632,224,370,338.46,-32.04,0.2
1633,224,436,327.62,37.67,0.1
1634,225,205,298.95,18.03,0.1
1635,225,390,192.72,29.2,0.05
1636,225,235,222.72,-18.69,0.2
1637,225,53,362.96,-6.99,0.2
1638,225,389,220.49,37.58,0.05
1639,225,334,511.2,71.59,0.1
1640,225,501,303.68,-0.26,0.15
1641,226,460,450.6,50.47,0.1
1642,226,455,258.53,-6.33,0.1
1643,226,417,457.5,21.12,0.15
1644,226,539,260.07,13.76,0.1
1645,226,370,213.28,13.65,0.05
1646,226,135,236.08,-2.44,0.1
1647,226,492,484.85,9.36,0.2
1648,226,310,337.04,35.94,0.1
1649,226,170,323.36,23.32,0.1
1650,226,255,246.42,43.19,0.05
1651,226,159,342.56,-3.31,0.15
1652,226,3,357.38,45.25,0.1
1653,227,98,205.35,-3.46,0.15
1654,227,200,280.62,9.62,0.15
1655,227,94,156.7,23.4,0.05
1656,227,281,423.91,0.39,0.2
1657,227,167,223.95,1.43,0.1
1658,227,3,134.16,21.28,0.05
1659,227,11,324.29,-11.22,0.2
1660,227,236,248.38,-11.72,0.15
1661,227,88,186.56,5.69,0.1
1662,227,372,271.74,0.51,0.15
1663,227,563,224.05,-12.37,0.15
1664,227,450,275.41,-6.95,0.15
1665,228,392,264.48,-16.35,0.15
1666,228,55,102.05,2.2,0.05
1667,228,138,277.52,19.78,0.1
1668,228,472,80.62,0.41,0.05
1669,228,507,227.94,16.1,0.1
1670,228,241,295.06,17.36,0.1
1671,229,119,136.36,11.73,0.05
1672,229,589,114.67,12.43,0.05
1673,229,235,202.62,-22.74,0.2
1674,230,328,310.75,-2.33,0.15
1675,230,143,146.7,15.28,0.05
1676,230,307,357.43,-22.54,0.2
1677,230,60,209.55,11.43,0.1
1678,230,397,136.44,7.3,0.05
1679,230,452,384.9,5.03,0.15
1680,230,13,337.62,-0.82,0.15
1681,230,210,180.15,31.5,0.05
1682,231,321,105.12,1.12,0.05
1683,231,505,105.06,6.59,0.05
1684,231,254,333.49,17.43,0.15
1685,231,552,206.35,0.53,0.1
1686,231,550,321.81,22.41,0.1
1687,231,373,116.15,12.45,0.05
1688,231,13,307.01,-0.67,0.15
1689,232,169,246.49,12.5,0.1
1690,233,369,334.87,-18.72,0.2
1691,233,261,341.3,-21.18,0.2
1692,233,260,503.32,25.6,0.15
1693,233,410,298.72,7.95,0.1
1694,233,129,293.0,8.75,0.15
1695,233,114,297.65,11.98,0.15
1696,233,25,415.01,-21.03,0.2
1697,233,27,329.82,32.01,0.1
1698,233,116,122.36,13.13,0.05
1699,233,196,448.9,0.68,0.2
1700,233,283,296.65,-4.69,0.15
1701,233,414,105.43,0.7,0.05
1702,233,588,289.69,0.31,0.15
1703,233,438,180.41,21.17,0.05
1704,234,504,190.73,1.1,0.1
1705,234,55,240.68,-31.34,0.2
1706,234,516,203.54,31.57,0.05
1707,234,29,265.6,28.81,0.1
1708,234,231,351.13,4.55,0.15
1709,234,212,516.11,44.55,0.15
1710,234,118,376.18,-27.69,0.2
1711,235,158,251.9,-4.28,0.15
1712,235,150,419.47,24.94,0.15
1713,235,511,505.33,-3.12,0.2
1714,235,401,307.55,30.26,0.1
1715,235,523,368.89,-27.66,0.2
1716,236,331,460.15,32.04,0.15
1717,236,7,260.54,27.23,0.05
1718,236,186,445.61,45.85,0.1
1719,236,382,314.49,-10.57,0.2
1720,236,425,365.74,22.98,0.15
1721,237,248,275.89,5.34,0.15
1722,237,425,243.68,41.82,0.05
1723,237,502,294.59,-22.55,0.2
1724,237,196,475.49,4.67,0.2
1725,237,170,229.43,28.18,0.05
1726,238,185,85.99,10.07,0.05
1727,238,588,163.95,-7.19,0.15
1728,238,169,75.2,4.53,0.05
1729,238,171,86.03,7.72,0.05
1730,238,62,181.96,-18.63,0.2
1731,238,227,233.62,-22.9,0.2
1732,239,207,262.75,-12.62,0.2
1733,239,175,298.9,-15.8,0.2
1734,239,190,847.39,11.27,0.2
1735,239,438,325.81,2.79,0.15
1736,239,336,273.73,-8.28,0.15
1737,239,418,233.76,10.72,0.1
1738,239,387,425.94,-14.67,0.2
1739,239,364,267.63,13.05,0.1
1740,239,98,228.92,-16.38,0.2
1741,239,12,171.0,5.48,0.1
1742,240,398,163.89,19.09,0.05
1743,240,171,119.36,12.88,0.05
1744,240,155,331.0,-14.38,0.2
1745,240,254,222.87,22.19,0.1
1746,240,420,188.83,13.16,0.1
1747,240,111,166.79,20.55,0.05
1748,240,497,318.01,10.24,0.15
1749,240,8,345.54,1.4,0.15
1750,240,196,146.13,22.19,0.05
1751,240,299,278.69,-3.61,0.15
1752,240,81,281.51,13.96,0.1
1753,240,301,299.15,-0.63,0.15
1754,240,438,274.19,0.35,0.15
1755,241,57,225.4,26.91,0.05
1756,241,422,278.89,48.52,0.05
1757,241,542,348.85,0.45,0.15
1758,241,418,337.11,21.07,0.1
1759,241,27,357.17,37.42,0.1
1760,241,148,222.2,25.13,0.05
1761,241,527,576.25,-0.53,0.2
1762,241,196,480.03,4.26,0.2
1763,241,171,376.68,9.65,0.15
1764,241,250,299.99,-14.73,0.15
1765,241,158,241.98,9.3,0.1
1766,241,456,296.07,2.09,0.1
1767,241,70,394.21,-24.98,0.2
1768,241,67,219.33,12.09,0.05
1769,242,557,435.12,-20.18,0.2
1770,242,105,157.59,9.21,0.05
1771,242,202,382.35,38.04,0.1
1772,242,469,201.21,21.77,0.05
1773,242,290,167.42,10.62,0.05
1774,242,542,328.32,-3.66,0.15
1775,242,217,514.16,45.02,0.15
1776,242,74,320.7,-1.61,0.15
1777,243,126,489.85,42.73,0.15
1778,243,26,409.43,-20.5,0.2
1779,243,43,300.05,-5.1,0.2
1780,244,284,215.21,11.65,0.1
1781,245,150,88.58,0.32,0.1
1782,245,575,154.29,-15.24,0.2
1783,246,465,199.41,32.6,0.05
1784,246,74,333.27,-20.4,0.2
1785,246,479,167.94,8.08,0.05
1786,246,417,441.41,17.91,0.15
1787,246,449,301.8,-22.49,0.2
1788,246,567,129.06,-1.06,0.05
1789,247,501,250.03,11.44,0.1
1790,247,153,136.84,9.75,0.05
1791,247,500,182.77,24.42,0.05
1792,247,405,255.76,-13.82,0.2
1793,247,240,290.03,-12.16,0.15
1794,247,337,134.39,6.47,0.05
1795,247,212,260.29,51.73,0.05
1796,247,422,373.97,21.36,0.15
1797,247,441,280.56,15.52,0.1
1798,247,242,460.57,14.47,0.15
1799,247,349,323.48,-14.47,0.15
1800,248,390,304.43,-8.3,0.2
1801,248,228,136.86,-5.43,0.1
1802,248,47,301.26,-25.32,0.2
1803,248,359,218.94,-11.97,0.15
1804,248,426,115.97,16.23,0.05
1805,248,163,99.81,6.41,0.05
1806,248,493,157.43,26.67,0.05
1807,249,137,168.41,23.0,0.05
1808,250,311,65.49,-0.89,0.05
1809,250,444,87.43,4.75,0.05
1810,250,270,88.87,6.71,0.05
1811,251,574,326.52,17.08,0.15
1812,251,345,202.45,20.24,0.05
1813,251,147,455.45,-3.63,0.2
1814,251,166,369.83,-31.21,0.2
1815,251,525,291.57,-35.89,0.2
1816,251,179,297.73,-14.55,0.2
1817,251,379,414.29,-14.05,0.2
1818,251,371,209.86,18.89,0.05
1819,251,219,246.75,44.04,0.05
1820,251,331,438.34,25.48,0.15
1821,252,128,370.24,-3.08,0.2
1822,252,533,222.74,9.61,0.1
1823,252,1,371.95,-0.56,0.2
1824,252,580,185.5,2.54,0.1
1825,252,282,267.7,-13.58,0.2
1826,252,86,343.66,-5.27,0.2
1827,252,38,331.46,24.26,0.1
1828,252,38,434.29,8.03,0.15
1829,252,52,266.79,-17.12,0.2
1830,253,533,287.27,-2.84,0.15
1831,254,424,364.49,22.66,0.15
1832,254,424,378.76,-0.63,0.2
1833,254,121,392.5,70.21,0.05
1834,254,464,152.3,13.89,0.05
1835,254,275,306.62,-17.06,0.15
1836,254,230,230.88,27.92,0.05
1837,254,116,254.9,-8.84,0.2
1838,254,140,321.39,14.81,0.15
1839,254,199,282.15,27.97,0.1
1840,254,23,422.91,-19.03,0.2
1841,255,98,184.05,8.14,0.1
1842,256,385,416.92,-14.42,0.2
1843,256,405,225.78,-15.82,0.2
1844,256,555,327.19,-30.0,0.2
1845,256,230,103.77,9.25,0.05
1846,256,282,83.9,8.12,0.05
1847,256,501,92.56,6.89,0.05
1848,256,492,140.05,22.63,0.05
1849,256,572,208.9,-2.27,0.15
1850,256,581,128.07,16.39,0.05
1851,256,254,206.76,18.42,0.1
1852,256,103,105.82,12.88,0.05
1853,256,241,357.83,-23.0,0.2
1854,256,73,114.74,6.65,0.05
1855,256,309,266.37,7.62,0.15
1856,257,571,160.01,20.02,0.05
1857,257,243,221.89,12.27,0.1
1858,257,165,316.05,-33.81,0.2
1859,257,68,116.79,6.88,0.05
1860,257,230,187.56,7.23,0.1
1861,257,430,217.14,-20.24,0.15
1862,257,279,340.6,6.13,0.15
1863,257,324,285.08,26.73,0.1
1864,257,92,244.94,24.0,0.1
1865,257,569,98.42,3.92,0.05
1866,257,30,306.94,15.09,0.15
1867,257,361,267.71,2.98,0.15
1868,257,224,328.66,-30.27,0.2
1869,258,537,319.42,38.07,0.1
1870,258,550,485.57,-17.48,0.2
1871,258,460,447.18,-8.2,0.2
1872,258,513,326.07,33.75,0.1
1873,258,374,104.59,8.8,0.05
1874,258,563,173.18,0.37,0.1
1875,258,232,106.32,6.38,0.05
1876,258,126,463.15,7.45,0.2
1877,258,524,204.9,-44.72,0.2
1878,258,128,366.22,-4.78,0.2
1879,259,370,312.07,4.43,0.1
1880,259,446,485.81,-13.47,0.2
1881,259,504,161.61,12.1,0.05
1882,259,557,249.96,30.2,0.05
1883,259,571,293.82,43.12,0.05
1884,259,152,278.56,0.06,0.15
1885,259,432,285.08,-2.22,0.1
1886,259,290,343.9,-30.1,0.2
1887,259,264,311.46,30.7,0.1
1888,259,444,342.76,-3.58,0.15
1889,260,209,362.01,-3.75,0.2
1890,260,131,363.02,-15.13,0.2
1891,260,295,172.0,18.97,0.05
1892,260,336,298.56,-24.57,0.2
1893,260,350,284.99,-21.42,0.15
1894,260,71,456.23,6.28,0.15
1895,260,461,376.27,24.15,0.1
1896,260,418,308.62,18.29,0.1
1897,260,540,390.27,-17.74,0.2
1898,260,396,209.66,22.17,0.05
1899,260,303,344.67,32.05,0.1
1900,260,431,325.2,-13.02,0.15
1901,260,28,173.26,22.6,0.05
1902,261,203,122.63,12.57,0.05
1903,262,374,185.4,19.59,0.05
1904,262,473,317.52,12.31,0.1
1905,262,43,290.47,13.08,0.15
1906,262,468,356.15,17.21,0.1
1907,262,100,368.28,41.88,0.1
1908,262,361,242.68,34.68,0.05
1909,262,135,163.9,6.57,0.05
1910,262,28,363.37,-6.4,0.2
1911,262,527,520.83,57.21,0.1
1912,263,120,359.92,-28.94,0.2
1913,263,511,350.34,33.51,0.1
1914,263,290,325.59,-32.85,0.2
1915,264,299,163.97,4.03,0.1
1916,264,145,275.53,0.26,0.15
1917,264,279,342.01,-17.31,0.2
1918,264,240,184.71,-14.36,0.15
1919,264,215,195.02,18.69,0.1
1920,264,379,250.41,-2.89,0.15
1921,264,558,238.26,-34.66,0.2
1922,264,431,152.24,-4.94,0.1
1923,264,568,152.63,-3.09,0.1
1924,264,434,115.27,-7.72,0.1
1925,265,337,283.12,4.96,0.1
1926,265,67,212.52,11.48,0.05
1927,265,157,200.3,22.59,0.05
1928,265,11,362.82,-5.44,0.2
1929,265,373,223.18,27.6,0.05
1930,265,581,449.62,-2.99,0.2
1931,265,453,233.84,-40.69,0.2
1932,265,258,301.47,22.69,0.1
1933,265,164,347.02,2.74,0.15
1934,265,541,253.93,29.91,0.05
1935,265,225,478.27,-15.97,0.2
1936,265,540,399.15,9.01,0.15
1937,266,484,185.32,-6.08,0.1
1938,266,398,312.76,21.52,0.1
1939,266,17,123.54,18.77,0.05
1940,266,306,273.64,1.14,0.15
1941,266,268,316.51,-11.15,0.2
1942,266,415,220.28,20.84,0.1
1943,267,102,187.26,11.62,0.1
1944,267,392,258.83,-33.45,0.2
1945,267,355,272.09,-10.37,0.2
1946,267,327,270.24,-2.5,0.15
1947,267,396,383.75,-27.04,0.2
1948,268,2,449.72,38.7,0.15
1949,268,524,230.82,-28.48,0.15
1950,268,121,657.27,10.37,0.2
1951,268,253,361.12,16.42,0.1
1952,268,111,577.51,-2.36,0.2
1953,268,52,246.35,30.2,0.05
1954,268,473,332.61,16.08,0.1
1955,268,333,523.54,11.4,0.2
1956,268,362,376.46,42.28,0.05
1957,268,300,280.68,29.28,0.05
1958,268,368,391.01,36.73,0.1
1959,269,488,366.05,24.85,0.15
1960,269,337,213.13,-16.4,0.15
1961,269,420,179.37,11.97,0.1
1962,269,362,130.76,10.22,0.05
1963,269,175,228.31,-0.94,0.15
1964,269,272,431.01,-2.14,0.2
1965,269,230,186.16,6.43,0.1
1966,269,418,187.46,6.26,0.1
1967,269,279,250.87,17.79,0.1
1968,269,420,241.68,4.98,0.15
1969,269,13,111.18,10.32,0.05
1970,269,69,347.35,-2.76,0.15
1971,269,56,212.25,10.63,0.1
1972,269,194,121.74,16.0,0.05
1973,270,465,414.61,0.86,0.2
1974,270,318,290.33,0.37,0.15
1975,270,287,489.2,33.65,0.15
1976,270,103,264.08,39.28,0.05
1977,271,331,455.96,31.2,0.15
1978,271,135,249.11,-13.98,0.15
1979,271,401,335.32,-5.22,0.2
1980,271,344,257.43,28.06,0.05
1981,271,52,267.21,17.39,0.1
1982,271,161,190.36,14.7,0.05
1983,272,566,262.45,-38.33,0.2
1984,272,179,288.36,-15.96,0.2
1985,272,584,368.01,8.66,0.15
1986,272,120,287.76,9.39,0.1
1987,272,213,373.34,-7.73,0.15
1988,273,128,308.77,11.41,0.15
1989,273,436,277.95,9.1,0.15
1990,273,369,113.69,9.66,0.05
1991,273,38,371.7,4.17,0.15
1992,273,108,246.45,-7.76,0.15
1993,273,271,114.27,9.96,0.05
1994,273,585,301.94,27.83,0.1
1995,274,403,254.13,24.03,0.1
1996,274,290,143.81,7.7,0.05
1997,274,580,110.48,7.06,0.05
1998,274,426,350.03,-5.67,0.2
1999,274,485,127.34,3.62,0.05
2000,274,242,468.37,-14.12,0.2
2001,274,344,290.87,12.9,0.1
2002,274,306,308.72,2.84,0.15
2003,274,322,259.87,-25.31,0.15
2004,274,258,132.7,15.38,0.05
2005,274,25,392.86,1.09,0.15
2006,274,125,279.6,-9.03,0.2
2007,274,308,325.2,-4.8,0.15
2008,275,557,429.64,-21.0,0.2
2009,275,16,352.01,30.84,0.1
2010,275,484,137.61,3.84,0.05
2011,275,241,190.0,21.0,0.05
2012,275,431,274.58,0.83,0.1
2013,275,373,264.05,17.24,0.1
2014,275,110,222.89,-5.18,0.1
2015,275,553,346.37,-6.17,0.15
2016,275,518,334.34,25.21,0.1
2017,275,294,308.83,-1.47,0.15
2018,275,363,151.16,6.91,0.05
2019,275,349,276.55,1.33,0.1
2020,276,445,149.84,-30.51,0.2
2021,276,358,111.34,13.13,0.05
2022,276,413,232.88,-19.69,0.2
2023,276,142,162.86,-9.95,0.15
2024,276,23,85.62,5.31,0.05
2025,276,579,119.16,1.17,0.1
2026,277,92,166.67,12.02,0.1
2027,277,179,109.93,1.27,0.1
2028,277,446,101.6,9.4,0.05
2029,277,483,162.54,-8.43,0.15
2030,277,374,59.35,2.85,0.05
2031,277,340,59.92,-0.94,0.05
2032,277,158,92.25,-2.49,0.1
2033,277,278,58.96,0.76,0.05
2034,277,558,194.63,-31.46,0.2
2035,277,374,103.28,-0.87,0.1
2036,277,352,102.32,2.16,0.1
2037,277,482,150.45,-9.83,0.15
2038,278,567,184.8,0.25,0.05
2039,278,414,204.38,-4.33,0.1
2040,278,399,448.45,51.58,0.1
2041,278,143,269.95,32.98,0.05
2042,278,143,355.68,26.96,0.1
2043,278,443,323.89,14.18,0.1
2044,278,142,321.0,18.18,0.1
2045,278,343,436.69,35.93,0.1
2046,279,542,332.82,-3.86,0.15
2047,280,430,277.09,-20.92,0.15
2048,280,341,301.27,-33.22,0.2
2049,280,574,322.82,-4.48,0.2
2050,280,113,161.85,15.41,0.05
2051,281,513,478.15,59.04,0.1
2052,281,170,235.48,28.28,0.05
2053,281,157,203.07,22.99,0.05
2054,281,345,267.94,29.32,0.05
2055,281,331,314.68,56.62,0.05
2056,281,462,370.03,20.09,0.1
2057,281,416,281.39,25.62,0.1
2058,281,167,360.81,-6.59,0.15
2059,281,527,524.52,59.23,0.1
2060,281,139,479.24,69.84,0.1
2061,281,235,210.97,7.8,0.1
2062,281,63,287.71,-16.2,0.15
2063,282,353,194.48,15.81,0.1
2064,282,387,148.79,17.62,0.05
2065,282,580,204.77,-10.0,0.15
2066,282,63,93.97,0.32,0.05
2067,282,493,459.13,4.07,0.2
2068,282,176,269.28,-11.37,0.15
2069,282,432,283.1,-38.36,0.2
2070,282,379,137.49,15.3,0.05
2071,282,26,130.61,10.92,0.05
2072,282,580,204.77,-10.0,0.15
2073,282,355,173.66,10.88,0.1
2074,283,404,314.9,12.07,0.15
2075,283,160,381.86,-19.73,0.2
2076,283,148,298.37,19.21,0.1
2077,283,558,201.59,11.89,0.05
2078,283,112,345.73,13.81,0.1
2079,283,22,213.82,19.61,0.05
2080,283,418,346.51,3.45,0.15
2081,283,512,230.45,28.81,0.05
2082,283,65,383.84,-25.02,0.2
2083,283,389,376.26,23.62,0.15
2084,283,209,347.19,38.88,0.1
2085,283,27,350.48,35.75,0.1
2086,283,370,206.43,12.97,0.05
2087,283,340,268.38,-1.7,0.1
2088,284,379,392.44,8.05,0.15
2089,284,266,435.04,52.54,0.1
2090,284,332,226.13,39.92,0.05
2091,284,186,208.13,29.15,0.05
2092,284,311,255.15,-34.8,0.2
2093,284,66,138.66,5.76,0.05
2094,284,42,266.09,27.58,0.1
2095,284,228,110.09,2.89,0.05
2096,284,446,216.12,28.85,0.05
2097,285,77,214.77,-29.94,0.2
2098,285,585,267.62,24.14,0.1
2099,285,427,335.08,16.87,0.15
2100,285,318,84.34,5.59,0.05
2101,285,339,222.39,-16.83,0.15
2102,285,185,317.57,-8.5,0.2
2103,285,184,273.35,-14.32,0.2
2104,285,77,131.03,-4.64,0.1
2105,285,49,319.57,12.23,0.15
2106,285,318,84.34,5.59,0.05
2107,286,117,284.45,27.96,0.1
2108,286,239,142.27,4.21,0.05
2109,286,400,149.12,13.13,0.05
2110,286,344,360.97,19.76,0.1
2111,286,40,420.68,-18.57,0.2
2112,286,39,603.58,-1.27,0.2
2113,286,410,177.04,12.51,0.05
2114,286,472,186.35,-5.99,0.1
2115,286,489,318.13,-7.82,0.2
2116,286,141,310.02,-22.52,0.2
2117,286,368,389.8,-13.35,0.2
2118,286,454,113.75,-6.51,0.05
2119,286,438,190.08,23.31,0.05
2120,287,229,339.55,-18.4,0.2
2121,288,144,209.49,-26.04,0.2
2122,288,98,99.92,0.74,0.1
2123,288,82,88.59,2.87,0.05
2124,288,355,201.23,-12.57,0.2
2125,289,516,552.05,34.99,0.15
2126,290,34,234.59,20.98,0.05
2127,290,254,410.59,4.01,0.2
2128,290,229,221.18,24.88,0.05
2129,290,324,548.77,3.77,0.2
2130,290,371,417.26,-23.95,0.2
2131,290,138,392.53,12.65,0.15
2132,291,59,435.78,-1.5,0.2
2133,291,414,223.34,-29.93,0.2
2134,291,224,358.6,16.88,0.1
2135,291,526,507.42,-7.14,0.2
2136,291,247,322.47,48.32,0.05
2137,291,362,307.15,32.56,0.05
2138,291,548,251.85,25.75,0.05
2139,291,358,559.25,1.96,0.2
2140,291,330,264.49,14.91,0.1
2141,292,150,387.26,18.5,0.15
2142,292,224,343.62,-10.27,0.15
2143,292,296,295.8,-0.92,0.15
2144,292,186,440.29,-12.31,0.2
2145,292,175,219.17,13.8,0.1
2146,292,339,292.96,-15.46,0.15
2147,292,130,369.21,-3.25,0.2
2148,292,122,291.78,-26.61,0.2
2149,292,414,195.06,-19.32,0.15
2150,292,371,381.43,-29.32,0.2
2151,292,28,137.11,17.64,0.05
2152,293,529,252.43,-33.96,0.2
2153,293,361,342.24,-13.03,0.2
2154,293,153,177.57,1.37,0.1
2155,293,323,307.08,-36.84,0.2
2156,294,481,165.05,-10.4,0.15
2157,294,310,246.96,-13.05,0.2
2158,294,526,117.1,12.38,0.05
2159,295,397,370.28,-3.42,0.15
2160,295,524,202.13,-8.0,0.05
2161,295,535,456.54,39.8,0.15
2162,295,399,429.78,75.88,0.05
2163,295,172,507.25,95.43,0.05
2164,295,52,319.63,-9.19,0.2
2165,295,41,349.12,43.71,0.1
2166,295,406,361.22,40.67,0.1
2167,295,50,353.09,-3.25,0.2
2168,295,301,365.69,51.43,0.05
2169,295,63,289.68,2.6,0.1
2170,295,139,569.36,21.67,0.2
2171,295,33,247.74,9.47,0.05
2172,295,121,674.33,15.12,0.2
2173,296,541,355.2,1.2,0.15
2174,296,474,323.51,17.85,0.1
2175,296,269,352.72,2.13,0.15
2176,296,460,452.75,21.82,0.15
2177,296,418,304.95,15.83,0.1
2178,296,140,157.15,22.65,0.05
2179,296,187,438.9,14.88,0.15
2180,296,323,287.81,1.55,0.1
2181,297,493,520.99,13.35,0.2
2182,297,90,411.24,-19.65,0.2
2183,297,451,327.68,17.74,0.1
2184,297,526,503.84,-7.68,0.2
2185,297,261,363.95,-19.97,0.2
2186,297,485,290.11,0.88,0.1
2187,298,43,272.47,7.29,0.15
2188,298,207,216.7,16.07,0.1
2189,298,168,114.37,-1.27,0.05
2190,298,188,273.93,2.06,0.1
2191,298,378,359.45,-19.81,0.2
2192,298,333,454.71,1.08,0.2
2193,298,275,134.55,3.27,0.05
2194,298,275,287.22,-23.13,0.15
2195,298,110,259.52,-22.06,0.15
2196,298,41,331.53,-2.22,0.2
2197,298,470,265.09,-23.5,0.2
2198,298,491,234.64,17.0,0.1
2199,298,588,235.9,12.06,0.1
2200,299,170,375.02,-10.66,0.2
2201,299,533,346.21,-13.19,0.2
2202,299,190,757.52,155.81,0.05
2203,299,331,384.37,71.13,0.05
2204,299,288,494.16,16.51,0.15
2205,299,431,287.4,20.59,0.05
2206,299,10,449.28,57.97,0.1
2207,299,577,457.75,11.53,0.2
2208,299,333,466.93,62.59,0.1
2209,300,492,411.17,54.14,0.1
2210,300,444,308.07,12.45,0.1
2211,300,407,238.13,16.16,0.1
2212,300,370,328.96,-33.47,0.2
2213,300,532,147.28,13.44,0.05
2214,300,37,314.15,11.38,0.15
2215,300,351,410.84,-26.39,0.2
2216,300,29,392.03,0.89,0.2
2217,300,100,338.43,38.37,0.1
2218,301,137,470.24,-4.89,0.2
2219,301,508,251.02,39.14,0.05
2220,301,73,263.75,24.26,0.05
2221,301,250,203.07,7.68,0.05
2222,301,371,385.43,19.81,0.1
2223,301,325,291.37,43.18,0.05
2224,301,417,463.61,22.35,0.15
2225,301,344,267.59,29.5,0.05
2226,301,529,274.01,-13.27,0.15
2227,301,15,167.95,8.17,0.05
2228,301,94,461.4,3.14,0.2
2229,301,36,305.29,-8.09,0.2
2230,302,575,464.42,10.47,0.2
2231,302,365,399.65,30.48,0.1
2232,302,306,326.73,6.44,0.15
2233,302,443,330.18,-5.37,0.15
2234,302,100,381.74,23.02,0.15
2235,302,409,259.19,-3.38,0.1
2236,302,263,394.29,48.0,0.1
2237,303,566,274.93,-21.14,0.15
2238,303,401,325.04,15.03,0.15
2239,303,313,318.46,-9.01,0.15
2240,303,532,286.47,15.61,0.1
2241,303,73,368.73,16.38,0.1
2242,304,102,248.49,37.08,0.05
2243,304,369,328.94,21.55,0.1
2244,304,81,366.42,50.25,0.05
2245,304,82,363.18,14.12,0.1
2246,304,343,330.46,44.61,0.05
2247,304,325,411.57,40.69,0.1
2248,304,368,416.86,-9.29,0.2
2249,304,544,431.33,-13.83,0.2
2250,304,301,381.4,30.55,0.1
2251,304,586,213.8,22.75,0.05
2252,304,311,280.44,-33.2,0.2
2253,304,12,261.69,0.98,0.15
2254,304,5,322.73,56.89,0.05
2255,304,412,348.62,4.9,0.15
2256,305,214,368.26,16.34,0.1
2257,305,342,341.99,16.62,0.1
2258,305,508,329.86,30.19,0.1
2259,305,510,345.27,24.75,0.1
2260,305,207,141.02,18.11,0.05
2261,305,564,207.11,29.12,0.05
2262,305,513,448.9,51.69,0.1
2263,305,486,281.07,-0.26,0.1
2264,305,284,380.48,10.67,0.15
2265,305,189,378.16,-28.52,0.2
2266,305,202,420.04,17.97,0.15
2267,305,439,231.77,13.98,0.1
2268,305,150,377.29,42.06,0.1
2269,306,377,126.09,12.54,0.05
2270,306,51,500.72,6.14,0.2
2271,307,381,209.24,33.22,0.05
2272,307,132,195.7,2.58,0.1
2273,307,104,303.26,-12.76,0.2
2274,307,292,112.52,13.95,0.05
2275,307,563,249.93,-27.15,0.2
2276,307,182,280.89,-13.51,0.15
2277,307,243,388.73,-16.88,0.2
2278,308,421,218.6,32.7,0.05
2279,308,390,349.78,-1.76,0.2
2280,308,337,284.03,3.0,0.1
2281,308,567,264.36,-37.96,0.2
2282,308,557,465.74,-15.59,0.2
2283,308,405,277.28,-10.59,0.2
2284,308,587,254.3,36.49,0.05
2285,308,231,374.27,32.17,0.1
2286,308,417,320.15,49.27,0.05
2287,309,260,219.14,32.67,0.05
2288,309,41,328.72,-2.64,0.2
2289,309,2,311.94,37.17,0.1
2290,309,533,301.19,-19.94,0.2
2291,309,72,470.11,-21.77,0.2
2292,309,184,133.15,16.85,0.05
2293,309,97,290.17,-11.63,0.2
2294,310,128,387.8,23.21,0.15
2295,310,347,333.05,17.24,0.1
2296,310,320,373.48,-9.85,0.2
2297,310,140,319.72,13.38,0.15
2298,310,461,442.08,-17.93,0.2
2299,311,91,157.84,7.14,0.1
2300,311,300,273.61,-25.92,0.2
2301,311,105,95.78,3.42,0.05
2302,311,130,273.93,9.74,0.15
2303,311,412,101.83,8.74,0.05
2304,311,124,381.5,11.43,0.15
2305,311,539,234.87,-20.69,0.2
2306,311,322,83.05,-1.97,0.05
2307,311,44,290.73,-5.93,0.2
2308,311,354,274.13,-9.39,0.2
2309,311,92,237.43,22.84,0.1
2310,312,193,369.73,-7.76,0.2
2311,312,229,112.58,9.3,0.05
2312,313,175,238.09,16.86,0.1
2313,313,526,460.11,-14.24,0.2
2314,313,298,302.09,-0.9,0.15
2315,313,205,135.74,13.12,0.05
2316,313,13,154.84,15.62,0.05
2317,313,504,215.2,2.62,0.1
2318,314,119,260.3,28.35,0.05
2319,314,582,418.44,-8.46,0.2
2320,314,348,346.91,-10.13,0.15
2321,315,403,147.83,21.57,0.05
2322,315,363,144.08,6.29,0.05
2323,315,146,295.78,-7.32,0.15
2324,315,296,245.4,13.01,0.1
2325,315,519,264.48,-22.58,0.2
2326,315,507,247.58,17.54,0.1
2327,315,573,311.41,6.64,0.15
2328,315,145,429.84,12.48,0.15
2329,315,370,145.01,7.13,0.05
2330,315,413,169.44,20.96,0.05
2331,315,246,380.39,6.0,0.15
2332,315,61,192.19,-12.03,0.15
2333,315,136,322.46,0.65,0.15
2334,316,492,442.07,30.43,0.15
2335,316,294,260.93,11.83,0.1
2336,316,573,312.97,8.04,0.15
2337,316,270,346.38,-18.68,0.2
2338,316,462,173.4,15.13,0.05
2339,317,171,362.35,8.97,0.15
2340,318,344,222.65,6.68,0.1
2341,318,311,243.73,-37.61,0.2
2342,318,207,257.47,-12.32,0.2
2343,319,556,352.46,-26.19,0.2
2344,319,223,271.99,-1.11,0.1
2345,319,508,357.89,37.35,0.1
2346,319,570,401.52,5.6,0.15
2347,319,572,230.65,29.33,0.05
2348,319,186,500.57,-4.36,0.2
2349,319,257,318.88,9.2,0.15
2350,319,203,358.56,9.46,0.15
2351,319,307,405.27,-15.36,0.2
2352,319,296,248.56,29.23,0.05
2353,320,132,215.28,-23.87,0.2
2354,320,566,123.22,-8.87,0.1
2355,321,150,144.27,21.02,0.05
2356,321,166,346.87,-33.56,0.2
2357,321,102,315.8,-11.86,0.2
2358,321,212,533.53,10.51,0.2
2359,322,269,238.77,29.96,0.05
2360,322,26,394.89,2.52,0.15
2361,322,390,315.91,33.91,0.1
2362,323,419,467.46,21.66,0.15
2363,323,352,288.89,-7.24,0.2
2364,323,161,274.33,8.21,0.1
2365,323,29,378.89,47.79,0.1
2366,323,354,319.2,15.41,0.15
2367,323,419,467.46,20.56,0.15
2368,324,378,319.74,-1.23,0.15
2369,324,539,174.18,4.28,0.1
2370,324,138,368.37,-16.01,0.2
2371,324,91,283.19,-14.89,0.2
2372,325,314,306.12,15.26,0.1
2373,326,1,369.02,23.93,0.15
2374,326,415,339.54,17.49,0.15
2375,326,169,306.89,-2.37,0.15
2376,326,445,115.42,0.02,0.05
2377,326,315,120.21,12.17,0.05
2378,327,197,338.06,33.09,0.1
2379,328,343,184.58,21.25,0.05
2380,328,404,230.34,18.65,0.1
2381,328,263,302.44,33.76,0.1
2382,328,150,399.79,-4.76,0.2
2383,328,331,186.57,30.46,0.05
2384,329,181,263.81,-33.1,0.2
2385,329,412,162.68,17.32,0.05
2386,329,397,324.09,-11.57,0.15
2387,329,23,193.54,20.03,0.05
2388,329,371,191.59,17.18,0.05
2389,329,375,140.76,7.0,0.05
2390,330,117,303.75,-6.07,0.2
2391,330,391,200.73,34.27,0.05
2392,330,331,229.94,38.61,0.05
2393,330,444,315.79,10.99,0.1
2394,330,12,129.35,12.03,0.05
2395,330,80,363.85,-8.19,0.15
2396,330,81,493.56,-19.86,0.2
2397,330,312,384.16,27.18,0.1
2398,330,195,356.62,36.64,0.1
2399,331,328,159.23,15.32,0.05
2400,331,586,138.5,13.26,0.05
2401,331,3,178.95,29.76,0.05
2402,331,34,340.75,-8.97,0.15
2403,331,376,358.58,24.82,0.1
2404,331,557,432.71,-22.73,0.2
2405,331,371,190.97,17.1,0.05
2406,331,437,322.24,26.47,0.1
2407,331,545,280.74,-12.84,0.15
2408,331,400,238.68,8.92,0.1
2409,331,540,334.14,22.53,0.1
2410,331,208,473.32,69.09,0.1
2411,331,561,98.25,-7.81,0.05
2412,332,462,209.76,4.67,0.1
2413,332,458,199.33,9.02,0.1
2414,332,320,264.57,0.8,0.15
2415,332,174,292.21,-13.96,0.2
2416,332,196,406.52,-4.42,0.2
2417,332,240,95.42,3.43,0.05
2418,332,262,233.56,-16.21,0.2
2419,332,403,304.44,-9.74,0.2
2420,332,135,135.4,-6.43,0.1
2421,332,422,215.77,20.34,0.1
2422,332,450,176.97,3.09,0.1
2423,332,202,391.55,-11.91,0.2
2424,333,355,218.09,18.0,0.1
2425,333,406,330.67,13.79,0.15
2426,333,573,136.82,16.79,0.05
2427,333,352,202.82,13.88,0.1
2428,334,437,220.89,-2.28,0.15
2429,334,516,231.66,17.03,0.1
2430,334,193,171.52,11.15,0.1
2431,334,422,170.66,13.58,0.1
2432,334,181,66.51,-0.33,0.05
2433,334,18,237.78,7.43,0.15
2434,334,232,70.56,2.71,0.05
2435,334,19,117.07,12.04,0.05
2436,334,130,224.88,4.81,0.15
2437,334,494,237.01,-18.88,0.2
2438,335,517,448.3,-7.04,0.2
2439,335,265,505.15,33.3,0.15
2440,335,68,402.51,-24.06,0.2
2441,335,389,403.14,3.6,0.2
2442,335,90,281.49,31.53,0.05
2443,335,541,394.96,-15.73,0.2
2444,335,225,484.04,-14.01,0.2
2445,335,109,274.55,-23.89,0.2
2446,336,430,76.2,-0.2,0.05
2447,336,225,116.44,10.45,0.05
2448,336,60,132.24,3.62,0.1
2449,336,186,337.2,-18.21,0.2
2450,336,473,242.09,-26.73,0.2
2451,336,9,100.07,7.29,0.05
2452,336,410,201.07,-13.5,0.15
2453,336,533,140.11,2.18,0.1
2454,336,497,304.14,-13.81,0.2
2455,336,423,95.46,12.51,0.05
2456,337,55,266.74,-26.33,0.2
2457,337,59,393.82,42.93,0.1
2458,338,527,505.94,21.75,0.15
2459,338,35,269.34,-13.06,0.2
2460,338,184,303.85,-11.42,0.2
2461,338,128,369.48,-4.29,0.2
2462,338,475,314.9,-26.74,0.2
2463,338,162,237.69,-15.49,0.15
2464,338,500,158.93,20.37,0.05
2465,338,168,181.45,-11.23,0.1
2466,339,29,119.58,17.92,0.05
2467,339,530,284.3,1.13,0.15
2468,339,581,304.06,5.57,0.15
2469,339,200,99.44,12.96,0.05
2470,339,322,197.16,-22.74,0.15
2471,339,565,230.91,-16.38,0.15
2472,339,285,264.75,-0.89,0.15
2473,339,57,276.28,-22.08,0.2
2474,340,404,314.75,13.14,0.15
2475,340,250,292.8,-16.17,0.15
2476,340,30,433.17,3.55,0.2
2477,340,11,355.23,-6.58,0.2
2478,340,369,348.2,-16.72,0.2
2479,341,190,506.68,97.6,0.05
2480,341,587,368.19,-12.2,0.2
2481,341,222,337.11,-31.5,0.2
2482,341,228,247.45,-28.92,0.2
2483,341,37,320.85,12.72,0.15
2484,341,217,525.45,47.28,0.15
2485,341,368,381.62,9.9,0.15
2486,341,567,244.82,-25.18,0.15
2487,341,64,281.94,-17.54,0.15
2488,341,279,456.77,18.85,0.15
2489,341,389,354.92,41.25,0.1
2490,342,577,167.66,28.33,0.05
2491,342,391,369.01,20.36,0.15
2492,342,76,314.44,-2.97,0.15
2493,343,420,315.29,-8.23,0.2
2494,343,198,289.17,11.32,0.15
2495,343,376,374.06,2.02,0.15
2496,343,261,225.11,7.39,0.1
2497,343,236,257.96,-10.5,0.15
2498,343,19,308.77,22.35,0.1
2499,343,102,298.0,6.81,0.15
2500,343,92,427.33,-1.67,0.2
2501,343,146,116.57,8.01,0.05
2502,343,37,121.59,15.93,0.05
2503,343,276,275.59,-40.54,0.2
2504,343,303,254.45,20.1,0.1
2505,343,432,112.81,2.55,0.05
2506,344,246,288.51,18.2,0.1
2507,344,63,202.5,-6.78,0.1
2508,344,176,328.2,-29.19,0.2
2509,344,375,118.87,4.06,0.05
2510,344,327,146.0,15.53,0.05
2511,344,70,265.66,6.22,0.1
2512,344,568,325.18,-33.81,0.2
2513,344,431,324.35,-34.1,0.2
2514,345,584,280.53,1.44,0.15
2515,345,174,98.92,10.86,0.05
2516,345,108,269.74,-24.7,0.2
2517,345,582,123.58,14.06,0.05
2518,345,558,233.08,-17.36,0.15
2519,345,29,211.14,20.35,0.1
2520,345,134,187.04,-16.51,0.15
2521,345,534,415.04,3.66,0.2
2522,345,585,366.38,13.64,0.15
2523,345,58,185.66,8.27,0.1
2524,345,492,335.07,18.03,0.15
2525,346,321,306.8,-17.77,0.15
2526,346,479,353.35,-30.23,0.2
2527,347,397,361.71,-4.04,0.15
2528,347,481,287.57,14.9,0.1
2529,347,313,315.11,11.52,0.1
2530,347,33,296.15,-33.65,0.2
2531,347,179,262.16,32.84,0.05
2532,347,318,314.67,-14.4,0.2
2533,347,117,325.82,18.87,0.15
2534,348,487,417.65,58.23,0.1
2535,348,317,265.68,42.24,0.05
2536,348,523,345.41,12.04,0.1
2537,348,399,497.03,2.36,0.2
2538,348,159,354.42,-0.94,0.15
2539,348,558,249.18,16.56,0.05
2540,349,136,331.66,23.82,0.1
2541,349,566,262.8,-4.48,0.1
2542,349,421,222.76,33.44,0.05
2543,349,289,210.67,9.77,0.05
2544,349,298,328.04,5.39,0.15
2545,349,224,358.02,17.83,0.1
2546,349,324,536.54,36.05,0.15
2547,349,306,335.62,8.22,0.15
2548,349,545,312.57,-27.27,0.2
2549,349,481,292.53,-0.27,0.15
2550,349,310,342.37,37.27,0.1
2551,349,589,363.92,12.85,0.15
2552,350,383,300.26,4.65,0.15
2553,350,327,355.48,-17.3,0.2
2554,350,60,254.19,15.17,0.1
2555,350,74,319.85,-1.78,0.15
2556,350,578,313.72,1.24,0.15
2557,350,225,220.13,25.62,0.05
2558,350,67,150.33,6.15,0.05
2559,350,318,269.51,-3.79,0.15
2560,351,417,445.24,17.58,0.15
2561,351,274,258.16,-26.22,0.15
2562,351,298,313.02,2.38,0.15
2563,352,72,517.47,-14.66,0.2
2564,352,328,234.83,26.58,0.05
2565,353,169,271.06,12.97,0.1
2566,353,98,229.78,-3.61,0.15
2567,353,568,323.52,-13.17,0.15
2568,353,112,305.34,11.27,0.1
2569,353,19,395.95,31.32,0.1
2570,353,44,159.53,25.59,0.05
2571,354,141,182.65,3.03,0.1
2572,354,248,91.65,8.09,0.05
2573,354,303,229.39,17.58,0.1
2574,354,252,296.4,-37.04,0.2
2575,354,516,425.96,17.74,0.15
2576,354,477,244.77,1.58,0.15
2577,355,96,260.92,11.89,0.1
2578,355,459,360.08,-16.25,0.2
2579,355,62,99.89,8.78,0.05
2580,355,312,271.48,14.69,0.1
2581,355,94,158.58,24.22,0.05
2582,355,395,125.62,7.13,0.05
2583,355,196,288.82,30.28,0.1
2584,355,113,347.0,-3.72,0.15
2585,356,534,233.34,25.71,0.1
2586,356,379,333.18,-19.61,0.2
2587,356,500,196.35,10.18,0.1
2588,356,65,245.87,-13.16,0.15
2589,356,333,230.08,21.79,0.1
2590,356,116,68.34,6.27,0.05
2591,356,380,257.29,-22.38,0.2
2592,356,530,112.07,12.29,0.05
2593,356,50,86.45,9.01,0.05
2594,357,303,379.15,-9.93,0.2
2595,357,100,363.98,19.47,0.15
2596,357,390,265.53,25.79,0.1
2597,357,470,219.33,7.05,0.1
2598,357,440,278.61,-13.95,0.2
2599,357,329,386.66,-7.65,0.2
2600,358,43,269.93,8.97,0.15
2601,359,459,419.24,-7.37,0.2
2602,359,381,542.26,69.96,0.1
2603,359,337,241.51,16.82,0.05
2604,359,391,324.88,58.91,0.05
2605,359,217,588.67,21.97,0.2
2606,359,316,269.14,20.83,0.1
2607,359,21,450.69,-13.97,0.2
2608,359,417,375.7,60.45,0.05
2609,359,543,182.92,0.59,0.05
2610,359,472,198.59,-4.03,0.1
2611,359,306,345.29,10.15,0.15
2612,359,315,285.86,-10.48,0.2
2613,360,319,362.23,-13.72,0.2
2614,360,101,316.58,-10.44,0.2
2615,360,35,284.71,-10.76,0.2
2616,360,130,362.13,42.63,0.1
2617,360,6,481.59,16.21,0.15
2618,360,287,444.42,52.4,0.1
2619,360,79,414.84,31.34,0.1
2620,360,89,337.43,12.4,0.1
2621,360,471,507.01,2.28,0.2
2622,361,52,131.85,13.46,0.05
2623,361,191,259.85,18.78,0.1
2624,361,323,275.9,0.9,0.1
2625,361,355,284.14,9.23,0.15
2626,361,550,488.71,14.54,0.15
2627,361,156,408.19,-7.19,0.2
2628,361,352,232.72,18.41,0.1
2629,361,186,452.89,-10.42,0.2
2630,361,142,155.81,14.53,0.05
2631,361,317,163.79,23.58,0.05
2632,361,47,274.54,11.47,0.1
2633,362,360,280.87,8.0,0.15
2634,362,225,289.26,-25.93,0.2
2635,362,430,189.3,-33.24,0.2
2636,362,231,87.07,7.84,0.05
2637,362,279,182.54,8.08,0.1
2638,362,511,189.02,11.14,0.1
2639,362,432,159.53,-18.39,0.15
2640,362,263,264.74,-10.9,0.2
2641,362,488,113.48,18.09,0.05
2642,362,191,162.6,-4.64,0.15
2643,362,370,74.75,1.05,0.05
2644,362,420,130.52,6.89,0.1
2645,362,193,155.2,9.44,0.1
2646,362,417,102.79,10.55,0.05
2647,363,530,395.76,14.78,0.15
2648,363,193,375.37,41.61,0.1
2649,363,406,363.12,-2.78,0.2
2650,363,505,179.33,15.09,0.05
2651,364,20,297.11,34.3,0.05
2652,364,253,374.32,-3.98,0.15
2653,364,485,312.55,-15.49,0.15
2654,364,180,339.46,-9.09,0.2
2655,364,239,211.49,8.46,0.05
2656,364,362,419.29,25.27,0.1
2657,364,95,472.41,13.99,0.15
2658,364,57,250.94,30.78,0.05
2659,365,365,274.38,15.29,0.1
2660,365,210,165.76,27.97,0.05
2661,365,499,326.19,6.66,0.15
2662,365,438,316.02,2.14,0.15
2663,365,412,125.53,12.04,0.05
2664,365,584,254.57,17.72,0.1
2665,365,532,280.93,-22.11,0.2
2666,366,178,285.97,19.18,0.1
2667,366,589,331.51,27.89,0.1
2668,366,429,385.62,47.95,0.1
2669,366,489,317.82,-10.06,0.2
2670,366,558,301.89,2.49,0.1
2671,366,443,175.08,13.92,0.05
2672,366,319,358.69,-12.06,0.2
2673,366,459,355.03,29.09,0.1
2674,366,496,356.58,35.38,0.1
2675,366,587,363.15,-10.76,0.2
2676,366,449,293.28,-4.91,0.15
2677,367,71,386.81,-26.12,0.2
2678,367,106,234.85,-11.62,0.15
2679,367,381,366.13,12.38,0.15
2680,367,153,148.88,-0.49,0.1
2681,367,55,126.14,-4.73,0.1
2682,367,10,301.69,11.46,0.15
2683,367,134,129.63,-4.74,0.1
2684,367,31,154.68,8.72,0.1
2685,367,107,148.33,-17.91,0.15
2686,367,250,239.73,-35.76,0.2
2687,367,92,302.38,11.59,0.15
2688,368,337,104.75,-5.87,0.1
2689,368,366,141.63,3.65,0.1
2690,368,178,146.85,-6.38,0.15
2691,368,180,180.71,-17.74,0.2
2692,369,8,405.7,32.2,0.1
2693,369,403,326.11,14.48,0.15
2694,369,565,163.58,8.44,0.05
2695,369,471,498.25,-0.13,0.2
2696,369,246,400.6,-15.59,0.2
2697,369,219,466.42,4.01,0.2
2698,369,397,171.27,11.38,0.05
2699,369,437,340.96,28.84,0.1
2700,369,441,310.6,17.56,0.1
2701,369,406,178.28,26.62,0.05
2702,369,561,103.77,-9.22,0.05
2703,369,464,226.42,-16.43,0.2
2704,370,52,181.69,20.58,0.05
2705,370,498,358.08,13.65,0.15
2706,370,523,229.69,18.26,0.05
2707,370,413,389.91,12.21,0.15
2708,371,79,428.47,6.09,0.15
2709,371,94,422.89,25.66,0.15
2710,371,205,165.32,17.22,0.05
2711,372,260,314.51,50.76,0.05
2712,372,535,429.0,7.04,0.2
2713,372,169,319.68,2.38,0.15
2714,372,570,365.33,21.99,0.1
2715,372,261,206.77,21.65,0.05
2716,372,472,205.32,-26.24,0.2
2717,372,400,278.49,-2.68,0.15
2718,373,493,173.08,30.06,0.05
2719,373,417,381.6,8.74,0.15
2720,373,69,295.98,16.41,0.1
2721,373,126,171.86,30.77,0.05
2722,373,181,165.73,-5.66,0.1
2723,373,277,250.33,-10.58,0.15
2724,373,399,432.05,-9.57,0.2
2725,373,266,454.43,25.44,0.15
2726,373,32,243.41,-13.81,0.2
2727,374,284,371.07,8.79,0.15
2728,375,487,158.44,27.06,0.05
2729,375,529,100.49,2.31,0.05
2730,375,133,152.15,-7.96,0.1
2731,375,525,191.12,-6.28,0.1
2732,376,342,197.92,19.03,0.05
2733,376,216,399.01,27.15,0.15
2734,376,209,353.75,19.95,0.15
2735,376,580,252.15,-8.27,0.15
2736,376,401,320.3,-6.38,0.2
2737,376,503,279.14,-25.9,0.2
2738,376,502,271.38,-8.57,0.15
2739,376,92,419.71,50.59,0.1
2740,376,278,277.82,-27.95,0.2
2741,377,382,296.24,-14.4,0.2
2742,377,566,261.62,-21.62,0.15
2743,377,466,133.69,14.08,0.05
2744,377,589,355.06,-13.8,0.2
2745,377,20,345.39,18.92,0.1
2746,377,38,426.21,34.95,0.1
2747,377,368,356.48,27.67,0.1
2748,377,274,255.78,-26.69,0.15
2749,378,507,71.26,6.11,0.05
2750,378,116,94.15,1.05,0.1
2751,378,336,66.96,2.64,0.05
2752,378,289,185.72,-32.38,0.2
2753,378,118,88.03,4.92,0.05
2754,378,461,164.26,2.58,0.1
2755,378,587,80.66,7.27,0.05
2756,378,219,295.65,-9.54,0.2
2757,379,258,304.23,-14.63,0.2
2758,379,245,361.24,3.06,0.15
2759,379,121,464.28,53.73,0.1
2760,379,191,138.05,16.33,0.05
2761,379,409,265.57,-35.92,0.2
2762,380,553,360.62,-26.41,0.2
2763,380,106,172.08,13.32,0.05
2764,380,136,167.85,17.03,0.05
2765,380,50,294.95,5.95,0.15
2766,380,177,322.18,15.27,0.1
2767,380,431,295.04,4.02,0.1
2768,380,17,337.81,19.41,0.15
2769,380,56,377.79,5.78,0.15
2770,380,501,304.68,-21.76,0.2
2771,381,191,306.29,7.14,0.15
2772,381,64,284.62,-18.1,0.15
2773,382,278,265.5,-29.8,0.2
2774,382,532,276.54,-4.82,0.15
2775,382,274,185.4,-11.61,0.1
2776,382,56,376.55,-19.86,0.2
2777,382,37,129.77,16.86,0.05
2778,382,105,223.28,1.14,0.1
2779,382,199,280.75,-9.7,0.2
2780,382,351,396.52,-28.53,0.2
2781,382,350,117.62,1.9,0.05
2782,382,221,469.4,2.17,0.2
2783,382,21,391.98,-21.68,0.2
2784,382,103,246.67,19.83,0.1
2785,383,475,232.17,21.91,0.05
2786,383,325,447.63,-5.67,0.2
2787,383,106,247.09,21.44,0.05
2788,383,180,318.0,5.73,0.15
2789,383,50,216.84,30.45,0.05
2790,383,39,583.27,70.73,0.1
2791,383,487,300.06,57.47,0.05
2792,384,166,339.39,33.43,0.05
2793,384,542,346.06,21.94,0.1
2794,384,553,369.1,20.8,0.1
2795,384,70,399.77,-0.09,0.15
2796,384,283,282.94,32.16,0.05
2797,384,469,438.4,10.3,0.15
2798,385,128,371.34,18.82,0.15
2799,385,339,156.78,8.56,0.05
2800,385,60,147.01,16.51,0.05
2801,385,517,209.35,27.84,0.05
2802,385,310,339.15,14.61,0.15
2803,386,327,343.59,-19.08,0.2
2804,386,105,296.54,-13.48,0.15
2805,386,117,291.26,-7.94,0.2
2806,386,157,201.02,7.76,0.1
2807,386,266,505.73,29.11,0.15
2808,386,184,218.77,16.86,0.1
2809,387,213,403.01,-2.89,0.15
2810,387,532,287.04,14.66,0.1
2811,387,22,364.27,-22.17,0.2
2812,387,122,213.62,18.75,0.05
2813,388,393,162.63,-2.56,0.1
2814,388,349,185.26,-2.63,0.1
2815,389,201,238.76,23.79,0.1
2816,389,55,100.11,2.56,0.05
2817,390,393,296.13,-9.58,0.15
2818,391,305,162.46,15.56,0.05
2819,391,504,268.97,8.16,0.1
2820,391,409,279.88,-32.68,0.2
2821,391,557,416.01,30.76,0.1
2822,391,284,373.27,33.37,0.1
2823,392,479,356.58,-29.74,0.2
2824,392,194,324.63,54.87,0.05
2825,392,20,373.85,24.19,0.1
2826,392,53,291.6,45.41,0.05
2827,392,96,405.17,30.53,0.1
2828,392,412,372.28,-12.59,0.2
2829,392,414,220.01,-14.33,0.15
2830,392,456,335.52,-31.18,0.2
2831,392,325,345.88,52.93,0.05
2832,392,41,279.56,49.73,0.05
2833,392,493,516.87,43.22,0.15
2834,392,577,338.67,64.43,0.05
2835,392,228,256.08,-12.53,0.15
2836,393,379,391.73,7.9,0.15
2837,393,408,295.47,-13.42,0.15
2838,393,429,391.93,24.18,0.15
2839,394,289,89.39,0.86,0.05
2840,394,477,163.19,8.59,0.1
2841,394,53,254.57,3.35,0.15
2842,394,364,285.0,-4.97,0.15
2843,394,196,137.04,20.01,0.05
2844,394,192,191.74,12.1,0.1
2845,394,512,112.39,10.82,0.05
2846,394,119,303.06,-5.85,0.15
2847,394,341,225.03,-16.84,0.15
2848,394,41,181.18,16.21,0.1
2849,394,46,117.41,11.5,0.05
2850,395,309,366.58,42.68,0.1
2851,395,320,368.54,12.81,0.15
2852,395,318,274.57,13.76,0.1
2853,395,210,479.82,11.35,0.2
2854,395,118,424.3,-20.47,0.2
2855,395,10,439.07,55.41,0.1
2856,395,108,317.13,-0.21,0.15
2857,395,168,276.85,-36.79,0.2
2858,396,324,464.54,83.83,0.05
2859,396,498,380.57,15.96,0.15
2860,396,201,302.86,53.22,0.05
2861,396,524,217.26,-16.23,0.1
2862,396,156,417.54,47.49,0.1
2863,396,551,486.06,-14.17,0.2
2864,396,135,276.57,-25.74,0.2
2865,396,329,443.4,0.86,0.2
2866,396,583,356.15,54.73,0.05
2867,397,47,325.75,-20.95,0.2
2868,397,445,248.96,-34.1,0.2
2869,397,311,252.8,-21.07,0.15
2870,397,504,274.59,-8.1,0.15
2871,397,583,388.93,12.33,0.15
2872,397,135,226.62,-3.04,0.1
2873,397,407,247.61,16.14,0.1
2874,397,406,351.86,-4.47,0.2
2875,397,3,343.06,41.01,0.1
2876,397,285,358.67,7.28,0.15
2877,397,307,360.47,1.12,0.15
2878,398,497,401.68,19.9,0.15
2879,398,240,304.61,-29.81,0.2
2880,398,515,385.79,34.38,0.1
2881,398,350,295.61,-37.1,0.2
2882,398,258,302.05,4.49,0.15
2883,399,195,150.81,21.71,0.05
2884,399,587,330.66,6.73,0.15
2885,399,45,157.08,18.49,0.05
2886,399,364,152.25,15.04,0.05
2887,399,109,98.34,3.85,0.05
2888,399,551,292.67,14.32,0.1
2889,399,490,245.49,23.09,0.1
2890,399,44,320.45,-3.65,0.2
2891,399,369,320.69,-20.84,0.2
2892,400,227,335.95,21.68,0.1
2893,400,188,347.96,-9.11,0.15
2894,400,493,508.1,11.42,0.2
2895,400,282,173.31,21.82,0.05
2896,400,570,398.51,-21.38,0.2
2897,400,566,269.68,-20.0,0.15
2898,400,298,331.52,-14.95,0.2
2899,400,400,174.47,14.82,0.05
2900,400,459,236.67,31.94,0.05
2901,400,556,201.35,13.91,0.05
2902,400,416,289.93,10.31,0.15
2903,400,235,217.37,-4.49,0.15
2904,400,244,393.24,9.7,0.15
2905,400,259,373.73,17.3,0.15
2906,401,299,177.06,5.27,0.1
2907,401,24,277.82,-5.53,0.15
2908,401,368,108.08,10.97,0.05
2909,401,7,296.79,-26.88,0.2
2910,401,367,98.02,8.22,0.05
2911,401,310,171.49,12.02,0.1
2912,401,49,295.53,10.52,0.15
2913,401,391,258.17,9.26,0.15
2914,401,448,228.14,-25.86,0.2
2915,402,557,187.53,20.69,0.05
2916,402,469,393.45,-24.01,0.2
2917,402,554,216.18,-3.63,0.1
2918,402,418,327.18,-0.41,0.15
2919,403,219,456.44,31.85,0.15
2920,403,489,308.66,9.5,0.15
2921,403,172,544.85,3.49,0.2
2922,403,462,357.18,17.98,0.1
2923,403,317,185.76,27.55,0.05
2924,403,345,359.33,18.32,0.1
2925,403,150,223.37,36.23,0.05
2926,403,289,296.21,-34.82,0.2
2927,403,211,513.13,75.05,0.1
2928,403,424,351.2,17.81,0.15
2929,403,59,410.5,-5.29,0.2
2930,404,24,403.72,-23.11,0.2
2931,404,245,145.05,15.19,0.05
2932,405,529,266.92,-14.69,0.15
2933,405,212,582.47,20.04,0.2
2934,405,369,318.88,20.13,0.1
2935,405,190,842.95,121.84,0.1
2936,405,39,595.64,35.68,0.15
2937,405,80,356.85,12.39,0.1
2938,405,73,227.74,18.36,0.05
2939,405,101,309.68,8.35,0.15
2940,406,507,107.15,-7.56,0.15
2941,406,345,55.76,1.1,0.05
2942,406,306,82.3,-1.62,0.1
2943,406,203,86.35,-1.83,0.1
2944,406,205,128.1,-20.34,0.2
2945,406,443,134.1,-24.7,0.2
2946,406,303,156.96,-18.75,0.2
2947,406,208,225.27,-14.48,0.2
2948,406,79,64.09,2.74,0.05
2949,406,480,106.81,-17.28,0.15
2950,406,314,99.39,-3.09,0.1
2951,406,208,139.71,8.84,0.1
2952,406,207,92.43,-6.63,0.15
2953,407,369,348.59,3.26,0.15
2954,407,344,293.59,33.22,0.05
2955,408,325,251.38,0.0,0.15
2956,408,402,173.42,14.15,0.1
2957,408,208,247.27,27.96,0.1
2958,408,152,205.41,-18.01,0.2
2959,408,102,200.47,-0.76,0.15
2960,408,272,290.47,10.25,0.15
2961,408,483,83.4,6.74,0.05
2962,408,94,110.99,15.3,0.05
2963,409,365,405.96,5.92,0.15
2964,409,6,475.25,14.94,0.15
2965,409,569,289.0,4.9,0.1
2966,409,310,320.81,32.65,0.1
2967,409,305,269.61,-18.73,0.2
2968,409,496,381.4,-7.19,0.2
2969,409,36,287.85,-10.7,0.2
2970,409,556,295.06,4.94,0.1
2971,409,564,369.14,31.97,0.1
2972,409,495,289.44,20.49,0.1
2973,409,56,380.06,7.33,0.15
2974,409,401,163.68,23.03,0.05
2975,410,65,350.39,-7.36,0.15
2976,410,209,281.07,29.28,0.1
2977,410,79,429.14,-21.38,0.2
2978,410,576,324.72,14.22,0.15
2979,410,166,284.55,7.08,0.1
2980,410,344,375.65,-24.9,0.2
2981,410,329,384.07,-10.23,0.2
2982,410,34,274.54,7.3,0.1
2983,410,401,301.93,9.31,0.15
2984,410,411,367.73,-2.2,0.15
2985,410,312,184.89,20.77,0.05
2986,411,402,367.97,20.67,0.15
2987,411,198,307.27,13.45,0.15
2988,411,84,302.25,10.2,0.1
2989,411,264,320.5,-9.38,0.2
2990,411,474,347.26,-1.61,0.15
2991,411,552,317.57,-30.85,0.2
2992,411,386,224.61,3.47,0.1
2993,411,89,338.85,-7.0,0.15
2994,411,269,278.24,17.19,0.1
2995,411,173,274.35,0.65,0.15
2996,411,580,244.89,-9.72,0.15
2997,411,31,292.22,7.38,0.15
2998,411,540,298.03,18.51,0.1
2999,412,65,105.48,5.55,0.05
3000,412,66,87.16,1.67,0.05
3001,412,412,226.59,-5.38,0.15
3002,412,374,79.36,5.6,0.05
3003,412,438,178.04,7.54,0.1
3004,412,412,275.58,-21.35,0.2
3005,412,221,139.38,21.98,0.05
3006,412,342,306.4,-27.77,0.2
3007,412,52,186.06,-5.92,0.15
3008,413,160,355.71,-24.75,0.2
3009,413,149,132.93,15.86,0.05
3010,413,172,397.48,44.78,0.1
3011,413,552,240.68,1.77,0.1
3012,413,74,244.79,8.52,0.1
3013,413,293,328.93,-20.43,0.2
3014,414,247,373.64,57.52,0.05
3015,414,332,418.92,80.37,0.05
3016,414,583,400.75,40.32,0.1
3017,414,223,304.92,-31.04,0.2
3018,414,544,424.6,13.08,0.15
3019,414,586,305.48,3.94,0.15
3020,414,250,310.26,-12.68,0.15
3021,414,105,336.41,-5.5,0.15
3022,414,73,402.99,-1.61,0.15
3023,414,330,287.09,2.43,0.15
3024,415,11,341.47,-8.64,0.2
3025,415,470,136.92,11.41,0.05
3026,415,518,396.31,11.14,0.15
3027,415,22,331.03,-5.83,0.15
3028,415,384,394.67,-4.12,0.2
3029,415,43,286.09,-6.1,0.2
3030,415,400,270.57,-6.46,0.15
3031,416,521,321.8,-17.26,0.2
3032,416,271,237.98,-6.67,0.15
3033,416,571,362.79,5.78,0.15
3034,417,533,302.47,-0.29,0.15
3035,417,441,334.7,1.53,0.15
3036,417,494,335.17,-13.36,0.2
3037,417,123,176.09,16.93,0.05
3038,417,316,141.44,15.93,0.05
3039,417,132,280.53,-5.22,0.15
3040,417,204,456.94,-4.75,0.2
3041,417,79,411.1,30.47,0.1
3042,417,293,341.55,-17.44,0.2
3043,418,359,326.02,-19.96,0.2
3044,418,509,331.83,22.78,0.1
3045,418,531,400.24,41.29,0.1
3046,418,242,521.21,26.6,0.15
3047,418,286,402.78,-4.96,0.2
3048,418,530,428.41,19.12,0.15
3049,418,391,359.34,67.12,0.05
3050,418,533,335.82,6.38,0.15
3051,418,14,369.41,31.1,0.1
3052,418,450,364.07,-18.1,0.2
3053,418,400,284.07,15.44,0.1
3054,418,134,293.35,-23.96,0.2
3055,419,244,276.7,17.76,0.1
3056,419,285,147.42,16.49,0.05
3057,419,416,115.61,14.62,0.05
3058,419,313,219.8,1.13,0.1
3059,419,367,337.25,-19.96,0.2
3060,419,516,374.58,38.69,0.1
3061,420,584,311.17,22.78,0.1
3062,420,405,255.06,-13.92,0.2
3063,420,145,205.05,28.06,0.05
3064,420,316,216.13,11.76,0.1
3065,420,21,399.59,-20.54,0.2
3066,421,353,341.76,19.27,0.15
3067,421,496,392.58,19.44,0.15
3068,421,210,324.67,62.73,0.05
3069,421,107,226.8,-14.65,0.15
3070,421,324,380.84,67.67,0.05
3071,421,122,221.52,19.71,0.05
3072,421,14,265.2,33.83,0.05
3073,421,191,330.09,-8.9,0.2
3074,421,15,236.58,1.29,0.1
3075,422,303,165.62,9.33,0.1
3076,422,331,258.89,6.7,0.15
3077,422,420,81.34,9.33,0.05
3078,423,66,188.84,-3.59,0.1
3079,423,415,124.89,18.32,0.05
3080,423,106,291.05,-11.04,0.15
3081,423,557,365.14,-0.33,0.15
3082,423,393,183.92,-0.77,0.1
3083,423,126,405.79,29.35,0.15
3084,423,342,131.82,10.04,0.05
3085,423,401,300.78,-9.3,0.2
3086,423,177,306.79,-6.62,0.15
3087,423,336,250.11,-10.97,0.15
3088,423,398,421.14,6.96,0.15
3089,423,141,108.19,7.47,0.05
3090,423,477,255.16,2.31,0.15
3091,423,34,296.22,-11.76,0.15
3092,424,74,246.04,10.39,0.1
3093,424,465,371.26,-5.65,0.2
3094,425,230,351.14,-16.08,0.2
3095,425,573,335.5,-8.81,0.2
3096,425,566,275.27,-36.41,0.2
3097,425,211,517.26,77.18,0.1
3098,425,513,283.15,48.26,0.05
3099,425,484,305.35,-34.2,0.2
3100,426,203,331.16,-17.36,0.2
3101,426,383,301.33,-13.46,0.2
3102,426,158,239.94,-22.14,0.2
3103,426,494,137.84,15.73,0.05
3104,426,378,346.11,-0.47,0.15
3105,426,147,437.42,-6.34,0.2
3106,426,127,164.1,27.44,0.05
3107,426,55,183.81,-2.7,0.1
3108,426,91,123.24,13.84,0.05
3109,426,428,191.7,33.83,0.05
3110,426,478,153.32,0.74,0.1
3111,427,208,437.13,92.96,0.05
3112,427,268,350.55,16.15,0.15
3113,427,415,371.66,23.91,0.15
3114,427,111,537.07,25.59,0.15
3115,427,345,418.53,-18.33,0.2
3116,427,283,241.59,26.3,0.05
3117,427,226,403.95,-12.55,0.2
3118,427,62,215.79,24.08,0.05
3119,427,59,425.34,26.06,0.15
3120,428,83,375.96,-4.4,0.15
3121,428,342,363.69,-2.69,0.15
3122,428,365,405.96,5.92,0.15
3123,428,94,223.37,37.61,0.05
3124,428,152,282.65,-16.1,0.2
3125,428,288,424.49,29.4,0.1
3126,428,495,162.73,19.23,0.05
3127,428,84,362.99,17.58,0.1
3128,428,508,350.78,11.89,0.15
3129,428,41,339.58,-1.01,0.2
3130,428,440,145.95,17.59,0.05
3131,429,493,279.54,11.69,0.15
3132,429,468,210.84,-11.55,0.15
3133,429,474,156.18,2.12,0.1
3134,429,314,225.36,-8.52,0.15
3135,429,328,80.77,5.43,0.05
3136,429,234,121.65,-9.21,0.15
3137,429,150,236.23,2.87,0.15
3138,429,4,162.07,10.36,0.1
3139,430,171,346.72,28.31,0.1
3140,430,554,290.63,-32.57,0.2
3141,431,120,396.48,-23.46,0.2
3142,432,395,349.66,-29.04,0.2
3143,432,567,233.69,-11.17,0.1
3144,432,74,185.08,18.82,0.05
3145,432,250,162.94,6.15,0.05
3146,432,418,325.79,19.33,0.1
3147,433,393,306.88,-26.93,0.2
3148,433,99,244.28,42.7,0.05
3149,433,16,260.72,38.07,0.05
3150,433,531,375.01,34.98,0.1
3151,433,87,245.44,37.41,0.05
3152,433,81,469.73,38.41,0.1
3153,434,529,260.32,0.75,0.1
3154,434,182,296.58,7.81,0.1
3155,434,388,372.19,0.33,0.2
3156,434,110,264.82,-1.76,0.1
3157,434,171,253.47,33.71,0.05
3158,434,273,354.8,-4.86,0.2
3159,434,252,321.63,-12.77,0.15
3160,434,186,467.36,21.52,0.15
3161,434,570,264.9,29.79,0.05
3162,434,181,271.65,-14.63,0.15
3163,435,149,302.82,5.58,0.15
3164,435,93,349.64,40.27,0.1
3165,435,203,269.36,16.93,0.1
3166,435,298,250.92,12.0,0.1
3167,436,316,153.57,6.29,0.1
3168,436,469,131.39,11.85,0.05
3169,436,510,353.82,-19.11,0.2
3170,436,233,121.28,-0.17,0.1
3171,436,66,173.9,-4.17,0.1
3172,436,13,336.29,-20.74,0.2
3173,436,289,225.23,-19.72,0.15
3174,436,306,250.87,-2.17,0.15
3175,436,303,361.24,-11.52,0.2
3176,436,78,104.31,4.61,0.05
3177,436,323,250.77,-19.33,0.15
3178,436,96,231.33,8.97,0.1
3179,437,139,272.12,32.07,0.1
3180,437,394,177.76,0.91,0.1
3181,437,336,222.72,-9.75,0.15
3182,437,493,270.02,29.53,0.1
3183,437,214,222.73,4.02,0.1
3184,437,78,291.11,-33.7,0.2
3185,437,520,77.69,2.97,0.05
3186,437,216,226.0,23.31,0.1
3187,437,88,266.29,-23.05,0.2
3188,438,377,187.69,22.44,0.05
3189,438,344,369.76,-1.91,0.15
3190,438,349,334.76,-33.68,0.2
3191,438,453,211.58,-30.37,0.15
3192,438,349,286.26,2.87,0.1
3193,438,540,375.57,2.11,0.15
3194,438,292,246.85,20.63,0.1
3195,438,378,310.74,18.92,0.1
3196,439,128,403.87,-0.23,0.2
3197,439,7,390.33,-20.68,0.2
3198,439,384,415.74,-0.96,0.2
3199,439,1,405.74,5.6,0.2
3200,439,369,222.21,25.44,0.05
3201,439,39,577.44,68.18,0.1
3202,440,413,189.76,24.28,0.05
3203,440,121,580.24,-1.18,0.2
3204,440,344,336.56,17.26,0.1
3205,440,5,379.57,42.4,0.1
3206,440,308,169.19,15.49,0.05
3207,440,18,403.72,4.38,0.2
3208,440,134,257.13,-29.39,0.2
3209,440,550,490.96,14.99,0.15
3210,440,468,181.47,16.08,0.05
3211,440,550,250.46,33.42,0.05
3212,440,469,390.26,1.77,0.15
3213,440,484,296.81,-36.57,0.2
3214,440,302,199.93,25.26,0.05
3215,441,98,146.55,15.4,0.05
3216,441,401,194.82,29.25,0.05
3217,441,274,272.36,-39.58,0.2
3218,442,104,123.67,14.32,0.05
3219,442,464,88.39,5.76,0.05
3220,442,247,413.4,11.01,0.15
3221,442,556,221.96,-1.16,0.1
3222,442,345,356.52,-4.22,0.15
3223,442,279,180.58,23.82,0.05
3224,443,353,343.78,-2.15,0.2
3225,443,574,347.35,-0.8,0.2
3226,443,193,375.84,40.63,0.1
3227,444,559,401.49,-2.32,0.15
3228,444,106,333.78,-7.34,0.15
3229,444,490,347.04,16.32,0.15
3230,444,153,284.73,-10.28,0.15
3231,445,542,276.65,10.22,0.1
3232,445,197,347.33,-11.38,0.2
3233,445,6,224.86,29.93,0.05
3234,445,283,140.68,12.7,0.05
3235,445,39,487.23,52.75,0.1
3236,445,420,269.28,25.48,0.1
3237,446,328,343.82,-18.62,0.2
3238,446,558,201.42,11.12,0.05
3239,446,171,381.38,-12.51,0.2
3240,446,155,367.6,-9.98,0.2
3241,446,239,166.59,6.7,0.05
3242,446,584,371.14,33.26,0.1
3243,446,427,450.64,62.55,0.1
3244,446,81,308.17,40.64,0.05
3245,447,446,451.28,12.75,0.15
3246,447,78,313.3,-31.03,0.2
3247,447,361,354.71,-11.16,0.2
3248,447,208,242.59,46.99,0.05
3249,447,251,361.86,-8.28,0.15
3250,447,251,371.97,-28.0,0.2
3251,447,348,329.06,-13.7,0.15
3252,447,284,303.65,23.77,0.1
3253,447,556,306.0,-14.45,0.15
3254,447,556,141.18,7.83,0.05
3255,447,362,185.08,16.84,0.05
3256,447,80,290.53,7.3,0.1
3257,448,20,189.89,3.14,0.1
3258,448,276,197.32,-21.78,0.15
3259,449,534,447.89,63.6,0.1
3260,449,423,219.12,35.58,0.05
3261,449,73,225.1,19.49,0.05
3262,449,348,329.43,7.69,0.1
3263,449,86,353.92,18.95,0.15
3264,449,65,366.76,-5.18,0.15
3265,449,273,198.25,28.26,0.05
3266,449,528,228.73,25.98,0.05
3267,449,304,371.42,-8.6,0.2
3268,449,517,247.54,34.31,0.05
3269,449,376,248.93,30.27,0.05
3270,449,105,314.74,-9.84,0.15
3271,449,517,429.36,-9.88,0.2
3272,450,445,232.19,-21.54,0.15
3273,450,53,244.81,19.74,0.1
3274,450,481,111.7,8.77,0.05
3275,450,312,405.27,-21.35,0.2
3276,450,208,518.5,44.89,0.15
3277,450,66,285.52,-17.64,0.15
3278,450,347,323.7,-6.11,0.15
3279,450,91,286.01,-14.47,0.2
3280,451,251,368.43,-29.62,0.2
3281,451,266,508.62,30.78,0.15
3282,451,67,223.5,-3.0,0.1
3283,451,2,404.31,3.56,0.2
3284,451,422,160.92,25.65,0.05
3285,451,250,282.36,-36.46,0.2
3286,451,555,273.68,9.55,0.1
3287,451,376,172.6,19.18,0.05
3288,451,279,190.23,24.99,0.05
3289,451,186,188.31,25.15,0.05
3290,451,407,259.25,-13.76,0.2
3291,452,442,294.99,14.0,0.1
3292,452,105,311.81,-10.43,0.15
3293,452,292,275.29,23.45,0.1
3294,452,102,340.27,-9.28,0.2
3295,452,563,246.24,6.41,0.1
3296,452,406,345.08,15.57,0.15
3297,452,188,353.32,-30.55,0.2
3298,452,138,394.46,-14.29,0.2
3299,452,533,173.97,16.82,0.05
3300,452,185,360.91,16.36,0.15
3301,452,176,346.06,-25.42,0.2
3302,452,95,458.41,-15.83,0.2
3303,453,236,279.74,-26.45,0.2
3304,453,142,315.9,-22.72,0.2
3305,454,295,112.39,-0.01,0.1
3306,454,536,116.9,5.57,0.1
3307,454,498,155.54,-5.01,0.15
3308,454,350,55.66,-1.6,0.05
3309,454,160,195.34,-25.93,0.2
3310,454,236,54.71,0.97,0.05
3311,454,31,164.1,-14.53,0.2
3312,454,390,107.69,3.95,0.1
3313,454,345,203.53,-26.83,0.2
3314,454,106,65.8,1.89,0.05
3315,455,74,238.56,9.71,0.1
3316,455,315,185.73,8.69,0.1
3317,455,550,365.79,28.7,0.1
3318,455,105,128.98,6.97,0.05
3319,455,206,344.78,43.16,0.1
3320,455,26,367.42,-2.97,0.15
3321,455,123,136.54,11.27,0.05
3322,455,71,338.88,19.55,0.1
3323,456,134,165.31,-3.52,0.1
3324,456,588,108.6,9.4,0.05
3325,456,130,364.57,-3.94,0.2
3326,457,165,257.53,21.39,0.05
3327,458,339,317.33,-10.59,0.15
3328,458,294,312.36,18.27,0.1
3329,458,437,253.28,35.87,0.05
3330,458,406,338.96,37.29,0.1
3331,458,337,296.13,-11.76,0.15
3332,458,495,212.4,26.97,0.05
3333,458,358,503.75,56.38,0.1
3334,458,204,439.25,49.22,0.1
3335,458,66,321.85,-30.73,0.2
3336,458,142,219.5,23.11,0.05
3337,458,568,342.08,-9.46,0.15
3338,458,203,229.95,28.93,0.05
3339,458,505,308.4,-21.26,0.2
3340,458,85,400.19,24.42,0.15
3341,459,404,300.72,-9.09,0.2
3342,459,241,379.17,1.99,0.15
3343,459,429,378.71,22.1,0.15
3344,459,5,399.54,21.57,0.15
3345,459,0,100.09,11.71,0.05
3346,459,157,111.89,10.23,0.05
3347,459,583,382.94,-13.6,0.2
3348,459,550,196.32,24.83,0.05
3349,459,6,188.78,24.31,0.05
3350,459,498,325.79,6.77,0.15
3351,460,163,202.01,18.75,0.05
3352,460,116,157.42,19.81,0.05
3353,460,118,397.16,-1.38,0.15
3354,460,129,291.09,27.15,0.1
3355,460,415,371.98,0.42,0.2
3356,460,211,551.86,51.7,0.15
3357,460,199,305.93,-4.83,0.2
3358,460,104,304.93,24.65,0.1
3359,460,224,384.34,-24.27,0.2
3360,460,385,503.43,-5.0,0.2
3361,460,456,318.26,-33.77,0.2
3362,460,228,253.94,-27.94,0.2
3363,460,19,491.12,-11.32,0.2
3364,460,173,292.54,5.39,0.15
3365,461,443,310.91,-9.22,0.15
3366,462,343,419.56,-22.74,0.2
3367,462,334,328.26,39.35,0.1
3368,462,53,333.52,-13.6,0.2
3369,462,116,198.7,-0.22,0.15
3370,463,574,323.59,16.5,0.15
3371,463,463,321.98,-12.45,0.15
3372,463,30,369.19,44.39,0.1
3373,463,532,284.99,-3.13,0.15
3374,463,392,272.04,-13.74,0.15
3375,463,149,317.33,-11.83,0.2
3376,463,577,409.11,4.23,0.2
3377,463,236,279.75,-10.61,0.15
3378,463,177,325.01,13.45,0.1
3379,463,27,353.96,11.62,0.15
3380,464,169,311.06,0.65,0.15
3381,464,579,163.62,17.38,0.05
3382,464,493,489.22,7.49,0.2
3383,464,115,280.35,8.19,0.15
3384,464,487,410.11,29.94,0.15
3385,464,382,295.44,-13.43,0.2
3386,465,181,172.6,-5.48,0.1
3387,465,35,266.15,-13.54,0.2
3388,465,524,79.1,-5.72,0.05
3389,465,144,270.02,-8.77,0.15
3390,465,105,301.38,-34.2,0.2
3391,465,473,312.71,-28.26,0.2
3392,466,427,180.46,31.56,0.05
3393,467,24,407.58,1.55,0.15
3394,467,519,261.55,-6.16,0.15
3395,467,200,161.63,24.93,0.05
3396,467,488,439.79,63.53,0.1
3397,467,439,222.81,12.02,0.1
3398,467,461,369.96,22.43,0.1
3399,467,164,328.23,-1.02,0.15
3400,467,87,200.46,29.22,0.05
3401,467,512,355.61,4.63,0.15
3402,467,569,304.85,-10.9,0.15
3403,467,87,403.59,-7.88,0.2
3404,467,179,146.13,15.55,0.05
3405,468,30,87.26,1.5,0.1
3406,468,226,44.76,0.86,0.05
3407,468,173,97.51,-17.65,0.2
3408,468,269,101.84,-11.17,0.15
3409,468,82,103.19,-15.67,0.15
3410,468,485,62.38,-8.0,0.1
3411,468,357,51.99,0.58,0.05
3412,468,129,101.79,-15.84,0.2
3413,469,261,305.6,15.7,0.1
3414,470,43,303.73,15.73,0.15
3415,470,354,264.25,43.09,0.05
3416,470,589,392.49,-6.0,0.2
3417,470,379,436.29,16.81,0.15
3418,470,244,392.71,34.71,0.1
3419,470,406,350.94,40.29,0.1
3420,470,587,399.73,-5.28,0.2
3421,470,447,329.61,22.23,0.1
3422,470,516,589.15,7.72,0.2
3423,470,312,447.77,12.22,0.15
3424,470,527,598.1,2.75,0.2
3425,471,480,294.92,0.07,0.1
3426,471,31,286.72,27.34,0.1
3427,471,114,160.41,24.31,0.05
3428,471,281,448.95,4.15,0.2
3429,471,241,401.12,4.41,0.15
3430,472,190,490.18,95.29,0.05
3431,472,190,870.02,72.73,0.15
3432,472,40,423.47,-20.35,0.2
3433,473,390,326.22,15.6,0.15
3434,473,295,325.57,22.13,0.1
3435,473,531,234.93,33.49,0.05
3436,473,47,308.7,16.44,0.1
3437,473,537,496.0,10.76,0.2
3438,473,64,294.09,-33.8,0.2
3439,473,90,383.76,0.81,0.15
3440,473,514,233.33,33.71,0.05
3441,473,397,346.96,-29.05,0.2
3442,473,154,292.78,-25.65,0.2
3443,473,50,290.56,24.96,0.1
3444,474,132,294.77,-2.37,0.15
3445,474,475,229.49,21.57,0.05
3446,474,200,229.4,37.03,0.05
3447,474,578,228.37,28.11,0.05
3448,474,494,324.29,26.75,0.1
3449,474,203,364.65,-12.34,0.2
3450,475,260,272.76,43.43,0.05
3451,475,527,283.13,44.19,0.05
3452,475,231,359.18,29.55,0.1
3453,476,505,195.8,3.19,0.1
3454,476,319,322.5,3.88,0.15
3455,476,376,400.98,-21.02,0.2
3456,476,344,367.87,-27.16,0.2
3457,477,238,284.05,-26.11,0.2
3458,477,402,400.98,0.7,0.2
3459,477,400,266.02,12.02,0.1
3460,477,74,200.05,20.15,0.05
3461,477,175,188.32,23.4,0.05
3462,477,147,430.67,48.36,0.1
3463,478,18,381.12,0.99,0.2
3464,478,21,321.34,-2.14,0.15
3465,478,232,165.08,1.33,0.1
3466,478,371,231.92,4.57,0.1
3467,478,587,210.7,13.44,0.1
3468,479,240,315.32,-27.11,0.2
3469,479,329,376.61,39.5,0.1
3470,479,548,360.1,-22.1,0.2
3471,479,87,252.96,38.78,0.05
3472,479,236,180.52,14.22,0.05
3473,479,88,183.21,19.42,0.05
3474,479,233,132.69,8.62,0.05
3475,479,214,404.06,-3.09,0.15
3476,479,23,401.51,2.34,0.15
3477,479,216,425.17,5.4,0.2
3478,479,77,257.7,-27.05,0.2
3479,480,127,386.77,50.71,0.1
3480,480,32,250.76,19.56,0.1
3481,480,569,224.21,16.54,0.05
3482,480,94,423.19,52.95,0.1
3483,480,268,326.19,32.27,0.1
3484,480,349,329.93,6.95,0.1
3485,480,129,294.77,28.07,0.1
3486,480,247,432.54,41.35,0.1
3487,480,283,298.45,17.06,0.1
3488,480,576,351.01,21.67,0.15
3489,480,433,214.69,13.57,0.05
3490,481,132,239.42,7.61,0.1
3491,481,446,455.54,11.41,0.15
3492,481,50,301.37,-11.01,0.2
3493,481,479,151.26,6.65,0.05
3494,481,348,288.25,4.07,0.1
3495,482,297,383.55,12.43,0.15
3496,482,416,294.32,-7.57,0.2
3497,482,568,331.51,-12.67,0.15
3498,482,285,206.38,25.68,0.05
3499,482,267,296.74,25.46,0.1
3500,482,277,292.86,-7.02,0.15
3501,482,411,394.2,-23.12,0.2
3502,482,118,400.14,-24.09,0.2
3503,483,350,276.21,-40.01,0.2
3504,483,351,322.73,-7.91,0.15
3505,483,378,213.3,8.89,0.1
3506,483,278,258.8,-31.9,0.2
3507,483,247,347.5,5.65,0.15
3508,484,117,301.86,-6.35,0.2
3509,484,114,305.62,-4.9,0.2
3510,484,178,150.63,17.4,0.05
3511,484,156,203.66,29.73,0.05
3512,484,36,141.75,17.67,0.05
3513,484,551,378.25,24.22,0.1
3514,484,340,245.79,-3.8,0.1
3515,484,449,299.0,-22.91,0.2
3516,484,429,203.12,34.22,0.05
3517,484,73,377.56,-29.78,0.2
3518,484,169,281.07,14.95,0.1
3519,485,531,125.76,14.86,0.05
3520,485,386,94.17,4.62,0.05
3521,485,117,279.26,-9.22,0.2
3522,485,380,292.4,-22.5,0.2
3523,485,383,235.43,0.14,0.15
3524,485,57,177.26,6.5,0.1
3525,485,501,231.36,-6.13,0.15
3526,485,18,227.56,24.73,0.1
3527,485,490,333.15,-7.6,0.2
3528,485,447,184.58,4.59,0.1
3529,485,37,245.52,4.41,0.15
3530,485,107,70.25,-0.46,0.05
3531,485,396,315.33,-5.58,0.15
3532,486,505,191.45,-10.78,0.15
3533,487,539,273.61,-2.5,0.15
3534,487,223,288.35,-33.52,0.2
3535,488,34,336.08,-8.81,0.15
3536,488,439,195.68,10.28,0.1
3537,488,385,370.22,32.37,0.1
3538,488,270,153.75,16.26,0.05
3539,488,185,282.74,28.41,0.1
3540,488,161,219.53,2.14,0.1
3541,488,226,360.08,-19.13,0.2
3542,489,248,256.49,16.97,0.1
3543,489,46,380.52,8.31,0.15
3544,489,505,168.53,13.11,0.05
3545,490,14,351.99,24.56,0.1
3546,490,314,401.3,5.2,0.15
3547,490,387,471.25,-7.87,0.2
3548,490,396,424.9,5.22,0.15
3549,490,169,310.7,20.6,0.1
3550,490,300,214.88,19.77,0.05
3551,490,165,358.93,-6.96,0.15
3552,490,44,340.92,21.14,0.15
3553,491,429,394.29,50.12,0.1
3554,491,469,254.7,29.63,0.05
3555,491,537,501.3,11.55,0.2
3556,491,297,405.81,-7.76,0.2
3557,491,292,183.77,26.02,0.05
3558,491,501,192.78,20.17,0.05
3559,491,197,338.42,33.18,0.1
3560,492,280,306.55,15.7,0.1
3561,492,330,133.78,12.24,0.05
3562,492,492,461.07,5.8,0.2
3563,492,546,271.68,-15.3,0.15
3564,492,69,458.93,6.18,0.15
3565,492,359,142.19,9.47,0.05
3566,492,60,291.68,-15.71,0.2
3567,492,235,215.87,-18.62,0.2
3568,492,421,272.29,24.44,0.1
3569,492,581,421.64,-7.19,0.2
3570,492,159,298.59,11.81,0.1
3571,492,451,166.55,16.21,0.05
3572,492,302,404.31,-16.0,0.2
3573,493,136,299.94,17.4,0.1
3574,493,261,169.79,16.6,0.05
3575,493,322,265.41,-23.11,0.15
3576,493,427,454.99,33.22,0.15
3577,493,49,223.28,37.85,0.05
3578,493,343,221.06,26.96,0.05
3579,493,35,270.33,4.51,0.15
3580,493,322,273.63,-38.98,0.2
3581,493,54,366.09,-7.31,0.2
3582,494,59,246.31,22.12,0.1
3583,494,382,179.09,8.91,0.1
3584,494,260,179.29,25.66,0.05
3585,494,531,238.77,16.72,0.1
3586,494,318,229.03,-6.6,0.15
3587,495,206,298.4,56.92,0.05
3588,495,26,373.74,22.44,0.1
3589,495,490,375.92,-1.75,0.2
3590,495,522,222.38,-11.94,0.15
3591,496,439,259.15,2.4,0.15
3592,496,37,331.78,14.91,0.15
3593,496,262,250.62,16.39,0.1
3594,496,75,264.66,34.78,0.05
3595,496,536,378.16,0.09,0.2
3596,496,280,356.15,3.5,0.15
3597,496,400,296.68,-17.78,0.2
3598,496,381,554.23,37.66,0.15
3599,496,75,371.13,30.26,0.1
3600,496,453,233.98,-41.76,0.2
3601,496,287,457.62,56.8,0.1
3602,496,466,263.31,3.02,0.15
3603,497,437,334.21,27.98,0.1
3604,497,572,283.05,2.44,0.15
3605,497,435,324.82,-5.17,0.2
3606,497,411,343.34,18.39,0.1
3607,497,410,330.56,-28.46,0.2
3608,497,102,323.2,10.08,0.15
3609,498,209,304.23,-6.83,0.2
3610,498,442,160.17,2.19,0.1
3611,498,202,126.55,15.93,0.05
3612,498,393,152.16,-3.05,0.1
3613,498,116,123.68,4.39,0.1
3614,498,583,275.72,1.65,0.15
3615,498,500,273.42,1.73,0.15
3616,498,530,273.05,0.32,0.15
3617,498,183,193.63,-36.14,0.2
3618,498,316,137.95,4.75,0.1
3619,498,346,255.93,-6.89,0.15
3620,498,46,197.08,7.78,0.1
3621,498,293,234.12,-6.55,0.15
3622,498,32,131.74,5.23,0.1
3623,499,571,173.93,21.61,0.05
3624,499,288,372.56,0.41,0.15
3625,499,491,176.99,9.57,0.1
3626,499,136,272.76,-2.8,0.15
3627,499,194,316.06,9.65,0.15
3628,499,259,299.51,7.93,0.15
3629,499,349,318.42,-36.13,0.2
3630,499,124,429.52,17.06,0.15
3631,499,79,413.82,-22.58,0.2
3632,499,458,215.14,9.97,0.1
3633,499,526,160.17,19.58,0.05
3634,499,537,286.59,34.04,0.1
3635,499,297,132.06,16.15,0.05
3636,500,382,301.24,-13.65,0.2
3637,500,319,202.29,26.08,0.05
3638,500,100,360.27,42.07,0.1
3639,500,426,355.25,17.91,0.15
3640,500,582,381.14,33.13,0.1
3641,500,377,223.74,28.13,0.05
3642,500,561,192.84,-22.56,0.1
3643,500,299,205.69,23.38,0.05
3644,501,522,224.02,-11.62,0.15
3645,501,401,206.31,31.34,0.05
3646,501,262,260.38,3.3,0.15
3647,501,32,166.83,20.84,0.05
3648,501,149,206.51,27.83,0.05
3649,501,365,271.1,34.33,0.05
3650,501,538,321.9,-13.68,0.2
3651,502,128,369.63,20.67,0.15
3652,502,538,265.25,17.15,0.1
3653,502,90,187.59,18.42,0.05
3654,502,6,471.27,15.24,0.15
3655,502,175,151.89,18.94,0.05
3656,502,348,333.89,-12.74,0.15
3657,502,360,511.09,35.93,0.15
3658,502,0,223.91,16.41,0.1
3659,502,321,142.19,3.44,0.05
3660,502,478,208.27,-21.43,0.2
3661,502,246,345.73,25.75,0.1
3662,502,2,402.93,29.34,0.15
3663,502,302,197.48,24.86,0.05
3664,502,69,410.22,28.28,0.1
3665,503,424,383.65,2.29,0.2
3666,503,315,276.23,-11.93,0.2
3667,503,326,435.4,-8.07,0.2
3668,503,115,308.97,-4.48,0.2
3669,503,38,474.52,17.17,0.15
3670,503,366,421.55,-10.87,0.2
3671,503,93,433.61,55.26,0.1
3672,503,467,466.58,65.54,0.1
3673,503,117,311.62,13.84,0.15
3674,503,94,309.9,55.17,0.05
3675,503,316,276.66,5.12,0.15
3676,503,267,224.63,30.17,0.05
3677,503,127,407.49,29.98,0.15
3678,503,283,314.44,1.06,0.15
3679,504,430,277.08,-2.95,0.1
3680,504,124,502.45,57.25,0.1
3681,504,428,435.53,57.88,0.1
3682,504,242,261.95,35.85,0.05
3683,504,68,367.02,-5.8,0.15
3684,505,577,249.32,44.68,0.05
3685,505,99,417.21,2.68,0.2
3686,505,489,300.64,28.43,0.1
3687,505,408,295.78,3.58,0.1
3688,505,578,336.46,-14.49,0.2
3689,505,298,318.15,3.41,0.15
3690,505,233,129.21,9.74,0.05
3691,505,91,307.98,-13.36,0.2
3692,505,295,207.92,24.29,0.05
3693,505,95,273.57,35.96,0.05
3694,505,321,278.81,-5.34,0.1
3695,506,166,313.29,-32.31,0.2
3696,506,356,112.43,6.38,0.05
3697,506,195,334.37,-9.92,0.2
3698,506,161,84.64,3.64,0.05
3699,506,69,333.23,-1.93,0.15
3700,506,189,112.23,6.64,0.05
3701,506,282,236.74,-15.11,0.2
3702,506,59,284.65,7.74,0.15
3703,506,466,180.77,-4.41,0.15
3704,506,354,164.38,11.87,0.1
3705,506,58,294.97,-18.93,0.2
3706,507,430,283.82,-37.88,0.2
3707,507,463,320.6,-31.21,0.2
3708,508,34,370.95,-25.33,0.2
3709,508,41,341.78,21.14,0.15
3710,509,41,304.22,33.75,0.1
3711,509,512,367.93,-17.54,0.2
3712,509,376,406.45,5.99,0.15
3713,509,564,362.11,33.18,0.1
3714,509,226,186.54,20.0,0.05
3715,509,160,366.84,-21.98,0.2
3716,509,440,143.26,17.78,0.05
3717,510,424,361.71,44.11,0.1
3718,510,207,276.82,25.94,0.1
3719,510,101,313.57,26.97,0.1
3720,510,365,468.3,-11.97,0.2
3721,510,454,227.96,-27.88,0.15
3722,511,157,163.75,4.45,0.1
3723,511,179,225.06,-4.5,0.15
3724,511,225,254.42,12.57,0.1
3725,511,266,411.31,20.57,0.15
3726,511,58,263.23,-1.32,0.15
3727,511,167,326.97,-34.11,0.2
3728,511,40,386.75,-23.18,0.2
3729,511,108,172.96,2.9,0.1
3730,511,180,175.02,8.38,0.1
3731,512,416,121.96,15.68,0.05
3732,512,46,363.43,4.89,0.15
3733,512,34,149.38,10.85,0.05
3734,512,135,103.52,2.24,0.05
3735,512,417,338.05,30.19,0.1
3736,512,29,165.78,27.19,0.05
3737,512,381,404.4,44.14,0.1
3738,512,70,155.51,11.38,0.05
3739,512,512,347.87,3.08,0.15
3740,512,184,306.16,-9.98,0.2
3741,513,391,369.84,45.6,0.1
3742,513,167,346.79,-9.4,0.15
3743,513,489,297.32,27.6,0.1
3744,513,368,380.08,8.5,0.15
3745,513,464,222.69,-2.69,0.15
3746,514,519,138.19,9.64,0.05
3747,514,70,188.14,15.19,0.05
3748,514,563,261.22,-25.45,0.2
3749,514,475,317.27,-5.95,0.15
3750,514,428,463.78,6.71,0.2
3751,514,420,320.76,12.16,0.15
3752,515,577,414.1,31.42,0.15
3753,515,346,357.06,22.54,0.1
3754,515,244,254.14,33.39,0.05
3755,515,508,347.38,34.72,0.1
3756,515,570,401.49,-19.84,0.2
3757,515,47,210.26,21.76,0.05
3758,515,287,475.33,30.88,0.15
3759,515,547,357.04,-1.27,0.15
3760,515,87,390.06,40.43,0.1
3761,516,298,322.25,-16.34,0.2
3762,516,440,152.76,19.31,0.05
3763,516,189,354.3,13.88,0.1
3764,516,512,345.72,25.08,0.1
3765,516,500,387.92,12.8,0.15
3766,517,444,328.95,-6.34,0.15
3767,517,152,216.14,11.5,0.1
3768,517,8,343.89,24.75,0.1
3769,517,115,273.91,9.09,0.15
3770,518,304,347.0,9.04,0.15
3771,518,262,248.05,0.83,0.15
3772,518,270,339.07,2.11,0.15
3773,518,206,461.03,35.41,0.15
3774,518,214,387.58,-6.38,0.15
3775,518,545,289.02,-29.71,0.2
3776,518,554,136.56,4.09,0.05
3777,518,53,169.52,23.56,0.05
3778,518,287,401.03,46.35,0.1
3779,518,341,149.84,7.9,0.05
3780,518,53,339.73,9.26,0.15
3781,518,72,465.8,7.65,0.15
3782,518,90,185.07,18.08,0.05
3783,518,264,280.27,26.07,0.1
3784,519,415,115.54,-4.92,0.15
3785,519,180,121.94,-17.98,0.2
3786,519,124,130.53,2.42,0.1
3787,519,82,120.48,-15.57,0.15
3788,519,23,130.49,-13.35,0.15
3789,519,38,65.19,3.36,0.05
3790,519,243,132.24,-10.01,0.15
3791,519,285,120.12,-10.39,0.15
3792,519,366,155.12,-21.88,0.2
3793,520,535,440.29,36.55,0.15
3794,520,138,387.85,36.52,0.1
3795,521,213,419.05,-25.03,0.2
3796,521,118,276.01,29.65,0.05
3797,521,225,461.3,11.94,0.15
3798,521,512,258.52,31.57,0.05
3799,521,278,193.65,13.5,0.05
3800,521,145,440.49,44.05,0.1
3801,521,120,362.05,15.79,0.1
3802,521,281,313.61,56.84,0.05
3803,521,389,365.19,44.91,0.1
3804,521,83,271.68,27.49,0.05
3805,521,107,213.96,-3.45,0.1
3806,521,359,294.19,-8.2,0.15
3807,522,209,213.25,20.04,0.1
3808,522,471,468.03,-3.57,0.2
3809,522,476,149.67,-6.61,0.1
3810,522,133,135.5,-8.05,0.1
3811,522,47,257.47,-6.5,0.15
3812,522,202,254.34,20.36,0.1
3813,522,565,107.68,3.99,0.05
3814,522,84,372.58,-29.64,0.2
3815,522,574,265.54,9.7,0.15
3816,522,403,197.75,16.22,0.1
3817,522,401,298.83,-9.6,0.2
3818,522,4,223.67,18.79,0.1
3819,522,130,360.69,-4.52,0.2
3820,523,482,231.66,26.24,0.05
3821,523,18,422.89,32.98,0.15
3822,524,148,235.36,11.82,0.1
3823,524,322,117.3,-0.23,0.05
3824,524,493,369.08,47.85,0.1
3825,524,204,429.8,19.02,0.15
3826,524,534,445.89,34.22,0.15
3827,524,544,388.6,-19.14,0.2
3828,524,460,353.83,35.07,0.1
3829,524,213,382.37,-32.72,0.2
3830,524,484,290.08,-36.49,0.2
3831,524,171,156.66,18.24,0.05
3832,524,92,435.62,-0.42,0.2
3833,524,518,174.73,21.7,0.05
3834,525,86,212.74,2.55,0.15
3835,525,527,391.07,-16.42,0.2
3836,525,128,97.74,13.11,0.05
3837,525,228,61.68,-0.2,0.05
3838,525,184,140.33,7.17,0.1
3839,525,164,151.16,2.14,0.1
3840,526,82,217.65,1.64,0.1
3841,526,208,185.57,34.39,0.05
3842,526,444,116.26,7.29,0.05
3843,526,271,112.81,9.76,0.05
3844,526,589,332.43,-15.01,0.2
3845,526,513,289.19,28.15,0.1
3846,526,423,123.75,17.45,0.05
3847,527,34,38.23,-1.31,0.05
3848,527,281,133.56,-17.96,0.2
3849,527,415,87.94,-7.39,0.15
3850,527,271,36.34,-0.21,0.05
3851,527,115,31.18,1.09,0.05
3852,527,61,21.84,-1.7,0.05
3853,527,52,68.55,-9.73,0.15
3854,527,248,67.15,-9.49,0.15
3855,527,366,42.55,0.84,0.05
3856,527,274,28.38,-3.43,0.05
3857,527,33,49.0,-8.26,0.1
3858,528,169,67.57,4.11,0.05
3859,528,501,150.38,-9.78,0.15
3860,528,375,61.41,0.34,0.05
3861,528,248,133.07,-5.85,0.15
3862,528,29,144.16,10.14,0.1
3863,528,286,211.35,-17.36,0.2
3864,529,528,297.52,16.01,0.1
3865,529,572,277.76,0.28,0.15
3866,529,437,367.72,-14.34,0.2
3867,529,90,366.05,-2.74,0.15
3868,529,421,302.06,-10.14,0.2
3869,529,32,250.82,-12.7,0.2
3870,529,530,305.59,23.49,0.1
3871,529,411,168.96,16.12,0.05
3872,529,379,401.11,-16.02,0.2
3873,529,559,323.07,15.49,0.1
3874,530,243,383.75,-17.63,0.2
3875,530,422,325.88,15.49,0.15
3876,530,588,249.0,-3.26,0.15
3877,530,236,101.51,5.64,0.05
3878,530,580,215.35,-10.78,0.15
3879,530,344,135.05,10.51,0.05
3880,530,46,320.51,1.54,0.15
3881,530,100,235.15,22.0,0.1
3882,530,369,279.07,-3.37,0.15
3883,530,526,446.8,-18.43,0.2
3884,530,549,278.95,15.04,0.1
3885,530,380,264.59,-4.75,0.15
3886,530,191,107.76,11.63,0.05
3887,530,318,232.91,-7.44,0.15
3888,531,206,291.2,34.82,0.1
3889,531,239,218.43,-20.3,0.15
3890,531,245,357.72,-20.83,0.2
3891,531,238,225.58,-12.68,0.15
3892,531,102,315.34,-11.93,0.2
3893,531,411,317.55,-5.43,0.15
3894,531,238,225.58,-12.68,0.15
3895,531,547,122.25,9.06,0.05
3896,531,129,285.21,-11.29,0.2
3897,531,213,135.89,9.45,0.05
3898,531,279,436.26,-13.52,0.2
3899,532,509,324.47,-20.62,0.2
3900,532,461,368.14,23.27,0.1
3901,532,181,232.51,-5.65,0.1
3902,532,146,300.49,-6.38,0.15
3903,532,303,337.23,32.08,0.1
3904,532,47,283.58,13.31,0.1
3905,532,537,464.53,35.99,0.15
3906,532,101,309.34,-11.53,0.2
3907,532,205,303.89,-1.42,0.15
3908,532,11,339.9,-8.88,0.2
3909,532,420,162.68,23.24,0.05
3910,532,131,317.8,23.03,0.1
3911,532,50,266.92,19.38,0.1
3912,532,426,347.42,17.44,0.15
3913,533,284,246.74,15.26,0.1
3914,534,569,329.92,-27.89,0.2
3915,534,528,388.24,4.65,0.15
3916,534,495,318.41,6.51,0.15
3917,534,208,590.3,23.39,0.2
3918,534,89,343.56,16.12,0.1
3919,534,7,387.55,-21.1,0.2
3920,534,208,578.78,19.17,0.2
3921,534,436,360.97,0.25,0.2
3922,534,574,337.05,19.19,0.15
3923,535,161,193.12,-12.26,0.15
3924,535,75,110.05,10.63,0.05
3925,535,8,129.23,12.9,0.05
3926,535,278,227.64,-30.54,0.2
3927,535,306,269.23,-18.15,0.2
3928,535,544,201.53,8.25,0.1
3929,535,538,253.56,-19.05,0.2
3930,535,353,95.42,12.42,0.05
3931,535,265,404.1,-8.81,0.2
3932,535,334,365.37,19.1,0.15
3933,536,365,408.4,31.57,0.1
3934,536,457,346.87,27.71,0.1
3935,536,241,296.99,38.17,0.05
3936,536,104,228.3,31.33,0.05
3937,536,479,315.19,4.58,0.1
3938,536,104,228.3,32.19,0.05
3939,536,288,477.23,12.03,0.15
3940,536,532,303.37,0.55,0.15
3941,537,29,251.1,43.82,0.05
3942,537,199,280.06,27.45,0.1
3943,537,71,452.51,34.75,0.1
3944,537,365,420.59,8.84,0.15
3945,537,143,231.25,27.9,0.05
3946,537,411,404.51,-22.67,0.2
3947,537,37,207.47,30.36,0.05
3948,537,35,178.66,23.12,0.05
3949,537,43,274.89,26.62,0.1
3950,537,492,466.1,34.14,0.15
3951,538,38,436.61,-20.89,0.2
3952,538,82,349.59,-33.48,0.2
3953,538,588,282.52,-20.52,0.2
3954,538,173,241.08,-2.7,0.15
3955,538,3,130.28,20.49,0.05
3956,538,129,285.75,-11.21,0.2
3957,538,34,218.36,3.13,0.1
3958,538,215,150.88,25.14,0.05
3959,539,576,188.19,16.61,0.1
3960,539,176,252.08,-10.91,0.15
3961,539,380,235.51,-6.04,0.15
3962,540,544,249.0,12.54,0.1
3963,541,188,120.26,5.59,0.05
3964,541,432,104.42,1.54,0.05
3965,541,383,293.96,-14.56,0.2
3966,541,330,164.63,4.28,0.1
3967,541,547,122.61,9.11,0.05
3968,541,282,168.98,8.08,0.1
3969,542,102,316.35,28.11,0.1
3970,542,546,287.68,-29.32,0.2
3971,542,498,362.01,-8.61,0.2
3972,542,532,278.97,13.73,0.1
3973,542,54,347.72,33.88,0.1
3974,542,501,289.69,13.51,0.1
3975,542,131,359.45,5.19,0.15
3976,542,256,386.09,1.04,0.2
3977,542,272,458.36,60.55,0.1
3978,543,165,354.0,-31.67,0.2
3979,543,524,111.85,-6.24,0.05
3980,543,25,417.03,-20.73,0.2
3981,543,14,189.21,22.06,0.05
3982,543,84,206.58,18.42,0.05
3983,543,587,350.64,9.93,0.15
3984,543,428,429.61,56.74,0.1
3985,543,485,155.22,5.69,0.05
3986,543,157,282.19,0.02,0.15
3987,543,550,495.14,14.73,0.15
3988,543,391,381.73,24.0,0.15
3989,543,158,129.22,9.63,0.05
3990,543,46,386.47,-15.2,0.2
3991,543,485,276.21,-2.04,0.1
3992,544,200,308.11,-6.47,0.2
3993,545,29,378.78,46.67,0.1
3994,545,98,251.12,-14.14,0.2
3995,545,137,464.33,-4.68,0.2
3996,545,37,340.98,-5.93,0.2
3997,545,367,337.58,22.54,0.1
3998,545,29,412.69,3.98,0.2
3999,545,176,327.54,12.96,0.1
4000,546,45,396.75,10.57,0.15
4001,546,326,374.31,32.41,0.1
4002,546,560,173.58,10.57,0.05
4003,546,349,339.41,-32.99,0.2
4004,546,412,174.01,18.32,0.05
4005,546,533,285.36,15.67,0.1
4006,546,430,286.57,-19.02,0.15
4007,546,187,234.72,33.71,0.05
4008,546,378,368.44,-19.56,0.2
4009,546,35,257.14,19.26,0.1
4010,546,576,314.44,34.34,0.1
4011,546,9,200.07,20.32,0.05
4012,546,294,313.98,-0.44,0.15
4013,546,285,369.89,-16.32,0.2
4014,547,360,392.67,74.9,0.05
4015,547,149,235.6,32.69,0.05
4016,547,434,188.27,4.49,0.05
4017,547,5,449.08,30.85,0.15
4018,547,569,309.78,9.99,0.1
4019,547,155,261.65,37.89,0.05
4020,547,468,272.82,28.89,0.05
4021,548,211,504.23,9.78,0.2
4022,548,19,354.83,3.81,0.15
4023,548,17,265.08,10.77,0.15
4024,548,413,292.07,1.41,0.15
4025,548,242,444.64,-16.95,0.2
4026,548,334,172.52,28.44,0.05
4027,548,24,389.55,-24.47,0.2
4028,548,536,200.08,15.83,0.1
4029,549,39,642.35,4.54,0.2
4030,549,99,433.31,4.0,0.2
4031,549,561,148.42,-9.92,0.05
4032,549,447,239.49,25.1,0.05
4033,549,582,394.64,37.61,0.1
4034,549,433,311.66,-8.27,0.15
4035,549,302,295.42,41.05,0.05
4036,549,427,342.47,66.87,0.05
4037,549,89,384.06,-22.16,0.2
4038,549,250,212.5,10.12,0.05
4039,549,8,462.54,15.2,0.15
4040,549,270,363.61,7.01,0.15
4041,550,193,385.44,18.27,0.15
4042,550,54,372.22,-6.39,0.2
4043,550,448,268.06,8.08,0.1
4044,550,379,224.61,29.38,0.05
4045,550,112,339.6,14.47,0.1
4046,550,91,301.8,-13.2,0.2
4047,550,232,265.44,6.71,0.1
4048,550,230,347.64,-16.6,0.2
4049,550,269,369.8,-15.86,0.2
4050,550,395,187.76,13.11,0.05
4051,550,65,347.07,14.49,0.1
4052,550,492,252.92,46.68,0.05
4053,551,587,367.15,-10.16,0.2
4054,551,93,452.8,2.37,0.2
4055,551,380,179.02,17.08,0.05
4056,551,210,250.62,46.63,0.05
4057,551,176,334.97,-5.58,0.15
4058,551,202,408.36,42.1,0.1
4059,552,171,345.18,27.92,0.1
4060,552,116,132.69,15.96,0.05
4061,552,371,217.94,20.58,0.05
4062,552,61,198.57,-10.76,0.15
4063,553,458,213.43,26.95,0.05
4064,553,131,373.92,-13.5,0.2
4065,553,155,208.8,28.09,0.05
4066,553,16,427.66,15.28,0.15
4067,553,38,272.81,37.29,0.05
4068,553,301,399.35,-14.66,0.2
4069,553,16,254.37,36.94,0.05
4070,553,469,238.84,27.28,0.05
4071,553,448,283.05,-6.31,0.15
4072,554,304,356.11,-10.89,0.2
4073,554,550,501.96,-15.02,0.2
4074,554,318,232.51,8.08,0.1
4075,554,164,325.75,-1.51,0.15
4076,554,163,257.69,8.73,0.1
4077,554,564,386.44,12.53,0.15
4078,554,52,129.68,13.16,0.05
4079,554,557,418.46,3.25,0.15
4080,554,223,262.99,-20.34,0.15
4081,554,77,244.63,-31.2,0.2
4082,554,571,491.89,18.23,0.15
4083,554,506,338.94,35.63,0.1
4084,554,209,357.82,-2.19,0.2
4085,554,69,395.18,28.54,0.1
4086,555,491,106.58,12.42,0.05
4087,555,54,231.73,18.73,0.1
4088,555,444,124.39,9.09,0.05
4089,555,443,312.55,-29.13,0.2
4090,555,443,280.92,-11.48,0.15
4091,555,57,269.38,-4.17,0.15
4092,555,443,118.19,7.47,0.05
4093,555,179,105.96,10.32,0.05
4094,555,353,118.75,16.7,0.05
4095,555,395,292.94,-12.96,0.15
4096,555,540,246.59,12.94,0.1
4097,555,122,287.59,-29.43,0.2
4098,556,288,350.4,22.99,0.1
4099,556,322,266.99,-41.07,0.2
4100,556,555,284.67,8.7,0.1
4101,556,379,310.79,21.61,0.1
4102,556,407,253.8,0.77,0.15
4103,556,371,375.27,-8.13,0.15
4104,556,540,167.1,18.52,0.05
4105,556,527,407.35,40.09,0.1
4106,556,501,130.82,11.83,0.05
4107,556,264,248.79,21.82,0.1
4108,556,79,187.94,21.37,0.05
4109,556,64,121.99,2.84,0.05
4110,556,436,335.81,-3.52,0.2
4111,556,575,423.24,31.71,0.15
4112,557,511,466.45,22.16,0.15
4113,557,446,463.05,12.91,0.15
4114,557,429,383.89,46.54,0.1
4115,557,314,383.83,1.7,0.15
4116,557,157,270.5,15.39,0.1
4117,557,449,302.15,-22.44,0.2
4118,557,21,379.95,26.07,0.1
4119,558,128,337.53,38.54,0.1
4120,558,537,423.46,56.67,0.1
4121,558,394,283.02,8.52,0.1
4122,558,258,309.13,-12.8,0.2
4123,558,234,105.32,7.14,0.05
4124,558,80,185.63,14.39,0.05
4125,558,259,327.92,31.02,0.1
4126,558,436,303.84,33.63,0.1
4127,558,359,142.27,9.48,0.05
4128,558,581,209.72,31.15,0.05
4129,559,332,524.89,8.68,0.2
4130,559,384,265.33,42.1,0.05
4131,559,183,243.6,-34.16,0.2
4132,559,483,219.08,26.67,0.05
4133,560,189,370.08,-29.73,0.2
4134,560,206,383.48,50.71,0.1
4135,560,1,174.06,29.76,0.05
4136,560,354,252.4,23.81,0.1
4137,560,438,160.75,19.29,0.05
4138,560,92,427.19,25.93,0.15
4139,560,234,170.09,2.93,0.1
4140,560,42,314.96,16.13,0.15
4141,561,313,295.42,-31.65,0.2
4142,561,159,289.6,-10.19,0.15
4143,561,115,273.94,-8.64,0.2
4144,561,24,359.91,-0.88,0.15
4145,561,82,132.68,7.24,0.05
4146,561,215,154.39,25.88,0.05
4147,561,397,120.81,6.24,0.05
4148,561,332,178.43,28.97,0.05
4149,561,36,181.25,9.49,0.1
4150,561,586,181.52,6.02,0.1
4151,562,578,328.85,-15.63,0.2
4152,562,526,477.6,-11.62,0.2
4153,562,322,268.64,-22.46,0.15
4154,562,295,321.28,21.06,0.1
4155,562,89,335.76,14.17,0.1
4156,562,480,170.84,7.81,0.05
4157,562,253,349.04,-9.04,0.15
4158,562,518,384.0,31.41,0.1
4159,562,580,242.66,6.68,0.1
4160,562,309,200.98,32.03,0.05
4161,562,415,190.98,31.07,0.05
4162,563,433,291.17,-31.15,0.2
4163,563,337,273.72,-15.15,0.15
4164,563,116,226.66,1.63,0.15
4165,563,373,129.73,14.53,0.05
4166,563,39,576.2,-5.38,0.2
4167,563,383,292.4,4.18,0.15
4168,563,80,150.53,9.89,0.05
4169,563,490,339.71,14.86,0.15
4170,563,300,303.43,-24.95,0.2
4171,563,61,194.89,-24.07,0.2
4172,563,50,286.74,4.31,0.15
4173,563,108,294.98,-24.76,0.2
4174,564,330,237.87,-5.02,0.15
4175,564,547,230.36,7.13,0.1
4176,564,59,386.42,-6.71,0.2
4177,564,379,267.75,17.41,0.1
4178,564,432,111.42,2.0,0.05
4179,564,529,255.21,-33.54,0.2
4180,565,421,212.84,16.7,0.1
4181,565,317,133.87,17.76,0.05
4182,565,518,392.31,-16.08,0.2
4183,565,512,342.47,0.12,0.15
4184,565,146,214.01,2.98,0.1
4185,565,346,355.95,-25.9,0.2
4186,565,396,286.7,13.19,0.1
4187,565,430,274.17,-21.13,0.15
4188,565,538,285.74,0.83,0.15
4189,566,99,83.46,10.5,0.05
4190,567,438,244.82,14.81,0.1
4191,567,355,275.27,6.55,0.15
4192,567,53,243.0,19.51,0.1
4193,567,324,485.37,26.08,0.15
4194,567,446,442.36,11.27,0.15
4195,568,75,377.16,-16.62,0.2
4196,568,351,193.87,17.61,0.05
4197,568,477,292.56,5.88,0.15
4198,568,500,391.45,-11.61,0.2
4199,568,310,292.45,28.64,0.1
4200,568,292,279.76,7.6,0.15
4201,569,244,163.16,-8.39,0.15
4202,570,2,249.73,46.85,0.05
4203,570,54,365.49,14.92,0.15
4204,571,588,287.57,-18.67,0.2
4205,571,158,174.38,2.66,0.1
4206,571,110,255.76,-20.62,0.15
4207,572,513,488.05,-1.02,0.2
4208,572,376,404.37,5.57,0.15
4209,572,119,364.36,21.46,0.1
4210,572,469,197.29,21.21,0.05
4211,572,23,346.98,18.57,0.1
4212,572,550,490.31,14.86,0.15
4213,572,14,314.57,20.9,0.1
4214,572,330,260.49,-3.98,0.15
4215,572,474,353.28,-0.41,0.15
4216,572,256,363.85,18.98,0.15
4217,572,366,341.45,24.83,0.1
4218,572,107,107.24,1.42,0.05
4219,572,366,379.93,7.4,0.15
4220,572,557,420.83,4.82,0.15
4221,573,407,298.06,-7.94,0.2
4222,573,199,324.17,-2.09,0.2
4223,573,2,444.34,37.62,0.15
4224,573,124,535.85,63.41,0.1
4225,573,142,347.11,3.88,0.15
4226,573,225,500.63,-13.71,0.2
4227,573,218,507.47,14.0,0.2
4228,574,157,276.87,-1.05,0.15
4229,574,189,360.37,-7.9,0.15
4230,574,577,187.56,33.02,0.05
4231,574,467,387.13,48.46,0.1
4232,574,428,442.49,29.93,0.15
4233,574,395,278.37,4.51,0.1
4234,574,210,360.0,46.26,0.1
4235,575,143,346.01,22.35,0.1
4236,575,188,360.05,-29.54,0.2
4237,575,537,481.71,39.43,0.15
4238,575,211,546.68,50.66,0.15
4239,575,447,341.52,-18.14,0.2
4240,575,38,441.45,39.08,0.1
4241,575,42,330.6,19.26,0.15
4242,575,482,288.49,16.84,0.1
4243,576,126,439.76,62.5,0.1
4244,576,295,174.43,19.32,0.05
4245,576,580,250.75,-9.64,0.15
4246,576,27,355.12,14.04,0.15
4247,576,383,302.13,6.12,0.15
4248,576,116,241.6,-10.83,0.2
4249,576,382,150.42,16.96,0.05
4250,576,182,276.78,4.54,0.1
4251,576,263,399.93,24.74,0.15
4252,576,132,288.07,-22.14,0.2
4253,576,141,278.46,8.57,0.1
4254,576,304,361.16,-12.33,0.2
4255,577,254,223.38,38.89,0.05
4256,577,283,312.83,-19.18,0.2
4257,577,105,312.88,-12.4,0.15
4258,577,223,259.61,-4.2,0.1
4259,577,398,288.3,39.29,0.05
4260,577,322,271.28,-21.93,0.15
4261,577,530,404.71,-9.2,0.2
4262,578,446,222.94,30.02,0.05
4263,578,95,374.5,25.76,0.1
4264,578,377,184.6,21.38,0.05
4265,578,435,152.81,22.56,0.05
4266,578,443,315.95,-8.21,0.15
4267,578,54,362.51,-8.94,0.2
4268,578,172,531.57,1.5,0.2
4269,578,437,176.84,21.79,0.05
4270,578,450,316.55,-23.04,0.2
4271,579,482,191.32,-7.82,0.15
4272,579,578,250.67,-19.68,0.2
4273,579,64,219.85,-34.78,0.2
4274,579,80,288.74,-33.1,0.2
4275,579,65,173.99,0.5,0.1
4276,579,141,194.74,-11.61,0.15
4277,579,154,218.87,-27.02,0.2
4278,579,438,225.62,-2.8,0.15
4279,579,378,232.79,-5.94,0.15
4280,580,135,199.54,-17.4,0.15
4281,580,269,219.82,10.91,0.1
4282,580,297,133.54,16.4,0.05
4283,580,25,250.01,10.24,0.1
4284,580,58,325.78,-17.09,0.2
4285,580,57,256.99,-2.83,0.15
4286,580,523,284.14,-13.58,0.15
4287,580,16,405.89,-14.29,0.2
4288,581,550,537.6,-10.77,0.2
4289,581,261,347.14,-0.36,0.15
4290,581,561,207.45,-32.14,0.15
4291,582,354,315.62,14.69,0.15
4292,582,583,399.85,13.42,0.15
4293,582,446,292.6,41.33,0.05
4294,582,133,230.43,-17.08,0.15
4295,582,338,207.27,18.35,0.05
4296,583,183,158.39,-32.55,0.2
4297,583,226,155.53,2.65,0.1
4298,583,165,85.11,2.57,0.05
4299,583,81,338.22,-25.81,0.2
4300,583,210,305.1,-6.77,0.2
4301,583,132,162.76,-10.37,0.15
4302,583,285,155.32,4.79,0.1
4303,583,527,304.76,1.38,0.15
4304,583,61,85.23,-4.24,0.1
4305,583,429,232.63,4.76,0.15
4306,583,360,299.95,10.16,0.15
4307,583,511,115.65,13.85,0.05
4308,583,430,124.18,-7.51,0.1
4309,584,5,476.6,6.46,0.2
4310,584,71,377.64,50.17,0.05
4311,584,65,387.93,0.15,0.15
4312,584,292,306.69,10.8,0.15
4313,584,122,243.07,20.46,0.05
4314,584,379,329.54,46.99,0.05
4315,584,113,319.87,38.06,0.05
4316,584,179,324.48,-10.54,0.2
4317,584,543,242.45,-31.06,0.2
4318,584,273,332.11,34.28,0.1
4319,584,524,235.69,-41.19,0.2
4320,584,408,248.56,17.69,0.05
4321,584,103,367.79,18.35,0.15
4322,584,55,201.55,11.62,0.05
4323,585,117,60.11,5.87,0.05
4324,586,154,48.77,0.22,0.05
4325,586,441,136.67,-9.95,0.15
4326,586,585,86.92,9.33,0.05
4327,586,304,173.74,-19.04,0.2
4328,586,90,66.21,2.17,0.05
4329,586,356,112.55,-4.15,0.1
4330,586,79,174.98,-10.4,0.15
4331,586,386,50.58,0.18,0.05
4332,586,575,133.15,8.81,0.1
4333,587,515,231.4,31.56,0.05
4334,587,8,440.92,10.88,0.15
4335,587,126,269.14,52.5,0.05
4336,587,374,272.9,-2.07,0.15
4337,587,121,323.53,56.05,0.05
4338,587,351,388.17,20.54,0.1
4339,587,260,510.4,27.02,0.15
4340,587,76,328.48,-0.16,0.15
4341,587,330,254.67,12.46,0.1
4342,587,140,310.91,11.62,0.15
4343,587,396,410.01,2.24,0.15
4344,588,424,187.01,30.67,0.05
4345,588,437,349.74,28.87,0.1
4346,588,492,241.4,44.21,0.05
4347,588,439,254.88,-13.65,0.2
4348,588,520,228.73,3.57,0.1
4349,588,363,304.03,1.83,0.1
4350,589,420,165.46,24.34,0.05
4351,589,360,513.25,34.17,0.15
4352,589,3,370.66,0.02,0.2
4353,589,7,369.91,-23.74,0.2
4354,590,488,509.57,76.84,0.1
4355,590,418,317.25,38.8,0.05
4356,590,573,372.26,-3.29,0.2
4357,590,294,349.63,4.5,0.15
4358,590,246,433.49,15.52,0.15
4359,590,418,392.32,-12.92,0.2
4360,590,573,372.26,-3.29,0.2
4361,590,136,311.71,38.95,0.05
4362,590,421,284.36,44.59,0.05
4363,590,138,394.29,38.13,0.1
4364,591,41,138.75,21.66,0.05
4365,591,489,304.59,-12.04,0.2
4366,591,258,299.91,-14.18,0.2
4367,591,477,287.16,4.8,0.15
4368,591,188,142.15,7.19,0.05
4369,591,440,205.08,11.89,0.1
4370,591,451,243.37,9.1,0.1
4371,591,69,194.62,21.95,0.05
4372,591,167,254.94,3.43,0.1
4373,591,382,277.76,0.84,0.15
4374,592,577,437.74,33.96,0.15
4375,592,524,215.88,-15.48,0.1
4376,592,45,410.44,37.34,0.1
4377,592,550,511.59,51.81,0.1
4378,593,523,233.08,-14.43,0.15
4379,593,199,144.57,7.75,0.1
4380,593,248,180.61,-4.17,0.15
4381,593,279,308.34,3.45,0.15
4382,593,289,145.17,-6.67,0.1
4383,593,335,103.63,9.3,0.05
4384,593,179,83.73,7.18,0.05
4385,593,158,165.38,-10.49,0.15
4386,594,444,341.35,-25.77,0.2
4387,594,40,192.07,21.68,0.05
4388,594,243,187.0,23.34,0.05
4389,594,479,148.57,5.85,0.05
4390,595,383,234.93,16.21,0.1
4391,596,328,160.18,15.44,0.05
4392,596,473,282.6,9.93,0.1
4393,596,547,304.28,13.67,0.1
4394,596,329,338.42,33.21,0.1
4395,596,494,320.78,6.27,0.15
4396,596,108,148.37,12.74,0.05
4397,596,359,284.99,-27.21,0.2
4398,596,468,365.66,-27.28,0.2
4399,596,384,391.81,-4.55,0.2
4400,596,561,175.45,-22.05,0.1
4401,596,223,272.22,-37.04,0.2
4402,597,342,328.27,34.92,0.05
4403,597,365,447.75,14.27,0.15
4404,598,305,286.19,-17.34,0.2
4405,598,128,373.16,45.39,0.1
4406,598,495,220.66,27.44,0.05
4407,598,462,369.83,20.04,0.1
4408,598,131,371.99,9.89,0.15
4409,598,494,324.02,26.68,0.1
4410,598,24,410.47,30.74,0.1
4411,598,332,529.2,8.23,0.2
4412,598,1,269.03,48.77,0.05
4413,598,81,524.44,-14.13,0.2
4414,598,228,168.99,7.26,0.05
4415,598,306,227.69,30.08,0.05
4416,598,440,301.73,-10.48,0.2
4417,598,161,276.81,8.83,0.1
4418,599,520,91.29,-3.8,0.1
4419,599,363,69.73,0.28,0.05
4420,600,462,335.62,13.69,0.1
4421,601,547,339.21,-3.74,0.15
4422,601,382,282.93,2.97,0.15
4423,601,264,324.96,-7.62,0.2
4424,601,204,448.33,-6.04,0.2
4425,601,286,166.84,21.72,0.05
4426,602,37,315.28,11.61,0.15
4427,602,462,346.11,16.74,0.1
4428,603,132,286.64,-5.1,0.15
4429,603,218,434.69,59.31,0.1
4430,603,43,295.32,-5.81,0.2
4431,603,343,442.59,9.06,0.15
4432,603,351,424.93,-24.27,0.2
4433,603,100,379.53,22.58,0.15
4434,603,303,367.35,36.92,0.1
4435,603,249,385.48,22.38,0.15
4436,603,26,234.52,25.09,0.05
4437,603,196,269.55,47.06,0.05
4438,604,208,552.18,16.28,0.2
4439,604,269,352.97,3.27,0.15
4440,604,299,320.91,19.81,0.1
4441,604,223,265.37,-19.87,0.15
4442,604,256,188.44,31.34,0.05
4443,604,15,233.63,-14.5,0.15
4444,604,274,254.32,-25.89,0.15
4445,604,407,259.35,2.97,0.15
4446,604,487,210.96,38.25,0.05
4447,605,122,274.77,6.25,0.1
4448,605,283,155.92,14.68,0.05
4449,605,551,219.76,24.78,0.05
4450,606,393,317.36,-25.35,0.2
4451,606,392,274.42,4.39,0.1
4452,606,542,241.61,24.96,0.05
4453,606,258,318.72,7.82,0.15
4454,606,40,406.65,31.64,0.1
4455,606,175,320.63,8.96,0.15
4456,606,2,297.52,57.23,0.05
4457,606,56,418.01,-13.64,0.2
4458,606,86,380.53,0.26,0.2
4459,606,33,281.14,-33.71,0.2
4460,606,128,272.93,47.65,0.05
4461,606,218,468.77,39.1,0.15
4462,606,263,402.11,51.05,0.1
4463,607,0,150.39,7.32,0.1
4464,607,64,267.73,-37.76,0.2
4465,607,123,110.72,8.49,0.05
4466,607,185,121.07,16.84,0.05
4467,607,435,254.82,7.98,0.15
4468,608,115,231.1,36.23,0.05
4469,608,298,335.05,6.79,0.15
4470,608,139,393.95,79.96,0.05
4471,608,147,496.19,2.48,0.2
4472,608,573,359.8,-7.35,0.2
4473,608,351,329.53,36.85,0.05
4474,608,82,367.47,15.19,0.1
4475,608,314,432.4,-15.71,0.2
4476,608,20,299.4,34.63,0.05
4477,609,452,148.18,16.74,0.05
4478,609,299,230.38,10.47,0.1
4479,609,581,401.99,-10.14,0.2
4480,609,477,110.4,12.53,0.05
4481,609,459,325.94,3.87,0.15
4482,609,549,287.91,15.24,0.1
4483,609,359,103.95,5.54,0.05
4484,609,73,241.57,4.13,0.1
4485,609,4,242.19,20.61,0.1
4486,609,134,93.53,2.53,0.05
4487,610,305,252.88,-21.24,0.2
4488,610,207,218.87,1.55,0.15
4489,610,487,397.37,0.52,0.2
4490,610,58,204.22,10.95,0.1
4491,610,196,422.19,-3.32,0.2
4492,610,346,124.83,10.74,0.05
4493,610,401,253.52,4.8,0.15
4494,610,365,392.89,-22.18,0.2
4495,610,399,153.53,21.44,0.05
4496,611,547,336.96,-25.98,0.2
4497,611,346,137.52,12.45,0.05
4498,611,574,124.0,18.19,0.05
4499,611,577,152.06,25.09,0.05
4500,611,338,296.97,-9.34,0.15
4501,611,207,261.46,-12.82,0.2
4502,611,79,162.92,17.55,0.05
4503,611,262,95.59,8.7,0.05
4504,611,472,175.26,-16.78,0.15
4505,611,84,258.69,8.2,0.1
4506,612,150,392.37,-6.96,0.2
4507,612,174,306.65,-14.12,0.2
4508,612,116,209.1,-0.6,0.15
4509,612,269,346.76,-19.31,0.2
4510,612,348,300.17,-15.02,0.15
4511,613,154,46.41,0.01,0.05
4512,613,185,138.64,-3.99,0.15
4513,613,187,128.57,2.39,0.1
4514,613,375,82.47,-6.54,0.1
4515,613,13,101.69,-1.49,0.1
4516,613,90,63.0,2.21,0.05
4517,613,106,56.84,0.93,0.05
4518,614,532,291.95,-21.55,0.2
4519,614,472,191.07,-16.05,0.15
4520,614,39,287.14,45.88,0.05
4521,615,162,148.22,-14.89,0.15
4522,615,421,181.26,-0.7,0.15
4523,615,238,161.03,-13.13,0.15
4524,616,70,141.36,9.76,0.05
4525,616,302,155.66,18.14,0.05
4526,616,584,261.95,18.61,0.1
4527,616,131,347.95,-17.39,0.2
4528,616,229,319.54,-20.3,0.2
4529,616,492,443.09,3.1,0.2
4530,616,501,206.79,5.87,0.1
4531,616,0,237.05,3.55,0.15
4532,616,350,269.07,-22.11,0.15
4533,617,398,478.16,-18.69,0.2
4534,617,395,219.37,1.54,0.1
4535,617,472,126.8,-6.85,0.1
4536,617,303,139.92,18.47,0.05
4537,618,226,236.46,11.06,0.1
4538,618,34,226.84,2.97,0.1
4539,618,259,135.64,18.26,0.05
4540,618,570,245.47,8.6,0.1
4541,618,359,104.53,5.15,0.05
4542,618,110,259.05,-36.73,0.2
4543,618,40,151.71,15.65,0.05
4544,618,267,272.25,4.1,0.15
4545,618,253,228.5,2.17,0.1
4546,618,98,153.2,5.32,0.1
4547,618,206,174.48,30.98,0.05
4548,618,213,340.39,-10.77,0.15
4549,619,289,286.69,-36.25,0.2
4550,619,202,423.36,-9.67,0.2
4551,619,522,211.26,-14.17,0.15
4552,619,207,122.55,15.11,0.05
4553,619,376,399.34,4.57,0.15
4554,619,247,422.22,11.46,0.15
4555,619,416,228.53,18.62,0.1
4556,619,495,249.84,16.03,0.1
4557,619,83,378.81,-28.17,0.2
4558,619,4,169.78,25.21,0.05
4559,619,246,381.18,6.16,0.15
4560,619,576,270.27,28.74,0.1
4561,620,265,238.83,1.53,0.15
4562,621,468,153.45,13.08,0.05
4563,621,208,522.29,45.65,0.15
4564,621,29,163.65,26.76,0.05
4565,621,79,323.39,20.44,0.1
4566,621,112,340.57,-8.46,0.15
4567,621,402,285.65,31.21,0.1
4568,621,462,358.64,-7.1,0.15
4569,621,150,171.93,26.3,0.05
4570,621,306,239.93,15.51,0.1
4571,621,103,338.83,-11.47,0.2
4572,621,457,147.75,16.37,0.05
4573,622,386,139.74,9.33,0.05
4574,622,258,147.24,17.65,0.05
4575,622,387,211.08,28.05,0.05
4576,622,302,341.62,25.14,0.1
4577,622,99,387.34,23.2,0.15
4578,622,278,264.78,-11.72,0.15
4579,622,580,217.45,4.73,0.1
4580,622,453,211.41,-30.4,0.15
4581,623,114,292.57,-6.86,0.2
4582,623,297,371.23,-12.95,0.2
4583,623,442,297.86,-23.81,0.2
4584,623,373,307.76,-15.81,0.2
4585,623,12,223.57,-5.63,0.15
4586,623,408,202.96,-1.46,0.1
4587,623,354,300.67,-8.84,0.2
4588,623,148,203.91,7.95,0.1
4589,623,472,189.3,-28.64,0.2
4590,623,389,139.39,21.49,0.05
4591,623,297,254.96,19.2,0.1
4592,623,342,139.09,10.48,0.05
4593,623,28,328.42,-11.65,0.2
4594,623,531,348.05,6.71,0.15
4595,624,87,439.13,-2.55,0.2
4596,624,467,517.83,13.21,0.2
4597,624,360,551.12,43.93,0.15
4598,624,31,233.14,35.2,0.05
4599,624,213,297.29,29.55,0.05
4600,625,229,196.54,7.56,0.1
4601,625,126,385.3,26.72,0.15
4602,625,409,159.49,-6.41,0.1
4603,625,425,119.66,17.1,0.05
4604,625,415,118.84,16.34,0.05
4605,625,249,227.83,19.68,0.1
4606,625,196,421.99,-3.35,0.2
4607,625,163,103.82,6.87,0.05
4608,625,140,186.17,14.15,0.1
4609,625,371,132.87,9.83,0.05
4610,626,93,235.03,22.39,0.1
4611,626,507,96.09,9.92,0.05
4612,626,40,125.88,11.85,0.05
4613,626,455,81.16,-1.62,0.05
4614,626,339,270.9,-35.7,0.2
4615,627,436,357.12,22.36,0.15
4616,628,330,262.0,-21.65,0.2
4617,628,545,122.32,5.86,0.05
4618,628,307,274.47,12.69,0.1
4619,628,270,147.81,15.4,0.05
4620,628,199,122.26,16.37,0.05
4621,628,76,315.47,-4.95,0.15
4622,628,388,339.79,-4.53,0.2
4623,628,155,148.17,18.64,0.05
4624,628,28,334.18,-10.78,0.2
4625,628,199,216.03,17.23,0.1
4626,628,443,244.16,5.41,0.1
4627,628,58,144.88,16.64,0.05
4628,628,392,272.74,-32.27,0.2
4629,629,483,291.29,17.77,0.1
4630,629,364,198.81,21.75,0.05
4631,629,247,396.22,35.6,0.1
4632,629,262,230.43,14.03,0.1
4633,630,43,245.8,22.95,0.1
4634,630,541,177.78,18.78,0.05
4635,630,384,339.08,34.61,0.1
4636,630,499,315.45,28.75,0.1
4637,630,354,303.81,10.14,0.15
4638,630,144,264.36,9.59,0.1
4639,630,90,371.33,-2.77,0.15
4640,631,138,397.57,-11.63,0.2
4641,631,149,326.62,-10.44,0.2
4642,631,223,160.32,4.57,0.05
4643,631,246,410.9,-14.04,0.2
4644,631,223,272.0,-18.54,0.15
4645,631,103,359.01,-6.25,0.2
4646,631,393,294.41,-9.93,0.15
4647,631,567,144.79,-0.5,0.05
4648,631,531,403.73,-9.21,0.2
4649,631,39,613.78,0.26,0.2
4650,631,444,356.0,-25.77,0.2
4651,631,503,274.71,-7.86,0.15
4652,631,170,196.42,23.14,0.05
4653,632,560,182.53,-2.36,0.1
4654,632,563,191.11,-10.9,0.15
4655,632,506,298.42,9.94,0.15
4656,632,58,308.16,-17.7,0.2
4657,632,372,282.21,-17.36,0.2
4658,632,567,181.47,-24.08,0.15
4659,632,89,194.37,2.53,0.1
4660,632,430,262.81,-38.24,0.2
4661,632,1,209.48,21.25,0.1
4662,632,562,178.67,-30.17,0.2
4663,632,66,223.3,-17.55,0.15
4664,632,556,287.33,-33.3,0.2
4665,632,88,215.02,-5.81,0.15
4666,633,182,269.99,4.11,0.1
4667,633,358,503.5,23.86,0.15
4668,633,306,325.1,-13.61,0.2
4669,633,128,382.36,-1.26,0.2
4670,633,264,318.22,10.79,0.15
4671,633,579,309.66,1.74,0.15
4672,633,267,278.09,22.84,0.1
4673,633,113,198.63,19.3,0.05
4674,633,395,171.06,11.34,0.05
4675,633,208,275.56,54.56,0.05
4676,634,313,347.85,-25.97,0.2
4677,634,274,225.8,3.33,0.05
4678,634,356,380.17,19.4,0.1
4679,634,132,321.39,-17.14,0.2
4680,634,25,417.45,32.68,0.1
4681,634,348,348.52,11.36,0.1
4682,634,509,328.04,20.74,0.1
4683,635,295,282.51,16.77,0.1
4684,636,220,326.59,64.78,0.05
4685,636,130,388.89,-0.29,0.2
4686,637,94,407.47,22.58,0.15
4687,637,337,280.86,-31.84,0.2
4688,637,539,108.66,9.03,0.05
4689,638,97,306.31,11.38,0.15
4690,639,327,272.93,15.39,0.1
4691,639,341,238.24,-0.57,0.1
4692,639,203,324.31,2.61,0.15
4693,639,389,355.47,19.46,0.15
4694,639,149,309.92,-14.04,0.2
4695,640,563,258.03,-7.19,0.15
4696,640,357,246.66,25.89,0.05
4697,640,92,443.01,29.1,0.15
4698,640,143,342.71,23.72,0.1
4699,641,160,379.3,-21.21,0.2
4700,641,446,473.93,17.28,0.15
4701,642,406,349.67,-5.89,0.2
4702,642,111,456.05,42.08,0.1
4703,642,516,529.71,-1.19,0.2
4704,642,515,416.22,-11.86,0.2
4705,642,291,323.47,14.56,0.15
4706,642,142,325.96,-21.21,0.2
4707,642,518,204.83,26.04,0.05
4708,642,472,176.81,-5.2,0.1
4709,643,489,121.03,14.99,0.05
4710,643,276,195.51,-8.72,0.1
4711,643,115,276.49,-8.26,0.2
4712,644,390,182.14,27.95,0.05
4713,644,300,320.15,-22.44,0.2
4714,644,375,274.56,1.69,0.1
4715,644,303,379.35,15.56,0.15
4716,644,217,540.6,15.85,0.2
4717,644,159,320.05,14.03,0.1
4718,644,426,365.89,-4.38,0.2
4719,644,70,204.82,16.51,0.05
4720,644,504,277.52,-7.52,0.15
4721,644,452,416.2,-13.05,0.2
4722,644,527,508.0,55.1,0.1
4723,644,448,158.33,12.12,0.05
4724,644,544,406.25,-18.68,0.2
4725,644,300,174.97,14.86,0.05
4726,645,567,131.02,-1.0,0.05
4727,645,105,167.44,10.82,0.05
4728,645,379,401.17,7.6,0.15
4729,645,375,293.43,-31.08,0.2
4730,645,524,209.41,-31.66,0.15
4731,645,327,335.15,23.17,0.1
4732,645,239,140.86,3.47,0.05
4733,646,487,416.57,57.96,0.1
4734,646,37,337.87,16.13,0.15
4735,647,435,325.95,16.94,0.15
4736,647,171,380.39,-11.56,0.2
4737,647,120,229.56,19.92,0.05
4738,648,547,338.62,-25.74,0.2
4739,648,225,431.1,-21.95,0.2
4740,648,160,140.93,12.19,0.05
4741,648,1,368.89,0.08,0.2
4742,648,300,301.47,-26.34,0.2
4743,648,489,288.58,6.28,0.15
4744,648,492,177.76,30.13,0.05
4745,649,538,79.47,-9.93,0.15
4746,649,113,103.25,-13.96,0.15
4747,649,45,105.57,-11.3,0.15
4748,649,322,53.33,-8.83,0.1
4749,649,427,91.43,1.17,0.1
4750,649,96,126.56,-24.8,0.2
4751,649,337,56.63,-6.92,0.1
4752,649,120,116.04,-25.45,0.2
4753,649,121,150.88,-10.1,0.15
4754,649,358,101.17,-1.35,0.1
4755,649,371,77.02,-6.25,0.1
4756,649,296,35.5,0.1,0.05
4757,649,559,108.28,-15.17,0.15
4758,649,7,41.73,-0.33,0.05
4759,650,236,186.69,14.92,0.05
4760,650,428,298.98,57.02,0.05
4761,650,211,550.83,51.49,0.15
4762,650,15,243.6,-14.7,0.15
4763,650,200,329.6,17.8,0.15
4764,650,175,201.52,27.04,0.05
4765,650,358,525.23,30.4,0.15
4766,650,138,250.01,34.41,0.05
4767,650,17,352.72,22.39,0.15
4768,650,79,422.78,32.23,0.1
4769,650,130,247.67,42.58,0.05
4770,650,151,419.7,24.85,0.15
4771,650,128,368.92,44.33,0.1
4772,650,109,164.86,9.1,0.05
4773,651,90,80.83,4.43,0.05
4774,651,203,124.77,1.86,0.1
4775,651,400,101.8,-1.61,0.1
4776,651,448,139.2,-11.91,0.15
4777,652,464,223.99,-16.79,0.2
4778,652,329,333.32,32.5,0.1
4779,652,331,380.54,44.02,0.1
4780,652,2,401.86,29.13,0.15
4781,652,85,378.57,22.29,0.15
4782,652,528,370.39,1.08,0.15
4783,652,231,380.18,-15.11,0.2
4784,652,208,469.07,69.31,0.1
4785,652,379,406.98,-15.14,0.2
4786,652,144,295.85,-6.68,0.15
4787,652,493,233.31,43.16,0.05
4788,652,44,159.79,25.64,0.05
4789,653,111,294.7,-0.95,0.15
4790,653,266,310.58,9.43,0.15
4791,653,529,114.82,-6.15,0.1
4792,653,570,164.17,2.1,0.1
4793,653,204,317.06,-14.38,0.2
4794,653,226,212.31,-6.43,0.15
4795,654,195,138.17,19.37,0.05
4796,655,148,297.32,-21.69,0.2
4797,655,248,179.1,9.29,0.1
4798,655,305,100.96,7.8,0.05
4799,655,55,224.91,-15.7,0.15
4800,655,154,254.06,-11.53,0.15
4801,655,263,368.63,20.04,0.15
4802,655,74,124.55,10.26,0.05
4803,655,483,122.42,12.29,0.05
4804,655,54,328.5,10.32,0.15
4805,655,91,266.34,1.73,0.15
4806,655,490,345.22,-6.36,0.2
4807,655,566,256.62,-39.21,0.2
4808,655,504,252.41,-10.44,0.15
4809,656,355,342.6,-1.44,0.2
4810,656,413,424.56,16.95,0.15
4811,656,344,362.73,43.71,0.05
4812,657,119,264.35,11.35,0.1
4813,657,558,115.07,4.13,0.05
4814,658,526,458.83,-14.43,0.2
4815,659,505,263.69,8.25,0.1
4816,659,65,357.78,-6.97,0.15
4817,659,118,381.15,-2.39,0.15
4818,659,432,152.95,5.48,0.05
4819,659,69,460.65,8.71,0.15
4820,659,314,199.98,21.37,0.05
4821,659,271,303.82,17.3,0.1
4822,659,386,149.56,10.38,0.05
4823,659,411,375.49,-0.65,0.15
4824,660,404,349.81,-2.82,0.2
4825,660,482,321.36,4.77,0.15
4826,660,281,497.67,11.46,0.2
4827,660,452,456.24,-7.04,0.2
4828,660,250,293.29,1.58,0.1
4829,660,371,422.17,1.25,0.15
4830,660,306,347.31,11.65,0.15
4831,660,232,283.41,13.4,0.1
4832,660,198,361.33,1.66,0.2
4833,661,94,190.5,14.35,0.1
4834,661,91,130.76,4.3,0.1
4835,661,149,227.87,-16.99,0.2
4836,661,424,256.81,-9.03,0.2
4837,662,258,299.29,5.03,0.15
4838,662,297,190.42,26.11,0.05
4839,662,436,168.78,25.74,0.05
4840,662,196,432.88,26.2,0.15
4841,662,161,139.09,9.15,0.05
4842,663,549,451.97,9.56,0.15
4843,664,324,500.96,28.94,0.15
4844,664,191,295.03,3.79,0.15
4845,664,231,183.11,22.56,0.05
4846,664,513,472.01,27.04,0.15
4847,664,99,387.61,23.26,0.15
4848,664,265,233.38,37.43,0.05
4849,664,266,257.43,44.53,0.05
4850,664,588,252.72,13.74,0.1
4851,664,164,326.49,-2.46,0.15
4852,664,523,295.55,6.31,0.1
4853,664,334,455.33,61.29,0.1
4854,664,421,261.87,23.07,0.1
4855,665,292,141.81,18.86,0.05
4856,665,497,356.23,37.49,0.1
4857,665,296,313.11,-17.52,0.2
4858,665,431,289.87,3.7,0.1
4859,665,111,508.71,-12.68,0.2
4860,665,246,385.76,7.07,0.15
4861,665,411,373.1,-1.13,0.15
4862,665,316,232.36,14.44,0.1
4863,665,272,466.5,33.59,0.15
4864,665,363,159.3,7.62,0.05
4865,666,90,116.84,-2.58,0.1
4866,666,453,89.18,-20.35,0.15
4867,666,68,151.68,-15.34,0.15
4868,666,401,155.8,-15.65,0.2
4869,666,204,137.57,5.16,0.1
4870,666,127,69.25,7.97,0.05
4871,666,236,50.51,0.56,0.05
4872,666,356,153.08,-14.42,0.15
4873,667,574,335.36,18.85,0.15
4874,667,164,211.7,22.81,0.05
4875,667,200,327.56,17.4,0.15
4876,667,281,447.63,32.58,0.15
4877,667,553,225.64,20.55,0.05
4878,667,235,207.44,6.92,0.1
4879,667,24,422.92,4.62,0.15
4880,667,199,303.08,-5.25,0.2
4881,667,282,277.99,4.65,0.15
4882,667,163,192.98,16.86,0.05
4883,667,458,225.07,28.8,0.05
4884,668,202,335.03,8.62,0.15
4885,668,493,159.91,27.21,0.05
4886,668,554,93.14,1.56,0.05
4887,668,298,104.34,9.42,0.05
4888,668,326,315.39,3.47,0.15
4889,668,524,123.3,-15.51,0.1
4890,668,28,198.0,13.4,0.1
4891,668,307,287.07,-4.71,0.15
4892,669,325,72.76,5.61,0.05
4893,669,537,234.47,-11.72,0.2
4894,669,55,101.27,-14.02,0.15
4895,669,410,161.5,-27.28,0.2
4896,670,100,373.92,-2.56,0.2
4897,670,210,356.41,45.65,0.1
4898,670,555,359.23,-4.99,0.15
4899,670,387,201.44,26.97,0.05
4900,670,57,143.09,14.29,0.05
4901,670,201,272.57,28.79,0.1
4902,670,391,314.41,36.5,0.1
4903,670,23,321.11,16.97,0.1
4904,670,174,146.09,17.97,0.05
4905,670,566,215.63,-7.96,0.1
4906,670,215,194.78,33.85,0.05
4907,670,330,265.14,-21.18,0.2
4908,670,81,223.07,26.93,0.05
4909,671,341,170.75,9.87,0.05
4910,671,142,307.31,15.85,0.1
4911,671,411,364.29,19.64,0.1
4912,671,34,358.93,-27.13,0.2
4913,671,228,245.35,-29.23,0.2
4914,671,88,297.56,-17.54,0.2
4915,672,474,171.83,3.49,0.1
4916,672,61,54.27,0.57,0.05
4917,672,5,332.43,-8.29,0.2
4918,672,360,142.31,21.09,0.05
4919,672,582,308.8,-18.53,0.2
4920,672,307,283.79,-24.24,0.2
4921,672,61,154.94,-23.89,0.2
4922,672,475,87.72,4.65,0.05
4923,672,379,110.32,10.69,0.05
4924,673,280,316.83,16.7,0.1
4925,673,565,321.98,-33.44,0.2
4926,673,59,406.36,-4.82,0.2
4927,673,271,172.04,17.92,0.05
4928,673,283,306.42,-20.14,0.2
4929,673,336,290.24,-8.22,0.15
4930,673,165,180.07,12.67,0.05
4931,673,278,267.68,-11.14,0.15
4932,673,285,357.83,6.02,0.15
4933,674,119,323.75,39.34,0.05
4934,674,40,434.68,11.09,0.15
4935,674,198,338.14,19.62,0.15
4936,674,130,379.01,45.76,0.1
4937,674,68,288.31,28.22,0.05
4938,674,587,355.73,32.67,0.1
4939,674,75,294.04,39.56,0.05
4940,674,61,220.06,-21.39,0.2
4941,674,309,287.28,48.78,0.05
4942,674,38,481.55,18.58,0.15
4943,674,383,239.72,33.11,0.05
4944,674,284,301.53,44.05,0.05
4945,674,395,358.41,-5.0,0.15
4946,675,477,304.33,27.71,0.1
4947,675,489,332.89,15.44,0.15
4948,675,479,340.5,-10.62,0.15
4949,676,271,358.58,5.58,0.15
4950,676,62,274.59,19.02,0.1
4951,676,242,513.09,24.97,0.15
4952,676,550,541.83,22.97,0.15
4953,676,361,310.01,45.46,0.05
4954,676,109,284.79,-22.36,0.2
4955,676,419,515.17,0.08,0.2
4956,676,421,311.07,32.07,0.1
4957,677,125,290.25,11.1,0.15
4958,677,126,314.8,62.01,0.05
4959,677,529,280.86,-29.69,0.2
4960,677,523,336.33,10.86,0.1
4961,677,43,299.97,-4.02,0.2
4962,677,446,479.73,18.44,0.15
4963,677,413,370.88,32.34,0.1
4964,677,333,301.43,54.61,0.05
4965,677,510,363.67,29.3,0.1
4966,678,92,442.38,55.16,0.1
4967,678,289,305.29,-16.29,0.15
4968,678,481,280.72,15.38,0.1
4969,678,92,344.51,63.11,0.05
4970,678,93,463.12,32.18,0.15
4971,678,347,375.94,-19.29,0.2
4972,678,243,400.75,36.34,0.1
4973,678,248,282.31,6.62,0.15
4974,679,60,281.4,-17.25,0.2
4975,679,144,288.39,-7.08,0.15
4976,679,227,243.84,9.61,0.1
4977,679,142,128.69,10.52,0.05
4978,679,120,357.26,-29.34,0.2
4979,679,343,308.8,19.41,0.1
4980,679,446,456.55,-15.67,0.2
4981,679,63,269.99,-38.27,0.2
4982,679,35,194.31,12.03,0.1
4983,679,342,147.45,12.46,0.05
4984,680,369,212.78,24.06,0.05
4985,680,502,279.74,-6.9,0.15
4986,680,483,327.91,5.06,0.15
4987,680,285,370.77,9.7,0.15
4988,680,351,414.24,0.59,0.15
4989,680,474,351.66,19.78,0.1
4990,680,360,508.99,68.37,0.1
4991,680,116,242.77,4.85,0.15
4992,681,306,346.48,-10.4,0.2
4993,681,296,335.04,-14.23,0.2
4994,682,89,337.83,36.58,0.05
4995,682,165,332.85,29.86,0.05
4996,683,194,135.91,18.99,0.05
4997,683,231,233.31,14.39,0.1
4998,683,247,153.26,18.04,0.05
4999,683,298,300.84,-20.64,0.2
5000,684,361,343.49,31.67,0.1
5001,684,240,172.3,11.31,0.05
5002,684,463,339.84,-28.33,0.2
5003,684,153,302.98,-23.74,0.2
5004,684,108,302.15,-3.2,0.15
5005,684,484,304.51,-34.32,0.2
5006,684,529,264.48,-16.27,0.15
5007,684,60,289.04,2.44,0.15
5008,684,210,438.65,33.32,0.15
5009,684,124,505.22,57.94,0.1
5010,685,102,255.11,20.83,0.1
5011,685,536,271.69,27.53,0.1
5012,685,442,238.64,8.64,0.1
5013,685,96,384.38,0.45,0.15
5014,685,37,316.26,-8.54,0.2
5015,686,370,312.23,-15.75,0.15
5016,686,555,356.57,-5.52,0.15
5017,686,332,483.68,3.59,0.2
5018,687,476,268.44,-30.76,0.2
5019,687,107,223.12,-15.38,0.15
5020,687,554,190.61,7.37,0.05
5021,687,494,322.05,27.28,0.1
5022,687,404,210.25,31.79,0.05
5023,687,378,355.03,25.29,0.1
5024,687,554,288.94,-14.4,0.15
5025,687,234,215.89,-4.62,0.15
5026,687,474,386.58,-20.39,0.2
5027,687,539,285.19,-16.03,0.2
5028,688,514,375.71,11.99,0.15
5029,688,63,239.15,-5.85,0.1
5030,688,238,131.93,7.73,0.05
5031,688,77,210.94,-2.7,0.1
5032,689,364,355.69,-24.43,0.2
5033,689,46,284.09,-0.85,0.15
5034,689,132,157.75,1.43,0.1
5035,689,1,211.23,21.53,0.1
5036,689,35,206.54,-0.83,0.15
5037,689,436,189.27,15.3,0.1
5038,689,338,105.23,6.35,0.05
5039,689,462,280.82,-8.57,0.15
5040,689,532,161.52,3.09,0.1
5041,689,464,167.15,-6.4,0.15
5042,689,102,246.82,2.76,0.15
5043,689,530,123.75,14.6,0.05
5044,690,506,396.78,21.33,0.15
5045,690,164,341.57,-20.18,0.2
5046,690,144,299.8,-5.89,0.15
5047,690,102,335.89,-8.84,0.2
5048,690,380,319.15,-19.23,0.2
5049,690,134,259.77,-30.09,0.2
5050,690,53,328.28,30.8,0.1
5051,690,278,268.56,-10.97,0.15
5052,690,401,295.46,28.58,0.1
5053,691,169,138.59,13.72,0.05
5054,691,362,323.08,12.71,0.1
5055,691,222,312.62,-12.74,0.15
5056,691,403,318.72,13.0,0.15
5057,691,52,119.54,11.75,0.05
5058,691,325,181.2,24.51,0.05
5059,691,248,263.8,-14.06,0.2
5060,691,434,109.97,1.3,0.05
5061,691,253,272.83,5.18,0.1
5062,691,456,232.04,-3.16,0.1
5063,691,516,503.24,27.42,0.15
5064,691,384,374.33,17.06,0.15
5065,691,318,213.78,5.64,0.1
5066,692,434,265.72,-32.29,0.2
5067,692,131,232.58,30.05,0.05
5068,692,135,235.72,-1.44,0.1
5069,692,393,299.02,-10.1,0.15
5070,692,398,506.98,18.01,0.15
5071,693,368,137.22,15.56,0.05
5072,693,243,253.6,15.94,0.1
5073,693,343,157.88,16.24,0.05
5074,693,352,232.12,1.89,0.15
5075,693,589,334.95,-14.63,0.2
5076,693,144,291.57,-26.42,0.2
5077,693,202,364.98,11.3,0.15
5078,693,561,172.17,-32.3,0.15
5079,694,483,311.44,-18.36,0.2
5080,694,445,236.85,-35.92,0.2
5081,694,274,251.16,-42.76,0.2
5082,694,384,377.19,-6.74,0.2
5083,694,126,437.28,32.35,0.15
5084,694,391,374.56,-1.64,0.2
5085,694,94,164.14,25.77,0.05
5086,694,51,518.09,8.25,0.2
5087,694,483,293.88,-0.15,0.15
5088,695,412,99.11,8.37,0.05
5089,695,52,233.42,-18.36,0.2
5090,695,344,113.3,8.56,0.05
5091,695,412,99.11,8.37,0.05
5092,695,149,164.07,8.22,0.1
5093,695,44,282.58,-6.35,0.2
5094,695,363,96.48,2.35,0.05
5095,695,283,258.39,-22.92,0.2
5096,695,436,178.02,15.0,0.1
5097,695,446,401.28,-18.76,0.2
5098,696,35,284.66,-10.76,0.2
5099,696,291,329.09,15.68,0.15
5100,696,181,270.78,-32.06,0.2
5101,696,533,305.51,-0.78,0.15
5102,696,169,302.4,18.52,0.1
5103,696,182,310.83,-28.25,0.2
5104,696,530,373.52,33.45,0.1
5105,696,287,444.37,51.29,0.1
5106,696,445,233.95,-7.12,0.1
5107,697,345,409.41,5.02,0.15
5108,697,141,328.82,1.04,0.15
5109,697,331,503.54,9.26,0.2
5110,698,134,254.89,-29.72,0.2
5111,698,353,317.27,14.37,0.15
5112,698,146,257.93,7.04,0.1
5113,698,290,331.78,-33.02,0.2
5114,698,348,331.98,-15.31,0.15
5115,698,146,307.05,-24.77,0.2
5116,698,299,169.04,17.45,0.05
5117,698,379,405.53,-15.36,0.2
5118,698,113,393.63,-24.71,0.2
5119,698,112,356.08,-27.11,0.2
5120,699,521,141.87,16.68,0.05
5121,699,101,297.13,-15.55,0.2
5122,699,448,272.32,-26.05,0.2
5123,699,401,120.6,15.56,0.05
5124,699,39,540.6,26.52,0.15
5125,699,540,353.31,1.57,0.15
5126,699,10,169.54,27.15,0.05
5127,699,194,262.85,24.28,0.1
5128,699,562,191.47,-31.44,0.2
5129,699,111,463.17,12.71,0.15
5130,699,402,351.01,16.31,0.15
5131,699,211,365.03,49.79,0.1
5132,700,261,192.2,5.26,0.1
5133,700,418,110.87,9.69,0.05
5134,700,416,92.79,10.82,0.05
5135,700,174,103.57,11.61,0.05
5136,700,74,186.78,4.4,0.1
5137,701,116,239.69,-11.12,0.2
5138,701,227,303.18,17.21,0.1
5139,701,294,311.19,-2.1,0.15
5140,701,349,325.98,-13.97,0.15
5141,701,534,229.27,43.66,0.05
5142,701,112,311.93,10.81,0.1
5143,701,98,237.48,-16.19,0.2
5144,701,86,353.56,-3.78,0.2
5145,701,224,178.3,14.98,0.05
5146,702,521,78.3,6.9,0.05
5147,702,575,162.83,14.12,0.1
5148,702,111,186.6,7.46,0.1
5149,702,502,135.69,-13.6,0.15
5150,702,375,142.1,-15.23,0.15
5151,702,130,139.75,8.89,0.1
5152,702,93,262.65,-12.03,0.2
5153,702,311,54.4,-1.43,0.05
5154,703,577,435.85,34.68,0.15
5155,704,92,173.27,27.46,0.05
5156,704,443,315.82,-28.64,0.2
5157,704,395,132.93,7.89,0.05
5158,704,207,253.22,4.02,0.15
5159,705,503,284.98,-6.91,0.15
5160,705,461,433.15,7.18,0.15
5161,705,16,442.84,18.32,0.15
5162,705,102,239.77,35.53,0.05
5163,705,148,320.45,4.35,0.15
5164,705,298,228.74,25.79,0.05
5165,705,534,504.42,15.22,0.2
5166,705,418,247.86,29.33,0.05
5167,705,557,426.41,33.36,0.1
5168,705,186,490.0,-4.85,0.2
5169,705,549,464.94,12.16,0.15
5170,705,346,266.24,29.72,0.05
5171,706,538,291.34,-19.36,0.2
5172,706,269,131.04,13.51,0.05
5173,706,507,301.79,-13.46,0.2
5174,706,584,244.9,16.55,0.1
5175,706,287,402.0,19.82,0.15
5176,706,554,269.92,-35.68,0.2
5177,707,125,110.26,-5.11,0.15
5178,707,355,84.87,1.42,0.1
5179,707,477,141.48,-16.52,0.2
5180,707,492,177.55,-0.61,0.15
5181,707,455,44.49,-2.57,0.05
5182,707,232,108.22,-12.13,0.15
5183,707,544,66.17,3.71,0.05
5184,707,114,88.12,2.45,0.1
5185,707,516,152.36,6.2,0.1
5186,708,460,516.84,1.16,0.2
5187,709,60,198.21,10.25,0.1
5188,709,581,405.28,-9.64,0.2
5189,709,76,305.88,-3.63,0.15
5190,709,441,314.35,-1.5,0.15
5191,709,273,305.83,8.55,0.15
5192,709,19,179.74,22.36,0.05
5193,709,260,351.34,33.83,0.1
5194,709,214,385.78,-30.57,0.2
5195,709,198,124.49,17.9,0.05
5196,709,195,374.98,-9.4,0.2
5197,709,386,199.35,1.01,0.1
5198,709,62,104.94,9.46,0.05
5199,709,72,463.64,-22.74,0.2
5200,710,60,281.53,20.21,0.1
5201,710,392,294.23,-27.95,0.2
5202,710,2,268.85,50.99,0.05
5203,710,533,298.28,18.12,0.1
5204,710,103,224.91,33.17,0.05
5205,710,526,303.8,44.38,0.05
5206,710,47,311.84,17.22,0.1
5207,710,128,386.62,21.88,0.15
5208,710,285,371.55,8.76,0.15
5209,710,62,175.73,17.69,0.05
5210,711,220,565.89,84.87,0.1
5211,711,339,295.67,2.04,0.1
5212,711,439,145.58,15.49,0.05
5213,711,494,340.68,-11.44,0.2
5214,711,149,182.66,23.21,0.05
5215,711,576,323.66,37.16,0.1
5216,711,535,424.54,5.27,0.2
5217,711,463,191.08,13.43,0.05
5218,711,209,208.09,34.75,0.05
5219,711,85,389.39,24.45,0.15
5220,711,188,354.88,-30.32,0.2
5221,711,151,393.91,45.2,0.1
5222,711,209,208.09,34.75,0.05
5223,711,402,367.56,44.39,0.1
5224,712,216,405.3,2.42,0.2
5225,713,296,216.71,-20.35,0.2
5226,713,365,287.07,-23.71,0.2
5227,713,523,197.83,-14.87,0.15
5228,713,46,162.22,5.3,0.1
5229,713,155,85.47,8.42,0.05
5230,713,119,101.7,7.39,0.05
5231,714,574,360.15,23.81,0.15
5232,714,576,346.4,42.85,0.1
5233,714,261,367.39,3.69,0.15
5234,715,1,414.2,30.78,0.15
5235,715,396,448.27,9.9,0.15
5236,715,474,325.66,39.47,0.05
5237,715,173,257.29,34.07,0.05
5238,715,153,319.01,-3.42,0.15
5239,715,253,317.0,29.2,0.05
5240,715,417,487.38,24.91,0.15
5241,716,259,381.56,18.87,0.15
5242,716,203,333.07,24.7,0.1
5243,716,269,255.64,31.78,0.05
5244,716,5,422.4,52.7,0.1
5245,716,307,360.6,24.36,0.1
5246,716,496,370.23,38.79,0.1
5247,716,149,325.83,10.18,0.15
5248,716,438,379.07,-11.47,0.2
5249,717,427,459.73,64.82,0.1
5250,717,81,527.6,-13.66,0.2
5251,717,330,193.88,18.51,0.05
5252,717,419,451.37,48.56,0.1
5253,717,188,248.97,19.63,0.05
5254,717,486,316.37,-12.94,0.15
5255,717,572,313.35,-12.36,0.2
5256,717,247,318.21,47.56,0.05
5257,717,232,202.48,18.01,0.05
5258,717,515,299.29,44.07,0.05
5259,717,435,335.0,18.76,0.15
5260,717,418,337.42,22.24,0.1
5261,717,90,412.94,-20.49,0.2
5262,718,80,351.06,12.04,0.1
5263,718,76,176.51,17.19,0.05
5264,719,374,232.92,10.75,0.1
5265,719,22,286.62,9.91,0.1
5266,719,274,220.61,-11.64,0.1
5267,719,418,289.84,16.35,0.1
5268,719,252,302.26,-17.74,0.15
5269,719,48,542.09,9.44,0.2
5270,719,499,308.23,27.78,0.1
5271,719,585,424.77,48.0,0.1
5272,719,552,322.31,-30.14,0.2
5273,719,585,485.86,27.25,0.15
5274,719,554,273.13,-17.56,0.15
5275,719,301,183.69,21.72,0.05
5276,719,320,298.53,23.11,0.1
5277,719,486,145.52,5.86,0.05
5278,720,482,193.73,6.94,0.1
5279,720,198,208.16,18.7,0.1
5280,721,79,444.76,10.44,0.15
5281,721,465,251.43,42.88,0.05
5282,721,519,261.06,9.49,0.1
5283,721,335,352.59,26.39,0.1
5284,721,247,465.92,-8.2,0.2
5285,721,251,385.5,-2.46,0.15
5286,721,103,229.74,34.81,0.05
5287,721,424,345.8,40.13,0.1
5288,721,518,268.58,36.55,0.05
5289,721,365,438.92,-15.28,0.2
5290,721,263,417.01,28.16,0.15
5291,721,22,224.34,20.94,0.05
5292,721,373,212.12,27.47,0.05
5293,722,129,321.8,-5.8,0.2
5294,722,571,525.19,24.89,0.15
5295,722,142,334.35,1.33,0.15
5296,722,296,220.6,25.96,0.05
5297,722,62,265.95,16.86,0.1
5298,722,341,218.42,13.74,0.05
5299,722,376,446.62,-14.17,0.2
5300,722,415,345.04,40.8,0.1
5301,722,345,267.52,29.26,0.05
5302,722,41,360.61,2.15,0.2
5303,722,445,173.43,4.55,0.05
5304,722,444,337.53,14.91,0.1
5305,722,40,291.56,37.03,0.05
5306,723,463,377.33,-22.71,0.2
5307,723,292,330.61,-3.93,0.2
5308,723,402,419.67,29.91,0.15
5309,723,92,507.75,10.4,0.2
5310,723,306,352.49,12.69,0.15
5311,723,276,327.45,-32.76,0.2
5312,723,188,393.26,-24.56,0.2
5313,723,60,316.55,9.04,0.15
5314,723,53,400.38,-1.38,0.2
5315,723,115,327.38,-0.62,0.2
5316,723,268,361.45,18.34,0.15
5317,724,141,320.7,-20.91,0.2
5318,725,391,401.22,2.36,0.2
5319,725,363,335.29,-33.58,0.2
5320,725,437,385.69,-10.55,0.2
5321,725,31,291.98,28.43,0.1
5322,725,150,422.49,-1.35,0.2
5323,725,341,179.64,10.03,0.05
5324,725,549,462.56,-18.86,0.2
5325,725,44,316.85,36.85,0.1
5326,725,352,260.39,22.21,0.1
5327,726,40,392.52,2.65,0.15
5328,726,483,307.02,0.88,0.15
5329,726,375,211.25,-2.68,0.1
5330,726,368,363.7,5.23,0.15
5331,726,567,179.71,-13.26,0.1
5332,726,59,382.13,17.42,0.15
5333,726,433,284.58,-13.69,0.15
5334,726,128,370.8,-3.0,0.2
5335,726,40,302.33,17.79,0.1
5336,726,188,142.51,8.24,0.05
5337,726,118,370.13,-4.59,0.15
5338,727,105,309.6,7.94,0.1
5339,727,466,251.99,18.05,0.1
5340,727,351,424.13,0.38,0.15
5341,727,290,328.92,9.94,0.1
5342,727,172,388.98,69.55,0.05
5343,727,568,329.24,9.14,0.1
5344,727,491,318.69,-6.73,0.2
5345,727,102,344.11,14.27,0.15
5346,727,170,346.14,7.01,0.15
5347,727,457,365.4,9.12,0.15
5348,727,380,340.46,-16.03,0.2
5349,728,407,261.16,-13.47,0.2
5350,728,485,227.53,-3.96,0.1
5351,728,73,369.45,-30.99,0.2
5352,728,223,118.5,1.91,0.05
5353,728,552,249.13,2.28,0.1
5354,728,224,356.85,-30.58,0.2
5355,728,568,319.16,-12.95,0.15
5356,728,566,205.43,-8.13,0.1
5357,729,95,441.78,38.44,0.1
5358,729,118,423.67,-20.56,0.2
5359,729,13,387.1,-13.11,0.2
5360,729,497,405.05,46.6,0.1
5361,729,66,225.38,13.5,0.05
5362,729,343,459.69,13.58,0.15
5363,729,168,265.3,-21.67,0.15
5364,729,355,290.18,29.08,0.1
5365,729,39,644.62,4.88,0.2
5366,730,127,391.05,-0.6,0.2
5367,730,293,334.72,-18.47,0.2
5368,730,115,239.04,21.7,0.1
5369,730,460,461.9,-5.99,0.2
5370,730,241,406.15,-19.56,0.2
5371,730,472,190.3,-16.2,0.15
5372,730,118,387.61,-25.97,0.2
5373,730,463,328.3,-30.06,0.2
5374,730,244,375.64,6.18,0.15
5375,730,396,399.52,-0.95,0.15
5376,730,416,285.11,-11.14,0.2
5377,730,115,276.7,9.65,0.15
5378,730,140,302.96,10.03,0.15
5379,730,532,137.56,11.62,0.05
5380,731,418,325.2,-21.9,0.2
5381,732,33,107.16,-0.6,0.05
5382,732,67,296.93,-36.15,0.2
5383,732,253,344.38,-33.27,0.2
5384,732,414,149.58,-7.33,0.1
5385,732,115,117.66,14.85,0.05
5386,732,259,151.81,21.15,0.05
5387,732,34,341.89,-31.88,0.2
5388,732,346,349.05,-2.11,0.15
5389,732,201,319.78,15.29,0.15
5390,733,223,251.22,-5.07,0.1
5391,733,147,232.7,36.74,0.05
5392,733,273,305.9,28.52,0.1
5393,734,287,498.78,4.04,0.2
5394,734,300,214.88,19.77,0.05
5395,735,570,81.93,4.79,0.05
5396,735,311,157.03,-30.73,0.2
5397,735,191,185.57,-16.83,0.2
5398,735,339,155.73,-15.85,0.15
5399,735,192,178.68,-2.84,0.15
5400,735,327,216.19,-21.32,0.2
5401,736,379,342.82,26.37,0.1
5402,736,145,433.83,14.37,0.15
5403,736,483,312.64,0.91,0.15
5404,736,444,289.23,10.83,0.1
5405,736,111,505.89,-13.11,0.2
5406,737,171,348.7,-16.32,0.2
5407,737,399,294.23,27.74,0.1
5408,737,26,143.05,12.11,0.05
5409,737,356,138.44,9.74,0.05
5410,737,460,301.99,27.64,0.1
5411,737,508,343.3,-11.82,0.2
5412,737,207,176.97,11.36,0.1
5413,737,189,358.81,-33.62,0.2
5414,737,290,216.88,0.27,0.1
5415,737,398,184.4,22.48,0.05
5416,738,171,103.17,-10.56,0.15
5417,738,126,164.72,-16.7,0.2
5418,738,396,88.06,-4.78,0.1
5419,738,169,67.67,-3.74,0.1
5420,738,500,48.45,2.15,0.05
5421,738,526,132.95,-11.84,0.15
5422,738,361,44.41,1.98,0.05
5423,738,367,42.81,0.7,0.05
5424,738,116,50.97,-2.17,0.1
5425,738,466,72.51,-8.43,0.15
5426,738,72,136.28,-14.36,0.15
5427,739,331,253.5,44.04,0.05
5428,739,334,508.5,69.82,0.1
5429,739,53,348.24,13.15,0.15
5430,739,191,302.71,6.42,0.15
5431,739,71,265.92,31.06,0.05
5432,739,527,509.01,54.26,0.1
5433,739,50,172.33,22.96,0.05
5434,739,29,221.8,37.89,0.05
5435,740,179,246.41,-2.49,0.15
5436,740,230,211.84,9.65,0.1
5437,740,27,128.53,16.87,0.05
5438,740,478,73.67,3.31,0.05
5439,740,146,192.25,1.53,0.1
5440,740,221,406.61,25.0,0.15
5441,740,332,174.62,28.62,0.05
5442,740,322,169.54,-9.29,0.1
5443,740,560,207.36,-1.07,0.1
5444,741,576,326.66,-4.31,0.2
5445,741,407,101.5,10.6,0.05
5446,741,29,354.51,19.68,0.15
5447,741,368,368.98,-16.47,0.2
5448,741,266,487.08,29.15,0.15
5449,741,2,158.29,27.23,0.05
5450,741,517,376.24,8.5,0.15
5451,741,497,372.32,14.41,0.15
5452,741,533,279.91,-3.2,0.15
5453,742,542,323.83,-25.5,0.2
5454,742,222,217.04,-0.11,0.1
5455,742,277,283.66,-27.2,0.2
5456,742,487,376.0,22.58,0.15
5457,742,496,250.36,20.81,0.1
5458,742,55,165.51,-3.41,0.1
5459,742,512,327.61,0.3,0.15
5460,742,260,194.01,28.44,0.05
5461,742,46,366.78,-18.16,0.2
5462,742,537,428.26,29.36,0.15
5463,742,496,250.36,20.81,0.1
5464,742,527,201.38,28.87,0.05
5465,743,66,277.56,-1.66,0.1
5466,743,41,339.24,-3.25,0.2
5467,743,54,188.03,27.51,0.05
5468,743,447,299.62,16.03,0.1
5469,744,73,79.6,-6.46,0.1
5470,744,559,141.24,-27.14,0.2
5471,744,89,120.67,-24.78,0.2
5472,745,567,178.12,0.85,0.05
5473,745,9,398.22,4.91,0.15
5474,745,282,199.39,25.97,0.05
5475,745,328,354.09,-15.99,0.2
5476,745,217,519.63,79.53,0.1
5477,745,327,383.19,-13.14,0.2
5478,745,414,203.22,-5.72,0.1
5479,745,271,328.89,20.79,0.1
5480,745,315,265.7,3.39,0.15
5481,745,227,375.88,-15.74,0.2
5482,745,277,306.05,-5.47,0.15
5483,745,486,221.13,12.4,0.05
5484,745,124,549.88,34.14,0.15
5485,745,427,484.23,40.16,0.15
5486,746,347,371.16,-22.2,0.2
5487,746,23,391.97,26.72,0.1
5488,746,11,352.26,14.27,0.15
5489,746,215,462.0,8.64,0.2
5490,746,588,292.46,19.66,0.1
5491,746,548,357.12,-2.04,0.15
5492,746,196,326.3,58.71,0.05
5493,747,35,111.17,12.49,0.05
5494,747,589,140.6,16.53,0.05
5495,747,224,352.45,-31.24,0.2
5496,747,572,205.27,11.87,0.1
5497,748,508,345.78,-9.25,0.2
5498,748,507,122.73,14.55,0.05
5499,748,451,309.49,-3.96,0.15
5500,748,483,125.76,12.77,0.05
5501,748,463,128.42,6.97,0.05
5502,748,483,299.94,-0.87,0.15
5503,748,150,395.5,-7.59,0.2
5504,748,264,223.81,16.86,0.1
5505,748,203,327.79,-17.87,0.2
5506,748,306,300.05,2.9,0.15
5507,748,146,286.4,-8.35,0.15
5508,748,537,327.24,39.38,0.1
5509,748,575,172.47,30.6,0.05
5510,748,263,394.81,-2.88,0.2
5511,749,122,292.41,-26.52,0.2
5512,749,521,151.01,18.14,0.05
5513,750,556,313.52,-11.85,0.15
5514,750,321,284.43,-22.24,0.15
5515,750,587,187.04,25.01,0.05
5516,751,256,237.24,24.02,0.1
5517,751,506,145.58,20.97,0.05
5518,751,70,131.73,8.67,0.05
5519,751,407,168.54,8.59,0.1
5520,751,182,109.1,4.63,0.05
5521,752,225,425.79,3.74,0.15
5522,752,144,230.52,6.81,0.1
5523,752,409,256.16,-19.64,0.15
5524,752,41,328.9,-3.71,0.2
5525,752,0,251.82,-10.44,0.2
5526,752,363,318.22,-38.33,0.2
5527,752,343,420.14,5.66,0.15
5528,752,341,132.29,6.29,0.05
5529,752,586,271.83,-3.88,0.15
5530,752,40,312.13,18.85,0.1
5531,752,369,316.61,-2.04,0.15
5532,752,412,318.25,-0.08,0.15
5533,753,499,100.22,11.48,0.05
5534,753,93,346.25,-7.31,0.2
5535,753,469,315.13,-25.47,0.2
5536,753,13,279.94,-22.19,0.2
5537,753,236,225.47,-28.35,0.2
5538,753,303,184.0,11.68,0.1
5539,753,335,99.77,8.41,0.05
5540,753,94,338.2,-7.94,0.2
5541,753,217,341.04,19.34,0.15
5542,753,448,77.75,2.76,0.05
5543,753,498,168.78,9.31,0.1
5544,753,5,118.4,16.74,0.05
5545,754,227,361.33,5.05,0.15
5546,754,109,273.88,-23.99,0.2
5547,754,327,383.55,-13.09,0.2
5548,754,132,296.35,-3.15,0.15
5549,754,207,268.37,23.83,0.1
5550,754,389,402.16,2.36,0.2
5551,755,130,143.2,20.99,0.05
5552,755,0,96.76,10.72,0.05
5553,755,99,384.64,-4.4,0.2
5554,755,132,107.4,7.42,0.05
5555,755,73,337.04,-10.66,0.15
5556,755,101,276.29,2.52,0.15
5557,755,512,241.96,13.38,0.1
5558,755,500,377.96,-13.64,0.2
5559,755,24,402.31,-25.51,0.2
5560,755,42,314.91,-4.24,0.2
5561,755,101,296.45,-13.46,0.2
5562,755,242,179.73,22.95,0.05
5563,755,379,270.23,17.7,0.1
5564,756,274,251.33,-26.49,0.15
5565,756,340,275.68,-35.27,0.2
5566,756,185,360.52,-4.68,0.2
5567,756,341,254.4,1.22,0.1
5568,756,484,243.03,-3.32,0.1
5569,756,413,368.35,7.9,0.15
5570,756,314,320.91,17.68,0.1
5571,756,468,352.26,-4.33,0.15
5572,756,94,426.81,-2.05,0.2
5573,756,151,339.03,36.47,0.1
5574,756,440,230.96,16.63,0.1
5575,756,369,329.42,-19.53,0.2
5576,756,276,284.2,-39.25,0.2
5577,757,532,292.13,-20.43,0.2
5578,757,270,339.29,2.15,0.15
5579,757,58,295.6,21.31,0.1
5580,757,544,396.18,-20.19,0.2
5581,757,270,301.58,18.66,0.1
5582,757,561,98.31,-8.4,0.05
5583,757,167,169.85,11.58,0.05
5584,757,540,188.38,21.74,0.05
5585,757,550,489.43,14.68,0.15
5586,757,526,454.7,14.29,0.15
5587,757,270,301.58,18.66,0.1
5588,757,333,460.5,1.95,0.2
5589,758,113,394.14,-23.53,0.2
5590,758,50,143.82,18.26,0.05
5591,758,46,379.84,-16.2,0.2
5592,758,162,211.47,-1.42,0.1
5593,758,457,167.12,18.74,0.05
5594,758,107,217.02,-31.62,0.2
5595,758,120,175.14,14.03,0.05
5596,758,176,283.85,8.93,0.1
5597,758,103,345.46,-8.28,0.2
5598,758,242,226.83,31.05,0.05
5599,758,291,279.18,25.95,0.1
5600,758,393,293.26,-30.06,0.2
5601,758,348,163.19,9.88,0.05
5602,758,253,352.27,-30.99,0.2
5603,759,412,316.4,-0.45,0.15
5604,759,83,276.45,8.9,0.1
5605,759,67,124.49,4.09,0.05
5606,759,245,356.3,2.07,0.15
5607,759,510,364.46,-17.51,0.2
5608,760,476,230.02,-18.6,0.15
5609,760,500,264.95,19.07,0.1
5610,760,105,120.11,6.11,0.05
5611,760,30,376.59,21.98,0.15
5612,760,154,271.46,-28.85,0.2
5613,760,541,332.17,-1.68,0.15
5614,760,380,303.42,-21.59,0.2
5615,760,259,249.08,21.22,0.1
5616,760,133,208.24,-20.89,0.15
5617,761,165,288.24,-13.66,0.15
5618,761,391,135.21,21.04,0.05
5619,761,466,88.86,8.3,0.05
5620,761,589,121.95,13.15,0.05
5621,761,427,385.06,23.66,0.15
5622,761,54,300.51,7.87,0.15
5623,761,362,145.66,12.16,0.05
5624,761,398,305.13,19.85,0.1
5625,761,368,316.0,1.66,0.15
5626,761,535,143.13,23.8,0.05
5627,762,121,472.76,85.91,0.05
5628,762,170,370.13,-11.39,0.2
5629,763,74,249.76,-8.18,0.15
5630,763,98,133.58,3.59,0.1
5631,763,23,223.69,6.85,0.1
5632,763,44,251.97,8.45,0.15
5633,763,472,149.58,-16.9,0.15
5634,763,312,386.98,-22.99,0.2
5635,763,504,212.51,-11.22,0.15
5636,763,260,289.99,24.99,0.1
5637,763,28,109.74,13.03,0.05
5638,763,548,317.63,-28.48,0.2
5639,763,548,110.29,7.69,0.05
5640,763,255,286.89,12.13,0.15
5641,764,135,232.45,-2.26,0.1
5642,764,199,168.23,23.73,0.05
5643,764,571,486.03,47.43,0.1
5644,764,451,332.83,-0.13,0.15
5645,764,494,341.01,-11.39,0.2
5646,764,8,424.82,35.17,0.1
5647,764,24,399.68,28.04,0.1
5648,764,567,142.94,-0.57,0.05
5649,764,13,355.31,3.81,0.15
5650,764,348,328.21,7.38,0.1
5651,764,579,327.9,-15.49,0.2
5652,764,72,479.19,9.23,0.15
5653,765,153,286.12,10.64,0.1
5654,765,394,337.87,-23.66,0.2
5655,765,127,382.27,49.59,0.1
5656,765,392,295.47,-27.76,0.2
5657,766,243,391.92,34.13,0.1
5658,766,3,358.75,45.59,0.1
5659,766,356,398.05,-26.5,0.2
5660,766,375,281.28,4.46,0.1
5661,767,494,326.62,28.43,0.1
5662,767,462,409.34,-20.55,0.2
5663,767,408,228.14,16.44,0.05
5664,767,535,305.35,58.49,0.05
5665,767,111,529.55,24.08,0.15
5666,767,117,223.08,35.79,0.05
5667,767,114,330.58,-1.16,0.2
5668,767,518,401.01,37.85,0.1
5669,767,471,488.29,62.22,0.1
5670,767,492,453.99,60.89,0.1
5671,767,466,266.34,4.72,0.15
5672,767,522,238.92,-23.68,0.2
5673,768,73,393.97,-27.32,0.2
5674,768,205,327.01,-16.45,0.2
5675,768,542,210.92,20.85,0.05
5676,769,194,393.05,44.62,0.1
5677,769,427,389.41,76.27,0.05
5678,769,5,459.34,32.91,0.15
5679,769,477,304.87,26.75,0.1
5680,769,68,309.87,29.08,0.05
5681,769,197,373.71,16.19,0.15
5682,769,496,380.17,40.19,0.1
5683,769,465,316.76,54.02,0.05
5684,769,142,361.47,-16.98,0.2
5685,769,113,330.22,37.66,0.05
5686,769,189,417.5,-22.62,0.2
5687,769,13,397.42,-11.57,0.2
5688,769,491,297.04,25.85,0.1
5689,770,501,296.75,17.47,0.1
5690,771,459,372.09,-14.45,0.2
5691,771,523,333.67,-11.37,0.15
5692,771,107,177.57,-6.12,0.1
5693,772,204,280.45,44.45,0.05
5694,772,522,222.08,-12.0,0.15
5695,772,170,321.29,21.71,0.1
5696,772,317,328.22,33.53,0.1
5697,772,415,338.94,38.18,0.1
5698,772,139,470.65,66.6,0.1
5699,772,167,365.62,-28.84,0.2
5700,772,453,210.47,-16.99,0.1
5701,772,361,224.42,30.79,0.05
5702,772,554,284.81,-15.23,0.15
5703,772,497,254.93,41.36,0.05
5704,773,83,364.55,16.96,0.1
5705,773,495,297.83,20.61,0.1
5706,773,8,440.79,10.85,0.15
5707,773,500,389.59,12.04,0.15
5708,773,306,331.34,-13.76,0.2
5709,773,589,347.56,7.39,0.15
5710,773,347,325.69,15.4,0.1
5711,773,470,149.95,13.0,0.05
5712,773,10,421.14,50.93,0.1
5713,773,517,423.75,-10.73,0.2
5714,773,467,264.67,49.55,0.05
5715,773,494,338.39,-11.78,0.2
5716,773,376,232.26,28.38,0.05
5717,773,102,185.03,25.94,0.05
5718,774,169,199.29,-20.98,0.2
5719,774,80,192.18,-14.54,0.15
5720,774,29,244.39,-10.68,0.2
5721,774,81,188.51,5.16,0.1
5722,774,459,194.23,-5.07,0.15
5723,774,74,126.9,0.05,0.1
5724,774,131,226.07,-20.15,0.2
5725,774,349,74.33,1.15,0.05
5726,774,97,185.9,-14.4,0.2
5727,774,386,112.7,-4.2,0.1
5728,774,215,164.6,13.78,0.1
5729,774,41,173.68,1.68,0.15
5730,774,533,68.19,4.05,0.05
5731,775,298,313.96,-17.58,0.2
5732,775,53,163.61,22.53,0.05
5733,775,136,157.19,16.69,0.05
5734,775,167,163.21,9.73,0.05
5735,776,550,527.59,-11.17,0.2
5736,776,143,375.46,-15.76,0.2
5737,776,138,239.04,32.57,0.05
5738,776,1,237.8,43.04,0.05
5739,776,420,330.74,15.25,0.15
5740,776,410,204.55,15.53,0.05
5741,776,572,292.84,4.39,0.15
5742,776,196,465.68,1.01,0.2
5743,776,3,355.05,44.67,0.1
5744,776,588,184.39,20.48,0.05
5745,777,483,202.33,24.12,0.05
5746,777,90,400.51,-21.26,0.2
5747,777,78,199.16,14.2,0.05
5748,777,278,171.14,10.44,0.05
5749,777,9,240.19,26.66,0.05
5750,778,90,282.26,12.14,0.1
5751,778,440,274.39,-12.39,0.2
5752,778,375,281.91,-31.71,0.2
5753,779,170,85.96,-2.0,0.1
5754,779,336,123.33,-22.15,0.2
5755,779,239,39.35,-1.95,0.05
5756,779,421,79.19,0.29,0.1
5757,779,277,43.95,-0.07,0.05
5758,779,575,152.62,-1.89,0.15
5759,779,281,184.21,-15.08,0.2
5760,779,250,99.68,-16.51,0.15
5761,779,533,45.85,1.23,0.05
5762,779,359,118.46,-22.81,0.2
5763,780,240,320.03,-26.4,0.2
5764,780,339,209.47,13.68,0.05
5765,780,112,242.1,23.24,0.05
5766,780,296,332.79,-14.57,0.2
5767,780,198,342.15,-1.22,0.2
5768,780,98,160.37,16.52,0.05
5769,780,257,204.09,25.44,0.05
5770,781,431,214.31,14.72,0.05
5771,781,278,288.01,-25.33,0.2
5772,781,555,393.31,-24.2,0.2
5773,781,103,223.21,33.63,0.05
5774,781,444,362.27,-22.64,0.2
5775,781,71,492.09,-17.73,0.2
5776,781,239,255.76,-2.05,0.1
5777,781,218,459.48,37.25,0.15
5778,781,135,156.59,6.01,0.05
5779,781,296,302.83,20.04,0.1
5780,781,395,345.93,-7.49,0.15
5781,781,424,344.39,39.77,0.1
5782,781,120,388.35,-24.68,0.2
5783,781,422,408.42,2.36,0.2
5784,782,374,270.77,16.02,0.1
5785,782,152,301.2,-12.22,0.2
5786,782,134,276.13,-26.54,0.2
5787,782,301,275.95,34.66,0.05
5788,782,449,213.47,20.31,0.05
5789,782,45,398.0,36.42,0.1
5790,782,448,277.96,10.56,0.1
5791,782,307,395.87,-16.77,0.2
5792,782,354,323.93,16.36,0.15
5793,782,123,326.94,18.94,0.1
5794,782,589,377.86,-8.19,0.2
5795,782,39,425.02,73.02,0.05
5796,782,443,321.48,13.57,0.1
5797,783,125,179.35,25.82,0.05
5798,783,335,366.64,6.45,0.15
5799,783,253,357.61,-7.33,0.15
5800,783,262,246.88,14.36,0.1
5801,783,519,281.49,-20.03,0.2
5802,784,190,890.0,18.76,0.2
5803,784,572,294.22,-13.04,0.2
5804,784,118,205.46,20.01,0.05
5805,784,107,214.04,-17.2,0.15
5806,784,573,304.91,26.5,0.1
5807,785,176,257.78,24.52,0.05
5808,785,46,291.74,38.67,0.05
5809,785,381,588.11,6.35,0.2
5810,785,534,357.33,72.51,0.05
5811,785,275,297.29,0.16,0.1
5812,785,464,171.65,16.33,0.05
5813,785,57,311.42,22.39,0.1
5814,785,489,239.1,36.08,0.05
5815,785,508,391.38,-2.41,0.2
5816,785,101,323.28,11.07,0.15
5817,785,22,259.1,24.5,0.05
5818,785,205,327.34,4.36,0.15
5819,786,373,286.03,-16.89,0.2
5820,786,226,113.71,10.15,0.05
5821,786,529,144.71,-6.05,0.1
5822,786,20,115.27,8.34,0.05
5823,786,288,410.54,-24.1,0.2
5824,786,149,171.84,8.44,0.1
5825,786,402,343.89,-4.95,0.2
5826,786,386,260.88,-28.36,0.2
5827,786,357,132.08,11.19,0.05
5828,786,570,118.05,9.49,0.05
5829,787,357,422.9,2.62,0.15
5830,788,137,388.87,36.98,0.1
5831,788,375,144.2,7.31,0.05
5832,788,219,464.23,2.59,0.2
5833,788,521,185.17,23.69,0.05
5834,788,220,577.55,49.46,0.15
5835,788,207,241.39,19.06,0.1
5836,788,297,192.87,25.93,0.05
5837,788,100,335.12,36.83,0.1
5838,789,521,389.25,-9.64,0.2
5839,789,67,308.63,-16.86,0.15
5840,789,364,378.84,25.9,0.1
5841,789,473,314.72,13.8,0.1
5842,790,75,360.27,4.19,0.15
5843,790,257,126.65,13.65,0.05
5844,790,514,162.58,21.42,0.05
5845,790,326,299.25,22.92,0.1
5846,790,13,264.03,14.19,0.1
5847,790,150,303.54,31.01,0.1
5848,790,261,330.57,-22.79,0.2
5849,790,46,362.79,3.67,0.15
5850,790,335,344.96,2.12,0.15
5851,790,261,321.95,-3.21,0.15
5852,790,545,214.49,0.04,0.1
5853,790,365,307.13,17.12,0.1
5854,790,328,137.56,12.95,0.05
5855,791,224,393.6,-22.88,0.2
5856,791,407,195.33,24.1,0.05
5857,791,523,375.42,-26.68,0.2
5858,791,256,369.53,46.06,0.1
5859,791,86,348.61,40.29,0.1
5860,792,284,136.32,3.37,0.1
5861,792,45,81.69,6.63,0.05
5862,792,555,175.5,-12.53,0.15
5863,792,51,108.59,15.71,0.05
5864,792,168,119.51,-20.22,0.15
5865,792,371,137.98,-1.98,0.1
5866,792,414,72.38,-7.29,0.1
5867,792,532,102.56,-1.45,0.1
5868,793,331,453.57,-0.43,0.2
5869,793,100,357.58,41.4,0.1
5870,793,445,242.41,-19.5,0.15
5871,793,580,260.95,-24.26,0.2
5872,793,550,272.45,37.8,0.05
5873,793,86,334.11,36.67,0.1
5874,793,235,218.88,-18.17,0.2
5875,794,536,125.41,6.74,0.1
5876,794,106,70.52,2.39,0.05
5877,794,154,57.57,1.02,0.05
5878,794,241,145.14,1.83,0.1
5879,795,533,60.98,2.88,0.05
5880,795,347,67.92,2.53,0.05
5881,795,393,164.42,-27.89,0.2
5882,795,324,102.46,12.01,0.05
5883,795,477,59.94,4.44,0.05
5884,795,219,258.11,-13.18,0.2
5885,795,206,94.2,13.49,0.05
5886,795,267,174.14,-15.98,0.2
5887,796,516,556.98,0.71,0.2
5888,796,360,510.92,68.85,0.1
5889,796,20,392.63,-21.93,0.2
5890,796,284,395.82,13.74,0.15
5891,796,30,437.12,6.33,0.2
5892,796,129,317.11,-7.6,0.2
5893,796,419,301.6,47.22,0.05
5894,796,526,455.15,42.65,0.1
5895,796,325,273.49,40.8,0.05
5896,796,16,435.12,17.87,0.15
5897,796,89,233.39,22.19,0.05
5898,796,279,485.05,-7.3,0.2
5899,796,22,358.41,-23.05,0.2
5900,796,72,489.47,12.38,0.15
5901,797,467,461.51,64.28,0.1
5902,797,412,354.41,-17.46,0.2
5903,797,306,343.39,-10.86,0.2
5904,797,577,415.86,29.58,0.15
5905,797,274,266.5,-23.45,0.15
5906,797,166,243.54,21.38,0.05
5907,797,401,210.96,31.38,0.05
5908,797,220,396.69,80.83,0.05
5909,797,64,275.51,-1.06,0.1
5910,797,63,295.87,-33.29,0.2
5911,797,438,374.7,-13.22,0.2
5912,797,411,407.7,-20.01,0.2
5913,797,451,340.99,1.5,0.15
5914,798,59,404.04,21.8,0.15
5915,798,498,212.1,30.15,0.05
5916,798,411,368.64,19.63,0.1
5917,798,252,313.57,-14.38,0.15
5918,798,340,167.97,5.43,0.05
5919,798,550,304.83,43.41,0.05
5920,798,174,321.3,9.75,0.15
5921,798,88,302.78,-18.94,0.2
5922,798,117,288.69,30.11,0.1
5923,798,589,352.12,10.49,0.15
5924,799,450,303.89,-24.94,0.2
5925,799,188,217.47,0.41,0.1
5926,799,511,453.55,-10.88,0.2
5927,799,188,293.75,-15.3,0.15
5928,799,39,374.82,36.72,0.1
5929,799,130,324.89,13.99,0.15
5930,799,141,109.45,7.62,0.05
5931,799,303,326.61,8.9,0.15
5932,799,227,219.93,8.2,0.1
5933,799,357,152.77,14.02,0.05
5934,799,426,225.58,20.84,0.1
5935,800,50,298.96,27.06,0.1
5936,800,166,394.29,-25.35,0.2
5937,800,195,404.05,22.83,0.15
5938,800,179,317.41,-11.6,0.2
5939,800,183,225.92,-7.77,0.1
5940,800,193,405.39,21.16,0.15
5941,800,566,263.29,-4.36,0.1
5942,800,40,447.78,-14.51,0.2
5943,800,177,378.29,1.95,0.15
5944,800,284,285.23,41.22,0.05
5945,800,559,304.78,33.95,0.05
5946,801,382,283.36,1.96,0.15
5947,801,276,137.28,2.23,0.05
5948,801,308,163.25,14.72,0.05
5949,801,31,259.92,23.71,0.1
5950,801,565,271.02,0.86,0.1
5951,801,176,161.48,12.71,0.05
5952,801,587,345.9,8.98,0.15
5953,801,190,420.64,79.15,0.05
5954,801,266,455.15,55.82,0.1
5955,801,165,338.34,-12.18,0.15
5956,801,228,204.04,-3.44,0.1
5957,801,40,400.3,4.21,0.15
5958,802,341,285.94,3.03,0.1
5959,802,306,167.91,20.51,0.05
5960,802,404,161.61,23.09,0.05
5961,802,83,375.96,-4.4,0.15
5962,802,251,196.17,17.71,0.05
5963,803,555,350.59,-29.19,0.2
5964,803,298,180.67,6.85,0.1
5965,803,374,157.33,3.32,0.1
5966,803,565,103.85,3.25,0.05
5967,803,138,125.12,13.91,0.05
5968,804,582,226.04,-1.95,0.15
5969,805,559,424.92,-24.73,0.2
5970,805,40,230.03,27.46,0.05
5971,805,87,411.54,-7.78,0.2
5972,805,357,403.83,24.99,0.1
5973,805,242,473.08,16.97,0.15
5974,805,175,306.71,7.27,0.15
5975,805,153,279.55,9.0,0.1
5976,806,197,140.65,18.6,0.05
5977,806,197,339.77,-10.33,0.2
5978,806,46,360.79,2.17,0.15
5979,806,267,295.02,4.79,0.15
5980,806,496,356.83,12.29,0.15
5981,806,322,257.53,-24.68,0.15
5982,806,16,403.9,10.53,0.15
5983,806,275,120.19,1.83,0.05
5984,806,168,240.58,-26.62,0.15
5985,806,116,96.15,10.39,0.05
5986,806,467,335.94,41.65,0.1
5987,806,24,296.56,16.22,0.1
5988,806,218,428.23,29.9,0.15
5989,807,158,226.09,6.38,0.1
5990,807,4,369.29,17.15,0.15
5991,807,478,203.7,-7.9,0.15
5992,807,312,422.8,-19.81,0.2
5993,808,536,338.16,13.78,0.15
5994,808,306,253.93,17.11,0.1
5995,808,43,222.86,19.85,0.1
5996,808,187,443.55,-11.62,0.2
5997,808,128,364.49,19.64,0.15
5998,808,146,136.97,9.82,0.05
5999,808,264,312.74,8.6,0.15
6000,808,360,412.96,51.23,0.1
6001,808,142,319.09,-22.24,0.2
6002,808,270,344.4,-18.98,0.2
6003,809,244,407.8,11.52,0.15
6004,810,272,425.32,55.62,0.1
6005,810,394,159.07,12.13,0.05
6006,810,350,145.56,3.69,0.05
6007,810,242,465.21,15.4,0.15
6008,810,132,142.33,11.49,0.05
6009,810,155,174.79,23.07,0.05
6010,810,540,389.18,-17.91,0.2
6011,810,551,416.59,2.26,0.15
6012,810,41,337.22,-1.36,0.2
6013,810,238,265.7,-10.63,0.15
6014,810,92,446.06,1.14,0.2
6015,810,342,361.52,-3.12,0.15
6016,810,102,293.55,24.77,0.1
6017,810,302,356.64,27.95,0.1
6018,811,161,320.46,-20.25,0.2
6019,811,89,402.69,-20.46,0.2
6020,811,58,307.01,40.74,0.05
6021,811,325,423.96,42.69,0.1
6022,811,558,325.85,8.48,0.1
6023,811,117,341.51,-0.4,0.2
6024,811,469,455.29,-13.64,0.2
6025,811,3,399.26,30.56,0.15
6026,811,245,426.89,-10.45,0.2
6027,811,361,409.21,-5.17,0.2
6028,811,121,518.08,96.36,0.05
6029,811,133,247.59,-13.65,0.15
6030,812,261,329.03,19.43,0.1
6031,812,332,326.28,61.3,0.05
6032,812,263,270.48,48.05,0.05
6033,812,71,476.63,9.27,0.15
6034,812,340,183.91,7.36,0.05
6035,812,424,345.76,41.21,0.1
6036,812,117,292.33,31.03,0.1
6037,812,194,413.1,-1.57,0.2
6038,812,96,390.96,26.98,0.1
6039,813,371,197.84,17.98,0.05
6040,813,195,378.89,17.8,0.15
6041,813,525,279.88,-19.61,0.15
6042,813,176,338.91,-26.49,0.2
6043,814,385,167.31,22.27,0.05
6044,814,366,241.56,14.94,0.1
6045,814,473,114.55,7.76,0.05
6046,814,493,299.48,35.89,0.1
6047,814,25,392.11,-24.47,0.2
6048,814,544,244.95,11.37,0.1
6049,814,213,371.5,-32.16,0.2
6050,814,388,122.18,17.57,0.05
6051,814,393,182.01,-0.87,0.1
6052,814,156,389.68,-8.88,0.2
6053,814,29,137.02,20.98,0.05
6054,814,176,118.49,7.75,0.05
6055,814,268,276.79,5.67,0.15
6056,815,555,377.78,-1.28,0.15
6057,815,182,317.64,-27.23,0.2
6058,815,473,329.57,-4.66,0.15
6059,815,404,300.61,29.73,0.1
6060,815,241,413.15,6.81,0.15
6061,815,589,367.9,-9.69,0.2
6062,815,295,327.66,22.65,0.1
6063,815,519,271.62,-6.33,0.15
6064,815,29,408.85,3.41,0.2
6065,815,91,186.42,23.71,0.05
6066,815,247,424.69,39.39,0.1
6067,815,219,467.61,32.99,0.15
6068,816,417,238.95,35.25,0.05
6069,816,24,411.48,3.43,0.15
6070,816,289,285.55,-18.05,0.15
6071,816,66,306.96,-32.96,0.2
6072,816,509,171.86,17.08,0.05
6073,816,448,150.17,11.2,0.05
6074,816,256,379.99,0.13,0.2
6075,816,213,395.9,-29.6,0.2
6076,816,352,276.88,-9.04,0.2
6077,816,337,284.25,-14.14,0.15
6078,816,498,331.41,29.83,0.1
6079,816,540,366.04,26.15,0.1
6080,817,540,166.06,-9.17,0.15
6081,817,451,173.01,-23.6,0.2
6082,817,331,82.19,9.68,0.05
6083,818,202,265.63,21.89,0.1
6084,818,283,253.83,-5.92,0.15
6085,818,212,346.82,46.71,0.1
6086,818,56,240.27,13.74,0.1
6087,818,131,127.03,12.65,0.05
6088,818,73,358.45,-32.64,0.2
6089,818,165,292.25,-13.58,0.15
6090,818,349,118.19,4.99,0.05
6091,818,284,370.15,-15.37,0.2
6092,818,182,106.68,4.85,0.05
6093,818,408,108.36,4.61,0.05
6094,818,473,310.49,-27.49,0.2
6095,818,104,299.2,-13.37,0.2
6096,819,267,332.91,-9.77,0.2
6097,819,274,178.96,0.22,0.05
6098,819,516,540.58,34.89,0.15
6099,819,422,398.24,26.21,0.15
6100,819,493,517.19,11.69,0.2
6101,819,457,375.6,-12.58,0.2
6102,819,254,378.07,47.84,0.1
6103,819,221,331.87,63.02,0.05
6104,819,457,241.52,30.92,0.05
6105,819,225,476.72,-15.11,0.2
6106,819,416,196.79,28.51,0.05
6107,819,512,250.59,31.99,0.05
6108,820,338,336.78,-25.97,0.2
6109,820,347,175.76,15.97,0.05
6110,820,46,373.05,6.81,0.15
6111,820,82,358.62,-11.22,0.15
6112,820,81,477.92,9.67,0.15
6113,820,194,199.98,30.96,0.05
6114,820,471,498.2,0.96,0.2
6115,820,79,426.38,4.57,0.15
6116,820,511,243.41,36.79,0.05
6117,820,253,181.38,13.23,0.05
6118,820,204,454.31,-5.14,0.2
6119,820,576,342.1,-2.0,0.2
6120,820,447,319.22,-0.93,0.15
6121,820,321,283.53,-20.23,0.15
6122,821,51,323.76,63.75,0.05
6123,821,131,361.75,7.84,0.15
6124,822,122,243.17,5.98,0.1
6125,822,74,316.4,-2.47,0.15
6126,822,153,237.99,5.59,0.1
6127,822,551,345.82,18.83,0.1
6128,822,6,466.52,14.29,0.15
6129,822,99,384.82,21.6,0.15
6130,822,107,209.62,-18.08,0.15
6131,822,328,315.31,-1.42,0.15
6132,822,499,350.4,10.45,0.15
6133,822,238,124.53,7.01,0.05
6134,822,429,186.23,31.37,0.05
6135,822,327,341.23,2.63,0.15
6136,822,447,263.9,10.67,0.1
6137,823,517,415.61,-11.95,0.2
6138,824,5,454.86,32.01,0.15
6139,824,484,235.44,12.34,0.05
6140,824,40,456.1,-13.26,0.2
6141,824,583,315.5,47.44,0.05
6142,824,461,460.82,-15.11,0.2
6143,824,174,338.21,10.94,0.15
6144,824,103,382.77,-2.69,0.2
6145,824,31,323.2,14.67,0.15
6146,825,251,385.42,-1.38,0.15
6147,825,208,560.02,53.19,0.15
6148,825,497,417.5,21.97,0.15
6149,826,305,229.87,-6.92,0.15
6150,826,506,257.8,24.57,0.1
6151,826,346,317.2,-3.97,0.15
6152,826,570,363.53,-25.53,0.2
6153,826,38,394.75,4.88,0.15
6154,826,214,382.32,-31.09,0.2
6155,826,163,111.4,7.75,0.05
6156,826,100,241.11,23.63,0.1
6157,827,551,270.11,12.82,0.1
6158,827,301,328.49,0.26,0.15
6159,827,440,268.58,-13.26,0.2
6160,827,430,279.22,-38.57,0.2
6161,828,41,322.76,38.21,0.1
6162,828,297,371.27,35.08,0.1
6163,828,316,256.58,17.69,0.1
6164,828,399,275.72,45.23,0.05
6165,828,471,496.48,30.29,0.15
6166,828,472,205.21,-26.26,0.2
6167,828,107,209.43,-4.58,0.1
6168,828,316,256.58,15.5,0.1
6169,829,413,225.82,-3.84,0.15
6170,829,146,221.52,-26.51,0.2
6171,829,258,220.86,-16.7,0.2
6172,829,94,308.74,-9.57,0.2
6173,829,546,200.11,-29.78,0.2
6174,829,192,89.62,9.43,0.05
6175,829,96,101.42,7.41,0.05
6176,829,355,129.04,6.75,0.1
6177,829,575,318.16,-4.68,0.2
6178,830,325,217.28,-19.97,0.2
6179,830,555,69.47,2.34,0.05
6180,830,527,230.86,-3.79,0.15
6181,830,128,198.92,-14.33,0.2
6182,830,255,197.58,-12.31,0.2
6183,830,3,68.52,8.18,0.05
6184,830,265,156.77,7.92,0.1
6185,831,578,345.68,-13.1,0.2
6186,832,479,103.39,-6.94,0.1
6187,832,435,104.45,4.4,0.1
6188,832,191,56.71,3.93,0.05
6189,832,65,68.15,2.07,0.05
6190,832,335,67.55,4.16,0.05
6191,832,312,181.02,-9.71,0.15
6192,833,571,497.37,18.23,0.15
6193,833,401,286.21,26.25,0.1
6194,833,128,371.83,21.11,0.15
6195,834,530,226.68,31.5,0.05
6196,834,291,316.31,33.61,0.1
6197,834,212,557.86,52.13,0.15
6198,834,480,181.63,8.04,0.05
6199,834,351,421.07,-25.95,0.2
6200,834,421,177.3,25.39,0.05
6201,834,232,161.58,13.12,0.05
6202,834,410,327.55,-7.9,0.15
6203,835,560,105.5,-5.88,0.1
6204,835,242,151.32,3.44,0.1
6205,835,15,122.83,-24.03,0.2
6206,836,165,351.39,-8.47,0.15
6207,836,403,320.5,31.89,0.1
6208,837,233,162.13,0.58,0.1
6209,837,581,182.54,26.2,0.05
6210,837,204,195.78,29.19,0.05
6211,837,309,284.53,28.8,0.1
6212,837,215,185.5,32.44,0.05
6213,837,453,214.41,-44.7,0.2
6214,837,213,382.9,-30.45,0.2
6215,837,20,161.34,15.22,0.05
6216,838,447,123.66,10.86,0.05
6217,838,318,105.02,8.08,0.05
6218,838,140,301.82,-9.71,0.2
6219,838,359,107.91,5.94,0.05
6220,838,24,279.28,14.41,0.1
6221,838,170,222.47,11.29,0.1
6222,839,413,343.9,27.72,0.1
6223,839,379,410.47,-15.72,0.2
6224,839,72,243.23,29.08,0.05
6225,839,199,260.26,21.88,0.1
6226,840,287,454.51,26.71,0.15
6227,840,514,388.63,-10.31,0.2
6228,840,298,156.74,16.85,0.05
6229,840,87,403.19,-7.94,0.2
6230,840,25,412.83,-21.36,0.2
6231,840,345,333.95,15.74,0.1
6232,840,145,222.44,31.09,0.05
6233,840,52,266.77,-1.02,0.15
6234,841,52,291.9,-13.35,0.2
6235,841,11,360.78,-5.75,0.2
6236,841,462,367.84,19.54,0.1
6237,841,369,324.01,21.42,0.1
6238,841,332,505.29,39.05,0.15
6239,841,11,360.78,-5.75,0.2
6240,841,206,463.82,66.96,0.1
6241,841,537,489.07,40.9,0.15
6242,841,3,250.03,44.15,0.05
6243,841,40,423.6,8.87,0.15
6244,841,472,133.71,3.47,0.05
6245,842,239,257.35,-1.65,0.1
6246,842,316,179.45,21.63,0.05
6247,842,475,217.91,20.11,0.05
6248,842,423,246.09,41.6,0.05
6249,842,562,211.16,-28.48,0.2
6250,843,238,267.77,-11.31,0.15
6251,843,36,279.47,6.03,0.15
6252,843,126,252.69,48.8,0.05
6253,843,493,254.5,47.8,0.05
6254,843,233,197.08,4.8,0.1
6255,843,67,160.2,6.96,0.05
6256,844,435,309.82,-6.33,0.2
6257,844,455,255.62,-42.32,0.2
6258,844,548,223.63,5.2,0.1
6259,844,221,425.48,27.25,0.15
6260,844,225,428.37,-22.36,0.2
6261,844,440,269.65,-13.1,0.2
6262,844,564,147.85,18.41,0.05
6263,844,86,338.67,-6.01,0.2
6264,844,539,174.55,4.31,0.1
6265,844,509,284.61,-4.63,0.15
6266,844,259,136.69,18.45,0.05
6267,844,196,164.65,25.88,0.05
6268,845,60,156.03,5.96,0.1
6269,845,335,262.41,-3.19,0.15
6270,845,564,214.75,14.08,0.1
6271,845,2,127.12,20.62,0.05
6272,845,242,420.64,-18.77,0.2
6273,845,74,289.7,-23.74,0.2
6274,846,410,359.17,-24.17,0.2
6275,846,65,363.4,18.57,0.1
6276,846,471,517.48,36.68,0.15
6277,846,10,440.22,55.7,0.1
6278,846,111,504.66,51.5,0.1
6279,846,166,397.7,-25.94,0.2
6280,846,425,351.62,40.54,0.1
6281,847,558,191.82,10.25,0.05
6282,847,162,240.82,-1.48,0.1
6283,847,574,344.66,-1.2,0.2
6284,847,446,489.5,-10.73,0.2
6285,847,526,469.96,17.34,0.15
6286,847,198,193.13,30.77,0.05
6287,847,214,383.34,17.57,0.1
6288,847,305,255.77,12.29,0.1
6289,847,66,290.0,2.01,0.1
6290,847,260,493.83,55.65,0.1
6291,847,411,398.88,-21.33,0.2
6292,847,300,299.56,13.23,0.1
6293,848,193,211.15,15.88,0.1
6294,848,244,345.47,-20.8,0.2
6295,848,363,176.04,-4.27,0.1
6296,848,66,93.46,2.15,0.05
6297,848,228,175.19,-16.53,0.15
6298,848,334,389.63,21.16,0.15
6299,848,443,238.54,-11.54,0.15
6300,849,414,204.34,-4.34,0.1
6301,849,53,347.08,35.21,0.1
6302,850,426,337.81,36.34,0.1
6303,850,14,340.76,22.85,0.1
6304,850,361,355.33,11.78,0.15
6305,850,62,276.06,-15.86,0.2
6306,851,0,245.46,20.41,0.1
6307,851,198,186.19,29.46,0.05
6308,851,227,332.18,20.73,0.1
6309,851,163,293.23,10.04,0.1
6310,851,297,223.7,31.9,0.05
6311,851,526,467.12,16.77,0.15
6312,851,237,335.09,-20.29,0.2
6313,851,62,279.57,-15.34,0.2
6314,852,132,88.02,-11.62,0.15
6315,852,352,84.11,-6.97,0.15
6316,852,256,50.07,4.06,0.05
6317,853,15,138.43,5.74,0.05
6318,853,334,308.56,58.94,0.05
6319,854,31,139.78,8.06,0.1
6320,854,58,255.67,-18.52,0.2
6321,854,11,154.86,8.46,0.1
6322,854,509,147.83,1.91,0.1
6323,854,550,132.01,14.11,0.05
6324,854,552,147.83,-2.77,0.1
6325,855,362,251.36,26.43,0.05
6326,855,408,308.41,-10.83,0.15
6327,855,416,172.04,23.49,0.05
6328,855,236,297.91,-23.72,0.2
6329,855,154,282.5,-8.0,0.15
6330,855,581,251.94,38.94,0.05
6331,855,342,385.47,-23.93,0.2
6332,856,155,348.01,-12.92,0.2
6333,856,279,455.21,-10.68,0.2
6334,856,581,195.87,28.62,0.05
6335,856,456,290.25,-18.12,0.15
6336,856,498,338.57,7.56,0.15
6337,856,360,245.38,43.38,0.05
6338,856,122,140.3,10.18,0.05
6339,856,361,297.93,25.32,0.1
6340,856,2,400.06,28.77,0.15
6341,857,410,344.09,-27.52,0.2
6342,857,163,296.2,11.88,0.1
6343,857,494,333.5,8.82,0.15
6344,857,118,243.39,25.14,0.05
6345,857,555,233.2,23.06,0.05
6346,857,127,379.18,46.63,0.1
6347,857,352,275.35,6.15,0.15
6348,857,309,231.07,37.08,0.05
6349,858,109,267.15,7.76,0.1
6350,858,550,483.45,76.05,0.05
6351,858,560,396.26,-24.41,0.2
6352,858,428,518.72,47.36,0.15
6353,858,167,334.98,30.5,0.05
6354,858,379,390.83,58.3,0.05
6355,858,13,341.38,46.29,0.05
6356,858,323,365.05,-5.34,0.15
6357,858,108,320.2,20.7,0.1
6358,858,51,640.03,25.44,0.2
6359,858,244,410.09,39.06,0.1
6360,858,374,327.59,-10.3,0.2
6361,859,252,150.88,6.65,0.05
6362,859,125,244.4,21.12,0.1
6363,859,589,300.63,23.99,0.1
6364,859,176,162.82,12.86,0.05
6365,859,231,369.3,8.19,0.15
6366,860,336,280.69,-7.94,0.15
6367,860,51,383.47,50.49,0.1
6368,860,424,336.69,17.1,0.15
6369,860,146,124.73,8.45,0.05
6370,860,153,278.62,-9.31,0.15
6371,860,239,188.33,-4.71,0.1
6372,860,55,236.07,-15.61,0.15
6373,860,115,115.73,15.52,0.05
6374,860,223,264.22,-37.14,0.2
6375,860,101,219.84,14.97,0.1
6376,860,210,417.26,29.04,0.15
6377,860,127,381.92,-1.97,0.2
6378,860,20,360.4,-24.58,0.2
6379,860,555,362.71,-29.88,0.2
6380,861,278,265.27,-29.84,0.2
6381,861,68,262.51,6.53,0.1
6382,861,574,132.94,19.4,0.05
6383,861,6,458.64,10.53,0.15
6384,862,152,317.59,-10.86,0.2
6385,862,98,212.8,24.85,0.05
6386,862,480,321.02,6.18,0.1
6387,862,360,570.25,46.67,0.15
6388,862,77,250.86,3.94,0.1
6389,862,337,259.37,17.64,0.05
6390,862,221,493.46,69.85,0.1
6391,862,261,345.44,23.53,0.1
6392,862,336,336.87,-18.82,0.2
6393,862,462,408.74,5.11,0.15
6394,862,574,338.64,41.11,0.1
6395,862,80,379.28,18.0,0.1
6396,862,83,391.57,23.71,0.1
6397,862,89,402.85,-19.34,0.2
6398,863,200,184.48,15.47,0.1
6399,864,456,291.74,-17.83,0.15
6400,864,472,169.07,-5.37,0.1
6401,864,311,221.13,-5.63,0.1
6402,864,101,299.0,5.12,0.15
6403,864,342,370.73,-25.04,0.2
6404,864,214,399.21,-30.75,0.2
6405,865,584,363.5,31.35,0.1
6406,865,574,326.87,17.15,0.15
6407,865,493,458.2,63.41,0.1
6408,865,205,167.82,17.57,0.05
6409,865,89,335.33,14.06,0.1
6410,865,410,334.42,-27.88,0.2
6411,866,105,137.9,-3.48,0.1
6412,866,334,314.84,13.79,0.15
6413,866,35,163.53,-4.18,0.15
6414,866,182,178.56,-14.46,0.15
6415,866,545,127.06,-4.14,0.1
6416,866,280,247.52,-23.53,0.2
6417,866,176,84.81,4.01,0.05
6418,866,320,88.79,8.2,0.05
6419,867,558,160.67,-4.43,0.1
6420,867,113,325.82,-26.66,0.2
6421,867,318,139.44,1.47,0.1
6422,867,424,292.81,-8.14,0.2
6423,867,410,270.62,-30.42,0.2
6424,867,437,253.03,-0.01,0.15
6425,867,226,301.36,-21.74,0.2
6426,867,239,217.46,-32.94,0.2
6427,867,412,167.94,4.36,0.1
6428,867,206,239.17,25.37,0.1
6429,867,148,254.37,-22.36,0.2
6430,868,89,351.19,-27.09,0.2
6431,868,320,349.45,-14.55,0.2
6432,868,129,243.77,20.08,0.1
6433,868,413,378.47,-15.48,0.2
6434,868,377,317.38,20.99,0.1
6435,869,358,248.27,39.06,0.05
6436,869,293,161.82,17.31,0.05
6437,869,337,288.44,-32.89,0.2
6438,869,403,284.35,28.3,0.1
6439,869,1,370.26,23.09,0.15
6440,869,510,180.14,21.55,0.05
6441,869,53,168.41,23.37,0.05
6442,869,292,288.65,-9.13,0.2
6443,869,310,167.02,24.09,0.05
6444,869,201,162.06,24.36,0.05
6445,869,558,318.69,-35.27,0.2
6446,870,40,416.47,-19.21,0.2
6447,870,67,155.18,5.31,0.05
6448,871,532,252.1,-5.92,0.15
6449,871,169,304.06,-20.43,0.2
6450,871,404,112.97,14.57,0.05
6451,871,195,335.13,12.34,0.15
6452,871,143,309.64,-3.0,0.15
6453,872,559,436.41,4.66,0.15
6454,872,448,219.31,19.25,0.05
6455,872,37,249.9,38.84,0.05
6456,872,266,415.56,76.79,0.05
6457,873,364,388.39,28.28,0.1
6458,873,528,286.29,33.68,0.05
6459,873,576,253.99,43.78,0.05
6460,873,108,317.02,-0.23,0.15
6461,873,388,378.14,-0.96,0.2
6462,873,23,414.66,6.06,0.15
6463,874,334,525.17,39.11,0.15
6464,874,19,456.68,12.9,0.15
6465,874,65,371.61,-29.04,0.2
6466,874,442,292.8,12.35,0.1
6467,874,172,504.52,60.76,0.1
6468,874,33,256.61,-20.88,0.15
6469,874,317,334.96,12.58,0.15
6470,875,304,223.04,30.32,0.05
6471,875,132,288.07,-3.71,0.15
6472,875,299,362.07,4.39,0.15
6473,875,122,303.56,-5.43,0.15
6474,875,58,330.37,26.3,0.1
6475,876,332,371.38,45.51,0.1
6476,877,336,285.27,-25.46,0.2
6477,877,161,271.49,-27.6,0.2
6478,877,409,101.59,1.47,0.05
6479,877,160,242.44,9.42,0.1
6480,877,219,307.88,35.04,0.1
6481,877,582,360.03,8.47,0.15
6482,877,338,300.63,-10.27,0.15
6483,877,42,123.85,18.55,0.05
6484,877,89,319.34,-9.42,0.15
6485,877,149,210.19,13.48,0.1
6486,877,378,327.93,-0.76,0.15
6487,878,542,60.13,2.02,0.05
6488,878,194,120.84,4.29,0.1
6489,879,72,180.5,19.91,0.05
6490,879,102,318.54,-11.45,0.2
6491,879,451,320.69,-24.39,0.2
6492,879,438,339.26,-16.34,0.2
6493,880,204,385.02,14.22,0.15
6494,880,47,307.44,-23.69,0.2
6495,880,506,255.74,23.51,0.1
6496,880,271,211.27,7.47,0.1
6497,880,399,162.83,23.61,0.05
6498,880,254,244.86,25.6,0.1
6499,880,332,421.58,25.88,0.15
6500,880,93,420.96,-3.51,0.2
6501,880,466,218.51,-3.57,0.15
6502,880,494,209.07,12.62,0.1
6503,880,328,207.48,7.66,0.1
6504,880,553,129.23,8.47,0.05
6505,880,409,96.67,1.17,0.05
6506,881,301,199.69,24.22,0.05
6507,881,4,195.57,30.01,0.05
6508,881,15,234.66,-14.3,0.15
6509,881,135,238.43,-16.11,0.15
6510,881,551,419.03,3.85,0.15
6511,881,96,394.03,2.38,0.15
6512,881,327,347.56,2.8,0.15
6513,881,569,162.31,10.71,0.05
6514,881,98,122.99,12.17,0.05
6515,881,4,347.85,36.43,0.1
6516,881,65,189.76,16.29,0.05
6517,881,307,338.91,19.03,0.1
6518,882,103,241.72,36.16,0.05
6519,882,170,343.25,6.43,0.15
6520,882,424,348.37,41.87,0.1
6521,882,465,406.55,-0.35,0.2
6522,882,490,351.38,39.82,0.1
6523,882,152,273.81,17.84,0.1
6524,882,109,176.52,11.0,0.05
6525,883,204,187.68,27.67,0.05
6526,883,41,247.23,26.09,0.1
6527,883,34,342.62,-29.58,0.2
6528,883,511,451.13,18.0,0.15
6529,883,577,299.5,36.22,0.1
6530,883,128,280.02,29.72,0.1
6531,883,588,281.61,-1.31,0.15
6532,883,216,385.4,23.33,0.15
6533,883,138,282.79,18.67,0.1
6534,883,79,320.91,19.29,0.1
6535,883,236,119.55,7.01,0.05
6536,883,185,345.4,15.44,0.15
6537,883,253,260.39,4.32,0.1
6538,883,38,190.85,22.63,0.05
6539,884,460,323.95,30.77,0.1
6540,884,131,340.31,3.57,0.15
6541,884,531,368.22,9.39,0.15
6542,884,530,380.08,-12.89,0.2
6543,884,450,221.83,6.72,0.1
6544,884,359,275.76,-27.5,0.2
6545,885,518,212.58,28.57,0.05
6546,885,328,171.83,16.38,0.05
6547,885,301,389.99,-16.06,0.2
6548,885,180,311.15,-13.34,0.2
6549,885,425,358.57,-1.38,0.2
6550,885,88,152.61,14.58,0.05
6551,885,250,151.8,5.31,0.05
6552,885,373,314.3,5.4,0.15
6553,885,580,259.55,-22.28,0.2
6554,885,374,270.15,-1.53,0.15
6555,885,585,492.65,28.61,0.15
6556,885,58,179.64,22.09,0.05
6557,885,253,358.26,-31.19,0.2
6558,886,551,406.89,-24.96,0.2
6559,886,17,211.96,20.82,0.1
6560,886,483,307.59,-21.13,0.2
6561,886,429,336.56,17.41,0.15
6562,887,66,282.05,-19.83,0.15
6563,887,315,100.15,9.4,0.05
6564,888,107,95.41,-7.59,0.1
6565,889,226,365.98,-19.34,0.2
6566,889,65,315.78,9.54,0.1
6567,889,325,358.61,32.45,0.1
6568,889,31,305.74,-8.42,0.2
6569,889,119,359.92,19.98,0.1
6570,889,368,330.55,24.57,0.1
6571,889,154,243.12,4.4,0.1
6572,889,173,287.04,-16.3,0.2
6573,890,589,339.83,-14.99,0.2
6574,890,377,378.11,-19.58,0.2
6575,890,559,165.1,14.73,0.05
6576,890,559,392.12,-5.29,0.15
6577,890,182,293.4,-30.86,0.2
6578,891,77,237.61,0.63,0.1
6579,891,369,211.25,23.84,0.05
6580,891,23,402.27,3.58,0.15
6581,891,289,294.13,-16.33,0.15
6582,891,296,302.34,19.92,0.1
6583,891,270,338.0,23.72,0.1
6584,891,318,280.76,-1.54,0.15
6585,891,340,281.51,-17.5,0.15
6586,891,359,299.25,-23.98,0.2
6587,891,124,512.35,59.73,0.1
6588,891,320,224.44,30.45,0.05
6589,891,398,317.59,45.03,0.05
6590,891,479,309.09,3.06,0.1
6591,891,316,258.09,18.07,0.1
6592,892,581,404.46,42.51,0.1
6593,892,145,278.2,40.19,0.05
6594,892,187,279.22,41.66,0.05
6595,892,538,318.41,-13.11,0.2
6596,892,538,318.41,-14.21,0.2
6597,892,219,445.31,58.41,0.1
6598,892,339,192.08,11.95,0.05
6599,893,173,312.85,-10.24,0.2
6600,893,1,416.42,7.21,0.2
6601,893,37,350.89,-4.45,0.2
6602,893,151,449.67,2.55,0.2
6603,893,347,373.5,-19.66,0.2
6604,893,79,475.03,-13.4,0.2
6605,893,336,309.98,-2.08,0.15
6606,893,495,327.69,8.37,0.15
6607,893,260,538.23,30.4,0.15
6608,893,250,218.28,10.61,0.05
6609,893,358,389.27,66.58,0.05
6610,893,306,338.12,9.81,0.15
6611,893,363,244.93,14.72,0.05
6612,894,423,217.85,20.0,0.1
6613,894,423,217.85,19.28,0.1
6614,894,375,171.85,-4.23,0.1
6615,894,503,220.59,-12.55,0.15
6616,895,246,391.82,33.47,0.1
6617,895,207,268.62,23.89,0.1
6618,895,558,345.76,-30.12,0.2
6619,896,325,404.99,-12.07,0.2
6620,896,568,138.21,6.79,0.05
6621,896,475,134.19,9.95,0.05
6622,896,245,274.76,15.99,0.1
6623,896,67,297.26,-38.29,0.2
6624,896,353,240.03,22.94,0.1
6625,896,361,351.2,-11.68,0.2
6626,896,308,249.02,8.86,0.1
6627,896,41,245.48,25.83,0.1
6628,896,499,345.9,10.65,0.15
6629,896,237,316.63,-24.15,0.2
6630,896,184,228.66,18.11,0.1
6631,896,213,285.02,7.33,0.1
6632,896,28,333.12,-13.13,0.2
6633,897,215,358.16,69.55,0.05
6634,897,90,385.84,25.91,0.1
6635,897,333,514.78,10.09,0.2
6636,897,494,369.13,-7.17,0.2
6637,897,452,433.89,17.02,0.15
6638,897,173,289.65,22.24,0.1
6639,898,294,352.12,-14.94,0.2
6640,898,10,467.04,33.9,0.15
6641,898,71,366.39,47.43,0.05
6642,899,293,277.28,-2.63,0.15
6643,899,195,369.5,-8.03,0.2
6644,900,480,86.46,0.84,0.05
6645,900,228,115.34,-5.9,0.1
6646,900,498,275.58,-15.79,0.2
6647,900,569,245.77,-30.28,0.2
6648,900,290,160.28,-2.83,0.1
6649,900,366,187.78,8.78,0.1
6650,900,375,79.39,1.76,0.05
6651,900,267,85.72,8.88,0.05
6652,900,496,243.7,2.42,0.15
6653,900,120,101.36,5.85,0.05
6654,900,279,220.27,13.85,0.1
6655,901,411,207.68,4.99,0.1
6656,901,236,208.99,-11.48,0.15
6657,901,252,227.54,-18.02,0.15
6658,901,305,144.22,2.24,0.1
6659,901,545,210.79,-14.77,0.15
6660,901,365,301.84,-4.37,0.15
6661,901,534,340.36,20.59,0.15
6662,901,541,197.09,5.26,0.1
6663,901,520,132.22,-1.91,0.1
6664,902,483,327.94,3.97,0.15
6665,902,102,212.41,29.18,0.05
6666,902,403,213.71,33.8,0.05
6667,903,119,471.06,-14.99,0.2
6668,903,523,352.24,14.84,0.1
6669,903,317,367.31,19.05,0.15
6670,903,554,318.77,-28.35,0.2
6671,903,549,506.36,-11.2,0.2
6672,903,430,315.26,-13.28,0.15
6673,903,27,318.23,51.44,0.05
6674,904,117,299.99,12.61,0.15
6675,904,443,337.4,-25.4,0.2
6676,904,537,476.09,38.3,0.15
6677,904,527,310.75,49.43,0.05
6678,904,361,359.46,12.61,0.15
6679,904,562,189.78,-7.11,0.1
6680,904,491,304.25,-8.9,0.2
6681,904,446,470.1,16.51,0.15
6682,904,236,296.11,-23.99,0.2
6683,904,459,218.39,28.91,0.05
6684,904,439,250.92,1.85,0.15
6685,904,565,318.08,-12.53,0.15
6686,905,574,344.88,19.66,0.15
6687,905,80,366.71,15.95,0.1
6688,905,482,295.3,18.54,0.1
6689,905,191,316.51,9.18,0.15
6690,905,440,205.75,26.21,0.05
6691,905,273,326.89,31.88,0.1
6692,906,377,386.6,32.45,0.1
6693,906,309,386.61,23.14,0.15
6694,906,438,384.28,-9.59,0.2
6695,906,246,298.27,40.7,0.05
6696,906,42,324.52,37.79,0.1
6697,906,437,370.35,34.72,0.1
6698,906,192,352.14,36.77,0.1
6699,906,55,187.35,9.43,0.05
6700,906,251,394.77,0.49,0.15
6701,906,474,360.05,24.07,0.1
6702,906,190,869.78,126.35,0.1
6703,906,332,370.43,70.83,0.05
6704,906,334,581.3,15.94,0.2
6705,907,113,134.06,11.63,0.05
6706,907,436,324.68,-6.29,0.2
6707,907,407,252.11,-15.92,0.2
6708,907,170,267.6,-3.93,0.15
6709,907,415,333.4,-5.37,0.2
6710,907,268,112.35,13.8,0.05
6711,907,424,120.48,16.87,0.05
6712,907,422,367.7,-3.75,0.2
6713,907,496,224.44,16.65,0.1
6714,908,443,120.8,7.76,0.05
6715,908,408,294.96,-33.7,0.2
6716,908,82,351.66,-33.17,0.2
6717,908,352,239.81,3.45,0.15
6718,909,47,309.26,-3.42,0.15
6719,909,577,327.42,40.86,0.1
6720,909,102,266.67,22.31,0.1
6721,909,291,266.75,26.15,0.1
6722,909,234,169.68,1.01,0.1
6723,909,29,177.11,29.48,0.05
6724,910,37,318.64,30.56,0.1
6725,910,277,291.89,11.54,0.1
6726,911,457,294.19,38.41,0.05
6727,911,140,316.19,32.9,0.1
6728,911,118,435.16,-18.84,0.2
6729,911,341,330.64,-7.92,0.15
6730,911,365,462.53,-12.83,0.2
6731,911,279,462.19,49.51,0.1
6732,911,517,461.79,-5.02,0.2
6733,912,330,269.22,-3.33,0.15
6734,912,169,319.32,2.3,0.15
6735,913,210,281.47,51.79,0.05
6736,913,473,208.05,18.26,0.05
6737,914,519,285.11,-19.49,0.2
6738,914,513,517.28,3.36,0.2
6739,914,326,412.61,14.84,0.15
6740,915,256,271.98,9.6,0.15
6741,915,53,188.98,12.59,0.1
6742,915,444,249.97,-9.8,0.15
6743,915,568,180.14,-1.63,0.1
6744,915,409,82.71,0.33,0.05
6745,915,74,101.26,7.72,0.05
6746,915,443,289.12,-29.31,0.2
6747,915,311,227.93,-35.49,0.2
6748,915,377,345.16,-20.35,0.2
6749,915,89,191.29,2.3,0.1
6750,915,352,147.12,8.17,0.1
6751,915,159,103.65,6.33,0.05
6752,915,193,119.98,15.78,0.05
6753,915,43,153.13,10.66,0.1
6754,916,572,284.87,22.23,0.1
6755,916,299,253.61,30.55,0.05
6756,916,540,380.47,29.76,0.1
6757,916,178,296.96,23.02,0.1
6758,917,49,431.52,-1.57,0.2
6759,917,65,354.72,-29.38,0.2
6760,917,361,340.58,6.64,0.15
6761,917,439,237.74,-1.88,0.15
6762,917,6,458.42,12.67,0.15
6763,917,126,466.39,7.94,0.2
6764,917,459,264.42,18.07,0.1
6765,917,133,221.47,-34.26,0.2
6766,917,91,207.92,10.92,0.1
6767,917,562,79.3,-0.86,0.05
6768,917,527,518.1,-11.44,0.2
6769,918,584,364.92,30.61,0.1
6770,918,473,333.36,-25.16,0.2
6771,918,72,455.99,34.16,0.1
6772,918,72,491.45,-18.57,0.2
6773,918,589,358.83,-11.05,0.2
6774,918,275,284.06,-3.15,0.1
6775,918,273,314.5,29.88,0.1
6776,918,458,354.67,4.51,0.15
6777,918,328,335.4,-18.79,0.2
6778,918,4,385.85,-6.34,0.2
6779,918,130,376.74,22.09,0.15
6780,918,348,326.21,6.88,0.1
6781,918,397,330.5,-12.48,0.15
6782,919,0,100.82,11.35,0.05
6783,919,451,322.61,-23.01,0.2
6784,919,105,123.11,6.4,0.05
6785,919,587,345.39,-15.62,0.2
6786,919,386,273.27,-10.93,0.15
6787,919,122,117.92,7.7,0.05
6788,919,175,299.43,-13.53,0.2
6789,919,210,172.83,29.94,0.05
6790,919,385,328.99,27.74,0.1
6791,919,513,455.74,24.18,0.15
6792,919,2,387.91,25.53,0.15
6793,920,221,468.92,3.19,0.2
6794,920,483,313.56,-18.05,0.2
6795,920,300,302.89,-26.12,0.2
6796,920,440,265.8,3.58,0.15
6797,920,520,237.09,-26.43,0.2
6798,920,210,416.76,27.85,0.15
6799,920,93,416.49,22.86,0.15
6800,920,202,405.42,12.86,0.15
6801,920,145,316.7,25.67,0.1
6802,920,146,299.4,-25.92,0.2
6803,920,290,323.52,-33.16,0.2
6804,920,207,257.36,4.37,0.15
6805,920,399,319.46,31.41,0.1
6806,921,59,403.58,21.71,0.15
6807,921,580,153.85,11.08,0.05
6808,921,53,363.86,-7.95,0.2
6809,921,294,332.61,-18.96,0.2
6810,921,26,388.45,1.23,0.15
6811,921,173,275.37,17.58,0.1
6812,921,381,539.48,35.8,0.15
6813,921,50,303.69,8.79,0.15
6814,921,328,340.48,-19.12,0.2
6815,921,459,225.48,30.08,0.05
6816,921,443,313.48,9.39,0.1
6817,922,195,418.1,-2.93,0.2
6818,922,534,459.16,66.42,0.1
6819,922,245,404.58,-14.89,0.2
6820,922,515,406.54,39.01,0.1
6821,922,221,475.21,64.19,0.1
6822,922,94,306.81,54.54,0.05
6823,922,388,247.8,41.73,0.05
6824,922,389,384.7,25.31,0.15
6825,922,91,210.59,25.89,0.05
6826,922,390,336.25,17.6,0.15
6827,922,117,214.43,34.17,0.05
6828,922,254,400.11,27.89,0.15
6829,922,229,356.35,-14.78,0.2
6830,923,386,303.02,-25.8,0.2
6831,923,26,371.16,21.79,0.1
6832,923,456,179.39,8.13,0.05
6833,923,556,190.54,12.78,0.05
6834,923,233,125.73,9.35,0.05
6835,923,384,375.23,40.43,0.1
6836,923,541,217.29,24.5,0.05
6837,923,389,372.61,20.7,0.15
6838,923,258,308.34,5.74,0.15
6839,923,477,180.38,23.82,0.05
6840,923,185,377.0,-3.3,0.2
6841,923,276,287.01,-20.44,0.15
6842,924,94,417.06,49.23,0.1
6843,924,244,410.16,-14.0,0.2
6844,925,262,246.18,0.46,0.15
6845,925,84,378.36,-4.31,0.15
6846,925,435,262.41,26.37,0.1
6847,925,343,202.11,23.42,0.05
6848,925,440,228.39,14.42,0.1
6849,925,331,204.29,34.03,0.05
6850,925,287,214.19,33.91,0.05
6851,926,52,266.99,17.34,0.1
6852,926,231,404.6,-11.45,0.2
6853,926,247,467.16,-8.01,0.2
6854,926,138,408.07,-10.06,0.2
6855,926,370,318.53,6.04,0.1
6856,926,236,279.39,9.52,0.1
6857,926,446,500.57,-9.06,0.2
6858,926,144,297.35,13.89,0.1
6859,926,555,396.71,-22.59,0.2
6860,926,378,386.8,-15.71,0.2
6861,926,246,421.74,-13.51,0.2
6862,926,296,319.81,3.89,0.15
6863,927,153,163.63,0.45,0.1
6864,927,499,272.94,4.32,0.15
6865,927,123,303.26,-25.03,0.2
6866,927,372,235.14,-2.63,0.15
6867,927,394,177.32,0.88,0.1
6868,927,470,85.13,5.32,0.05
6869,927,21,368.38,-23.44,0.2
6870,927,114,96.52,12.26,0.05
6871,927,117,274.37,-9.41,0.2
6872,927,32,191.02,-2.52,0.15
6873,927,172,169.32,25.66,0.05
6874,927,500,358.66,-16.11,0.2
6875,927,286,263.64,1.92,0.15
6876,928,196,397.83,46.35,0.1
6877,928,10,432.27,26.95,0.15
6878,928,549,450.76,-19.53,0.2
6879,928,191,272.11,20.22,0.1
6880,928,8,397.46,31.19,0.1
6881,929,19,351.61,51.82,0.05
6882,929,85,295.86,53.12,0.05
6883,929,470,292.94,-19.32,0.2
6884,929,106,261.33,24.95,0.05
6885,929,395,356.65,-5.35,0.15
6886,929,269,358.99,28.62,0.1
6887,929,262,279.01,-10.53,0.2
6888,929,128,288.11,50.72,0.05
6889,930,300,304.37,14.44,0.1
6890,930,2,424.34,33.62,0.15
6891,930,54,387.25,-6.32,0.2
6892,930,156,418.56,21.05,0.15
6893,930,543,147.45,0.02,0.05
6894,930,488,483.84,72.6,0.1
6895,931,362,413.37,25.98,0.1
6896,932,14,305.86,19.93,0.1
6897,932,122,144.02,10.6,0.05
6898,932,516,252.1,39.98,0.05
6899,932,430,283.02,-19.73,0.15
6900,932,503,131.58,8.42,0.05
6901,932,123,282.36,12.73,0.1
6902,932,542,161.27,13.8,0.05
6903,932,567,245.03,-39.76,0.2
6904,932,19,449.56,11.47,0.15
6905,932,167,348.5,-31.4,0.2
6906,932,46,380.36,-18.31,0.2
6907,932,398,483.47,13.31,0.15
6908,932,480,313.68,-35.89,0.2
6909,933,377,134.38,1.56,0.1
6910,933,461,233.19,-25.83,0.2
6911,933,430,163.19,-31.28,0.2
6912,933,223,151.91,-30.28,0.2
6913,934,481,186.86,17.5,0.05
6914,934,16,283.01,41.24,0.05
6915,934,578,329.2,5.43,0.15
6916,934,221,320.48,60.56,0.05
6917,935,568,259.69,-32.31,0.2
6918,936,262,153.36,6.21,0.1
6919,936,168,241.38,-42.11,0.2
6920,936,298,300.03,-19.67,0.2
6921,936,295,274.55,-2.57,0.15
6922,936,273,268.06,3.5,0.15
6923,936,542,201.91,4.82,0.1
6924,936,240,285.45,-31.59,0.2
6925,937,273,184.32,12.63,0.1
6926,938,481,281.36,-2.5,0.15
6927,938,137,418.97,42.77,0.1
6928,938,79,254.19,31.69,0.05
6929,938,52,283.11,-14.67,0.2
6930,938,290,344.54,-31.1,0.2
6931,938,539,256.15,10.59,0.1
6932,938,223,280.99,-34.63,0.2
6933,938,34,204.76,17.35,0.05
6934,938,206,277.19,53.69,0.05
6935,938,230,351.35,-16.04,0.2
6936,938,219,477.45,5.67,0.2
6937,938,132,294.78,-21.14,0.2
6938,938,406,358.91,-4.5,0.2
6939,939,379,395.82,34.26,0.1
6940,939,500,415.58,-7.99,0.2
6941,939,63,283.78,-16.99,0.15
6942,939,191,199.59,26.15,0.05
6943,940,516,501.16,27.0,0.15
6944,940,51,227.24,42.14,0.05
6945,940,245,158.82,17.23,0.05
6946,940,211,515.62,44.45,0.15
6947,940,82,154.92,10.56,0.05
6948,940,539,255.23,-3.99,0.15
6949,940,539,262.1,-21.69,0.2
6950,941,476,244.93,-17.38,0.15
6951,941,137,213.47,31.1,0.05
6952,941,134,256.27,-29.52,0.2
6953,941,314,190.16,19.97,0.05
6954,941,424,307.31,34.35,0.1
6955,941,470,268.54,-20.79,0.2
6956,942,556,144.03,8.11,0.05
6957,942,276,275.11,-25.01,0.15
6958,942,421,138.4,18.62,0.05
6959,942,400,124.8,10.14,0.05
6960,942,111,405.5,33.46,0.1
6961,942,132,128.64,9.33,0.05
6962,942,84,177.19,15.3,0.05
6963,942,73,361.17,-8.87,0.15
6964,942,570,364.89,-1.72,0.15
6965,942,405,254.49,-14.01,0.2
6966,942,72,461.21,5.63,0.15
6967,942,338,150.47,11.53,0.05
6968,942,344,376.84,-24.72,0.2
6969,942,459,169.29,20.89,0.05
6970,943,306,178.91,8.75,0.1
6971,943,446,148.67,17.07,0.05
6972,943,379,370.11,-19.85,0.2
6973,943,506,127.47,17.97,0.05
6974,943,363,102.51,2.84,0.05
6975,943,355,218.6,2.12,0.15
6976,943,44,183.57,16.45,0.1
6977,943,44,104.69,14.98,0.05
6978,943,129,94.55,10.91,0.05
6979,943,444,190.29,2.83,0.1
6980,943,511,353.87,9.62,0.15
6981,943,142,102.2,7.63,0.05
6982,943,219,255.71,26.62,0.1
6983,944,212,277.13,55.65,0.05
6984,944,212,492.13,72.72,0.1
6985,944,80,361.59,-10.83,0.15
6986,944,3,358.44,22.4,0.15
6987,945,190,848.03,12.46,0.2
6988,945,82,251.59,3.96,0.1
6989,945,527,496.13,20.66,0.15
6990,945,269,335.94,0.66,0.15
6991,945,530,379.22,-13.02,0.2
6992,945,442,212.7,6.44,0.1
6993,945,131,247.39,14.99,0.1
6994,945,21,374.83,-1.09,0.15
6995,945,62,261.82,-18.0,0.2
6996,945,394,308.13,-28.12,0.2
6997,946,60,315.14,-12.19,0.2
6998,946,196,329.26,58.44,0.05
6999,946,493,504.65,42.96,0.15
7000,946,499,269.43,41.25,0.05
7001,946,148,321.81,3.53,0.15
7002,946,384,424.86,0.41,0.2
7003,947,187,172.94,22.84,0.05
7004,947,398,457.04,8.7,0.15
7005,947,279,442.02,-12.66,0.2
7006,947,212,512.5,44.05,0.15
7007,947,266,205.66,33.85,0.05
7008,947,176,129.44,8.99,0.05
7009,947,471,189.65,30.18,0.05
7010,947,7,336.55,-5.11,0.15
7011,947,469,271.33,12.9,0.1
7012,947,276,110.03,0.7,0.05
7013,947,295,327.15,-19.76,0.2
7014,947,120,337.56,-8.49,0.15
7015,947,328,316.06,-22.79,0.2
7016,947,557,417.38,-23.94,0.2
7017,948,378,370.72,-18.12,0.2
7018,948,41,317.77,36.96,0.1
7019,948,418,184.86,20.09,0.05
7020,949,439,74.74,6.21,0.05
7021,949,71,398.24,-25.98,0.2
7022,949,510,319.36,-19.71,0.2
7023,949,29,332.17,-6.87,0.2
7024,949,317,238.54,3.75,0.15
7025,949,239,137.45,-6.09,0.1
7026,949,294,224.32,-6.42,0.15
7027,949,347,101.86,6.05,0.05
7028,949,306,275.66,-19.07,0.2
7029,949,219,323.82,14.93,0.15
7030,949,212,477.16,6.44,0.2
7031,949,350,86.73,0.07,0.05
7032,949,478,61.81,2.22,0.05
7033,949,518,211.02,11.41,0.1
7034,950,138,240.4,32.8,0.05
7035,950,498,354.45,10.73,0.15
7036,950,134,268.38,-28.8,0.2
7037,950,582,385.6,36.44,0.1
7038,950,430,295.2,-17.3,0.15
7039,950,280,362.0,-20.49,0.2
7040,950,470,271.24,-4.13,0.15
7041,950,327,371.5,-14.89,0.2
7042,950,118,243.92,24.47,0.05
7043,950,367,217.37,24.73,0.05
7044,951,26,397.86,3.12,0.15
7045,951,188,353.44,-8.01,0.15
7046,951,235,210.12,7.59,0.1
7047,951,227,371.57,-16.38,0.2
7048,951,179,286.42,19.56,0.1
7049,951,564,410.63,17.36,0.15
7050,951,300,320.8,-1.9,0.15
7051,951,0,274.57,-8.12,0.2
7052,951,0,176.78,24.25,0.05
7053,951,130,390.9,23.82,0.15
7054,951,368,393.43,12.27,0.15
7055,952,371,428.14,-22.32,0.2
7056,952,115,215.35,33.34,0.05
7057,952,117,314.22,14.36,0.15
7058,952,468,397.97,-20.24,0.2
7059,952,496,283.6,43.9,0.05
7060,952,497,445.76,-0.44,0.2
7061,952,61,218.45,-20.53,0.2
7062,952,120,401.58,-22.69,0.2
7063,952,556,347.98,-27.96,0.2
7064,952,147,337.0,56.93,0.05
7065,953,542,184.9,-11.21,0.15
7066,953,337,118.31,-4.94,0.1
7067,953,588,69.59,4.05,0.05
7068,953,10,104.09,13.79,0.05
7069,953,21,94.82,7.32,0.05
7070,953,496,251.29,-15.62,0.2
7071,953,182,71.11,1.61,0.05
7072,953,297,90.73,9.24,0.05
7073,953,147,298.61,-14.3,0.2
7074,954,135,168.37,6.91,0.05
7075,954,123,341.83,0.89,0.15
7076,954,24,447.42,-16.56,0.2
7077,954,497,437.67,-0.56,0.2
7078,954,269,250.36,31.78,0.05
7079,954,568,357.04,-29.03,0.2
7080,954,540,398.62,8.9,0.15
7081,954,474,388.57,-17.9,0.2
7082,955,430,258.88,-21.96,0.15
7083,955,255,247.59,25.72,0.1
7084,955,565,208.94,-1.47,0.1
7085,955,406,307.81,11.35,0.15
7086,955,136,323.1,-20.12,0.2
7087,955,406,307.81,9.28,0.15
7088,955,256,331.52,14.67,0.15
7089,955,294,283.65,-3.69,0.15
7090,955,69,452.24,-23.31,0.2
7091,955,265,180.68,27.2,0.05
7092,955,352,261.8,-11.31,0.2
7093,956,514,286.4,3.57,0.15
7094,956,124,391.77,12.42,0.15
7095,956,174,100.14,11.05,0.05
7096,956,91,92.42,9.18,0.05
7097,956,75,279.98,-3.16,0.15
7098,956,412,300.43,-21.24,0.2
7099,956,142,291.54,-24.16,0.2
7100,956,327,194.61,8.09,0.1
7101,956,67,167.32,-5.11,0.1
7102,956,242,149.46,17.81,0.05
7103,957,438,264.87,-0.27,0.15
7104,957,310,193.46,14.97,0.1
7105,957,259,117.35,15.02,0.05
7106,957,2,131.67,21.58,0.05
7107,957,450,100.99,6.97,0.05
7108,958,166,303.53,-32.09,0.2
7109,958,190,601.88,34.69,0.15
7110,958,10,129.01,18.67,0.05
7111,958,586,195.48,-6.53,0.15
7112,958,552,94.13,3.84,0.05
7113,958,312,286.9,-3.89,0.15
7114,958,81,142.23,14.29,0.05
7115,959,209,345.11,40.55,0.1
7116,959,191,316.64,-10.92,0.2
7117,959,450,319.3,-3.27,0.15
7118,959,150,247.25,40.16,0.05
7119,959,512,379.63,-14.69,0.2
7120,960,70,346.19,-10.81,0.15
7121,960,89,335.78,-7.61,0.15
7122,960,544,385.03,-20.77,0.2
7123,960,517,391.68,9.88,0.15
7124,960,400,197.92,4.71,0.1
7125,960,4,152.75,21.56,0.05
7126,961,534,460.9,38.32,0.15
7127,961,252,318.27,-33.76,0.2
7128,961,193,384.52,18.08,0.15
7129,961,417,443.63,16.16,0.15
7130,961,275,295.19,-19.34,0.15
7131,961,480,297.8,0.38,0.1
7132,961,312,426.45,-18.17,0.2
7133,961,297,209.62,29.44,0.05
7134,961,491,300.36,-9.48,0.2
7135,961,190,492.06,70.66,0.1
7136,961,505,157.19,12.48,0.05
7137,961,460,473.36,-4.27,0.2
7138,961,459,370.54,9.14,0.15
7139,961,468,345.99,16.86,0.1
7140,962,79,264.61,12.51,0.1
7141,962,163,251.68,-8.67,0.15
7142,962,159,116.3,8.2,0.05
7143,962,494,313.97,-16.54,0.2
7144,962,94,148.62,22.7,0.05
7145,962,253,214.71,1.27,0.1
7146,962,580,209.97,-9.9,0.15
7147,962,281,362.86,20.28,0.15
7148,962,365,143.1,14.65,0.05
7149,962,27,125.36,16.32,0.05
7150,962,163,251.68,-8.67,0.15
7151,962,492,436.4,2.1,0.2
7152,962,330,92.56,7.03,0.05
7153,962,358,313.47,28.73,0.1
7154,963,502,210.34,-26.06,0.2
7155,963,262,68.36,5.39,0.05
7156,963,211,413.03,0.23,0.2
7157,963,381,251.2,21.48,0.1
7158,963,469,187.22,4.74,0.1
7159,963,233,98.46,-2.05,0.1
7160,963,182,80.93,2.15,0.05
7161,963,92,207.46,18.23,0.1
7162,963,303,240.11,0.1,0.15
7163,963,385,362.91,-16.51,0.2
7164,963,158,187.51,-22.11,0.2
7165,963,286,164.32,8.12,0.1
7166,963,55,116.45,-6.16,0.1
7167,963,508,273.0,-14.67,0.2
7168,964,589,234.18,32.56,0.05
7169,965,380,151.03,14.63,0.05
7170,965,329,377.9,15.43,0.15
7171,965,537,228.92,41.83,0.05
7172,965,473,315.57,-6.36,0.15
7173,965,16,204.81,28.25,0.05
7174,965,124,254.23,39.22,0.05
7175,965,50,145.25,18.49,0.05
7176,965,419,443.83,18.03,0.15
7177,965,108,258.36,9.85,0.1
7178,965,90,381.5,-25.21,0.2
7179,965,174,309.95,7.48,0.15
7180,965,434,120.97,1.93,0.05
7181,965,291,159.0,23.82,0.05
7182,966,352,250.09,18.43,0.1
7183,966,102,334.66,-10.12,0.2
7184,966,0,251.71,3.57,0.15
7185,966,293,329.5,1.97,0.15
7186,966,446,432.15,38.68,0.1
7187,966,172,522.85,33.86,0.15
7188,966,377,394.06,-17.19,0.2
7189,966,153,269.92,7.97,0.1
7190,966,293,339.93,-17.69,0.2
7191,966,501,278.28,13.05,0.1
7192,966,343,404.12,30.45,0.1
7193,966,517,417.72,-12.73,0.2
7194,966,182,296.4,-11.33,0.15
7195,966,173,148.06,17.03,0.05
7196,967,534,108.89,16.74,0.05
7197,967,434,58.78,-1.3,0.05
7198,967,190,204.62,31.98,0.05
7199,968,284,139.65,16.64,0.05
7200,968,40,148.62,14.31,0.05
7201,968,372,299.88,-17.72,0.2
7202,968,550,181.34,22.31,0.05
7203,968,475,116.57,7.91,0.05
7204,968,166,230.21,1.62,0.1
7205,968,1,326.5,16.38,0.15
7206,968,565,201.67,-1.83,0.1
7207,969,380,278.46,13.23,0.1
7208,969,200,161.37,24.88,0.05
7209,969,131,361.9,-15.3,0.2
7210,969,480,306.31,-17.24,0.15
7211,969,458,178.38,21.42,0.05
7212,969,294,311.84,-0.87,0.15
7213,969,237,161.76,15.17,0.05
7214,969,161,249.56,4.03,0.1
7215,969,201,328.28,16.99,0.15
7216,969,127,195.8,32.76,0.05
7217,969,182,294.86,-11.63,0.15
7218,970,373,305.77,23.5,0.1
7219,971,503,157.03,-0.61,0.1
7220,971,278,256.72,-30.84,0.2
7221,971,407,204.9,-2.41,0.15
7222,971,417,146.46,18.34,0.05
7223,971,67,99.33,2.19,0.05
7224,971,119,238.34,7.46,0.1
7225,971,155,114.15,13.05,0.05
7226,971,425,202.34,18.51,0.1
7227,971,303,218.65,15.49,0.1
7228,971,255,291.17,12.58,0.15
7229,971,119,135.83,12.06,0.05
7230,971,321,94.42,0.09,0.05
7231,972,371,397.21,-28.05,0.2
7232,972,573,168.05,22.53,0.05
7233,972,136,309.47,19.45,0.1
7234,972,233,193.88,4.57,0.1
7235,972,329,358.74,36.08,0.1
7236,973,9,368.35,22.76,0.1
7237,973,150,246.92,40.82,0.05
7238,973,304,343.39,31.63,0.1
7239,973,567,246.61,-23.73,0.15
7240,973,347,206.71,19.26,0.05
7241,973,16,428.54,16.55,0.15
7242,973,386,303.69,-26.79,0.2
7243,973,558,192.59,11.04,0.05
7244,974,420,104.28,-16.13,0.2
7245,974,146,81.42,-12.76,0.15
7246,974,431,105.96,-25.85,0.2
7247,974,280,68.45,-4.66,0.1
7248,974,236,91.26,-21.23,0.2
7249,974,167,69.2,-7.54,0.1
7250,974,325,109.59,-10.77,0.15
7251,975,452,288.9,20.26,0.1
7252,975,86,342.82,-5.39,0.2
7253,975,523,327.96,-12.51,0.15
7254,975,568,324.2,-32.86,0.2
7255,975,426,346.55,-5.09,0.2
7256,975,551,404.77,-0.1,0.15
7257,975,430,283.77,-37.89,0.2
7258,975,429,164.5,26.45,0.05
7259,975,5,173.55,27.62,0.05
7260,976,296,280.4,16.6,0.1
7261,976,120,371.0,-27.28,0.2
7262,976,298,159.5,17.25,0.05
7263,976,152,250.63,15.06,0.1
7264,976,588,149.51,14.29,0.05
7265,976,125,278.19,7.59,0.15
7266,976,62,243.0,13.06,0.1
7267,976,278,245.18,1.88,0.1
7268,976,390,327.08,-7.36,0.2
7269,976,51,271.36,51.38,0.05
7270,976,575,397.53,54.27,0.1
7271,976,245,189.66,21.87,0.05
7272,976,93,222.25,37.75,0.05
7273,977,74,321.2,-23.31,0.2
7274,978,371,408.17,-25.31,0.2
7275,978,468,366.36,-1.51,0.15
7276,978,290,334.43,-10.1,0.15
7277,978,218,453.85,36.12,0.15
7278,979,117,361.85,1.55,0.2
7279,980,93,417.06,24.07,0.15
7280,980,222,233.47,1.66,0.1
7281,980,189,151.36,11.13,0.05
7282,980,18,390.86,0.26,0.2
7283,981,381,465.29,55.61,0.1
7284,981,532,292.27,-20.41,0.2
7285,981,153,254.59,6.81,0.1
7286,981,367,169.28,18.37,0.05
7287,981,407,258.12,2.73,0.15
7288,981,559,415.1,-25.11,0.2
7289,981,442,268.12,11.21,0.1
7290,981,186,221.16,31.47,0.05
7291,981,392,135.94,6.43,0.05
7292,981,570,368.91,-0.92,0.15
7293,981,241,408.5,-19.2,0.2
7294,982,135,235.93,-31.84,0.2
7295,982,260,205.47,30.6,0.05
7296,982,10,176.89,28.14,0.05
7297,982,450,223.93,6.06,0.1
7298,982,424,336.18,15.9,0.15
7299,982,248,189.05,10.33,0.1
7300,982,156,163.24,23.45,0.05
7301,982,550,201.29,25.66,0.05
7302,983,226,389.61,-14.7,0.2
7303,983,489,320.19,12.9,0.15
7304,983,43,192.18,27.76,0.05
7305,983,195,263.02,42.86,0.05
7306,983,262,261.99,1.43,0.15
7307,983,425,345.3,41.14,0.1
7308,983,278,266.73,5.86,0.1
7309,983,207,265.48,22.01,0.1
7310,983,51,524.57,76.84,0.1
7311,983,439,267.71,-11.72,0.2
7312,983,38,310.04,43.62,0.05
7313,983,362,408.55,24.78,0.1
7314,983,125,278.07,26.59,0.1
7315,983,195,378.89,42.22,0.1
7316,984,568,187.88,12.9,0.05
7317,984,448,159.01,10.84,0.05
7318,984,527,530.29,26.62,0.15
7319,984,218,449.2,35.19,0.15
7320,984,268,315.43,29.58,0.1
7321,984,60,288.2,3.37,0.15
7322,984,298,177.88,19.93,0.05
7323,984,395,338.19,-9.04,0.15
7324,984,463,313.99,7.4,0.1
7325,984,401,323.46,-8.09,0.2
7326,984,577,417.41,5.48,0.2
7327,985,517,420.2,15.58,0.15
7328,985,433,290.38,5.12,0.1
7329,985,535,418.16,29.93,0.15
7330,985,48,573.44,14.15,0.2
7331,986,142,332.21,22.08,0.1
7332,986,280,377.02,7.67,0.15
7333,986,471,538.59,40.91,0.15
7334,986,314,400.59,30.59,0.1
7335,987,249,197.42,31.95,0.05
7336,987,537,466.99,36.48,0.15
7337,987,314,394.3,-21.42,0.2
7338,987,264,167.88,24.2,0.05
7339,987,336,299.31,-23.36,0.2
7340,988,272,459.61,30.02,0.15
7341,988,122,234.4,5.33,0.1
7342,988,576,149.38,23.26,0.05
7343,988,323,142.43,6.45,0.05
7344,988,524,93.76,-5.99,0.05
7345,988,59,313.64,31.86,0.1
7346,988,428,439.77,31.57,0.15
7347,988,165,272.29,4.58,0.1
7348,988,427,459.22,4.52,0.2
7349,988,461,399.79,1.61,0.15
7350,989,292,135.6,6.95,0.1
7351,990,176,86.77,3.9,0.05
7352,990,581,307.87,-16.28,0.2
7353,990,586,172.14,-7.43,0.15
7354,990,61,90.16,-4.11,0.1
7355,990,297,173.64,9.1,0.1
7356,990,293,86.66,6.72,0.05
7357,990,51,138.47,22.51,0.05
7358,990,131,264.37,-19.7,0.2
7359,990,511,286.6,3.51,0.15
7360,991,14,343.47,22.43,0.1
7361,991,57,299.0,19.28,0.1
7362,991,498,361.62,-8.67,0.2
7363,991,221,461.24,59.6,0.1
7364,991,6,462.67,43.49,0.1
7365,991,266,510.83,65.41,0.1
7366,991,5,247.93,42.54,0.05
7367,991,258,317.17,-11.59,0.2
7368,991,550,502.38,17.27,0.15
7369,991,575,441.66,35.39,0.15
7370,991,18,414.64,6.02,0.2
7371,992,62,59.25,3.21,0.05
7372,992,488,108.52,16.99,0.05
7373,992,167,216.05,-30.53,0.2
7374,992,40,157.27,2.78,0.1
7375,992,60,63.49,4.48,0.05
7376,992,8,274.97,-23.36,0.2
7377,992,302,153.18,3.95,0.1
7378,992,297,197.01,-3.34,0.15
7379,992,419,100.16,10.78,0.05
7380,992,10,168.64,12.29,0.1
7381,992,285,186.42,-7.02,0.15
7382,992,188,75.21,1.72,0.05
7383,992,39,129.64,15.97,0.05
7384,992,407,164.38,-15.78,0.2
7385,993,423,374.56,-1.5,0.2
7386,993,451,184.85,18.7,0.05
7387,994,52,83.13,6.79,0.05
7388,994,533,267.94,-21.52,0.2
7389,994,332,352.77,16.98,0.15
7390,994,46,202.63,8.99,0.1
7391,994,311,136.89,-7.34,0.1
7392,995,119,324.83,17.38,0.1
7393,995,86,337.97,13.56,0.15
7394,995,68,365.39,-29.63,0.2
7395,995,536,155.38,23.63,0.05
7396,995,69,207.41,23.92,0.05
7397,995,36,125.34,15.05,0.05
7398,995,246,390.62,-19.27,0.2
7399,995,401,310.2,-7.89,0.2
7400,995,27,159.79,22.41,0.05
7401,995,531,303.86,24.02,0.1
7402,995,37,316.82,-8.46,0.2
7403,995,280,340.09,-23.78,0.2
7404,995,97,130.53,16.67,0.05
7405,996,467,203.98,36.41,0.05
7406,996,18,173.16,30.21,0.05
7407,996,164,321.58,-4.54,0.15
7408,996,398,476.45,9.72,0.15
7409,996,253,269.12,4.03,0.1
7410,996,338,318.56,-8.07,0.15
7411,996,98,226.32,-2.11,0.15
7412,996,161,269.29,-12.68,0.15
7413,996,506,173.87,26.31,0.05
7414,996,222,248.8,0.81,0.1
7415,996,271,143.64,13.44,0.05
7416,996,240,129.43,6.51,0.05
7417,996,27,346.35,12.28,0.15
7418,997,342,169.44,15.29,0.05
7419,997,107,176.21,-6.15,0.1
7420,997,24,338.34,19.73,0.1
7421,997,104,143.33,17.45,0.05
7422,997,440,278.18,-11.82,0.2
7423,997,365,398.51,4.43,0.15
7424,997,269,358.07,-19.81,0.2
7425,997,461,190.66,19.96,0.05
7426,997,312,338.36,22.01,0.1
7427,997,317,336.94,-7.58,0.2
7428,998,466,268.41,5.14,0.15
7429,998,368,419.58,-8.88,0.2
7430,998,51,589.2,18.91,0.2
7431,998,462,290.89,31.54,0.05
7432,998,328,344.29,4.38,0.15
7433,998,88,224.62,24.37,0.05
7434,999,66,304.8,5.71,0.1
7435,999,450,265.83,28.24,0.05
