session_id,customer_id,timestamp,day_of_month,day_of_week,is_paycheck_week,daypart,weather,location_zone,group_size_estimate,bundle_id,restaurant_id,bundle_price,treatment,incentive_depth,basket_discount_depth,restaurant_offer_depth,converted,gross_revenue,promo_cost,fulfillment_cost,restaurant_cost,net_margin,is_cannibalized,refund_flag,complaint_flag
0,0,2026-02-07 13:00:00,7,5,1,lunch,extreme,7,1,30,9,465.85,1,0.2,0.13951484397636463,0.060485156023635384,1,536.09,107.22,52.24,348.46,28.17,0,0,0
1,0,2026-02-18 09:00:00,18,2,0,lunch,rain,2,1,2,0,467.58,1,0.2,0.17646864804405477,0.023531351955945246,1,538.08,107.62,47.68,349.75,33.03,1,0,0
2,0,2026-06-10 03:00:00,10,2,0,breakfast,clear,1,1,1,0,430.92,1,0.15,0.13466389023741407,0.015336109762585926,1,485.11,72.77,46.18,315.32,50.84,0,0,0
3,0,2026-02-05 01:00:00,5,3,1,breakfast,clear,6,1,112,37,403.7,1,0.15,0.1108910484178587,0.039108951582141296,1,454.47,68.17,82.66,295.41,8.23,0,0,0
4,0,2026-03-29 01:00:00,29,6,1,late_night,clear,5,2,393,135,332.05,1,0.1,0.07463107966200126,0.025368920337998743,1,363.64,36.36,77.2,236.37,13.71,0,0,0
5,0,2026-04-24 03:00:00,24,4,0,dinner,clear,2,3,210,69,497.03,0,0.0,0.0,0.0,0,0.0,0.0,0.0,0.0,0.0,0,0,0
6,0,2026-06-11 22:00:00,11,3,0,late_night,extreme,8,1,228,74,270.68,0,0.0,0.0,0.0,1,270.68,0.0,74.92,175.94,19.82,0,0,0
7,0,2026-03-13 15:00:00,13,4,0,breakfast,clear,10,2,244,79,438.48,0,0.0,0.0,0.0,0,0.0,0.0,0.0,0.0,0.0,0,0,0
8,0,2026-03-01 11:00:00,1,6,1,dinner,clear,12,1,302,101,453.97,0,0.0,0.0,0.0,0,0.0,0.0,0.0,0.0,0.0,0,0,0
9,0,2026-04-30 09:00:00,30,3,1,dinner,clear,2,1,143,47,404.73,1,0.05,0.04353140384296004,0.0064685961570399644,1,427.25,21.36,71.02,277.71,57.16,1,0,0
10,0,2026-04-04 10:00:00,4,5,1,breakfast,clear,11,1,210,69,497.03,0,0.0,0.0,0.0,0,0.0,0.0,0.0,0.0,0.0,0,0,0
11,0,2026-02-19 00:00:00,19,3,0,lunch,clear,8,1,321,108,326.88,0,0.0,0.0,0.0,0,0.0,0.0,0.0,0.0,0.0,0,0,0
12,1,2026-03-23 22:00:00,23,0,0,breakfast,clear,12,2,116,38,269.91,1,0.2,0.16057836655297716,0.03942163344702285,1,313.25,62.65,46.0,203.62,0.99,1,0,0
13,1,2026-06-16 17:00:00,16,1,0,late_night,clear,5,2,344,116,430.3,1,0.15,0.11850968564438218,0.03149031435561782,1,487.93,73.19,81.82,317.16,15.77,0,0,0
14,1,2026-01-18 01:00:00,18,6,0,late_night,extreme,13,1,215,71,481.1,1,0.2,0.15940566430328468,0.040594335696715333,1,558.36,111.67,51.64,362.93,32.11,0,0,0
15,1,2026-04-10 23:00:00,10,4,0,dinner,clear,12,1,257,85,340.31,0,0.0,0.0,0.0,0,0.0,0.0,0.0,0.0,0.0,0,0,0
16,1,2026-01-11 15:00:00,11,6,0,breakfast,clear,7,2,436,149,386.12,1,0.05,0.03568081910340539,0.014319180896594612,1,409.0,20.45,47.38,265.85,75.32,1,0,0
17,1,2026-06-19 13:00:00,19,4,0,dinner,rain,5,2,451,155,376.18,0,0.0,0.0,0.0,0,0.0,0.0,0.0,0.0,0.0,0,0,0
18,1,2026-02-13 21:00:00,13,4,0,dinner,clear,10,2,329,111,439.94,0,0.0,0.0,0.0,0,0.0,0.0,0.0,0.0,0.0,0,0,0
19,1,2026-03-11 08:00:00,11,2,0,late_night,clear,6,2,154,51,317.65,0,0.0,0.0,0.0,1,317.65,0.0,72.04,206.47,39.14,0,0,0
20,1,2026-04-23 07:00:00,23,3,0,late_night,rain,8,2,215,71,481.1,1,0.15,0.07876361196261689,0.07123638803738311,1,545.54,81.83,50.14,354.6,58.97,0,0,0
21,2,2026-01-27 22:00:00,27,1,1,breakfast,rain,6,1,43,13,320.07,1,0.05,0.029467512976873018,0.020532487023126985,1,334.89,16.74,46.72,217.68,53.75,1,0,0
22,2,2026-06-11 10:00:00,11,3,0,lunch,clear,8,1,552,189,364.68,0,0.0,0.0,0.0,0,0.0,0.0,0.0,0.0,0.0,0,0,0
23,2,2026-04-09 18:00:00,9,3,0,late_night,extreme,8,1,373,128,361.15,0,0.0,0.0,0.0,1,361.15,0.0,63.16,234.75,63.24,0,0,0
24,3,2026-05-19 18:00:00,19,1,0,breakfast,rain,14,2,374,128,310.41,0,0.0,0.0,0.0,0,0.0,0.0,0.0,0.0,0.0,0,0,0
25,3,2026-06-06 08:00:00,6,5,1,dinner,clear,4,1,368,126,431.88,0,0.0,0.0,0.0,0,0.0,0.0,0.0,0.0,0.0,0,0,0
26,3,2026-06-22 19:00:00,22,0,0,breakfast,clear,9,3,0,0,289.95,1,0.2,0.1422028912058273,0.057797108794172714,1,318.09,63.62,46.18,206.76,1.53,0,0,0
27,3,2026-05-13 17:00:00,13,2,0,late_night,clear,2,4,350,118,329.12,1,0.1,0.08622187710320504,0.013778122896794961,0,0.0,0.0,0.0,0.0,0.0,0,0,0
28,3,2026-04-24 12:00:00,24,4,0,dinner,clear,13,4,559,191,467.99,1,0.2,0.19061100239082368,0.00938899760917633,0,0.0,0.0,0.0,0.0,0.0,0,0,0
29,3,2026-06-21 00:00:00,21,6,0,dinner,clear,7,2,59,20,453.76,1,0.2,0.17344341230324847,0.026556587696751538,1,497.8,99.56,57.52,323.57,17.15,0,0,0
30,3,2026-06-18 15:00:00,18,3,0,breakfast,extreme,1,2,1,0,430.92,1,0.2,0.1550551251160206,0.04494487488397941,1,472.75,94.55,49.18,307.28,21.73,0,0,0
31,3,2026-05-11 23:00:00,11,0,0,lunch,clear,5,1,584,198,433.43,1,0.2,0.15451242102840568,0.045487578971594333,1,475.5,95.1,66.7,309.07,4.62,0,0,0
32,3,2026-02-18 07:00:00,18,2,0,lunch,rain,14,1,497,171,461.55,1,0.2,0.11534908355149254,0.08465091644850747,1,506.35,101.27,60.58,329.13,15.37,0,0,0
33,3,2026-03-23 14:00:00,23,0,0,breakfast,rain,10,1,247,80,495.9,0,0.0,0.0,0.0,0,0.0,0.0,0.0,0.0,0.0,0,0,0
34,4,2026-05-21 05:00:00,21,3,0,breakfast,clear,4,2,108,36,342.36,1,0.15,0.08950773230850215,0.06049226769149785,1,383.06,57.46,69.58,248.99,7.03,0,0,0
35,4,2026-02-09 18:00:00,9,0,0,lunch,rain,13,1,270,90,394.25,1,0.1,0.061053400239108394,0.03894659976089161,1,429.71,42.97,71.26,279.31,36.17,1,0,0
36,4,2026-06-06 06:00:00,6,5,1,lunch,clear,6,1,321,108,326.88,1,0.1,0.05918130881831385,0.040818691181686156,0,0.0,0.0,0.0,0.0,0.0,0,0,0
37,4,2026-01-06 03:00:00,6,1,1,lunch,clear,1,3,238,77,307.59,0,0.0,0.0,0.0,0,0.0,0.0,0.0,0.0,0.0,0,0,0
38,4,2026-06-03 12:00:00,3,2,1,dinner,clear,6,2,159,53,379.66,1,0.05,0.04507814241075985,0.004921857589240151,1,399.63,19.98,77.38,259.76,42.51,1,0,0
39,4,2026-01-04 23:00:00,4,6,1,breakfast,rain,5,4,133,44,257.6,0,0.0,0.0,0.0,0,0.0,0.0,0.0,0.0,0.0,0,0,0
40,4,2026-06-13 18:00:00,13,5,0,breakfast,clear,9,1,175,57,349.16,0,0.0,0.0,0.0,1,349.16,0.0,56.14,226.95,66.07,0,0,0
41,4,2026-03-11 17:00:00,11,2,0,breakfast,clear,14,1,135,44,274.41,0,0.0,0.0,0.0,0,0.0,0.0,0.0,0.0,0.0,0,0,0
42,4,2026-04-02 03:00:00,2,3,1,dinner,extreme,6,1,325,109,468.54,1,0.15,0.07775252083790511,0.07224747916209488,1,524.24,78.64,70.66,340.76,34.19,1,0,0
43,4,2026-01-26 07:00:00,26,0,1,lunch,clear,8,1,552,189,364.68,0,0.0,0.0,0.0,0,0.0,0.0,0.0,0.0,0.0,0,0,0
44,4,2026-04-03 01:00:00,3,4,1,late_night,clear,8,1,214,70,450.65,0,0.0,0.0,0.0,0,0.0,0.0,0.0,0.0,0.0,0,0,0
45,4,2026-04-29 12:00:00,29,2,1,breakfast,clear,11,2,309,104,417.27,0,0.0,0.0,0.0,0,0.0,0.0,0.0,0.0,0.0,0,0,0
46,5,2026-04-10 19:00:00,10,4,0,late_night,clear,6,2,501,172,342.17,1,0.15,0.1019960670814792,0.0480039329185208,1,368.86,55.33,65.98,239.76,7.79,0,0,0
47,5,2026-02-04 21:00:00,4,2,1,lunch,clear,7,3,263,87,460.9,0,0.0,0.0,0.0,0,0.0,0.0,0.0,0.0,0.0,0,0,0
48,5,2026-01-05 14:00:00,5,0,1,late_night,clear,7,1,125,41,321.49,0,0.0,0.0,0.0,0,0.0,0.0,0.0,0.0,0.0,0,0,0
49,5,2026-02-24 00:00:00,24,1,0,breakfast,clear,11,2,105,35,354.06,1,0.15,0.10619168987819197,0.043808310121808025,0,0.0,0.0,0.0,0.0,0.0,0,0,0
50,5,2026-02-23 03:00:00,23,0,0,late_night,clear,4,2,532,181,329.51,0,0.0,0.0,0.0,1,329.51,0.0,65.44,214.18,49.89,0,0,0
51,5,2026-02-28 07:00:00,28,5,1,lunch,clear,11,2,363,123,366.41,0,0.0,0.0,0.0,0,0.0,0.0,0.0,0.0,0.0,0,0,0
52,5,2026-01-31 02:00:00,31,5,1,breakfast,clear,3,1,176,58,380.02,0,0.0,0.0,0.0,1,380.02,0.0,79.9,247.01,53.11,0,0,0
53,5,2026-05-15 19:00:00,15,4,0,late_night,clear,13,1,295,99,382.6,0,0.0,0.0,0.0,0,0.0,0.0,0.0,0.0,0.0,0,0,0
54,5,2026-01-24 03:00:00,24,5,0,late_night,clear,5,1,376,129,469.03,1,0.05,0.040050174478605295,0.009949825521394708,0,0.0,0.0,0.0,0.0,0.0,0,0,0
55,5,2026-02-26 02:00:00,26,3,1,late_night,extreme,5,1,535,182,464.14,1,0.05,0.031391317527428506,0.018608682472571497,0,0.0,0.0,0.0,0.0,0.0,0,0,0
56,5,2026-05-05 13:00:00,5,1,1,breakfast,clear,4,4,105,35,354.06,0,0.0,0.0,0.0,0,0.0,0.0,0.0,0.0,0.0,0,0,0
57,5,2026-01-12 01:00:00,12,0,0,dinner,clear,10,1,318,107,312.54,1,0.1,0.050402296737827285,0.04959770326217272,0,0.0,0.0,0.0,0.0,0.0,0,0,0
58,5,2026-05-21 04:00:00,21,3,0,dinner,clear,5,1,153,51,331.89,0,0.0,0.0,0.0,0,0.0,0.0,0.0,0.0,0.0,0,0,0
59,6,2026-02-23 03:00:00,23,0,0,breakfast,extreme,13,1,200,66,365.44,1,0.2,0.12802781418177292,0.07197218581822709,1,400.91,80.18,50.14,260.59,10.0,1,0,0
60,6,2026-01-31 18:00:00,31,5,1,late_night,clear,3,1,467,159,534.48,1,0.1,0.0822646365862525,0.017735363413747512,1,567.21,56.72,51.7,368.69,90.1,0,0,0
61,6,2026-04-29 02:00:00,29,2,1,late_night,rain,6,2,35,11,312.68,0,0.0,0.0,0.0,0,0.0,0.0,0.0,0.0,0.0,0,0,0
62,6,2026-01-21 10:00:00,21,2,0,lunch,clear,7,4,393,135,332.05,0,0.0,0.0,0.0,0,0.0,0.0,0.0,0.0,0.0,0,0,0
63,6,2026-04-29 03:00:00,29,2,1,breakfast,extreme,6,1,153,51,331.89,1,0.15,0.12813491352049972,0.02186508647950028,1,358.76,53.81,75.04,233.19,-3.29,0,0,0
64,6,2026-03-01 19:00:00,1,6,1,dinner,extreme,7,3,559,191,467.99,0,0.0,0.0,0.0,0,0.0,0.0,0.0,0.0,0.0,0,0,0
65,6,2026-01-06 10:00:00,6,1,1,dinner,clear,1,1,281,94,499.39,0,0.0,0.0,0.0,0,0.0,0.0,0.0,0.0,0.0,0,0,0
66,7,2026-02-13 01:00:00,13,4,0,lunch,clear,1,1,87,29,453.25,0,0.0,0.0,0.0,1,453.25,0.0,62.68,294.61,95.96,0,1,0
67,7,2026-06-04 22:00:00,4,3,1,lunch,clear,6,1,369,126,374.47,0,0.0,0.0,0.0,0,0.0,0.0,0.0,0.0,0.0,0,0,0
68,7,2026-04-22 16:00:00,22,2,0,breakfast,clear,2,1,455,156,300.5,0,0.0,0.0,0.0,1,300.5,0.0,86.92,195.32,18.25,0,0,0
69,7,2026-06-10 20:00:00,10,2,0,lunch,extreme,2,3,18,5,453.72,1,0.1,0.05479428351737797,0.04520571648262203,0,0.0,0.0,0.0,0.0,0.0,0,0,0
70,7,2026-01-22 07:00:00,22,3,0,dinner,clear,2,1,195,65,438.04,0,0.0,0.0,0.0,0,0.0,0.0,0.0,0.0,0.0,0,0,0
71,7,2026-06-20 13:00:00,20,5,0,late_night,clear,14,1,454,156,238.15,1,0.15,0.14330175906449258,0.006698240935507416,1,266.01,39.9,86.92,172.9,-33.72,0,0,0
72,7,2026-03-05 11:00:00,5,3,1,lunch,clear,2,1,145,48,505.89,0,0.0,0.0,0.0,0,0.0,0.0,0.0,0.0,0.0,0,0,0
73,7,2026-02-15 15:00:00,15,6,0,lunch,clear,12,2,88,29,328.27,0,0.0,0.0,0.0,0,0.0,0.0,0.0,0.0,0.0,0,0,0
74,7,2026-05-04 14:00:00,4,0,1,dinner,clear,10,1,527,180,602.61,1,0.05,0.046786672899867245,0.003213327100132758,1,633.8,31.69,77.86,411.97,112.28,0,0,0
75,7,2026-01-19 18:00:00,19,0,0,dinner,clear,13,1,379,130,459.76,0,0.0,0.0,0.0,0,0.0,0.0,0.0,0.0,0.0,0,0,0
76,7,2026-04-24 03:00:00,24,4,0,lunch,clear,11,4,457,157,396.77,0,0.0,0.0,0.0,0,0.0,0.0,0.0,0.0,0.0,0,0,0
77,7,2026-05-05 01:00:00,5,1,1,dinner,rain,12,4,97,33,334.3,0,0.0,0.0,0.0,1,334.3,0.0,52.66,217.3,64.34,0,0,0
78,7,2026-04-26 13:00:00,26,6,1,late_night,clear,13,4,515,177,466.41,0,0.0,0.0,0.0,0,0.0,0.0,0.0,0.0,0.0,0,0,0
79,8,2026-03-06 14:00:00,6,4,1,late_night,rain,7,1,314,105,440.46,0,0.0,0.0,0.0,0,0.0,0.0,0.0,0.0,0.0,0,0,0
80,8,2026-04-29 19:00:00,29,2,1,late_night,rain,8,2,517,177,466.41,1,0.1,0.09767630768594499,0.0023236923140550203,1,510.85,51.09,71.32,332.06,56.39,1,0,0
81,8,2026-06-09 06:00:00,9,1,0,breakfast,clear,14,2,3,0,415.4,1,0.05,0.033154192371687784,0.01684580762831222,1,438.55,21.93,46.18,285.06,85.39,0,0,0
82,8,2026-01-30 06:00:00,30,4,1,dinner,rain,6,2,18,5,453.72,1,0.15,0.10029267582397802,0.04970732417602197,0,0.0,0.0,0.0,0.0,0.0,0,0,0
83,9,2026-06-19 13:00:00,19,4,0,late_night,clear,10,4,138,45,433.17,1,0.1,0.056435524238770234,0.04356447576122977,1,477.08,47.71,67.96,310.1,51.31,0,0,0
84,9,2026-06-05 01:00:00,5,4,1,late_night,extreme,8,2,138,45,433.17,1,0.1,0.06730396253696784,0.032696037463032165,1,477.08,47.71,70.96,310.1,48.31,0,0,0
85,9,2026-05-06 07:00:00,6,2,1,dinner,clear,1,1,86,28,398.14,0,0.0,0.0,0.0,1,398.14,0.0,50.56,258.79,88.79,0,0,0
86,10,2026-03-02 10:00:00,2,0,1,late_night,clear,5,2,31,9,344.82,1,0.05,0.039837530704124796,0.010162469295875207,1,362.92,18.15,49.24,235.9,59.64,0,0,0
87,10,2026-01-01 11:00:00,1,3,1,lunch,clear,8,2,578,197,363.8,0,0.0,0.0,0.0,0,0.0,0.0,0.0,0.0,0.0,0,0,0
88,10,2026-05-09 04:00:00,9,5,0,dinner,clear,8,5,358,121,582.33,0,0.0,0.0,0.0,0,0.0,0.0,0.0,0.0,0.0,0,0,0
89,10,2026-03-25 01:00:00,25,2,1,breakfast,clear,13,1,154,51,317.65,0,0.0,0.0,0.0,0,0.0,0.0,0.0,0.0,0.0,0,0,0
90,10,2026-02-24 21:00:00,24,1,0,dinner,clear,10,2,493,169,546.34,0,0.0,0.0,0.0,1,546.34,0.0,51.34,355.12,139.88,0,0,0
91,10,2026-03-29 03:00:00,29,6,1,lunch,clear,1,1,143,47,404.73,1,0.2,0.1450678124918389,0.05493218750816112,1,462.29,92.46,71.02,300.49,-1.68,0,0,0
92,10,2026-02-03 04:00:00,3,1,1,late_night,rain,6,1,68,22,418.77,0,0.0,0.0,0.0,0,0.0,0.0,0.0,0.0,0.0,0,0,0
93,10,2026-05-19 09:00:00,19,1,0,lunch,extreme,2,1,330,111,302.15,1,0.15,0.11186968452640396,0.038130315473596035,1,337.99,50.7,62.8,219.69,4.8,0,0,0
94,10,2026-02-16 08:00:00,16,0,0,lunch,clear,14,1,378,130,410.6,1,0.1,0.08953317836251098,0.010466821637489021,1,447.44,44.74,72.88,290.84,38.98,0,0,0
95,10,2026-03-12 17:00:00,12,3,0,late_night,clear,1,2,329,111,439.94,1,0.2,0.18234546124481837,0.017654538755181637,1,502.51,100.5,59.8,326.63,15.58,0,0,0
96,10,2026-04-03 23:00:00,3,4,1,lunch,clear,14,1,54,17,410.72,1,0.1,0.06670661522678466,0.03329338477321535,1,447.57,44.76,57.1,290.92,54.79,0,0,0
97,10,2026-04-16 13:00:00,16,3,0,breakfast,clear,14,1,379,130,459.76,0,0.0,0.0,0.0,1,459.76,0.0,72.88,298.84,88.04,0,0,0
98,11,2026-06-24 02:00:00,24,2,0,late_night,clear,13,3,321,108,326.88,0,0.0,0.0,0.0,0,0.0,0.0,0.0,0.0,0.0,0,0,0
99,11,2026-04-29 00:00:00,29,2,1,breakfast,extreme,8,1,203,67,382.66,1,0.15,0.08459136665534711,0.06540863334465288,1,427.68,64.15,68.62,277.99,16.92,0,0,0
100,11,2026-02-02 13:00:00,2,0,1,late_night,extreme,11,3,472,161,222.14,0,0.0,0.0,0.0,0,0.0,0.0,0.0,0.0,0.0,0,0,0
101,11,2026-01-05 20:00:00,5,0,1,dinner,rain,2,5,383,132,348.19,1,0.2,0.10242325268801156,0.09757674731198845,1,397.31,79.46,58.0,258.25,1.6,0,0,0
102,11,2026-03-25 18:00:00,25,2,1,dinner,rain,12,1,119,39,470.25,1,0.1,0.09898329306683303,0.0010167069331669804,0,0.0,0.0,0.0,0.0,0.0,0,0,0
103,11,2026-03-18 15:00:00,18,2,0,breakfast,clear,2,2,116,38,269.91,0,0.0,0.0,0.0,0,0.0,0.0,0.0,0.0,0.0,0,0,0
104,11,2026-06-12 09:00:00,12,4,0,dinner,clear,5,1,12,3,282.55,1,0.15,0.10908939866770488,0.04091060133229511,1,315.79,47.37,55.84,205.27,7.32,0,0,0
105,11,2026-05-14 10:00:00,14,3,0,late_night,clear,12,1,436,149,386.12,0,0.0,0.0,0.0,0,0.0,0.0,0.0,0.0,0.0,0,0,0
106,11,2026-02-14 02:00:00,14,5,0,breakfast,clear,5,1,479,164,360.53,1,0.1,0.08857904503897163,0.011420954961028379,0,0.0,0.0,0.0,0.0,0.0,0,0,0
107,12,2026-04-14 19:00:00,14,1,0,lunch,rain,14,2,205,67,352.05,1,0.05,0.03350842297723027,0.01649157702276973,1,379.67,18.98,67.12,246.79,46.78,1,0,0
108,12,2026-04-12 10:00:00,12,6,0,lunch,clear,8,1,326,110,455.16,1,0.2,0.19457574590028323,0.00542425409971678,1,551.92,110.38,69.34,358.75,13.45,0,0,0
109,12,2026-04-28 00:00:00,28,1,1,breakfast,clear,7,1,152,50,315.22,1,0.1,0.09033318461145433,0.009666815388545677,1,357.5,35.75,57.04,232.37,32.33,1,0,0
110,12,2026-03-03 19:00:00,3,1,1,dinner,clear,6,1,203,67,382.66,1,0.15,0.10569062815136195,0.04430937184863805,1,450.51,67.58,65.62,292.83,24.48,0,0,0
111,12,2026-03-07 11:00:00,7,5,1,dinner,clear,4,1,338,114,376.41,1,0.1,0.05882377786102079,0.041176222138979215,1,426.9,42.69,79.0,277.48,27.72,0,0,0
112,12,2026-02-03 11:00:00,3,1,1,dinner,clear,10,5,13,4,401.59,1,0.1,0.06686841018014682,0.03313158981985319,1,455.45,45.55,70.0,296.04,43.86,1,0,0
113,12,2026-01-04 03:00:00,4,6,1,lunch,clear,7,4,538,184,343.47,0,0.0,0.0,0.0,1,343.47,0.0,59.86,223.26,60.35,0,0,0
114,12,2026-05-22 04:00:00,22,4,0,lunch,clear,8,4,552,189,364.68,0,0.0,0.0,0.0,1,364.68,0.0,82.54,237.04,45.1,0,0,0
115,12,2026-04-05 13:00:00,5,6,1,lunch,clear,7,2,142,47,365.27,0,0.0,0.0,0.0,0,0.0,0.0,0.0,0.0,0.0,0,0,0
116,12,2026-02-09 00:00:00,9,0,0,lunch,clear,4,1,177,58,410.11,0,0.0,0.0,0.0,1,410.11,0.0,79.9,266.57,63.64,0,0,0
117,13,2026-04-14 00:00:00,14,1,0,late_night,clear,4,1,291,98,373.77,0,0.0,0.0,0.0,0,0.0,0.0,0.0,0.0,0.0,0,0,0
118,13,2026-02-02 07:00:00,2,0,1,lunch,clear,11,2,245,80,423.87,0,0.0,0.0,0.0,0,0.0,0.0,0.0,0.0,0.0,0,0,0
119,13,2026-04-25 21:00:00,25,5,1,late_night,clear,14,3,500,172,443.27,0,0.0,0.0,0.0,0,0.0,0.0,0.0,0.0,0.0,0,0,0
120,13,2026-05-18 22:00:00,18,0,0,breakfast,rain,5,1,510,175,422.52,1,0.1,0.09478776627604713,0.00521223372395288,1,457.62,45.76,71.44,297.45,42.97,0,0,0
121,13,2026-01-19 06:00:00,19,0,0,lunch,clear,1,1,386,133,329.4,0,0.0,0.0,0.0,0,0.0,0.0,0.0,0.0,0.0,0,0,0
122,13,2026-04-27 07:00:00,27,0,1,breakfast,clear,8,1,306,102,364.7,1,0.05,0.04591942993381548,0.004080570066184522,0,0.0,0.0,0.0,0.0,0.0,0,0,0
123,13,2026-04-02 18:00:00,2,3,1,late_night,extreme,7,5,241,78,460.55,0,0.0,0.0,0.0,0,0.0,0.0,0.0,0.0,0.0,0,1,0
124,13,2026-03-03 13:00:00,3,1,1,late_night,clear,1,2,63,21,314.23,1,0.05,0.04203610925729615,0.007963890742703851,0,0.0,0.0,0.0,0.0,0.0,0,0,0
125,13,2026-06-15 03:00:00,15,0,0,late_night,clear,5,1,272,91,541.4,1,0.1,0.06764318357949654,0.03235681642050346,1,586.38,58.64,53.98,381.14,92.61,0,0,0
126,13,2026-05-21 13:00:00,21,3,0,dinner,clear,2,3,200,66,365.44,0,0.0,0.0,0.0,0,0.0,0.0,0.0,0.0,0.0,0,0,0
127,13,2026-05-22 09:00:00,22,4,0,dinner,clear,1,1,213,70,439.7,1,0.05,0.03072325995395085,0.01927674004604915,0,0.0,0.0,0.0,0.0,0.0,0,0,0
128,14,2026-05-27 23:00:00,27,2,1,breakfast,rain,11,3,114,38,343.32,0,0.0,0.0,0.0,0,0.0,0.0,0.0,0.0,0.0,0,0,0
129,14,2026-06-23 14:00:00,23,1,0,late_night,clear,7,1,578,197,363.8,0,0.0,0.0,0.0,0,0.0,0.0,0.0,0.0,0.0,0,0,0
130,14,2026-05-29 19:00:00,29,4,1,breakfast,clear,13,1,573,195,366.51,0,0.0,0.0,0.0,0,0.0,0.0,0.0,0.0,0.0,0,0,0
131,15,2026-04-15 23:00:00,15,2,0,dinner,clear,11,2,294,99,361.09,0,0.0,0.0,0.0,0,0.0,0.0,0.0,0.0,0.0,0,0,0
132,15,2026-02-05 04:00:00,5,3,1,late_night,clear,6,1,222,73,368.75,0,0.0,0.0,0.0,0,0.0,0.0,0.0,0.0,0.0,0,0,0
133,15,2026-04-22 04:00:00,22,2,0,late_night,extreme,6,1,103,34,391.16,1,0.15,0.14518661261541052,0.004813387384589474,1,453.9,68.09,58.54,295.04,32.24,0,0,0
134,15,2026-04-16 13:00:00,16,3,0,late_night,clear,5,1,451,155,376.18,0,0.0,0.0,0.0,1,376.18,0.0,72.04,244.52,59.62,0,0,0
135,15,2026-03-30 01:00:00,30,0,1,breakfast,rain,10,2,164,54,379.98,1,0.05,0.04675637349947939,0.0032436265005206105,1,406.95,20.35,73.3,264.52,48.78,0,0,0
136,15,2026-02-15 06:00:00,15,6,0,late_night,clear,2,1,77,24,277.16,1,0.1,0.06678056939184165,0.03321943060815835,1,310.79,31.08,71.02,202.01,6.68,1,0,0
137,15,2026-01-20 07:00:00,20,1,0,late_night,clear,1,2,218,71,510.47,0,0.0,0.0,0.0,1,510.47,0.0,48.64,331.81,130.02,0,0,0
138,16,2026-04-18 16:00:00,18,5,0,late_night,clear,9,1,541,185,410.91,1,0.05,0.030099344234776594,0.01990065576522341,1,458.38,22.92,74.56,297.95,62.95,0,0,0
139,17,2026-02-11 03:00:00,11,2,0,dinner,extreme,12,2,368,126,431.88,0,0.0,0.0,0.0,0,0.0,0.0,0.0,0.0,0.0,0,0,0
140,17,2026-05-22 21:00:00,22,4,0,dinner,rain,2,3,259,85,416.73,0,0.0,0.0,0.0,0,0.0,0.0,0.0,0.0,0.0,0,0,0
141,17,2026-04-01 18:00:00,1,2,1,dinner,clear,7,1,33,10,294.15,0,0.0,0.0,0.0,0,0.0,0.0,0.0,0.0,0.0,0,0,0
142,17,2026-04-12 18:00:00,12,6,0,dinner,rain,14,1,520,178,275.66,0,0.0,0.0,0.0,1,275.66,0.0,66.04,179.18,30.44,0,0,0
143,17,2026-05-11 20:00:00,11,0,0,dinner,clear,8,1,404,138,351.02,1,0.05,0.03480242855982061,0.015197571440179393,1,382.07,19.1,50.2,248.35,64.42,1,0,0
144,17,2026-04-27 18:00:00,27,0,1,dinner,rain,12,2,140,46,353.64,0,0.0,0.0,0.0,1,353.64,0.0,51.1,229.87,72.67,0,0,0
145,17,2026-01-25 01:00:00,25,6,1,dinner,rain,1,1,146,48,348.11,0,0.0,0.0,0.0,0,0.0,0.0,0.0,0.0,0.0,0,0,0
146,18,2026-05-27 03:00:00,27,2,1,dinner,clear,10,3,191,64,343.36,0,0.0,0.0,0.0,0,0.0,0.0,0.0,0.0,0.0,0,0,0
147,18,2026-01-28 19:00:00,28,2,1,breakfast,clear,11,1,80,26,419.05,0,0.0,0.0,0.0,0,0.0,0.0,0.0,0.0,0.0,0,0,0
148,18,2026-01-05 21:00:00,5,0,1,dinner,clear,7,2,461,158,470.93,1,0.05,0.04158108299901911,0.008418917000980894,0,0.0,0.0,0.0,0.0,0.0,0,0,0
149,18,2026-02-01 02:00:00,1,6,1,dinner,clear,11,5,226,74,412.77,1,0.15,0.09722060680687482,0.052779393193125176,0,0.0,0.0,0.0,0.0,0.0,0,0,0
150,18,2026-02-01 13:00:00,1,6,1,lunch,rain,3,3,354,119,352.83,0,0.0,0.0,0.0,1,352.83,0.0,49.72,229.34,73.77,0,0,0
151,18,2026-04-19 04:00:00,19,6,0,lunch,clear,1,2,126,41,542.46,0,0.0,0.0,0.0,1,542.46,0.0,47.8,352.6,142.06,0,0,0
152,18,2026-02-24 04:00:00,24,1,0,breakfast,clear,8,3,353,119,370.29,0,0.0,0.0,0.0,0,0.0,0.0,0.0,0.0,0.0,0,0,0
153,18,2026-04-28 19:00:00,28,1,1,dinner,rain,2,1,314,105,440.46,1,0.05,0.025764331724651226,0.024235668275348777,0,0.0,0.0,0.0,0.0,0.0,0,0,0
154,18,2026-01-17 11:00:00,17,5,0,late_night,rain,3,3,365,124,467.16,1,0.05,0.026237357886455683,0.02376264211354432,0,0.0,0.0,0.0,0.0,0.0,0,0,0
155,18,2026-02-05 04:00:00,5,3,1,lunch,clear,1,5,436,149,386.12,0,0.0,0.0,0.0,0,0.0,0.0,0.0,0.0,0.0,0,0,0
156,18,2026-06-03 16:00:00,3,2,1,late_night,rain,4,1,441,152,383.96,1,0.1,0.058608378858156555,0.04139162114184345,1,405.86,40.59,71.38,263.81,30.08,1,0,0
157,18,2026-06-28 12:00:00,28,6,1,late_night,clear,1,2,384,132,441.54,1,0.1,0.09464323186624848,0.005356768133751522,0,0.0,0.0,0.0,0.0,0.0,0,0,0
158,18,2026-02-05 19:00:00,5,3,1,dinner,extreme,11,1,471,161,556.82,1,0.2,0.12712847135069355,0.07287152864930646,1,607.15,121.43,65.92,394.65,25.15,1,0,0
159,18,2026-01-30 14:00:00,30,4,1,lunch,clear,9,1,262,87,288.41,0,0.0,0.0,0.0,0,0.0,0.0,0.0,0.0,0.0,0,0,0
160,19,2026-06-01 11:00:00,1,0,1,breakfast,extreme,3,1,352,119,307.51,0,0.0,0.0,0.0,0,0.0,0.0,0.0,0.0,0.0,0,0,0
161,19,2026-06-01 20:00:00,1,0,1,breakfast,rain,14,2,523,179,390.75,1,0.05,0.03554183691631834,0.014458163083681662,0,0.0,0.0,0.0,0.0,0.0,0,0,0
162,20,2026-01-04 06:00:00,4,6,1,breakfast,clear,13,2,570,194,428.5,1,0.15,0.14550367884287305,0.004496321157126948,1,467.69,70.15,80.32,304.0,13.22,0,0,0
163,20,2026-06-16 23:00:00,16,1,0,breakfast,clear,11,3,158,52,277.26,1,0.2,0.15267717969620762,0.047322820303792396,1,307.67,61.53,60.64,199.98,-14.49,0,0,0
164,20,2026-02-02 23:00:00,2,0,1,dinner,rain,12,1,166,55,410.42,1,0.05,0.04110978280742501,0.00889021719257499,0,0.0,0.0,0.0,0.0,0.0,0,0,0
165,20,2026-01-17 20:00:00,17,5,0,dinner,clear,13,2,321,108,326.88,0,0.0,0.0,0.0,0,0.0,0.0,0.0,0.0,0.0,0,0,0
166,20,2026-06-12 14:00:00,12,4,0,late_night,clear,8,2,337,114,325.94,1,0.05,0.02832070942600868,0.021679290573991324,1,339.13,16.96,79.0,220.44,22.74,0,0,0
167,20,2026-03-13 09:00:00,13,4,0,dinner,extreme,8,1,181,60,297.43,1,0.05,0.03909784365032041,0.010902156349679594,0,0.0,0.0,0.0,0.0,0.0,0,0,0
168,20,2026-05-29 22:00:00,29,4,1,dinner,extreme,8,1,191,64,343.36,0,0.0,0.0,0.0,0,0.0,0.0,0.0,0.0,0.0,0,0,0
169,20,2026-05-28 01:00:00,28,3,1,breakfast,clear,9,2,18,5,453.72,0,0.0,0.0,0.0,0,0.0,0.0,0.0,0.0,0.0,0,0,0
170,21,2026-04-19 17:00:00,19,6,0,dinner,extreme,2,1,232,75,315.54,0,0.0,0.0,0.0,0,0.0,0.0,0.0,0.0,0.0,0,0,0
171,21,2026-02-28 15:00:00,28,5,1,late_night,clear,9,2,337,114,325.94,0,0.0,0.0,0.0,0,0.0,0.0,0.0,0.0,0.0,0,0,0
172,21,2026-04-12 00:00:00,12,6,0,lunch,clear,13,1,146,48,348.11,0,0.0,0.0,0.0,0,0.0,0.0,0.0,0.0,0.0,0,0,0
173,22,2026-04-10 07:00:00,10,4,0,breakfast,rain,1,3,121,40,652.1,1,0.1,0.05645753513540881,0.04354246486459119,1,714.98,71.5,74.68,464.74,104.07,0,0,0
174,23,2026-02-01 20:00:00,1,6,1,dinner,clear,14,1,330,111,302.15,1,0.1,0.06915872288033968,0.030841277119660324,1,326.45,32.64,59.8,212.19,21.81,0,0,0
175,23,2026-01-24 21:00:00,24,5,0,dinner,clear,2,2,580,197,288.97,0,0.0,0.0,0.0,0,0.0,0.0,0.0,0.0,0.0,0,0,0
176,23,2026-06-10 21:00:00,10,2,0,dinner,rain,7,2,3,0,415.4,1,0.15,0.10877732202028013,0.04122267797971986,1,459.56,68.93,47.68,298.72,44.23,0,0,0
177,23,2026-01-20 04:00:00,20,1,0,breakfast,clear,7,1,67,22,343.91,1,0.1,0.05248774490245398,0.04751225509754602,1,371.57,37.16,86.98,241.52,5.91,0,0,0
178,23,2026-03-06 22:00:00,6,4,1,dinner,clear,2,3,47,14,362.77,0,0.0,0.0,0.0,0,0.0,0.0,0.0,0.0,0.0,0,0,0
179,23,2026-01-23 22:00:00,23,4,0,breakfast,clear,9,1,415,142,396.5,0,0.0,0.0,0.0,0,0.0,0.0,0.0,0.0,0.0,0,0,0
180,23,2026-01-05 06:00:00,5,0,1,late_night,rain,1,1,477,163,341.1,0,0.0,0.0,0.0,0,0.0,0.0,0.0,0.0,0.0,0,0,0
181,23,2026-05-14 01:00:00,14,3,0,late_night,rain,14,1,215,71,481.1,0,0.0,0.0,0.0,0,0.0,0.0,0.0,0.0,0.0,0,0,0
182,23,2026-06-10 19:00:00,10,2,0,dinner,clear,4,3,436,149,386.12,0,0.0,0.0,0.0,0,0.0,0.0,0.0,0.0,0.0,0,0,0
183,23,2026-04-04 23:00:00,4,5,1,dinner,rain,6,1,158,52,277.26,0,0.0,0.0,0.0,1,277.26,0.0,62.14,180.22,34.9,0,0,0
184,23,2026-02-27 15:00:00,27,4,1,late_night,clear,14,1,333,112,519.42,1,0.1,0.06721149803791758,0.032788501962082425,1,561.19,56.12,56.38,364.78,83.92,0,0,0
185,23,2026-01-16 23:00:00,16,4,0,late_night,clear,4,2,413,141,430.89,1,0.1,0.052513730380317175,0.04748626961968283,1,465.54,46.55,67.96,302.6,48.43,1,0,0
186,23,2026-01-08 19:00:00,8,3,0,dinner,clear,9,1,452,155,457.82,1,0.2,0.19709488916957874,0.002905110830421276,1,516.18,103.24,72.04,335.51,5.39,1,0,0
187,24,2026-04-15 09:00:00,15,2,0,late_night,clear,6,3,218,71,510.47,1,0.2,0.15392817953594526,0.04607182046405475,1,601.99,120.4,48.64,391.3,41.66,1,0,0
188,24,2026-05-17 22:00:00,17,6,0,dinner,clear,3,1,529,180,299.68,1,0.1,0.07172306612056656,0.028276933879433447,1,333.58,33.36,77.86,216.83,5.54,0,0,0
189,24,2026-04-17 09:00:00,17,4,0,breakfast,clear,9,1,34,10,395.98,0,0.0,0.0,0.0,0,0.0,0.0,0.0,0.0,0.0,0,0,0
190,25,2026-01-26 15:00:00,26,0,1,dinner,clear,11,1,25,7,464.09,0,0.0,0.0,0.0,0,0.0,0.0,0.0,0.0,0.0,0,0,0
191,25,2026-01-11 15:00:00,11,6,0,breakfast,clear,3,2,116,38,269.91,0,0.0,0.0,0.0,0,0.0,0.0,0.0,0.0,0.0,0,0,0
192,25,2026-01-22 22:00:00,22,3,0,dinner,clear,14,2,20,6,418.44,0,0.0,0.0,0.0,0,0.0,0.0,0.0,0.0,0.0,0,0,0
193,25,2026-03-07 04:00:00,7,5,1,late_night,clear,4,3,450,155,358.65,1,0.1,0.07078487738712498,0.029215122612875025,1,427.15,42.72,72.04,277.65,34.75,0,0,0
194,25,2026-03-19 07:00:00,19,3,0,dinner,clear,3,1,88,29,328.27,0,0.0,0.0,0.0,0,0.0,0.0,0.0,0.0,0.0,0,0,0
195,25,2026-05-13 20:00:00,13,2,0,breakfast,rain,10,1,258,85,347.07,1,0.1,0.06462303183160321,0.03537696816839679,1,413.36,41.34,58.78,268.68,44.56,1,0,0
196,25,2026-04-27 23:00:00,27,0,1,breakfast,extreme,4,1,425,145,399.21,0,0.0,0.0,0.0,0,0.0,0.0,0.0,0.0,0.0,0,0,0
197,25,2026-05-12 12:00:00,12,1,0,breakfast,clear,14,1,147,49,505.44,1,0.2,0.13849461643708735,0.06150538356291266,1,658.45,131.69,63.94,427.99,34.83,0,0,0
198,25,2026-01-04 17:00:00,4,6,1,late_night,rain,2,1,490,168,404.53,0,0.0,0.0,0.0,0,0.0,0.0,0.0,0.0,0.0,0,0,0
199,25,2026-06-27 17:00:00,27,5,1,breakfast,extreme,3,2,147,49,505.44,1,0.15,0.09974585427956009,0.0502541457204399,1,633.06,94.96,66.94,411.49,59.67,0,0,0
200,25,2026-06-05 18:00:00,5,4,1,breakfast,rain,7,4,125,41,321.49,1,0.1,0.09043379581067756,0.009566204189322441,1,382.89,38.29,49.3,248.88,46.42,0,0,0
201,25,2026-01-04 14:00:00,4,6,1,dinner,clear,13,1,417,143,507.05,1,0.2,0.1827923827127338,0.01720761728726622,1,660.55,132.11,70.36,429.35,28.72,0,0,0
202,25,2026-01-30 11:00:00,30,4,1,late_night,clear,11,1,227,74,392.38,0,0.0,0.0,0.0,0,0.0,0.0,0.0,0.0,0.0,0,0,0
203,25,2026-04-04 17:00:00,4,5,1,dinner,clear,13,1,12,3,282.55,0,0.0,0.0,0.0,1,282.55,0.0,55.84,183.66,43.05,0,0,0
204,26,2026-06-16 08:00:00,16,1,0,dinner,clear,14,1,442,152,349.53,1,0.05,0.02881810763817415,0.02118189236182585,1,375.39,18.77,69.88,244.0,42.74,0,0,0
205,26,2026-01-09 12:00:00,9,4,0,late_night,rain,3,1,204,67,507.77,1,0.15,0.09490201074396364,0.05509798925603636,1,592.67,88.9,67.12,385.23,51.41,1,0,0
206,26,2026-05-10 23:00:00,10,6,0,lunch,clear,9,1,56,18,437.35,0,0.0,0.0,0.0,0,0.0,0.0,0.0,0.0,0.0,0,0,0
207,27,2026-02-02 20:00:00,2,0,1,breakfast,rain,14,1,7,2,414.56,0,0.0,0.0,0.0,1,414.56,0.0,81.64,269.46,63.46,0,0,0
208,27,2026-06-26 21:00:00,26,4,1,late_night,clear,13,5,300,101,352.16,0,0.0,0.0,0.0,0,0.0,0.0,0.0,0.0,0.0,0,0,0
209,27,2026-05-22 20:00:00,22,4,0,late_night,clear,9,2,510,175,422.52,1,0.1,0.0804161226394429,0.01958387736055711,1,503.4,50.34,69.94,327.21,55.91,0,0,0
210,27,2026-04-05 14:00:00,5,6,1,breakfast,clear,7,1,498,171,395.71,0,0.0,0.0,0.0,0,0.0,0.0,0.0,0.0,0.0,0,0,0
211,27,2026-05-29 07:00:00,29,4,1,lunch,clear,7,1,209,68,405.41,1,0.1,0.09749355939996222,0.002506440600037782,1,483.01,48.3,48.76,313.96,71.99,1,0,0
212,27,2026-04-15 12:00:00,15,2,0,late_night,rain,11,1,243,79,453.8,1,0.2,0.18475608120855008,0.015243918791449929,1,591.47,118.29,73.42,384.46,15.3,0,0,0
213,27,2026-01-15 12:00:00,15,3,0,breakfast,clear,1,1,190,63,989.89,0,0.0,0.0,0.0,0,0.0,0.0,0.0,0.0,0.0,0,0,0
214,27,2026-03-18 18:00:00,18,2,0,dinner,clear,6,4,191,64,343.36,0,0.0,0.0,0.0,0,0.0,0.0,0.0,0.0,0.0,0,0,0
215,27,2026-03-01 02:00:00,1,6,1,late_night,clear,6,1,227,74,392.38,1,0.15,0.07950898621126178,0.07049101378873822,1,491.67,73.75,71.92,319.58,26.41,0,0,0
216,27,2026-04-19 09:00:00,19,6,0,late_night,rain,6,2,219,72,521.25,0,0.0,0.0,0.0,0,0.0,0.0,0.0,0.0,0.0,0,0,0
217,27,2026-04-29 10:00:00,29,2,1,late_night,clear,1,1,328,110,369.63,1,0.1,0.08229804162107224,0.017701958378927768,1,440.38,44.04,69.34,286.25,40.76,0,0,0
218,27,2026-05-08 04:00:00,8,4,0,breakfast,clear,4,1,552,189,364.68,1,0.05,0.030250476102961634,0.01974952389703837,1,405.51,20.28,82.54,263.58,39.11,1,0,0
219,27,2026-02-18 20:00:00,18,2,0,breakfast,extreme,5,1,588,199,334.13,0,0.0,0.0,0.0,1,334.13,0.0,64.78,217.18,52.17,0,0,0
220,28,2026-02-18 06:00:00,18,2,0,breakfast,clear,14,1,268,89,373.97,1,0.2,0.1300534255139946,0.06994657448600541,1,446.72,89.34,54.7,290.37,12.31,1,0,1
221,28,2026-01-21 11:00:00,21,2,0,late_night,rain,10,1,528,180,430.97,1,0.2,0.19852011166236885,0.0014798883376311578,1,514.81,102.96,79.36,334.63,-2.14,1,0,0
222,28,2026-02-12 00:00:00,12,3,0,lunch,clear,6,3,399,137,510.29,0,0.0,0.0,0.0,0,0.0,0.0,0.0,0.0,0.0,0,0,0
223,28,2026-04-19 06:00:00,19,6,0,late_night,clear,12,1,105,35,354.06,0,0.0,0.0,0.0,1,354.06,0.0,81.52,230.14,42.4,0,0,0
224,29,2026-05-15 00:00:00,15,4,0,late_night,clear,4,1,147,49,505.44,0,0.0,0.0,0.0,0,0.0,0.0,0.0,0.0,0.0,0,0,0
225,29,2026-06-28 01:00:00,28,6,1,late_night,clear,9,3,347,117,386.51,0,0.0,0.0,0.0,1,386.51,0.0,77.2,251.23,58.08,0,0,0
226,29,2026-01-04 18:00:00,4,6,1,breakfast,clear,2,1,298,100,356.47,0,0.0,0.0,0.0,0,0.0,0.0,0.0,0.0,0.0,0,0,0
227,29,2026-05-29 18:00:00,29,4,1,dinner,clear,5,1,246,80,447.69,0,0.0,0.0,0.0,0,0.0,0.0,0.0,0.0,0.0,0,0,0
228,29,2026-02-16 10:00:00,16,0,0,lunch,clear,9,2,329,111,439.94,1,0.2,0.13040895901274133,0.06959104098725868,1,526.9,105.38,59.8,342.49,19.24,0,0,0
229,29,2026-03-08 04:00:00,8,6,0,lunch,clear,8,1,145,48,505.89,1,0.2,0.19975433593186193,0.00024566406813808506,1,605.89,121.18,73.18,393.83,17.7,0,0,0
230,29,2026-05-27 15:00:00,27,2,1,late_night,clear,1,3,481,165,317.88,1,0.05,0.037009101494110686,0.012990898505889317,1,341.07,17.05,64.18,221.7,38.14,0,0,0
231,29,2026-06-18 13:00:00,18,3,0,lunch,clear,13,1,584,198,433.43,1,0.2,0.1599529743429171,0.0400470256570829,1,519.11,103.82,66.7,337.42,11.17,0,0,0
232,29,2026-01-26 12:00:00,26,0,1,lunch,clear,8,3,220,72,668.5,1,0.2,0.18529066982583187,0.014709330174168145,1,800.64,160.13,54.64,520.42,65.46,1,0,0
233,30,2026-01-16 01:00:00,16,4,0,dinner,extreme,11,1,26,7,436.75,0,0.0,0.0,0.0,0,0.0,0.0,0.0,0.0,0.0,0,0,0
234,30,2026-03-22 10:00:00,22,6,0,lunch,extreme,9,3,97,33,334.3,0,0.0,0.0,0.0,0,0.0,0.0,0.0,0.0,0.0,0,0,0
235,30,2026-05-28 09:00:00,28,3,1,breakfast,clear,14,1,55,18,281.2,0,0.0,0.0,0.0,0,0.0,0.0,0.0,0.0,0.0,0,0,0
236,31,2026-04-02 01:00:00,2,3,1,late_night,clear,10,1,448,154,318.66,0,0.0,0.0,0.0,0,0.0,0.0,0.0,0.0,0.0,0,0,0
237,31,2026-05-14 09:00:00,14,3,0,lunch,extreme,2,1,471,161,556.82,0,0.0,0.0,0.0,0,0.0,0.0,0.0,0.0,0.0,0,0,0
238,31,2026-04-29 22:00:00,29,2,1,dinner,clear,11,1,87,29,453.25,1,0.15,0.07790452430289943,0.07209547569710056,1,486.92,73.04,62.68,316.5,34.7,0,0,0
239,31,2026-01-20 01:00:00,20,1,0,late_night,clear,2,2,136,45,379.51,1,0.05,0.026582897004199538,0.023417102995800465,0,0.0,0.0,0.0,0.0,0.0,0,0,0
240,31,2026-01-10 06:00:00,10,5,0,lunch,clear,6,4,76,24,373.62,1,0.15,0.0958884223778543,0.05411157762214569,0,0.0,0.0,0.0,0.0,0.0,0,0,0
241,31,2026-03-29 06:00:00,29,6,1,lunch,clear,8,1,495,170,353.45,0,0.0,0.0,0.0,0,0.0,0.0,0.0,0.0,0.0,0,0,0
242,31,2026-04-07 20:00:00,7,1,1,breakfast,clear,12,2,405,139,290.6,1,0.15,0.12179374569833536,0.028206254301664638,1,312.19,46.83,51.58,202.92,10.86,0,0,0
243,31,2026-04-14 17:00:00,14,1,0,lunch,clear,11,3,87,29,453.25,0,0.0,0.0,0.0,0,0.0,0.0,0.0,0.0,0.0,0,0,0
244,31,2026-03-01 04:00:00,1,6,1,dinner,clear,4,1,455,156,300.5,0,0.0,0.0,0.0,0,0.0,0.0,0.0,0.0,0.0,0,0,0
245,31,2026-04-21 08:00:00,21,1,0,late_night,rain,9,1,70,22,412.24,0,0.0,0.0,0.0,1,412.24,0.0,88.48,267.96,55.8,0,0,0
246,32,2026-02-26 00:00:00,26,3,1,lunch,clear,1,1,474,162,409.77,0,0.0,0.0,0.0,0,0.0,0.0,0.0,0.0,0.0,0,0,0
247,32,2026-02-03 16:00:00,3,1,1,late_night,clear,7,1,527,180,602.61,0,0.0,0.0,0.0,0,0.0,0.0,0.0,0.0,0.0,0,0,0
248,33,2026-01-07 18:00:00,7,2,1,dinner,clear,1,1,555,190,421.12,1,0.05,0.04603662999919506,0.00396337000080494,0,0.0,0.0,0.0,0.0,0.0,0,0,0
249,33,2026-03-05 22:00:00,5,3,1,late_night,clear,5,1,36,11,321.02,0,0.0,0.0,0.0,1,321.02,0.0,51.82,208.66,60.54,0,0,0
250,33,2026-03-19 19:00:00,19,3,0,breakfast,rain,8,1,148,49,348.4,0,0.0,0.0,0.0,0,0.0,0.0,0.0,0.0,0.0,0,0,0
251,33,2026-04-30 18:00:00,30,3,1,lunch,clear,9,5,300,101,352.16,1,0.15,0.1251467042166959,0.024853295783304086,0,0.0,0.0,0.0,0.0,0.0,0,0,0
252,33,2026-03-09 19:00:00,9,0,0,lunch,rain,5,2,44,13,374.19,1,0.15,0.12842260998845093,0.02157739001154907,1,401.99,60.3,46.72,261.29,33.68,1,0,0
253,33,2026-02-06 17:00:00,6,4,1,lunch,extreme,2,2,49,15,501.91,0,0.0,0.0,0.0,0,0.0,0.0,0.0,0.0,0.0,0,0,0
254,34,2026-03-09 01:00:00,9,0,0,breakfast,clear,7,1,332,112,555.99,1,0.1,0.07279973708688517,0.027200262913114837,1,608.88,60.89,56.38,395.77,95.84,0,0,0
255,34,2026-06-18 17:00:00,18,3,0,breakfast,clear,7,1,296,100,352.66,0,0.0,0.0,0.0,0,0.0,0.0,0.0,0.0,0.0,0,0,0
256,34,2026-04-13 16:00:00,13,0,0,late_night,clear,2,3,348,118,387.46,0,0.0,0.0,0.0,0,0.0,0.0,0.0,0.0,0.0,0,0,0
257,34,2026-04-14 05:00:00,14,1,0,late_night,rain,13,1,453,156,246.22,1,0.05,0.03888520172685658,0.01111479827314342,0,0.0,0.0,0.0,0.0,0.0,0,0,0
258,34,2026-01-21 01:00:00,21,2,0,breakfast,extreme,11,1,450,155,358.65,0,0.0,0.0,0.0,1,358.65,0.0,75.04,233.12,50.49,0,0,0
259,34,2026-06-09 21:00:00,9,1,0,lunch,clear,3,3,338,114,376.41,1,0.1,0.05851963397314628,0.041480366026853725,0,0.0,0.0,0.0,0.0,0.0,0,0,0
260,34,2026-01-30 07:00:00,30,4,1,breakfast,clear,11,1,201,66,380.12,1,0.15,0.0901558370359898,0.0598441629640102,1,427.92,64.19,47.14,278.15,38.44,1,0,0
261,34,2026-05-15 22:00:00,15,4,0,dinner,rain,4,4,567,193,277.06,0,0.0,0.0,0.0,1,277.06,0.0,87.34,180.09,9.63,0,0,0
262,35,2026-05-22 01:00:00,22,4,0,late_night,extreme,8,2,315,106,288.77,1,0.15,0.12789073873481885,0.022109261265181146,1,353.76,53.06,56.32,229.95,14.43,0,0,0
263,35,2026-01-21 10:00:00,21,2,0,lunch,clear,9,1,587,199,402.75,0,0.0,0.0,0.0,1,402.75,0.0,61.78,261.79,79.18,0,0,0
264,35,2026-05-14 21:00:00,14,3,0,late_night,clear,6,1,277,93,332.62,1,0.05,0.03984676466932137,0.010153235330678634,1,365.75,18.29,72.76,237.74,36.96,0,0,0
265,35,2026-04-29 21:00:00,29,2,1,lunch,clear,12,3,568,193,376.52,0,0.0,0.0,0.0,0,0.0,0.0,0.0,0.0,0.0,0,0,0
266,35,2026-04-08 04:00:00,8,2,0,late_night,rain,8,4,467,159,534.48,1,0.05,0.02968385486232272,0.020316145137677283,1,587.71,29.39,53.2,382.01,123.11,0,0,0
267,35,2026-05-18 07:00:00,18,0,0,breakfast,clear,14,1,566,193,300.71,1,0.2,0.11884501561692407,0.08115498438307595,1,381.86,76.37,85.84,248.21,-28.56,0,0,0
268,35,2026-01-15 14:00:00,15,3,0,late_night,rain,6,2,3,0,415.4,0,0.0,0.0,0.0,0,0.0,0.0,0.0,0.0,0.0,0,0,0
269,35,2026-04-15 03:00:00,15,2,0,breakfast,extreme,3,1,61,20,226.19,0,0.0,0.0,0.0,1,226.19,0.0,60.52,147.02,18.65,0,0,0
270,36,2026-04-08 03:00:00,8,2,0,lunch,clear,14,1,75,24,427.09,0,0.0,0.0,0.0,0,0.0,0.0,0.0,0.0,0.0,0,0,0
271,36,2026-06-20 09:00:00,20,5,0,breakfast,clear,1,1,24,7,471.83,1,0.15,0.11566417663738382,0.034335823362616175,1,512.3,76.84,82.3,332.99,20.16,0,0,0
272,36,2026-01-19 12:00:00,19,0,0,dinner,clear,3,1,71,23,526.88,1,0.15,0.08354376046645386,0.06645623953354614,0,0.0,0.0,0.0,0.0,0.0,0,0,0
273,37,2026-04-06 20:00:00,6,0,1,late_night,clear,10,1,167,55,394.06,0,0.0,0.0,0.0,0,0.0,0.0,0.0,0.0,0.0,0,0,0
274,37,2026-03-30 03:00:00,30,0,1,late_night,extreme,4,1,194,65,439.76,1,0.05,0.03977964030615308,0.010220359693846923,1,484.88,24.24,59.92,315.17,85.54,1,0,0
275,37,2026-01-26 06:00:00,26,0,1,breakfast,clear,14,1,128,42,428.94,0,0.0,0.0,0.0,0,0.0,0.0,0.0,0.0,0.0,0,0,0
276,37,2026-01-29 01:00:00,29,3,1,breakfast,clear,7,1,243,79,453.8,0,0.0,0.0,0.0,0,0.0,0.0,0.0,0.0,0.0,0,0,0
277,37,2026-03-10 11:00:00,10,1,0,lunch,rain,6,1,304,102,403.47,1,0.1,0.06720422608037065,0.03279577391962936,1,474.24,47.42,61.96,308.26,56.6,0,0,0
278,37,2026-03-05 14:00:00,5,3,1,late_night,clear,2,2,359,121,321.16,1,0.2,0.16348080560474898,0.03651919439525103,1,410.44,82.09,72.34,266.79,-10.77,0,0,0
279,37,2026-01-22 11:00:00,22,3,0,lunch,clear,14,2,43,13,320.07,1,0.2,0.1283295344920948,0.0716704655079052,1,409.05,81.81,45.22,265.88,16.14,0,0,0
280,37,2026-05-19 12:00:00,19,1,0,late_night,clear,7,1,357,120,479.44,1,0.05,0.040505247583036724,0.009494752416963279,1,528.63,26.43,87.64,343.61,70.95,1,0,0
281,37,2026-01-31 20:00:00,31,5,1,lunch,rain,12,1,55,18,281.2,1,0.2,0.1186744407887685,0.08132555921123151,1,359.37,71.87,73.12,233.59,-19.21,1,0,0
282,37,2026-05-04 01:00:00,4,0,1,late_night,clear,1,1,305,102,300.68,0,0.0,0.0,0.0,0,0.0,0.0,0.0,0.0,0.0,0,0,0
283,37,2026-06-29 23:00:00,29,0,1,dinner,clear,11,2,436,149,386.12,0,0.0,0.0,0.0,1,386.12,0.0,47.38,250.98,87.76,0,0,0
284,37,2026-04-16 05:00:00,16,3,0,dinner,clear,3,1,136,45,379.51,1,0.1,0.09126620325022711,0.008733796749772899,1,446.08,44.61,67.96,289.95,43.56,0,0,0
285,37,2026-06-07 02:00:00,7,6,1,dinner,rain,6,1,577,196,458.78,0,0.0,0.0,0.0,0,0.0,0.0,0.0,0.0,0.0,0,0,0
286,38,2026-05-06 03:00:00,6,2,1,late_night,clear,4,2,12,3,282.55,1,0.2,0.17910490011474833,0.020895099885251678,1,342.78,68.56,55.84,222.81,-4.42,0,0,0
287,38,2026-03-07 04:00:00,7,5,1,late_night,clear,7,4,444,153,387.88,1,0.05,0.043642859709391496,0.006357140290608507,0,0.0,0.0,0.0,0.0,0.0,0,0,0
288,38,2026-04-27 17:00:00,27,0,1,dinner,clear,3,3,353,119,370.29,1,0.1,0.07681253678474453,0.02318746321525547,1,420.09,42.01,48.22,273.06,56.8,0,0,0
289,38,2026-05-30 13:00:00,30,5,1,breakfast,clear,5,1,579,197,358.14,1,0.2,0.1455866325927486,0.05441336740725142,1,434.48,86.9,64.06,282.41,1.11,0,0,0
290,38,2026-06-24 21:00:00,24,2,0,dinner,clear,13,2,417,143,507.05,1,0.05,0.04151657301339007,0.008483426986609935,1,546.94,27.35,70.36,355.51,93.72,0,0,0
291,39,2026-05-31 17:00:00,31,6,1,breakfast,rain,11,1,448,154,318.66,0,0.0,0.0,0.0,1,318.66,0.0,71.32,207.13,40.21,0,0,0
292,39,2026-03-17 23:00:00,17,1,0,late_night,clear,14,1,149,50,355.86,0,0.0,0.0,0.0,0,0.0,0.0,0.0,0.0,0.0,0,0,0
293,39,2026-02-22 10:00:00,22,6,0,dinner,rain,14,2,138,45,433.17,1,0.2,0.11437512170213604,0.08562487829786397,1,484.35,96.87,69.46,314.83,3.19,0,0,0
294,39,2026-02-07 23:00:00,7,5,1,late_night,rain,13,5,247,80,495.9,1,0.2,0.19527219655097966,0.004727803449020351,1,554.49,110.9,74.5,360.42,8.67,0,0,0
295,40,2026-01-29 00:00:00,29,3,1,lunch,clear,11,4,404,138,351.02,1,0.2,0.1564965198131333,0.0435034801868667,1,388.62,77.72,50.2,252.6,8.09,1,0,0
296,40,2026-01-02 20:00:00,2,4,1,dinner,clear,13,2,325,109,468.54,0,0.0,0.0,0.0,0,0.0,0.0,0.0,0.0,0.0,0,0,0
297,40,2026-05-02 07:00:00,2,5,1,breakfast,extreme,7,2,11,3,382.03,1,0.05,0.027407691256020963,0.02259230874397904,1,397.13,19.86,58.84,258.14,60.3,1,0,0
298,40,2026-03-28 15:00:00,28,5,1,lunch,clear,2,1,209,68,405.41,0,0.0,0.0,0.0,1,405.41,0.0,48.76,263.52,93.13,0,0,0
299,40,2026-02-24 01:00:00,24,1,0,lunch,clear,14,1,492,169,517.7,0,0.0,0.0,0.0,0,0.0,0.0,0.0,0.0,0.0,0,0,0
300,41,2026-03-26 21:00:00,26,3,1,lunch,clear,9,1,581,197,473.43,0,0.0,0.0,0.0,1,473.43,0.0,64.06,307.73,101.64,0,0,0
301,41,2026-05-28 12:00:00,28,3,1,breakfast,clear,10,1,184,61,352.75,1,0.15,0.11437942598682649,0.035620574013173506,1,387.42,58.11,52.42,251.82,25.06,0,1,0
302,41,2026-05-09 22:00:00,9,5,0,lunch,extreme,8,1,223,73,306.77,0,0.0,0.0,0.0,0,0.0,0.0,0.0,0.0,0.0,0,0,0
303,41,2026-04-12 01:00:00,12,6,0,late_night,clear,4,1,446,153,531.37,1,0.05,0.041351370156613436,0.008648629843386567,0,0.0,0.0,0.0,0.0,0.0,0,0,0
304,41,2026-05-31 03:00:00,31,6,1,breakfast,clear,4,1,35,11,312.68,0,0.0,0.0,0.0,0,0.0,0.0,0.0,0.0,0.0,0,0,0
305,41,2026-03-28 07:00:00,28,5,1,lunch,clear,8,1,526,180,528.36,1,0.2,0.1319649062570761,0.06803509374292391,1,590.61,118.12,77.86,383.9,10.73,1,0,0
306,41,2026-03-18 07:00:00,18,2,0,breakfast,clear,1,5,280,93,389.78,1,0.05,0.03906387784006704,0.010936122159932962,0,0.0,0.0,0.0,0.0,0.0,0,0,0
307,41,2026-06-06 18:00:00,6,5,1,breakfast,clear,13,2,566,193,300.71,1,0.15,0.08560189001861444,0.06439810998138555,1,330.26,49.54,85.84,214.67,-19.79,0,0,0
308,42,2026-03-24 08:00:00,24,1,0,breakfast,extreme,13,1,179,59,330.4,1,0.05,0.034280787061009746,0.015719212938990257,1,351.96,17.6,61.48,228.78,44.11,0,0,0
309,42,2026-04-21 08:00:00,21,1,0,late_night,clear,8,2,402,138,434.21,0,0.0,0.0,0.0,0,0.0,0.0,0.0,0.0,0.0,0,0,0
310,42,2026-03-30 02:00:00,30,0,1,lunch,clear,1,1,511,175,535.27,0,0.0,0.0,0.0,0,0.0,0.0,0.0,0.0,0.0,0,0,0
311,42,2026-06-28 16:00:00,28,6,1,lunch,clear,5,1,48,15,613.34,1,0.15,0.10740203877933394,0.04259796122066606,1,703.79,105.57,56.44,457.47,84.32,0,0,0
312,43,2026-05-22 12:00:00,22,4,0,lunch,clear,11,3,236,77,323.45,0,0.0,0.0,0.0,0,0.0,0.0,0.0,0.0,0.0,0,0,0
313,43,2026-02-14 18:00:00,14,5,0,lunch,rain,1,1,59,20,453.76,1,0.1,0.06762519935712678,0.03237480064287322,1,511.65,51.16,59.02,332.57,68.89,1,0,0
314,43,2026-06-20 05:00:00,20,5,0,late_night,clear,12,1,454,156,238.15,1,0.15,0.10548077670118455,0.04451922329881544,1,278.31,41.75,86.92,180.9,-31.26,0,0,0
315,43,2026-05-06 14:00:00,6,2,1,dinner,clear,11,1,532,181,329.51,0,0.0,0.0,0.0,0,0.0,0.0,0.0,0.0,0.0,0,0,0
316,43,2026-01-24 10:00:00,24,5,0,breakfast,clear,14,2,0,0,289.95,1,0.05,0.03769204169321841,0.012307958306781594,1,311.59,15.58,46.18,202.53,47.3,0,0,0
317,43,2026-04-17 17:00:00,17,4,0,lunch,clear,2,1,190,63,989.89,0,0.0,0.0,0.0,0,0.0,0.0,0.0,0.0,0.0,0,0,0
318,43,2026-06-24 07:00:00,24,2,0,dinner,clear,7,2,33,10,294.15,0,0.0,0.0,0.0,0,0.0,0.0,0.0,0.0,0.0,0,0,0
319,43,2026-04-22 21:00:00,22,2,0,breakfast,clear,3,1,28,8,385.39,1,0.2,0.15454895294421764,0.04545104705578237,1,463.32,92.66,57.04,301.16,12.46,1,0,0
320,43,2026-01-26 10:00:00,26,0,1,dinner,clear,1,1,177,58,410.11,0,0.0,0.0,0.0,0,0.0,0.0,0.0,0.0,0.0,0,0,0
321,43,2026-04-10 23:00:00,10,4,0,lunch,clear,5,1,23,7,447.81,0,0.0,0.0,0.0,0,0.0,0.0,0.0,0.0,0.0,0,0,0
322,44,2026-01-07 06:00:00,7,2,1,breakfast,clear,13,1,60,20,327.51,1,0.15,0.12114876626253501,0.028851233737464982,1,361.32,54.2,57.52,234.86,14.74,0,0,0
323,44,2026-03-09 12:00:00,9,0,0,late_night,rain,11,2,231,75,429.49,0,0.0,0.0,0.0,0,0.0,0.0,0.0,0.0,0.0,0,0,0
324,44,2026-03-26 07:00:00,26,3,1,lunch,rain,3,3,276,92,323.06,1,0.15,0.09045447391484712,0.05954552608515287,1,356.41,53.46,91.54,231.66,-20.26,1,0,0
325,44,2026-04-25 21:00:00,25,5,1,dinner,clear,13,1,296,100,352.66,1,0.05,0.033064901639319154,0.01693509836068085,1,368.77,18.44,64.18,239.7,46.45,0,0,0
326,44,2026-05-31 16:00:00,31,6,1,dinner,clear,10,2,419,143,516.7,1,0.2,0.13338231604968911,0.0666176839503109,1,580.65,116.13,70.36,377.42,16.74,1,0,0
327,45,2026-06-29 08:00:00,29,0,1,breakfast,clear,4,1,395,136,384.32,0,0.0,0.0,0.0,0,0.0,0.0,0.0,0.0,0.0,0,0,0
328,45,2026-03-12 00:00:00,12,3,0,late_night,rain,4,3,413,141,430.89,0,0.0,0.0,0.0,1,430.89,0.0,69.46,280.08,81.35,0,0,0
329,45,2026-02-09 17:00:00,9,0,0,lunch,clear,1,3,465,159,428.08,1,0.05,0.02560359530145564,0.02439640469854436,0,0.0,0.0,0.0,0.0,0.0,0,0,0
330,45,2026-05-04 23:00:00,4,0,1,breakfast,clear,1,3,434,148,284.36,0,0.0,0.0,0.0,1,284.36,0.0,79.36,184.83,20.17,0,0,0
331,45,2026-05-01 18:00:00,1,4,1,late_night,extreme,11,1,440,151,317.0,0,0.0,0.0,0.0,0,0.0,0.0,0.0,0.0,0.0,0,0,0
332,45,2026-01-14 03:00:00,14,2,0,lunch,clear,3,1,101,34,347.68,0,0.0,0.0,0.0,1,347.68,0.0,55.54,225.99,66.15,0,0,0
333,45,2026-05-26 03:00:00,26,1,1,breakfast,clear,9,1,97,33,334.3,0,0.0,0.0,0.0,1,334.3,0.0,51.16,217.3,65.84,0,0,0
334,45,2026-01-02 03:00:00,2,4,1,dinner,rain,6,2,101,34,347.68,1,0.1,0.06823468712304498,0.031765312876955026,1,362.01,36.2,57.04,235.31,33.46,0,0,0
335,45,2026-02-27 21:00:00,27,4,1,dinner,clear,4,1,380,131,355.04,0,0.0,0.0,0.0,0,0.0,0.0,0.0,0.0,0.0,0,0,0
336,45,2026-04-09 06:00:00,9,3,0,late_night,rain,6,1,105,35,354.06,0,0.0,0.0,0.0,0,0.0,0.0,0.0,0.0,0.0,0,0,0
337,46,2026-04-29 04:00:00,29,2,1,late_night,rain,14,3,121,40,652.1,0,0.0,0.0,0.0,0,0.0,0.0,0.0,0.0,0.0,0,0,0
338,46,2026-04-23 11:00:00,23,3,0,late_night,clear,12,1,226,74,412.77,0,0.0,0.0,0.0,0,0.0,0.0,0.0,0.0,0.0,0,0,0
339,46,2026-05-02 10:00:00,2,5,1,dinner,clear,6,1,454,156,238.15,1,0.15,0.14570957320430014,0.004290426795699853,1,277.18,41.58,86.92,180.17,-31.48,0,0,0
340,46,2026-01-19 09:00:00,19,0,0,dinner,clear,9,1,105,35,354.06,1,0.05,0.030031437980555464,0.01996856201944454,0,0.0,0.0,0.0,0.0,0.0,0,0,0
341,47,2026-05-05 12:00:00,5,1,1,dinner,clear,11,1,397,136,376.44,1,0.05,0.0418804268893232,0.008119573110676806,0,0.0,0.0,0.0,0.0,0.0,0,0,0
342,47,2026-06-13 07:00:00,13,5,0,lunch,clear,5,1,388,134,391.86,1,0.05,0.034268847103830664,0.01573115289616934,1,406.99,20.35,49.18,264.55,72.92,1,0,0
343,47,2026-02-28 02:00:00,28,5,1,late_night,rain,3,1,76,24,373.62,0,0.0,0.0,0.0,1,373.62,0.0,72.52,242.85,58.25,0,0,0
344,47,2026-03-16 22:00:00,16,0,0,breakfast,rain,1,1,492,169,517.7,0,0.0,0.0,0.0,0,0.0,0.0,0.0,0.0,0.0,0,0,0
345,47,2026-06-08 12:00:00,8,0,0,late_night,clear,6,1,233,76,237.76,0,0.0,0.0,0.0,0,0.0,0.0,0.0,0.0,0.0,0,0,0
346,47,2026-04-20 18:00:00,20,0,0,dinner,clear,13,2,452,155,457.82,0,0.0,0.0,0.0,0,0.0,0.0,0.0,0.0,0.0,0,0,0
347,47,2026-04-26 06:00:00,26,6,1,breakfast,clear,7,2,581,197,473.43,0,0.0,0.0,0.0,0,0.0,0.0,0.0,0.0,0.0,0,0,0
348,47,2026-05-05 14:00:00,5,1,1,late_night,rain,13,1,215,71,481.1,1,0.1,0.06756721455636612,0.032432785443633885,0,0.0,0.0,0.0,0.0,0.0,0,0,0
349,47,2026-03-26 14:00:00,26,3,1,dinner,clear,14,1,160,53,410.45,0,0.0,0.0,0.0,0,0.0,0.0,0.0,0.0,0.0,0,0,0
350,47,2026-03-07 00:00:00,7,5,1,breakfast,rain,1,3,224,73,409.67,1,0.15,0.1161835046027046,0.03381649539729539,1,445.42,66.81,85.66,289.53,3.42,0,0,0
351,48,2026-06-12 21:00:00,12,4,0,dinner,rain,12,1,490,168,404.53,0,0.0,0.0,0.0,0,0.0,0.0,0.0,0.0,0.0,0,0,0
352,48,2026-01-16 06:00:00,16,4,0,late_night,clear,10,1,206,68,536.05,0,0.0,0.0,0.0,0,0.0,0.0,0.0,0.0,0.0,0,0,0
353,48,2026-06-21 22:00:00,21,6,0,late_night,clear,10,2,365,124,467.16,0,0.0,0.0,0.0,0,0.0,0.0,0.0,0.0,0.0,0,0,0
354,48,2026-03-17 19:00:00,17,1,0,dinner,clear,13,1,531,181,439.88,1,0.05,0.04476890985138779,0.0052310901486122136,0,0.0,0.0,0.0,0.0,0.0,0,0,0
355,48,2026-02-24 18:00:00,24,1,0,breakfast,clear,10,2,464,159,253.04,1,0.05,0.03655707591418045,0.013442924085819555,1,264.67,13.23,51.7,172.03,27.7,0,0,0
356,48,2026-06-06 12:00:00,6,5,1,lunch,extreme,14,1,537,183,538.14,0,0.0,0.0,0.0,1,538.14,0.0,53.32,349.79,135.03,0,0,0
357,48,2026-01-29 10:00:00,29,3,1,dinner,clear,3,1,204,67,507.77,0,0.0,0.0,0.0,1,507.77,0.0,65.62,330.05,112.1,0,0,0
358,48,2026-03-25 12:00:00,25,2,1,breakfast,rain,1,1,195,65,438.04,0,0.0,0.0,0.0,0,0.0,0.0,0.0,0.0,0.0,0,0,0
359,49,2026-02-19 21:00:00,19,3,0,breakfast,clear,11,3,317,106,383.97,1,0.15,0.13183800421745248,0.018161995782547513,1,438.14,65.72,53.32,284.79,34.31,0,0,0
360,49,2026-01-14 03:00:00,14,2,0,lunch,extreme,8,1,354,119,352.83,0,0.0,0.0,0.0,0,0.0,0.0,0.0,0.0,0.0,0,0,0
361,49,2026-01-09 09:00:00,9,4,0,late_night,clear,9,1,175,57,349.16,0,0.0,0.0,0.0,0,0.0,0.0,0.0,0.0,0.0,0,0,0
362,49,2026-01-11 15:00:00,11,6,0,late_night,clear,2,3,177,58,410.11,0,0.0,0.0,0.0,0,0.0,0.0,0.0,0.0,0.0,0,0,0
363,49,2026-03-15 02:00:00,15,6,0,dinner,rain,1,2,393,135,332.05,0,0.0,0.0,0.0,1,332.05,0.0,78.7,215.83,37.52,0,0,0
364,49,2026-03-26 04:00:00,26,3,1,dinner,clear,3,4,458,157,403.97,0,0.0,0.0,0.0,0,0.0,0.0,0.0,0.0,0.0,0,0,0
365,49,2026-04-14 18:00:00,14,1,0,lunch,clear,12,2,76,24,373.62,1,0.15,0.08120181944763011,0.06879818055236989,1,426.33,63.95,71.02,277.12,14.25,0,0,0
366,49,2026-03-16 06:00:00,16,0,0,dinner,clear,11,1,228,74,270.68,0,0.0,0.0,0.0,0,0.0,0.0,0.0,0.0,0.0,0,0,0
367,49,2026-01-09 00:00:00,9,4,0,lunch,rain,4,1,259,85,416.73,1,0.2,0.17730759274229213,0.02269240725770788,1,487.22,97.44,58.78,316.7,14.3,1,0,0
368,49,2026-03-13 06:00:00,13,4,0,lunch,clear,8,2,100,33,426.11,1,0.05,0.049079037139425824,0.0009209628605741788,1,452.71,22.64,51.16,294.26,84.65,1,0,0
369,49,2026-05-10 09:00:00,10,6,0,late_night,clear,10,1,23,7,447.81,0,0.0,0.0,0.0,0,0.0,0.0,0.0,0.0,0.0,0,0,0
370,49,2026-05-14 16:00:00,14,3,0,breakfast,clear,7,1,353,119,370.29,0,0.0,0.0,0.0,1,370.29,0.0,48.22,240.69,81.38,0,0,0
371,49,2026-01-03 12:00:00,3,5,1,breakfast,clear,8,3,412,141,376.41,1,0.05,0.03342287348815505,0.016577126511844953,1,399.91,20.0,67.96,259.94,52.01,0,0,0
372,49,2026-02-07 14:00:00,7,5,1,lunch,clear,5,2,545,187,326.24,0,0.0,0.0,0.0,0,0.0,0.0,0.0,0.0,0.0,0,0,0
373,50,2026-01-11 16:00:00,11,6,0,breakfast,rain,3,1,269,90,408.04,1,0.1,0.08937579865104572,0.010624201348954282,1,434.6,43.46,71.26,282.49,37.39,0,0,0
374,50,2026-01-25 23:00:00,25,6,1,late_night,clear,8,2,347,117,386.51,0,0.0,0.0,0.0,0,0.0,0.0,0.0,0.0,0.0,0,0,0
375,50,2026-01-25 00:00:00,25,6,1,late_night,clear,11,1,544,186,446.87,0,0.0,0.0,0.0,0,0.0,0.0,0.0,0.0,0.0,0,0,0
376,50,2026-01-16 00:00:00,16,4,0,breakfast,clear,1,1,198,66,362.58,1,0.1,0.05758384536216794,0.04241615463783206,1,386.18,38.62,47.14,251.02,49.4,0,0,0
377,50,2026-04-19 16:00:00,19,6,0,breakfast,clear,2,3,258,85,347.07,1,0.1,0.06625269849071723,0.033747301509282776,1,369.66,36.97,57.28,240.28,35.13,0,0,0
378,50,2026-04-17 05:00:00,17,4,0,breakfast,clear,12,3,381,131,606.56,1,0.1,0.09204947512221118,0.007950524877788828,1,646.04,64.6,67.6,419.93,93.91,1,0,0
379,50,2026-02-18 17:00:00,18,2,0,lunch,clear,3,1,284,95,437.97,1,0.15,0.11137468448155906,0.038625315518440936,1,475.65,71.35,67.12,309.17,28.01,0,0,0
380,50,2026-06-23 03:00:00,23,1,0,breakfast,clear,6,2,272,91,541.4,0,0.0,0.0,0.0,1,541.4,0.0,53.98,351.91,135.51,0,0,0
381,51,2026-02-06 20:00:00,6,4,1,dinner,clear,4,1,154,51,317.65,0,0.0,0.0,0.0,0,0.0,0.0,0.0,0.0,0.0,0,0,0
382,52,2026-05-27 08:00:00,27,2,1,late_night,clear,1,1,344,116,430.3,0,0.0,0.0,0.0,0,0.0,0.0,0.0,0.0,0.0,0,0,0
383,53,2026-06-16 03:00:00,16,1,0,dinner,extreme,4,3,88,29,328.27,0,0.0,0.0,0.0,0,0.0,0.0,0.0,0.0,0.0,0,0,0
384,53,2026-01-07 06:00:00,7,2,1,breakfast,clear,8,1,546,187,314.46,0,0.0,0.0,0.0,0,0.0,0.0,0.0,0.0,0.0,0,0,0
385,53,2026-01-19 03:00:00,19,0,0,breakfast,rain,2,1,200,66,365.44,1,0.15,0.1351657523611141,0.014834247638885883,1,410.85,61.63,48.64,267.05,33.53,0,0,0
386,53,2026-05-16 14:00:00,16,5,0,late_night,clear,13,1,268,89,373.97,1,0.05,0.02990449600665115,0.020095503993348852,1,394.53,19.73,54.7,256.45,63.66,0,0,0
387,53,2026-01-08 02:00:00,8,3,0,breakfast,clear,5,1,234,76,237.76,1,0.2,0.1387052859709259,0.061294714029074104,1,273.18,54.64,53.26,177.57,-12.28,0,0,0
388,53,2026-01-20 12:00:00,20,1,0,late_night,rain,8,1,112,37,403.7,1,0.1,0.060911518055072666,0.03908848194492734,1,441.64,44.16,84.16,287.07,26.25,1,0,0
389,53,2026-06-28 05:00:00,28,6,1,breakfast,clear,13,1,506,174,455.6,1,0.05,0.028264893255157755,0.021735106744842247,1,480.65,24.03,56.08,312.42,88.11,1,0,0
390,53,2026-04-19 07:00:00,19,6,0,late_night,extreme,13,4,164,54,379.98,0,0.0,0.0,0.0,0,0.0,0.0,0.0,0.0,0.0,0,0,0
391,53,2026-03-01 06:00:00,1,6,1,breakfast,clear,10,2,417,143,507.05,1,0.05,0.045647816739294855,0.0043521832607051475,1,534.93,26.75,70.36,347.7,90.12,1,0,0
392,54,2026-04-15 01:00:00,15,2,0,breakfast,clear,8,1,516,177,593.59,0,0.0,0.0,0.0,0,0.0,0.0,0.0,0.0,0.0,0,0,0
393,54,2026-04-15 16:00:00,15,2,0,dinner,clear,5,5,540,185,437.06,1,0.2,0.13478395417780545,0.06521604582219456,1,533.39,106.68,74.56,346.7,5.45,0,0,0
394,54,2026-06-11 21:00:00,11,3,0,late_night,clear,14,1,517,177,466.41,1,0.1,0.07940490095741204,0.020595099042587967,1,531.27,53.13,69.82,345.33,63.0,0,0,0
395,55,2026-05-22 02:00:00,22,4,0,late_night,clear,1,1,514,176,436.88,0,0.0,0.0,0.0,0,0.0,0.0,0.0,0.0,0.0,0,0,0
396,56,2026-05-25 18:00:00,25,0,1,dinner,clear,8,1,186,62,511.72,0,0.0,0.0,0.0,1,511.72,0.0,72.28,332.62,106.82,0,0,0
397,56,2026-05-08 03:00:00,8,4,0,lunch,clear,10,1,210,69,497.03,0,0.0,0.0,0.0,0,0.0,0.0,0.0,0.0,0.0,0,0,0
398,56,2026-04-22 15:00:00,22,2,0,breakfast,clear,8,1,530,181,442.66,0,0.0,0.0,0.0,1,442.66,0.0,65.44,287.73,89.49,0,0,0
399,56,2026-03-18 10:00:00,18,2,0,breakfast,extreme,6,4,523,179,390.75,0,0.0,0.0,0.0,0,0.0,0.0,0.0,0.0,0.0,0,0,0
400,56,2026-04-27 12:00:00,27,0,1,lunch,rain,4,1,36,11,321.02,1,0.2,0.11057795945179359,0.08942204054820642,1,374.69,74.94,53.32,243.55,2.88,0,0,0
401,56,2026-03-17 11:00:00,17,1,0,dinner,rain,14,4,29,9,439.47,1,0.15,0.10814836081282699,0.04185163918717301,1,500.75,75.11,50.74,325.49,49.41,0,0,0
402,56,2026-05-09 02:00:00,9,5,0,breakfast,rain,7,1,292,98,326.18,1,0.2,0.13568760841987948,0.06431239158012053,1,380.71,76.14,50.98,247.46,6.13,1,0,0
403,56,2026-04-18 18:00:00,18,5,0,lunch,rain,5,1,177,58,410.11,1,0.15,0.1482108624501372,0.0017891375498627904,1,467.29,70.09,81.4,303.74,12.06,0,0,0
404,56,2026-01-14 06:00:00,14,2,0,breakfast,rain,13,1,11,3,382.03,1,0.15,0.1325853583674758,0.017414641632524208,1,435.3,65.29,57.34,282.94,29.72,0,0,0
405,56,2026-01-03 23:00:00,3,5,1,breakfast,clear,9,1,527,180,602.61,0,0.0,0.0,0.0,0,0.0,0.0,0.0,0.0,0.0,0,0,0
406,56,2026-05-30 20:00:00,30,5,1,lunch,clear,9,4,158,52,277.26,0,0.0,0.0,0.0,0,0.0,0.0,0.0,0.0,0.0,0,0,0
407,56,2026-06-29 06:00:00,29,0,1,breakfast,rain,12,1,104,34,354.02,1,0.15,0.1397198128513219,0.010280187148678094,1,403.38,60.51,57.04,262.2,23.64,1,0,0
408,56,2026-04-09 17:00:00,9,3,0,breakfast,clear,12,1,236,77,323.45,1,0.15,0.12534194537355003,0.02465805462644996,1,368.55,55.28,71.56,239.56,2.15,0,0,0
409,56,2026-05-13 01:00:00,13,2,0,late_night,clear,1,2,211,69,610.72,1,0.1,0.08691359036191648,0.013086409638083524,1,675.14,67.51,49.0,438.84,119.78,0,0,0
410,57,2026-04-13 22:00:00,13,0,0,dinner,clear,9,3,417,143,507.05,0,0.0,0.0,0.0,0,0.0,0.0,0.0,0.0,0.0,0,0,0
411,57,2026-05-03 06:00:00,3,6,1,late_night,rain,12,4,57,19,353.42,1,0.1,0.08883585058046291,0.011164149419537098,1,390.28,39.03,65.38,253.68,32.19,0,0,0
412,57,2026-02-22 15:00:00,22,6,0,late_night,extreme,12,1,179,59,330.4,1,0.1,0.06891051202180025,0.031089487978199756,1,364.86,36.49,61.48,237.16,29.73,0,0,0
413,57,2026-04-22 13:00:00,22,2,0,lunch,clear,14,1,283,95,342.16,1,0.05,0.04920185969134492,0.0007981403086550834,1,363.03,18.15,67.12,235.97,41.79,0,0,0
414,57,2026-03-05 08:00:00,5,3,1,late_night,clear,12,2,364,124,442.23,0,0.0,0.0,0.0,0,0.0,0.0,0.0,0.0,0.0,0,0,0
415,57,2026-03-14 14:00:00,14,5,0,lunch,clear,6,1,222,73,368.75,0,0.0,0.0,0.0,0,0.0,0.0,0.0,0.0,0.0,0,0,0
416,57,2026-05-12 15:00:00,12,1,0,breakfast,clear,5,1,325,109,468.54,0,0.0,0.0,0.0,0,0.0,0.0,0.0,0.0,0.0,0,0,0
417,57,2026-01-29 07:00:00,29,3,1,dinner,extreme,9,1,266,88,603.82,1,0.15,0.1233688032724322,0.026631196727567794,1,687.06,103.06,67.66,446.59,69.75,0,0,0
418,57,2026-02-13 16:00:00,13,4,0,dinner,rain,5,2,393,135,332.05,0,0.0,0.0,0.0,0,0.0,0.0,0.0,0.0,0.0,0,0,0
419,57,2026-04-04 12:00:00,4,5,1,late_night,clear,4,1,285,95,412.22,0,0.0,0.0,0.0,0,0.0,0.0,0.0,0.0,0.0,0,0,0
420,58,2026-02-04 19:00:00,4,2,1,lunch,clear,9,1,123,40,374.8,0,0.0,0.0,0.0,0,0.0,0.0,0.0,0.0,0.0,0,0,0
421,58,2026-05-28 13:00:00,28,3,1,dinner,clear,4,2,271,90,376.38,0,0.0,0.0,0.0,0,0.0,0.0,0.0,0.0,0.0,0,0,0
422,58,2026-03-08 09:00:00,8,6,0,lunch,clear,6,3,524,179,239.99,0,0.0,0.0,0.0,1,239.99,0.0,86.92,155.99,-2.92,0,0,0
423,58,2026-02-09 09:00:00,9,0,0,breakfast,extreme,9,1,496,171,425.35,0,0.0,0.0,0.0,0,0.0,0.0,0.0,0.0,0.0,0,0,0
424,58,2026-04-10 05:00:00,10,4,0,lunch,rain,13,1,438,150,397.96,1,0.15,0.12418032685678028,0.025819673143219715,1,467.67,70.15,66.34,303.99,27.19,1,0,0
425,58,2026-03-21 02:00:00,21,5,0,lunch,rain,8,1,269,90,408.04,1,0.1,0.07046811326528717,0.02953188673471284,1,462.11,46.21,71.26,300.37,44.27,0,0,0
426,58,2026-06-08 20:00:00,8,0,0,lunch,clear,5,1,379,130,459.76,1,0.15,0.11522974006197309,0.034770259938026904,1,540.3,81.04,72.88,351.19,35.18,0,0,0
427,58,2026-05-23 12:00:00,23,5,0,breakfast,clear,13,2,371,127,443.31,0,0.0,0.0,0.0,0,0.0,0.0,0.0,0.0,0.0,0,0,0
428,58,2026-02-12 07:00:00,12,3,0,lunch,clear,5,1,16,4,481.46,1,0.15,0.08059991541607744,0.06940008458392255,1,565.8,84.87,70.0,367.77,43.16,0,0,0
429,58,2026-05-17 23:00:00,17,6,0,lunch,clear,3,1,22,6,381.97,0,0.0,0.0,0.0,0,0.0,0.0,0.0,0.0,0.0,0,0,0
430,58,2026-01-02 13:00:00,2,4,1,lunch,extreme,3,2,517,177,466.41,0,0.0,0.0,0.0,0,0.0,0.0,0.0,0.0,0.0,0,0,0
431,58,2026-03-08 15:00:00,8,6,0,dinner,clear,1,3,419,143,516.7,1,0.15,0.10837242172782033,0.041627578272179666,1,607.21,91.08,70.36,394.69,51.08,0,0,0
432,59,2026-04-02 20:00:00,2,3,1,dinner,clear,3,1,2,0,467.58,1,0.1,0.08287404164318742,0.01712595835681259,1,518.07,51.81,46.18,336.74,83.34,0,0,0
433,59,2026-06-17 00:00:00,17,2,0,late_night,clear,14,2,58,19,386.43,1,0.15,0.14785766215284663,0.0021423378471533694,1,441.59,66.24,63.88,287.03,24.44,1,0,0
434,59,2026-04-11 18:00:00,11,5,0,lunch,clear,4,1,481,165,317.88,0,0.0,0.0,0.0,0,0.0,0.0,0.0,0.0,0.0,0,0,0
435,59,2026-03-20 12:00:00,20,4,0,lunch,clear,6,1,390,134,366.59,0,0.0,0.0,0.0,1,366.59,0.0,49.18,238.28,79.13,0,0,0
436,59,2026-03-29 12:00:00,29,6,1,breakfast,clear,7,2,103,34,391.16,1,0.1,0.08187460204543301,0.018125397954566996,1,433.4,43.34,55.54,281.71,52.81,1,0,0
437,59,2026-02-26 10:00:00,26,3,1,late_night,rain,13,1,560,191,375.48,1,0.2,0.1669784594504461,0.03302154054955392,1,439.74,87.95,89.14,285.83,-23.18,1,0,0
438,59,2026-04-01 21:00:00,1,2,1,dinner,clear,9,1,563,192,291.77,1,0.05,0.027615909151616727,0.022384090848383276,0,0.0,0.0,0.0,0.0,0.0,0,0,0
439,59,2026-02-23 16:00:00,23,0,0,late_night,clear,6,1,307,103,414.29,1,0.15,0.0934802674621334,0.05651973253786659,1,473.42,71.01,75.94,307.73,18.74,0,0,0
440,59,2026-03-04 18:00:00,4,2,1,breakfast,clear,13,2,453,156,246.22,1,0.05,0.04245722161724318,0.007542778382756826,0,0.0,0.0,0.0,0.0,0.0,0,0,0
441,59,2026-03-24 18:00:00,24,1,0,late_night,clear,12,2,135,44,274.41,1,0.05,0.028532266778390127,0.021467733221609876,0,0.0,0.0,0.0,0.0,0.0,0,1,0
442,60,2026-04-02 04:00:00,2,3,1,dinner,clear,12,2,161,54,318.19,1,0.05,0.025771882714115537,0.024228117285884466,1,328.57,16.43,71.8,213.57,26.77,1,0,0
443,60,2026-06-26 00:00:00,26,4,1,dinner,clear,7,1,400,137,312.2,1,0.1,0.07246702556327748,0.02753297443672252,1,329.61,32.96,63.94,214.25,18.46,1,0,0
444,60,2026-04-01 16:00:00,1,2,1,lunch,rain,12,3,78,25,358.87,0,0.0,0.0,0.0,1,358.87,0.0,83.8,233.27,41.8,0,0,0
445,60,2026-01-17 19:00:00,17,5,0,lunch,clear,12,2,426,146,402.47,0,0.0,0.0,0.0,0,0.0,0.0,0.0,0.0,0.0,0,0,0
446,60,2026-01-15 05:00:00,15,3,0,breakfast,clear,14,1,187,62,507.74,1,0.15,0.1458259755288024,0.004174024471197607,1,545.18,81.78,72.28,354.37,36.76,1,0,0
447,60,2026-03-08 10:00:00,8,6,0,breakfast,clear,12,1,253,83,398.87,1,0.05,0.03349805899585482,0.016501941004145183,0,0.0,0.0,0.0,0.0,0.0,0,0,0
448,60,2026-03-01 10:00:00,1,6,1,breakfast,clear,11,1,318,107,312.54,0,0.0,0.0,0.0,1,312.54,0.0,62.98,203.15,46.41,0,0,0
449,60,2026-04-28 17:00:00,28,1,1,lunch,clear,10,1,213,70,439.7,1,0.2,0.10478980618497424,0.09521019381502577,1,478.57,95.71,90.28,311.07,-18.49,0,0,0
450,60,2026-01-08 10:00:00,8,3,0,late_night,extreme,10,5,372,128,353.88,1,0.2,0.16122235453257983,0.038777645467420185,1,385.17,77.03,63.16,250.36,-5.38,0,0,0
451,60,2026-04-10 16:00:00,10,4,0,dinner,clear,6,2,255,84,426.05,0,0.0,0.0,0.0,0,0.0,0.0,0.0,0.0,0.0,0,0,0
452,60,2026-03-17 11:00:00,17,1,0,late_night,extreme,10,1,137,45,494.46,1,0.2,0.16254565380349742,0.03745434619650259,1,538.18,107.64,70.96,349.81,9.77,0,0,0
453,60,2026-06-03 08:00:00,3,2,1,lunch,clear,9,1,359,121,321.16,1,0.2,0.10955007920124205,0.09044992079875797,1,349.55,69.91,72.34,227.21,-19.91,1,0,0
454,61,2026-04-18 05:00:00,18,5,0,breakfast,clear,4,1,289,97,327.43,1,0.05,0.043145171747278555,0.006854828252721448,1,351.83,17.59,86.14,228.69,19.41,1,0,0
455,61,2026-06-25 03:00:00,25,3,1,breakfast,rain,9,1,481,165,317.88,1,0.05,0.036836649200858836,0.013163350799141167,1,341.57,17.08,65.68,222.02,36.79,0,0,0
456,62,2026-02-19 23:00:00,19,3,0,breakfast,clear,11,2,346,117,414.91,0,0.0,0.0,0.0,0,0.0,0.0,0.0,0.0,0.0,0,0,0
457,62,2026-05-05 11:00:00,5,1,1,late_night,clear,13,2,339,115,349.28,1,0.05,0.02695251067379242,0.023047489326207583,1,352.85,17.64,83.5,229.35,22.35,0,0,0
458,62,2026-04-15 03:00:00,15,2,0,dinner,clear,4,2,180,59,346.42,0,0.0,0.0,0.0,0,0.0,0.0,0.0,0.0,0.0,0,0,0
459,63,2026-04-12 04:00:00,12,6,0,lunch,clear,14,1,559,191,467.99,1,0.15,0.09484543507051196,0.05515456492948803,0,0.0,0.0,0.0,0.0,0.0,0,0,0
460,63,2026-03-23 11:00:00,23,0,0,late_night,rain,11,4,298,100,356.47,0,0.0,0.0,0.0,0,0.0,0.0,0.0,0.0,0.0,0,0,0
461,63,2026-04-18 11:00:00,18,5,0,dinner,clear,3,1,579,197,358.14,0,0.0,0.0,0.0,0,0.0,0.0,0.0,0.0,0.0,0,0,0
462,63,2026-04-18 04:00:00,18,5,0,breakfast,clear,9,3,49,15,501.91,1,0.2,0.12461577395110393,0.07538422604889608,1,558.19,111.64,56.44,362.83,27.29,0,0,1
463,63,2026-01-21 02:00:00,21,2,0,breakfast,clear,7,1,131,43,406.54,1,0.15,0.1474720830052497,0.002527916994750301,1,444.56,66.68,67.48,288.97,21.43,1,0,0
464,63,2026-03-29 22:00:00,29,6,1,breakfast,clear,11,1,492,169,517.7,0,0.0,0.0,0.0,0,0.0,0.0,0.0,0.0,0.0,0,0,0
465,63,2026-01-20 13:00:00,20,1,0,breakfast,clear,7,3,376,129,469.03,1,0.1,0.09242253111965876,0.007577468880341248,1,502.22,50.22,79.06,326.44,46.49,1,0,0
466,63,2026-05-29 12:00:00,29,4,1,lunch,clear,13,1,471,161,556.82,1,0.15,0.14693510872434706,0.003064891275652931,1,608.9,91.33,62.92,395.78,58.86,0,0,0
467,63,2026-06-28 14:00:00,28,6,1,late_night,rain,12,1,112,37,403.7,0,0.0,0.0,0.0,1,403.7,0.0,84.16,262.41,57.13,0,0,0
468,63,2026-02-01 20:00:00,1,6,1,late_night,clear,6,1,122,40,339.12,1,0.15,0.10943673186431639,0.0405632681356836,1,370.84,55.63,73.18,241.04,0.99,0,0,0
469,63,2026-01-11 09:00:00,11,6,0,breakfast,clear,4,2,459,157,423.51,1,0.1,0.06825728918843098,0.03174271081156903,1,453.47,45.35,67.24,294.76,46.13,0,0,0
470,64,2026-03-23 05:00:00,23,0,0,dinner,extreme,12,1,84,27,443.26,1,0.2,0.1981860299557746,0.0018139700442253992,1,537.71,107.54,89.8,349.51,-9.14,0,0,0
471,64,2026-03-18 23:00:00,18,2,0,dinner,clear,9,1,219,72,521.25,0,0.0,0.0,0.0,0,0.0,0.0,0.0,0.0,0.0,0,0,0
472,64,2026-05-11 12:00:00,11,0,0,dinner,clear,13,2,303,102,431.39,1,0.05,0.043954589473097085,0.006045410526902918,1,465.31,23.27,60.46,302.45,79.13,0,0,0
473,64,2026-01-13 19:00:00,13,1,0,dinner,extreme,14,1,326,110,455.16,0,0.0,0.0,0.0,1,455.16,0.0,72.34,295.85,86.97,0,0,0
474,64,2026-06-01 01:00:00,1,0,1,dinner,clear,3,3,272,91,541.4,1,0.15,0.07715049683994364,0.07284950316005635,1,637.61,95.64,53.98,414.45,73.54,0,0,0
475,64,2026-03-05 15:00:00,5,3,1,breakfast,clear,14,1,263,87,460.9,0,0.0,0.0,0.0,1,460.9,0.0,52.0,299.58,109.32,0,0,0
476,65,2026-02-20 15:00:00,20,4,0,lunch,rain,10,2,387,133,497.56,1,0.1,0.08540288453309504,0.014597115466904967,1,560.49,56.05,75.04,364.32,65.08,1,0,0
477,65,2026-05-06 17:00:00,6,2,1,late_night,clear,13,2,404,138,351.02,0,0.0,0.0,0.0,0,0.0,0.0,0.0,0.0,0.0,0,0,0
478,65,2026-02-12 15:00:00,12,3,0,lunch,clear,4,4,510,175,422.52,0,0.0,0.0,0.0,0,0.0,0.0,0.0,0.0,0.0,0,0,0
479,65,2026-01-12 02:00:00,12,0,0,late_night,clear,3,1,516,177,593.59,0,0.0,0.0,0.0,0,0.0,0.0,0.0,0.0,0.0,0,0,0
480,65,2026-04-26 02:00:00,26,6,1,breakfast,clear,12,5,458,157,403.97,1,0.15,0.1386841527719036,0.011315847228096393,1,471.51,70.73,67.24,306.48,27.06,0,0,0
481,66,2026-03-28 00:00:00,28,5,1,dinner,rain,8,1,446,153,531.37,1,0.05,0.030978227338716725,0.019021772661283277,1,565.79,28.29,80.38,367.76,89.36,0,0,1
482,66,2026-03-09 13:00:00,9,0,0,dinner,clear,6,1,438,150,397.96,0,0.0,0.0,0.0,0,0.0,0.0,0.0,0.0,0.0,0,0,0
483,66,2026-03-29 19:00:00,29,6,1,late_night,clear,7,1,406,139,391.84,1,0.1,0.08905596751760947,0.010944032482390537,1,435.23,43.52,51.58,282.9,57.23,0,0,0
484,66,2026-02-03 19:00:00,3,1,1,lunch,extreme,10,2,408,140,346.78,1,0.1,0.08010142418203929,0.019898575817960715,1,385.18,38.52,84.52,250.37,11.77,0,0,0
485,67,2026-01-31 09:00:00,31,5,1,breakfast,clear,2,1,278,93,308.37,0,0.0,0.0,0.0,0,0.0,0.0,0.0,0.0,0.0,0,0,0
486,67,2026-03-22 01:00:00,22,6,0,dinner,clear,12,1,405,139,290.6,1,0.1,0.06470307450148803,0.035296925498511975,1,327.08,32.71,51.58,212.6,30.19,1,0,0
487,67,2026-06-27 06:00:00,27,5,1,dinner,clear,11,5,356,120,422.65,0,0.0,0.0,0.0,0,0.0,0.0,0.0,0.0,0.0,0,0,0
488,67,2026-05-04 09:00:00,4,0,1,breakfast,clear,13,3,470,161,302.81,1,0.15,0.1428405024869203,0.0071594975130797045,1,353.07,52.96,62.92,229.49,7.69,0,0,0
489,67,2026-05-06 18:00:00,6,2,1,dinner,clear,3,2,139,46,550.59,1,0.15,0.12618892815066096,0.023811071849339033,1,641.97,96.3,49.6,417.28,78.79,0,0,0
490,68,2026-05-09 01:00:00,9,5,0,breakfast,clear,9,1,78,25,358.87,0,0.0,0.0,0.0,0,0.0,0.0,0.0,0.0,0.0,0,0,0
491,68,2026-02-08 05:00:00,8,6,0,late_night,clear,11,1,312,105,471.86,1,0.05,0.0399650897296753,0.010034910270324701,1,501.98,25.1,80.2,326.29,70.39,1,0,0
492,68,2026-02-12 16:00:00,12,3,0,breakfast,clear,3,5,289,97,327.43,1,0.15,0.0961204178396253,0.053879582160374695,1,374.66,56.2,86.14,243.53,-11.21,0,0,0
493,68,2026-05-30 13:00:00,30,5,1,dinner,clear,4,1,496,171,425.35,0,0.0,0.0,0.0,0,0.0,0.0,0.0,0.0,0.0,0,0,0
494,68,2026-05-14 17:00:00,14,3,0,dinner,clear,6,4,67,22,343.91,0,0.0,0.0,0.0,0,0.0,0.0,0.0,0.0,0.0,0,0,0
495,68,2026-01-11 16:00:00,11,6,0,late_night,clear,12,4,310,104,391.76,1,0.05,0.02754768548940133,0.022452314510598672,0,0.0,0.0,0.0,0.0,0.0,0,0,0
496,68,2026-05-03 08:00:00,3,6,1,dinner,clear,3,1,301,101,434.19,0,0.0,0.0,0.0,0,0.0,0.0,0.0,0.0,0.0,0,0,0
497,68,2026-01-25 20:00:00,25,6,1,lunch,clear,9,1,15,4,270.08,0,0.0,0.0,0.0,1,270.08,0.0,70.0,175.55,24.53,0,0,0
498,68,2026-05-01 16:00:00,1,4,1,dinner,rain,6,4,143,47,404.73,1,0.1,0.09271448215962952,0.007285517840370487,1,448.89,44.89,72.52,291.78,39.7,0,0,0
499,68,2026-04-28 18:00:00,28,1,1,dinner,clear,3,2,9,2,432.79,1,0.05,0.03197483003312248,0.018025169966877523,1,460.42,23.02,80.14,299.27,57.98,0,0,0
500,69,2026-06-02 05:00:00,2,1,1,breakfast,rain,7,1,65,21,412.58,0,0.0,0.0,0.0,0,0.0,0.0,0.0,0.0,0.0,0,0,0
501,69,2026-04-18 15:00:00,18,5,0,lunch,clear,9,1,360,122,593.1,0,0.0,0.0,0.0,0,0.0,0.0,0.0,0.0,0.0,0,0,0
502,69,2026-05-26 20:00:00,26,1,1,lunch,clear,5,2,380,131,355.04,0,0.0,0.0,0.0,0,0.0,0.0,0.0,0.0,0.0,0,0,0
503,69,2026-03-01 23:00:00,1,6,1,lunch,clear,9,1,135,44,274.41,0,0.0,0.0,0.0,0,0.0,0.0,0.0,0.0,0.0,0,0,0
504,69,2026-01-18 02:00:00,18,6,0,dinner,rain,8,1,3,0,415.4,0,0.0,0.0,0.0,0,0.0,0.0,0.0,0.0,0.0,0,0,0
505,69,2026-02-02 10:00:00,2,0,1,lunch,clear,5,4,53,17,395.01,0,0.0,0.0,0.0,0,0.0,0.0,0.0,0.0,0.0,0,0,0
506,69,2026-03-11 21:00:00,11,2,0,lunch,clear,8,2,332,112,555.99,1,0.05,0.04442745775143295,0.005572542248567056,1,583.5,29.17,56.38,379.27,118.67,1,0,0
507,69,2026-06-22 06:00:00,22,0,0,lunch,rain,12,3,46,14,430.08,1,0.1,0.07377382383215217,0.026226176167847837,1,466.46,46.65,72.28,303.2,44.33,0,0,0
508,69,2026-04-25 14:00:00,25,5,1,breakfast,clear,1,5,121,40,652.1,0,0.0,0.0,0.0,0,0.0,0.0,0.0,0.0,0.0,0,0,0
509,69,2026-05-07 00:00:00,7,3,1,dinner,clear,11,1,408,140,346.78,0,0.0,0.0,0.0,0,0.0,0.0,0.0,0.0,0.0,0,0,0
510,69,2026-06-24 01:00:00,24,2,0,lunch,clear,12,1,499,171,410.77,1,0.2,0.1548535994915123,0.0451464005084877,0,0.0,0.0,0.0,0.0,0.0,0,0,0
511,69,2026-05-27 06:00:00,27,2,1,late_night,clear,10,2,557,190,488.12,0,0.0,0.0,0.0,0,0.0,0.0,0.0,0.0,0.0,0,0,0
512,69,2026-02-02 22:00:00,2,0,1,breakfast,clear,13,5,333,112,519.42,0,0.0,0.0,0.0,0,0.0,0.0,0.0,0.0,0.0,0,0,0
513,70,2026-04-10 18:00:00,10,4,0,late_night,rain,3,2,169,56,358.37,0,0.0,0.0,0.0,1,358.37,0.0,67.42,232.94,58.01,0,0,0
514,70,2026-04-28 10:00:00,28,1,1,dinner,clear,7,1,346,117,414.91,0,0.0,0.0,0.0,0,0.0,0.0,0.0,0.0,0.0,0,0,0
515,70,2026-01-20 12:00:00,20,1,0,lunch,rain,1,3,257,85,340.31,0,0.0,0.0,0.0,1,340.31,0.0,58.78,221.2,60.33,0,0,0
516,70,2026-04-08 09:00:00,8,2,0,late_night,rain,14,3,511,175,535.27,0,0.0,0.0,0.0,0,0.0,0.0,0.0,0.0,0.0,0,0,0
517,70,2026-06-04 21:00:00,4,3,1,late_night,rain,5,1,217,71,594.66,0,0.0,0.0,0.0,0,0.0,0.0,0.0,0.0,0.0,0,0,0
518,70,2026-01-03 23:00:00,3,5,1,dinner,clear,9,1,146,48,348.11,1,0.05,0.03148338561581412,0.018516614384185885,1,370.28,18.51,73.18,240.68,37.9,0,0,0
519,70,2026-04-08 00:00:00,8,2,0,late_night,clear,3,1,364,124,442.23,1,0.1,0.07609256952577546,0.023907430474224542,1,490.37,49.04,79.12,318.74,43.47,0,0,0
520,70,2026-05-20 07:00:00,20,2,0,lunch,rain,14,1,511,175,535.27,0,0.0,0.0,0.0,1,535.27,0.0,71.44,347.93,115.9,0,0,0
521,70,2026-04-21 20:00:00,21,1,0,dinner,extreme,9,2,264,87,368.04,1,0.05,0.045013419984423875,0.004986580015576128,1,391.48,19.57,55.0,254.46,62.44,0,1,0
522,70,2026-02-16 17:00:00,16,0,0,breakfast,rain,4,2,208,68,619.11,0,0.0,0.0,0.0,0,0.0,0.0,0.0,0.0,0.0,0,0,0
523,70,2026-03-29 01:00:00,29,6,1,late_night,rain,1,5,83,27,432.63,1,0.1,0.05828227244075706,0.04171772755924295,1,479.73,47.97,88.3,311.82,31.63,0,0,0
524,70,2026-04-22 14:00:00,22,2,0,lunch,clear,3,1,95,32,503.4,1,0.15,0.13441528969435446,0.015584710305645538,1,575.84,86.38,81.4,374.3,33.77,0,0,0
525,70,2026-02-10 19:00:00,10,1,0,lunch,clear,2,2,470,161,302.81,0,0.0,0.0,0.0,0,0.0,0.0,0.0,0.0,0.0,0,0,0
526,70,2026-01-16 16:00:00,16,4,0,dinner,clear,13,1,511,175,535.27,1,0.2,0.11752489970557907,0.08247510029442094,1,627.62,125.52,69.94,407.96,24.2,1,0,0
527,71,2026-01-20 16:00:00,20,1,0,dinner,clear,6,1,490,168,404.53,1,0.15,0.08539780146633213,0.06460219853366786,1,470.94,70.64,51.94,306.11,42.25,0,0,0
528,71,2026-04-29 19:00:00,29,2,1,lunch,clear,9,2,462,158,425.12,1,0.2,0.10315080571852207,0.09684919428147794,1,508.8,101.76,83.14,330.72,-6.82,0,0,0
529,71,2026-06-12 10:00:00,12,4,0,dinner,clear,10,1,309,104,417.27,0,0.0,0.0,0.0,0,0.0,0.0,0.0,0.0,0.0,0,0,0
530,71,2026-03-06 10:00:00,6,4,1,late_night,clear,12,4,450,155,358.65,0,0.0,0.0,0.0,0,0.0,0.0,0.0,0.0,0.0,0,0,0
531,71,2026-01-01 16:00:00,1,3,1,dinner,clear,3,1,123,40,374.8,1,0.15,0.07862439917834131,0.07137560082165868,1,436.33,65.45,73.18,283.62,14.09,0,0,0
532,71,2026-01-23 23:00:00,23,4,0,dinner,extreme,8,1,231,75,429.49,0,0.0,0.0,0.0,0,0.0,0.0,0.0,0.0,0.0,0,0,0
533,72,2026-01-28 06:00:00,28,2,1,late_night,rain,6,1,454,156,238.15,0,0.0,0.0,0.0,0,0.0,0.0,0.0,0.0,0.0,0,0,0
534,73,2026-06-18 04:00:00,18,3,0,lunch,rain,8,1,528,180,430.97,0,0.0,0.0,0.0,0,0.0,0.0,0.0,0.0,0.0,0,0,0
535,73,2026-04-26 13:00:00,26,6,1,late_night,clear,10,2,55,18,281.2,1,0.1,0.0520635531639075,0.04793644683609251,1,327.29,32.73,71.62,212.74,10.2,0,0,0
536,74,2026-06-19 17:00:00,19,4,0,late_night,clear,1,3,298,100,356.47,1,0.05,0.028490175643204208,0.021509824356795795,1,384.68,19.23,64.18,250.04,51.22,1,0,0
537,74,2026-06-07 15:00:00,7,6,1,late_night,extreme,12,1,503,173,309.83,1,0.15,0.10389645271130747,0.04610354728869252,1,365.23,54.78,73.12,237.4,-0.07,0,0,0
538,74,2026-01-21 16:00:00,21,2,0,breakfast,clear,13,1,43,13,320.07,1,0.05,0.03449222951003478,0.015507770489965225,1,345.4,17.27,45.22,224.51,58.4,1,0,0
539,74,2026-05-08 05:00:00,8,4,0,dinner,extreme,13,4,61,20,226.19,0,0.0,0.0,0.0,0,0.0,0.0,0.0,0.0,0.0,0,0,0
540,74,2026-05-20 11:00:00,20,2,0,lunch,clear,10,5,384,132,441.54,0,0.0,0.0,0.0,0,0.0,0.0,0.0,0.0,0.0,0,0,0
541,74,2026-01-25 22:00:00,25,6,1,breakfast,clear,9,4,119,39,470.25,0,0.0,0.0,0.0,1,470.25,0.0,85.12,305.66,79.47,0,0,0
542,74,2026-02-19 21:00:00,19,3,0,dinner,clear,14,1,380,131,355.04,1,0.2,0.109182131931223,0.09081786806877701,1,431.16,86.23,67.6,280.25,-2.93,0,0,0
543,74,2026-04-17 09:00:00,17,4,0,breakfast,extreme,7,1,536,183,397.95,1,0.2,0.19638778554381753,0.003612214456182483,1,483.27,96.65,53.32,314.12,19.17,1,0,0
544,74,2026-01-03 15:00:00,3,5,1,dinner,clear,13,1,43,13,320.07,1,0.15,0.14968293545594477,0.00031706454405522333,1,377.3,56.6,45.22,245.25,30.24,0,0,0
545,74,2026-02-21 19:00:00,21,5,0,dinner,clear,8,2,36,11,321.02,0,0.0,0.0,0.0,0,0.0,0.0,0.0,0.0,0.0,0,0,0
546,74,2026-01-13 03:00:00,13,1,0,lunch,extreme,11,1,138,45,433.17,1,0.15,0.0755766877313578,0.0744233122686422,1,510.63,76.59,70.96,331.91,31.17,0,0,0
547,75,2026-01-11 18:00:00,11,6,0,breakfast,rain,6,1,409,140,302.97,0,0.0,0.0,0.0,1,302.97,0.0,83.02,196.93,23.02,0,0,0
548,75,2026-03-12 16:00:00,12,3,0,dinner,clear,12,3,414,141,232.56,1,0.1,0.08943770154119186,0.010562298458808142,1,247.66,24.77,67.96,160.98,-6.04,0,0,0
549,75,2026-04-19 10:00:00,19,6,0,lunch,rain,14,1,466,159,288.17,1,0.05,0.04512693528136652,0.0048730647186334825,1,299.12,14.96,53.2,194.42,36.53,0,0,0
550,75,2026-04-05 08:00:00,5,6,1,lunch,rain,5,3,294,99,361.09,1,0.1,0.05781924838888437,0.04218075161111563,1,384.54,38.45,69.58,249.95,26.55,0,0,0
551,75,2026-04-22 10:00:00,22,2,0,dinner,rain,5,2,377,130,439.99,1,0.05,0.027037817702484226,0.022962182297515777,0,0.0,0.0,0.0,0.0,0.0,0,0,0
552,75,2026-02-21 23:00:00,21,5,0,lunch,clear,11,1,105,35,354.06,1,0.1,0.053477056787809875,0.04652294321219013,1,377.05,37.7,81.52,245.08,12.74,1,0,0
553,75,2026-04-06 10:00:00,6,0,1,breakfast,clear,7,3,317,106,383.97,1,0.05,0.03718629171178336,0.012813708288216645,0,0.0,0.0,0.0,0.0,0.0,0,0,0
554,75,2026-06-25 04:00:00,25,3,1,late_night,clear,13,1,104,34,354.02,0,0.0,0.0,0.0,1,354.02,0.0,55.54,230.11,68.37,0,0,0
555,75,2026-01-28 16:00:00,28,2,1,dinner,extreme,13,2,545,187,326.24,0,0.0,0.0,0.0,1,326.24,0.0,80.74,212.06,33.44,0,0,0
556,75,2026-03-15 18:00:00,15,6,0,breakfast,clear,5,2,494,170,372.46,0,0.0,0.0,0.0,1,372.46,0.0,60.16,242.1,70.2,0,0,0
557,76,2026-03-04 15:00:00,4,2,1,lunch,clear,7,1,182,60,341.42,1,0.05,0.03946745255632387,0.010532547443676134,0,0.0,0.0,0.0,0.0,0.0,0,0,0
558,76,2026-01-11 19:00:00,11,6,0,lunch,clear,10,1,24,7,471.83,1,0.2,0.15516627535998137,0.04483372464001864,1,520.23,104.05,82.3,338.15,-4.27,0,0,0
559,76,2026-03-25 02:00:00,25,2,1,breakfast,clear,1,3,274,92,294.0,0,0.0,0.0,0.0,0,0.0,0.0,0.0,0.0,0.0,0,0,0
560,76,2026-05-24 06:00:00,24,6,0,lunch,clear,14,1,272,91,541.4,0,0.0,0.0,0.0,0,0.0,0.0,0.0,0.0,0.0,0,0,0
561,76,2026-06-19 19:00:00,19,4,0,late_night,extreme,4,2,246,80,447.69,0,0.0,0.0,0.0,1,447.69,0.0,76.0,291.0,80.69,0,0,0
562,76,2026-06-10 01:00:00,10,2,0,dinner,clear,14,1,513,176,549.34,1,0.05,0.03965682361912093,0.010343176380879074,0,0.0,0.0,0.0,0.0,0.0,0,0,0
563,76,2026-04-18 21:00:00,18,5,0,late_night,rain,5,1,580,197,288.97,1,0.05,0.04177039400722782,0.008229605992772185,0,0.0,0.0,0.0,0.0,0.0,0,0,0
564,76,2026-06-09 22:00:00,9,1,0,dinner,clear,6,5,33,10,294.15,1,0.1,0.05349286577910677,0.04650713422089323,0,0.0,0.0,0.0,0.0,0.0,0,0,0
565,76,2026-03-04 17:00:00,4,2,1,lunch,clear,12,2,319,107,397.81,0,0.0,0.0,0.0,0,0.0,0.0,0.0,0.0,0.0,0,0,0
566,76,2026-02-06 06:00:00,6,4,1,breakfast,clear,8,1,105,35,354.06,1,0.15,0.07887171253997496,0.07112828746002503,1,384.35,57.65,81.52,249.83,-4.65,0,0,0
567,76,2026-02-07 00:00:00,7,5,1,late_night,clear,12,1,369,126,374.47,0,0.0,0.0,0.0,1,374.47,0.0,68.8,243.41,62.26,0,0,0
568,76,2026-03-05 15:00:00,5,3,1,breakfast,clear,1,1,118,39,439.52,0,0.0,0.0,0.0,0,0.0,0.0,0.0,0.0,0.0,0,0,0
569,76,2026-06-23 03:00:00,23,1,0,late_night,clear,12,1,268,89,373.97,1,0.15,0.1318327127819983,0.018167287218001704,0,0.0,0.0,0.0,0.0,0.0,0,0,0
570,77,2026-01-24 12:00:00,24,5,0,dinner,clear,7,1,577,196,458.78,0,0.0,0.0,0.0,0,0.0,0.0,0.0,0.0,0.0,0,0,0
571,77,2026-01-23 17:00:00,23,4,0,dinner,clear,7,2,366,125,440.68,1,0.2,0.1032877262259768,0.09671227377402321,1,489.55,97.91,69.82,318.21,3.61,0,0,0
572,77,2026-01-11 14:00:00,11,6,0,breakfast,clear,6,1,284,95,437.97,1,0.2,0.17568356406542052,0.024316435934579494,1,486.54,97.31,67.12,316.25,5.86,1,0,0
573,77,2026-06-23 06:00:00,23,1,0,dinner,rain,1,1,442,152,349.53,0,0.0,0.0,0.0,0,0.0,0.0,0.0,0.0,0.0,0,0,0
574,77,2026-03-01 09:00:00,1,6,1,dinner,clear,10,4,562,192,224.05,0,0.0,0.0,0.0,0,0.0,0.0,0.0,0.0,0.0,0,0,0
575,77,2026-02-23 05:00:00,23,0,0,lunch,rain,7,2,492,169,517.7,0,0.0,0.0,0.0,0,0.0,0.0,0.0,0.0,0.0,0,0,0
576,77,2026-04-07 22:00:00,7,1,1,lunch,clear,12,1,279,93,516.93,1,0.2,0.1423613263741184,0.0576386736258816,1,574.26,114.85,72.76,373.27,13.38,0,0,0
577,77,2026-04-08 00:00:00,8,2,0,late_night,rain,6,1,128,42,428.94,1,0.05,0.0368639381278187,0.013136061872181304,1,446.5,22.32,52.42,290.22,81.53,1,0,0
578,77,2026-02-15 18:00:00,15,6,0,late_night,clear,5,1,370,127,368.76,1,0.15,0.10190752647946213,0.04809247352053786,1,402.87,60.43,88.18,261.87,-7.61,0,0,0
579,77,2026-06-05 09:00:00,5,4,1,breakfast,clear,4,2,359,121,321.16,1,0.15,0.0861553830305226,0.0638446169694774,1,350.87,52.63,72.34,228.06,-2.17,0,0,0
580,77,2026-01-03 22:00:00,3,5,1,lunch,extreme,6,2,305,102,300.68,1,0.15,0.12862360243719387,0.021376397562806126,1,328.49,49.27,63.46,213.52,2.24,0,0,0
581,77,2026-03-07 17:00:00,7,5,1,dinner,clear,10,1,240,78,339.14,0,0.0,0.0,0.0,0,0.0,0.0,0.0,0.0,0.0,0,1,0
582,77,2026-06-10 21:00:00,10,2,0,dinner,clear,12,1,391,134,438.46,0,0.0,0.0,0.0,1,438.46,0.0,49.18,285.0,104.28,0,0,0
583,77,2026-03-20 15:00:00,20,4,0,lunch,extreme,6,3,483,165,364.57,1,0.15,0.0970293357629883,0.05297066423701169,1,398.29,59.74,67.18,258.89,12.48,0,0,0
584,78,2026-03-19 17:00:00,19,3,0,late_night,rain,10,1,149,50,355.86,0,0.0,0.0,0.0,0,0.0,0.0,0.0,0.0,0.0,0,0,0
585,78,2026-05-12 21:00:00,12,1,0,late_night,clear,6,1,59,20,453.76,0,0.0,0.0,0.0,0,0.0,0.0,0.0,0.0,0.0,0,0,0
586,78,2026-05-17 00:00:00,17,6,0,late_night,extreme,3,2,412,141,376.41,0,0.0,0.0,0.0,0,0.0,0.0,0.0,0.0,0.0,0,0,0
587,78,2026-04-07 01:00:00,7,1,1,dinner,extreme,14,2,553,189,404.99,0,0.0,0.0,0.0,0,0.0,0.0,0.0,0.0,0.0,0,0,0
588,78,2026-02-12 06:00:00,12,3,0,late_night,rain,5,1,522,178,248.13,0,0.0,0.0,0.0,0,0.0,0.0,0.0,0.0,0.0,0,0,0
589,78,2026-06-21 05:00:00,21,6,0,late_night,rain,3,1,543,186,246.87,1,0.15,0.08782813870641759,0.0621718612935824,1,278.26,41.74,76.96,180.87,-21.31,0,0,0
590,78,2026-06-12 21:00:00,12,4,0,dinner,extreme,12,1,446,153,531.37,0,0.0,0.0,0.0,0,0.0,0.0,0.0,0.0,0.0,0,0,0
591,78,2026-06-07 11:00:00,7,6,1,dinner,extreme,10,1,483,165,364.57,0,0.0,0.0,0.0,1,364.57,0.0,67.18,236.97,60.42,0,0,0
592,78,2026-06-08 07:00:00,8,0,0,dinner,clear,9,1,574,196,374.14,1,0.2,0.12307996465927214,0.07692003534072787,1,431.17,86.23,46.84,280.26,17.84,1,0,0
593,78,2026-02-03 10:00:00,3,1,1,late_night,clear,6,1,122,40,339.12,0,0.0,0.0,0.0,0,0.0,0.0,0.0,0.0,0.0,0,0,0
594,78,2026-04-19 15:00:00,19,6,0,breakfast,clear,3,1,130,42,429.11,1,0.15,0.09487974516329953,0.055120254836700466,1,483.67,72.55,50.92,314.38,45.81,1,0,0
595,78,2026-01-01 00:00:00,1,3,1,dinner,clear,10,2,180,59,346.42,0,0.0,0.0,0.0,1,346.42,0.0,58.48,225.17,62.77,0,0,0
596,79,2026-01-18 05:00:00,18,6,0,breakfast,clear,9,1,214,70,450.65,0,0.0,0.0,0.0,0,0.0,0.0,0.0,0.0,0.0,0,0,0
597,80,2026-04-23 18:00:00,23,3,0,dinner,clear,3,1,448,154,318.66,1,0.1,0.06423394503831181,0.03576605496168819,0,0.0,0.0,0.0,0.0,0.0,0,0,0
598,81,2026-02-12 04:00:00,12,3,0,late_night,rain,1,1,355,119,330.66,1,0.05,0.0420393442982363,0.0079606557017637,1,351.11,17.56,49.72,228.22,55.61,0,0,0
599,81,2026-02-03 01:00:00,3,1,1,lunch,clear,8,1,343,116,496.91,0,0.0,0.0,0.0,1,496.91,0.0,81.82,322.99,92.1,0,0,0
600,81,2026-04-15 00:00:00,15,2,0,late_night,rain,13,4,320,107,397.85,1,0.05,0.03746431293299828,0.01253568706700172,0,0.0,0.0,0.0,0.0,0.0,0,0,0
601,81,2026-04-28 21:00:00,28,1,1,lunch,clear,2,1,170,56,375.86,0,0.0,0.0,0.0,0,0.0,0.0,0.0,0.0,0.0,0,0,0
602,81,2026-02-25 13:00:00,25,2,1,breakfast,extreme,14,1,274,92,294.0,1,0.2,0.18394052627872132,0.016059473721278694,1,343.27,68.65,93.04,223.13,-41.55,0,0,0
603,81,2026-06-04 00:00:00,4,3,1,dinner,clear,10,1,554,189,318.22,1,0.05,0.03149242643842137,0.01850757356157863,0,0.0,0.0,0.0,0.0,0.0,0,0,0
604,81,2026-01-05 04:00:00,5,0,1,dinner,clear,2,4,167,55,394.06,1,0.1,0.05042898890136745,0.04957101109863256,1,435.73,43.57,87.64,283.22,21.29,0,0,0
605,82,2026-01-30 05:00:00,30,4,1,breakfast,clear,4,4,394,135,359.67,1,0.05,0.03067337319209883,0.019326626807901173,1,380.68,19.03,77.2,247.44,37.0,0,0,0
606,82,2026-05-29 10:00:00,29,4,1,dinner,extreme,6,1,28,8,385.39,1,0.2,0.15001298848614678,0.049987011513853236,1,446.39,89.28,60.04,290.15,6.92,1,0,0
607,82,2026-06-12 08:00:00,12,4,0,breakfast,clear,3,2,175,57,349.16,0,0.0,0.0,0.0,0,0.0,0.0,0.0,0.0,0.0,0,0,0
608,82,2026-04-14 21:00:00,14,1,0,dinner,clear,3,1,329,111,439.94,0,0.0,0.0,0.0,0,0.0,0.0,0.0,0.0,0.0,0,0,0
609,82,2026-01-30 19:00:00,30,4,1,late_night,clear,4,1,434,148,284.36,0,0.0,0.0,0.0,0,0.0,0.0,0.0,0.0,0.0,0,0,0
610,82,2026-04-26 21:00:00,26,6,1,dinner,clear,4,1,467,159,534.48,1,0.2,0.12131678518565114,0.07868321481434887,1,619.08,123.82,51.7,402.4,41.16,0,0,0
611,82,2026-06-07 23:00:00,7,6,1,lunch,extreme,7,1,248,81,302.79,1,0.1,0.09181904898597762,0.008180951014022386,1,333.03,33.3,55.72,216.47,27.54,0,0,0
612,82,2026-05-16 10:00:00,16,5,0,breakfast,clear,7,1,317,106,383.97,0,0.0,0.0,0.0,0,0.0,0.0,0.0,0.0,0.0,0,0,0
613,82,2026-03-20 08:00:00,20,4,0,late_night,clear,4,2,113,37,446.27,1,0.2,0.10370835527058692,0.0962916447294131,1,516.91,103.38,82.66,335.99,-5.12,1,0,0
614,83,2026-03-26 15:00:00,26,3,1,lunch,rain,13,2,230,75,383.59,0,0.0,0.0,0.0,0,0.0,0.0,0.0,0.0,0.0,0,0,0
615,83,2026-04-27 14:00:00,27,0,1,breakfast,rain,7,1,279,93,516.93,0,0.0,0.0,0.0,1,516.93,0.0,74.26,336.0,106.67,0,0,0
616,83,2026-01-07 17:00:00,7,2,1,lunch,rain,2,1,179,59,330.4,0,0.0,0.0,0.0,0,0.0,0.0,0.0,0.0,0.0,0,0,0
617,83,2026-01-06 16:00:00,6,1,1,breakfast,clear,2,1,375,129,325.69,0,0.0,0.0,0.0,0,0.0,0.0,0.0,0.0,0.0,0,0,0
618,83,2026-03-14 12:00:00,14,5,0,late_night,clear,3,1,89,30,399.84,1,0.1,0.07630228986930551,0.023697710130694494,1,440.21,44.02,81.88,286.13,28.17,1,0,0
619,83,2026-04-16 09:00:00,16,3,0,breakfast,clear,10,1,118,39,439.52,0,0.0,0.0,0.0,0,0.0,0.0,0.0,0.0,0.0,0,0,0
620,83,2026-03-04 05:00:00,4,2,1,breakfast,clear,1,3,158,52,277.26,0,0.0,0.0,0.0,0,0.0,0.0,0.0,0.0,0.0,0,0,0
621,83,2026-05-21 05:00:00,21,3,0,breakfast,clear,11,2,135,44,274.41,0,0.0,0.0,0.0,0,0.0,0.0,0.0,0.0,0.0,0,0,0
622,83,2026-03-03 10:00:00,3,1,1,lunch,clear,2,2,557,190,488.12,1,0.1,0.054990022985550537,0.04500997701444947,1,537.4,53.74,83.62,349.31,50.73,0,0,0
623,83,2026-04-16 08:00:00,16,3,0,lunch,clear,5,1,186,62,511.72,0,0.0,0.0,0.0,1,511.72,0.0,72.28,332.62,106.82,0,0,0
624,83,2026-01-01 01:00:00,1,3,1,dinner,clear,12,1,223,73,306.77,1,0.1,0.07805901040104819,0.021940989598951813,1,337.74,33.77,84.16,219.53,0.28,0,0,0
625,84,2026-04-05 05:00:00,5,6,1,dinner,clear,13,3,216,71,457.28,0,0.0,0.0,0.0,0,0.0,0.0,0.0,0.0,0.0,0,0,0
626,84,2026-02-25 21:00:00,25,2,1,dinner,rain,8,1,546,187,314.46,1,0.15,0.10262413869794762,0.047375861302052374,1,351.93,52.79,79.24,228.76,-8.85,0,0,0
627,84,2026-01-21 03:00:00,21,2,0,dinner,clear,6,5,23,7,447.81,0,0.0,0.0,0.0,0,0.0,0.0,0.0,0.0,0.0,0,0,0
628,85,2026-03-26 01:00:00,26,3,1,breakfast,clear,2,2,392,135,314.54,1,0.1,0.08285061837555807,0.017149381624441934,1,346.1,34.61,77.2,224.96,9.32,0,0,0
629,85,2026-03-20 19:00:00,20,4,0,dinner,rain,12,1,573,195,366.51,1,0.2,0.15525608467643184,0.04474391532356817,1,424.79,84.96,57.4,276.12,6.32,1,0,0
630,85,2026-02-17 09:00:00,17,1,0,breakfast,clear,7,1,222,73,368.75,0,0.0,0.0,0.0,1,368.75,0.0,84.16,239.69,44.9,0,0,0
631,85,2026-05-18 05:00:00,18,0,0,lunch,clear,2,2,234,76,237.76,1,0.2,0.10610936057305356,0.09389063942694645,1,275.57,55.11,53.26,179.12,-11.92,1,0,0
632,85,2026-06-18 10:00:00,18,3,0,late_night,clear,11,1,60,20,327.51,0,0.0,0.0,0.0,0,0.0,0.0,0.0,0.0,0.0,0,0,0
633,85,2026-02-15 08:00:00,15,6,0,dinner,clear,4,1,455,156,300.5,0,0.0,0.0,0.0,0,0.0,0.0,0.0,0.0,0.0,0,0,0
634,86,2026-06-24 08:00:00,24,2,0,dinner,clear,1,2,438,150,397.96,1,0.05,0.047168215382452694,0.002831784617547309,0,0.0,0.0,0.0,0.0,0.0,0,0,0
635,86,2026-04-11 07:00:00,11,5,0,breakfast,extreme,14,2,402,138,434.21,0,0.0,0.0,0.0,0,0.0,0.0,0.0,0.0,0.0,0,0,0
636,86,2026-01-17 19:00:00,17,5,0,lunch,clear,8,1,428,146,518.02,0,0.0,0.0,0.0,1,518.02,0.0,50.62,336.71,130.69,0,0,0
637,86,2026-05-13 08:00:00,13,2,0,dinner,extreme,3,5,308,103,384.17,0,0.0,0.0,0.0,1,384.17,0.0,78.94,249.71,55.52,0,0,0
638,86,2026-05-06 12:00:00,6,2,1,dinner,extreme,8,2,366,125,440.68,0,0.0,0.0,0.0,1,440.68,0.0,72.82,286.44,81.42,0,0,0
639,87,2026-01-30 15:00:00,30,4,1,late_night,clear,6,1,277,93,332.62,0,0.0,0.0,0.0,0,0.0,0.0,0.0,0.0,0.0,0,0,0
640,87,2026-01-04 15:00:00,4,6,1,late_night,clear,13,2,139,46,550.59,1,0.2,0.15975051550921768,0.040249484490782333,1,677.89,135.58,49.6,440.63,52.08,0,1,0
641,87,2026-06-03 05:00:00,3,2,1,breakfast,clear,5,1,169,56,358.37,0,0.0,0.0,0.0,1,358.37,0.0,65.92,232.94,59.51,0,0,1
642,87,2026-04-02 14:00:00,2,3,1,dinner,extreme,11,1,268,89,373.97,0,0.0,0.0,0.0,0,0.0,0.0,0.0,0.0,0.0,0,0,0
643,87,2026-04-19 01:00:00,19,6,0,late_night,extreme,13,1,417,143,507.05,0,0.0,0.0,0.0,0,0.0,0.0,0.0,0.0,0.0,0,0,0
644,87,2026-06-12 17:00:00,12,4,0,breakfast,clear,13,1,122,40,339.12,1,0.05,0.028447675061346413,0.02155232493865359,1,368.06,18.4,73.18,239.24,37.24,0,0,0
645,87,2026-02-10 08:00:00,10,1,0,late_night,extreme,4,3,115,38,322.99,1,0.1,0.06881513317680157,0.03118486682319843,1,370.11,37.01,49.0,240.57,43.53,0,0,0
646,87,2026-03-02 11:00:00,2,0,1,dinner,clear,11,1,422,144,437.29,0,0.0,0.0,0.0,1,437.29,0.0,50.74,284.24,102.31,0,0,0
647,87,2026-01-23 05:00:00,23,4,0,late_night,clear,3,1,423,144,412.86,1,0.05,0.027078269286457415,0.022921730713542587,1,448.09,22.4,50.74,291.26,83.69,0,0,0
648,88,2026-01-20 04:00:00,20,1,0,dinner,clear,1,2,86,28,398.14,0,0.0,0.0,0.0,1,398.14,0.0,50.56,258.79,88.79,0,0,0
649,88,2026-02-22 10:00:00,22,6,0,breakfast,clear,2,1,351,118,460.55,1,0.15,0.12407368062160805,0.025926319378391946,1,503.91,75.59,89.02,327.54,11.76,1,0,0
650,88,2026-02-16 00:00:00,16,0,0,late_night,clear,14,1,72,23,541.6,1,0.2,0.1329075454324924,0.06709245456750762,1,602.74,120.55,89.32,391.78,1.09,0,0,0
651,88,2026-02-24 19:00:00,24,1,0,breakfast,clear,14,1,371,127,443.31,1,0.15,0.10589145994525039,0.04410854005474961,1,485.05,72.76,88.18,315.28,8.83,0,0,0
652,88,2026-04-28 10:00:00,28,1,1,dinner,clear,1,2,305,102,300.68,0,0.0,0.0,0.0,0,0.0,0.0,0.0,0.0,0.0,0,0,0
653,88,2026-01-21 19:00:00,21,2,0,late_night,rain,4,2,407,139,299.82,0,0.0,0.0,0.0,0,0.0,0.0,0.0,0.0,0.0,0,0,0
654,88,2026-01-27 12:00:00,27,1,1,lunch,extreme,5,1,351,118,460.55,1,0.1,0.07349077145596461,0.026509228544035396,0,0.0,0.0,0.0,0.0,0.0,0,0,0
655,88,2026-02-14 05:00:00,14,5,0,late_night,clear,2,4,225,73,503.59,1,0.05,0.027100667883237062,0.02289933211676294,0,0.0,0.0,0.0,0.0,0.0,0,0,0
656,88,2026-04-17 03:00:00,17,4,0,lunch,extreme,2,2,504,173,315.59,1,0.1,0.07085262783665262,0.029147372163347382,1,338.07,33.81,73.12,219.74,11.4,0,0,0
657,88,2026-03-11 23:00:00,11,2,0,dinner,rain,10,1,394,135,359.67,0,0.0,0.0,0.0,0,0.0,0.0,0.0,0.0,0.0,0,0,0
658,88,2026-01-30 05:00:00,30,4,1,breakfast,clear,8,1,279,93,516.93,1,0.1,0.05171045026399537,0.04828954973600463,1,553.75,55.37,72.76,359.94,65.68,1,0,0
659,88,2026-03-02 12:00:00,2,0,1,breakfast,clear,1,1,572,195,327.24,1,0.1,0.07072919036007788,0.029270809639922124,1,350.55,35.05,55.9,227.86,31.74,0,0,0
660,89,2026-05-27 17:00:00,27,2,1,breakfast,clear,5,1,336,113,334.35,0,0.0,0.0,0.0,0,0.0,0.0,0.0,0.0,0.0,0,0,0
661,89,2026-03-06 01:00:00,6,4,1,lunch,clear,13,1,584,198,433.43,1,0.1,0.07544492345244275,0.02455507654755726,1,470.41,47.04,66.7,305.76,50.9,0,0,0
662,89,2026-05-16 23:00:00,16,5,0,late_night,clear,4,2,7,2,414.56,1,0.05,0.04776701041013662,0.002232989589863385,1,435.25,21.76,80.14,282.91,50.43,0,0,0
663,89,2026-04-03 23:00:00,3,4,1,breakfast,clear,8,1,336,113,334.35,1,0.15,0.14341417652325614,0.006585823476743857,1,372.06,55.81,70.6,241.84,3.81,0,0,0
664,90,2026-02-15 08:00:00,15,6,0,dinner,clear,14,3,266,88,603.82,0,0.0,0.0,0.0,0,0.0,0.0,0.0,0.0,0.0,0,0,0
665,90,2026-06-10 22:00:00,10,2,0,breakfast,rain,3,5,274,92,294.0,0,0.0,0.0,0.0,0,0.0,0.0,0.0,0.0,0.0,0,0,0
666,90,2026-06-11 05:00:00,11,3,0,lunch,rain,8,2,6,2,546.89,1,0.05,0.032997580085257626,0.017002419914742377,1,594.44,29.72,81.64,386.38,96.69,0,0,0
667,90,2026-01-02 19:00:00,2,4,1,lunch,clear,5,2,336,113,334.35,1,0.05,0.031712803440493084,0.01828719655950692,1,363.42,18.17,70.6,236.22,38.43,0,0,0
668,91,2026-03-03 06:00:00,3,1,1,dinner,clear,14,3,503,173,309.83,1,0.05,0.040658994519447794,0.009341005480552209,1,323.57,16.18,70.12,210.32,26.95,0,0,0
669,91,2026-03-24 08:00:00,24,1,0,dinner,clear,11,1,142,47,365.27,0,0.0,0.0,0.0,0,0.0,0.0,0.0,0.0,0.0,0,0,0
670,91,2026-06-24 00:00:00,24,2,0,dinner,clear,11,3,516,177,593.59,0,0.0,0.0,0.0,0,0.0,0.0,0.0,0.0,0.0,0,0,0
671,91,2026-04-18 15:00:00,18,5,0,late_night,clear,7,1,16,4,481.46,0,0.0,0.0,0.0,1,481.46,0.0,70.0,312.95,98.51,0,0,0
672,91,2026-05-30 22:00:00,30,5,1,dinner,rain,3,2,150,50,461.7,0,0.0,0.0,0.0,0,0.0,0.0,0.0,0.0,0.0,0,0,0
673,91,2026-05-04 12:00:00,4,0,1,late_night,clear,10,2,113,37,446.27,0,0.0,0.0,0.0,1,446.27,0.0,82.66,290.08,73.53,0,0,0
674,91,2026-05-15 18:00:00,15,4,0,dinner,extreme,6,1,340,115,313.38,1,0.2,0.10166922763543369,0.09833077236456632,1,351.03,70.21,86.5,228.17,-33.85,0,0,0
675,92,2026-01-14 20:00:00,14,2,0,late_night,rain,3,4,44,13,374.19,0,0.0,0.0,0.0,0,0.0,0.0,0.0,0.0,0.0,0,0,0
676,92,2026-01-12 19:00:00,12,0,0,breakfast,extreme,9,1,536,183,397.95,0,0.0,0.0,0.0,0,0.0,0.0,0.0,0.0,0.0,0,0,0
677,92,2026-04-20 01:00:00,20,0,0,breakfast,rain,11,3,431,147,375.56,1,0.1,0.05234968686386039,0.04765031313613961,1,432.02,43.2,89.14,280.81,18.87,0,0,0
678,92,2026-02-26 09:00:00,26,3,1,lunch,clear,3,1,470,161,302.81,0,0.0,0.0,0.0,0,0.0,0.0,0.0,0.0,0.0,0,0,0
679,92,2026-03-22 19:00:00,22,6,0,late_night,clear,8,1,245,80,423.87,0,0.0,0.0,0.0,1,423.87,0.0,73.0,275.52,75.35,0,0,0
680,92,2026-03-31 08:00:00,31,1,1,breakfast,rain,7,5,586,199,321.5,1,0.1,0.06912121804456764,0.030878781955432366,1,369.84,36.98,63.28,240.39,29.18,0,0,0
681,93,2026-04-18 19:00:00,18,5,0,lunch,clear,3,2,370,127,368.76,1,0.15,0.1407094285912278,0.009290571408772208,1,441.39,66.21,88.18,286.9,0.1,0,0,0
682,93,2026-04-02 20:00:00,2,3,1,lunch,clear,1,2,253,83,398.87,1,0.2,0.12843248902794002,0.07156751097205999,1,493.06,98.61,87.52,320.49,-13.56,0,0,0
683,93,2026-05-30 08:00:00,30,5,1,lunch,clear,3,1,551,188,482.27,0,0.0,0.0,0.0,0,0.0,0.0,0.0,0.0,0.0,0,0,0
684,93,2026-04-01 23:00:00,1,2,1,late_night,clear,14,2,230,75,383.59,1,0.2,0.16635611921318208,0.03364388078681793,1,474.17,94.83,67.9,308.21,3.23,0,0,0
685,94,2026-03-10 11:00:00,10,1,0,late_night,extreme,9,1,68,22,418.77,1,0.05,0.04501986534087089,0.00498013465912911,0,0.0,0.0,0.0,0.0,0.0,0,0,0
686,94,2026-01-10 03:00:00,10,5,0,breakfast,clear,2,2,78,25,358.87,0,0.0,0.0,0.0,1,358.87,0.0,82.3,233.27,43.3,0,0,0
687,94,2026-01-14 10:00:00,14,2,0,breakfast,clear,4,2,333,112,519.42,1,0.05,0.048210161343041215,0.001789838656958788,1,541.77,27.09,56.38,352.15,106.15,0,0,0
688,95,2026-06-18 13:00:00,18,3,0,lunch,clear,3,3,220,72,668.5,0,0.0,0.0,0.0,0,0.0,0.0,0.0,0.0,0.0,0,0,0
689,95,2026-02-18 12:00:00,18,2,0,late_night,clear,6,2,483,165,364.57,1,0.15,0.12619647778481582,0.02380352221518417,1,411.22,61.68,64.18,267.29,18.06,0,0,0
690,95,2026-04-29 09:00:00,29,2,1,dinner,clear,10,5,542,186,379.72,1,0.2,0.16617946399382708,0.033820536006172935,1,437.98,87.6,75.46,284.69,-9.76,0,0,0
691,95,2026-05-14 13:00:00,14,3,0,dinner,clear,14,2,428,146,518.02,0,0.0,0.0,0.0,1,518.02,0.0,50.62,336.71,130.69,0,0,0
692,95,2026-04-01 20:00:00,1,2,1,breakfast,clear,6,1,110,37,304.85,0,0.0,0.0,0.0,0,0.0,0.0,0.0,0.0,0.0,0,0,0
693,95,2026-01-19 14:00:00,19,0,0,breakfast,clear,14,1,315,106,288.77,0,0.0,0.0,0.0,0,0.0,0.0,0.0,0.0,0.0,0,0,0
694,95,2026-06-21 03:00:00,21,6,0,lunch,clear,11,4,139,46,550.59,1,0.1,0.05980429827064218,0.040195701729357824,1,603.89,60.39,49.6,392.53,101.37,0,0,0
695,95,2026-04-17 21:00:00,17,4,0,dinner,rain,11,1,473,162,367.38,0,0.0,0.0,0.0,0,0.0,0.0,0.0,0.0,0.0,0,0,0
696,95,2026-01-30 15:00:00,30,4,1,late_night,clear,10,1,46,14,430.08,0,0.0,0.0,0.0,0,0.0,0.0,0.0,0.0,0.0,0,0,1
697,95,2026-03-23 00:00:00,23,0,0,late_night,clear,12,2,507,174,355.79,1,0.2,0.1663642782756968,0.03363572172430321,1,410.38,82.08,56.08,266.74,5.48,1,0,0
698,96,2026-02-09 07:00:00,9,0,0,dinner,clear,3,1,241,78,460.55,1,0.2,0.1100077015051443,0.08999229849485571,1,536.44,107.29,78.7,348.69,1.77,0,0,0
699,96,2026-05-23 08:00:00,23,5,0,dinner,clear,8,1,40,12,466.1,0,0.0,0.0,0.0,1,466.1,0.0,79.96,302.97,83.17,0,0,0
700,96,2026-06-25 23:00:00,25,3,1,dinner,extreme,3,2,246,80,447.69,0,0.0,0.0,0.0,1,447.69,0.0,76.0,291.0,80.69,0,0,0
701,96,2026-05-08 19:00:00,8,4,0,lunch,clear,9,2,33,10,294.15,0,0.0,0.0,0.0,0,0.0,0.0,0.0,0.0,0.0,0,0,0
702,96,2026-04-04 20:00:00,4,5,1,dinner,rain,11,1,33,10,294.15,0,0.0,0.0,0.0,0,0.0,0.0,0.0,0.0,0.0,0,0,0
703,96,2026-06-23 23:00:00,23,1,0,dinner,rain,14,2,352,119,307.51,0,0.0,0.0,0.0,0,0.0,0.0,0.0,0.0,0.0,0,0,0
704,96,2026-04-03 20:00:00,3,4,1,dinner,clear,9,4,354,119,352.83,1,0.15,0.0917556813772617,0.058244318622738295,1,401.32,60.2,48.22,260.86,32.04,0,0,0
705,96,2026-04-08 04:00:00,8,2,0,breakfast,clear,12,1,411,140,433.0,0,0.0,0.0,0.0,0,0.0,0.0,0.0,0.0,0.0,0,0,0
706,96,2026-04-22 12:00:00,22,2,0,dinner,clear,9,2,212,69,631.29,0,0.0,0.0,0.0,1,631.29,0.0,49.0,410.34,171.95,0,0,0
707,96,2026-03-30 09:00:00,30,0,1,dinner,clear,10,1,40,12,466.1,1,0.05,0.033157779351755616,0.016842220648244387,0,0.0,0.0,0.0,0.0,0.0,0,0,0
708,96,2026-06-12 03:00:00,12,4,0,dinner,rain,3,1,443,153,368.55,0,0.0,0.0,0.0,0,0.0,0.0,0.0,0.0,0.0,0,0,0
709,96,2026-03-18 18:00:00,18,2,0,dinner,clear,11,4,84,27,443.26,0,0.0,0.0,0.0,1,443.26,0.0,86.8,288.12,68.34,0,0,0
710,96,2026-03-15 18:00:00,15,6,0,dinner,clear,2,1,154,51,317.65,1,0.2,0.19710596615482995,0.002894033845170063,1,370.0,74.0,72.04,240.5,-16.54,0,0,0
711,97,2026-03-24 17:00:00,24,1,0,lunch,clear,13,1,17,5,391.07,0,0.0,0.0,0.0,0,0.0,0.0,0.0,0.0,0.0,0,0,0
712,97,2026-03-06 04:00:00,6,4,1,dinner,rain,10,1,256,84,422.03,1,0.15,0.10139341733386605,0.04860658266613395,1,478.18,71.73,50.5,310.82,45.14,0,0,0
713,97,2026-01-28 16:00:00,28,2,1,lunch,clear,1,2,398,136,562.98,1,0.1,0.07652331666517105,0.023476683334828954,1,619.64,61.96,85.3,402.77,69.61,0,0,0
714,97,2026-04-12 03:00:00,12,6,0,lunch,clear,13,1,254,84,436.22,0,0.0,0.0,0.0,0,0.0,0.0,0.0,0.0,0.0,0,0,0
715,97,2026-03-31 15:00:00,31,1,1,dinner,clear,2,3,559,191,467.99,1,0.1,0.0930869334693039,0.0069130665306961075,1,515.09,51.51,87.64,334.81,41.13,0,0,0
716,97,2026-04-22 14:00:00,22,2,0,lunch,extreme,4,1,553,189,404.99,0,0.0,0.0,0.0,0,0.0,0.0,0.0,0.0,0.0,0,0,0
717,97,2026-06-20 22:00:00,20,5,0,late_night,clear,9,4,556,190,360.31,1,0.15,0.1304133159177079,0.019586684082292083,1,408.25,61.24,83.62,265.36,-1.97,0,0,0
718,98,2026-06-18 10:00:00,18,3,0,breakfast,clear,5,1,306,102,364.7,1,0.05,0.04838579082746217,0.0016142091725378296,0,0.0,0.0,0.0,0.0,0.0,0,0,0
719,98,2026-04-12 15:00:00,12,6,0,breakfast,clear,6,1,333,112,519.42,0,0.0,0.0,0.0,0,0.0,0.0,0.0,0.0,0.0,0,1,0
720,98,2026-02-02 19:00:00,2,0,1,lunch,clear,9,3,509,175,364.69,1,0.15,0.11838160360672043,0.03161839639327957,1,413.71,62.06,69.94,268.91,12.8,1,0,0
721,98,2026-04-28 19:00:00,28,1,1,dinner,clear,8,1,139,46,550.59,0,0.0,0.0,0.0,0,0.0,0.0,0.0,0.0,0.0,0,1,0
722,98,2026-03-12 13:00:00,12,3,0,dinner,rain,4,1,433,148,337.93,1,0.15,0.10343518741040429,0.0465648125895957,1,383.35,57.5,80.86,249.18,-4.19,0,0,0
723,98,2026-01-19 08:00:00,19,0,0,breakfast,clear,9,1,116,38,269.91,1,0.2,0.19448588639478193,0.005514113605218085,1,313.41,62.68,46.0,203.72,1.01,0,1,0
724,98,2026-03-29 18:00:00,29,6,1,late_night,clear,13,4,451,155,376.18,1,0.2,0.1135583240354444,0.08644167596455561,1,436.81,87.36,72.04,283.92,-6.52,0,0,0
725,98,2026-06-19 12:00:00,19,4,0,breakfast,rain,7,2,104,34,354.02,1,0.15,0.1345526842293396,0.015447315770660386,1,401.61,60.24,57.04,261.04,23.28,0,0,0
726,98,2026-01-18 16:00:00,18,6,0,late_night,clear,6,1,204,67,507.77,0,0.0,0.0,0.0,0,0.0,0.0,0.0,0.0,0.0,0,0,0
727,98,2026-06-27 13:00:00,27,5,1,lunch,extreme,8,1,470,161,302.81,1,0.2,0.19522576711455622,0.004774232885443791,1,351.61,70.32,65.92,228.55,-13.18,0,0,0
728,98,2026-03-15 15:00:00,15,6,0,late_night,rain,10,5,154,51,317.65,0,0.0,0.0,0.0,0,0.0,0.0,0.0,0.0,0.0,0,0,0
729,98,2026-02-17 19:00:00,17,1,0,late_night,rain,1,5,404,138,351.02,0,0.0,0.0,0.0,0,0.0,0.0,0.0,0.0,0.0,0,0,0
730,98,2026-02-06 00:00:00,6,4,1,dinner,clear,9,1,306,102,364.7,1,0.1,0.09344373666668682,0.006556263333313189,0,0.0,0.0,0.0,0.0,0.0,0,0,0
731,98,2026-03-11 21:00:00,11,2,0,dinner,clear,12,1,93,31,496.71,0,0.0,0.0,0.0,0,0.0,0.0,0.0,0.0,0.0,0,0,0
732,99,2026-01-30 02:00:00,30,4,1,late_night,clear,2,2,21,6,455.28,0,0.0,0.0,0.0,1,455.28,0.0,79.06,295.93,80.29,0,0,0
733,99,2026-04-27 06:00:00,27,0,1,breakfast,clear,4,1,193,64,439.49,0,0.0,0.0,0.0,0,0.0,0.0,0.0,0.0,0.0,0,0,0
734,99,2026-05-31 21:00:00,31,6,1,lunch,clear,14,1,269,90,408.04,1,0.15,0.1466198107538215,0.0033801892461785,1,465.13,69.77,69.76,302.34,23.27,0,0,0
735,99,2026-02-02 21:00:00,2,0,1,lunch,clear,9,2,170,56,375.86,0,0.0,0.0,0.0,1,375.86,0.0,65.92,244.31,65.63,0,0,0
736,100,2026-02-08 06:00:00,8,6,0,breakfast,rain,3,2,501,172,342.17,1,0.05,0.03870368952971129,0.011296310470288715,1,376.45,18.82,67.48,244.69,45.45,1,0,0
737,100,2026-01-20 20:00:00,20,1,0,late_night,clear,11,2,571,194,573.77,1,0.2,0.18171208888910986,0.018287911110890148,1,729.5,145.9,80.32,474.17,29.1,0,0,0
738,100,2026-04-15 23:00:00,15,2,0,late_night,clear,6,1,463,158,372.27,1,0.1,0.06829611066483587,0.03170388933516413,1,436.02,43.6,83.14,283.41,25.86,1,0,0
739,101,2026-06-19 10:00:00,19,4,0,breakfast,extreme,4,2,473,162,367.38,0,0.0,0.0,0.0,1,367.38,0.0,79.3,238.8,49.28,0,0,0
740,101,2026-04-17 21:00:00,17,4,0,lunch,clear,1,2,395,136,384.32,1,0.2,0.15606760977218315,0.043932390227816864,1,450.85,90.17,85.3,293.05,-17.67,0,0,0
741,101,2026-02-27 09:00:00,27,4,1,dinner,clear,13,2,132,43,321.82,0,0.0,0.0,0.0,0,0.0,0.0,0.0,0.0,0.0,0,0,0
742,101,2026-03-22 17:00:00,22,6,0,lunch,rain,13,4,189,63,421.89,1,0.1,0.07529237684780168,0.02470762315219832,1,467.97,46.8,89.38,304.18,27.61,0,0,0
743,101,2026-01-12 14:00:00,12,0,0,dinner,clear,3,1,266,88,603.82,1,0.15,0.08199623068442637,0.06800376931557363,1,691.0,103.65,64.66,449.15,73.54,0,0,0
744,102,2026-03-07 05:00:00,7,5,1,late_night,clear,7,1,197,65,394.82,0,0.0,0.0,0.0,0,0.0,0.0,0.0,0.0,0.0,0,0,0
745,102,2026-04-17 05:00:00,17,4,0,dinner,rain,13,1,395,136,384.32,1,0.05,0.03754902584124467,0.012450974158755332,1,397.61,19.88,86.8,258.45,32.48,0,0,0
746,102,2026-04-27 05:00:00,27,0,1,breakfast,extreme,7,2,374,128,310.41,0,0.0,0.0,0.0,0,0.0,0.0,0.0,0.0,0.0,0,0,0
747,102,2026-02-21 19:00:00,21,5,0,breakfast,rain,10,1,112,37,403.7,1,0.1,0.09577474790596796,0.004225252094032045,0,0.0,0.0,0.0,0.0,0.0,0,0,0
748,102,2026-06-06 08:00:00,6,5,1,late_night,clear,12,1,330,111,302.15,0,0.0,0.0,0.0,0,0.0,0.0,0.0,0.0,0.0,0,0,0
749,102,2026-01-02 20:00:00,2,4,1,lunch,clear,11,1,491,168,332.34,1,0.15,0.0923655283226928,0.05763447167730719,1,358.31,53.75,51.94,232.9,19.72,0,0,0
750,103,2026-01-08 06:00:00,8,3,0,breakfast,clear,10,1,290,97,376.15,0,0.0,0.0,0.0,1,376.15,0.0,86.14,244.5,45.51,0,0,0
751,103,2026-05-07 12:00:00,7,3,1,late_night,clear,7,1,59,20,453.76,1,0.05,0.04769964678206676,0.002300353217933246,1,474.33,23.72,57.52,308.32,84.78,1,0,0
752,103,2026-01-01 21:00:00,1,3,1,dinner,extreme,14,2,414,141,232.56,0,0.0,0.0,0.0,0,0.0,0.0,0.0,0.0,0.0,0,0,0
753,103,2026-02-26 00:00:00,26,3,1,breakfast,clear,10,1,585,198,566.08,0,0.0,0.0,0.0,1,566.08,0.0,66.7,367.95,131.43,0,0,1
754,103,2026-01-03 11:00:00,3,5,1,late_night,clear,8,3,152,50,315.22,0,0.0,0.0,0.0,1,315.22,0.0,57.04,204.89,53.29,0,0,0
755,103,2026-06-11 16:00:00,11,3,0,late_night,clear,8,1,374,128,310.41,0,0.0,0.0,0.0,0,0.0,0.0,0.0,0.0,0.0,0,0,0
756,104,2026-06-17 00:00:00,17,2,0,breakfast,clear,3,2,207,68,306.93,1,0.1,0.07148646409158686,0.028513535908413143,1,328.47,32.85,48.76,213.51,33.36,0,0,0
757,104,2026-02-24 09:00:00,24,1,0,breakfast,clear,8,1,300,101,352.16,0,0.0,0.0,0.0,0,0.0,0.0,0.0,0.0,0.0,0,0,0
758,105,2026-01-21 13:00:00,21,2,0,dinner,rain,14,4,365,124,467.16,0,0.0,0.0,0.0,0,0.0,0.0,0.0,0.0,0.0,0,0,0
759,105,2026-05-15 17:00:00,15,4,0,lunch,rain,7,4,285,95,412.22,0,0.0,0.0,0.0,0,0.0,0.0,0.0,0.0,0.0,0,0,0
760,105,2026-05-11 16:00:00,11,0,0,lunch,rain,1,1,369,126,374.47,0,0.0,0.0,0.0,0,0.0,0.0,0.0,0.0,0.0,0,0,0
761,105,2026-04-02 21:00:00,2,3,1,lunch,clear,2,4,264,87,368.04,1,0.1,0.08933184979064664,0.01066815020935337,1,395.69,39.57,52.0,257.2,46.92,1,0,0
762,105,2026-06-07 05:00:00,7,6,1,dinner,clear,14,1,528,180,430.97,0,0.0,0.0,0.0,0,0.0,0.0,0.0,0.0,0.0,0,0,0
763,105,2026-03-17 23:00:00,17,1,0,dinner,clear,13,1,61,20,226.19,1,0.2,0.16868367488588187,0.03131632511411814,1,253.12,50.62,57.52,164.53,-19.55,0,0,0
764,105,2026-04-28 06:00:00,28,1,1,lunch,clear,4,3,24,7,471.83,1,0.2,0.11753805676080936,0.08246194323919065,1,528.01,105.6,82.3,343.2,-3.1,0,0,0
765,105,2026-01-10 03:00:00,10,5,0,dinner,clear,7,2,53,17,395.01,0,0.0,0.0,0.0,0,0.0,0.0,0.0,0.0,0.0,0,0,0
766,106,2026-01-11 05:00:00,11,6,0,breakfast,clear,6,1,442,152,349.53,0,0.0,0.0,0.0,1,349.53,0.0,69.88,227.19,52.46,0,0,0
767,107,2026-05-24 21:00:00,24,6,0,late_night,clear,3,1,550,188,568.72,1,0.1,0.06333162054275665,0.036668379457243355,1,642.63,64.26,84.76,417.71,75.9,0,0,0
768,107,2026-03-07 21:00:00,7,5,1,dinner,clear,6,2,505,173,326.67,0,0.0,0.0,0.0,0,0.0,0.0,0.0,0.0,0.0,0,0,0
769,107,2026-05-26 16:00:00,26,1,1,lunch,clear,5,1,550,188,568.72,1,0.15,0.11228186680249702,0.03771813319750297,1,666.43,99.96,84.76,433.18,48.53,0,0,0
770,107,2026-03-06 11:00:00,6,4,1,late_night,clear,10,1,486,166,343.96,0,0.0,0.0,0.0,0,0.0,0.0,0.0,0.0,0.0,0,0,0
771,107,2026-04-29 08:00:00,29,2,1,lunch,clear,14,2,225,73,503.59,1,0.1,0.06337504955634587,0.03662495044365413,1,569.04,56.9,84.16,369.88,58.1,0,0,0
772,107,2026-06-25 02:00:00,25,3,1,breakfast,extreme,12,2,375,129,325.69,0,0.0,0.0,0.0,1,325.69,0.0,82.06,211.7,31.93,0,0,0
773,107,2026-02-18 01:00:00,18,2,0,late_night,clear,5,3,391,134,438.46,0,0.0,0.0,0.0,0,0.0,0.0,0.0,0.0,0.0,0,0,0
774,108,2026-06-19 00:00:00,19,4,0,lunch,rain,10,1,363,123,366.41,1,0.15,0.10828377461044797,0.041716225389552025,1,428.88,64.33,91.3,278.77,-5.52,0,0,0
775,108,2026-01-30 21:00:00,30,4,1,breakfast,clear,12,1,353,119,370.29,1,0.15,0.09179071005184906,0.05820928994815093,1,433.42,65.01,48.22,281.73,38.46,0,0,0
776,108,2026-02-17 05:00:00,17,1,0,dinner,clear,4,2,41,13,378.71,1,0.05,0.02819105501119722,0.021808944988802783,1,407.28,20.36,45.22,264.73,76.96,1,0,0
777,108,2026-03-14 03:00:00,14,5,0,lunch,clear,8,4,439,151,283.62,0,0.0,0.0,0.0,0,0.0,0.0,0.0,0.0,0.0,0,0,0
778,108,2026-06-15 20:00:00,15,0,0,breakfast,clear,2,4,107,36,245.73,1,0.1,0.06505676375663398,0.034943236243366024,1,277.42,27.74,69.58,180.33,-0.22,0,0,0
779,108,2026-04-07 07:00:00,7,1,1,dinner,clear,12,1,314,105,440.46,0,0.0,0.0,0.0,1,440.46,0.0,80.2,286.3,73.96,0,0,0
780,108,2026-02-04 14:00:00,4,2,1,dinner,rain,6,5,438,150,397.96,1,0.2,0.1904888713960205,0.009511128603979513,1,479.31,95.86,66.34,311.55,5.56,1,0,0
781,108,2026-03-17 12:00:00,17,1,0,dinner,rain,7,2,52,17,309.09,0,0.0,0.0,0.0,0,0.0,0.0,0.0,0.0,0.0,0,0,0
782,108,2026-05-04 01:00:00,4,0,1,late_night,clear,7,1,228,74,270.68,0,0.0,0.0,0.0,0,0.0,0.0,0.0,0.0,0.0,0,0,0
783,108,2026-05-26 18:00:00,26,1,1,dinner,rain,13,2,577,196,458.78,0,0.0,0.0,0.0,1,458.78,0.0,48.34,298.21,112.23,0,0,0
784,108,2026-05-31 19:00:00,31,6,1,late_night,clear,4,1,276,92,323.06,1,0.15,0.07595025708649691,0.07404974291350308,1,378.14,56.72,90.04,245.79,-14.41,1,0,0
785,108,2026-04-30 09:00:00,30,3,1,lunch,rain,13,1,111,37,572.96,1,0.05,0.041553850405848816,0.008446149594151187,0,0.0,0.0,0.0,0.0,0.0,0,0,0
786,108,2026-01-09 00:00:00,9,4,0,breakfast,clear,4,2,409,140,302.97,0,0.0,0.0,0.0,0,0.0,0.0,0.0,0.0,0.0,0,0,0
787,109,2026-06-12 00:00:00,12,4,0,breakfast,rain,14,1,101,34,347.68,0,0.0,0.0,0.0,1,347.68,0.0,57.04,225.99,64.65,0,0,0
788,109,2026-05-12 11:00:00,12,1,0,breakfast,clear,10,3,365,124,467.16,1,0.05,0.029611046193996484,0.02038895380600352,1,485.07,24.25,79.12,315.3,66.4,1,0,0
789,109,2026-04-22 17:00:00,22,2,0,dinner,rain,8,1,128,42,428.94,1,0.15,0.10799938375674834,0.04200061624325166,1,466.11,69.92,52.42,302.97,40.8,0,0,0
790,109,2026-04-01 06:00:00,1,2,1,breakfast,rain,2,3,563,192,291.77,0,0.0,0.0,0.0,1,291.77,0.0,67.06,189.65,35.06,0,0,0
791,109,2026-03-27 22:00:00,27,4,1,lunch,clear,6,2,82,26,413.45,1,0.1,0.06700983401658969,0.03299016598341031,1,440.55,44.06,89.38,286.36,20.76,0,0,0
792,109,2026-05-01 11:00:00,1,4,1,dinner,clear,14,2,119,39,470.25,1,0.1,0.09887892026948367,0.001121079730516339,1,501.08,50.11,85.12,325.7,40.15,1,0,0
793,109,2026-01-16 23:00:00,16,4,0,dinner,clear,2,2,521,178,418.22,0,0.0,0.0,0.0,0,0.0,0.0,0.0,0.0,0.0,0,0,0
794,109,2026-03-19 19:00:00,19,3,0,dinner,clear,3,1,406,139,391.84,1,0.15,0.11823543368050284,0.03176456631949716,1,425.8,63.87,51.58,276.77,33.58,0,0,0
795,109,2026-06-17 05:00:00,17,2,0,lunch,clear,14,2,46,14,430.08,0,0.0,0.0,0.0,1,430.08,0.0,70.78,279.55,79.75,0,0,0
796,109,2026-02-21 09:00:00,21,5,0,breakfast,clear,11,1,350,118,329.12,0,0.0,0.0,0.0,0,0.0,0.0,0.0,0.0,0.0,0,0,0
797,109,2026-02-07 08:00:00,7,5,1,lunch,clear,11,3,202,67,483.51,1,0.1,0.08860845681123367,0.01139154318876634,0,0.0,0.0,0.0,0.0,0.0,0,0,0
798,109,2026-02-27 04:00:00,27,4,1,lunch,clear,10,1,79,25,491.57,0,0.0,0.0,0.0,0,0.0,0.0,0.0,0.0,0.0,0,0,0
799,109,2026-04-09 21:00:00,9,3,0,breakfast,clear,2,1,209,68,405.41,1,0.15,0.10031119376421373,0.04968880623578627,1,440.54,66.08,48.76,286.35,39.35,0,0,0
800,110,2026-02-23 07:00:00,23,0,0,breakfast,clear,7,1,314,105,440.46,1,0.1,0.07415696432967007,0.02584303567032993,1,485.73,48.57,80.2,315.72,41.23,0,0,0
801,110,2026-03-28 21:00:00,28,5,1,lunch,rain,10,1,90,30,431.25,1,0.1,0.0571435444303448,0.04285645556965521,1,475.57,47.56,83.38,309.12,35.51,1,0,0
802,110,2026-02-18 13:00:00,18,2,0,dinner,clear,10,3,561,191,228.08,0,0.0,0.0,0.0,0,0.0,0.0,0.0,0.0,0.0,0,0,0
803,110,2026-05-27 18:00:00,27,2,1,breakfast,clear,5,1,174,57,360.84,1,0.05,0.04045522381304844,0.009544776186951563,1,382.53,19.13,56.14,248.65,58.62,0,0,0
804,111,2026-04-01 01:00:00,1,2,1,late_night,clear,6,1,553,189,404.99,1,0.2,0.1431945591565567,0.0568054408434433,1,463.35,92.67,82.54,301.18,-13.04,0,1,0
805,111,2026-03-05 01:00:00,5,3,1,dinner,clear,13,2,308,103,384.17,1,0.05,0.04356793984816828,0.006432060151831724,1,404.6,20.23,75.94,262.99,45.44,1,0,0
806,111,2026-04-10 19:00:00,10,4,0,dinner,clear,14,2,474,162,409.77,1,0.2,0.19625524960252524,0.0037447503974747665,1,468.82,93.76,76.3,304.73,-5.98,0,0,0
807,111,2026-05-04 22:00:00,4,0,1,late_night,rain,10,3,580,197,288.97,0,0.0,0.0,0.0,0,0.0,0.0,0.0,0.0,0.0,0,0,0
808,111,2026-04-09 21:00:00,9,3,0,late_night,clear,2,5,408,140,346.78,1,0.2,0.14724133768143233,0.052758662318567684,1,396.75,79.35,81.52,257.89,-22.01,0,0,0
809,111,2026-05-25 17:00:00,25,0,1,breakfast,clear,11,2,392,135,314.54,1,0.05,0.025508967817484185,0.024491032182515818,1,331.27,16.56,77.2,215.33,22.18,0,0,0
810,111,2026-03-16 08:00:00,16,0,0,late_night,clear,6,2,427,146,526.27,0,0.0,0.0,0.0,1,526.27,0.0,50.62,342.08,133.57,0,0,0
811,111,2026-05-16 02:00:00,16,5,0,dinner,clear,3,1,390,134,366.59,1,0.1,0.07796895226562583,0.02203104773437417,0,0.0,0.0,0.0,0.0,0.0,0,0,0
812,111,2026-04-13 22:00:00,13,0,0,breakfast,clear,10,2,159,53,379.66,0,0.0,0.0,0.0,0,0.0,0.0,0.0,0.0,0.0,0,0,0
813,111,2026-02-11 11:00:00,11,2,0,late_night,clear,12,1,517,177,466.41,0,0.0,0.0,0.0,1,466.41,0.0,69.82,303.17,93.42,0,0,0
814,111,2026-04-29 14:00:00,29,2,1,lunch,clear,2,3,307,103,414.29,0,0.0,0.0,0.0,0,0.0,0.0,0.0,0.0,0.0,0,0,0
815,111,2026-02-23 06:00:00,23,0,0,lunch,clear,5,3,559,191,467.99,1,0.15,0.11789975210788696,0.032100247892113035,1,524.24,78.64,87.64,340.76,17.21,0,0,0
816,112,2026-04-09 09:00:00,9,3,0,breakfast,clear,14,1,53,17,395.01,1,0.15,0.08859046484717871,0.061409535152821285,1,407.25,61.09,57.1,264.71,24.35,0,0,0
817,112,2026-01-19 10:00:00,19,0,0,lunch,rain,11,1,450,155,358.65,1,0.05,0.03866385176502532,0.011336148234974683,0,0.0,0.0,0.0,0.0,0.0,0,0,0
818,112,2026-06-09 09:00:00,9,1,0,dinner,rain,4,2,461,158,470.93,0,0.0,0.0,0.0,1,470.93,0.0,84.64,306.1,80.19,0,0,0
819,113,2026-02-22 09:00:00,22,6,0,lunch,clear,13,1,308,103,384.17,0,0.0,0.0,0.0,1,384.17,0.0,75.94,249.71,58.52,0,0,0
820,113,2026-06-17 16:00:00,17,2,0,breakfast,rain,10,2,258,85,347.07,1,0.05,0.03440667970934387,0.015593320290656132,1,355.79,17.79,58.78,231.26,47.96,1,0,0
821,113,2026-01-18 17:00:00,18,6,0,dinner,rain,9,1,200,66,365.44,0,0.0,0.0,0.0,1,365.44,0.0,48.64,237.54,79.26,0,0,0
822,113,2026-04-10 23:00:00,10,4,0,late_night,extreme,11,2,113,37,446.27,1,0.1,0.09924749627958543,0.0007525037204145768,0,0.0,0.0,0.0,0.0,0.0,0,0,0
823,113,2026-03-17 06:00:00,17,1,0,dinner,clear,6,1,452,155,457.82,0,0.0,0.0,0.0,0,0.0,0.0,0.0,0.0,0.0,0,0,0
824,113,2026-01-17 04:00:00,17,5,0,breakfast,rain,4,1,565,193,359.54,0,0.0,0.0,0.0,1,359.54,0.0,87.34,233.7,38.5,0,0,0
825,113,2026-06-02 03:00:00,2,1,1,dinner,clear,14,1,282,94,310.14,1,0.15,0.1249668355210501,0.02503316447894989,0,0.0,0.0,0.0,0.0,0.0,0,0,0
826,113,2026-01-02 21:00:00,2,4,1,lunch,rain,4,4,146,48,348.11,1,0.05,0.04715292630208511,0.002847073697914891,0,0.0,0.0,0.0,0.0,0.0,0,0,0
827,113,2026-02-26 04:00:00,26,3,1,lunch,clear,3,2,566,193,300.71,1,0.15,0.14548573293450295,0.004514267065497041,1,317.78,47.67,85.84,206.56,-22.28,0,0,0
828,113,2026-03-24 04:00:00,24,1,0,dinner,clear,3,2,388,134,391.86,0,0.0,0.0,0.0,0,0.0,0.0,0.0,0.0,0.0,0,0,0
829,113,2026-02-03 10:00:00,3,1,1,lunch,extreme,12,1,118,39,439.52,0,0.0,0.0,0.0,1,439.52,0.0,88.12,285.69,65.71,0,0,0
830,114,2026-05-12 20:00:00,12,1,0,late_night,clear,3,2,271,90,376.38,0,0.0,0.0,0.0,0,0.0,0.0,0.0,0.0,0.0,0,0,0
831,114,2026-03-18 07:00:00,18,2,0,dinner,clear,6,2,489,168,352.48,0,0.0,0.0,0.0,0,0.0,0.0,0.0,0.0,0.0,0,0,0
832,114,2026-06-18 13:00:00,18,3,0,dinner,extreme,11,2,41,13,378.71,1,0.2,0.1762253821090695,0.02377461789093052,0,0.0,0.0,0.0,0.0,0.0,0,0,0
833,114,2026-02-20 06:00:00,20,4,0,lunch,rain,11,1,561,191,228.08,0,0.0,0.0,0.0,0,0.0,0.0,0.0,0.0,0.0,0,0,0
834,114,2026-04-04 15:00:00,4,5,1,lunch,clear,7,2,175,57,349.16,1,0.05,0.03046928559165988,0.019530714408340123,1,374.45,18.72,56.14,243.39,56.2,1,0,0
835,114,2026-03-08 10:00:00,8,6,0,dinner,clear,5,2,59,20,453.76,0,0.0,0.0,0.0,0,0.0,0.0,0.0,0.0,0.0,0,0,0
836,115,2026-05-17 12:00:00,17,6,0,late_night,clear,14,1,215,71,481.1,0,0.0,0.0,0.0,0,0.0,0.0,0.0,0.0,0.0,0,0,0
837,115,2026-06-28 16:00:00,28,6,1,breakfast,rain,8,3,101,34,347.68,1,0.2,0.11002845738410745,0.08997154261589256,1,388.82,77.76,57.04,252.73,1.28,0,0,0
838,115,2026-04-25 08:00:00,25,5,1,dinner,clear,12,1,353,119,370.29,0,0.0,0.0,0.0,0,0.0,0.0,0.0,0.0,0.0,0,0,0
839,115,2026-05-02 01:00:00,2,5,1,lunch,clear,2,1,157,52,324.13,1,0.15,0.0803744345528861,0.06962556544711389,1,356.12,53.42,60.64,231.48,10.58,0,0,0
840,115,2026-04-29 08:00:00,29,2,1,dinner,extreme,9,1,66,21,340.92,1,0.2,0.18305710774585884,0.016942892254141168,1,381.26,76.25,87.88,247.82,-30.69,1,0,0
841,115,2026-02-11 00:00:00,11,2,0,breakfast,clear,8,1,373,128,361.15,1,0.1,0.058275120711437416,0.04172487928856259,1,388.11,38.81,60.16,252.27,36.87,0,0,0
842,115,2026-02-23 10:00:00,23,0,0,breakfast,clear,8,4,323,108,364.56,0,0.0,0.0,0.0,0,0.0,0.0,0.0,0.0,0.0,0,0,0
843,115,2026-03-04 15:00:00,4,2,1,lunch,clear,11,4,158,52,277.26,1,0.05,0.032269460899699384,0.01773053910030062,0,0.0,0.0,0.0,0.0,0.0,0,0,0
844,115,2026-02-25 23:00:00,25,2,1,lunch,rain,9,1,270,90,394.25,0,0.0,0.0,0.0,0,0.0,0.0,0.0,0.0,0.0,0,0,0
845,116,2026-04-09 11:00:00,9,3,0,dinner,rain,10,1,552,189,364.68,1,0.05,0.043266934766453394,0.006733065233546609,0,0.0,0.0,0.0,0.0,0.0,0,0,0
846,116,2026-04-06 23:00:00,6,0,1,late_night,clear,7,3,391,134,438.46,1,0.1,0.06765688370715046,0.03234311629284954,1,494.35,49.44,49.18,321.33,74.41,0,0,0
847,116,2026-01-26 09:00:00,26,0,1,dinner,clear,11,1,499,171,410.77,1,0.1,0.060433451306273284,0.03956654869372672,1,463.13,46.31,59.08,301.03,56.7,1,0,0
848,116,2026-01-31 00:00:00,31,5,1,late_night,rain,14,5,170,56,375.86,1,0.05,0.036817981161924355,0.013182018838075647,1,403.89,20.19,67.42,262.53,53.75,0,0,0
849,117,2026-05-02 17:00:00,2,5,1,dinner,clear,3,1,223,73,306.77,0,0.0,0.0,0.0,0,0.0,0.0,0.0,0.0,0.0,0,0,0
850,117,2026-04-26 00:00:00,26,6,1,lunch,clear,11,1,102,34,373.66,1,0.15,0.14175070486579955,0.008249295134200446,1,457.63,68.64,55.54,297.46,35.99,0,0,0
851,118,2026-05-21 18:00:00,21,3,0,breakfast,clear,12,1,106,35,389.07,0,0.0,0.0,0.0,0,0.0,0.0,0.0,0.0,0.0,0,0,0
852,118,2026-03-18 13:00:00,18,2,0,breakfast,clear,2,3,106,35,389.07,0,0.0,0.0,0.0,0,0.0,0.0,0.0,0.0,0.0,0,0,0
853,119,2026-01-23 11:00:00,23,4,0,lunch,clear,12,2,518,177,457.29,1,0.2,0.13977102547885054,0.060228974521149475,1,545.01,109.0,69.82,354.25,11.93,0,0,0
854,119,2026-06-26 16:00:00,26,4,1,late_night,clear,13,1,456,156,339.24,0,0.0,0.0,0.0,0,0.0,0.0,0.0,0.0,0.0,0,0,0
855,119,2026-02-19 04:00:00,19,3,0,breakfast,clear,12,4,210,69,497.03,1,0.15,0.14432476641352712,0.005675233586472872,1,576.55,86.48,49.0,374.76,66.31,0,0,0
856,120,2026-03-28 04:00:00,28,5,1,dinner,clear,3,1,427,146,526.27,1,0.05,0.04258274105930287,0.007417258940697134,1,554.92,27.75,50.62,360.7,115.86,1,0,0
857,120,2026-05-22 03:00:00,22,4,0,dinner,clear,14,2,509,175,364.69,1,0.2,0.10109187128244464,0.09890812871755537,1,418.48,83.7,69.94,272.01,-7.17,0,0,0
858,121,2026-05-11 15:00:00,11,0,0,breakfast,clear,10,3,512,175,411.67,0,0.0,0.0,0.0,1,411.67,0.0,69.94,267.59,74.14,0,0,0
859,121,2026-04-07 21:00:00,7,1,1,dinner,clear,11,2,84,27,443.26,0,0.0,0.0,0.0,0,0.0,0.0,0.0,0.0,0.0,0,0,0
860,121,2026-01-08 06:00:00,8,3,0,lunch,clear,6,4,223,73,306.77,1,0.15,0.12225902430300928,0.027740975696990716,1,351.84,52.78,84.16,228.7,-13.79,1,0,0
861,121,2026-04-27 07:00:00,27,0,1,late_night,clear,2,1,471,161,556.82,0,0.0,0.0,0.0,0,0.0,0.0,0.0,0.0,0.0,0,0,0
862,121,2026-06-22 21:00:00,22,0,0,breakfast,clear,10,3,482,165,337.45,0,0.0,0.0,0.0,0,0.0,0.0,0.0,0.0,0.0,0,0,0
863,121,2026-04-29 03:00:00,29,2,1,late_night,clear,6,1,575,196,499.98,1,0.1,0.08517639868108673,0.014823601318913276,1,555.55,55.56,46.84,361.11,92.05,0,0,0
864,121,2026-03-09 21:00:00,9,0,0,dinner,clear,1,1,251,82,426.08,1,0.2,0.15539385459117805,0.04460614540882196,1,501.14,100.23,85.6,325.74,-10.43,1,0,0
865,122,2026-04-29 10:00:00,29,2,1,breakfast,clear,2,1,157,52,324.13,1,0.2,0.1452854966144134,0.054714503385586616,1,369.99,74.0,60.64,240.49,-5.14,0,0,0
866,122,2026-05-14 21:00:00,14,3,0,late_night,rain,12,1,48,15,613.34,1,0.05,0.04952734930604405,0.00047265069395595327,1,645.36,32.27,57.94,419.49,135.67,0,0,0
867,122,2026-01-31 10:00:00,31,5,1,lunch,clear,3,1,573,195,366.51,1,0.2,0.13088454293538718,0.06911545706461283,1,418.36,83.67,55.9,271.94,6.85,0,0,0
868,122,2026-02-28 07:00:00,28,5,1,dinner,extreme,13,4,479,164,360.53,0,0.0,0.0,0.0,0,0.0,0.0,0.0,0.0,0.0,0,0,0
869,122,2026-04-22 00:00:00,22,2,0,lunch,clear,8,2,350,118,329.12,0,0.0,0.0,0.0,1,329.12,0.0,89.02,213.93,26.17,0,0,0
870,122,2026-01-08 12:00:00,8,3,0,lunch,clear,7,1,35,11,312.68,0,0.0,0.0,0.0,1,312.68,0.0,51.82,203.24,57.62,0,0,0
871,122,2026-05-08 07:00:00,8,4,0,dinner,clear,4,3,154,51,317.65,0,0.0,0.0,0.0,0,0.0,0.0,0.0,0.0,0.0,0,0,0
872,122,2026-03-10 00:00:00,10,1,0,breakfast,extreme,4,3,101,34,347.68,1,0.15,0.11205816469850703,0.03794183530149296,1,388.7,58.31,58.54,252.66,19.2,1,0,0
873,122,2026-04-10 08:00:00,10,4,0,late_night,clear,12,2,187,62,507.74,0,0.0,0.0,0.0,1,507.74,0.0,72.28,330.03,105.43,0,0,0
874,123,2026-06-08 06:00:00,8,0,0,lunch,clear,8,2,29,9,439.47,0,0.0,0.0,0.0,1,439.47,0.0,49.24,285.66,104.57,0,0,0
875,123,2026-04-15 07:00:00,15,2,0,late_night,clear,11,2,118,39,439.52,1,0.2,0.16832718043796835,0.03167281956203166,1,522.31,104.46,85.12,339.5,-6.77,1,0,0
876,123,2026-02-21 04:00:00,21,5,0,breakfast,clear,10,1,330,111,302.15,0,0.0,0.0,0.0,0,0.0,0.0,0.0,0.0,0.0,0,0,0
877,123,2026-02-02 07:00:00,2,0,1,lunch,rain,10,1,401,138,355.52,0,0.0,0.0,0.0,0,0.0,0.0,0.0,0.0,0.0,0,0,0
878,123,2026-01-20 20:00:00,20,1,0,dinner,clear,12,3,278,93,308.37,1,0.15,0.1352193476386159,0.014780652361384095,1,356.81,53.52,72.76,231.93,-1.4,0,0,0
879,123,2026-05-22 13:00:00,22,4,0,breakfast,extreme,10,1,279,93,516.93,0,0.0,0.0,0.0,0,0.0,0.0,0.0,0.0,0.0,0,0,0
880,123,2026-06-09 04:00:00,9,1,0,late_night,clear,4,2,375,129,325.69,0,0.0,0.0,0.0,0,0.0,0.0,0.0,0.0,0.0,0,0,0
881,123,2026-05-26 12:00:00,26,1,1,late_night,clear,5,1,232,75,315.54,1,0.15,0.09899876554244477,0.05100123445755522,1,365.11,54.77,67.9,237.32,5.12,0,0,0
882,123,2026-05-13 12:00:00,13,2,0,late_night,clear,4,3,572,195,327.24,1,0.05,0.03806700709530564,0.011932992904694364,1,349.99,17.5,55.9,227.49,49.1,1,0,0
883,123,2026-03-09 21:00:00,9,0,0,lunch,clear,13,2,71,23,526.88,1,0.15,0.09369006880815357,0.05630993119184642,1,609.65,91.45,89.32,396.27,32.61,0,0,0
884,124,2026-02-13 20:00:00,13,4,0,lunch,clear,13,2,500,172,443.27,1,0.1,0.07346668654218964,0.026533313457810362,1,481.94,48.19,65.98,313.26,54.5,0,0,0
885,124,2026-02-14 11:00:00,14,5,0,late_night,rain,14,1,522,178,248.13,0,0.0,0.0,0.0,0,0.0,0.0,0.0,0.0,0.0,0,0,0
886,124,2026-02-11 11:00:00,11,2,0,late_night,extreme,3,1,306,102,364.7,1,0.05,0.02611249860947287,0.023887501390527133,1,383.31,19.17,63.46,249.15,51.53,1,0,0
887,124,2026-05-03 04:00:00,3,6,1,dinner,rain,7,2,89,30,399.84,1,0.15,0.12258610974958778,0.027413890250412215,1,445.95,66.89,83.38,289.87,5.81,0,0,0
888,124,2026-04-29 06:00:00,29,2,1,dinner,clear,4,2,488,167,559.81,1,0.2,0.11015187743870114,0.08984812256129887,1,637.21,127.44,47.08,414.19,48.5,1,0,0
889,124,2026-01-09 22:00:00,9,4,0,breakfast,clear,13,1,241,78,460.55,1,0.2,0.18927988210185492,0.010720117898145087,1,524.23,104.85,78.7,340.75,-0.07,0,0,0
890,125,2026-03-13 12:00:00,13,4,0,late_night,clear,8,1,519,178,302.78,1,0.05,0.03423175386048392,0.015768246139516086,1,321.08,16.05,64.54,208.7,31.78,1,0,0
891,125,2026-01-08 06:00:00,8,3,0,lunch,clear,13,1,463,158,372.27,1,0.2,0.16638359960476626,0.03361640039523375,1,433.22,86.64,83.14,281.59,-18.16,0,0,0
892,125,2026-06-22 17:00:00,22,0,0,late_night,rain,1,1,386,133,329.4,1,0.2,0.1504987816348353,0.04950121836516472,1,383.33,76.67,75.04,249.16,-17.54,0,0,0
893,125,2026-03-09 09:00:00,9,0,0,breakfast,clear,10,3,72,23,541.6,1,0.15,0.08673389864149768,0.06326610135850232,1,615.56,92.33,89.32,400.11,33.79,0,0,0
894,125,2026-01-13 00:00:00,13,1,0,late_night,rain,14,1,285,95,412.22,0,0.0,0.0,0.0,0,0.0,0.0,0.0,0.0,0.0,0,0,0
895,125,2026-05-14 21:00:00,14,3,0,dinner,clear,8,1,29,9,439.47,1,0.15,0.10502590568614377,0.044974094313856225,1,499.48,74.92,49.24,324.66,50.66,0,0,0
896,125,2026-01-10 14:00:00,10,5,0,lunch,clear,13,1,514,176,436.88,0,0.0,0.0,0.0,0,0.0,0.0,0.0,0.0,0.0,0,0,0
897,125,2026-02-02 20:00:00,2,0,1,late_night,clear,12,1,103,34,391.16,0,0.0,0.0,0.0,1,391.16,0.0,55.54,254.25,81.37,0,0,0
898,125,2026-01-28 07:00:00,28,2,1,lunch,extreme,6,1,341,115,349.17,1,0.2,0.16858887200610423,0.03141112799389578,1,406.34,81.27,86.5,264.12,-25.55,1,0,0
899,125,2026-03-25 13:00:00,25,2,1,breakfast,clear,3,1,452,155,457.82,1,0.2,0.14551466254382317,0.05448533745617684,1,532.77,106.55,72.04,346.3,7.88,0,0,0
900,125,2026-05-14 04:00:00,14,3,0,late_night,clear,11,1,76,24,373.62,1,0.05,0.03773552603426288,0.01226447396573712,0,0.0,0.0,0.0,0.0,0.0,0,0,0
901,126,2026-04-13 03:00:00,13,0,0,lunch,clear,6,1,540,185,437.06,0,0.0,0.0,0.0,0,0.0,0.0,0.0,0.0,0.0,0,0,0
902,126,2026-03-18 17:00:00,18,2,0,breakfast,clear,13,1,288,97,518.36,0,0.0,0.0,0.0,0,0.0,0.0,0.0,0.0,0.0,0,0,0
903,126,2026-03-14 07:00:00,14,5,0,lunch,clear,13,1,571,194,573.77,1,0.1,0.08723359161649287,0.012766408383507136,1,668.86,66.89,80.32,434.76,86.9,0,0,0
904,126,2026-01-28 22:00:00,28,2,1,breakfast,rain,1,1,151,50,465.33,0,0.0,0.0,0.0,0,0.0,0.0,0.0,0.0,0.0,0,0,0
905,126,2026-01-04 15:00:00,4,6,1,dinner,rain,3,1,494,170,372.46,1,0.2,0.12409726573208309,0.07590273426791692,1,470.3,94.06,61.66,305.69,8.88,0,0,0
906,126,2026-01-07 07:00:00,7,2,1,dinner,clear,11,1,235,76,242.38,1,0.2,0.10106419764056454,0.09893580235943547,1,306.05,61.21,53.26,198.93,-7.35,0,0,0
907,126,2026-01-23 10:00:00,23,4,0,late_night,extreme,8,2,411,140,433.0,1,0.2,0.1724466082570819,0.0275533917429181,1,546.74,109.35,84.52,355.38,-2.51,1,0,0
908,126,2026-02-15 11:00:00,15,6,0,breakfast,clear,5,4,510,175,422.52,1,0.1,0.06587700828724638,0.034122991712753625,1,492.54,49.25,69.94,320.15,53.2,0,0,0
909,126,2026-02-09 05:00:00,9,0,0,dinner,clear,5,2,521,178,418.22,1,0.1,0.09569552723218187,0.004304472767818132,1,487.53,48.75,64.54,316.9,57.34,0,0,0
910,126,2026-04-13 18:00:00,13,0,0,dinner,rain,9,2,514,176,436.88,0,0.0,0.0,0.0,0,0.0,0.0,0.0,0.0,0.0,0,0,0
911,127,2026-06-25 13:00:00,25,3,1,lunch,clear,12,2,89,30,399.84,0,0.0,0.0,0.0,0,0.0,0.0,0.0,0.0,0.0,0,0,0
912,127,2026-04-07 19:00:00,7,1,1,lunch,clear,1,1,25,7,464.09,1,0.2,0.14479082946224608,0.05520917053775393,1,595.14,119.03,82.3,386.84,6.97,0,0,0
913,128,2026-06-10 15:00:00,10,2,0,dinner,extreme,10,2,122,40,339.12,0,0.0,0.0,0.0,0,0.0,0.0,0.0,0.0,0.0,0,0,0
914,128,2026-03-01 03:00:00,1,6,1,lunch,clear,7,1,383,132,348.19,1,0.05,0.04676619520038577,0.0032338047996142358,1,366.18,18.31,56.5,238.02,53.35,1,0,0
915,128,2026-01-12 18:00:00,12,0,0,lunch,rain,9,2,207,68,306.93,1,0.1,0.07148471219754429,0.028515287802455713,1,334.04,33.4,50.26,217.13,33.25,0,0,0
916,128,2026-06-11 16:00:00,11,3,0,dinner,clear,11,1,22,6,381.97,0,0.0,0.0,0.0,1,381.97,0.0,79.06,248.28,54.63,0,0,0
917,128,2026-05-18 03:00:00,18,0,0,breakfast,extreme,12,4,429,146,459.99,1,0.15,0.09067260436595345,0.05932739563404654,1,513.7,77.05,53.62,333.9,49.12,0,0,0
918,128,2026-04-29 00:00:00,29,2,1,late_night,rain,14,1,383,132,348.19,0,0.0,0.0,0.0,1,348.19,0.0,58.0,226.32,63.87,0,0,0
919,128,2026-02-26 13:00:00,26,3,1,late_night,clear,14,4,110,37,304.85,0,0.0,0.0,0.0,0,0.0,0.0,0.0,0.0,0.0,0,0,0
920,128,2026-03-19 13:00:00,19,3,0,lunch,clear,5,1,141,47,343.49,1,0.05,0.02796981619773724,0.02203018380226276,0,0.0,0.0,0.0,0.0,0.0,0,0,0
921,128,2026-02-15 16:00:00,15,6,0,late_night,clear,5,4,268,89,373.97,0,0.0,0.0,0.0,0,0.0,0.0,0.0,0.0,0.0,0,0,0
922,128,2026-04-03 04:00:00,3,4,1,breakfast,extreme,6,4,526,180,528.36,0,0.0,0.0,0.0,1,528.36,0.0,80.86,343.43,104.07,0,0,0
923,128,2026-02-13 19:00:00,13,4,0,dinner,clear,6,2,197,65,394.82,0,0.0,0.0,0.0,1,394.82,0.0,56.92,256.63,81.27,0,0,0
924,129,2026-06-01 14:00:00,1,0,1,dinner,clear,10,2,187,62,507.74,1,0.05,0.03903696692639845,0.010963033073601552,0,0.0,0.0,0.0,0.0,0.0,0,0,0
925,129,2026-04-28 06:00:00,28,1,1,late_night,clear,11,1,404,138,351.02,1,0.1,0.07793303763548932,0.02206696236451068,1,388.1,38.81,50.2,252.27,46.83,1,0,0
926,129,2026-02-17 07:00:00,17,1,0,late_night,rain,1,1,548,187,387.3,1,0.1,0.09364360631104707,0.006356393688952938,1,428.21,42.82,79.24,278.34,27.81,0,0,0
927,129,2026-02-20 21:00:00,20,4,0,dinner,clear,1,1,259,85,416.73,1,0.15,0.12046227398099885,0.029537726019001148,1,474.92,71.24,57.28,308.7,37.7,0,0,0
928,129,2026-05-23 12:00:00,23,5,0,late_night,clear,8,1,401,138,355.52,0,0.0,0.0,0.0,0,0.0,0.0,0.0,0.0,0.0,0,0,0
929,129,2026-05-30 22:00:00,30,5,1,lunch,clear,5,2,117,38,339.09,1,0.2,0.1586786119100171,0.041321388089982924,1,395.86,79.17,46.0,257.31,13.38,0,0,0
930,129,2026-02-04 15:00:00,4,2,1,late_night,clear,9,1,67,22,343.91,0,0.0,0.0,0.0,0,0.0,0.0,0.0,0.0,0.0,0,0,0
931,129,2026-05-30 04:00:00,30,5,1,lunch,clear,11,1,221,72,545.2,0,0.0,0.0,0.0,0,0.0,0.0,0.0,0.0,0.0,0,0,0
932,130,2026-01-15 03:00:00,15,3,0,late_night,clear,1,1,45,14,456.27,0,0.0,0.0,0.0,0,0.0,0.0,0.0,0.0,0.0,0,0,0
933,130,2026-03-24 10:00:00,24,1,0,late_night,clear,11,1,179,59,330.4,1,0.15,0.11202852442806364,0.03797147557193635,1,400.61,60.09,58.48,260.39,21.64,0,0,0
934,130,2026-04-22 14:00:00,22,2,0,breakfast,clear,3,2,549,188,505.49,1,0.05,0.048442014692945665,0.0015579853070543381,1,553.02,27.65,84.76,359.46,81.15,0,0,0
935,130,2026-06-26 05:00:00,26,4,1,dinner,clear,11,3,100,33,426.11,0,0.0,0.0,0.0,0,0.0,0.0,0.0,0.0,0.0,0,0,0
936,130,2026-06-19 08:00:00,19,4,0,lunch,clear,10,2,202,67,483.51,1,0.05,0.03535484550209265,0.014645154497907355,1,528.97,26.45,65.62,343.83,93.07,0,0,0
937,130,2026-02-07 07:00:00,7,5,1,late_night,clear,9,1,16,4,481.46,1,0.15,0.09088984356315434,0.059110156436845654,1,583.76,87.56,70.0,379.45,46.75,0,0,0
938,130,2026-03-24 00:00:00,24,1,0,late_night,clear,13,2,157,52,324.13,0,0.0,0.0,0.0,0,0.0,0.0,0.0,0.0,0.0,0,0,0
939,130,2026-04-05 17:00:00,5,6,1,late_night,clear,1,2,558,191,360.12,0,0.0,0.0,0.0,1,360.12,0.0,87.64,234.08,38.4,0,0,0
940,130,2026-04-25 17:00:00,25,5,1,breakfast,clear,9,2,337,114,325.94,1,0.15,0.07570781439240934,0.07429218560759066,1,395.2,59.28,79.0,256.88,0.04,1,0,0
941,130,2026-02-28 16:00:00,28,5,1,lunch,clear,6,1,294,99,361.09,1,0.1,0.0842814060654603,0.015718593934539712,1,419.13,41.91,68.08,272.44,36.7,0,0,0
942,130,2026-05-25 04:00:00,25,0,1,breakfast,clear,11,2,95,32,503.4,0,0.0,0.0,0.0,0,0.0,0.0,0.0,0.0,0.0,0,0,0
943,131,2026-05-02 05:00:00,2,5,1,lunch,rain,1,1,199,66,326.09,0,0.0,0.0,0.0,0,0.0,0.0,0.0,0.0,0.0,0,0,0
944,131,2026-01-23 06:00:00,23,4,0,lunch,clear,5,1,282,94,310.14,0,0.0,0.0,0.0,0,0.0,0.0,0.0,0.0,0.0,0,0,0
945,131,2026-02-23 05:00:00,23,0,0,late_night,rain,6,1,234,76,237.76,1,0.2,0.15145508981079595,0.048544910189204066,1,272.81,54.56,54.76,177.32,-13.84,0,0,0
946,131,2026-06-14 03:00:00,14,6,0,late_night,rain,7,1,25,7,464.09,1,0.15,0.12536701497264807,0.024632985027351922,1,521.15,78.17,83.8,338.75,20.43,0,0,0
947,131,2026-02-16 15:00:00,16,0,0,breakfast,rain,5,1,105,35,354.06,1,0.05,0.03269233998005179,0.017307660019948212,1,373.32,18.67,83.02,242.66,28.98,1,0,0
948,131,2026-04-20 10:00:00,20,0,0,breakfast,rain,13,3,329,111,439.94,0,0.0,0.0,0.0,1,439.94,0.0,61.3,285.96,92.68,0,0,0
949,131,2026-04-19 20:00:00,19,6,0,breakfast,extreme,12,1,235,76,242.38,0,0.0,0.0,0.0,0,0.0,0.0,0.0,0.0,0.0,0,0,0
950,131,2026-02-07 20:00:00,7,5,1,late_night,clear,6,1,183,60,258.03,0,0.0,0.0,0.0,0,0.0,0.0,0.0,0.0,0.0,0,0,0
951,131,2026-04-18 13:00:00,18,5,0,dinner,clear,6,1,453,156,246.22,1,0.05,0.031659789277075974,0.01834021072292403,1,259.62,12.98,86.92,168.75,-9.04,1,0,0
952,131,2026-03-21 16:00:00,21,5,0,late_night,extreme,12,3,276,92,323.06,0,0.0,0.0,0.0,0,0.0,0.0,0.0,0.0,0.0,0,0,0
953,131,2026-05-25 10:00:00,25,0,1,dinner,clear,4,2,571,194,573.77,0,0.0,0.0,0.0,1,573.77,0.0,80.32,372.95,120.5,0,0,0
954,131,2026-01-13 11:00:00,13,1,0,dinner,clear,8,5,260,86,580.54,1,0.05,0.038317872191441144,0.01168212780855886,0,0.0,0.0,0.0,0.0,0.0,0,0,0
955,131,2026-01-07 13:00:00,7,2,1,breakfast,clear,10,2,458,157,403.97,1,0.05,0.030174020535549184,0.01982597946445082,0,0.0,0.0,0.0,0.0,0.0,0,0,0
956,132,2026-02-12 03:00:00,12,3,0,breakfast,clear,9,1,230,75,383.59,0,0.0,0.0,0.0,0,0.0,0.0,0.0,0.0,0.0,0,0,0
957,132,2026-05-09 14:00:00,9,5,0,breakfast,rain,13,1,209,68,405.41,0,0.0,0.0,0.0,0,0.0,0.0,0.0,0.0,0.0,0,0,0
958,132,2026-06-24 04:00:00,24,2,0,late_night,clear,7,1,504,173,315.59,1,0.05,0.038554411969685766,0.011445588030314237,1,325.7,16.28,70.12,211.7,27.59,0,0,0
959,132,2026-05-12 06:00:00,12,1,0,lunch,clear,2,1,461,158,470.93,0,0.0,0.0,0.0,0,0.0,0.0,0.0,0.0,0.0,0,0,0
960,132,2026-06-01 05:00:00,1,0,1,breakfast,clear,1,1,133,44,257.6,0,0.0,0.0,0.0,1,257.6,0.0,73.3,167.44,16.86,0,0,0
961,132,2026-03-04 01:00:00,4,2,1,dinner,clear,5,3,255,84,426.05,0,0.0,0.0,0.0,0,0.0,0.0,0.0,0.0,0.0,0,0,0
962,132,2026-02-28 08:00:00,28,5,1,lunch,rain,10,2,119,39,470.25,1,0.05,0.044792758453832834,0.005207241546167168,0,0.0,0.0,0.0,0.0,0.0,0,0,0
963,132,2026-02-15 14:00:00,15,6,0,lunch,clear,7,1,223,73,306.77,0,0.0,0.0,0.0,0,0.0,0.0,0.0,0.0,0.0,0,0,0
964,132,2026-01-20 01:00:00,20,1,0,breakfast,clear,5,1,190,63,989.89,1,0.05,0.030153960025616367,0.019846039974383636,1,1021.59,51.08,87.88,664.03,218.6,0,0,0
965,132,2026-06-24 21:00:00,24,2,0,breakfast,clear,1,2,439,151,283.62,0,0.0,0.0,0.0,0,0.0,0.0,0.0,0.0,0.0,0,0,0
966,133,2026-05-29 20:00:00,29,4,1,lunch,clear,11,4,300,101,352.16,1,0.2,0.1200608701566984,0.0799391298433016,1,418.72,83.74,72.4,272.17,-9.59,0,0,0
967,134,2026-05-20 15:00:00,20,2,0,lunch,rain,2,1,47,14,362.77,1,0.1,0.06936454044896252,0.030635459551037483,1,404.81,40.48,72.28,263.12,28.92,0,0,0
968,134,2026-02-12 09:00:00,12,3,0,breakfast,rain,7,5,360,122,593.1,0,0.0,0.0,0.0,0,0.0,0.0,0.0,0.0,0.0,0,0,0
969,134,2026-01-10 08:00:00,10,5,0,breakfast,clear,10,1,47,14,362.77,1,0.05,0.034923373468507005,0.015076626531492998,0,0.0,0.0,0.0,0.0,0.0,0,0,0
970,134,2026-02-07 15:00:00,7,5,1,lunch,clear,13,1,318,107,312.54,0,0.0,0.0,0.0,1,312.54,0.0,62.98,203.15,46.41,0,0,0
971,135,2026-04-27 00:00:00,27,0,1,late_night,clear,1,2,2,0,467.58,0,0.0,0.0,0.0,1,467.58,0.0,46.18,303.93,117.47,0,0,0
972,135,2026-01-30 15:00:00,30,4,1,breakfast,rain,7,1,340,115,313.38,0,0.0,0.0,0.0,0,0.0,0.0,0.0,0.0,0.0,0,0,0
973,135,2026-02-24 17:00:00,24,1,0,late_night,clear,5,1,261,86,381.66,1,0.15,0.13658887135544157,0.013411128644558429,1,420.43,63.06,73.0,273.28,11.09,0,0,0
974,135,2026-03-14 18:00:00,14,5,0,late_night,clear,14,5,528,180,430.97,0,0.0,0.0,0.0,0,0.0,0.0,0.0,0.0,0.0,0,0,0
975,135,2026-04-24 14:00:00,24,4,0,dinner,clear,14,1,166,55,410.42,0,0.0,0.0,0.0,0,0.0,0.0,0.0,0.0,0.0,0,0,0
976,135,2026-02-20 21:00:00,20,4,0,lunch,clear,10,2,209,68,405.41,1,0.15,0.12748721896688467,0.022512781033115326,1,446.59,66.99,48.76,290.28,40.56,1,0,0
977,136,2026-02-15 14:00:00,15,6,0,lunch,clear,10,1,397,136,376.44,0,0.0,0.0,0.0,0,0.0,0.0,0.0,0.0,0.0,0,0,0
978,136,2026-03-28 19:00:00,28,5,1,dinner,clear,11,1,534,182,526.78,0,0.0,0.0,0.0,0,0.0,0.0,0.0,0.0,0.0,0,0,0
979,136,2026-01-27 15:00:00,27,1,1,lunch,clear,7,1,59,20,453.76,0,0.0,0.0,0.0,0,0.0,0.0,0.0,0.0,0.0,0,0,0
980,136,2026-02-02 09:00:00,2,0,1,late_night,clear,3,1,196,65,501.99,1,0.1,0.08851234568662743,0.011487654313372578,1,563.92,56.39,56.92,366.55,84.06,0,0,0
981,136,2026-04-25 19:00:00,25,5,1,dinner,clear,13,1,465,159,428.08,1,0.15,0.11315884557017727,0.03684115442982272,1,497.89,74.68,51.7,323.63,47.88,0,0,0
982,136,2026-03-05 02:00:00,5,3,1,late_night,clear,13,4,202,67,483.51,1,0.2,0.11324905380490585,0.08675094619509416,1,578.05,115.61,65.62,375.73,21.09,0,0,0
983,136,2026-01-03 15:00:00,3,5,1,lunch,clear,12,2,540,185,437.06,1,0.1,0.07404602814295112,0.025953971857048883,1,490.98,49.1,74.56,319.14,48.18,0,0,0
984,136,2026-02-16 02:00:00,16,0,0,dinner,clear,10,3,458,157,403.97,0,0.0,0.0,0.0,1,403.97,0.0,67.24,262.58,74.15,0,0,0
985,137,2026-04-27 21:00:00,27,0,1,late_night,clear,13,1,433,148,337.93,1,0.2,0.13335494100487014,0.06664505899512987,1,379.95,75.99,79.36,246.97,-22.37,0,0,0
986,137,2026-04-10 19:00:00,10,4,0,breakfast,clear,13,1,383,132,348.19,0,0.0,0.0,0.0,0,0.0,0.0,0.0,0.0,0.0,0,0,0
987,137,2026-01-22 00:00:00,22,3,0,lunch,clear,3,1,66,21,340.92,1,0.05,0.04212483912837697,0.00787516087162303,1,356.56,17.83,84.88,231.77,22.09,0,0,0
988,137,2026-05-06 00:00:00,6,2,1,late_night,clear,5,3,496,171,425.35,0,0.0,0.0,0.0,0,0.0,0.0,0.0,0.0,0.0,0,0,0
989,137,2026-01-12 09:00:00,12,0,0,late_night,clear,9,3,418,143,386.26,0,0.0,0.0,0.0,1,386.26,0.0,70.36,251.07,64.83,0,0,0
990,137,2026-01-13 11:00:00,13,1,0,late_night,extreme,13,1,309,104,417.27,0,0.0,0.0,0.0,0,0.0,0.0,0.0,0.0,0.0,0,0,0
991,137,2026-03-12 03:00:00,12,3,0,lunch,clear,13,1,234,76,237.76,1,0.1,0.09341396931584156,0.006586030684158445,0,0.0,0.0,0.0,0.0,0.0,0,0,0
992,138,2026-04-28 22:00:00,28,1,1,dinner,clear,1,2,2,0,467.58,1,0.15,0.12337935283649704,0.02662064716350296,1,544.92,81.74,46.18,354.2,62.8,0,0,0
993,139,2026-06-22 06:00:00,22,0,0,late_night,clear,9,4,136,45,379.51,1,0.1,0.08842094060785348,0.011579059392146526,0,0.0,0.0,0.0,0.0,0.0,0,0,0
994,139,2026-04-21 15:00:00,21,1,0,dinner,clear,9,1,279,93,516.93,0,0.0,0.0,0.0,0,0.0,0.0,0.0,0.0,0.0,0,0,0
995,139,2026-05-05 13:00:00,5,1,1,lunch,clear,3,2,312,105,471.86,0,0.0,0.0,0.0,0,0.0,0.0,0.0,0.0,0.0,0,0,0
996,139,2026-01-21 19:00:00,21,2,0,lunch,clear,4,2,187,62,507.74,0,0.0,0.0,0.0,0,0.0,0.0,0.0,0.0,0.0,0,0,0
997,139,2026-03-21 17:00:00,21,5,0,dinner,rain,7,2,86,28,398.14,0,0.0,0.0,0.0,0,0.0,0.0,0.0,0.0,0.0,0,0,0
998,139,2026-06-01 05:00:00,1,0,1,dinner,clear,14,1,55,18,281.2,1,0.2,0.18283875070414396,0.01716124929585605,1,322.74,64.55,71.62,209.78,-23.21,1,0,0
999,139,2026-03-12 19:00:00,12,3,0,dinner,rain,4,1,147,49,505.44,1,0.15,0.1484190597023407,0.001580940297659289,1,567.72,85.16,65.44,369.02,48.1,0,0,0
1000,139,2026-05-15 04:00:00,15,4,0,late_night,extreme,13,5,132,43,321.82,1,0.05,0.02815894854138823,0.021841051458611774,1,339.37,16.97,70.48,220.59,31.33,0,0,0
1001,139,2026-02-20 16:00:00,20,4,0,dinner,clear,5,1,408,140,346.78,0,0.0,0.0,0.0,1,346.78,0.0,81.52,225.41,39.85,0,0,0
1002,140,2026-03-16 16:00:00,16,0,0,lunch,clear,12,1,120,39,415.81,1,0.1,0.08291396515081394,0.01708603484918607,1,465.42,46.54,85.12,302.52,31.23,1,0,0
1003,140,2026-03-16 06:00:00,16,0,0,late_night,clear,6,2,204,67,507.77,0,0.0,0.0,0.0,0,0.0,0.0,0.0,0.0,0.0,0,0,0
1004,140,2026-02-05 21:00:00,5,3,1,late_night,clear,8,1,37,11,363.11,0,0.0,0.0,0.0,0,0.0,0.0,0.0,0.0,0.0,0,0,0
1005,140,2026-01-10 14:00:00,10,5,0,dinner,clear,3,1,376,129,469.03,1,0.2,0.1653106717429853,0.03468932825701471,1,557.72,111.54,79.06,362.52,4.6,0,0,0
1006,140,2026-05-16 15:00:00,16,5,0,dinner,clear,1,2,11,3,382.03,0,0.0,0.0,0.0,1,382.03,0.0,55.84,248.32,77.87,0,0,0
1007,140,2026-03-16 18:00:00,16,0,0,late_night,rain,8,2,47,14,362.77,1,0.05,0.04411665269877671,0.005883347301223293,0,0.0,0.0,0.0,0.0,0.0,0,0,0
1008,140,2026-05-06 19:00:00,6,2,1,late_night,rain,12,3,143,47,404.73,0,0.0,0.0,0.0,0,0.0,0.0,0.0,0.0,0.0,0,0,0
1009,140,2026-03-30 02:00:00,30,0,1,late_night,rain,8,1,19,6,523.49,1,0.15,0.13244266062298768,0.017557339377012315,1,606.05,90.91,80.56,393.93,40.65,0,0,0
1010,140,2026-05-08 03:00:00,8,4,0,lunch,clear,6,2,431,147,375.56,1,0.05,0.03528577634540939,0.01471422365459061,1,401.77,20.09,87.64,261.15,32.89,1,0,0
1011,140,2026-02-21 13:00:00,21,5,0,lunch,rain,4,1,445,153,277.25,1,0.15,0.10686035084853411,0.043139649151465884,1,320.98,48.15,80.38,208.63,-16.18,1,0,0
1012,140,2026-02-16 20:00:00,16,0,0,dinner,clear,7,1,222,73,368.75,0,0.0,0.0,0.0,1,368.75,0.0,84.16,239.69,44.9,0,0,0
1013,141,2026-04-28 05:00:00,28,1,1,late_night,clear,7,1,201,66,380.12,1,0.15,0.14559541275514673,0.004404587244853264,1,454.96,68.24,47.14,295.72,43.85,0,0,0
1014,141,2026-06-28 10:00:00,28,6,1,breakfast,clear,1,1,91,31,333.01,0,0.0,0.0,0.0,0,0.0,0.0,0.0,0.0,0.0,0,0,0
1015,141,2026-04-29 23:00:00,29,2,1,breakfast,clear,9,2,403,138,375.94,1,0.15,0.08786314106664113,0.062136858933358866,1,449.96,67.49,50.2,292.47,39.79,0,0,0
1016,141,2026-03-11 11:00:00,11,2,0,lunch,clear,9,4,50,16,341.45,1,0.2,0.18998826015764544,0.010011739842354567,1,422.05,84.41,53.62,274.34,9.69,0,0,0
1017,141,2026-04-03 22:00:00,3,4,1,breakfast,clear,1,5,308,103,384.17,0,0.0,0.0,0.0,0,0.0,0.0,0.0,0.0,0.0,0,0,0
1018,141,2026-01-17 18:00:00,17,5,0,breakfast,rain,9,2,511,175,535.27,0,0.0,0.0,0.0,1,535.27,0.0,71.44,347.93,115.9,0,0,0
1019,141,2026-04-04 20:00:00,4,5,1,lunch,clear,1,1,242,78,538.55,0,0.0,0.0,0.0,1,538.55,0.0,78.7,350.06,109.79,0,0,0
1020,142,2026-03-23 14:00:00,23,0,0,dinner,clear,14,3,258,85,347.07,0,0.0,0.0,0.0,0,0.0,0.0,0.0,0.0,0.0,0,0,0
1021,142,2026-01-03 06:00:00,3,5,1,dinner,clear,3,2,402,138,434.21,0,0.0,0.0,0.0,0,0.0,0.0,0.0,0.0,0.0,0,0,0
1022,142,2026-05-21 00:00:00,21,3,0,dinner,clear,6,1,292,98,326.18,1,0.2,0.16732730868835563,0.03267269131164438,1,372.25,74.45,49.48,241.96,6.36,0,0,0
1023,142,2026-06-24 05:00:00,24,2,0,dinner,clear,3,1,303,102,431.39,1,0.1,0.07120713229534836,0.028792867704651642,1,469.83,46.98,60.46,305.39,57.0,0,0,0
1024,142,2026-01-18 11:00:00,18,6,0,dinner,rain,14,5,132,43,321.82,0,0.0,0.0,0.0,1,321.82,0.0,68.98,209.18,43.66,0,0,0
1025,142,2026-06-23 18:00:00,23,1,0,breakfast,clear,14,1,503,173,309.83,0,0.0,0.0,0.0,0,0.0,0.0,0.0,0.0,0.0,0,0,0
1026,142,2026-03-06 09:00:00,6,4,1,late_night,rain,7,1,276,92,323.06,1,0.2,0.11016581629364537,0.08983418370635464,1,368.68,73.74,91.54,239.65,-36.24,0,0,0
1027,142,2026-04-16 22:00:00,16,3,0,dinner,clear,5,2,154,51,317.65,0,0.0,0.0,0.0,0,0.0,0.0,0.0,0.0,0.0,0,0,0
1028,142,2026-03-19 03:00:00,19,3,0,lunch,clear,11,1,18,5,453.72,0,0.0,0.0,0.0,0,0.0,0.0,0.0,0.0,0.0,0,0,0
1029,142,2026-05-22 09:00:00,22,4,0,dinner,rain,9,1,220,72,668.5,0,0.0,0.0,0.0,0,0.0,0.0,0.0,0.0,0.0,0,0,0
1030,142,2026-05-27 17:00:00,27,2,1,breakfast,clear,4,1,404,138,351.02,0,0.0,0.0,0.0,0,0.0,0.0,0.0,0.0,0.0,0,0,0
1031,142,2026-02-16 11:00:00,16,0,0,breakfast,clear,3,4,288,97,518.36,1,0.05,0.029651117283486697,0.020348882716513306,0,0.0,0.0,0.0,0.0,0.0,0,0,0
1032,142,2026-03-17 23:00:00,17,1,0,dinner,rain,6,4,271,90,376.38,0,0.0,0.0,0.0,0,0.0,0.0,0.0,0.0,0.0,0,0,0
1033,142,2026-06-24 12:00:00,24,2,0,breakfast,clear,5,1,79,25,491.57,1,0.05,0.049408859637512875,0.0005911403624871275,1,517.19,25.86,82.3,336.17,72.86,0,0,0
1034,143,2026-06-03 04:00:00,3,2,1,lunch,clear,4,3,527,180,602.61,1,0.2,0.1991374382285508,0.0008625617714492217,1,688.76,137.75,77.86,447.69,25.45,0,0,0
1035,143,2026-05-15 12:00:00,15,4,0,breakfast,clear,7,1,40,12,466.1,0,0.0,0.0,0.0,1,466.1,0.0,79.96,302.97,83.17,0,0,0
1036,143,2026-03-22 23:00:00,22,6,0,dinner,rain,9,1,240,78,339.14,1,0.2,0.11032513638763582,0.0896748636123642,1,387.62,77.52,80.2,251.95,-22.06,1,0,0
1037,143,2026-01-18 17:00:00,18,6,0,late_night,extreme,9,1,346,117,414.91,1,0.15,0.09928739387478962,0.05071260612521038,1,464.38,69.66,80.2,301.85,12.68,1,0,0
1038,143,2026-04-06 01:00:00,6,0,1,breakfast,clear,9,2,527,180,602.61,0,0.0,0.0,0.0,1,602.61,0.0,77.86,391.7,133.05,0,0,0
1039,143,2026-02-20 20:00:00,20,4,0,breakfast,clear,3,1,278,93,308.37,1,0.15,0.13314795850152694,0.016852041498473053,1,345.14,51.77,72.76,224.34,-3.73,1,0,0
1040,143,2026-05-09 13:00:00,9,5,0,breakfast,clear,13,2,231,75,429.49,0,0.0,0.0,0.0,1,429.49,0.0,67.9,279.17,82.42,0,0,0
1041,143,2026-01-15 11:00:00,15,3,0,breakfast,clear,2,2,33,10,294.15,0,0.0,0.0,0.0,0,0.0,0.0,0.0,0.0,0.0,0,0,0
1042,143,2026-03-23 12:00:00,23,0,0,breakfast,rain,5,1,182,60,341.42,1,0.05,0.03874483897741576,0.01125516102258424,0,0.0,0.0,0.0,0.0,0.0,0,0,0
1043,143,2026-06-15 13:00:00,15,0,0,lunch,clear,9,1,403,138,375.94,1,0.2,0.13846552548341895,0.06153447451658106,1,429.68,85.94,50.2,279.29,14.25,0,0,0
1044,143,2026-06-18 13:00:00,18,3,0,lunch,clear,1,1,351,118,460.55,1,0.1,0.09907021784434436,0.0009297821556556451,1,502.09,50.21,89.02,326.36,36.5,0,0,0
1045,143,2026-02-18 21:00:00,18,2,0,breakfast,rain,14,2,62,20,305.62,0,0.0,0.0,0.0,0,0.0,0.0,0.0,0.0,0.0,0,0,0
1046,144,2026-01-05 09:00:00,5,0,1,lunch,rain,2,2,139,46,550.59,1,0.1,0.08816324210050536,0.011836757899494649,1,618.6,61.86,51.1,402.09,103.55,0,0,0
1047,144,2026-05-12 14:00:00,12,1,0,breakfast,clear,3,2,69,22,531.2,0,0.0,0.0,0.0,0,0.0,0.0,0.0,0.0,0.0,0,0,0
1048,144,2026-04-06 23:00:00,6,0,1,lunch,clear,10,3,44,13,374.19,1,0.2,0.10266769110238534,0.09733230889761467,1,447.45,89.49,45.22,290.84,21.9,0,0,0
1049,145,2026-01-10 02:00:00,10,5,0,lunch,rain,11,1,378,130,410.6,1,0.15,0.0922895517847209,0.0577104482152791,1,467.8,70.17,74.38,304.07,19.18,0,0,0
1050,146,2026-01-25 02:00:00,25,6,1,late_night,rain,3,2,269,90,408.04,1,0.15,0.12761673012320948,0.022383269876790512,1,461.91,69.29,71.26,300.24,21.12,0,0,0
1051,146,2026-03-25 18:00:00,25,2,1,lunch,clear,13,2,230,75,383.59,1,0.05,0.041373791910987626,0.008626208089012377,1,406.0,20.3,67.9,263.9,53.9,0,0,0
1052,146,2026-06-27 08:00:00,27,5,1,late_night,clear,11,5,45,14,456.27,0,0.0,0.0,0.0,0,0.0,0.0,0.0,0.0,0.0,0,0,0
1053,146,2026-01-12 18:00:00,12,0,0,late_night,clear,1,1,569,194,352.91,0,0.0,0.0,0.0,0,0.0,0.0,0.0,0.0,0.0,0,0,0
1054,146,2026-02-20 13:00:00,20,4,0,dinner,clear,3,2,214,70,450.65,1,0.1,0.0696863272334253,0.030313672766574706,1,495.65,49.57,90.28,322.18,33.63,0,0,0
1055,146,2026-04-03 06:00:00,3,4,1,lunch,clear,3,1,38,12,516.36,1,0.05,0.04678989190486019,0.003210108095139816,1,546.52,27.33,79.96,355.24,84.0,1,0,0
1056,147,2026-02-03 01:00:00,3,1,1,dinner,rain,4,1,220,72,668.5,0,0.0,0.0,0.0,0,0.0,0.0,0.0,0.0,0.0,0,0,0
1057,147,2026-04-06 23:00:00,6,0,1,dinner,extreme,12,1,362,123,472.34,1,0.05,0.029145474637999488,0.020854525362000515,1,497.45,24.87,92.8,323.34,56.43,0,0,0
1058,147,2026-03-11 18:00:00,11,2,0,lunch,clear,14,2,146,48,348.11,1,0.1,0.06688866831327443,0.03311133168672557,1,379.74,37.97,73.18,246.83,21.76,1,0,0
1059,147,2026-02-14 03:00:00,14,5,0,breakfast,clear,12,1,346,117,414.91,1,0.1,0.09474275736189502,0.005257242638104981,1,452.61,45.26,77.2,294.2,35.95,0,0,0
1060,147,2026-03-11 18:00:00,11,2,0,dinner,clear,9,1,129,42,337.95,1,0.1,0.05669443517120998,0.04330556482879003,1,368.66,36.87,50.92,239.63,41.25,0,0,0
1061,147,2026-02-25 03:00:00,25,2,1,dinner,rain,6,1,10,3,499.79,0,0.0,0.0,0.0,0,0.0,0.0,0.0,0.0,0.0,0,0,0
1062,148,2026-01-21 01:00:00,21,2,0,lunch,clear,3,1,55,18,281.2,1,0.15,0.1367016723790674,0.013298327620932582,1,317.01,47.55,71.62,206.06,-8.22,0,0,0
1063,148,2026-01-23 00:00:00,23,4,0,late_night,clear,11,1,10,3,499.79,1,0.05,0.027756236237698413,0.02224376376230159,0,0.0,0.0,0.0,0.0,0.0,0,0,0
1064,148,2026-01-04 14:00:00,4,6,1,dinner,clear,12,1,209,68,405.41,1,0.2,0.1799619284429735,0.0200380715570265,1,467.31,93.46,48.76,303.75,21.34,1,0,0
1065,148,2026-06-09 11:00:00,9,1,0,lunch,clear,1,2,547,187,395.56,0,0.0,0.0,0.0,0,0.0,0.0,0.0,0.0,0.0,0,0,0
1066,148,2026-03-29 13:00:00,29,6,1,late_night,clear,12,3,208,68,619.11,1,0.15,0.14448306337675063,0.005516936623249369,1,697.95,104.69,48.76,453.67,90.83,0,0,0
1067,148,2026-06-06 00:00:00,6,5,1,breakfast,clear,5,1,247,80,495.9,0,0.0,0.0,0.0,0,0.0,0.0,0.0,0.0,0.0,0,0,0
1068,148,2026-06-15 19:00:00,15,0,0,dinner,clear,2,2,481,165,317.88,0,0.0,0.0,0.0,1,317.88,0.0,64.18,206.62,47.08,0,0,0
1069,148,2026-03-03 00:00:00,3,1,1,late_night,rain,9,1,347,117,386.51,1,0.1,0.06036135440548027,0.03963864559451973,1,423.74,42.37,78.7,275.43,27.24,0,0,0
1070,148,2026-01-02 00:00:00,2,4,1,lunch,rain,6,4,506,174,455.6,1,0.05,0.025729937393087474,0.02427006260691253,1,481.27,24.06,57.58,312.83,86.8,1,0,0
1071,148,2026-01-01 19:00:00,1,3,1,late_night,clear,10,2,72,23,541.6,0,0.0,0.0,0.0,0,0.0,0.0,0.0,0.0,0.0,0,0,0
1072,148,2026-02-10 18:00:00,10,1,0,lunch,rain,3,2,506,174,455.6,1,0.15,0.1305384975552933,0.019461502444706708,1,513.62,77.04,57.58,333.85,45.14,0,0,0
1073,148,2026-06-24 21:00:00,24,2,0,breakfast,rain,11,4,161,54,318.19,0,0.0,0.0,0.0,1,318.19,0.0,73.3,206.82,38.07,0,1,0
1074,149,2026-02-04 14:00:00,4,2,1,dinner,rain,4,4,465,159,428.08,0,0.0,0.0,0.0,1,428.08,0.0,53.2,278.25,96.63,0,0,0
1075,149,2026-04-24 08:00:00,24,4,0,breakfast,clear,1,1,302,101,453.97,1,0.05,0.04925890796668516,0.0007410920333148427,1,470.22,23.51,72.4,305.64,68.67,0,0,0
1076,150,2026-05-19 14:00:00,19,1,0,breakfast,clear,6,2,151,50,465.33,1,0.05,0.042269805192446476,0.007730194807553527,1,490.4,24.52,57.04,318.76,90.08,1,0,0
1077,150,2026-03-13 16:00:00,13,4,0,breakfast,clear,1,2,153,51,331.89,0,0.0,0.0,0.0,1,331.89,0.0,72.04,215.73,44.12,0,0,0
1078,150,2026-03-02 02:00:00,2,0,1,dinner,clear,12,2,120,39,415.81,1,0.1,0.08926562635713596,0.010734373642864045,1,454.11,45.41,85.12,295.17,28.41,0,0,0
1079,150,2026-05-31 06:00:00,31,6,1,dinner,clear,11,3,245,80,423.87,1,0.1,0.07316709467890349,0.026832905321096515,1,462.92,46.29,73.0,300.9,42.73,0,0,0
1080,151,2026-02-07 06:00:00,7,5,1,lunch,clear,4,1,281,94,499.39,0,0.0,0.0,0.0,0,0.0,0.0,0.0,0.0,0.0,0,1,0
1081,151,2026-03-02 10:00:00,2,0,1,breakfast,rain,7,1,566,193,300.71,1,0.2,0.18624619532473294,0.013753804675267073,1,351.21,70.24,87.34,228.28,-34.66,0,0,0
1082,151,2026-03-24 10:00:00,24,1,0,breakfast,clear,1,1,342,116,418.51,0,0.0,0.0,0.0,0,0.0,0.0,0.0,0.0,0.0,0,0,0
1083,151,2026-04-11 12:00:00,11,5,0,breakfast,clear,8,5,282,94,310.14,1,0.2,0.16850688417459986,0.03149311582540015,1,362.22,72.44,52.36,235.44,1.97,1,0,0
1084,151,2026-02-21 02:00:00,21,5,0,breakfast,clear,6,2,137,45,494.46,0,0.0,0.0,0.0,1,494.46,0.0,67.96,321.4,105.1,0,0,0
1085,151,2026-01-09 01:00:00,9,4,0,lunch,clear,7,1,201,66,380.12,0,0.0,0.0,0.0,0,0.0,0.0,0.0,0.0,0.0,0,1,0
1086,152,2026-01-18 05:00:00,18,6,0,lunch,clear,6,1,126,41,542.46,1,0.15,0.07878705673945596,0.07121294326054403,1,620.11,93.02,47.8,403.07,76.22,0,0,0
1087,152,2026-02-27 08:00:00,27,4,1,late_night,clear,14,5,278,93,308.37,0,0.0,0.0,0.0,0,0.0,0.0,0.0,0.0,0.0,0,0,0
1088,153,2026-01-15 02:00:00,15,3,0,lunch,clear,2,4,3,0,415.4,0,0.0,0.0,0.0,0,0.0,0.0,0.0,0.0,0.0,0,0,0
1089,153,2026-06-19 06:00:00,19,4,0,dinner,clear,10,3,462,158,425.12,0,0.0,0.0,0.0,1,425.12,0.0,83.14,276.33,65.65,0,0,0
1090,153,2026-04-09 22:00:00,9,3,0,dinner,rain,6,1,397,136,376.44,0,0.0,0.0,0.0,1,376.44,0.0,86.8,244.69,44.95,0,0,0
1091,153,2026-05-04 04:00:00,4,0,1,late_night,clear,12,1,70,22,412.24,1,0.1,0.05152856035958145,0.04847143964041856,1,460.63,46.06,86.98,299.41,28.18,0,0,0
1092,153,2026-06-06 04:00:00,6,5,1,dinner,clear,1,2,455,156,300.5,0,0.0,0.0,0.0,0,0.0,0.0,0.0,0.0,0.0,0,0,0
1093,153,2026-01-02 08:00:00,2,4,1,dinner,extreme,5,1,452,155,457.82,1,0.05,0.03396210282656832,0.01603789717343168,0,0.0,0.0,0.0,0.0,0.0,0,0,0
1094,153,2026-04-14 16:00:00,14,1,0,breakfast,clear,6,1,187,62,507.74,0,0.0,0.0,0.0,0,0.0,0.0,0.0,0.0,0.0,0,0,0
1095,153,2026-03-01 06:00:00,1,6,1,breakfast,extreme,10,2,262,87,288.41,1,0.1,0.07441877232258402,0.025581227677415982,1,322.26,32.23,55.0,209.47,25.57,1,0,0
1096,153,2026-01-16 13:00:00,16,4,0,dinner,clear,9,4,209,68,405.41,0,0.0,0.0,0.0,0,0.0,0.0,0.0,0.0,0.0,0,0,0
1097,154,2026-05-31 16:00:00,31,6,1,dinner,clear,4,3,308,103,384.17,1,0.2,0.14315255396206558,0.05684744603793443,0,0.0,0.0,0.0,0.0,0.0,0,0,0
1098,154,2026-03-16 11:00:00,16,0,0,dinner,clear,10,2,53,17,395.01,0,0.0,0.0,0.0,1,395.01,0.0,57.1,256.76,81.15,0,0,0
1099,154,2026-04-24 10:00:00,24,4,0,lunch,extreme,7,1,49,15,501.91,1,0.05,0.03922966240178367,0.010770337598216335,0,0.0,0.0,0.0,0.0,0.0,0,0,0
1100,154,2026-05-17 05:00:00,17,6,0,late_night,clear,8,1,544,186,446.87,0,0.0,0.0,0.0,0,0.0,0.0,0.0,0.0,0.0,0,0,0
1101,154,2026-01-09 14:00:00,9,4,0,dinner,clear,1,2,580,197,288.97,0,0.0,0.0,0.0,0,0.0,0.0,0.0,0.0,0.0,0,0,0
1102,154,2026-05-31 05:00:00,31,6,1,breakfast,clear,4,5,523,179,390.75,1,0.1,0.07875817534034284,0.02124182465965717,1,442.12,44.21,86.92,287.38,23.61,1,0,0
1103,154,2026-05-05 07:00:00,5,1,1,late_night,extreme,3,3,159,53,379.66,1,0.1,0.07869726491774622,0.02130273508225379,1,429.57,42.96,80.38,279.22,27.01,0,1,0
1104,154,2026-06-04 22:00:00,4,3,1,late_night,extreme,1,3,442,152,349.53,1,0.2,0.1672658996788731,0.03273410032112692,1,422.36,84.47,72.88,274.54,-9.53,0,0,0
1105,154,2026-05-22 07:00:00,22,4,0,late_night,clear,9,1,469,160,452.07,1,0.15,0.12405927677934406,0.025940723220655937,1,530.64,79.6,81.28,344.92,24.85,0,0,0
1106,155,2026-04-19 07:00:00,19,6,0,breakfast,extreme,2,3,103,34,391.16,1,0.2,0.10290630084491159,0.09709369915508842,1,432.0,86.4,58.54,280.8,6.26,0,0,0
1107,155,2026-06-17 21:00:00,17,2,0,breakfast,clear,9,1,40,12,466.1,1,0.2,0.11544345717638511,0.0845565428236149,1,514.76,102.95,79.96,334.59,-2.75,1,0,0
1108,155,2026-06-10 20:00:00,10,2,0,dinner,clear,1,2,284,95,437.97,1,0.1,0.07765521856285498,0.022344781437145023,1,466.82,46.68,67.12,303.43,49.58,1,0,0
1109,155,2026-05-05 01:00:00,5,1,1,late_night,clear,1,1,189,63,421.89,0,0.0,0.0,0.0,0,0.0,0.0,0.0,0.0,0.0,0,0,0
1110,156,2026-01-15 15:00:00,15,3,0,dinner,rain,13,3,25,7,464.09,0,0.0,0.0,0.0,1,464.09,0.0,83.8,301.66,78.63,0,0,0
1111,156,2026-01-16 15:00:00,16,4,0,lunch,extreme,8,1,101,34,347.68,1,0.2,0.17699954519752392,0.02300045480247609,1,415.4,83.08,58.54,270.01,3.77,0,0,0
1112,156,2026-02-04 17:00:00,4,2,1,lunch,rain,10,1,151,50,465.33,0,0.0,0.0,0.0,0,0.0,0.0,0.0,0.0,0.0,0,0,0
1113,156,2026-06-28 11:00:00,28,6,1,dinner,extreme,1,1,486,166,343.96,1,0.1,0.06832085255217898,0.03167914744782102,1,386.23,38.62,89.74,251.05,6.82,0,0,0
1114,156,2026-04-27 13:00:00,27,0,1,breakfast,clear,3,1,272,91,541.4,0,0.0,0.0,0.0,0,0.0,0.0,0.0,0.0,0.0,0,0,0
1115,156,2026-06-22 14:00:00,22,0,0,late_night,clear,11,1,11,3,382.03,0,0.0,0.0,0.0,0,0.0,0.0,0.0,0.0,0.0,0,0,0
1116,156,2026-04-07 19:00:00,7,1,1,late_night,clear,8,1,281,94,499.39,1,0.05,0.027642558248063706,0.022357441751936297,1,535.29,26.76,52.36,347.94,108.23,1,0,0
1117,156,2026-02-16 19:00:00,16,0,0,late_night,rain,14,3,456,156,339.24,1,0.1,0.0971623568367681,0.002837643163231901,1,380.93,38.09,88.42,247.61,6.81,0,0,0
1118,156,2026-02-26 11:00:00,26,3,1,dinner,rain,6,1,494,170,372.46,1,0.2,0.1941468930318525,0.005853106968147503,1,445.01,89.0,61.66,289.26,5.09,0,0,0
1119,156,2026-04-07 16:00:00,7,1,1,dinner,clear,9,1,358,121,582.33,0,0.0,0.0,0.0,1,582.33,0.0,72.34,378.51,131.48,0,0,0
1120,156,2026-03-08 05:00:00,8,6,0,late_night,clear,2,1,522,178,248.13,0,0.0,0.0,0.0,0,0.0,0.0,0.0,0.0,0.0,0,0,0
1121,157,2026-01-13 01:00:00,13,1,0,breakfast,clear,12,1,66,21,340.92,1,0.2,0.14747915298658817,0.05252084701341184,1,411.01,82.2,84.88,267.15,-23.23,1,0,0
1122,157,2026-05-26 04:00:00,26,1,1,dinner,clear,11,5,396,136,466.36,1,0.15,0.14701017890304713,0.002989821096952866,1,546.32,81.95,85.3,355.11,23.96,0,0,0
1123,157,2026-04-28 10:00:00,28,1,1,dinner,clear,14,2,142,47,365.27,0,0.0,0.0,0.0,0,0.0,0.0,0.0,0.0,0.0,0,0,0
1124,157,2026-06-06 08:00:00,6,5,1,lunch,rain,2,2,479,164,360.53,0,0.0,0.0,0.0,0,0.0,0.0,0.0,0.0,0.0,0,0,0
1125,157,2026-02-10 00:00:00,10,1,0,late_night,clear,11,1,169,56,358.37,0,0.0,0.0,0.0,0,0.0,0.0,0.0,0.0,0.0,0,0,0
1126,157,2026-02-03 13:00:00,3,1,1,late_night,clear,9,1,146,48,348.11,0,0.0,0.0,0.0,1,348.11,0.0,73.18,226.27,48.66,0,0,0
1127,157,2026-06-16 07:00:00,16,1,0,dinner,clear,4,4,68,22,418.77,0,0.0,0.0,0.0,0,0.0,0.0,0.0,0.0,0.0,0,0,0
1128,157,2026-04-27 21:00:00,27,0,1,dinner,clear,8,1,65,21,412.58,0,0.0,0.0,0.0,0,0.0,0.0,0.0,0.0,0.0,0,0,0
1129,157,2026-06-04 15:00:00,4,3,1,dinner,clear,3,2,414,141,232.56,1,0.1,0.0922768061638832,0.007723193836116804,1,262.72,26.27,67.96,170.77,-2.28,0,0,0
1130,157,2026-04-09 15:00:00,9,3,0,dinner,clear,13,1,54,17,410.72,1,0.1,0.09968718923255226,0.00031281076744774095,1,463.99,46.4,57.1,301.6,58.9,0,0,0
1131,158,2026-05-25 20:00:00,25,0,1,late_night,clear,14,3,126,41,542.46,1,0.1,0.09613378015941539,0.00386621984058462,1,599.4,59.94,47.8,389.61,102.05,0,0,0
1132,159,2026-01-09 08:00:00,9,4,0,late_night,clear,4,1,486,166,343.96,0,0.0,0.0,0.0,0,0.0,0.0,0.0,0.0,0.0,0,0,0
1133,159,2026-02-01 14:00:00,1,6,1,lunch,clear,1,1,321,108,326.88,1,0.15,0.14322858893975052,0.006771411060249477,1,346.13,51.92,88.6,224.99,-19.37,0,0,0
1134,159,2026-01-02 10:00:00,2,4,1,dinner,rain,6,1,384,132,441.54,0,0.0,0.0,0.0,0,0.0,0.0,0.0,0.0,0.0,0,0,0
1135,159,2026-02-12 13:00:00,12,3,0,dinner,clear,6,1,517,177,466.41,0,0.0,0.0,0.0,0,0.0,0.0,0.0,0.0,0.0,0,0,0
1136,159,2026-03-31 02:00:00,31,1,1,lunch,clear,13,3,326,110,455.16,0,0.0,0.0,0.0,0,0.0,0.0,0.0,0.0,0.0,0,0,0
1137,159,2026-05-22 15:00:00,22,4,0,dinner,clear,5,1,209,68,405.41,1,0.2,0.13106204558569126,0.06893795441430875,0,0.0,0.0,0.0,0.0,0.0,0,0,0
1138,159,2026-06-25 05:00:00,25,3,1,late_night,clear,5,1,500,172,443.27,0,0.0,0.0,0.0,0,0.0,0.0,0.0,0.0,0.0,0,0,0
1139,159,2026-05-08 00:00:00,8,4,0,lunch,clear,6,1,276,92,323.06,0,0.0,0.0,0.0,0,0.0,0.0,0.0,0.0,0.0,0,0,0
1140,159,2026-01-21 00:00:00,21,2,0,lunch,clear,12,1,532,181,329.51,0,0.0,0.0,0.0,0,0.0,0.0,0.0,0.0,0.0,0,0,0
1141,160,2026-01-14 17:00:00,14,2,0,dinner,clear,4,2,103,34,391.16,0,0.0,0.0,0.0,0,0.0,0.0,0.0,0.0,0.0,0,0,0
1142,160,2026-01-04 17:00:00,4,6,1,breakfast,clear,1,1,314,105,440.46,1,0.1,0.09845216753198183,0.0015478324680181788,1,475.81,47.58,80.2,309.28,38.75,0,0,0
1143,160,2026-06-21 23:00:00,21,6,0,lunch,clear,5,1,399,137,510.29,1,0.2,0.15506329043277556,0.04493670956722445,1,575.21,115.04,63.94,373.89,22.34,0,0,0
1144,160,2026-02-15 11:00:00,15,6,0,lunch,clear,7,1,42,13,369.33,1,0.15,0.11297203934045738,0.037027960659542614,1,408.52,61.28,45.22,265.54,36.48,1,0,0
1145,160,2026-03-20 04:00:00,20,4,0,late_night,clear,4,2,80,26,419.05,1,0.05,0.03775192936204034,0.012248070637959664,1,438.73,21.94,89.38,285.17,42.24,1,0,0
1146,160,2026-02-02 04:00:00,2,0,1,lunch,clear,3,2,421,144,346.22,0,0.0,0.0,0.0,1,346.22,0.0,50.74,225.04,70.44,0,0,0
1147,160,2026-03-03 05:00:00,3,1,1,breakfast,clear,12,1,53,17,395.01,0,0.0,0.0,0.0,0,0.0,0.0,0.0,0.0,0.0,0,0,0
1148,160,2026-02-14 09:00:00,14,5,0,breakfast,clear,7,1,273,91,373.55,0,0.0,0.0,0.0,0,0.0,0.0,0.0,0.0,0.0,0,0,0
1149,160,2026-05-29 23:00:00,29,4,1,dinner,rain,10,3,332,112,555.99,1,0.05,0.04514855507738618,0.004851444922613822,1,582.1,29.1,57.88,378.36,116.75,0,0,0
1150,160,2026-01-13 10:00:00,13,1,0,dinner,clear,11,2,85,28,440.48,1,0.2,0.18351782578563647,0.016482174214363543,1,496.52,99.3,50.56,322.74,23.92,1,0,0
1151,160,2026-04-19 17:00:00,19,6,0,lunch,clear,9,1,568,193,376.52,1,0.2,0.15628852334603904,0.04371147665396097,1,424.42,84.88,85.84,275.87,-22.18,0,0,0
1152,160,2026-02-07 23:00:00,7,5,1,dinner,clear,1,1,189,63,421.89,1,0.1,0.06443909778706672,0.03556090221293329,1,455.75,45.58,87.88,296.24,26.06,1,0,0
1153,160,2026-05-31 15:00:00,31,6,1,late_night,rain,5,2,78,25,358.87,1,0.05,0.026259968905168032,0.02374003109483197,1,375.72,18.79,83.8,244.22,28.92,1,0,0
1154,161,2026-05-21 15:00:00,21,3,0,breakfast,clear,7,1,204,67,507.77,0,0.0,0.0,0.0,1,507.77,0.0,65.62,330.05,112.1,0,0,0
1155,161,2026-04-23 10:00:00,23,3,0,lunch,rain,4,4,492,169,517.7,1,0.2,0.15205888381214058,0.04794111618785943,1,602.59,120.52,52.84,391.68,37.55,0,0,0
1156,161,2026-05-03 17:00:00,3,6,1,dinner,clear,6,4,68,22,418.77,1,0.15,0.13110303944749255,0.018896960552507447,1,476.04,71.41,86.98,309.43,8.23,0,0,0
1157,161,2026-06-08 23:00:00,8,0,0,lunch,clear,3,2,511,175,535.27,0,0.0,0.0,0.0,0,0.0,0.0,0.0,0.0,0.0,0,0,0
1158,161,2026-02-15 20:00:00,15,6,0,breakfast,clear,7,2,517,177,466.41,1,0.05,0.04958664419623448,0.00041335580376552356,1,494.64,24.73,69.82,321.51,78.57,0,0,0
1159,161,2026-03-08 07:00:00,8,6,0,lunch,clear,3,2,520,178,275.66,1,0.1,0.09192231363964239,0.00807768636035762,1,304.18,30.42,64.54,197.72,11.5,0,0,0
1160,162,2026-04-27 08:00:00,27,0,1,lunch,clear,3,1,479,164,360.53,0,0.0,0.0,0.0,0,0.0,0.0,0.0,0.0,0.0,0,0,0
1161,162,2026-06-09 02:00:00,9,1,0,dinner,clear,7,2,218,71,510.47,1,0.2,0.1562811103554949,0.0437188896445051,1,593.83,118.77,48.64,385.99,40.44,1,0,0
1162,162,2026-04-27 00:00:00,27,0,1,late_night,clear,14,1,213,70,439.7,0,0.0,0.0,0.0,0,0.0,0.0,0.0,0.0,0.0,0,0,0
1163,162,2026-04-28 18:00:00,28,1,1,late_night,clear,13,3,431,147,375.56,1,0.05,0.027545051096813468,0.022454948903186535,1,398.2,19.91,87.64,258.83,31.82,0,0,0
1164,162,2026-05-09 18:00:00,9,5,0,breakfast,clear,7,1,51,16,606.47,1,0.2,0.19724034897518694,0.00275965102481307,1,705.51,141.1,53.62,458.58,52.21,0,0,0
1165,162,2026-05-31 07:00:00,31,6,1,late_night,clear,1,1,558,191,360.12,1,0.05,0.04266452776234271,0.007335472237657292,1,381.83,19.09,87.64,248.19,26.91,0,0,0
1166,162,2026-06-06 00:00:00,6,5,1,dinner,clear,2,2,115,38,322.99,1,0.15,0.1271034239512631,0.022896576048736905,1,366.98,55.05,46.0,238.54,27.4,0,0,0
1167,162,2026-02-19 16:00:00,19,3,0,lunch,extreme,11,5,479,164,360.53,1,0.2,0.1583057560251692,0.04169424397483082,1,419.41,83.88,92.32,272.61,-29.41,0,0,0
1168,162,2026-06-13 04:00:00,13,5,0,lunch,clear,5,1,44,13,374.19,0,0.0,0.0,0.0,0,0.0,0.0,0.0,0.0,0.0,0,0,0
1169,162,2026-03-22 04:00:00,22,6,0,late_night,clear,12,1,377,130,439.99,0,0.0,0.0,0.0,0,0.0,0.0,0.0,0.0,0.0,0,0,0
1170,163,2026-05-13 21:00:00,13,2,0,late_night,rain,13,1,306,102,364.7,0,0.0,0.0,0.0,0,0.0,0.0,0.0,0.0,0.0,0,0,0
1171,163,2026-06-11 12:00:00,11,3,0,dinner,clear,1,1,341,115,349.17,1,0.1,0.06429054903822,0.03570945096178001,0,0.0,0.0,0.0,0.0,0.0,0,0,0
1172,163,2026-06-24 23:00:00,24,2,0,lunch,extreme,12,1,494,170,372.46,0,0.0,0.0,0.0,0,0.0,0.0,0.0,0.0,0.0,0,0,0
1173,164,2026-02-01 02:00:00,1,6,1,breakfast,clear,7,2,274,92,294.0,0,0.0,0.0,0.0,0,0.0,0.0,0.0,0.0,0.0,0,0,0
1174,164,2026-02-04 03:00:00,4,2,1,breakfast,clear,10,4,382,132,329.93,1,0.2,0.1980748106697283,0.0019251893302717205,1,389.3,77.86,56.5,253.05,1.9,0,0,0
1175,164,2026-02-11 15:00:00,11,2,0,late_night,clear,13,4,469,160,452.07,1,0.1,0.061805366790825,0.038194633209175,1,503.4,50.34,81.28,327.21,44.57,0,0,0
1176,164,2026-03-27 21:00:00,27,4,1,late_night,extreme,8,2,495,170,353.45,1,0.2,0.15574107563556858,0.044258924364431435,1,417.05,83.41,63.16,271.09,-0.6,0,0,0
1177,164,2026-03-22 23:00:00,22,6,0,lunch,extreme,11,1,19,6,523.49,0,0.0,0.0,0.0,0,0.0,0.0,0.0,0.0,0.0,0,0,0
1178,164,2026-06-26 04:00:00,26,4,1,breakfast,rain,8,1,279,93,516.93,0,0.0,0.0,0.0,1,516.93,0.0,74.26,336.0,106.67,0,0,0
1179,164,2026-02-28 10:00:00,28,5,1,breakfast,extreme,3,2,427,146,526.27,0,0.0,0.0,0.0,0,0.0,0.0,0.0,0.0,0.0,0,0,0
1180,164,2026-01-09 00:00:00,9,4,0,late_night,extreme,1,1,298,100,356.47,0,0.0,0.0,0.0,1,356.47,0.0,67.18,231.71,57.58,0,0,0
1181,164,2026-04-07 14:00:00,7,1,1,lunch,extreme,14,1,370,127,368.76,0,0.0,0.0,0.0,0,0.0,0.0,0.0,0.0,0.0,0,0,0
1182,165,2026-04-25 23:00:00,25,5,1,late_night,clear,12,2,159,53,379.66,1,0.1,0.06742957431725155,0.032570425682748455,1,425.51,42.55,77.38,276.58,29.0,0,0,0
1183,165,2026-04-30 01:00:00,30,3,1,breakfast,clear,3,1,368,126,431.88,0,0.0,0.0,0.0,0,0.0,0.0,0.0,0.0,0.0,0,0,0
1184,165,2026-02-06 17:00:00,6,4,1,breakfast,clear,3,4,313,105,348.32,0,0.0,0.0,0.0,0,0.0,0.0,0.0,0.0,0.0,0,0,0
1185,165,2026-04-15 10:00:00,15,2,0,late_night,rain,4,1,550,188,568.72,0,0.0,0.0,0.0,0,0.0,0.0,0.0,0.0,0.0,0,0,0
1186,165,2026-05-19 03:00:00,19,1,0,lunch,rain,2,1,567,193,277.06,1,0.2,0.12543933781521707,0.07456066218478294,1,330.09,66.02,87.34,214.56,-37.83,1,0,0
1187,165,2026-06-24 17:00:00,24,2,0,dinner,extreme,5,2,2,0,467.58,1,0.2,0.17419091182873034,0.025809088171269673,1,557.08,111.42,49.18,362.1,34.38,0,0,0
1188,165,2026-04-23 06:00:00,23,3,0,late_night,rain,13,5,230,75,383.59,0,0.0,0.0,0.0,0,0.0,0.0,0.0,0.0,0.0,0,0,0
1189,165,2026-01-24 03:00:00,24,5,0,late_night,clear,10,1,431,147,375.56,0,0.0,0.0,0.0,1,375.56,0.0,87.64,244.11,43.81,0,0,0
1190,166,2026-02-16 22:00:00,16,0,0,late_night,clear,12,3,488,167,559.81,1,0.1,0.05548978494757906,0.04451021505242095,1,622.12,62.21,47.08,404.38,108.45,1,0,0
1191,166,2026-05-28 01:00:00,28,3,1,dinner,clear,14,1,370,127,368.76,0,0.0,0.0,0.0,0,0.0,0.0,0.0,0.0,0.0,0,0,0
1192,166,2026-05-16 23:00:00,16,5,0,dinner,clear,1,2,563,192,291.77,1,0.15,0.13330393535846585,0.016696064641534142,1,334.7,50.2,65.56,217.55,1.38,0,0,0
1193,166,2026-04-13 02:00:00,13,0,0,late_night,clear,1,1,447,154,368.02,1,0.1,0.055344395912913694,0.04465560408708631,1,408.98,40.9,69.82,265.84,32.43,0,0,0
1194,166,2026-02-10 11:00:00,10,1,0,late_night,clear,9,1,247,80,495.9,0,0.0,0.0,0.0,0,0.0,0.0,0.0,0.0,0.0,0,0,0
1195,166,2026-01-07 05:00:00,7,2,1,breakfast,rain,3,1,168,55,286.78,0,0.0,0.0,0.0,0,0.0,0.0,0.0,0.0,0.0,0,0,0
1196,166,2026-03-13 23:00:00,13,4,0,late_night,clear,1,3,521,178,418.22,0,0.0,0.0,0.0,1,418.22,0.0,64.54,271.84,81.84,0,0,1
1197,166,2026-01-27 02:00:00,27,1,1,breakfast,clear,9,4,338,114,376.41,0,0.0,0.0,0.0,0,0.0,0.0,0.0,0.0,0.0,0,0,0
1198,166,2026-06-05 05:00:00,5,4,1,lunch,clear,1,1,474,162,409.77,1,0.2,0.11163485923160868,0.08836514076839133,1,482.06,96.41,76.3,313.34,-3.99,0,0,0
1199,166,2026-01-04 21:00:00,4,6,1,lunch,rain,13,1,80,26,419.05,0,0.0,0.0,0.0,1,419.05,0.0,90.88,272.38,55.79,0,0,0
1200,166,2026-02-10 15:00:00,10,1,0,dinner,clear,2,1,219,72,521.25,0,0.0,0.0,0.0,0,0.0,0.0,0.0,0.0,0.0,0,0,0
1201,166,2026-02-01 11:00:00,1,6,1,lunch,rain,7,1,511,175,535.27,1,0.05,0.044945197902124506,0.0050548020978754965,0,0.0,0.0,0.0,0.0,0.0,0,0,0
1202,166,2026-03-09 06:00:00,9,0,0,lunch,clear,2,2,285,95,412.22,0,0.0,0.0,0.0,0,0.0,0.0,0.0,0.0,0.0,0,0,0
1203,166,2026-06-27 05:00:00,27,5,1,breakfast,rain,9,1,212,69,631.29,0,0.0,0.0,0.0,1,631.29,0.0,50.5,410.34,170.45,0,0,0
1204,167,2026-05-28 04:00:00,28,3,1,late_night,extreme,10,1,481,165,317.88,0,0.0,0.0,0.0,0,0.0,0.0,0.0,0.0,0.0,0,0,0
1205,167,2026-01-26 09:00:00,26,0,1,dinner,clear,5,1,548,187,387.3,1,0.05,0.044946391020325605,0.005053608979674398,1,406.5,20.32,77.74,264.22,44.21,1,0,0
1206,167,2026-02-01 19:00:00,1,6,1,dinner,clear,4,2,74,24,370.91,1,0.2,0.10892673225523133,0.09107326774476868,1,420.73,84.15,71.02,273.47,-7.91,0,0,0
1207,167,2026-01-07 06:00:00,7,2,1,lunch,clear,2,2,548,187,387.3,1,0.15,0.09436078413610595,0.055639215863894045,1,430.68,64.6,77.74,279.94,8.4,0,0,0
1208,167,2026-06-21 15:00:00,21,6,0,lunch,clear,4,2,439,151,283.62,1,0.1,0.06280131772816465,0.03719868227183536,1,307.65,30.77,51.64,199.97,25.27,1,0,0
1209,167,2026-05-12 16:00:00,12,1,0,late_night,clear,4,1,43,13,320.07,1,0.15,0.11694413979452242,0.03305586020547757,1,355.92,53.39,45.22,231.35,25.96,0,0,0
1210,168,2026-05-21 23:00:00,21,3,0,breakfast,clear,1,2,198,66,362.58,0,0.0,0.0,0.0,0,0.0,0.0,0.0,0.0,0.0,0,0,0
1211,168,2026-01-08 18:00:00,8,3,0,breakfast,clear,9,4,451,155,376.18,0,0.0,0.0,0.0,0,0.0,0.0,0.0,0.0,0.0,0,0,0
1212,168,2026-03-17 13:00:00,17,1,0,breakfast,rain,8,1,159,53,379.66,1,0.2,0.19198179213794903,0.008018207862050986,1,430.31,86.06,78.88,279.7,-14.33,0,0,0
1213,168,2026-05-15 14:00:00,15,4,0,lunch,clear,5,1,238,77,307.59,1,0.2,0.13624746463337276,0.06375253536662726,1,348.62,69.72,71.56,226.6,-19.27,0,0,0
1214,168,2026-06-28 08:00:00,28,6,1,lunch,clear,1,2,465,159,428.08,0,0.0,0.0,0.0,0,0.0,0.0,0.0,0.0,0.0,0,0,0
1215,168,2026-06-01 01:00:00,1,0,1,breakfast,clear,8,1,170,56,375.86,0,0.0,0.0,0.0,1,375.86,0.0,65.92,244.31,65.63,0,0,0
1216,168,2026-04-22 02:00:00,22,2,0,late_night,clear,11,4,462,158,425.12,0,0.0,0.0,0.0,0,0.0,0.0,0.0,0.0,0.0,0,0,0
1217,168,2026-01-08 16:00:00,8,3,0,dinner,clear,14,2,234,76,237.76,0,0.0,0.0,0.0,1,237.76,0.0,53.26,154.54,29.96,0,0,0
1218,168,2026-06-02 13:00:00,2,1,1,dinner,rain,8,1,290,97,376.15,1,0.1,0.09230547792664819,0.00769452207335182,0,0.0,0.0,0.0,0.0,0.0,0,0,0
1219,169,2026-02-17 10:00:00,17,1,0,dinner,clear,11,2,141,47,343.49,1,0.2,0.14459007038450122,0.05540992961549879,1,372.08,74.42,71.02,241.85,-15.21,0,0,0
1220,169,2026-01-16 20:00:00,16,4,0,breakfast,rain,6,3,221,72,545.2,1,0.2,0.16240422444964386,0.03759577555035615,1,590.57,118.11,56.14,383.87,32.45,1,0,0
1221,169,2026-03-20 14:00:00,20,4,0,lunch,clear,12,2,553,189,404.99,0,0.0,0.0,0.0,1,404.99,0.0,82.54,263.24,59.21,0,0,0
1222,169,2026-03-19 23:00:00,19,3,0,breakfast,clear,9,1,401,138,355.52,1,0.2,0.1477156712327318,0.05228432876726821,1,385.11,77.02,50.2,250.32,7.57,1,0,0
1223,169,2026-02-18 21:00:00,18,2,0,late_night,clear,11,1,219,72,521.25,0,0.0,0.0,0.0,1,521.25,0.0,54.64,338.81,127.8,0,0,0
1224,169,2026-04-01 22:00:00,1,2,1,dinner,rain,14,4,520,178,275.66,0,0.0,0.0,0.0,0,0.0,0.0,0.0,0.0,0.0,0,0,0
1225,169,2026-03-06 12:00:00,6,4,1,lunch,clear,5,2,203,67,382.66,0,0.0,0.0,0.0,0,0.0,0.0,0.0,0.0,0.0,0,0,0
1226,169,2026-05-29 16:00:00,29,4,1,dinner,extreme,12,5,179,59,330.4,1,0.05,0.026253998272904967,0.023746001727095036,1,340.55,17.03,61.48,221.36,40.68,0,0,0
1227,169,2026-05-29 12:00:00,29,4,1,dinner,clear,10,1,525,179,323.57,0,0.0,0.0,0.0,0,0.0,0.0,0.0,0.0,0.0,0,0,0
1228,169,2026-04-07 23:00:00,7,1,1,breakfast,rain,7,3,7,2,414.56,0,0.0,0.0,0.0,0,0.0,0.0,0.0,0.0,0.0,0,0,0
1229,169,2026-01-02 23:00:00,2,4,1,lunch,clear,13,1,414,141,232.56,0,0.0,0.0,0.0,0,0.0,0.0,0.0,0.0,0.0,0,0,0
1230,169,2026-01-02 23:00:00,2,4,1,breakfast,clear,5,1,150,50,461.7,1,0.2,0.11690430484606698,0.08309569515393303,1,500.12,100.02,57.04,325.08,17.98,1,0,0
1231,169,2026-05-04 03:00:00,4,0,1,breakfast,clear,11,4,48,15,613.34,0,0.0,0.0,0.0,1,613.34,0.0,56.44,398.67,158.23,0,0,0
1232,170,2026-03-19 20:00:00,19,3,0,breakfast,clear,5,1,336,113,334.35,1,0.1,0.07890756633032624,0.02109243366967377,1,359.87,35.99,70.6,233.91,19.37,0,0,0
1233,171,2026-05-07 07:00:00,7,3,1,breakfast,clear,6,2,523,179,390.75,1,0.1,0.05447329447001477,0.04552670552998524,1,434.97,43.5,86.92,282.73,21.82,1,0,0
1234,171,2026-02-16 14:00:00,16,0,0,lunch,clear,1,2,54,17,410.72,1,0.15,0.13885173854093447,0.011148261459065528,1,472.17,70.83,57.1,306.91,37.33,0,0,0
1235,171,2026-02-19 05:00:00,19,3,0,dinner,clear,2,2,228,74,270.68,1,0.2,0.18975792993232724,0.010242070067672776,1,319.23,63.85,71.92,207.5,-24.03,0,0,0
1236,171,2026-02-28 17:00:00,28,5,1,breakfast,clear,11,1,535,182,464.14,0,0.0,0.0,0.0,0,0.0,0.0,0.0,0.0,0.0,0,0,0
1237,171,2026-05-21 15:00:00,21,3,0,late_night,extreme,12,1,426,146,402.47,1,0.2,0.17772177453666183,0.022278225463338186,1,474.66,94.93,53.62,308.53,17.58,0,0,0
1238,172,2026-03-13 21:00:00,13,4,0,breakfast,clear,1,1,75,24,427.09,1,0.15,0.08961070633482916,0.06038929366517083,1,522.89,78.43,71.02,339.88,33.56,0,0,0
1239,172,2026-05-13 05:00:00,13,2,0,lunch,extreme,5,1,425,145,399.21,1,0.2,0.15558626367443606,0.044413736325563946,1,506.57,101.31,51.22,329.27,24.77,0,1,0
1240,172,2026-01-17 12:00:00,17,5,0,dinner,clear,12,4,487,167,472.48,1,0.1,0.07841106873572129,0.021588931264278716,1,552.65,55.27,47.08,359.22,91.08,0,0,0
1241,172,2026-05-08 23:00:00,8,4,0,breakfast,clear,4,1,303,102,431.39,1,0.2,0.1120219171991786,0.08797808280082141,1,547.41,109.48,60.46,355.82,21.65,0,0,0
1242,172,2026-04-23 23:00:00,23,3,0,dinner,clear,2,2,215,71,481.1,0,0.0,0.0,0.0,0,0.0,0.0,0.0,0.0,0.0,0,0,0
1243,172,2026-01-19 15:00:00,19,0,0,late_night,clear,10,2,282,94,310.14,0,0.0,0.0,0.0,1,310.14,0.0,52.36,201.59,56.19,0,0,0
1244,172,2026-06-07 17:00:00,7,6,1,lunch,rain,8,1,329,111,439.94,1,0.15,0.12912056601718286,0.020879433982817136,1,538.62,80.79,61.3,350.1,46.42,0,0,0
1245,172,2026-02-25 03:00:00,25,2,1,late_night,clear,2,1,126,41,542.46,0,0.0,0.0,0.0,0,0.0,0.0,0.0,0.0,0.0,0,0,0
1246,172,2026-06-20 04:00:00,20,5,0,breakfast,clear,6,1,283,95,342.16,1,0.2,0.19220294245332067,0.007797057546679337,1,434.18,86.84,67.12,282.22,-1.99,1,0,0
1247,172,2026-02-25 20:00:00,25,2,1,dinner,clear,6,1,161,54,318.19,1,0.15,0.1409955529370168,0.0090044470629832,1,389.56,58.43,71.8,253.22,6.11,0,0,0
1248,172,2026-05-26 18:00:00,26,1,1,breakfast,clear,9,1,431,147,375.56,1,0.2,0.1959188994701775,0.004081100529822523,1,476.56,95.31,87.64,309.77,-16.16,0,0,0
1249,172,2026-06-15 04:00:00,15,0,0,dinner,clear,6,2,25,7,464.09,1,0.05,0.029919055954239677,0.020080944045760326,1,510.15,25.51,82.3,331.6,70.75,1,0,0
1250,172,2026-06-28 07:00:00,28,6,1,lunch,clear,13,1,258,85,347.07,1,0.05,0.02578497854851916,0.024215021451480842,1,381.52,19.08,57.28,247.99,57.18,0,0,0
1251,172,2026-02-24 22:00:00,24,1,0,dinner,rain,3,1,493,169,546.34,0,0.0,0.0,0.0,0,0.0,0.0,0.0,0.0,0.0,0,0,0
1252,173,2026-03-31 04:00:00,31,1,1,late_night,clear,2,1,250,82,326.54,0,0.0,0.0,0.0,1,326.54,0.0,85.6,212.25,28.69,0,0,0
1253,173,2026-01-07 19:00:00,7,2,1,lunch,clear,2,1,391,134,438.46,0,0.0,0.0,0.0,0,0.0,0.0,0.0,0.0,0.0,0,0,0
1254,173,2026-05-14 15:00:00,14,3,0,dinner,rain,13,4,415,142,396.5,0,0.0,0.0,0.0,1,396.5,0.0,50.2,257.73,88.57,0,0,0
1255,173,2026-05-26 14:00:00,26,1,1,late_night,clear,10,2,311,105,290.55,0,0.0,0.0,0.0,1,290.55,0.0,80.2,188.86,21.49,0,0,0
1256,173,2026-02-01 20:00:00,1,6,1,breakfast,clear,11,1,496,171,425.35,0,0.0,0.0,0.0,0,0.0,0.0,0.0,0.0,0.0,0,0,0
1257,173,2026-06-02 14:00:00,2,1,1,lunch,clear,1,1,225,73,503.59,1,0.15,0.13021157438856448,0.01978842561143551,1,582.67,87.4,84.16,378.73,32.37,1,0,0
1258,173,2026-02-16 01:00:00,16,0,0,late_night,clear,2,1,475,162,365.58,1,0.05,0.04369376941902575,0.006306230580974251,1,390.98,19.55,76.3,254.14,40.99,0,0,0
1259,174,2026-06-29 03:00:00,29,0,1,late_night,clear,2,2,324,109,583.03,0,0.0,0.0,0.0,0,0.0,0.0,0.0,0.0,0.0,0,0,0
1260,174,2026-01-25 00:00:00,25,6,1,breakfast,clear,7,1,538,184,343.47,0,0.0,0.0,0.0,0,0.0,0.0,0.0,0.0,0.0,0,0,0
1261,174,2026-04-16 03:00:00,16,3,0,lunch,clear,4,1,38,12,516.36,1,0.15,0.11581059772339534,0.03418940227660465,1,611.74,91.76,79.96,397.63,42.39,0,0,0
1262,174,2026-01-10 08:00:00,10,5,0,breakfast,clear,6,1,318,107,312.54,0,0.0,0.0,0.0,0,0.0,0.0,0.0,0.0,0.0,0,0,0
1263,174,2026-03-18 15:00:00,18,2,0,dinner,clear,1,4,71,23,526.88,1,0.05,0.03153874524112338,0.018461254758876625,1,569.95,28.5,89.32,370.47,81.66,1,0,0
1264,174,2026-02-03 18:00:00,3,1,1,late_night,clear,5,5,117,38,339.09,1,0.1,0.07292136574309953,0.027078634256900477,0,0.0,0.0,0.0,0.0,0.0,0,0,0
1265,174,2026-04-12 17:00:00,12,6,0,late_night,clear,9,3,275,92,337.39,1,0.05,0.03727904214863237,0.012720957851367634,1,364.97,18.25,90.04,237.23,19.45,0,0,0
1266,174,2026-03-08 04:00:00,8,6,0,dinner,clear,9,1,275,92,337.39,1,0.05,0.038764782215354066,0.011235217784645937,1,364.97,18.25,90.04,237.23,19.45,0,0,0
1267,175,2026-01-08 22:00:00,8,3,0,late_night,clear,14,4,510,175,422.52,0,0.0,0.0,0.0,1,422.52,0.0,69.94,274.64,77.94,0,0,0
1268,175,2026-04-12 21:00:00,12,6,0,lunch,clear,1,1,68,22,418.77,0,0.0,0.0,0.0,0,0.0,0.0,0.0,0.0,0.0,0,0,0
1269,175,2026-03-15 10:00:00,15,6,0,breakfast,rain,9,1,51,16,606.47,0,0.0,0.0,0.0,0,0.0,0.0,0.0,0.0,0.0,0,0,0
1270,175,2026-04-24 15:00:00,24,4,0,dinner,clear,2,5,456,156,339.24,0,0.0,0.0,0.0,0,0.0,0.0,0.0,0.0,0.0,0,0,0
1271,175,2026-03-05 13:00:00,5,3,1,lunch,clear,3,2,163,54,346.38,1,0.05,0.028914108599046164,0.02108589140095384,1,358.88,17.94,71.8,233.27,35.86,0,0,0
1272,175,2026-03-05 07:00:00,5,3,1,dinner,clear,5,2,105,35,354.06,0,0.0,0.0,0.0,0,0.0,0.0,0.0,0.0,0.0,0,0,0
1273,175,2026-01-31 04:00:00,31,5,1,breakfast,clear,3,2,272,91,541.4,0,0.0,0.0,0.0,0,0.0,0.0,0.0,0.0,0.0,0,0,0
1274,175,2026-06-26 16:00:00,26,4,1,breakfast,clear,13,2,533,181,346.99,0,0.0,0.0,0.0,0,0.0,0.0,0.0,0.0,0.0,0,0,0
1275,175,2026-03-16 10:00:00,16,0,0,breakfast,rain,5,1,137,45,494.46,0,0.0,0.0,0.0,0,0.0,0.0,0.0,0.0,0.0,0,0,0
1276,175,2026-01-08 23:00:00,8,3,0,dinner,rain,4,1,153,51,331.89,1,0.1,0.0950170950795703,0.004982904920429701,0,0.0,0.0,0.0,0.0,0.0,0,0,0
1277,176,2026-04-14 09:00:00,14,1,0,late_night,clear,1,1,499,171,410.77,0,0.0,0.0,0.0,1,410.77,0.0,59.08,267.0,84.69,0,0,0
1278,176,2026-06-08 13:00:00,8,0,0,late_night,extreme,12,2,544,186,446.87,1,0.1,0.07044479875136296,0.029555201248637045,1,502.86,50.29,78.46,326.86,47.25,1,0,0
1279,176,2026-02-13 19:00:00,13,4,0,breakfast,rain,2,1,43,13,320.07,1,0.05,0.03479389313986519,0.015206106860134815,1,343.53,17.18,46.72,223.29,56.34,0,0,0
1280,176,2026-04-09 09:00:00,9,3,0,dinner,clear,1,2,34,10,395.98,1,0.2,0.18863577034190407,0.011364229658095942,1,474.61,94.92,83.8,308.5,-12.61,0,0,0
1281,176,2026-03-11 06:00:00,11,2,0,late_night,extreme,12,2,279,93,516.93,1,0.2,0.14029238107019643,0.059707618929803585,1,619.58,123.92,75.76,402.73,17.18,0,0,0
1282,176,2026-05-08 05:00:00,8,4,0,lunch,clear,10,1,188,63,387.99,1,0.2,0.10574571517129071,0.0942542848287093,1,465.03,93.01,87.88,302.27,-18.12,0,0,0
1283,176,2026-04-11 06:00:00,11,5,0,lunch,clear,7,1,123,40,374.8,0,0.0,0.0,0.0,0,0.0,0.0,0.0,0.0,0.0,0,0,0
1284,176,2026-06-10 09:00:00,10,2,0,lunch,rain,11,3,370,127,368.76,1,0.05,0.036092200005608775,0.013907799994391228,1,395.79,19.79,89.68,257.26,29.06,0,0,0
1285,176,2026-03-08 04:00:00,8,6,0,breakfast,clear,12,1,369,126,374.47,1,0.05,0.03036291954831736,0.019637080451682644,0,0.0,0.0,0.0,0.0,0.0,0,0,0
1286,176,2026-05-17 09:00:00,17,6,0,late_night,clear,5,3,19,6,523.49,1,0.1,0.08395568154276062,0.016044318457239387,1,589.08,58.91,79.06,382.9,68.21,0,0,0
1287,177,2026-03-16 01:00:00,16,0,0,breakfast,rain,11,2,81,26,550.99,1,0.1,0.08027973130848023,0.01972026869151977,1,603.61,60.36,90.88,392.35,60.02,1,0,0
1288,177,2026-05-22 04:00:00,22,4,0,lunch,rain,7,2,141,47,343.49,0,0.0,0.0,0.0,0,0.0,0.0,0.0,0.0,0.0,0,0,0
1289,178,2026-01-20 22:00:00,20,1,0,lunch,clear,12,4,170,56,375.86,1,0.2,0.1316311726077978,0.06836882739220221,1,430.52,86.1,65.92,279.84,-1.34,0,0,0
1290,179,2026-02-06 03:00:00,6,4,1,dinner,clear,10,1,279,93,516.93,0,0.0,0.0,0.0,1,516.93,0.0,72.76,336.0,108.17,0,0,0
1291,179,2026-01-07 13:00:00,7,2,1,dinner,clear,8,2,23,7,447.81,1,0.15,0.1217457651276517,0.028254234872348294,1,478.28,71.74,82.3,310.88,13.36,1,0,0
1292,179,2026-03-17 16:00:00,17,1,0,dinner,rain,3,4,572,195,327.24,1,0.05,0.046396671173904,0.003603328826096,0,0.0,0.0,0.0,0.0,0.0,0,0,0
1293,179,2026-06-15 15:00:00,15,0,0,lunch,clear,9,4,572,195,327.24,0,0.0,0.0,0.0,0,0.0,0.0,0.0,0.0,0.0,0,0,0
1294,179,2026-05-01 07:00:00,1,4,1,late_night,clear,13,1,527,180,602.61,0,0.0,0.0,0.0,0,0.0,0.0,0.0,0.0,0.0,0,0,0
1295,179,2026-05-25 13:00:00,25,0,1,dinner,clear,14,1,265,88,547.4,0,0.0,0.0,0.0,1,547.4,0.0,64.66,355.81,126.93,0,0,0
1296,179,2026-05-01 15:00:00,1,4,1,lunch,clear,14,1,543,186,246.87,0,0.0,0.0,0.0,1,246.87,0.0,75.46,160.47,10.94,0,0,0
1297,179,2026-04-02 05:00:00,2,3,1,late_night,extreme,12,1,376,129,469.03,0,0.0,0.0,0.0,0,0.0,0.0,0.0,0.0,0.0,0,0,0
1298,179,2026-02-25 03:00:00,25,2,1,lunch,clear,13,2,137,45,494.46,0,0.0,0.0,0.0,0,0.0,0.0,0.0,0.0,0.0,0,0,0
1299,179,2026-05-12 21:00:00,12,1,0,breakfast,clear,14,1,310,104,391.76,1,0.1,0.05344118684029289,0.04655881315970711,1,411.92,41.19,52.78,267.75,50.2,0,0,0
1300,179,2026-06-02 10:00:00,2,1,1,late_night,clear,10,1,69,22,531.2,0,0.0,0.0,0.0,0,0.0,0.0,0.0,0.0,0.0,0,0,0
1301,179,2026-02-28 10:00:00,28,5,1,breakfast,clear,3,1,570,194,428.5,0,0.0,0.0,0.0,0,0.0,0.0,0.0,0.0,0.0,0,0,0
1302,179,2026-02-13 23:00:00,13,4,0,dinner,clear,9,2,221,72,545.2,1,0.2,0.17790701540650705,0.02209298459349296,0,0.0,0.0,0.0,0.0,0.0,0,0,0
1303,179,2026-01-17 23:00:00,17,5,0,dinner,clear,11,3,498,171,395.71,0,0.0,0.0,0.0,1,395.71,0.0,59.08,257.21,79.42,0,0,0
1304,180,2026-02-24 02:00:00,24,1,0,lunch,clear,12,4,310,104,391.76,1,0.05,0.028979505903854553,0.02102049409614545,1,417.91,20.9,52.78,271.64,72.59,1,0,0
1305,180,2026-03-01 05:00:00,1,6,1,dinner,rain,14,1,430,147,329.56,0,0.0,0.0,0.0,0,0.0,0.0,0.0,0.0,0.0,0,0,0
1306,180,2026-01-14 10:00:00,14,2,0,breakfast,clear,4,1,215,71,481.1,1,0.1,0.08269928185028673,0.017300718149713276,1,536.0,53.6,48.64,348.4,85.36,0,0,0
1307,180,2026-05-25 12:00:00,25,0,1,breakfast,clear,6,1,74,24,370.91,0,0.0,0.0,0.0,0,0.0,0.0,0.0,0.0,0.0,0,0,0
1308,180,2026-02-12 03:00:00,12,3,0,breakfast,clear,4,1,137,45,494.46,1,0.1,0.051846913524563526,0.04815308647543648,1,550.88,55.09,67.96,358.07,69.76,0,0,0
1309,180,2026-04-20 19:00:00,20,0,0,late_night,extreme,11,1,385,133,536.61,0,0.0,0.0,0.0,0,0.0,0.0,0.0,0.0,0.0,0,0,0
1310,180,2026-01-17 04:00:00,17,5,0,lunch,clear,2,4,552,189,364.68,0,0.0,0.0,0.0,1,364.68,0.0,82.54,237.04,45.1,0,0,0
1311,180,2026-01-11 14:00:00,11,6,0,dinner,extreme,14,1,406,139,391.84,0,0.0,0.0,0.0,0,0.0,0.0,0.0,0.0,0.0,0,0,0
1312,181,2026-03-20 14:00:00,20,4,0,lunch,rain,14,1,269,90,408.04,1,0.15,0.1236440012630867,0.0263559987369133,1,457.25,68.59,71.26,297.21,20.19,0,0,0
1313,181,2026-04-13 22:00:00,13,0,0,late_night,rain,10,1,374,128,310.41,1,0.1,0.05161747791681426,0.04838252208318575,0,0.0,0.0,0.0,0.0,0.0,0,0,0
1314,181,2026-06-17 08:00:00,17,2,0,late_night,clear,12,1,552,189,364.68,0,0.0,0.0,0.0,0,0.0,0.0,0.0,0.0,0.0,0,0,0
1315,181,2026-01-23 11:00:00,23,4,0,breakfast,clear,6,3,80,26,419.05,1,0.2,0.1971626051110986,0.0028373948889014178,1,479.65,95.93,89.38,311.77,-17.43,0,0,0
1316,181,2026-04-27 14:00:00,27,0,1,late_night,clear,8,1,220,72,668.5,0,0.0,0.0,0.0,0,0.0,0.0,0.0,0.0,0.0,0,0,0
1317,181,2026-05-02 04:00:00,2,5,1,breakfast,rain,1,5,179,59,330.4,1,0.1,0.05716871524687597,0.04283128475312403,1,360.54,36.05,59.98,234.35,30.16,1,0,0
1318,181,2026-06-19 16:00:00,19,4,0,lunch,rain,9,2,179,59,330.4,1,0.05,0.048168445901413476,0.001831554098586527,1,348.03,17.4,59.98,226.22,44.43,1,0,0
1319,181,2026-03-08 06:00:00,8,6,0,breakfast,clear,8,1,576,196,382.35,1,0.05,0.037372774261628994,0.012627225738371009,1,402.76,20.14,46.84,261.79,73.99,0,0,0
1320,182,2026-06-22 21:00:00,22,0,0,lunch,rain,1,4,277,93,332.62,1,0.15,0.10881453535164422,0.04118546464835578,1,364.28,54.64,74.26,236.78,-1.4,1,0,0
1321,182,2026-03-30 00:00:00,30,0,1,lunch,rain,6,1,373,128,361.15,1,0.05,0.04418232060259269,0.005817679397407315,0,0.0,0.0,0.0,0.0,0.0,0,0,0
1322,182,2026-06-14 07:00:00,14,6,0,breakfast,clear,4,1,265,88,547.4,0,0.0,0.0,0.0,0,0.0,0.0,0.0,0.0,0.0,0,0,0
1323,182,2026-02-01 05:00:00,1,6,1,late_night,extreme,3,1,197,65,394.82,1,0.05,0.04263426611634923,0.00736573388365077,1,411.45,20.57,59.92,267.44,63.51,1,0,0
1324,182,2026-02-22 03:00:00,22,6,0,breakfast,rain,12,1,478,163,234.55,1,0.2,0.1664589795320908,0.033541020467909216,1,261.32,52.26,56.08,169.86,-16.88,0,0,0
1325,182,2026-02-27 09:00:00,27,4,1,lunch,extreme,5,3,468,160,412.07,0,0.0,0.0,0.0,1,412.07,0.0,84.28,267.85,59.94,0,0,0
1326,182,2026-06-01 06:00:00,1,0,1,late_night,rain,7,3,416,142,323.29,0,0.0,0.0,0.0,1,323.29,0.0,50.2,210.14,62.95,0,0,0
1327,182,2026-01-04 02:00:00,4,6,1,breakfast,rain,14,1,503,173,309.83,0,0.0,0.0,0.0,0,0.0,0.0,0.0,0.0,0.0,0,0,0
1328,182,2026-03-09 12:00:00,9,0,0,dinner,rain,8,1,266,88,603.82,0,0.0,0.0,0.0,0,0.0,0.0,0.0,0.0,0.0,0,0,0
1329,182,2026-02-02 19:00:00,2,0,1,dinner,rain,13,1,312,105,471.86,1,0.2,0.12943825013615098,0.07056174986384903,1,525.71,105.14,81.7,341.71,-2.84,0,0,0
1330,182,2026-02-13 10:00:00,13,4,0,dinner,clear,4,2,252,83,352.16,1,0.15,0.09131995133281579,0.05868004866718421,0,0.0,0.0,0.0,0.0,0.0,0,0,0
1331,182,2026-04-09 12:00:00,9,3,0,late_night,clear,1,1,474,162,409.77,1,0.2,0.18528234499554613,0.014717655004453878,1,456.53,91.31,76.3,296.75,-7.82,1,0,0
1332,182,2026-06-18 22:00:00,18,3,0,lunch,clear,10,3,110,37,304.85,1,0.2,0.1824199211764817,0.017580078823518308,1,339.64,67.93,82.66,220.77,-31.71,0,1,0
1333,182,2026-01-02 01:00:00,2,4,1,breakfast,clear,1,1,65,21,412.58,0,0.0,0.0,0.0,0,0.0,0.0,0.0,0.0,0.0,0,0,0
1334,183,2026-05-28 16:00:00,28,3,1,late_night,rain,7,1,29,9,439.47,1,0.1,0.07046109223734774,0.029538907762652264,1,494.19,49.42,50.74,321.22,72.81,0,0,0
1335,183,2026-03-08 00:00:00,8,6,0,lunch,clear,12,1,373,128,361.15,1,0.15,0.11736472484678163,0.03263527515321836,1,420.59,63.09,60.16,273.38,23.96,0,0,0
1336,183,2026-06-12 19:00:00,12,4,0,lunch,rain,5,4,344,116,430.3,1,0.15,0.08952745859691345,0.06047254140308654,1,501.12,75.17,83.32,325.73,16.9,1,0,0
1337,183,2026-04-22 05:00:00,22,2,0,late_night,clear,10,4,264,87,368.04,1,0.1,0.09688675976833683,0.003113240231663178,1,413.86,41.39,52.0,269.01,51.47,0,0,0
1338,183,2026-06-15 22:00:00,15,0,0,late_night,extreme,1,1,420,144,369.6,1,0.05,0.025427993781464698,0.024572006218535305,0,0.0,0.0,0.0,0.0,0.0,0,0,0
1339,183,2026-04-18 15:00:00,18,5,0,late_night,clear,7,1,589,199,395.45,0,0.0,0.0,0.0,1,395.45,0.0,61.78,257.04,76.63,0,0,0
1340,183,2026-06-16 20:00:00,16,1,0,lunch,rain,5,1,116,38,269.91,1,0.15,0.1401402071936145,0.009859792806385492,1,314.33,47.15,47.5,204.32,15.37,0,0,0
1341,183,2026-03-11 17:00:00,11,2,0,late_night,clear,1,4,494,170,372.46,0,0.0,0.0,0.0,0,0.0,0.0,0.0,0.0,0.0,0,0,0
1342,183,2026-06-02 17:00:00,2,1,1,lunch,clear,12,2,411,140,433.0,1,0.2,0.16691987282904255,0.03308012717095746,1,518.45,103.69,81.52,336.99,-3.75,1,1,0
1343,183,2026-01-04 09:00:00,4,6,1,lunch,clear,9,1,134,44,288.98,0,0.0,0.0,0.0,0,0.0,0.0,0.0,0.0,0.0,0,0,0
1344,183,2026-06-07 17:00:00,7,6,1,late_night,clear,12,2,510,175,422.52,0,0.0,0.0,0.0,0,0.0,0.0,0.0,0.0,0.0,0,0,0
1345,183,2026-06-20 16:00:00,20,5,0,dinner,clear,13,1,37,11,363.11,0,0.0,0.0,0.0,0,0.0,0.0,0.0,0.0,0.0,0,0,0
1346,183,2026-05-15 01:00:00,15,4,0,dinner,rain,4,1,375,129,325.69,0,0.0,0.0,0.0,1,325.69,0.0,80.56,211.7,33.43,0,0,0
1347,184,2026-02-27 20:00:00,27,4,1,breakfast,rain,11,4,534,182,526.78,0,0.0,0.0,0.0,1,526.78,0.0,48.22,342.41,136.15,0,0,0
1348,184,2026-03-15 03:00:00,15,6,0,dinner,clear,7,2,291,98,373.77,1,0.1,0.08109646947900867,0.018903530520991335,1,425.94,42.59,49.48,276.86,57.01,0,0,0
1349,184,2026-06-27 10:00:00,27,5,1,late_night,clear,11,2,130,42,429.11,1,0.1,0.05136410622670007,0.04863589377329994,1,489.01,48.9,50.92,317.85,71.33,0,0,0
1350,184,2026-05-22 02:00:00,22,4,0,late_night,clear,5,2,93,31,496.71,1,0.05,0.03247957199941361,0.01752042800058639,1,537.27,26.86,55.78,349.22,105.4,0,0,0
1351,184,2026-02-17 12:00:00,17,1,0,dinner,clear,11,2,251,82,426.08,0,0.0,0.0,0.0,0,0.0,0.0,0.0,0.0,0.0,0,0,0
1352,184,2026-06-14 09:00:00,14,6,0,dinner,rain,3,5,168,55,286.78,0,0.0,0.0,0.0,1,286.78,0.0,89.14,186.41,11.23,0,0,0
1353,184,2026-06-04 05:00:00,4,3,1,lunch,rain,3,5,304,102,403.47,0,0.0,0.0,0.0,0,0.0,0.0,0.0,0.0,0.0,0,0,0
1354,184,2026-03-03 10:00:00,3,1,1,dinner,clear,12,1,551,188,482.27,1,0.1,0.06789142694795049,0.03210857305204952,1,549.59,54.96,84.76,357.23,52.64,0,0,0
1355,184,2026-02-14 03:00:00,14,5,0,dinner,clear,10,2,306,102,364.7,0,0.0,0.0,0.0,1,364.7,0.0,60.46,237.06,67.18,0,0,0
1356,184,2026-06-19 04:00:00,19,4,0,late_night,clear,2,1,262,87,288.41,0,0.0,0.0,0.0,0,0.0,0.0,0.0,0.0,0.0,0,0,0
1357,185,2026-03-17 20:00:00,17,1,0,dinner,clear,2,2,154,51,317.65,1,0.05,0.0374550815948999,0.012544918405100101,1,331.87,16.59,72.04,215.71,27.52,1,0,0
1358,185,2026-06-04 01:00:00,4,3,1,lunch,rain,1,1,182,60,341.42,1,0.05,0.04485376806406036,0.005146231935939639,1,356.7,17.84,80.68,231.86,26.33,0,0,0
1359,185,2026-03-30 07:00:00,30,0,1,dinner,extreme,13,1,20,6,418.44,0,0.0,0.0,0.0,0,0.0,0.0,0.0,0.0,0.0,0,0,0
1360,185,2026-01-06 20:00:00,6,1,1,late_night,clear,11,1,239,78,297.85,0,0.0,0.0,0.0,0,0.0,0.0,0.0,0.0,0.0,0,0,0
1361,185,2026-06-04 01:00:00,4,3,1,late_night,clear,9,2,293,99,379.55,0,0.0,0.0,0.0,0,0.0,0.0,0.0,0.0,0.0,0,0,0
1362,185,2026-06-20 11:00:00,20,5,0,late_night,clear,14,1,267,89,351.67,1,0.1,0.062042971056385655,0.03795702894361435,1,378.58,37.86,54.7,246.08,39.95,0,0,0
1363,185,2026-03-05 09:00:00,5,3,1,late_night,clear,7,1,291,98,373.77,0,0.0,0.0,0.0,0,0.0,0.0,0.0,0.0,0.0,0,0,0
1364,185,2026-04-05 07:00:00,5,6,1,dinner,rain,7,2,292,98,326.18,0,0.0,0.0,0.0,0,0.0,0.0,0.0,0.0,0.0,0,0,0
1365,185,2026-01-21 03:00:00,21,2,0,breakfast,extreme,5,1,57,19,353.42,0,0.0,0.0,0.0,0,0.0,0.0,0.0,0.0,0.0,0,0,0
1366,185,2026-06-08 02:00:00,8,0,0,lunch,clear,14,4,392,135,314.54,0,0.0,0.0,0.0,1,314.54,0.0,77.2,204.45,32.89,0,0,0
1367,185,2026-05-26 23:00:00,26,1,1,lunch,clear,6,1,350,118,329.12,1,0.05,0.048397020277067514,0.001602979722932489,0,0.0,0.0,0.0,0.0,0.0,0,0,0
1368,185,2026-01-29 02:00:00,29,3,1,late_night,extreme,2,1,468,160,412.07,1,0.2,0.11373775536380326,0.08626224463619675,1,462.05,92.41,84.28,300.33,-14.97,0,0,0
1369,185,2026-03-16 13:00:00,16,0,0,dinner,clear,13,2,426,146,402.47,1,0.05,0.032950521415868926,0.017049478584131077,0,0.0,0.0,0.0,0.0,0.0,0,0,0
1370,185,2026-05-16 04:00:00,16,5,0,dinner,clear,9,2,268,89,373.97,1,0.2,0.10097646866439614,0.09902353133560388,1,419.33,83.87,54.7,272.56,8.2,0,0,0
1371,186,2026-05-01 15:00:00,1,4,1,lunch,rain,10,1,379,130,459.76,0,0.0,0.0,0.0,0,0.0,0.0,0.0,0.0,0.0,0,0,0
1372,186,2026-01-14 03:00:00,14,2,0,dinner,rain,1,1,495,170,353.45,1,0.2,0.17273490943586453,0.02726509056413548,1,395.5,79.1,61.66,257.08,-2.33,1,0,0
1373,186,2026-02-19 12:00:00,19,3,0,lunch,extreme,2,2,118,39,439.52,1,0.1,0.07670859647853588,0.023291403521464124,1,472.51,47.25,88.12,307.13,30.01,1,0,0
1374,186,2026-03-01 02:00:00,1,6,1,dinner,clear,6,3,260,86,580.54,0,0.0,0.0,0.0,1,580.54,0.0,73.0,377.35,130.19,0,0,0
1375,186,2026-06-28 21:00:00,28,6,1,late_night,clear,12,4,412,141,376.41,0,0.0,0.0,0.0,1,376.41,0.0,67.96,244.67,63.78,0,0,0
1376,186,2026-01-03 06:00:00,3,5,1,lunch,clear,10,1,403,138,375.94,1,0.2,0.10278081416878673,0.09721918583121328,1,420.67,84.13,50.2,273.44,12.9,0,0,0
1377,186,2026-06-28 04:00:00,28,6,1,lunch,rain,4,2,233,76,237.76,1,0.2,0.16602277573817062,0.03397722426182939,1,266.05,53.21,54.76,172.93,-14.85,1,0,0
1378,186,2026-01-16 22:00:00,16,4,0,late_night,clear,10,1,334,112,602.0,0,0.0,0.0,0.0,1,602.0,0.0,56.38,391.3,154.32,0,0,0
1379,186,2026-04-28 17:00:00,28,1,1,breakfast,clear,4,1,481,165,317.88,0,0.0,0.0,0.0,0,0.0,0.0,0.0,0.0,0.0,0,0,0
1380,187,2026-05-15 14:00:00,15,4,0,dinner,clear,5,5,117,38,339.09,1,0.2,0.13005413960105525,0.06994586039894476,1,403.24,80.65,46.0,262.11,14.49,0,0,0
1381,187,2026-06-11 13:00:00,11,3,0,late_night,clear,6,1,259,85,416.73,0,0.0,0.0,0.0,1,416.73,0.0,57.28,270.87,88.58,0,0,0
1382,187,2026-05-23 04:00:00,23,5,0,breakfast,clear,14,1,579,197,358.14,1,0.05,0.03204580906765308,0.017954190932346924,1,383.15,19.16,64.06,249.04,50.88,1,0,0
1383,187,2026-06-25 17:00:00,25,3,1,breakfast,clear,14,2,158,52,277.26,0,0.0,0.0,0.0,0,0.0,0.0,0.0,0.0,0.0,0,0,0
1384,187,2026-04-11 17:00:00,11,5,0,breakfast,clear,12,3,65,21,412.58,1,0.15,0.10898982820799276,0.041010171792007236,1,477.68,71.65,84.88,310.49,10.66,1,0,0
1385,187,2026-06-16 01:00:00,16,1,0,late_night,clear,12,1,258,85,347.07,1,0.05,0.036648728918910335,0.013351271081089668,1,371.3,18.57,57.28,241.35,54.11,1,0,0
1386,187,2026-06-17 19:00:00,17,2,0,dinner,clear,5,1,434,148,284.36,0,0.0,0.0,0.0,0,0.0,0.0,0.0,0.0,0.0,0,0,0
1387,187,2026-06-26 21:00:00,26,4,1,late_night,extreme,14,1,46,14,430.08,1,0.2,0.16414965131626078,0.035850348683739236,1,511.44,102.29,73.78,332.44,2.94,0,0,0
1388,187,2026-06-15 20:00:00,15,0,0,lunch,clear,6,1,490,168,404.53,1,0.1,0.06817661400408145,0.03182338599591855,1,452.81,45.28,51.94,294.33,61.26,0,0,0
1389,187,2026-03-27 02:00:00,27,4,1,dinner,rain,2,1,554,189,318.22,0,0.0,0.0,0.0,0,0.0,0.0,0.0,0.0,0.0,0,0,0
1390,188,2026-06-02 10:00:00,2,1,1,breakfast,extreme,8,1,74,24,370.91,0,0.0,0.0,0.0,0,0.0,0.0,0.0,0.0,0.0,0,0,0
1391,188,2026-03-02 07:00:00,2,0,1,breakfast,rain,3,1,480,164,354.68,1,0.1,0.07971808541373401,0.020281914586265992,1,381.23,38.12,90.82,247.8,4.49,0,0,0
1392,188,2026-03-20 23:00:00,20,4,0,dinner,rain,14,1,471,161,556.82,0,0.0,0.0,0.0,0,0.0,0.0,0.0,0.0,0.0,0,0,0
1393,188,2026-03-30 22:00:00,30,0,1,dinner,clear,6,1,35,11,312.68,0,0.0,0.0,0.0,0,0.0,0.0,0.0,0.0,0.0,0,0,0
1394,188,2026-05-02 16:00:00,2,5,1,breakfast,clear,1,4,246,80,447.69,1,0.05,0.03988722461047858,0.01011277538952142,1,467.29,23.36,73.0,303.74,67.19,0,0,0
1395,188,2026-06-26 01:00:00,26,4,1,breakfast,extreme,2,3,375,129,325.69,0,0.0,0.0,0.0,0,0.0,0.0,0.0,0.0,0.0,0,0,0
1396,188,2026-02-07 00:00:00,7,5,1,lunch,clear,7,1,66,21,340.92,1,0.1,0.08602563242307952,0.013974367576920485,1,366.44,36.64,84.88,238.19,6.73,0,0,0
1397,188,2026-03-14 01:00:00,14,5,0,lunch,clear,4,1,419,143,516.7,0,0.0,0.0,0.0,0,0.0,0.0,0.0,0.0,0.0,0,0,0
1398,188,2026-06-07 07:00:00,7,6,1,breakfast,clear,4,2,331,112,502.27,0,0.0,0.0,0.0,0,0.0,0.0,0.0,0.0,0.0,0,0,0
1399,188,2026-02-24 17:00:00,24,1,0,breakfast,clear,14,1,235,76,242.38,0,0.0,0.0,0.0,1,242.38,0.0,53.26,157.55,31.57,0,0,0
1400,188,2026-06-22 16:00:00,22,0,0,breakfast,clear,5,2,542,186,379.72,1,0.2,0.14054278516081278,0.05945721483918723,1,424.77,84.95,75.46,276.1,-11.74,0,0,0
1401,188,2026-02-16 10:00:00,16,0,0,lunch,clear,6,1,562,192,224.05,0,0.0,0.0,0.0,1,224.05,0.0,65.56,145.63,12.86,0,0,0
1402,188,2026-01-16 00:00:00,16,4,0,breakfast,clear,3,1,513,176,549.34,0,0.0,0.0,0.0,0,0.0,0.0,0.0,0.0,0.0,0,0,0
1403,188,2026-03-01 06:00:00,1,6,1,lunch,clear,7,1,398,136,562.98,1,0.2,0.123798423197725,0.07620157680227502,1,629.78,125.96,85.3,409.36,9.17,0,1,0
1404,189,2026-06-07 23:00:00,7,6,1,breakfast,rain,6,1,236,77,323.45,0,0.0,0.0,0.0,1,323.45,0.0,73.06,210.24,40.15,0,0,0
1405,189,2026-06-28 20:00:00,28,6,1,breakfast,clear,14,5,507,174,355.79,0,0.0,0.0,0.0,0,0.0,0.0,0.0,0.0,0.0,0,0,0
1406,189,2026-06-03 03:00:00,3,2,1,dinner,extreme,4,2,569,194,352.91,1,0.2,0.18402493558811514,0.01597506441188487,1,401.67,80.33,83.32,261.09,-23.07,0,0,0
1407,189,2026-05-19 19:00:00,19,1,0,late_night,clear,3,2,191,64,343.36,0,0.0,0.0,0.0,0,0.0,0.0,0.0,0.0,0.0,0,0,0
1408,189,2026-03-16 14:00:00,16,0,0,dinner,clear,10,1,450,155,358.65,0,0.0,0.0,0.0,1,358.65,0.0,72.04,233.12,53.49,0,0,0
1409,189,2026-03-27 06:00:00,27,4,1,breakfast,clear,3,1,383,132,348.19,0,0.0,0.0,0.0,0,0.0,0.0,0.0,0.0,0.0,0,0,0
1410,189,2026-03-30 05:00:00,30,0,1,breakfast,clear,13,2,100,33,426.11,1,0.2,0.10620550492527805,0.09379449507472196,1,484.99,97.0,51.16,315.24,21.59,1,0,0
1411,189,2026-06-07 04:00:00,7,6,1,breakfast,clear,5,2,446,153,531.37,1,0.15,0.1490865227943527,0.0009134772056473006,1,592.61,88.89,78.88,385.2,39.64,1,0,0
1412,189,2026-03-29 06:00:00,29,6,1,late_night,clear,8,2,493,169,546.34,1,0.1,0.06696546645487655,0.03303453354512345,1,593.97,59.4,51.34,386.08,97.15,1,0,0
1413,189,2026-02-21 03:00:00,21,5,0,breakfast,extreme,12,1,340,115,313.38,1,0.05,0.03214081525904141,0.017859184740958593,1,329.36,16.47,86.5,214.09,12.31,0,0,0
1414,189,2026-06-19 06:00:00,19,4,0,late_night,extreme,4,1,579,197,358.14,1,0.2,0.1544073150196053,0.045592684980394704,1,407.63,81.53,67.06,264.96,-5.92,0,1,0
1415,189,2026-06-15 08:00:00,15,0,0,breakfast,clear,1,1,354,119,352.83,0,0.0,0.0,0.0,0,0.0,0.0,0.0,0.0,0.0,0,0,0
1416,189,2026-04-10 13:00:00,10,4,0,breakfast,clear,10,1,24,7,471.83,0,0.0,0.0,0.0,0,0.0,0.0,0.0,0.0,0.0,0,0,0
1417,190,2026-04-03 06:00:00,3,4,1,breakfast,clear,7,1,131,43,406.54,1,0.05,0.042678022724946994,0.0073219772750530085,1,434.0,21.7,67.48,282.1,62.72,1,0,0
1418,190,2026-01-25 05:00:00,25,6,1,lunch,clear,6,1,502,173,311.01,0,0.0,0.0,0.0,0,0.0,0.0,0.0,0.0,0.0,0,0,0
1419,190,2026-04-28 15:00:00,28,1,1,late_night,clear,9,4,120,39,415.81,0,0.0,0.0,0.0,0,0.0,0.0,0.0,0.0,0.0,0,0,0
1420,190,2026-04-02 18:00:00,2,3,1,late_night,clear,13,1,231,75,429.49,1,0.05,0.02654195498541766,0.023458045014582343,1,458.5,22.92,67.9,298.02,69.65,0,0,0
1421,191,2026-05-05 05:00:00,5,1,1,dinner,clear,9,1,164,54,379.98,1,0.05,0.04806865533463328,0.0019313446653667216,0,0.0,0.0,0.0,0.0,0.0,0,0,0
1422,191,2026-03-19 18:00:00,19,3,0,late_night,clear,3,1,343,116,496.91,1,0.1,0.08765071304044794,0.012349286959552064,0,0.0,0.0,0.0,0.0,0.0,0,0,0
1423,191,2026-04-20 08:00:00,20,0,0,lunch,clear,11,1,516,177,593.59,0,0.0,0.0,0.0,0,0.0,0.0,0.0,0.0,0.0,0,0,0
1424,191,2026-04-15 07:00:00,15,2,0,breakfast,clear,13,1,112,37,403.7,1,0.15,0.12954219269396852,0.020457807306031472,1,423.37,63.51,82.66,275.19,2.01,0,0,0
1425,191,2026-04-14 01:00:00,14,1,0,breakfast,clear,8,1,406,139,391.84,0,0.0,0.0,0.0,0,0.0,0.0,0.0,0.0,0.0,0,0,0
1426,191,2026-05-19 14:00:00,19,1,0,lunch,clear,9,1,422,144,437.29,0,0.0,0.0,0.0,1,437.29,0.0,50.74,284.24,102.31,0,0,0
1427,191,2026-03-23 23:00:00,23,0,0,dinner,clear,1,1,419,143,516.7,1,0.05,0.027768548508534087,0.022231451491465916,0,0.0,0.0,0.0,0.0,0.0,0,0,0
1428,191,2026-04-24 02:00:00,24,4,0,dinner,clear,5,1,464,159,253.04,1,0.2,0.14321300887036378,0.05678699112963623,1,267.82,53.56,51.7,174.08,-11.53,1,0,0
1429,191,2026-06-21 05:00:00,21,6,0,breakfast,clear,12,1,33,10,294.15,1,0.05,0.04689734220813629,0.003102657791863715,1,300.49,15.02,83.8,195.32,6.35,0,0,0
1430,192,2026-04-13 22:00:00,13,0,0,late_night,extreme,3,1,314,105,440.46,0,0.0,0.0,0.0,0,0.0,0.0,0.0,0.0,0.0,0,0,0
1431,192,2026-01-24 13:00:00,24,5,0,breakfast,clear,10,1,467,159,534.48,1,0.1,0.0697433962802166,0.030256603719783406,1,579.16,57.92,51.7,376.45,93.09,0,0,0
1432,192,2026-04-01 06:00:00,1,2,1,lunch,clear,3,1,584,198,433.43,1,0.15,0.13241459720476623,0.017585402795233768,1,481.33,72.2,66.7,312.86,29.57,0,0,0
1433,192,2026-01-30 13:00:00,30,4,1,dinner,extreme,6,4,36,11,321.02,1,0.15,0.07508297399940793,0.07491702600059207,1,356.49,53.47,54.82,231.72,16.48,0,0,0
1434,192,2026-03-24 00:00:00,24,1,0,breakfast,clear,12,1,378,130,410.6,1,0.2,0.131932183868768,0.068067816131232,1,465.0,93.0,72.88,302.25,-3.13,0,0,0
1435,192,2026-02-13 19:00:00,13,4,0,dinner,rain,5,1,435,149,364.22,0,0.0,0.0,0.0,1,364.22,0.0,48.88,236.74,78.6,0,0,0
1436,192,2026-06-08 20:00:00,8,0,0,late_night,clear,7,1,191,64,343.36,0,0.0,0.0,0.0,0,0.0,0.0,0.0,0.0,0.0,0,0,0
1437,193,2026-04-20 22:00:00,20,0,0,dinner,clear,11,1,199,66,326.09,1,0.05,0.048904765794467536,0.0010952342055324665,0,0.0,0.0,0.0,0.0,0.0,0,0,0
1438,193,2026-03-31 06:00:00,31,1,1,dinner,clear,11,1,154,51,317.65,1,0.05,0.04056665804351989,0.009433341956480115,0,0.0,0.0,0.0,0.0,0.0,0,0,0
1439,193,2026-02-13 21:00:00,13,4,0,late_night,clear,7,3,84,27,443.26,1,0.1,0.056549001362654776,0.04345099863734523,1,477.16,47.72,86.8,310.15,32.49,0,0,0
1440,193,2026-01-09 15:00:00,9,4,0,lunch,clear,13,4,104,34,354.02,1,0.1,0.051102404950446156,0.04889759504955385,1,381.09,38.11,55.54,247.71,39.73,0,0,0
1441,193,2026-03-17 22:00:00,17,1,0,late_night,clear,13,1,504,173,315.59,1,0.15,0.1483996310737116,0.001600368926288398,1,347.49,52.12,70.12,225.87,-0.62,0,0,0
1442,193,2026-05-17 19:00:00,17,6,0,late_night,rain,8,1,536,183,397.95,0,0.0,0.0,0.0,0,0.0,0.0,0.0,0.0,0.0,0,0,0
1443,193,2026-03-02 01:00:00,2,0,1,breakfast,clear,6,1,250,82,326.54,1,0.05,0.025526215008782462,0.02447378499121754,1,341.15,17.06,85.6,221.75,16.74,0,0,0
1444,193,2026-01-25 16:00:00,25,6,1,late_night,clear,1,1,505,173,326.67,0,0.0,0.0,0.0,0,0.0,0.0,0.0,0.0,0.0,0,0,0
1445,193,2026-01-13 15:00:00,13,1,0,late_night,rain,5,1,263,87,460.9,0,0.0,0.0,0.0,1,460.9,0.0,53.5,299.58,107.82,0,0,0
1446,193,2026-05-08 01:00:00,8,4,0,dinner,clear,7,1,351,118,460.55,0,0.0,0.0,0.0,1,460.55,0.0,89.02,299.36,72.17,0,0,0
1447,193,2026-05-19 08:00:00,19,1,0,lunch,clear,14,1,255,84,426.05,1,0.2,0.19655434525958973,0.003445654740410281,1,477.69,95.54,49.0,310.5,22.65,0,0,0
1448,193,2026-05-03 17:00:00,3,6,1,lunch,clear,7,1,420,144,369.6,0,0.0,0.0,0.0,0,0.0,0.0,0.0,0.0,0.0,0,0,0
1449,194,2026-06-26 15:00:00,26,4,1,late_night,rain,7,4,560,191,375.48,0,0.0,0.0,0.0,0,0.0,0.0,0.0,0.0,0.0,0,0,0
1450,194,2026-04-10 02:00:00,10,4,0,lunch,rain,1,2,145,48,505.89,1,0.05,0.03962575009726264,0.010374249902737366,0,0.0,0.0,0.0,0.0,0.0,0,0,0
1451,194,2026-04-25 13:00:00,25,5,1,dinner,rain,7,2,168,55,286.78,0,0.0,0.0,0.0,0,0.0,0.0,0.0,0.0,0.0,0,0,0
1452,194,2026-05-18 09:00:00,18,0,0,late_night,extreme,5,1,123,40,374.8,1,0.15,0.11686478186099711,0.03313521813900289,1,409.75,61.46,76.18,266.34,5.77,0,0,0
1453,194,2026-02-08 05:00:00,8,6,0,dinner,rain,14,2,444,153,387.88,1,0.15,0.13330177585766287,0.016698224142337126,1,424.05,63.61,80.38,275.63,4.43,0,0,0
1454,194,2026-04-25 18:00:00,25,5,1,dinner,clear,4,1,526,180,528.36,1,0.1,0.07451493386547069,0.02548506613452932,0,0.0,0.0,0.0,0.0,0.0,0,0,0
1455,194,2026-02-05 20:00:00,5,3,1,breakfast,clear,2,1,0,0,289.95,1,0.15,0.10723687209443462,0.04276312790556537,1,316.99,47.55,46.18,206.04,17.22,1,0,0
1456,194,2026-03-07 10:00:00,7,5,1,dinner,clear,2,2,584,198,433.43,1,0.05,0.04857726851186199,0.0014227314881380126,1,451.32,22.57,66.7,293.36,68.69,0,0,0
1457,194,2026-06-18 00:00:00,18,3,0,dinner,rain,13,1,269,90,408.04,0,0.0,0.0,0.0,1,408.04,0.0,71.26,265.23,71.55,0,0,0
1458,194,2026-06-07 01:00:00,7,6,1,dinner,clear,9,1,569,194,352.91,0,0.0,0.0,0.0,0,0.0,0.0,0.0,0.0,0.0,0,0,0
1459,194,2026-05-15 13:00:00,15,4,0,breakfast,rain,9,3,70,22,412.24,0,0.0,0.0,0.0,0,0.0,0.0,0.0,0.0,0.0,0,0,0
1460,194,2026-06-29 14:00:00,29,0,1,dinner,clear,2,2,564,192,450.77,0,0.0,0.0,0.0,0,0.0,0.0,0.0,0.0,0.0,0,0,0
1461,194,2026-06-15 17:00:00,15,0,0,late_night,clear,11,2,169,56,358.37,0,0.0,0.0,0.0,0,0.0,0.0,0.0,0.0,0.0,0,0,0
1462,195,2026-06-25 21:00:00,25,3,1,lunch,clear,7,4,287,96,526.62,0,0.0,0.0,0.0,0,0.0,0.0,0.0,0.0,0.0,0,0,0
1463,195,2026-06-24 05:00:00,24,2,0,breakfast,clear,7,1,509,175,364.69,1,0.05,0.0488545692033037,0.001145430796696302,1,382.82,19.14,69.94,248.83,44.91,1,0,0
1464,195,2026-05-13 14:00:00,13,2,0,breakfast,clear,12,1,494,170,372.46,1,0.1,0.0925057070149771,0.00749429298502291,1,404.12,40.41,60.16,262.68,40.87,0,0,0
1465,195,2026-04-12 15:00:00,12,6,0,lunch,clear,5,3,394,135,359.67,0,0.0,0.0,0.0,0,0.0,0.0,0.0,0.0,0.0,0,0,0
1466,195,2026-05-11 06:00:00,11,0,0,dinner,clear,13,4,380,131,355.04,0,0.0,0.0,0.0,0,0.0,0.0,0.0,0.0,0.0,0,0,0
1467,195,2026-06-22 19:00:00,22,0,0,lunch,extreme,5,1,347,117,386.51,0,0.0,0.0,0.0,1,386.51,0.0,80.2,251.23,55.08,0,0,0
1468,195,2026-03-21 22:00:00,21,5,0,dinner,clear,11,1,55,18,281.2,1,0.1,0.09344144141041802,0.0065585585895819865,1,305.1,30.51,71.62,198.32,4.66,0,0,0
1469,195,2026-06-04 22:00:00,4,3,1,late_night,rain,14,2,281,94,499.39,1,0.05,0.046187649802819614,0.003812350197180389,0,0.0,0.0,0.0,0.0,0.0,0,0,0
1470,196,2026-06-07 11:00:00,7,6,1,lunch,clear,3,3,305,102,300.68,0,0.0,0.0,0.0,0,0.0,0.0,0.0,0.0,0.0,0,0,0
1471,197,2026-05-05 17:00:00,5,1,1,dinner,clear,7,2,380,131,355.04,0,0.0,0.0,0.0,0,0.0,0.0,0.0,0.0,0.0,0,0,0
1472,197,2026-05-01 07:00:00,1,4,1,late_night,rain,11,4,47,14,362.77,1,0.05,0.027698329885383927,0.022301670114616076,1,383.22,19.16,72.28,249.09,42.69,0,0,0
1473,197,2026-01-15 16:00:00,15,3,0,late_night,clear,12,1,66,21,340.92,0,0.0,0.0,0.0,1,340.92,0.0,84.88,221.6,34.44,0,0,0
1474,197,2026-05-09 09:00:00,9,5,0,dinner,clear,8,1,230,75,383.59,1,0.1,0.061737131701264936,0.03826286829873507,1,420.56,42.06,67.9,273.36,37.24,0,0,0
1475,197,2026-05-12 02:00:00,12,1,0,late_night,clear,6,1,58,19,386.43,1,0.2,0.15027389268617466,0.049726107313825346,1,445.46,89.09,63.88,289.55,2.94,0,0,0
1476,197,2026-01-05 22:00:00,5,0,1,lunch,clear,14,1,582,198,450.79,0,0.0,0.0,0.0,0,0.0,0.0,0.0,0.0,0.0,0,0,0
1477,197,2026-03-28 14:00:00,28,5,1,late_night,clear,1,1,500,172,443.27,1,0.1,0.08152426906431938,0.018475730935680626,0,0.0,0.0,0.0,0.0,0.0,0,0,0
1478,197,2026-04-02 11:00:00,2,3,1,late_night,clear,9,1,504,173,315.59,0,0.0,0.0,0.0,0,0.0,0.0,0.0,0.0,0.0,0,0,0
1479,198,2026-02-13 16:00:00,13,4,0,breakfast,rain,1,1,60,20,327.51,0,0.0,0.0,0.0,1,327.51,0.0,59.02,212.88,55.61,0,0,0
1480,198,2026-04-18 15:00:00,18,5,0,lunch,rain,3,1,208,68,619.11,1,0.05,0.04521145497328567,0.00478854502671433,0,0.0,0.0,0.0,0.0,0.0,0,0,0
1481,198,2026-06-11 04:00:00,11,3,0,breakfast,clear,1,1,559,191,467.99,1,0.1,0.06638517526407287,0.03361482473592714,1,519.13,51.91,87.64,337.43,42.14,0,0,0
1482,199,2026-01-07 13:00:00,7,2,1,dinner,clear,13,1,286,96,396.78,0,0.0,0.0,0.0,0,0.0,0.0,0.0,0.0,0.0,0,0,0
1483,200,2026-03-30 09:00:00,30,0,1,dinner,clear,14,2,193,64,439.49,0,0.0,0.0,0.0,1,439.49,0.0,56.5,285.67,97.32,0,0,0
1484,200,2026-04-07 02:00:00,7,1,1,late_night,extreme,2,2,44,13,374.19,0,0.0,0.0,0.0,0,0.0,0.0,0.0,0.0,0.0,0,0,0
1485,200,2026-01-05 15:00:00,5,0,1,breakfast,rain,6,4,295,99,382.6,1,0.05,0.026005853512060997,0.023994146487939006,1,411.65,20.58,69.58,267.57,53.92,1,0,0
1486,200,2026-05-16 01:00:00,16,5,0,dinner,rain,3,1,312,105,471.86,1,0.1,0.07864221027341925,0.021357789726580756,1,533.11,53.31,81.7,346.52,51.58,0,0,0
1487,200,2026-06-12 08:00:00,12,4,0,late_night,clear,2,1,413,141,430.89,0,0.0,0.0,0.0,0,0.0,0.0,0.0,0.0,0.0,0,0,0
1488,200,2026-06-16 04:00:00,16,1,0,lunch,clear,2,1,64,21,319.07,1,0.15,0.11460212838221227,0.03539787161778772,1,373.82,56.07,84.88,242.98,-10.12,0,0,0
1489,200,2026-04-29 17:00:00,29,2,1,late_night,clear,11,1,192,64,400.77,1,0.15,0.08785606384769769,0.062143936152302306,1,469.54,70.43,56.5,305.2,37.41,0,0,0
1490,201,2026-06-01 20:00:00,1,0,1,dinner,rain,8,1,233,76,237.76,0,0.0,0.0,0.0,0,0.0,0.0,0.0,0.0,0.0,0,0,0
1491,201,2026-06-21 15:00:00,21,6,0,breakfast,clear,14,2,437,150,421.49,0,0.0,0.0,0.0,0,0.0,0.0,0.0,0.0,0.0,0,0,0
1492,202,2026-02-01 02:00:00,1,6,1,dinner,clear,14,4,198,66,362.58,0,0.0,0.0,0.0,1,362.58,0.0,47.14,235.68,79.76,0,0,0
1493,202,2026-06-21 13:00:00,21,6,0,late_night,clear,3,2,339,115,349.28,1,0.15,0.11577794922743986,0.03422205077256013,0,0.0,0.0,0.0,0.0,0.0,0,0,0
1494,203,2026-01-01 19:00:00,1,3,1,late_night,clear,5,1,159,53,379.66,0,0.0,0.0,0.0,0,0.0,0.0,0.0,0.0,0.0,0,0,0
1495,203,2026-04-19 05:00:00,19,6,0,dinner,rain,5,4,521,178,418.22,0,0.0,0.0,0.0,0,0.0,0.0,0.0,0.0,0.0,0,0,0
1496,203,2026-01-21 19:00:00,21,2,0,dinner,clear,7,3,430,147,329.56,1,0.2,0.13096269551439255,0.06903730448560746,1,372.3,74.46,87.64,242.0,-31.79,0,0,0
1497,203,2026-06-26 06:00:00,26,4,1,breakfast,clear,11,2,441,152,383.96,1,0.15,0.08061324059299413,0.06938675940700587,1,425.49,63.82,69.88,276.57,15.22,0,0,0
1498,203,2026-06-16 03:00:00,16,1,0,lunch,clear,3,1,195,65,438.04,1,0.15,0.12980137882089082,0.020198621179109172,1,485.42,72.81,56.92,315.52,40.16,0,0,0
1499,203,2026-04-08 20:00:00,8,2,0,breakfast,clear,1,2,464,159,253.04,1,0.2,0.15780051798837397,0.042199482011626044,1,285.86,57.17,51.7,185.81,-8.82,0,1,0
1500,203,2026-01-07 23:00:00,7,2,1,dinner,clear,8,1,223,73,306.77,0,0.0,0.0,0.0,1,306.77,0.0,84.16,199.4,23.21,0,0,0
1501,203,2026-01-05 13:00:00,5,0,1,late_night,clear,9,2,18,5,453.72,1,0.05,0.047971168048038505,0.0020288319519614975,0,0.0,0.0,0.0,0.0,0.0,0,0,0
1502,204,2026-06-23 09:00:00,23,1,0,late_night,rain,4,1,82,26,413.45,1,0.05,0.036293505167688936,0.013706494832311067,1,433.49,21.67,90.88,281.77,39.17,1,1,0
1503,205,2026-03-23 02:00:00,23,0,0,late_night,clear,4,1,229,75,373.34,0,0.0,0.0,0.0,0,0.0,0.0,0.0,0.0,0.0,0,0,0
1504,205,2026-04-12 08:00:00,12,6,0,late_night,clear,12,1,237,77,366.32,0,0.0,0.0,0.0,1,366.32,0.0,71.56,238.11,56.65,0,0,0
1505,205,2026-06-13 20:00:00,13,5,0,late_night,rain,5,2,369,126,374.47,0,0.0,0.0,0.0,0,0.0,0.0,0.0,0.0,0.0,0,0,0
1506,205,2026-02-11 18:00:00,11,2,0,breakfast,clear,10,2,11,3,382.03,1,0.2,0.11095191787029553,0.08904808212970448,1,435.45,87.09,55.84,283.04,9.48,0,0,0
1507,205,2026-02-24 18:00:00,24,1,0,breakfast,clear,8,1,122,40,339.12,0,0.0,0.0,0.0,0,0.0,0.0,0.0,0.0,0.0,0,0,1
1508,205,2026-05-18 07:00:00,18,0,0,breakfast,clear,14,1,454,156,238.15,0,0.0,0.0,0.0,0,0.0,0.0,0.0,0.0,0.0,0,0,0
1509,205,2026-01-24 05:00:00,24,5,0,breakfast,clear,14,1,222,73,368.75,0,0.0,0.0,0.0,0,0.0,0.0,0.0,0.0,0.0,0,0,0
1510,205,2026-05-02 02:00:00,2,5,1,late_night,rain,1,2,67,22,343.91,1,0.1,0.05720522457429744,0.042794775425702564,1,374.25,37.42,88.48,243.26,5.08,0,0,0
1511,205,2026-06-27 13:00:00,27,5,1,breakfast,clear,3,2,24,7,471.83,1,0.2,0.16135217768864907,0.03864782231135094,1,537.8,107.56,82.3,349.57,-1.63,0,0,0
1512,206,2026-05-14 15:00:00,14,3,0,lunch,clear,3,1,51,16,606.47,0,0.0,0.0,0.0,0,0.0,0.0,0.0,0.0,0.0,0,0,0
1513,206,2026-06-04 16:00:00,4,3,1,lunch,clear,5,1,423,144,412.86,1,0.05,0.03207693343884493,0.017923066561155075,1,443.53,22.18,50.74,288.3,82.32,1,0,0
1514,206,2026-04-12 23:00:00,12,6,0,dinner,clear,10,1,65,21,412.58,0,0.0,0.0,0.0,1,412.58,0.0,84.88,268.18,59.52,0,0,0
1515,206,2026-02-19 10:00:00,19,3,0,lunch,clear,1,1,246,80,447.69,0,0.0,0.0,0.0,1,447.69,0.0,73.0,291.0,83.69,0,0,0
1516,207,2026-04-07 19:00:00,7,1,1,breakfast,rain,1,1,102,34,373.66,0,0.0,0.0,0.0,0,0.0,0.0,0.0,0.0,0.0,0,0,0
1517,207,2026-01-04 02:00:00,4,6,1,lunch,rain,6,1,169,56,358.37,1,0.15,0.12858621497753633,0.02141378502246366,1,434.25,65.14,67.42,282.26,19.43,1,0,0
1518,207,2026-06-25 19:00:00,25,3,1,breakfast,clear,13,1,462,158,425.12,1,0.05,0.035657354469517545,0.014342645530482458,1,464.95,23.25,83.14,302.22,56.35,0,0,0
1519,207,2026-02-09 09:00:00,9,0,0,breakfast,clear,14,1,260,86,580.54,0,0.0,0.0,0.0,0,0.0,0.0,0.0,0.0,0.0,0,0,0
1520,207,2026-04-10 14:00:00,10,4,0,lunch,clear,5,3,186,62,511.72,1,0.1,0.09058782589408228,0.009412174105917728,1,593.68,59.37,72.28,385.89,76.14,0,0,0
1521,207,2026-02-18 10:00:00,18,2,0,lunch,rain,4,1,122,40,339.12,1,0.05,0.03599891927922127,0.014001080720778734,1,370.89,18.54,74.68,241.08,36.59,1,0,0
1522,208,2026-06-18 22:00:00,18,3,0,late_night,clear,3,2,281,94,499.39,0,0.0,0.0,0.0,1,499.39,0.0,52.36,324.6,122.43,0,0,0
1523,208,2026-01-29 05:00:00,29,3,1,late_night,rain,9,5,515,177,466.41,1,0.15,0.10452305883727467,0.045476941162725326,1,511.8,76.77,71.32,332.67,31.04,0,0,0
1524,208,2026-05-02 12:00:00,2,5,1,dinner,clear,11,1,215,71,481.1,1,0.15,0.12735054786280242,0.022649452137197573,1,527.92,79.19,48.64,343.15,56.94,0,0,0
1525,208,2026-05-27 08:00:00,27,2,1,lunch,clear,9,2,213,70,439.7,0,0.0,0.0,0.0,0,0.0,0.0,0.0,0.0,0.0,0,0,0
1526,208,2026-01-17 03:00:00,17,5,0,breakfast,clear,11,1,567,193,277.06,1,0.05,0.02879381888318283,0.02120618111681717,0,0.0,0.0,0.0,0.0,0.0,0,0,0
1527,208,2026-04-12 20:00:00,12,6,0,dinner,rain,8,1,406,139,391.84,0,0.0,0.0,0.0,0,0.0,0.0,0.0,0.0,0.0,0,0,0
1528,208,2026-03-05 03:00:00,5,3,1,lunch,clear,13,1,23,7,447.81,0,0.0,0.0,0.0,0,0.0,0.0,0.0,0.0,0.0,0,0,0
1529,208,2026-05-08 12:00:00,8,4,0,dinner,extreme,6,1,539,184,302.3,0,0.0,0.0,0.0,0,0.0,0.0,0.0,0.0,0.0,0,0,0
1530,208,2026-05-15 12:00:00,15,4,0,late_night,clear,5,2,6,2,546.89,0,0.0,0.0,0.0,0,0.0,0.0,0.0,0.0,0.0,0,0,0
1531,208,2026-04-27 03:00:00,27,0,1,late_night,clear,4,1,44,13,374.19,1,0.05,0.045034764266143903,0.004965235733856099,1,390.3,19.52,45.22,253.7,71.87,0,0,0
1532,208,2026-01-02 21:00:00,2,4,1,dinner,clear,10,1,65,21,412.58,1,0.15,0.07904652293976122,0.07095347706023877,1,452.73,67.91,84.88,294.27,5.67,0,0,0
1533,208,2026-02-07 14:00:00,7,5,1,dinner,clear,4,5,233,76,237.76,0,0.0,0.0,0.0,1,237.76,0.0,53.26,154.54,29.96,0,0,0
1534,208,2026-01-15 17:00:00,15,3,0,lunch,clear,5,2,438,150,397.96,1,0.15,0.09439442358252391,0.055605576417476085,1,436.69,65.5,64.84,283.85,22.5,0,0,0
1535,208,2026-02-20 13:00:00,20,4,0,late_night,clear,5,3,477,163,341.1,1,0.1,0.0698339374376868,0.030166062562313203,1,366.21,36.62,54.58,238.04,36.97,1,0,0
1536,209,2026-01-12 03:00:00,12,0,0,dinner,rain,3,4,227,74,392.38,1,0.15,0.10902505383419551,0.04097494616580448,1,454.05,68.11,73.42,295.13,17.39,0,0,0
1537,209,2026-04-04 19:00:00,4,5,1,breakfast,rain,6,1,275,92,337.39,0,0.0,0.0,0.0,0,0.0,0.0,0.0,0.0,0.0,0,0,0
1538,209,2026-03-18 02:00:00,18,2,0,dinner,clear,14,1,532,181,329.51,1,0.1,0.06092399305100722,0.039076006948992784,1,368.69,36.87,65.44,239.65,26.73,0,0,0
1539,209,2026-03-08 08:00:00,8,6,0,lunch,extreme,9,1,317,106,383.97,1,0.15,0.1361194891807954,0.013880510819204606,1,444.32,66.65,56.32,288.81,32.54,1,0,0
1540,209,2026-05-24 21:00:00,24,6,0,lunch,rain,12,2,332,112,555.99,0,0.0,0.0,0.0,0,0.0,0.0,0.0,0.0,0.0,0,0,0
1541,209,2026-05-21 13:00:00,21,3,0,dinner,clear,13,1,292,98,326.18,1,0.1,0.08168303456455947,0.018316965435440535,1,364.96,36.5,49.48,237.22,41.76,0,0,0
1542,209,2026-01-17 17:00:00,17,5,0,lunch,rain,14,3,114,38,343.32,0,0.0,0.0,0.0,1,343.32,0.0,47.5,223.16,72.66,0,0,0
1543,210,2026-06-29 06:00:00,29,0,1,dinner,extreme,11,1,242,78,538.55,1,0.1,0.09660665949761371,0.003393340502386294,1,596.62,59.66,81.7,387.8,67.45,0,0,0
1544,210,2026-06-09 01:00:00,9,1,0,breakfast,clear,13,2,234,76,237.76,1,0.15,0.14825721116608712,0.0017427888339128783,1,271.65,40.75,53.26,176.57,1.07,0,0,0
1545,210,2026-06-13 09:00:00,13,5,0,lunch,extreme,5,1,488,167,559.81,1,0.05,0.04894121455771192,0.0010587854422880807,1,595.12,29.76,50.08,386.83,128.46,0,0,0
1546,210,2026-01-13 09:00:00,13,1,0,lunch,clear,1,1,190,63,989.89,1,0.2,0.19940729674938107,0.0005927032506189422,1,1159.05,231.81,87.88,753.38,85.98,0,0,0
1547,210,2026-05-09 15:00:00,9,5,0,late_night,clear,1,1,65,21,412.58,1,0.15,0.07836814156964364,0.07163185843035635,1,471.38,70.71,84.88,306.4,9.4,1,0,0
1548,210,2026-04-02 18:00:00,2,3,1,late_night,rain,4,4,42,13,369.33,1,0.1,0.08616973393004951,0.013830266069950498,1,409.15,40.92,46.72,265.95,55.57,1,0,0
1549,210,2026-03-12 05:00:00,12,3,0,late_night,rain,6,1,255,84,426.05,1,0.1,0.07642507597613074,0.023574924023869265,0,0.0,0.0,0.0,0.0,0.0,0,0,0
1550,210,2026-05-09 19:00:00,9,5,0,breakfast,clear,14,1,121,40,652.1,1,0.1,0.09330592356541784,0.006694076434582169,1,722.41,72.24,73.18,469.57,107.42,0,0,0
1551,210,2026-05-21 00:00:00,21,3,0,lunch,clear,6,2,263,87,460.9,0,0.0,0.0,0.0,1,460.9,0.0,52.0,299.58,109.32,0,0,0
1552,210,2026-01-15 11:00:00,15,3,0,dinner,clear,9,1,565,193,359.54,1,0.15,0.09089089857074423,0.05910910142925577,1,410.78,61.62,85.84,267.01,-3.68,1,0,0
1553,210,2026-02-12 16:00:00,12,3,0,breakfast,clear,12,2,352,119,307.51,1,0.1,0.06896035234008731,0.031039647659912697,1,340.67,34.07,48.22,221.43,36.95,0,0,0
1554,211,2026-01-26 17:00:00,26,0,1,dinner,extreme,13,1,251,82,426.08,1,0.1,0.09197432792608151,0.008025672073918494,0,0.0,0.0,0.0,0.0,0.0,0,0,0
1555,211,2026-05-09 05:00:00,9,5,0,lunch,extreme,1,1,72,23,541.6,0,0.0,0.0,0.0,0,0.0,0.0,0.0,0.0,0.0,0,0,0
1556,211,2026-05-01 17:00:00,1,4,1,dinner,clear,4,1,232,75,315.54,0,0.0,0.0,0.0,0,0.0,0.0,0.0,0.0,0.0,0,0,0
1557,211,2026-06-16 09:00:00,16,1,0,breakfast,clear,1,2,182,60,341.42,0,0.0,0.0,0.0,0,0.0,0.0,0.0,0.0,0.0,0,0,0
1558,211,2026-01-07 15:00:00,7,2,1,dinner,clear,6,2,361,122,406.31,0,0.0,0.0,0.0,0,0.0,0.0,0.0,0.0,0.0,0,0,0
1559,211,2026-02-26 12:00:00,26,3,1,late_night,clear,10,1,537,183,538.14,0,0.0,0.0,0.0,0,0.0,0.0,0.0,0.0,0.0,0,0,0
1560,212,2026-04-22 20:00:00,22,2,0,lunch,rain,2,1,475,162,365.58,1,0.1,0.07331362970603139,0.026686370293968614,1,404.56,40.46,77.8,262.96,23.34,0,0,0
1561,212,2026-04-27 02:00:00,27,0,1,breakfast,extreme,1,2,410,140,370.66,1,0.2,0.14412256295370443,0.05587743704629558,1,433.3,86.66,84.52,281.64,-19.53,1,0,0
1562,212,2026-05-17 10:00:00,17,6,0,breakfast,clear,13,3,497,171,461.55,0,0.0,0.0,0.0,0,0.0,0.0,0.0,0.0,0.0,0,1,0
1563,212,2026-04-28 20:00:00,28,1,1,dinner,clear,11,4,496,171,425.35,0,0.0,0.0,0.0,0,0.0,0.0,0.0,0.0,0.0,0,1,0
1564,212,2026-03-16 15:00:00,16,0,0,dinner,rain,6,1,190,63,989.89,0,0.0,0.0,0.0,0,0.0,0.0,0.0,0.0,0.0,0,0,0
1565,212,2026-03-06 04:00:00,6,4,1,dinner,clear,10,1,34,10,395.98,0,0.0,0.0,0.0,0,0.0,0.0,0.0,0.0,0.0,0,0,0
1566,212,2026-06-25 16:00:00,25,3,1,late_night,clear,14,1,184,61,352.75,1,0.1,0.09364986965744337,0.006350130342556631,1,390.36,39.04,52.42,253.73,45.17,0,0,0
1567,212,2026-06-22 07:00:00,22,0,0,dinner,clear,14,1,211,69,610.72,0,0.0,0.0,0.0,1,610.72,0.0,49.0,396.97,164.75,0,0,0
1568,212,2026-05-08 21:00:00,8,4,0,late_night,clear,10,4,366,125,440.68,1,0.05,0.046698346942187705,0.0033016530578122982,1,468.17,23.41,69.82,304.31,70.63,1,0,0
1569,213,2026-01-11 22:00:00,11,6,0,dinner,clear,10,1,375,129,325.69,1,0.15,0.11675953769200864,0.03324046230799135,1,357.2,53.58,79.06,232.18,-7.62,0,0,0
1570,213,2026-04-24 18:00:00,24,4,0,late_night,clear,10,3,582,198,450.79,0,0.0,0.0,0.0,0,0.0,0.0,0.0,0.0,0.0,0,0,0
1571,213,2026-02-26 21:00:00,26,3,1,late_night,clear,2,1,452,155,457.82,0,0.0,0.0,0.0,1,457.82,0.0,72.04,297.58,88.2,0,0,0
1572,213,2026-03-30 22:00:00,30,0,1,dinner,rain,7,1,585,198,566.08,0,0.0,0.0,0.0,0,0.0,0.0,0.0,0.0,0.0,0,0,0
1573,214,2026-05-22 18:00:00,22,4,0,late_night,clear,14,1,314,105,440.46,0,0.0,0.0,0.0,1,440.46,0.0,80.2,286.3,73.96,0,0,0
1574,214,2026-03-24 19:00:00,24,1,0,late_night,rain,14,2,143,47,404.73,0,0.0,0.0,0.0,0,0.0,0.0,0.0,0.0,0.0,0,0,0
1575,215,2026-02-12 17:00:00,12,3,0,late_night,rain,11,3,499,171,410.77,1,0.05,0.025866818061095934,0.02413318193890407,0,0.0,0.0,0.0,0.0,0.0,0,0,0
1576,215,2026-05-05 16:00:00,5,1,1,late_night,clear,10,1,518,177,457.29,0,0.0,0.0,0.0,0,0.0,0.0,0.0,0.0,0.0,0,0,0
1577,215,2026-01-04 04:00:00,4,6,1,late_night,clear,10,1,543,186,246.87,0,0.0,0.0,0.0,0,0.0,0.0,0.0,0.0,0.0,0,0,0
1578,215,2026-04-27 16:00:00,27,0,1,lunch,clear,11,1,288,97,518.36,0,0.0,0.0,0.0,1,518.36,0.0,86.14,336.93,95.29,0,0,0
1579,215,2026-06-19 02:00:00,19,4,0,late_night,clear,13,1,347,117,386.51,0,0.0,0.0,0.0,1,386.51,0.0,77.2,251.23,58.08,0,0,0
1580,216,2026-02-18 07:00:00,18,2,0,breakfast,clear,10,1,386,133,329.4,0,0.0,0.0,0.0,1,329.4,0.0,73.54,214.11,41.75,0,0,0
1581,216,2026-05-10 00:00:00,10,6,0,lunch,clear,14,2,192,64,400.77,0,0.0,0.0,0.0,1,400.77,0.0,56.5,260.5,83.77,0,0,0
1582,216,2026-01-25 20:00:00,25,6,1,breakfast,clear,14,2,59,20,453.76,0,0.0,0.0,0.0,0,0.0,0.0,0.0,0.0,0.0,0,0,0
1583,216,2026-05-18 13:00:00,18,0,0,dinner,rain,11,1,243,79,453.8,1,0.15,0.08852798196689633,0.06147201803310366,1,536.97,80.55,73.42,349.03,33.97,0,0,0
1584,216,2026-05-16 17:00:00,16,5,0,lunch,clear,14,2,150,50,461.7,0,0.0,0.0,0.0,0,0.0,0.0,0.0,0.0,0.0,0,0,0
1585,217,2026-01-13 19:00:00,13,1,0,lunch,rain,10,1,549,188,505.49,0,0.0,0.0,0.0,0,0.0,0.0,0.0,0.0,0.0,0,0,0
1586,217,2026-03-10 07:00:00,10,1,0,late_night,clear,12,1,19,6,523.49,0,0.0,0.0,0.0,0,0.0,0.0,0.0,0.0,0.0,0,0,0
1587,217,2026-04-01 03:00:00,1,2,1,late_night,clear,14,1,252,83,352.16,0,0.0,0.0,0.0,0,0.0,0.0,0.0,0.0,0.0,0,0,0
1588,218,2026-04-06 08:00:00,6,0,1,lunch,clear,4,3,236,77,323.45,0,0.0,0.0,0.0,0,0.0,0.0,0.0,0.0,0.0,0,0,0
1589,218,2026-01-18 15:00:00,18,6,0,dinner,clear,1,1,499,171,410.77,1,0.2,0.189894204922658,0.010105795077342022,1,479.0,95.8,59.08,311.35,12.77,0,0,0
1590,218,2026-03-17 16:00:00,17,1,0,late_night,clear,11,3,34,10,395.98,1,0.1,0.08932320499279667,0.010676795007203338,1,437.48,43.75,83.8,284.36,25.57,1,0,0
1591,218,2026-03-13 15:00:00,13,4,0,breakfast,clear,5,3,444,153,387.88,1,0.1,0.07996302295613017,0.020036977043869836,1,428.53,42.85,78.88,278.55,28.25,0,0,0
1592,218,2026-01-06 06:00:00,6,1,1,breakfast,rain,2,1,92,31,500.94,0,0.0,0.0,0.0,0,0.0,0.0,0.0,0.0,0.0,0,0,0
1593,218,2026-03-15 05:00:00,15,6,0,late_night,clear,12,2,347,117,386.51,0,0.0,0.0,0.0,0,0.0,0.0,0.0,0.0,0.0,0,0,0
1594,218,2026-02-19 08:00:00,19,3,0,breakfast,rain,10,1,448,154,318.66,1,0.15,0.11607924888738547,0.03392075111261453,1,362.81,54.42,71.32,235.83,1.24,0,0,0
1595,218,2026-06-06 19:00:00,6,5,1,lunch,rain,9,1,527,180,602.61,0,0.0,0.0,0.0,0,0.0,0.0,0.0,0.0,0.0,0,0,0
1596,218,2026-04-21 18:00:00,21,1,0,late_night,rain,14,4,493,169,546.34,1,0.15,0.10710123462855047,0.04289876537144953,1,622.03,93.3,52.84,404.32,71.57,0,0,0
1597,218,2026-02-22 09:00:00,22,6,0,lunch,clear,10,1,549,188,505.49,1,0.05,0.04146407363454759,0.00853592636545241,0,0.0,0.0,0.0,0.0,0.0,0,0,0
1598,218,2026-05-04 14:00:00,4,0,1,breakfast,extreme,6,2,297,100,435.63,1,0.2,0.17027269183341387,0.02972730816658614,1,507.99,101.6,67.18,330.2,9.02,0,0,0
1599,218,2026-01-13 20:00:00,13,1,0,lunch,rain,9,1,254,84,436.22,1,0.1,0.055342328647865646,0.04465767135213436,1,481.94,48.19,50.5,313.26,69.98,0,0,0
1600,219,2026-04-30 14:00:00,30,3,1,lunch,clear,14,2,555,190,421.12,0,0.0,0.0,0.0,0,0.0,0.0,0.0,0.0,0.0,0,0,0
1601,219,2026-01-13 14:00:00,13,1,0,lunch,extreme,13,2,412,141,376.41,0,0.0,0.0,0.0,0,0.0,0.0,0.0,0.0,0.0,0,0,0
1602,219,2026-06-04 23:00:00,4,3,1,lunch,clear,3,1,446,153,531.37,0,0.0,0.0,0.0,1,531.37,0.0,78.88,345.39,107.1,0,0,0
1603,219,2026-05-17 23:00:00,17,6,0,dinner,rain,9,1,445,153,277.25,0,0.0,0.0,0.0,0,0.0,0.0,0.0,0.0,0.0,0,0,0
1604,219,2026-01-25 08:00:00,25,6,1,late_night,clear,14,2,223,73,306.77,1,0.05,0.03069186946686205,0.019308130533137954,1,317.74,15.89,84.16,206.53,11.16,1,0,0
1605,219,2026-06-09 15:00:00,9,1,0,lunch,extreme,8,1,295,99,382.6,1,0.05,0.032366035922956296,0.017633964077043707,1,396.28,19.81,71.08,257.58,47.8,1,0,0
1606,219,2026-01-30 04:00:00,30,4,1,breakfast,extreme,3,1,359,121,321.16,1,0.05,0.041412090782092514,0.008587909217907488,1,332.65,16.63,75.34,216.22,24.45,1,0,0
1607,219,2026-01-28 13:00:00,28,2,1,lunch,clear,3,1,229,75,373.34,0,0.0,0.0,0.0,0,0.0,0.0,0.0,0.0,0.0,0,0,0
1608,220,2026-06-27 12:00:00,27,5,1,breakfast,clear,9,2,27,8,409.25,0,0.0,0.0,0.0,1,409.25,0.0,57.04,266.01,86.2,0,0,0
1609,220,2026-05-16 16:00:00,16,5,0,lunch,clear,13,2,459,157,423.51,0,0.0,0.0,0.0,0,0.0,0.0,0.0,0.0,0.0,0,0,0
1610,220,2026-01-17 09:00:00,17,5,0,dinner,rain,14,2,420,144,369.6,1,0.05,0.04403795198136438,0.005962048018635625,1,394.2,19.71,52.24,256.23,66.02,1,0,0
1611,220,2026-06-13 10:00:00,13,5,0,breakfast,extreme,1,1,342,116,418.51,0,0.0,0.0,0.0,0,0.0,0.0,0.0,0.0,0.0,0,0,0
1612,221,2026-04-02 08:00:00,2,3,1,lunch,clear,1,2,540,185,437.06,0,0.0,0.0,0.0,0,0.0,0.0,0.0,0.0,0.0,0,0,0
1613,222,2026-06-18 00:00:00,18,3,0,breakfast,clear,3,2,128,42,428.94,1,0.15,0.12594028045631978,0.02405971954368022,1,506.26,75.94,50.92,329.07,50.33,0,0,0
1614,222,2026-02-07 16:00:00,7,5,1,breakfast,clear,14,1,69,22,531.2,1,0.05,0.03650172879003939,0.01349827120996061,1,573.57,28.68,86.98,372.82,85.09,0,0,0
1615,222,2026-05-09 10:00:00,9,5,0,lunch,rain,3,1,154,51,317.65,1,0.05,0.04859132169653464,0.0014086783034653605,1,342.99,17.15,73.54,222.94,29.36,1,0,0
1616,222,2026-01-28 12:00:00,28,2,1,lunch,clear,3,2,3,0,415.4,1,0.1,0.0880801472768799,0.0119198527231201,1,472.04,47.2,46.18,306.83,71.83,0,0,0
1617,222,2026-02-19 16:00:00,19,3,0,dinner,clear,10,1,137,45,494.46,0,0.0,0.0,0.0,0,0.0,0.0,0.0,0.0,0.0,0,0,0
1618,222,2026-03-02 17:00:00,2,0,1,late_night,clear,2,3,367,125,391.67,0,0.0,0.0,0.0,1,391.67,0.0,69.82,254.59,67.26,0,0,0
1619,223,2026-03-15 21:00:00,15,6,0,lunch,extreme,6,1,491,168,332.34,1,0.2,0.14989301425169904,0.05010698574830097,1,361.15,72.23,54.94,234.75,-0.77,0,0,0
1620,223,2026-06-13 17:00:00,13,5,0,late_night,clear,14,1,294,99,361.09,1,0.05,0.04986271584501304,0.00013728415498696217,1,372.64,18.63,68.08,242.22,43.71,0,0,0
1621,223,2026-05-24 02:00:00,24,6,0,late_night,rain,6,1,32,9,287.49,0,0.0,0.0,0.0,0,0.0,0.0,0.0,0.0,0.0,0,0,0
1622,223,2026-03-22 01:00:00,22,6,0,breakfast,clear,3,1,93,31,496.71,0,0.0,0.0,0.0,0,0.0,0.0,0.0,0.0,0.0,0,0,0
1623,223,2026-03-21 18:00:00,21,5,0,dinner,clear,8,1,288,97,518.36,1,0.2,0.19903122681153393,0.0009687731884660822,1,563.29,112.66,86.14,366.14,-1.65,0,0,0
1624,223,2026-02-04 13:00:00,4,2,1,breakfast,clear,8,1,210,69,497.03,1,0.2,0.1728707299096862,0.027129270090313823,1,540.11,108.02,49.0,351.07,32.02,0,0,0
1625,223,2026-03-27 02:00:00,27,4,1,breakfast,clear,12,5,123,40,374.8,0,0.0,0.0,0.0,1,374.8,0.0,73.18,243.62,58.0,0,0,0
1626,223,2026-03-30 14:00:00,30,0,1,late_night,clear,2,2,495,170,353.45,1,0.05,0.031975001930259116,0.018024998069740887,1,364.76,18.24,60.16,237.09,49.27,1,0,0
1627,223,2026-04-11 05:00:00,11,5,0,lunch,rain,2,1,320,107,397.85,1,0.05,0.03314837094399172,0.01685162905600828,0,0.0,0.0,0.0,0.0,0.0,0,0,0
1628,223,2026-02-22 07:00:00,22,6,0,late_night,clear,5,3,289,97,327.43,0,0.0,0.0,0.0,0,0.0,0.0,0.0,0.0,0.0,0,0,0
1629,223,2026-04-02 02:00:00,2,3,1,lunch,extreme,5,2,262,87,288.41,1,0.15,0.12271962061547734,0.027280379384522657,1,309.26,46.39,55.0,201.02,6.85,0,0,0
1630,223,2026-02-06 23:00:00,6,4,1,breakfast,clear,5,2,330,111,302.15,0,0.0,0.0,0.0,0,0.0,0.0,0.0,0.0,0.0,0,0,0
1631,224,2026-01-24 14:00:00,24,5,0,dinner,extreme,6,3,209,68,405.41,1,0.2,0.15718221649266062,0.04281778350733939,1,483.11,96.62,51.76,314.02,20.71,0,0,0
1632,224,2026-01-06 17:00:00,6,1,1,dinner,clear,11,1,370,127,368.76,0,0.0,0.0,0.0,0,0.0,0.0,0.0,0.0,0.0,0,0,0
1633,224,2026-01-22 04:00:00,22,3,0,breakfast,clear,6,1,436,149,386.12,1,0.1,0.09382375130577808,0.006176248694221925,1,432.81,43.28,47.38,281.33,60.82,0,0,0
1634,225,2026-04-13 22:00:00,13,0,0,breakfast,clear,1,1,205,67,352.05,0,0.0,0.0,0.0,0,0.0,0.0,0.0,0.0,0.0,0,0,0
1635,225,2026-05-08 10:00:00,8,4,0,lunch,rain,10,1,390,134,366.59,0,0.0,0.0,0.0,0,0.0,0.0,0.0,0.0,0.0,0,0,0
1636,225,2026-03-10 16:00:00,10,1,0,late_night,rain,9,1,235,76,242.38,0,0.0,0.0,0.0,0,0.0,0.0,0.0,0.0,0.0,0,0,0
1637,225,2026-04-20 21:00:00,20,0,0,late_night,clear,3,2,53,17,395.01,1,0.2,0.10223605028273618,0.09776394971726383,1,471.14,94.23,57.1,306.24,13.57,1,0,0
1638,225,2026-03-01 20:00:00,1,6,1,breakfast,clear,1,1,389,134,419.42,0,0.0,0.0,0.0,0,0.0,0.0,0.0,0.0,0.0,0,0,0
1639,225,2026-06-06 01:00:00,6,5,1,breakfast,clear,14,1,334,112,602.0,0,0.0,0.0,0.0,0,0.0,0.0,0.0,0.0,0.0,0,0,0
1640,225,2026-06-06 17:00:00,6,5,1,dinner,clear,6,1,501,172,342.17,1,0.15,0.08406096013059344,0.06593903986940655,1,397.17,59.58,65.98,258.16,13.45,0,0,0
1641,226,2026-04-15 15:00:00,15,2,0,dinner,clear,9,4,460,157,523.76,1,0.1,0.062458255426556954,0.03754174457344305,1,593.41,59.34,67.24,385.72,81.11,0,0,0
1642,226,2026-03-19 21:00:00,19,3,0,lunch,clear,5,2,455,156,300.5,0,0.0,0.0,0.0,0,0.0,0.0,0.0,0.0,0.0,0,0,0
1643,226,2026-06-23 06:00:00,23,1,0,lunch,clear,5,1,417,143,507.05,1,0.15,0.08529949679445174,0.06470050320554825,1,596.18,89.43,70.36,387.52,48.88,0,0,0
1644,226,2026-01-27 15:00:00,27,1,1,breakfast,clear,5,4,539,184,302.3,1,0.1,0.09562071321979151,0.004379286780208491,1,342.5,34.25,59.86,222.62,25.76,0,0,0
1645,226,2026-01-02 07:00:00,2,4,1,breakfast,clear,3,3,370,127,368.76,1,0.05,0.04548437309550502,0.004515626904494981,1,397.45,19.87,88.18,258.34,31.05,0,0,0
1646,226,2026-06-15 20:00:00,15,0,0,dinner,rain,5,1,135,44,274.41,0,0.0,0.0,0.0,0,0.0,0.0,0.0,0.0,0.0,0,0,0
1647,226,2026-05-20 14:00:00,20,2,0,late_night,clear,7,3,492,169,517.7,1,0.2,0.12057831564199367,0.07942168435800634,1,626.81,125.36,51.34,407.43,42.68,0,0,0
1648,226,2026-03-17 13:00:00,17,1,0,dinner,clear,6,1,310,104,391.76,0,0.0,0.0,0.0,1,391.76,0.0,52.78,254.64,84.34,0,0,0
1649,226,2026-06-09 20:00:00,9,1,0,dinner,clear,2,2,170,56,375.86,1,0.1,0.06991981322528769,0.030080186774712317,1,425.84,42.58,65.92,276.8,40.54,0,0,0
1650,226,2026-03-01 06:00:00,1,6,1,dinner,clear,2,2,255,84,426.05,0,0.0,0.0,0.0,1,426.05,0.0,49.0,276.93,100.12,0,0,0
1651,226,2026-05-14 23:00:00,14,3,0,lunch,rain,9,3,159,53,379.66,0,0.0,0.0,0.0,0,0.0,0.0,0.0,0.0,0.0,0,0,0
1652,226,2026-05-19 19:00:00,19,1,0,lunch,clear,5,2,3,0,415.4,1,0.1,0.09837663407107669,0.0016233659289233149,1,470.64,47.06,46.18,305.92,71.48,0,0,0
1653,227,2026-06-20 17:00:00,20,5,0,late_night,clear,6,1,98,33,267.42,0,0.0,0.0,0.0,0,0.0,0.0,0.0,0.0,0.0,0,0,0
1654,227,2026-06-12 10:00:00,12,4,0,dinner,rain,3,2,200,66,365.44,0,0.0,0.0,0.0,1,365.44,0.0,48.64,237.54,79.26,0,0,0
1655,227,2026-03-16 20:00:00,16,0,0,breakfast,extreme,14,2,94,31,485.17,1,0.05,0.04408724722507712,0.005912752774922883,0,0.0,0.0,0.0,0.0,0.0,0,0,0
1656,227,2026-01-08 06:00:00,8,3,0,breakfast,clear,11,1,281,94,499.39,1,0.2,0.19282813568895066,0.007171864311049353,1,559.96,111.99,52.36,363.97,31.63,1,0,0
1657,227,2026-02-18 19:00:00,18,2,0,breakfast,clear,2,1,167,55,394.06,1,0.1,0.056409683869095555,0.04359031613090445,1,424.21,42.42,87.64,275.74,18.41,0,0,0
1658,227,2026-06-14 06:00:00,14,6,0,dinner,clear,13,1,3,0,415.4,1,0.05,0.049432035167423755,0.0005679648325762482,0,0.0,0.0,0.0,0.0,0.0,0,0,0
1659,227,2026-05-28 08:00:00,28,3,1,breakfast,clear,2,1,11,3,382.03,0,0.0,0.0,0.0,0,0.0,0.0,0.0,0.0,0.0,0,0,0
1660,227,2026-01-26 07:00:00,26,0,1,dinner,rain,7,3,236,77,323.45,1,0.15,0.0758187253993785,0.07418127460062149,1,356.17,53.43,73.06,231.51,-1.83,0,0,0
1661,227,2026-05-25 04:00:00,25,0,1,breakfast,rain,13,3,88,29,328.27,0,0.0,0.0,0.0,0,0.0,0.0,0.0,0.0,0.0,0,1,0
1662,227,2026-01-14 13:00:00,14,2,0,dinner,clear,11,2,372,128,353.88,1,0.15,0.14660076346955117,0.0033992365304488237,1,389.68,58.45,60.16,253.29,17.78,1,0,0
1663,227,2026-04-22 03:00:00,22,2,0,dinner,extreme,11,2,563,192,291.77,0,0.0,0.0,0.0,0,0.0,0.0,0.0,0.0,0.0,0,0,0
1664,227,2026-03-04 00:00:00,4,2,1,lunch,clear,12,1,450,155,358.65,0,0.0,0.0,0.0,0,0.0,0.0,0.0,0.0,0.0,0,0,0
1665,228,2026-01-07 10:00:00,7,2,1,late_night,rain,2,2,392,135,314.54,1,0.15,0.1292884554235745,0.02071154457642549,1,350.12,52.52,78.7,227.58,-8.68,0,0,0
1666,228,2026-01-08 00:00:00,8,3,0,lunch,extreme,10,1,55,18,281.2,1,0.05,0.03147905875329808,0.018520941246701922,0,0.0,0.0,0.0,0.0,0.0,0,0,1
1667,228,2026-05-20 08:00:00,20,2,0,breakfast,clear,13,4,138,45,433.17,0,0.0,0.0,0.0,0,0.0,0.0,0.0,0.0,0.0,0,0,0
1668,228,2026-01-29 23:00:00,29,3,1,breakfast,clear,6,5,472,161,222.14,0,0.0,0.0,0.0,1,222.14,0.0,62.92,144.39,14.83,0,0,0
1669,228,2026-03-09 01:00:00,9,0,0,dinner,clear,5,2,507,174,355.79,0,0.0,0.0,0.0,0,0.0,0.0,0.0,0.0,0.0,0,0,0
1670,228,2026-04-28 15:00:00,28,1,1,dinner,clear,13,1,241,78,460.55,1,0.1,0.09142654964734032,0.00857345035265969,1,499.96,50.0,78.7,324.97,46.29,0,0,0
1671,229,2026-05-09 16:00:00,9,5,0,lunch,rain,12,1,119,39,470.25,0,0.0,0.0,0.0,1,470.25,0.0,86.62,305.66,77.97,0,0,0
1672,229,2026-02-05 21:00:00,5,3,1,lunch,rain,14,3,589,199,395.45,1,0.05,0.025584638670552298,0.024415361329447705,1,411.41,20.57,63.28,267.42,60.14,1,0,0
1673,229,2026-05-09 07:00:00,9,5,0,dinner,extreme,8,4,235,76,242.38,0,0.0,0.0,0.0,1,242.38,0.0,56.26,157.55,28.57,0,0,0
1674,230,2026-01-12 20:00:00,12,0,0,lunch,clear,7,5,328,110,369.63,0,0.0,0.0,0.0,0,0.0,0.0,0.0,0.0,0.0,0,0,0
1675,230,2026-05-10 11:00:00,10,6,0,breakfast,clear,11,1,143,47,404.73,1,0.05,0.033989321815205586,0.016010678184794416,0,0.0,0.0,0.0,0.0,0.0,0,0,0
1676,230,2026-02-08 08:00:00,8,6,0,breakfast,clear,5,3,307,103,414.29,0,0.0,0.0,0.0,0,0.0,0.0,0.0,0.0,0.0,0,0,0
1677,230,2026-06-07 13:00:00,7,6,1,lunch,clear,8,1,60,20,327.51,1,0.1,0.05433684595394881,0.045663154046051195,0,0.0,0.0,0.0,0.0,0.0,0,0,0
1678,230,2026-05-12 04:00:00,12,1,0,late_night,rain,11,1,397,136,376.44,1,0.05,0.04323528519277247,0.006764714807227533,1,395.26,19.76,86.8,256.92,31.78,0,0,0
1679,230,2026-05-25 13:00:00,25,0,1,breakfast,extreme,4,1,452,155,457.82,0,0.0,0.0,0.0,0,0.0,0.0,0.0,0.0,0.0,0,0,0
1680,230,2026-02-08 20:00:00,8,6,0,dinner,extreme,10,2,13,4,401.59,0,0.0,0.0,0.0,0,0.0,0.0,0.0,0.0,0.0,0,0,0
1681,230,2026-02-02 14:00:00,2,0,1,breakfast,clear,7,1,210,69,497.03,1,0.05,0.02549023063307392,0.024509769366926084,0,0.0,0.0,0.0,0.0,0.0,0,0,0
1682,231,2026-06-29 23:00:00,29,0,1,dinner,clear,7,1,321,108,326.88,1,0.05,0.0371110560498602,0.0128889439501398,0,0.0,0.0,0.0,0.0,0.0,0,0,0
1683,231,2026-02-02 20:00:00,2,0,1,breakfast,clear,10,1,505,173,326.67,0,0.0,0.0,0.0,1,326.67,0.0,70.12,212.34,44.21,0,0,0
1684,231,2026-04-09 08:00:00,9,3,0,dinner,clear,5,2,254,84,436.22,0,0.0,0.0,0.0,0,0.0,0.0,0.0,0.0,0.0,0,0,0
1685,231,2026-03-09 03:00:00,9,0,0,dinner,clear,7,1,552,189,364.68,1,0.1,0.0589988773667548,0.04100112263324521,1,392.47,39.25,82.54,255.11,15.58,0,0,0
1686,231,2026-06-17 08:00:00,17,2,0,dinner,rain,13,1,550,188,568.72,1,0.1,0.09549698829001162,0.004503011709988389,1,612.06,61.21,86.26,397.84,66.76,1,0,0
1687,231,2026-02-09 10:00:00,9,0,0,breakfast,clear,6,2,373,128,361.15,1,0.05,0.04028546695723251,0.009714533042767495,0,0.0,0.0,0.0,0.0,0.0,0,0,0
1688,231,2026-02-18 07:00:00,18,2,0,breakfast,clear,4,2,13,4,401.59,1,0.15,0.12646980607819963,0.023530193921800363,0,0.0,0.0,0.0,0.0,0.0,0,0,0
1689,232,2026-01-05 03:00:00,5,0,1,breakfast,clear,10,1,169,56,358.37,0,0.0,0.0,0.0,0,0.0,0.0,0.0,0.0,0.0,0,0,0
1690,233,2026-05-26 21:00:00,26,1,1,dinner,clear,11,3,369,126,374.47,0,0.0,0.0,0.0,1,374.47,0.0,68.8,243.41,62.26,0,0,0
1691,233,2026-06-17 19:00:00,17,2,0,late_night,clear,10,5,261,86,381.66,1,0.2,0.13321059107709293,0.06678940892290708,1,445.62,89.12,73.0,289.66,-6.16,1,0,0
1692,233,2026-01-30 21:00:00,30,4,1,dinner,clear,11,2,260,86,580.54,1,0.15,0.1307679141250376,0.01923208587496239,1,661.69,99.25,73.0,430.1,59.34,0,0,0
1693,233,2026-04-02 19:00:00,2,3,1,dinner,clear,1,1,410,140,370.66,0,0.0,0.0,0.0,0,0.0,0.0,0.0,0.0,0.0,0,0,0
1694,233,2026-01-19 18:00:00,19,0,0,late_night,clear,2,2,129,42,337.95,1,0.15,0.0959679406800466,0.05403205931995339,1,385.19,57.78,50.92,250.37,26.12,0,0,0
1695,233,2026-06-07 17:00:00,7,6,1,late_night,rain,11,2,114,38,343.32,0,0.0,0.0,0.0,1,343.32,0.0,47.5,223.16,72.66,0,0,0
1696,233,2026-03-09 17:00:00,9,0,0,dinner,clear,6,2,25,7,464.09,0,0.0,0.0,0.0,1,464.09,0.0,82.3,301.66,80.13,0,0,0
1697,233,2026-01-29 23:00:00,29,3,1,late_night,clear,3,3,27,8,409.25,1,0.1,0.08347272720327675,0.016527272796723252,1,452.52,45.25,57.04,294.14,56.09,1,0,0
1698,233,2026-03-12 07:00:00,12,3,0,lunch,extreme,11,1,116,38,269.91,1,0.05,0.0368303824095929,0.0131696175904071,1,286.6,14.33,49.0,186.29,36.98,0,0,0
1699,233,2026-01-26 03:00:00,26,0,1,breakfast,clear,2,2,196,65,501.99,1,0.2,0.15687747348450967,0.04312252651549034,1,586.12,117.22,56.92,380.98,31.0,0,0,0
1700,233,2026-02-15 20:00:00,15,6,0,breakfast,extreme,11,1,283,95,342.16,0,0.0,0.0,0.0,1,342.16,0.0,70.12,222.4,49.64,0,0,0
1701,233,2026-03-04 19:00:00,4,2,1,dinner,clear,10,1,414,141,232.56,0,0.0,0.0,0.0,0,0.0,0.0,0.0,0.0,0.0,0,0,0
1702,233,2026-05-04 10:00:00,4,0,1,late_night,clear,12,2,588,199,334.13,1,0.15,0.1167389732356383,0.0332610267643617,1,380.83,57.13,61.78,247.54,14.39,0,0,0
1703,233,2026-01-17 23:00:00,17,5,0,breakfast,extreme,14,1,438,150,397.96,1,0.05,0.04216901060773771,0.007830989392262296,0,0.0,0.0,0.0,0.0,0.0,0,0,0
1704,234,2026-05-02 07:00:00,2,5,1,lunch,rain,7,1,504,173,315.59,1,0.1,0.09955190354253943,0.00044809645746057836,1,341.17,34.12,71.62,221.76,13.67,0,0,0
1705,234,2026-03-15 15:00:00,15,6,0,dinner,rain,1,1,55,18,281.2,0,0.0,0.0,0.0,0,0.0,0.0,0.0,0.0,0.0,0,0,0
1706,234,2026-05-31 12:00:00,31,6,1,breakfast,clear,4,1,516,177,593.59,1,0.05,0.030018190683740332,0.01998180931625967,1,621.73,31.09,69.82,404.13,116.7,1,0,0
1707,234,2026-04-28 19:00:00,28,1,1,dinner,clear,8,2,29,9,439.47,1,0.1,0.07186791596079427,0.028132084039205738,1,475.09,47.51,49.24,308.81,69.53,0,0,0
1708,234,2026-05-26 08:00:00,26,1,1,dinner,rain,4,1,231,75,429.49,0,0.0,0.0,0.0,0,0.0,0.0,0.0,0.0,0.0,0,0,0
1709,234,2026-06-28 14:00:00,28,6,1,late_night,clear,11,2,212,69,631.29,1,0.15,0.09402847165952492,0.05597152834047507,1,698.92,104.84,49.0,454.3,90.78,0,0,0
1710,234,2026-06-05 00:00:00,5,4,1,breakfast,clear,12,1,118,39,439.52,1,0.2,0.10386015052548801,0.096139849474512,1,495.98,99.2,85.12,322.39,-10.72,0,0,0
1711,235,2026-01-24 13:00:00,24,5,0,lunch,clear,8,3,158,52,277.26,0,0.0,0.0,0.0,0,0.0,0.0,0.0,0.0,0.0,0,0,0
1712,235,2026-03-26 20:00:00,26,3,1,breakfast,clear,4,2,150,50,461.7,1,0.15,0.13640191543485825,0.01359808456514175,1,545.81,81.87,57.04,354.78,52.12,0,0,0
1713,235,2026-01-21 08:00:00,21,2,0,dinner,rain,8,2,511,175,535.27,1,0.2,0.14596690815187346,0.054033091848126547,1,652.19,130.44,71.44,423.92,26.39,1,0,0
1714,235,2026-05-12 13:00:00,12,1,0,breakfast,rain,5,2,401,138,355.52,0,0.0,0.0,0.0,0,0.0,0.0,0.0,0.0,0.0,0,0,0
1715,235,2026-01-02 20:00:00,2,4,1,late_night,clear,11,1,523,179,390.75,0,0.0,0.0,0.0,0,0.0,0.0,0.0,0.0,0.0,0,0,0
1716,236,2026-05-09 19:00:00,9,5,0,dinner,clear,6,1,331,112,502.27,0,0.0,0.0,0.0,1,502.27,0.0,56.38,326.48,119.41,0,0,0
1717,236,2026-04-19 17:00:00,19,6,0,breakfast,rain,10,4,7,2,414.56,0,0.0,0.0,0.0,0,0.0,0.0,0.0,0.0,0.0,0,0,0
1718,236,2026-01-20 06:00:00,20,1,0,dinner,clear,3,1,186,62,511.72,1,0.1,0.06678271190281906,0.03321728809718094,1,585.25,58.52,72.28,380.41,74.03,0,0,0
1719,236,2026-02-28 15:00:00,28,5,1,breakfast,clear,14,1,382,132,329.93,1,0.2,0.19160435918075153,0.008395640819248484,0,0.0,0.0,0.0,0.0,0.0,0,0,0
1720,236,2026-04-12 23:00:00,12,6,0,late_night,clear,6,1,425,145,399.21,1,0.15,0.11580626961190281,0.034193730388097185,1,475.04,71.26,48.22,308.78,46.79,0,0,0
1721,237,2026-01-16 14:00:00,16,4,0,breakfast,clear,8,1,248,81,302.79,1,0.15,0.10291091717780672,0.047089082822193276,1,358.76,53.81,52.72,233.2,19.03,1,0,0
1722,237,2026-03-23 07:00:00,23,0,0,dinner,clear,11,3,425,145,399.21,0,0.0,0.0,0.0,0,0.0,0.0,0.0,0.0,0.0,0,0,0
1723,237,2026-06-04 19:00:00,4,3,1,breakfast,clear,11,1,502,173,311.01,1,0.2,0.1358136919223459,0.0641863080776541,1,379.94,75.99,70.12,246.96,-13.13,1,0,0
1724,237,2026-05-08 14:00:00,8,4,0,lunch,clear,13,1,196,65,501.99,1,0.2,0.1431315875409855,0.0568684124590145,1,613.25,122.65,56.92,398.61,35.07,1,0,0
1725,237,2026-03-24 22:00:00,24,1,0,late_night,clear,1,1,170,56,375.86,0,0.0,0.0,0.0,1,375.86,0.0,65.92,244.31,65.63,0,0,0
1726,238,2026-03-28 13:00:00,28,5,1,late_night,rain,4,1,185,61,409.82,1,0.05,0.03160550896240127,0.018394491037598736,1,421.91,21.1,53.92,274.24,72.65,1,0,0
1727,238,2026-03-12 15:00:00,12,3,0,late_night,clear,1,2,588,199,334.13,0,0.0,0.0,0.0,1,334.13,0.0,61.78,217.18,55.17,0,0,0
1728,238,2026-01-19 17:00:00,19,0,0,breakfast,extreme,5,3,169,56,358.37,1,0.05,0.0494952593334555,0.0005047406665445037,0,0.0,0.0,0.0,0.0,0.0,0,0,0
1729,238,2026-04-29 12:00:00,29,2,1,late_night,clear,9,1,171,56,410.01,1,0.05,0.044982075051552065,0.005017924948447938,1,422.1,21.11,65.92,274.37,60.71,0,0,0
1730,238,2026-02-18 01:00:00,18,2,0,lunch,clear,12,3,62,20,305.62,0,0.0,0.0,0.0,0,0.0,0.0,0.0,0.0,0.0,0,0,0
1731,238,2026-04-15 08:00:00,15,2,0,late_night,clear,1,1,227,74,392.38,1,0.2,0.11791907183393745,0.08208092816606256,1,423.74,84.75,71.92,275.43,-8.36,1,0,0
1732,239,2026-05-12 01:00:00,12,1,0,breakfast,rain,12,1,207,68,306.93,0,0.0,0.0,0.0,0,0.0,0.0,0.0,0.0,0.0,0,0,0
1733,239,2026-05-05 07:00:00,5,1,1,dinner,extreme,14,1,175,57,349.16,0,0.0,0.0,0.0,0,0.0,0.0,0.0,0.0,0.0,0,0,0
1734,239,2026-01-13 09:00:00,13,1,0,lunch,extreme,11,3,190,63,989.89,0,0.0,0.0,0.0,0,0.0,0.0,0.0,0.0,0.0,0,0,0
1735,239,2026-06-25 09:00:00,25,3,1,lunch,rain,2,2,438,150,397.96,0,0.0,0.0,0.0,0,0.0,0.0,0.0,0.0,0.0,0,0,0
1736,239,2026-03-29 02:00:00,29,6,1,late_night,clear,4,1,336,113,334.35,0,0.0,0.0,0.0,0,0.0,0.0,0.0,0.0,0.0,0,0,0
1737,239,2026-06-04 07:00:00,4,3,1,late_night,clear,2,2,418,143,386.26,1,0.1,0.0822912361680057,0.01770876383199431,1,417.61,41.76,70.36,271.44,34.04,0,0,0
1738,239,2026-02-14 23:00:00,14,5,0,breakfast,clear,11,3,387,133,497.56,0,0.0,0.0,0.0,0,0.0,0.0,0.0,0.0,0.0,0,0,0
1739,239,2026-01-27 03:00:00,27,1,1,late_night,clear,3,1,364,124,442.23,0,0.0,0.0,0.0,0,0.0,0.0,0.0,0.0,0.0,0,0,0
1740,239,2026-02-20 04:00:00,20,4,0,breakfast,clear,13,1,98,33,267.42,1,0.2,0.15162367768652624,0.048376322313473774,1,301.82,60.36,51.16,196.18,-5.89,0,0,0
1741,239,2026-06-01 20:00:00,1,0,1,breakfast,clear,2,1,12,3,282.55,0,0.0,0.0,0.0,0,0.0,0.0,0.0,0.0,0.0,0,0,0
1742,240,2026-01-09 15:00:00,9,4,0,dinner,clear,1,2,398,136,562.98,1,0.05,0.03868444263025054,0.011315557369749464,1,585.78,29.29,85.3,380.76,90.44,0,0,0
1743,240,2026-04-18 01:00:00,18,5,0,breakfast,clear,5,3,171,56,410.01,0,0.0,0.0,0.0,0,0.0,0.0,0.0,0.0,0.0,0,0,0
1744,240,2026-01-06 15:00:00,6,1,1,late_night,clear,13,2,155,52,395.2,0,0.0,0.0,0.0,1,395.2,0.0,60.64,256.88,77.68,0,0,0
1745,240,2026-06-11 12:00:00,11,3,0,dinner,clear,4,1,254,84,436.22,0,0.0,0.0,0.0,0,0.0,0.0,0.0,0.0,0.0,0,0,0
1746,240,2026-04-29 00:00:00,29,2,1,late_night,extreme,14,3,420,144,369.6,0,0.0,0.0,0.0,0,0.0,0.0,0.0,0.0,0.0,0,0,0
1747,240,2026-03-18 04:00:00,18,2,0,breakfast,clear,1,3,111,37,572.96,0,0.0,0.0,0.0,0,0.0,0.0,0.0,0.0,0.0,0,0,0
1748,240,2026-01-28 03:00:00,28,2,1,lunch,clear,4,1,497,171,461.55,1,0.15,0.12126588179532667,0.028734118204673323,1,503.8,75.57,59.08,327.47,41.68,1,0,0
1749,240,2026-02-13 15:00:00,13,4,0,dinner,clear,8,3,8,2,501.52,0,0.0,0.0,0.0,1,501.52,0.0,80.14,325.99,95.39,0,0,0
1750,240,2026-01-20 05:00:00,20,1,0,dinner,clear,2,1,196,65,501.99,0,0.0,0.0,0.0,0,0.0,0.0,0.0,0.0,0.0,0,0,0
1751,240,2026-02-22 11:00:00,22,6,0,late_night,clear,8,1,299,101,404.49,1,0.15,0.07721493238410033,0.07278506761589966,1,441.52,66.23,72.4,286.99,15.9,1,0,0
1752,240,2026-06-01 22:00:00,1,0,1,late_night,extreme,1,2,81,26,550.99,0,0.0,0.0,0.0,0,0.0,0.0,0.0,0.0,0.0,0,0,0
1753,240,2026-04-26 01:00:00,26,6,1,dinner,clear,1,2,301,101,434.19,0,0.0,0.0,0.0,1,434.19,0.0,72.4,282.22,79.57,0,0,0
1754,240,2026-06-29 12:00:00,29,0,1,late_night,clear,7,2,438,150,397.96,0,0.0,0.0,0.0,0,0.0,0.0,0.0,0.0,0.0,0,0,0
1755,241,2026-06-11 06:00:00,11,3,0,lunch,clear,1,1,57,19,353.42,0,0.0,0.0,0.0,1,353.42,0.0,63.88,229.72,59.82,0,0,0
1756,241,2026-01-04 04:00:00,4,6,1,late_night,rain,12,2,422,144,437.29,1,0.05,0.03538801663288127,0.014611983367118733,0,0.0,0.0,0.0,0.0,0.0,0,0,0
1757,241,2026-04-07 16:00:00,7,1,1,breakfast,clear,12,2,542,186,379.72,0,0.0,0.0,0.0,0,0.0,0.0,0.0,0.0,0.0,0,0,0
1758,241,2026-05-01 15:00:00,1,4,1,breakfast,extreme,10,1,418,143,386.26,1,0.1,0.07902340742257008,0.020976592577429926,1,442.52,44.25,73.36,287.64,37.27,0,0,0
1759,241,2026-06-21 15:00:00,21,6,0,breakfast,clear,10,1,27,8,409.25,0,0.0,0.0,0.0,0,0.0,0.0,0.0,0.0,0.0,0,0,0
1760,241,2026-06-22 17:00:00,22,0,0,lunch,rain,9,4,148,49,348.4,1,0.05,0.03331268484182918,0.016687315158170825,1,378.09,18.9,65.44,245.76,47.99,1,0,0
1761,241,2026-01-25 18:00:00,25,6,1,late_night,clear,8,2,527,180,602.61,0,0.0,0.0,0.0,0,0.0,0.0,0.0,0.0,0.0,0,0,0
1762,241,2026-05-22 14:00:00,22,4,0,dinner,rain,10,3,196,65,501.99,0,0.0,0.0,0.0,0,0.0,0.0,0.0,0.0,0.0,0,0,0
1763,241,2026-04-01 07:00:00,1,2,1,late_night,extreme,6,4,171,56,410.01,0,0.0,0.0,0.0,1,410.01,0.0,68.92,266.51,74.58,0,0,0
1764,241,2026-05-24 04:00:00,24,6,0,breakfast,clear,8,1,250,82,326.54,1,0.15,0.09748518212943752,0.052514817870562475,1,389.42,58.41,85.6,253.12,-7.72,0,0,0
1765,241,2026-03-23 08:00:00,23,0,0,late_night,clear,7,1,158,52,277.26,0,0.0,0.0,0.0,0,0.0,0.0,0.0,0.0,0.0,0,0,0
1766,241,2026-03-24 01:00:00,24,1,0,late_night,clear,12,1,456,156,339.24,1,0.1,0.05011721840778585,0.049882781592214154,1,388.66,38.87,86.92,252.63,10.24,0,0,0
1767,241,2026-06-24 17:00:00,24,2,0,breakfast,clear,4,1,70,22,412.24,0,0.0,0.0,0.0,0,0.0,0.0,0.0,0.0,0.0,0,0,0
1768,241,2026-06-08 08:00:00,8,0,0,breakfast,clear,9,1,67,22,343.91,0,0.0,0.0,0.0,1,343.91,0.0,86.98,223.54,33.39,0,0,0
1769,242,2026-01-21 03:00:00,21,2,0,late_night,clear,6,1,557,190,488.12,1,0.2,0.11286944358666923,0.08713055641333078,1,568.52,113.7,83.62,369.54,1.66,1,0,0
1770,242,2026-06-06 13:00:00,6,5,1,breakfast,rain,14,3,105,35,354.06,1,0.05,0.030416610327928417,0.019583389672071586,0,0.0,0.0,0.0,0.0,0.0,0,0,0
1771,242,2026-04-20 06:00:00,20,0,0,dinner,clear,8,1,202,67,483.51,1,0.1,0.05051960673182481,0.049480393268175195,1,533.76,53.38,65.62,346.94,67.82,0,0,0
1772,242,2026-06-24 02:00:00,24,2,0,dinner,clear,8,2,469,160,452.07,1,0.05,0.04015888144916446,0.00984111855083554,0,0.0,0.0,0.0,0.0,0.0,0,0,0
1773,242,2026-03-17 05:00:00,17,1,0,late_night,clear,4,1,290,97,376.15,1,0.05,0.03533537013014498,0.01466462986985502,1,399.02,19.95,86.14,259.36,33.56,1,0,0
1774,242,2026-04-24 08:00:00,24,4,0,lunch,clear,10,1,542,186,379.72,0,0.0,0.0,0.0,1,379.72,0.0,75.46,246.82,57.44,0,0,0
1775,242,2026-04-12 05:00:00,12,6,0,breakfast,clear,9,1,217,71,594.66,1,0.15,0.0950237864477069,0.054976213552293096,1,676.35,101.45,48.64,439.63,86.63,0,0,0
1776,242,2026-03-02 04:00:00,2,0,1,breakfast,clear,13,1,74,24,370.91,0,0.0,0.0,0.0,0,0.0,0.0,0.0,0.0,0.0,0,0,0
1777,243,2026-05-10 08:00:00,10,6,0,lunch,clear,1,4,126,41,542.46,0,0.0,0.0,0.0,1,542.46,0.0,47.8,352.6,142.06,0,0,0
1778,243,2026-05-29 02:00:00,29,4,1,lunch,clear,5,2,26,7,436.75,1,0.2,0.17054374895129754,0.029456251048702475,1,529.2,105.84,82.3,343.98,-2.92,0,0,0
1779,243,2026-03-06 15:00:00,6,4,1,dinner,rain,7,1,43,13,320.07,1,0.2,0.1498622966028083,0.0501377033971917,1,387.82,77.56,46.72,252.08,11.45,0,0,0
1780,244,2026-01-02 16:00:00,2,4,1,breakfast,extreme,8,1,284,95,437.97,0,0.0,0.0,0.0,1,437.97,0.0,70.12,284.68,83.17,0,0,0
1781,245,2026-06-28 23:00:00,28,6,1,breakfast,clear,12,1,150,50,461.7,1,0.1,0.07963202246095057,0.02036797753904944,0,0.0,0.0,0.0,0.0,0.0,0,0,0
1782,245,2026-06-11 08:00:00,11,3,0,lunch,clear,7,5,575,196,499.98,1,0.2,0.13608050987325934,0.06391949012674067,1,521.4,104.28,46.84,338.91,31.37,0,0,0
1783,246,2026-01-23 18:00:00,23,4,0,lunch,clear,10,1,465,159,428.08,1,0.05,0.04866694188565159,0.0013330581143484108,1,455.25,22.76,51.7,295.91,84.87,0,0,0
1784,246,2026-06-23 19:00:00,23,1,0,dinner,clear,1,2,74,24,370.91,1,0.2,0.1455950302855274,0.05440496971447262,1,434.69,86.94,71.02,282.55,-5.82,1,0,0
1785,246,2026-01-03 18:00:00,3,5,1,late_night,clear,6,5,479,164,360.53,0,0.0,0.0,0.0,0,0.0,0.0,0.0,0.0,0.0,0,0,0
1786,246,2026-02-18 06:00:00,18,2,0,breakfast,clear,1,1,417,143,507.05,0,0.0,0.0,0.0,0,0.0,0.0,0.0,0.0,0.0,0,0,0
1787,246,2026-01-14 18:00:00,14,2,0,dinner,clear,6,2,449,154,335.88,0,0.0,0.0,0.0,1,335.88,0.0,69.82,218.32,47.74,0,0,0
1788,246,2026-05-17 11:00:00,17,6,0,breakfast,clear,3,1,567,193,277.06,0,0.0,0.0,0.0,0,0.0,0.0,0.0,0.0,0.0,0,0,0
1789,247,2026-02-18 18:00:00,18,2,0,breakfast,clear,7,1,501,172,342.17,1,0.1,0.061985087636706696,0.03801491236329331,0,0.0,0.0,0.0,0.0,0.0,0,0,0
1790,247,2026-04-20 17:00:00,20,0,0,lunch,clear,6,2,153,51,331.89,0,0.0,0.0,0.0,0,0.0,0.0,0.0,0.0,0.0,0,0,0
1791,247,2026-01-26 12:00:00,26,0,1,lunch,clear,10,1,500,172,443.27,0,0.0,0.0,0.0,0,0.0,0.0,0.0,0.0,0.0,0,0,0
1792,247,2026-03-10 17:00:00,10,1,0,late_night,clear,4,2,405,139,290.6,1,0.2,0.18206722828840938,0.017932771711590634,1,335.11,67.02,51.58,217.82,-1.31,0,0,0
1793,247,2026-03-08 21:00:00,8,6,0,dinner,clear,14,1,240,78,339.14,0,0.0,0.0,0.0,1,339.14,0.0,78.7,220.44,40.0,0,0,0
1794,247,2026-05-24 01:00:00,24,6,0,late_night,clear,11,1,337,114,325.94,0,0.0,0.0,0.0,0,0.0,0.0,0.0,0.0,0.0,0,1,0
1795,247,2026-03-27 10:00:00,27,4,1,dinner,clear,11,2,212,69,631.29,1,0.05,0.03963363399249315,0.010366366007506851,0,0.0,0.0,0.0,0.0,0.0,0,0,0
1796,247,2026-05-03 17:00:00,3,6,1,lunch,clear,14,3,422,144,437.29,0,0.0,0.0,0.0,0,0.0,0.0,0.0,0.0,0.0,0,0,0
1797,247,2026-05-12 08:00:00,12,1,0,breakfast,clear,14,1,441,152,383.96,0,0.0,0.0,0.0,1,383.96,0.0,69.88,249.57,64.51,0,0,0
1798,247,2026-06-16 12:00:00,16,1,0,dinner,clear,7,2,242,78,538.55,0,0.0,0.0,0.0,0,0.0,0.0,0.0,0.0,0.0,0,0,0
1799,247,2026-05-25 03:00:00,25,0,1,late_night,clear,10,1,349,118,378.25,0,0.0,0.0,0.0,1,378.25,0.0,89.02,245.86,43.37,0,0,0
1800,248,2026-01-24 18:00:00,24,5,0,lunch,clear,11,1,390,134,366.59,1,0.2,0.11473191614700368,0.08526808385299633,1,406.43,81.29,49.18,264.18,11.78,1,0,0
1801,248,2026-01-19 16:00:00,19,0,0,breakfast,clear,2,3,228,74,270.68,0,0.0,0.0,0.0,0,0.0,0.0,0.0,0.0,0.0,0,0,0
1802,248,2026-05-22 08:00:00,22,4,0,dinner,rain,4,1,47,14,362.77,1,0.2,0.15953446040648495,0.040465539593515065,1,402.2,80.44,72.28,261.43,-11.95,0,0,0
1803,248,2026-04-22 19:00:00,22,2,0,late_night,clear,2,1,359,121,321.16,1,0.15,0.10187390616224519,0.048126093837754805,1,350.27,52.54,72.34,227.68,-2.29,1,0,0
1804,248,2026-01-18 10:00:00,18,6,0,late_night,clear,13,1,426,146,402.47,0,0.0,0.0,0.0,0,0.0,0.0,0.0,0.0,0.0,0,0,0
1805,248,2026-05-29 00:00:00,29,4,1,late_night,clear,11,1,163,54,346.38,0,0.0,0.0,0.0,0,0.0,0.0,0.0,0.0,0.0,0,0,0
1806,248,2026-04-06 16:00:00,6,0,1,lunch,clear,4,1,493,169,546.34,1,0.05,0.03235894725355816,0.017641052746441843,1,568.25,28.41,51.34,369.37,119.14,1,0,0
1807,249,2026-03-03 08:00:00,3,1,1,lunch,clear,13,4,137,45,494.46,0,0.0,0.0,0.0,0,0.0,0.0,0.0,0.0,0.0,0,0,0
1808,250,2026-06-23 07:00:00,23,1,0,breakfast,clear,11,1,311,105,290.55,0,0.0,0.0,0.0,0,0.0,0.0,0.0,0.0,0.0,0,0,0
1809,250,2026-04-04 11:00:00,4,5,1,late_night,clear,11,1,444,153,387.88,0,0.0,0.0,0.0,0,0.0,0.0,0.0,0.0,0.0,0,0,0
1810,250,2026-05-22 18:00:00,22,4,0,breakfast,rain,5,1,270,90,394.25,0,0.0,0.0,0.0,0,0.0,0.0,0.0,0.0,0.0,0,0,0
1811,251,2026-05-27 01:00:00,27,2,1,dinner,clear,13,3,574,196,374.14,1,0.15,0.09535612475696209,0.054643875243037904,1,428.62,64.29,46.84,278.6,38.88,0,0,0
1812,251,2026-01-03 07:00:00,3,5,1,lunch,clear,8,1,345,116,427.67,1,0.05,0.044108965103577806,0.005891034896422197,1,455.23,22.76,81.82,295.9,54.75,0,0,0
1813,251,2026-02-03 03:00:00,3,1,1,dinner,clear,14,1,147,49,505.44,1,0.2,0.19654300692900584,0.0034569930709941743,1,593.69,118.74,63.94,385.9,25.11,0,0,0
1814,251,2026-06-03 04:00:00,3,2,1,dinner,extreme,13,2,166,55,410.42,1,0.2,0.10250122396464674,0.09749877603535327,1,482.08,96.42,90.64,313.35,-18.33,1,0,0
1815,251,2026-01-07 03:00:00,7,2,1,lunch,clear,10,1,525,179,323.57,1,0.2,0.1350639858698544,0.0649360141301456,1,380.06,76.01,86.92,247.04,-29.91,1,0,0
1816,251,2026-01-11 18:00:00,11,6,0,breakfast,clear,6,4,179,59,330.4,0,0.0,0.0,0.0,1,330.4,0.0,58.48,214.76,57.16,0,0,0
1817,251,2026-01-06 16:00:00,6,1,1,late_night,clear,10,4,379,130,459.76,0,0.0,0.0,0.0,1,459.76,0.0,72.88,298.84,88.04,0,0,0
1818,251,2026-02-28 05:00:00,28,5,1,late_night,rain,5,1,371,127,443.31,0,0.0,0.0,0.0,0,0.0,0.0,0.0,0.0,0.0,0,0,0
1819,251,2026-05-03 00:00:00,3,6,1,late_night,clear,8,1,219,72,521.25,1,0.05,0.045663509973673216,0.004336490026326786,0,0.0,0.0,0.0,0.0,0.0,0,0,0
1820,251,2026-04-24 23:00:00,24,4,0,breakfast,extreme,11,2,331,112,502.27,0,0.0,0.0,0.0,1,502.27,0.0,59.38,326.48,116.41,0,0,0
1821,252,2026-01-16 01:00:00,16,4,0,late_night,clear,6,3,128,42,428.94,1,0.2,0.13502606988441657,0.06497393011558344,1,487.22,97.44,50.92,316.69,22.16,0,0,0
1822,252,2026-04-22 11:00:00,22,2,0,dinner,clear,6,1,533,181,346.99,0,0.0,0.0,0.0,1,346.99,0.0,65.44,225.54,56.01,0,0,0
1823,252,2026-02-20 08:00:00,20,4,0,dinner,rain,12,1,1,0,430.92,1,0.2,0.1964851238385101,0.003514876161489905,1,489.47,97.89,47.68,318.16,25.74,0,1,0
1824,252,2026-06-10 09:00:00,10,2,0,late_night,clear,14,2,580,197,288.97,1,0.1,0.09246458804673029,0.007535411953269719,1,313.74,31.37,64.06,203.93,14.38,0,0,0
1825,252,2026-06-29 03:00:00,29,0,1,lunch,clear,7,1,282,94,310.14,0,0.0,0.0,0.0,0,0.0,0.0,0.0,0.0,0.0,0,0,0
1826,252,2026-05-08 05:00:00,8,4,0,breakfast,clear,7,3,86,28,398.14,0,0.0,0.0,0.0,0,0.0,0.0,0.0,0.0,0.0,0,0,0
1827,252,2026-04-24 10:00:00,24,4,0,late_night,clear,1,1,38,12,516.36,1,0.1,0.05549281459529968,0.044507185404700327,1,560.62,56.06,79.96,364.41,60.2,0,0,0
1828,252,2026-03-19 03:00:00,19,3,0,late_night,rain,2,1,38,12,516.36,1,0.15,0.1090572069141028,0.0409427930858972,1,574.88,86.23,81.46,373.67,33.52,0,0,0
1829,252,2026-02-17 00:00:00,17,1,0,dinner,clear,8,2,52,17,309.09,0,0.0,0.0,0.0,1,309.09,0.0,57.1,200.91,51.08,0,0,0
1830,253,2026-06-19 12:00:00,19,4,0,breakfast,clear,5,2,533,181,346.99,0,0.0,0.0,0.0,0,0.0,0.0,0.0,0.0,0.0,0,0,0
1831,254,2026-02-19 19:00:00,19,3,0,lunch,clear,10,3,424,145,401.06,1,0.15,0.07925837833449088,0.07074162166550911,1,474.24,71.14,48.22,308.25,46.63,0,0,0
1832,254,2026-04-02 03:00:00,2,3,1,breakfast,extreme,2,2,424,145,401.06,1,0.2,0.11108926456770983,0.08891073543229018,1,488.8,97.76,51.22,317.72,22.1,0,0,0
1833,254,2026-04-04 07:00:00,4,5,1,late_night,clear,4,2,121,40,652.1,0,0.0,0.0,0.0,0,0.0,0.0,0.0,0.0,0.0,0,0,0
1834,254,2026-01-24 20:00:00,24,5,0,breakfast,rain,10,2,464,159,253.04,0,0.0,0.0,0.0,0,0.0,0.0,0.0,0.0,0.0,0,0,0
1835,254,2026-05-13 00:00:00,13,2,0,breakfast,clear,7,1,275,92,337.39,1,0.15,0.11538090824171168,0.03461909175828831,1,398.95,59.84,90.04,259.32,-10.25,0,0,0
1836,254,2026-05-17 04:00:00,17,6,0,dinner,clear,13,1,230,75,383.59,1,0.05,0.039589080723231564,0.01041091927676844,0,0.0,0.0,0.0,0.0,0.0,0,0,0
1837,254,2026-02-22 21:00:00,22,6,0,late_night,clear,10,1,116,38,269.91,0,0.0,0.0,0.0,0,0.0,0.0,0.0,0.0,0.0,0,0,0
1838,254,2026-05-27 18:00:00,27,2,1,late_night,clear,7,2,140,46,353.64,1,0.15,0.14483282131244912,0.005167178687550872,1,418.16,62.72,49.6,271.81,34.03,0,0,0
1839,254,2026-01-13 09:00:00,13,1,0,late_night,clear,8,4,199,66,326.09,1,0.1,0.09452492231392084,0.0054750776860791606,1,371.1,37.11,47.14,241.21,45.63,0,0,0
1840,254,2026-06-13 22:00:00,13,5,0,late_night,clear,5,1,23,7,447.81,1,0.2,0.12936921752308747,0.07063078247691254,0,0.0,0.0,0.0,0.0,0.0,0,0,0
1841,255,2026-04-16 01:00:00,16,3,0,breakfast,clear,7,1,98,33,267.42,0,0.0,0.0,0.0,0,0.0,0.0,0.0,0.0,0.0,0,0,0
1842,256,2026-02-15 05:00:00,15,6,0,lunch,clear,2,3,385,133,536.61,1,0.2,0.16497902648597684,0.03502097351402317,1,591.48,118.3,73.54,384.46,15.18,0,0,0
1843,256,2026-03-03 00:00:00,3,1,1,dinner,clear,9,1,405,139,290.6,1,0.2,0.11302870547959235,0.08697129452040767,1,320.31,64.06,51.58,208.2,-3.53,1,0,0
1844,256,2026-01-30 04:00:00,30,4,1,lunch,rain,12,1,555,190,421.12,0,0.0,0.0,0.0,0,0.0,0.0,0.0,0.0,0.0,0,0,0
1845,256,2026-02-19 13:00:00,19,3,0,breakfast,clear,6,1,230,75,383.59,1,0.05,0.03536332143551351,0.014636678564486492,1,398.07,19.9,67.9,258.74,51.52,0,0,0
1846,256,2026-05-22 04:00:00,22,4,0,dinner,clear,11,2,282,94,310.14,0,0.0,0.0,0.0,0,0.0,0.0,0.0,0.0,0.0,0,0,0
1847,256,2026-03-15 23:00:00,15,6,0,breakfast,clear,6,5,501,172,342.17,0,0.0,0.0,0.0,1,342.17,0.0,65.98,222.41,53.78,0,0,0
1848,256,2026-03-29 03:00:00,29,6,1,lunch,clear,1,1,492,169,517.7,0,0.0,0.0,0.0,0,0.0,0.0,0.0,0.0,0.0,0,0,0
1849,256,2026-02-09 22:00:00,9,0,0,breakfast,clear,7,1,572,195,327.24,0,0.0,0.0,0.0,0,0.0,0.0,0.0,0.0,0.0,0,0,0
1850,256,2026-03-27 10:00:00,27,4,1,lunch,clear,13,2,581,197,473.43,1,0.05,0.04891528184107631,0.001084718158923692,1,491.3,24.56,64.06,319.34,83.33,1,0,0
1851,256,2026-05-03 03:00:00,3,6,1,lunch,extreme,13,4,254,84,436.22,1,0.1,0.061647104188779216,0.03835289581122079,1,464.36,46.44,52.0,301.84,64.09,1,0,0
1852,256,2026-02-15 23:00:00,15,6,0,late_night,clear,10,1,103,34,391.16,0,0.0,0.0,0.0,1,391.16,0.0,55.54,254.25,81.37,0,0,0
1853,256,2026-02-12 06:00:00,12,3,0,breakfast,clear,12,2,241,78,460.55,1,0.2,0.17881030345080584,0.02118969654919417,1,507.64,101.53,78.7,329.97,-2.55,1,0,0
1854,256,2026-06-21 14:00:00,21,6,0,dinner,clear,9,3,73,23,424.13,0,0.0,0.0,0.0,1,424.13,0.0,89.32,275.68,59.13,0,0,0
1855,256,2026-03-07 05:00:00,7,5,1,dinner,clear,11,3,309,104,417.27,1,0.15,0.13288956162777824,0.01711043837222176,0,0.0,0.0,0.0,0.0,0.0,0,0,0
1856,257,2026-05-17 12:00:00,17,6,0,late_night,clear,10,1,571,194,573.77,0,0.0,0.0,0.0,1,573.77,0.0,80.32,372.95,120.5,0,0,0
1857,257,2026-05-25 05:00:00,25,0,1,breakfast,clear,10,4,243,79,453.8,0,0.0,0.0,0.0,0,0.0,0.0,0.0,0.0,0.0,0,0,0
1858,257,2026-05-10 05:00:00,10,6,0,dinner,clear,10,1,165,55,393.95,0,0.0,0.0,0.0,0,0.0,0.0,0.0,0.0,0.0,0,0,0
1859,257,2026-03-13 10:00:00,13,4,0,breakfast,rain,13,2,68,22,418.77,1,0.05,0.04796417305076581,0.0020358269492341957,1,435.05,21.75,88.48,282.78,42.03,0,0,0
1860,257,2026-01-19 06:00:00,19,0,0,lunch,clear,12,1,230,75,383.59,1,0.1,0.05796199647401201,0.042038003525987994,0,0.0,0.0,0.0,0.0,0.0,0,0,0
1861,257,2026-02-24 01:00:00,24,1,0,dinner,clear,13,1,430,147,329.56,0,0.0,0.0,0.0,0,0.0,0.0,0.0,0.0,0.0,0,0,0
1862,257,2026-06-11 04:00:00,11,3,0,breakfast,clear,14,2,279,93,516.93,0,0.0,0.0,0.0,1,516.93,0.0,72.76,336.0,108.17,0,0,0
1863,257,2026-05-27 05:00:00,27,2,1,late_night,clear,14,2,324,109,583.03,0,0.0,0.0,0.0,0,0.0,0.0,0.0,0.0,0.0,0,0,0
1864,257,2026-05-10 17:00:00,10,6,0,breakfast,clear,13,1,92,31,500.94,0,0.0,0.0,0.0,0,0.0,0.0,0.0,0.0,0.0,0,0,0
1865,257,2026-03-10 04:00:00,10,1,0,lunch,rain,1,2,569,194,352.91,0,0.0,0.0,0.0,1,352.91,0.0,81.82,229.39,41.7,0,0,0
1866,257,2026-01-17 06:00:00,17,5,0,lunch,clear,3,1,30,9,465.85,0,0.0,0.0,0.0,0,0.0,0.0,0.0,0.0,0.0,0,0,0
1867,257,2026-05-01 04:00:00,1,4,1,breakfast,clear,6,1,361,122,406.31,0,0.0,0.0,0.0,0,0.0,0.0,0.0,0.0,0.0,0,0,0
1868,257,2026-02-27 18:00:00,27,4,1,lunch,clear,9,1,224,73,409.67,0,0.0,0.0,0.0,0,0.0,0.0,0.0,0.0,0.0,0,0,0
1869,258,2026-06-06 12:00:00,6,5,1,lunch,extreme,8,1,537,183,538.14,0,0.0,0.0,0.0,1,538.14,0.0,53.32,349.79,135.03,0,0,0
1870,258,2026-04-16 15:00:00,16,3,0,dinner,clear,1,2,550,188,568.72,1,0.2,0.1811861218180266,0.018813878181973415,1,640.56,128.11,84.76,416.36,11.32,1,0,0
1871,258,2026-03-24 08:00:00,24,1,0,dinner,clear,1,1,460,157,523.76,1,0.2,0.1934872232809334,0.00651277671906661,1,589.92,117.98,67.24,383.45,21.25,0,0,0
1872,258,2026-02-27 22:00:00,27,4,1,late_night,clear,14,3,513,176,549.34,0,0.0,0.0,0.0,0,0.0,0.0,0.0,0.0,0.0,0,0,0
1873,258,2026-05-25 12:00:00,25,0,1,dinner,clear,8,3,374,128,310.41,1,0.05,0.040406315023245536,0.009593684976754467,1,324.88,16.24,60.16,211.17,37.3,0,0,0
1874,258,2026-06-05 14:00:00,5,4,1,late_night,rain,14,1,563,192,291.77,1,0.1,0.08265275346893677,0.017347246531063232,0,0.0,0.0,0.0,0.0,0.0,0,0,0
1875,258,2026-03-16 20:00:00,16,0,0,lunch,rain,5,1,232,75,315.54,0,0.0,0.0,0.0,0,0.0,0.0,0.0,0.0,0.0,0,0,0
1876,258,2026-01-05 08:00:00,5,0,1,late_night,clear,13,3,126,41,542.46,1,0.2,0.14649017916130327,0.05350982083869674,1,610.98,122.2,47.8,397.14,43.85,0,0,0
1877,258,2026-03-18 00:00:00,18,2,0,dinner,clear,10,1,524,179,239.99,0,0.0,0.0,0.0,0,0.0,0.0,0.0,0.0,0.0,0,0,0
1878,258,2026-01-10 20:00:00,10,5,0,lunch,rain,2,5,128,42,428.94,0,0.0,0.0,0.0,0,0.0,0.0,0.0,0.0,0.0,0,0,0
1879,259,2026-05-01 21:00:00,1,4,1,late_night,clear,11,2,370,127,368.76,1,0.1,0.05046631834379947,0.049533681656200534,1,412.51,41.25,88.18,268.13,14.95,0,0,0
1880,259,2026-06-26 13:00:00,26,4,1,dinner,extreme,3,1,446,153,531.37,0,0.0,0.0,0.0,0,0.0,0.0,0.0,0.0,0.0,0,0,0
1881,259,2026-03-29 10:00:00,29,6,1,late_night,clear,10,1,504,173,315.59,1,0.05,0.04247707566507472,0.007522924334925282,1,337.49,16.87,70.12,219.37,31.13,1,0,0
1882,259,2026-01-26 02:00:00,26,0,1,dinner,clear,7,1,557,190,488.12,0,0.0,0.0,0.0,0,0.0,0.0,0.0,0.0,0.0,0,0,0
1883,259,2026-04-02 00:00:00,2,3,1,breakfast,rain,10,3,571,194,573.77,1,0.05,0.04922456693839505,0.0007754330616049562,1,613.59,30.68,81.82,398.83,102.26,0,0,0
1884,259,2026-02-20 10:00:00,20,4,0,dinner,extreme,8,1,152,50,315.22,1,0.15,0.0870202353248762,0.0629797646751238,0,0.0,0.0,0.0,0.0,0.0,0,0,0
1885,259,2026-05-12 05:00:00,12,1,0,breakfast,rain,6,1,432,147,336.87,0,0.0,0.0,0.0,0,0.0,0.0,0.0,0.0,0.0,0,0,0
1886,259,2026-05-08 20:00:00,8,4,0,late_night,clear,10,1,290,97,376.15,0,0.0,0.0,0.0,0,0.0,0.0,0.0,0.0,0.0,0,0,0
1887,259,2026-01-06 12:00:00,6,1,1,late_night,clear,11,1,264,87,368.04,0,0.0,0.0,0.0,0,0.0,0.0,0.0,0.0,0.0,0,0,0
1888,259,2026-05-26 22:00:00,26,1,1,breakfast,clear,10,1,444,153,387.88,1,0.15,0.10145313576966068,0.04854686423033931,1,448.71,67.31,78.88,291.66,10.86,1,0,0
1889,260,2026-06-07 22:00:00,7,6,1,lunch,extreme,5,1,209,68,405.41,1,0.2,0.195492642764764,0.004507357235236015,1,472.82,94.56,51.76,307.33,19.16,1,0,0
1890,260,2026-01-25 13:00:00,25,6,1,late_night,clear,1,3,131,43,406.54,0,0.0,0.0,0.0,0,0.0,0.0,0.0,0.0,0.0,0,0,0
1891,260,2026-02-21 04:00:00,21,5,0,late_night,clear,13,2,295,99,382.6,0,0.0,0.0,0.0,0,0.0,0.0,0.0,0.0,0.0,0,0,0
1892,260,2026-05-18 08:00:00,18,0,0,dinner,rain,14,4,336,113,334.35,1,0.2,0.1795124244609932,0.02048757553900682,1,389.94,77.99,72.1,253.46,-13.61,0,0,0
1893,260,2026-06-23 03:00:00,23,1,0,lunch,rain,4,2,350,118,329.12,0,0.0,0.0,0.0,0,0.0,0.0,0.0,0.0,0.0,0,0,0
1894,260,2026-01-24 09:00:00,24,5,0,dinner,clear,7,2,71,23,526.88,0,0.0,0.0,0.0,0,0.0,0.0,0.0,0.0,0.0,0,0,0
1895,260,2026-03-01 11:00:00,1,6,1,late_night,clear,7,1,461,158,470.93,1,0.1,0.050300568090479295,0.04969943190952071,1,520.33,52.03,83.14,338.22,46.94,0,0,0
1896,260,2026-04-23 04:00:00,23,3,0,late_night,clear,3,4,418,143,386.26,1,0.1,0.07402211189099278,0.025977888109007224,1,426.78,42.68,70.36,277.41,36.34,0,0,0
1897,260,2026-05-03 05:00:00,3,6,1,late_night,clear,13,4,540,185,437.06,0,0.0,0.0,0.0,1,437.06,0.0,74.56,284.09,78.41,0,0,0
1898,260,2026-06-23 09:00:00,23,1,0,late_night,clear,10,5,396,136,466.36,1,0.05,0.025649322830255172,0.02435067716974483,0,0.0,0.0,0.0,0.0,0.0,0,0,0
1899,260,2026-02-05 01:00:00,5,3,1,breakfast,rain,1,1,303,102,431.39,0,0.0,0.0,0.0,0,0.0,0.0,0.0,0.0,0.0,0,0,0
1900,260,2026-06-05 21:00:00,5,4,1,late_night,clear,2,1,431,147,375.56,0,0.0,0.0,0.0,1,375.56,0.0,87.64,244.11,43.81,0,0,0
1901,260,2026-01-10 17:00:00,10,5,0,dinner,extreme,9,2,28,8,385.39,0,0.0,0.0,0.0,0,0.0,0.0,0.0,0.0,0.0,0,0,0
1902,261,2026-04-18 21:00:00,18,5,0,dinner,clear,4,5,203,67,382.66,1,0.05,0.04924788282026782,0.0007521171797321841,0,0.0,0.0,0.0,0.0,0.0,0,0,0
1903,262,2026-01-05 23:00:00,5,0,1,lunch,clear,2,2,374,128,310.41,0,0.0,0.0,0.0,1,310.41,0.0,60.16,201.77,48.48,0,0,0
1904,262,2026-02-11 17:00:00,11,2,0,breakfast,extreme,5,1,473,162,367.38,0,0.0,0.0,0.0,0,0.0,0.0,0.0,0.0,0.0,0,0,0
1905,262,2026-03-05 06:00:00,5,3,1,breakfast,clear,11,4,43,13,320.07,0,0.0,0.0,0.0,0,0.0,0.0,0.0,0.0,0.0,0,0,0
1906,262,2026-06-03 02:00:00,3,2,1,late_night,extreme,1,1,468,160,412.07,0,0.0,0.0,0.0,1,412.07,0.0,84.28,267.85,59.94,0,0,0
1907,262,2026-06-24 05:00:00,24,2,0,late_night,extreme,11,5,100,33,426.11,0,0.0,0.0,0.0,1,426.11,0.0,54.16,276.97,94.98,0,0,0
1908,262,2026-03-20 23:00:00,20,4,0,late_night,rain,3,1,361,122,406.31,0,0.0,0.0,0.0,1,406.31,0.0,61.84,264.1,80.37,0,0,0
1909,262,2026-04-18 08:00:00,18,5,0,breakfast,clear,3,1,135,44,274.41,1,0.05,0.034724490480186436,0.015275509519813567,1,296.41,14.82,73.3,192.66,15.62,0,0,0
1910,262,2026-02-01 21:00:00,1,6,1,lunch,clear,14,1,28,8,385.39,0,0.0,0.0,0.0,0,0.0,0.0,0.0,0.0,0.0,0,0,0
1911,262,2026-05-13 03:00:00,13,2,0,late_night,rain,8,2,527,180,602.61,1,0.1,0.08918646403418218,0.010813535965817828,1,685.19,68.52,79.36,445.37,91.94,0,1,0
1912,263,2026-03-17 06:00:00,17,1,0,late_night,clear,4,1,120,39,415.81,1,0.2,0.1379109016073182,0.06208909839268181,1,473.33,94.67,85.12,307.67,-14.12,0,0,0
1913,263,2026-05-22 19:00:00,22,4,0,dinner,clear,4,2,511,175,535.27,0,0.0,0.0,0.0,0,0.0,0.0,0.0,0.0,0.0,0,0,0
1914,263,2026-01-10 05:00:00,10,5,0,lunch,clear,14,1,290,97,376.15,0,0.0,0.0,0.0,0,0.0,0.0,0.0,0.0,0.0,0,0,0
1915,264,2026-06-15 03:00:00,15,0,0,lunch,clear,12,1,299,101,404.49,1,0.1,0.06460030899280578,0.03539969100719423,0,0.0,0.0,0.0,0.0,0.0,0,0,0
1916,264,2026-04-11 07:00:00,11,5,0,breakfast,clear,1,2,145,48,505.89,1,0.15,0.13374349337872482,0.016256506621275174,0,0.0,0.0,0.0,0.0,0.0,0,0,0
1917,264,2026-05-16 18:00:00,16,5,0,dinner,clear,7,5,279,93,516.93,1,0.2,0.11968853584734065,0.08031146415265936,1,562.5,112.5,72.76,365.63,11.62,1,0,0
1918,264,2026-05-13 19:00:00,13,2,0,late_night,clear,1,4,240,78,339.14,1,0.15,0.07964055082843544,0.07035944917156456,1,364.08,54.61,78.7,236.65,-5.88,0,0,0
1919,264,2026-01-24 22:00:00,24,5,0,dinner,clear,6,2,215,71,481.1,0,0.0,0.0,0.0,0,0.0,0.0,0.0,0.0,0.0,0,0,0
1920,264,2026-04-24 17:00:00,24,4,0,lunch,clear,14,1,379,130,459.76,1,0.15,0.1454735031216247,0.004526496878375308,1,493.57,74.04,72.88,320.82,25.83,0,0,0
1921,264,2026-01-17 17:00:00,17,5,0,lunch,rain,14,1,558,191,360.12,1,0.2,0.10084690140407969,0.09915309859592032,1,391.87,78.37,89.14,254.72,-30.36,0,0,0
1922,264,2026-03-02 21:00:00,2,0,1,late_night,extreme,3,2,431,147,375.56,0,0.0,0.0,0.0,0,0.0,0.0,0.0,0.0,0.0,0,0,0
1923,264,2026-03-29 03:00:00,29,6,1,dinner,clear,2,1,568,193,376.52,1,0.1,0.05316129988475762,0.04683870011524238,1,397.46,39.75,85.84,258.35,13.53,1,0,0
1924,264,2026-01-14 00:00:00,14,2,0,breakfast,clear,13,5,434,148,284.36,1,0.1,0.09334771674191966,0.006652283258080344,1,300.18,30.02,79.36,195.12,-4.32,0,1,0
1925,265,2026-02-17 10:00:00,17,1,0,dinner,clear,4,1,337,114,325.94,1,0.1,0.07731535713477314,0.022684642865226867,1,372.05,37.2,79.0,241.83,14.01,1,0,0
1926,265,2026-02-24 22:00:00,24,1,0,late_night,clear,3,2,67,22,343.91,1,0.05,0.025328774788056865,0.024671225211943138,0,0.0,0.0,0.0,0.0,0.0,0,0,0
1927,265,2026-03-07 09:00:00,7,5,1,lunch,clear,6,2,157,52,324.13,0,0.0,0.0,0.0,0,0.0,0.0,0.0,0.0,0.0,0,0,0
1928,265,2026-02-03 20:00:00,3,1,1,late_night,clear,6,1,11,3,382.03,0,0.0,0.0,0.0,1,382.03,0.0,55.84,248.32,77.87,0,0,0
1929,265,2026-04-04 13:00:00,4,5,1,late_night,extreme,3,1,373,128,361.15,0,0.0,0.0,0.0,0,0.0,0.0,0.0,0.0,0.0,0,0,0
1930,265,2026-03-12 06:00:00,12,3,0,dinner,clear,11,1,581,197,473.43,0,0.0,0.0,0.0,0,0.0,0.0,0.0,0.0,0.0,0,0,0
1931,265,2026-04-22 19:00:00,22,2,0,breakfast,clear,9,1,453,156,246.22,0,0.0,0.0,0.0,0,0.0,0.0,0.0,0.0,0.0,0,0,0
1932,265,2026-05-21 19:00:00,21,3,0,lunch,extreme,8,3,258,85,347.07,0,0.0,0.0,0.0,1,347.07,0.0,60.28,225.6,61.19,0,0,0
1933,265,2026-06-09 04:00:00,9,1,0,dinner,clear,5,1,164,54,379.98,1,0.15,0.10019098454850171,0.04980901545149828,1,451.03,67.65,71.8,293.17,18.41,0,0,0
1934,265,2026-04-06 17:00:00,6,0,1,dinner,clear,13,2,541,185,410.91,0,0.0,0.0,0.0,1,410.91,0.0,74.56,267.09,69.26,0,0,0
1935,265,2026-04-09 02:00:00,9,3,0,lunch,rain,10,3,225,73,503.59,0,0.0,0.0,0.0,0,0.0,0.0,0.0,0.0,0.0,0,0,0
1936,265,2026-02-14 05:00:00,14,5,0,late_night,clear,10,1,540,185,437.06,0,0.0,0.0,0.0,0,0.0,0.0,0.0,0.0,0.0,0,0,0
1937,266,2026-03-22 21:00:00,22,6,0,lunch,rain,5,1,484,166,333.57,0,0.0,0.0,0.0,0,0.0,0.0,0.0,0.0,0.0,0,0,0
1938,266,2026-02-20 21:00:00,20,4,0,lunch,clear,7,1,398,136,562.98,1,0.1,0.07529490700498054,0.024705092995019468,0,0.0,0.0,0.0,0.0,0.0,0,0,0
1939,266,2026-02-01 23:00:00,1,6,1,breakfast,clear,8,1,17,5,391.07,1,0.05,0.03173042772917767,0.018269572270822335,1,408.21,20.41,45.88,265.33,76.58,1,0,0
1940,266,2026-03-12 16:00:00,12,3,0,breakfast,clear,6,1,306,102,364.7,0,0.0,0.0,0.0,1,364.7,0.0,60.46,237.06,67.18,0,0,0
1941,266,2026-01-20 12:00:00,20,1,0,lunch,clear,12,3,268,89,373.97,1,0.2,0.12827473085423421,0.0717252691457658,1,418.37,83.67,54.7,271.94,8.06,1,0,0
1942,266,2026-03-29 02:00:00,29,6,1,dinner,clear,8,5,415,142,396.5,1,0.1,0.059033744204015894,0.04096625579598411,1,426.2,42.62,48.7,277.03,57.85,0,0,0
1943,267,2026-03-13 04:00:00,13,4,0,dinner,rain,3,4,102,34,373.66,1,0.1,0.09359415061988163,0.0064058493801183725,1,399.07,39.91,57.04,259.39,42.73,1,0,0
1944,267,2026-05-30 00:00:00,30,5,1,lunch,rain,10,1,392,135,314.54,1,0.2,0.19726700281012383,0.002732997189876185,1,348.44,69.69,78.7,226.49,-26.43,1,0,0
1945,267,2026-06-22 06:00:00,22,0,0,dinner,clear,3,1,355,119,330.66,0,0.0,0.0,0.0,0,0.0,0.0,0.0,0.0,0.0,0,0,0
1946,267,2026-02-16 14:00:00,16,0,0,breakfast,clear,11,1,327,110,400.01,0,0.0,0.0,0.0,0,0.0,0.0,0.0,0.0,0.0,0,0,0
1947,267,2026-06-05 15:00:00,5,4,1,breakfast,clear,8,1,396,136,466.36,0,0.0,0.0,0.0,1,466.36,0.0,85.3,303.13,77.93,0,0,0
1948,268,2026-05-14 18:00:00,14,3,0,lunch,clear,4,2,2,0,467.58,0,0.0,0.0,0.0,0,0.0,0.0,0.0,0.0,0.0,0,0,0
1949,268,2026-02-23 19:00:00,23,0,0,late_night,extreme,10,1,524,179,239.99,0,0.0,0.0,0.0,0,0.0,0.0,0.0,0.0,0.0,0,0,0
1950,268,2026-05-18 13:00:00,18,0,0,lunch,extreme,7,1,121,40,652.1,0,0.0,0.0,0.0,1,652.1,0.0,76.18,423.86,152.06,0,1,0
1951,268,2026-06-16 16:00:00,16,1,0,late_night,clear,13,1,253,83,398.87,0,0.0,0.0,0.0,0,0.0,0.0,0.0,0.0,0.0,0,0,0
1952,268,2026-03-12 07:00:00,12,3,0,breakfast,clear,2,1,111,37,572.96,0,0.0,0.0,0.0,1,572.96,0.0,82.66,372.42,117.88,0,0,0
1953,268,2026-03-30 03:00:00,30,0,1,breakfast,clear,1,1,52,17,309.09,1,0.05,0.040961258057561345,0.009038741942438658,1,341.44,17.07,57.1,221.94,45.33,0,0,0
1954,268,2026-02-16 14:00:00,16,0,0,breakfast,extreme,3,1,473,162,367.38,1,0.1,0.06260931216143897,0.03739068783856103,1,433.12,43.31,79.3,281.53,28.98,0,0,0
1955,268,2026-04-15 06:00:00,15,2,0,breakfast,clear,5,5,333,112,519.42,0,0.0,0.0,0.0,0,0.0,0.0,0.0,0.0,0.0,0,0,0
1956,268,2026-05-29 17:00:00,29,4,1,lunch,extreme,5,2,362,123,472.34,0,0.0,0.0,0.0,0,0.0,0.0,0.0,0.0,0.0,0,1,0
1957,268,2026-06-25 18:00:00,25,3,1,late_night,clear,5,1,300,101,352.16,0,0.0,0.0,0.0,0,0.0,0.0,0.0,0.0,0.0,0,0,0
1958,268,2026-05-23 10:00:00,23,5,0,lunch,clear,14,1,368,126,431.88,1,0.1,0.09741339977219834,0.002586600227801661,1,509.16,50.92,68.8,330.95,58.49,1,0,0
1959,269,2026-04-22 00:00:00,22,2,0,dinner,clear,13,1,488,167,559.81,0,0.0,0.0,0.0,1,559.81,0.0,47.08,363.88,148.85,0,0,0
1960,269,2026-03-16 16:00:00,16,0,0,breakfast,rain,14,3,337,114,325.94,0,0.0,0.0,0.0,0,0.0,0.0,0.0,0.0,0.0,0,0,0
1961,269,2026-03-22 19:00:00,22,6,0,lunch,extreme,6,2,420,144,369.6,0,0.0,0.0,0.0,0,0.0,0.0,0.0,0.0,0.0,0,0,0
1962,269,2026-06-16 12:00:00,16,1,0,late_night,clear,12,2,362,123,472.34,1,0.05,0.026510963605028606,0.023489036394971397,0,0.0,0.0,0.0,0.0,0.0,0,0,0
1963,269,2026-01-22 14:00:00,22,3,0,breakfast,rain,9,1,175,57,349.16,1,0.15,0.12578401930981323,0.024215980690186767,1,379.61,56.94,57.64,246.75,18.28,1,0,0
1964,269,2026-02-11 10:00:00,11,2,0,lunch,extreme,11,2,272,91,541.4,1,0.2,0.19122960436389916,0.008770395636100853,1,598.01,119.6,56.98,388.71,32.72,0,0,0
1965,269,2026-05-08 17:00:00,8,4,0,late_night,rain,5,4,230,75,383.59,0,0.0,0.0,0.0,0,0.0,0.0,0.0,0.0,0.0,0,0,0
1966,269,2026-01-31 19:00:00,31,5,1,lunch,clear,12,3,418,143,386.26,1,0.1,0.06812731952494606,0.03187268047505394,1,411.74,41.17,70.36,267.63,32.58,1,0,0
1967,269,2026-05-26 23:00:00,26,1,1,dinner,clear,12,1,279,93,516.93,1,0.1,0.07149201605857551,0.028507983941424495,1,551.03,55.1,72.76,358.17,65.0,0,0,0
1968,269,2026-03-15 18:00:00,15,6,0,dinner,clear,5,1,420,144,369.6,1,0.15,0.11818955442089285,0.031810445579107144,1,401.83,60.27,50.74,261.19,29.63,0,0,0
1969,269,2026-03-27 21:00:00,27,4,1,dinner,clear,6,2,13,4,401.59,0,0.0,0.0,0.0,0,0.0,0.0,0.0,0.0,0.0,0,0,0
1970,269,2026-03-23 23:00:00,23,0,0,breakfast,extreme,6,1,69,22,531.2,1,0.15,0.09974692920317678,0.050253070796823215,1,577.52,86.63,89.98,375.39,25.52,0,0,0
1971,269,2026-05-08 06:00:00,8,4,0,breakfast,clear,7,1,56,18,437.35,1,0.1,0.056427627042477974,0.04357237295752203,1,466.2,46.62,71.62,303.03,44.93,1,0,0
1972,269,2026-06-07 08:00:00,7,6,1,dinner,rain,10,1,194,65,439.76,1,0.05,0.031689191191265356,0.018310808808734647,0,0.0,0.0,0.0,0.0,0.0,0,0,0
1973,270,2026-03-11 07:00:00,11,2,0,lunch,extreme,12,5,465,159,428.08,1,0.2,0.17464467568455816,0.02535532431544185,1,532.27,106.45,54.7,345.98,25.14,0,0,1
1974,270,2026-04-30 01:00:00,30,3,1,late_night,clear,10,4,318,107,312.54,1,0.15,0.1404879087993344,0.009512091200665596,1,375.99,56.4,62.98,244.39,12.22,0,0,0
1975,270,2026-06-10 13:00:00,10,2,0,late_night,clear,7,3,287,96,526.62,0,0.0,0.0,0.0,0,0.0,0.0,0.0,0.0,0.0,0,0,0
1976,270,2026-01-04 16:00:00,4,6,1,late_night,extreme,2,2,103,34,391.16,1,0.05,0.047811098764710604,0.002188901235289399,0,0.0,0.0,0.0,0.0,0.0,0,0,0
1977,271,2026-01-28 09:00:00,28,2,1,lunch,clear,14,2,331,112,502.27,0,0.0,0.0,0.0,0,0.0,0.0,0.0,0.0,0.0,0,0,0
1978,271,2026-04-17 08:00:00,17,4,0,late_night,clear,7,1,135,44,274.41,0,0.0,0.0,0.0,0,0.0,0.0,0.0,0.0,0.0,0,1,0
1979,271,2026-03-23 11:00:00,23,0,0,breakfast,rain,10,4,401,138,355.52,1,0.2,0.1886693155855158,0.011330684414484204,1,432.85,86.57,51.7,281.36,13.23,0,0,0
1980,271,2026-05-17 04:00:00,17,6,0,dinner,clear,2,2,344,116,430.3,1,0.05,0.04702463858954518,0.0029753614104548257,1,464.85,23.24,81.82,302.15,57.63,0,0,0
1981,271,2026-03-07 18:00:00,7,5,1,dinner,clear,5,4,52,17,309.09,1,0.1,0.094192602721893,0.005807397278107002,1,351.51,35.15,57.1,228.48,30.78,0,0,0
1982,271,2026-06-13 23:00:00,13,5,0,late_night,clear,2,2,161,54,318.19,1,0.05,0.04850335930359855,0.0014966406964014509,0,0.0,0.0,0.0,0.0,0.0,0,0,0
1983,272,2026-01-11 07:00:00,11,6,0,lunch,clear,6,1,566,193,300.71,0,0.0,0.0,0.0,0,0.0,0.0,0.0,0.0,0.0,0,0,0
1984,272,2026-01-31 03:00:00,31,5,1,lunch,clear,1,1,179,59,330.4,0,0.0,0.0,0.0,0,0.0,0.0,0.0,0.0,0.0,0,0,0
1985,272,2026-04-29 20:00:00,29,2,1,breakfast,clear,3,1,584,198,433.43,0,0.0,0.0,0.0,0,0.0,0.0,0.0,0.0,0.0,0,0,0
1986,272,2026-01-19 11:00:00,19,0,0,dinner,clear,1,3,120,39,415.81,0,0.0,0.0,0.0,0,0.0,0.0,0.0,0.0,0.0,0,0,0
1987,272,2026-04-15 22:00:00,15,2,0,dinner,clear,6,2,213,70,439.7,1,0.15,0.08463557920738446,0.06536442079261554,1,493.12,73.97,90.28,320.53,8.34,1,0,0
1988,273,2026-05-06 03:00:00,6,2,1,lunch,extreme,6,4,128,42,428.94,1,0.15,0.12608103807431156,0.02391896192568843,0,0.0,0.0,0.0,0.0,0.0,0,0,0
1989,273,2026-03-23 02:00:00,23,0,0,late_night,extreme,3,1,436,149,386.12,0,0.0,0.0,0.0,1,386.12,0.0,50.38,250.98,84.76,0,0,0
1990,273,2026-01-20 05:00:00,20,1,0,lunch,rain,4,1,369,126,374.47,1,0.05,0.030312837777310177,0.019687162222689826,1,390.26,19.51,70.3,253.67,46.78,0,0,0
1991,273,2026-02-22 08:00:00,22,6,0,lunch,clear,9,5,38,12,516.36,0,0.0,0.0,0.0,0,0.0,0.0,0.0,0.0,0.0,0,0,0
1992,273,2026-05-27 15:00:00,27,2,1,lunch,clear,1,1,108,36,342.36,0,0.0,0.0,0.0,0,0.0,0.0,0.0,0.0,0.0,0,0,0
1993,273,2026-05-10 03:00:00,10,6,0,lunch,clear,7,1,271,90,376.38,1,0.05,0.03978237779680143,0.010217622203198572,1,392.26,19.61,69.76,254.97,47.92,1,0,0
1994,273,2026-03-26 01:00:00,26,3,1,dinner,extreme,10,2,585,198,566.08,1,0.1,0.0688052811730405,0.03119471882695951,1,606.9,60.69,69.7,394.48,82.02,0,0,0
1995,274,2026-04-02 09:00:00,2,3,1,dinner,clear,13,1,403,138,375.94,0,0.0,0.0,0.0,0,0.0,0.0,0.0,0.0,0.0,0,0,0
1996,274,2026-04-30 06:00:00,30,3,1,late_night,rain,11,2,290,97,376.15,1,0.05,0.044501086511722326,0.005498913488277676,0,0.0,0.0,0.0,0.0,0.0,0,0,0
1997,274,2026-06-20 06:00:00,20,5,0,breakfast,clear,6,1,580,197,288.97,1,0.05,0.04655671193261726,0.003443288067382741,1,304.17,15.21,64.06,197.71,27.19,1,0,0
1998,274,2026-06-14 11:00:00,14,6,0,lunch,rain,1,1,426,146,402.47,1,0.2,0.14664542074628067,0.053354579253719336,1,459.84,91.97,52.12,298.9,16.86,1,0,0
1999,274,2026-03-13 10:00:00,13,4,0,late_night,clear,13,1,485,166,333.05,1,0.05,0.03205446045717835,0.017945539542821652,1,350.57,17.53,86.74,227.87,18.43,1,0,0
2000,274,2026-02-24 07:00:00,24,1,0,lunch,clear,12,1,242,78,538.55,1,0.2,0.1951588261114607,0.004841173888539302,1,615.32,123.06,78.7,399.96,13.6,0,0,0
2001,274,2026-01-21 11:00:00,21,2,0,dinner,clear,10,1,344,116,430.3,1,0.1,0.05730147227360787,0.042698527726392134,1,469.0,46.9,81.82,304.85,35.43,0,0,0
2002,274,2026-06-19 15:00:00,19,4,0,lunch,rain,9,1,306,102,364.7,0,0.0,0.0,0.0,0,0.0,0.0,0.0,0.0,0.0,0,0,0
2003,274,2026-04-14 23:00:00,14,1,0,dinner,rain,9,1,322,108,306.99,0,0.0,0.0,0.0,0,0.0,0.0,0.0,0.0,0.0,0,0,0
2004,274,2026-05-07 08:00:00,7,3,1,breakfast,clear,8,1,258,85,347.07,1,0.05,0.04682199221386923,0.003178007786130775,1,365.33,18.27,57.28,237.46,52.32,0,0,0
2005,274,2026-04-26 18:00:00,26,6,1,lunch,clear,6,1,25,7,464.09,1,0.15,0.11091004881439612,0.03908995118560388,1,519.27,77.89,82.3,337.52,21.55,0,0,0
2006,274,2026-01-24 11:00:00,24,5,0,lunch,clear,5,2,125,41,321.49,1,0.2,0.1120696174327851,0.08793038256721492,1,367.32,73.46,47.8,238.76,7.3,0,0,0
2007,274,2026-01-31 03:00:00,31,5,1,dinner,clear,4,1,308,103,384.17,1,0.15,0.12337498970868224,0.026625010291317752,1,429.84,64.48,75.94,279.4,10.03,1,0,0
2008,275,2026-02-01 10:00:00,1,6,1,late_night,clear,12,1,557,190,488.12,1,0.2,0.1334570520465775,0.0665429479534225,1,562.93,112.59,83.62,365.9,0.82,0,0,0
2009,275,2026-04-26 03:00:00,26,6,1,breakfast,clear,5,1,16,4,481.46,1,0.1,0.0994891820411791,0.0005108179588209083,1,528.01,52.8,70.0,343.21,62.0,0,0,0
2010,275,2026-01-20 19:00:00,20,1,0,lunch,rain,12,2,484,166,333.57,0,0.0,0.0,0.0,0,0.0,0.0,0.0,0.0,0.0,0,0,0
2011,275,2026-03-13 03:00:00,13,4,0,breakfast,rain,9,1,241,78,460.55,0,0.0,0.0,0.0,0,0.0,0.0,0.0,0.0,0.0,0,0,0
2012,275,2026-03-01 20:00:00,1,6,1,lunch,extreme,13,1,431,147,375.56,1,0.1,0.06779502927881997,0.03220497072118003,1,411.87,41.19,90.64,267.72,12.33,0,0,0
2013,275,2026-04-24 12:00:00,24,4,0,breakfast,rain,5,1,373,128,361.15,1,0.1,0.09347180257892973,0.006528197421070275,1,396.07,39.61,61.66,257.45,37.36,0,0,0
2014,275,2026-06-02 00:00:00,2,1,1,lunch,clear,7,1,110,37,304.85,0,0.0,0.0,0.0,1,304.85,0.0,82.66,198.15,24.04,0,0,0
2015,275,2026-01-23 21:00:00,23,4,0,lunch,clear,12,1,553,189,404.99,0,0.0,0.0,0.0,0,0.0,0.0,0.0,0.0,0.0,0,0,0
2016,275,2026-05-09 12:00:00,9,5,0,lunch,extreme,7,1,518,177,457.29,0,0.0,0.0,0.0,0,0.0,0.0,0.0,0.0,0.0,0,0,0
2017,275,2026-03-01 13:00:00,1,6,1,lunch,clear,11,1,294,99,361.09,1,0.15,0.13551194418914786,0.014488055810852135,1,407.25,61.09,68.08,264.71,13.37,1,0,0
2018,275,2026-03-26 19:00:00,26,3,1,lunch,clear,8,1,363,123,366.41,1,0.05,0.0404782539951106,0.009521746004889406,1,387.14,19.36,89.8,251.64,26.34,0,0,0
2019,275,2026-06-06 15:00:00,6,5,1,dinner,rain,12,1,349,118,378.25,1,0.1,0.07427107574393585,0.025728924256064156,1,414.82,41.48,90.52,269.64,13.19,0,0,0
2020,276,2026-05-07 10:00:00,7,3,1,lunch,rain,8,3,445,153,277.25,0,0.0,0.0,0.0,0,0.0,0.0,0.0,0.0,0.0,0,0,0
2021,276,2026-06-05 18:00:00,5,4,1,dinner,clear,6,1,358,121,582.33,1,0.05,0.027402707276672496,0.022597292723327507,1,598.02,29.9,72.34,388.71,107.07,0,0,0
2022,276,2026-02-08 07:00:00,8,6,0,breakfast,clear,14,1,413,141,430.89,1,0.2,0.18163588918100837,0.01836411081899164,0,0.0,0.0,0.0,0.0,0.0,0,0,0
2023,276,2026-03-21 09:00:00,21,5,0,dinner,clear,11,1,142,47,365.27,0,0.0,0.0,0.0,1,365.27,0.0,71.02,237.43,56.82,0,0,0
2024,276,2026-01-10 16:00:00,10,5,0,lunch,clear,7,1,23,7,447.81,1,0.05,0.03904108263725284,0.010958917362747164,0,0.0,0.0,0.0,0.0,0.0,0,0,0
2025,276,2026-06-22 12:00:00,22,0,0,lunch,clear,8,2,579,197,358.14,1,0.1,0.05466352863789468,0.04533647136210533,1,374.64,37.46,64.06,243.51,29.6,0,0,0
2026,277,2026-06-13 20:00:00,13,5,0,breakfast,clear,2,1,92,31,500.94,1,0.1,0.05315042735539606,0.046849572644603946,1,524.01,52.4,55.78,340.61,75.22,0,0,0
2027,277,2026-03-01 04:00:00,1,6,1,dinner,clear,6,4,179,59,330.4,1,0.1,0.08357071858974208,0.01642928141025793,1,345.62,34.56,58.48,224.65,27.92,0,0,0
2028,277,2026-03-25 06:00:00,25,2,1,lunch,rain,6,1,446,153,531.37,1,0.05,0.031363872559596016,0.018636127440403986,0,0.0,0.0,0.0,0.0,0.0,0,0,0
2029,277,2026-05-29 10:00:00,29,4,1,breakfast,extreme,14,2,483,165,364.57,0,0.0,0.0,0.0,1,364.57,0.0,67.18,236.97,60.42,0,0,0
2030,277,2026-03-06 03:00:00,6,4,1,breakfast,rain,12,2,374,128,310.41,1,0.05,0.026917014249250384,0.02308298575074962,0,0.0,0.0,0.0,0.0,0.0,0,0,0
2031,277,2026-03-05 18:00:00,5,3,1,breakfast,clear,7,2,340,115,313.38,1,0.05,0.04399356566661337,0.006006434333386636,1,321.82,16.09,83.5,209.19,13.05,1,0,0
2032,277,2026-05-29 04:00:00,29,4,1,late_night,clear,11,3,158,52,277.26,0,0.0,0.0,0.0,0,0.0,0.0,0.0,0.0,0.0,0,0,0
2033,277,2026-03-01 19:00:00,1,6,1,dinner,clear,9,2,278,93,308.37,0,0.0,0.0,0.0,0,0.0,0.0,0.0,0.0,0.0,0,0,0
2034,277,2026-02-07 22:00:00,7,5,1,dinner,clear,9,1,558,191,360.12,0,0.0,0.0,0.0,0,0.0,0.0,0.0,0.0,0.0,0,0,0
2035,277,2026-02-23 13:00:00,23,0,0,late_night,rain,10,3,374,128,310.41,0,0.0,0.0,0.0,0,0.0,0.0,0.0,0.0,0.0,0,0,0
2036,277,2026-01-17 19:00:00,17,5,0,dinner,extreme,14,1,352,119,307.51,0,0.0,0.0,0.0,0,0.0,0.0,0.0,0.0,0.0,0,0,0
2037,277,2026-04-02 15:00:00,2,3,1,late_night,extreme,3,1,482,165,337.45,1,0.15,0.12233194402330522,0.027668055976694778,1,358.0,53.7,67.18,232.7,4.42,0,0,0
2038,278,2026-01-01 18:00:00,1,3,1,late_night,rain,2,3,567,193,277.06,0,0.0,0.0,0.0,0,0.0,0.0,0.0,0.0,0.0,0,0,0
2039,278,2026-01-06 07:00:00,6,1,1,late_night,clear,1,5,414,141,232.56,0,0.0,0.0,0.0,0,0.0,0.0,0.0,0.0,0.0,0,0,0
2040,278,2026-03-25 18:00:00,25,2,1,late_night,rain,6,3,399,137,510.29,1,0.1,0.05440413401564999,0.04559586598435002,1,587.78,58.78,65.44,382.06,81.5,1,0,0
2041,278,2026-01-15 21:00:00,15,3,0,lunch,rain,8,1,143,47,404.73,1,0.05,0.03057772483460336,0.019422275165396644,1,440.68,22.03,72.52,286.44,59.68,0,0,0
2042,278,2026-01-19 03:00:00,19,0,0,dinner,clear,9,1,143,47,404.73,0,0.0,0.0,0.0,1,404.73,0.0,71.02,263.07,70.64,0,0,0
2043,278,2026-02-28 02:00:00,28,5,1,breakfast,clear,7,4,443,153,368.55,0,0.0,0.0,0.0,1,368.55,0.0,78.88,239.56,50.11,0,0,0
2044,278,2026-01-12 10:00:00,12,0,0,breakfast,rain,8,3,142,47,365.27,1,0.1,0.056650982094203495,0.04334901790579651,1,420.74,42.07,72.52,273.48,32.66,0,0,0
2045,278,2026-03-19 07:00:00,19,3,0,dinner,rain,11,3,343,116,496.91,1,0.1,0.09478210100932359,0.0052178989906764145,1,572.37,57.24,83.32,372.04,59.77,0,0,0
2046,279,2026-03-01 08:00:00,1,6,1,dinner,rain,12,2,542,186,379.72,0,0.0,0.0,0.0,0,0.0,0.0,0.0,0.0,0.0,0,0,0
2047,280,2026-04-02 02:00:00,2,3,1,dinner,clear,4,1,430,147,329.56,1,0.15,0.13929605043799959,0.010703949562000409,1,366.82,55.02,87.64,238.43,-14.28,1,0,0
2048,280,2026-04-03 02:00:00,3,4,1,lunch,clear,14,1,341,115,349.17,0,0.0,0.0,0.0,0,0.0,0.0,0.0,0.0,0.0,0,0,0
2049,280,2026-06-23 18:00:00,23,1,0,lunch,clear,10,3,574,196,374.14,1,0.2,0.18727223566747264,0.01272776433252737,1,424.85,84.97,46.84,276.15,16.89,1,0,0
2050,280,2026-03-25 15:00:00,25,2,1,dinner,clear,10,2,113,37,446.27,0,0.0,0.0,0.0,1,446.27,0.0,82.66,290.08,73.53,0,0,0
2051,281,2026-05-18 15:00:00,18,0,0,lunch,clear,4,1,513,176,549.34,0,0.0,0.0,0.0,0,0.0,0.0,0.0,0.0,0.0,0,0,0
2052,281,2026-03-18 01:00:00,18,2,0,breakfast,rain,13,1,170,56,375.86,0,0.0,0.0,0.0,0,0.0,0.0,0.0,0.0,0.0,0,0,0
2053,281,2026-05-25 21:00:00,25,0,1,lunch,clear,5,1,157,52,324.13,0,0.0,0.0,0.0,1,324.13,0.0,60.64,210.68,52.81,0,0,0
2054,281,2026-04-13 09:00:00,13,0,0,late_night,clear,10,1,345,116,427.67,1,0.05,0.04810733688897892,0.001892663111021084,0,0.0,0.0,0.0,0.0,0.0,0,0,0
2055,281,2026-05-29 04:00:00,29,4,1,late_night,clear,3,4,331,112,502.27,0,0.0,0.0,0.0,0,0.0,0.0,0.0,0.0,0.0,0,0,0
2056,281,2026-05-23 16:00:00,23,5,0,late_night,rain,11,1,462,158,425.12,0,0.0,0.0,0.0,0,0.0,0.0,0.0,0.0,0.0,0,0,0
2057,281,2026-03-18 06:00:00,18,2,0,late_night,rain,5,1,416,142,323.29,0,0.0,0.0,0.0,0,0.0,0.0,0.0,0.0,0.0,0,0,0
2058,281,2026-03-29 16:00:00,29,6,1,breakfast,clear,3,3,167,55,394.06,0,0.0,0.0,0.0,1,394.06,0.0,87.64,256.14,50.28,0,0,0
2059,281,2026-03-26 21:00:00,26,3,1,lunch,clear,12,1,527,180,602.61,1,0.1,0.08285966316971123,0.017140336830288774,1,688.95,68.89,77.86,447.82,94.38,1,0,0
2060,281,2026-01-05 14:00:00,5,0,1,late_night,clear,6,1,139,46,550.59,1,0.1,0.05788918031725641,0.0421108196827436,1,629.47,62.95,49.6,409.16,107.77,0,0,0
2061,281,2026-06-23 03:00:00,23,1,0,late_night,clear,4,2,235,76,242.38,1,0.1,0.09442833278755605,0.005571667212443954,1,277.11,27.71,53.26,180.12,16.02,0,0,0
2062,281,2026-04-25 01:00:00,25,5,1,breakfast,clear,14,1,63,21,314.23,1,0.15,0.10079587200448127,0.04920412799551872,1,373.74,56.06,84.88,242.93,-10.13,0,0,0
2063,282,2026-01-08 12:00:00,8,3,0,breakfast,rain,8,1,353,119,370.29,1,0.1,0.06985426721138602,0.030145732788613988,0,0.0,0.0,0.0,0.0,0.0,0,0,0
2064,282,2026-06-03 15:00:00,3,2,1,dinner,rain,14,1,387,133,497.56,1,0.05,0.0451731700469874,0.004826829953012604,1,518.24,25.91,75.04,336.86,80.43,1,0,0
2065,282,2026-04-15 03:00:00,15,2,0,late_night,clear,6,1,580,197,288.97,1,0.15,0.11443846723282683,0.035561532767173165,1,316.12,47.42,64.06,205.48,-0.84,0,0,0
2066,282,2026-01-24 10:00:00,24,5,0,lunch,rain,14,1,63,21,314.23,1,0.05,0.04634491821424435,0.0036550817857556525,1,327.29,16.36,86.38,212.74,11.81,0,0,0
2067,282,2026-01-24 10:00:00,24,5,0,dinner,clear,10,1,493,169,546.34,1,0.2,0.18709955351251917,0.012900446487480843,1,607.88,121.58,51.34,395.12,39.84,0,0,0
2068,282,2026-03-19 22:00:00,19,3,0,dinner,rain,11,2,176,58,380.02,1,0.15,0.09425770483099802,0.055742295169001976,1,415.72,62.36,81.4,270.22,1.74,0,0,0
2069,282,2026-03-07 16:00:00,7,5,1,dinner,clear,11,1,432,147,336.87,0,0.0,0.0,0.0,0,0.0,0.0,0.0,0.0,0.0,0,0,0
2070,282,2026-03-02 02:00:00,2,0,1,lunch,clear,9,3,379,130,459.76,0,0.0,0.0,0.0,1,459.76,0.0,72.88,298.84,88.04,0,0,0
2071,282,2026-01-25 12:00:00,25,6,1,late_night,clear,14,1,26,7,436.75,1,0.05,0.030057913574910583,0.01994208642508942,0,0.0,0.0,0.0,0.0,0.0,0,0,0
2072,282,2026-05-24 06:00:00,24,6,0,lunch,clear,5,1,580,197,288.97,1,0.15,0.09695555401279551,0.05304444598720448,1,316.12,47.42,64.06,205.48,-0.84,0,0,0
2073,282,2026-05-18 20:00:00,18,0,0,breakfast,extreme,2,1,355,119,330.66,0,0.0,0.0,0.0,0,0.0,0.0,0.0,0.0,0.0,0,0,0
2074,283,2026-03-24 15:00:00,24,1,0,late_night,rain,6,1,404,138,351.02,0,0.0,0.0,0.0,0,0.0,0.0,0.0,0.0,0.0,0,0,0
2075,283,2026-02-20 14:00:00,20,4,0,breakfast,clear,12,3,160,53,410.45,0,0.0,0.0,0.0,0,0.0,0.0,0.0,0.0,0.0,0,0,0
2076,283,2026-04-29 14:00:00,29,2,1,lunch,clear,6,4,148,49,348.4,1,0.1,0.08322485333695101,0.016775146663048995,1,393.34,39.33,63.94,255.67,34.39,0,0,0
2077,283,2026-02-09 07:00:00,9,0,0,late_night,clear,3,3,558,191,360.12,1,0.05,0.03488396515858636,0.01511603484141364,0,0.0,0.0,0.0,0.0,0.0,0,1,0
2078,283,2026-03-30 17:00:00,30,0,1,lunch,extreme,8,2,112,37,403.7,0,0.0,0.0,0.0,0,0.0,0.0,0.0,0.0,0.0,0,0,0
2079,283,2026-05-31 21:00:00,31,6,1,dinner,clear,1,3,22,6,381.97,0,0.0,0.0,0.0,0,0.0,0.0,0.0,0.0,0.0,0,0,0
2080,283,2026-02-02 11:00:00,2,0,1,breakfast,clear,4,1,418,143,386.26,0,0.0,0.0,0.0,0,0.0,0.0,0.0,0.0,0.0,0,0,0
2081,283,2026-06-02 00:00:00,2,1,1,dinner,clear,7,1,512,175,411.67,0,0.0,0.0,0.0,0,0.0,0.0,0.0,0.0,0.0,0,0,0
2082,283,2026-01-07 05:00:00,7,2,1,lunch,clear,4,3,65,21,412.58,1,0.2,0.13673115381125536,0.06326884618874465,1,496.92,99.38,84.88,323.0,-10.34,0,0,0
2083,283,2026-01-31 22:00:00,31,5,1,late_night,clear,6,1,389,134,419.42,0,0.0,0.0,0.0,0,0.0,0.0,0.0,0.0,0.0,0,0,0
2084,283,2026-04-15 00:00:00,15,2,0,lunch,extreme,9,5,209,68,405.41,1,0.1,0.051970766868890454,0.04802923313110955,1,457.7,45.77,51.76,297.5,62.66,1,0,0
2085,283,2026-01-09 09:00:00,9,4,0,lunch,clear,4,2,27,8,409.25,1,0.1,0.09072322159750985,0.009276778402490152,1,462.03,46.2,57.04,300.32,58.47,0,0,0
2086,283,2026-06-17 15:00:00,17,2,0,late_night,clear,3,1,370,127,368.76,0,0.0,0.0,0.0,0,0.0,0.0,0.0,0.0,0.0,0,0,0
2087,283,2026-04-13 02:00:00,13,0,0,lunch,clear,11,1,340,115,313.38,1,0.1,0.06534540541373991,0.03465459458626009,1,353.8,35.38,83.5,229.97,4.95,0,0,0
2088,284,2026-05-24 03:00:00,24,6,0,lunch,clear,11,2,379,130,459.76,1,0.15,0.09246884680262543,0.05753115319737456,1,517.74,77.66,72.88,336.53,30.67,0,0,0
2089,284,2026-04-15 20:00:00,15,2,0,breakfast,clear,6,3,266,88,603.82,1,0.1,0.054575778395851184,0.04542422160414882,1,661.42,66.14,64.66,429.92,100.7,0,0,0
2090,284,2026-01-28 14:00:00,28,2,1,breakfast,clear,14,1,332,112,555.99,0,0.0,0.0,0.0,0,0.0,0.0,0.0,0.0,0.0,0,0,0
2091,284,2026-03-04 16:00:00,4,2,1,breakfast,clear,7,1,186,62,511.72,1,0.05,0.04842204505074167,0.0015779549492583311,0,0.0,0.0,0.0,0.0,0.0,0,0,0
2092,284,2026-03-31 17:00:00,31,1,1,breakfast,clear,12,3,311,105,290.55,0,0.0,0.0,0.0,1,290.55,0.0,80.2,188.86,21.49,0,0,0
2093,284,2026-05-05 12:00:00,5,1,1,breakfast,clear,12,5,66,21,340.92,1,0.05,0.038806431317232826,0.011193568682767177,1,359.94,18.0,84.88,233.96,23.1,1,0,0
2094,284,2026-04-21 20:00:00,21,1,0,late_night,rain,13,3,42,13,369.33,1,0.1,0.0907005723746401,0.009299427625359902,1,404.56,40.46,46.72,262.97,54.42,0,0,0
2095,284,2026-04-12 02:00:00,12,6,0,dinner,clear,13,3,228,74,270.68,1,0.05,0.03824140757890328,0.011758592421096725,1,285.78,14.29,71.92,185.76,13.82,1,0,0
2096,284,2026-06-24 13:00:00,24,2,0,late_night,clear,4,1,446,153,531.37,0,0.0,0.0,0.0,0,0.0,0.0,0.0,0.0,0.0,0,0,0
2097,285,2026-05-11 19:00:00,11,0,0,dinner,clear,9,1,77,24,277.16,1,0.2,0.14153310575206143,0.05846689424793858,1,305.43,61.09,71.02,198.53,-25.21,1,0,0
2098,285,2026-03-18 12:00:00,18,2,0,lunch,clear,4,1,585,198,566.08,0,0.0,0.0,0.0,0,0.0,0.0,0.0,0.0,0.0,0,0,0
2099,285,2026-04-23 19:00:00,23,3,0,dinner,extreme,4,1,427,146,526.27,0,0.0,0.0,0.0,0,0.0,0.0,0.0,0.0,0.0,0,0,0
2100,285,2026-05-26 15:00:00,26,1,1,late_night,clear,5,1,318,107,312.54,1,0.05,0.04531239058903458,0.004687609410965424,0,0.0,0.0,0.0,0.0,0.0,0,0,0
2101,285,2026-01-25 05:00:00,25,6,1,lunch,rain,2,1,339,115,349.28,0,0.0,0.0,0.0,0,0.0,0.0,0.0,0.0,0.0,0,0,0
2102,285,2026-05-27 09:00:00,27,2,1,lunch,clear,8,1,185,61,409.82,1,0.2,0.12399317936952055,0.07600682063047946,0,0.0,0.0,0.0,0.0,0.0,0,0,0
2103,285,2026-06-21 19:00:00,21,6,0,breakfast,extreme,11,1,184,61,352.75,1,0.2,0.1953076451543487,0.004692354845651309,1,388.73,77.75,55.42,252.68,2.89,1,0,0
2104,285,2026-02-08 07:00:00,8,6,0,late_night,clear,14,1,77,24,277.16,1,0.1,0.09123928554911412,0.008760714450885887,1,295.0,29.5,71.02,191.75,2.73,1,0,0
2105,285,2026-01-06 06:00:00,6,1,1,lunch,rain,14,1,49,15,501.91,0,0.0,0.0,0.0,0,0.0,0.0,0.0,0.0,0.0,0,0,0
2106,285,2026-05-13 16:00:00,13,2,0,breakfast,clear,11,1,318,107,312.54,1,0.05,0.030790998060544764,0.01920900193945524,1,324.31,16.22,62.98,210.8,34.31,0,0,0
2107,286,2026-03-14 00:00:00,14,5,0,lunch,rain,4,3,117,38,339.09,0,0.0,0.0,0.0,0,0.0,0.0,0.0,0.0,0.0,0,0,0
2108,286,2026-02-22 06:00:00,22,6,0,lunch,rain,4,1,239,78,297.85,0,0.0,0.0,0.0,0,0.0,0.0,0.0,0.0,0.0,0,0,0
2109,286,2026-05-20 08:00:00,20,2,0,late_night,clear,6,1,400,137,312.2,1,0.05,0.040063803640755236,0.009936196359244767,1,332.49,16.62,63.94,216.12,35.81,1,0,0
2110,286,2026-06-26 20:00:00,26,4,1,breakfast,clear,4,2,344,116,430.3,1,0.1,0.0576369878522564,0.04236301214774361,1,478.1,47.81,81.82,310.77,37.71,0,0,0
2111,286,2026-02-01 19:00:00,1,6,1,breakfast,clear,9,1,40,12,466.1,1,0.2,0.17523545226496612,0.024764547735033893,1,548.17,109.63,79.96,356.31,2.27,0,0,0
2112,286,2026-01-26 11:00:00,26,0,1,breakfast,clear,8,2,39,12,668.74,1,0.2,0.18165664770814904,0.018343352291850967,1,786.49,157.3,79.96,511.22,38.01,0,0,0
2113,286,2026-05-13 18:00:00,13,2,0,dinner,rain,1,2,410,140,370.66,1,0.05,0.0302559743550183,0.019744025644981702,0,0.0,0.0,0.0,0.0,0.0,0,0,0
2114,286,2026-05-29 07:00:00,29,4,1,breakfast,rain,10,2,472,161,222.14,0,0.0,0.0,0.0,1,222.14,0.0,64.42,144.39,13.33,0,0,0
2115,286,2026-02-01 09:00:00,1,6,1,dinner,clear,9,1,489,168,352.48,1,0.2,0.16852568127319711,0.0314743187268029,1,414.54,82.91,51.94,269.45,10.24,0,0,0
2116,286,2026-05-30 03:00:00,30,5,1,lunch,clear,13,2,141,47,343.49,0,0.0,0.0,0.0,1,343.49,0.0,71.02,223.27,49.2,0,0,0
2117,286,2026-01-09 09:00:00,9,4,0,late_night,clear,12,1,368,126,431.88,1,0.2,0.11501612809442406,0.08498387190557595,1,507.93,101.59,68.8,330.15,7.39,0,0,0
2118,286,2026-05-05 03:00:00,5,1,1,dinner,clear,6,2,454,156,238.15,0,0.0,0.0,0.0,1,238.15,0.0,86.92,154.8,-3.57,0,0,0
2119,286,2026-06-15 20:00:00,15,0,0,dinner,rain,6,1,438,150,397.96,1,0.05,0.028638196879410483,0.02136180312058952,1,423.82,21.19,66.34,275.48,60.81,1,0,0
2120,287,2026-06-08 13:00:00,8,0,0,breakfast,rain,7,2,229,75,373.34,0,0.0,0.0,0.0,0,0.0,0.0,0.0,0.0,0.0,0,0,0
2121,288,2026-02-14 13:00:00,14,5,0,breakfast,extreme,9,2,144,47,344.24,1,0.2,0.19579471557512115,0.004205284424878858,1,372.32,74.46,74.02,242.01,-18.17,0,0,0
2122,288,2026-03-22 05:00:00,22,6,0,dinner,clear,6,1,98,33,267.42,1,0.1,0.07103328288356363,0.028966717116436377,1,281.18,28.12,51.16,182.77,19.14,1,0,0
2123,288,2026-01-09 07:00:00,9,4,0,late_night,extreme,10,1,82,26,413.45,0,0.0,0.0,0.0,0,0.0,0.0,0.0,0.0,0.0,0,0,0
2124,288,2026-03-28 20:00:00,28,5,1,lunch,clear,13,2,355,119,330.66,0,0.0,0.0,0.0,1,330.66,0.0,48.22,214.93,67.51,0,0,0
2125,289,2026-05-24 01:00:00,24,6,0,lunch,extreme,9,1,516,177,593.59,1,0.15,0.10114096938682171,0.048859030613178284,1,714.74,107.21,72.82,464.58,70.13,0,0,0
2126,290,2026-02-11 17:00:00,11,2,0,late_night,clear,5,1,34,10,395.98,0,0.0,0.0,0.0,1,395.98,0.0,83.8,257.39,54.79,0,0,0
2127,290,2026-03-31 08:00:00,31,1,1,breakfast,clear,3,1,254,84,436.22,0,0.0,0.0,0.0,0,0.0,0.0,0.0,0.0,0.0,0,0,0
2128,290,2026-01-11 15:00:00,11,6,0,dinner,rain,2,3,229,75,373.34,0,0.0,0.0,0.0,1,373.34,0.0,69.4,242.67,61.27,0,0,0
2129,290,2026-04-20 17:00:00,20,0,0,late_night,clear,4,1,324,109,583.03,1,0.2,0.10029519385719717,0.09970480614280285,1,708.7,141.74,67.66,460.66,38.65,0,0,0
2130,290,2026-04-20 22:00:00,20,0,0,dinner,clear,1,1,371,127,443.31,1,0.2,0.14545811889818724,0.05454188110181277,1,538.86,107.77,88.18,350.26,-7.35,1,0,0
2131,290,2026-05-23 23:00:00,23,5,0,lunch,clear,1,1,138,45,433.17,0,0.0,0.0,0.0,0,0.0,0.0,0.0,0.0,0.0,0,0,0
2132,291,2026-06-08 09:00:00,8,0,0,lunch,extreme,10,2,59,20,453.76,1,0.2,0.1742359345244857,0.025764065475514297,1,560.43,112.09,60.52,364.28,23.54,0,1,0
2133,291,2026-06-22 22:00:00,22,0,0,breakfast,extreme,8,1,414,141,232.56,1,0.2,0.18043867718283135,0.019561322817168658,1,287.23,57.45,70.96,186.7,-27.88,0,0,0
2134,291,2026-03-20 11:00:00,20,4,0,dinner,rain,12,5,224,73,409.67,1,0.1,0.05739259082101653,0.04260740917898347,1,470.43,47.04,85.66,305.78,31.95,1,0,0
2135,291,2026-06-23 12:00:00,23,1,0,lunch,clear,6,1,526,180,528.36,0,0.0,0.0,0.0,0,0.0,0.0,0.0,0.0,0.0,0,0,0
2136,291,2026-06-14 15:00:00,14,6,0,dinner,clear,7,1,247,80,495.9,0,0.0,0.0,0.0,0,0.0,0.0,0.0,0.0,0.0,0,0,0
2137,291,2026-03-06 02:00:00,6,4,1,dinner,extreme,6,1,362,123,472.34,1,0.05,0.042116461763828224,0.007883538236171779,1,513.32,25.67,92.8,333.66,61.2,0,0,0
2138,291,2026-06-15 07:00:00,15,0,0,lunch,clear,13,1,548,187,387.3,0,0.0,0.0,0.0,1,387.3,0.0,77.74,251.74,57.82,0,0,0
2139,291,2026-03-08 20:00:00,8,6,0,late_night,clear,6,2,358,121,582.33,1,0.2,0.18418758091911436,0.015812419080885654,1,719.22,143.84,72.34,467.49,35.54,1,0,0
2140,291,2026-01-08 22:00:00,8,3,0,lunch,clear,5,1,330,111,302.15,1,0.1,0.053129393457055855,0.04687060654294415,1,346.96,34.7,59.8,225.53,26.94,0,0,0
2141,292,2026-01-08 14:00:00,8,3,0,breakfast,clear,12,1,150,50,461.7,0,0.0,0.0,0.0,0,0.0,0.0,0.0,0.0,0.0,0,0,0
2142,292,2026-06-04 13:00:00,4,3,1,lunch,extreme,9,3,224,73,409.67,0,0.0,0.0,0.0,0,0.0,0.0,0.0,0.0,0.0,0,0,0
2143,292,2026-01-31 05:00:00,31,5,1,breakfast,clear,8,1,296,100,352.66,0,0.0,0.0,0.0,0,0.0,0.0,0.0,0.0,0.0,0,0,0
2144,292,2026-04-04 08:00:00,4,5,1,late_night,clear,5,2,186,62,511.72,1,0.2,0.18130556828681052,0.01869443171318949,1,579.81,115.96,72.28,376.88,14.69,1,0,0
2145,292,2026-01-27 09:00:00,27,1,1,dinner,rain,13,2,175,57,349.16,0,0.0,0.0,0.0,0,0.0,0.0,0.0,0.0,0.0,0,0,0
2146,292,2026-03-02 08:00:00,2,0,1,late_night,clear,4,1,339,115,349.28,0,0.0,0.0,0.0,1,349.28,0.0,83.5,227.03,38.75,0,0,0
2147,292,2026-05-11 23:00:00,11,0,0,late_night,clear,6,1,130,42,429.11,1,0.2,0.1963775550159278,0.003622444984072215,1,486.21,97.24,50.92,316.04,22.01,0,0,0
2148,292,2026-05-18 15:00:00,18,0,0,breakfast,clear,13,3,122,40,339.12,1,0.2,0.1807768461328202,0.01922315386717982,1,384.25,76.85,73.18,249.76,-15.54,0,0,0
2149,292,2026-05-23 10:00:00,23,5,0,dinner,clear,4,1,414,141,232.56,0,0.0,0.0,0.0,0,0.0,0.0,0.0,0.0,0.0,0,0,0
2150,292,2026-01-13 03:00:00,13,1,0,breakfast,clear,2,2,371,127,443.31,0,0.0,0.0,0.0,0,0.0,0.0,0.0,0.0,0.0,0,0,0
2151,292,2026-04-21 14:00:00,21,1,0,dinner,clear,5,4,28,8,385.39,1,0.05,0.029216117029915046,0.020783882970084957,1,404.32,20.22,57.04,262.81,64.26,0,0,0
2152,293,2026-06-16 01:00:00,16,1,0,breakfast,clear,7,1,529,180,299.68,1,0.2,0.17165625064197113,0.028343749358028886,1,334.03,66.81,77.86,217.12,-27.76,0,0,0
2153,293,2026-04-28 09:00:00,28,1,1,late_night,clear,6,3,361,122,406.31,1,0.2,0.12719686969216665,0.07280313030783336,1,452.88,90.58,60.34,294.37,7.59,0,0,0
2154,293,2026-01-28 02:00:00,28,2,1,breakfast,clear,13,1,153,51,331.89,0,0.0,0.0,0.0,0,0.0,0.0,0.0,0.0,0.0,0,0,0
2155,293,2026-05-28 12:00:00,28,3,1,lunch,clear,13,1,323,108,364.56,1,0.2,0.19954386856626904,0.0004561314337309663,1,406.34,81.27,88.6,264.12,-27.65,0,0,0
2156,294,2026-03-22 02:00:00,22,6,0,dinner,extreme,6,2,481,165,317.88,0,0.0,0.0,0.0,0,0.0,0.0,0.0,0.0,0.0,0,0,0
2157,294,2026-03-04 17:00:00,4,2,1,dinner,rain,10,1,310,104,391.76,0,0.0,0.0,0.0,0,0.0,0.0,0.0,0.0,0.0,0,0,0
2158,294,2026-02-04 23:00:00,4,2,1,breakfast,clear,9,1,526,180,528.36,0,0.0,0.0,0.0,0,0.0,0.0,0.0,0.0,0.0,0,0,0
2159,295,2026-05-16 08:00:00,16,5,0,lunch,rain,14,1,397,136,376.44,1,0.15,0.1029613644683611,0.047038635531638895,1,473.87,71.08,86.8,308.01,7.97,0,0,0
2160,295,2026-06-02 04:00:00,2,1,1,lunch,extreme,10,2,524,179,239.99,1,0.05,0.027607990972542518,0.022392009027457485,1,267.47,13.37,89.92,173.86,-9.68,0,0,0
2161,295,2026-01-24 07:00:00,24,5,0,lunch,clear,14,2,535,182,464.14,1,0.15,0.0822699216133383,0.06773007838666169,1,584.26,87.64,46.72,379.77,70.13,1,0,0
2162,295,2026-06-12 18:00:00,12,4,0,lunch,clear,8,1,399,137,510.29,1,0.05,0.035178679520392296,0.014821320479607707,1,568.73,28.44,63.94,369.67,106.68,0,0,0
2163,295,2026-02-10 02:00:00,10,1,0,dinner,rain,1,1,172,56,602.27,1,0.05,0.047984928606894295,0.002015071393105708,1,671.24,33.56,67.42,436.31,133.95,0,0,0
2164,295,2026-05-06 10:00:00,6,2,1,breakfast,clear,12,4,52,17,309.09,1,0.2,0.13542731835644567,0.06457268164355434,1,405.0,81.0,57.1,263.25,3.65,0,0,0
2165,295,2026-02-20 14:00:00,20,4,0,lunch,rain,6,1,41,13,378.71,1,0.1,0.08444858227161355,0.01555141772838646,1,452.85,45.29,46.72,294.35,66.49,0,0,0
2166,295,2026-01-03 02:00:00,3,5,1,breakfast,extreme,12,1,406,139,391.84,1,0.1,0.0723028447927662,0.0276971552072338,1,468.55,46.86,54.58,304.56,62.56,0,0,0
2167,295,2026-02-05 04:00:00,5,3,1,breakfast,clear,8,5,50,16,341.45,1,0.2,0.13997146217060208,0.06002853782939793,1,447.4,89.48,53.62,290.81,13.49,0,0,0
2168,295,2026-02-26 22:00:00,26,3,1,late_night,clear,9,1,301,101,434.19,1,0.05,0.0370069545781956,0.012993045421804406,1,483.92,24.2,72.4,314.54,72.77,0,0,0
2169,295,2026-05-30 08:00:00,30,5,1,late_night,clear,6,1,63,21,314.23,1,0.1,0.07732692007786729,0.022673079922132716,1,375.75,37.57,84.88,244.24,9.06,1,0,0
2170,295,2026-03-14 05:00:00,14,5,0,late_night,clear,14,1,139,46,550.59,0,0.0,0.0,0.0,1,550.59,0.0,49.6,357.88,143.11,0,0,0
2171,295,2026-02-14 16:00:00,14,5,0,lunch,clear,7,3,33,10,294.15,0,0.0,0.0,0.0,0,0.0,0.0,0.0,0.0,0.0,0,0,0
2172,295,2026-05-02 07:00:00,2,5,1,dinner,clear,4,5,121,40,652.1,1,0.2,0.1313826061149228,0.0686173938850772,1,854.45,170.89,73.18,555.39,54.99,0,0,0
2173,296,2026-03-24 10:00:00,24,1,0,breakfast,clear,5,2,541,185,410.91,0,0.0,0.0,0.0,1,410.91,0.0,74.56,267.09,69.26,0,0,0
2174,296,2026-03-27 22:00:00,27,4,1,lunch,clear,5,2,474,162,409.77,1,0.1,0.08387826707258901,0.016121732927410995,1,452.29,45.23,76.3,293.99,36.77,0,0,0
2175,296,2026-05-29 17:00:00,29,4,1,lunch,extreme,1,1,269,90,408.04,0,0.0,0.0,0.0,0,0.0,0.0,0.0,0.0,0.0,0,0,0
2176,296,2026-06-05 05:00:00,5,4,1,late_night,clear,10,1,460,157,523.76,0,0.0,0.0,0.0,0,0.0,0.0,0.0,0.0,0.0,0,0,0
2177,296,2026-05-08 22:00:00,8,4,0,late_night,extreme,10,1,418,143,386.26,0,0.0,0.0,0.0,0,0.0,0.0,0.0,0.0,0.0,0,0,0
2178,296,2026-06-25 00:00:00,25,3,1,lunch,clear,4,1,140,46,353.64,0,0.0,0.0,0.0,1,353.64,0.0,49.6,229.87,74.17,0,0,0
2179,296,2026-01-15 23:00:00,15,3,0,breakfast,rain,5,2,187,62,507.74,0,0.0,0.0,0.0,1,507.74,0.0,73.78,330.03,103.93,0,0,0
2180,296,2026-01-17 00:00:00,17,5,0,breakfast,clear,4,1,323,108,364.56,0,0.0,0.0,0.0,0,0.0,0.0,0.0,0.0,0.0,0,0,0
2181,297,2026-03-24 09:00:00,24,1,0,dinner,clear,4,2,493,169,546.34,1,0.2,0.12273592330991384,0.07726407669008617,1,670.99,134.2,51.34,436.14,49.31,0,0,0
2182,297,2026-02-26 10:00:00,26,3,1,lunch,clear,13,2,90,30,431.25,1,0.2,0.1640910954264514,0.03590890457354862,1,529.64,105.93,81.88,344.27,-2.43,0,0,0
2183,297,2026-02-05 01:00:00,5,3,1,dinner,extreme,6,2,451,155,376.18,0,0.0,0.0,0.0,0,0.0,0.0,0.0,0.0,0.0,0,0,0
2184,297,2026-05-17 06:00:00,17,6,0,dinner,clear,12,2,526,180,528.36,0,0.0,0.0,0.0,0,0.0,0.0,0.0,0.0,0.0,0,0,0
2185,297,2026-03-22 12:00:00,22,6,0,dinner,extreme,6,1,261,86,381.66,0,0.0,0.0,0.0,0,0.0,0.0,0.0,0.0,0.0,0,0,0
2186,297,2026-04-10 17:00:00,10,4,0,breakfast,clear,5,1,485,166,333.05,1,0.1,0.06039008266568029,0.03960991733431971,1,380.99,38.1,86.74,247.65,8.51,1,0,0
2187,298,2026-01-21 20:00:00,21,2,0,dinner,extreme,7,1,43,13,320.07,1,0.15,0.11824303988578633,0.03175696011421367,1,359.68,53.95,48.22,233.79,23.72,0,0,0
2188,298,2026-04-23 20:00:00,23,3,0,lunch,clear,10,2,207,68,306.93,0,0.0,0.0,0.0,0,0.0,0.0,0.0,0.0,0.0,0,0,0
2189,298,2026-02-01 06:00:00,1,6,1,lunch,clear,3,1,168,55,286.78,0,0.0,0.0,0.0,0,0.0,0.0,0.0,0.0,0.0,0,1,0
2190,298,2026-04-30 11:00:00,30,3,1,lunch,extreme,9,1,188,63,387.99,1,0.1,0.059962534171103365,0.04003746582889664,1,424.32,42.43,90.88,275.81,15.2,1,0,0
2191,298,2026-05-22 18:00:00,22,4,0,lunch,clear,7,1,378,130,410.6,0,0.0,0.0,0.0,0,0.0,0.0,0.0,0.0,0.0,0,0,0
2192,298,2026-01-08 21:00:00,8,3,0,breakfast,clear,3,2,333,112,519.42,1,0.2,0.14296502745672665,0.05703497254327336,1,596.5,119.3,56.38,387.72,33.09,0,0,0
2193,298,2026-04-04 07:00:00,4,5,1,lunch,clear,1,1,275,92,337.39,1,0.05,0.02672785532783563,0.023272144672164374,1,355.87,17.79,90.04,231.31,16.72,1,0,0
2194,298,2026-04-02 07:00:00,2,3,1,dinner,extreme,5,3,275,92,337.39,1,0.15,0.12113275457023619,0.028867245429763808,1,379.15,56.87,93.04,246.45,-17.21,0,0,0
2195,298,2026-03-25 02:00:00,25,2,1,lunch,extreme,2,2,110,37,304.85,0,0.0,0.0,0.0,0,0.0,0.0,0.0,0.0,0.0,0,0,0
2196,298,2026-03-19 15:00:00,19,3,0,lunch,clear,9,1,41,13,378.71,0,0.0,0.0,0.0,1,378.71,0.0,45.22,246.16,87.33,0,0,0
2197,298,2026-04-11 10:00:00,11,5,0,lunch,extreme,7,1,470,161,302.81,1,0.2,0.17308395151980716,0.026916048480192856,1,347.75,69.55,65.92,226.03,-13.76,0,0,0
2198,298,2026-01-26 00:00:00,26,0,1,lunch,rain,13,1,491,168,332.34,0,0.0,0.0,0.0,0,0.0,0.0,0.0,0.0,0.0,0,0,0
2199,298,2026-03-10 07:00:00,10,1,0,late_night,clear,9,3,588,199,334.13,1,0.1,0.0814052046024108,0.01859479539758921,1,365.41,36.54,61.78,237.52,29.57,0,1,0
2200,299,2026-02-18 14:00:00,18,2,0,breakfast,clear,14,4,170,56,375.86,0,0.0,0.0,0.0,0,0.0,0.0,0.0,0.0,0.0,0,0,0
2201,299,2026-05-13 11:00:00,13,2,0,dinner,clear,3,1,533,181,346.99,1,0.2,0.160965913190887,0.03903408680911302,1,441.8,88.36,65.44,287.17,0.83,0,0,0
2202,299,2026-04-30 03:00:00,30,3,1,breakfast,clear,13,1,190,63,989.89,1,0.05,0.04697005573287522,0.0030299442671247803,1,1089.71,54.49,87.88,708.31,239.03,0,0,0
2203,299,2026-01-10 03:00:00,10,5,0,late_night,clear,8,1,331,112,502.27,1,0.05,0.03458292956783437,0.015417070432165635,1,552.92,27.65,56.38,359.4,109.5,0,0,0
2204,299,2026-03-31 08:00:00,31,1,1,dinner,clear,11,3,288,97,518.36,0,0.0,0.0,0.0,0,0.0,0.0,0.0,0.0,0.0,0,0,0
2205,299,2026-01-30 05:00:00,30,4,1,dinner,extreme,10,1,431,147,375.56,0,0.0,0.0,0.0,0,0.0,0.0,0.0,0.0,0.0,0,0,0
2206,299,2026-06-27 09:00:00,27,5,1,late_night,rain,7,3,10,3,499.79,1,0.1,0.06598488569295594,0.03401511430704407,1,585.95,58.59,57.34,380.87,89.15,1,0,0
2207,299,2026-03-19 11:00:00,19,3,0,lunch,clear,3,3,577,196,458.78,1,0.2,0.132073558652294,0.06792644134770601,1,584.13,116.83,46.84,379.68,40.78,0,0,0
2208,299,2026-03-08 09:00:00,8,6,0,late_night,clear,3,1,333,112,519.42,1,0.1,0.07086658400191166,0.029133415998088344,1,608.96,60.9,56.38,395.82,95.86,0,0,0
2209,300,2026-05-23 21:00:00,23,5,0,breakfast,clear,4,2,492,169,517.7,1,0.1,0.09251146350026691,0.007488536499733092,1,571.71,57.17,51.34,371.61,91.59,1,0,0
2210,300,2026-02-03 15:00:00,3,1,1,lunch,clear,6,2,444,153,387.88,0,0.0,0.0,0.0,0,0.0,0.0,0.0,0.0,0.0,0,0,0
2211,300,2026-01-27 04:00:00,27,1,1,lunch,clear,5,2,407,139,299.82,1,0.1,0.0703768283029209,0.029623171697079106,1,331.1,33.11,51.58,215.22,31.2,0,0,0
2212,300,2026-03-22 14:00:00,22,6,0,lunch,clear,7,1,370,127,368.76,0,0.0,0.0,0.0,0,0.0,0.0,0.0,0.0,0.0,0,0,0
2213,300,2026-03-22 07:00:00,22,6,0,dinner,clear,9,4,532,181,329.51,0,0.0,0.0,0.0,0,0.0,0.0,0.0,0.0,0.0,0,0,0
2214,300,2026-02-07 23:00:00,7,5,1,late_night,clear,6,1,37,11,363.11,0,0.0,0.0,0.0,1,363.11,0.0,51.82,236.02,75.27,0,0,0
2215,300,2026-01-22 10:00:00,22,3,0,lunch,clear,14,1,351,118,460.55,1,0.2,0.13101175823135736,0.06898824176864266,1,536.71,107.34,89.02,348.86,-8.51,0,0,0
2216,300,2026-01-18 13:00:00,18,6,0,breakfast,clear,8,2,29,9,439.47,1,0.2,0.18922757266567963,0.010772427334320378,1,512.14,102.43,49.24,332.89,27.58,1,0,0
2217,300,2026-03-30 18:00:00,30,0,1,lunch,clear,7,2,100,33,426.11,1,0.1,0.09308578930743641,0.006914210692563594,1,470.57,47.06,51.16,305.87,66.48,0,0,0
2218,301,2026-04-17 09:00:00,17,4,0,breakfast,rain,4,1,137,45,494.46,1,0.2,0.1763947202135904,0.02360527978640961,1,605.97,121.19,69.46,393.88,21.44,0,0,0
2219,301,2026-05-14 13:00:00,14,3,0,late_night,clear,13,2,508,174,403.66,0,0.0,0.0,0.0,1,403.66,0.0,56.08,262.38,85.2,0,0,0
2220,301,2026-06-17 05:00:00,17,2,0,dinner,clear,14,2,73,23,424.13,0,0.0,0.0,0.0,0,0.0,0.0,0.0,0.0,0.0,0,0,0
2221,301,2026-03-17 14:00:00,17,1,0,late_night,extreme,13,2,250,82,326.54,1,0.05,0.04341510317605017,0.006584896823949832,1,353.72,17.69,88.6,229.92,17.52,1,0,0
2222,301,2026-01-15 20:00:00,15,3,0,lunch,rain,8,2,371,127,443.31,1,0.1,0.0651435887922535,0.034856411207746504,1,506.39,50.64,89.68,329.15,36.92,0,0,0
2223,301,2026-02-27 06:00:00,27,4,1,dinner,rain,3,1,325,109,468.54,1,0.05,0.031235190441412288,0.018764809558587715,1,507.54,25.38,69.16,329.9,83.1,0,0,0
2224,301,2026-04-28 20:00:00,28,1,1,dinner,clear,14,1,417,143,507.05,0,0.0,0.0,0.0,0,0.0,0.0,0.0,0.0,0.0,0,0,0
2225,301,2026-03-07 08:00:00,7,5,1,late_night,clear,1,2,344,116,430.3,0,0.0,0.0,0.0,0,0.0,0.0,0.0,0.0,0.0,0,0,0
2226,301,2026-01-26 02:00:00,26,0,1,lunch,clear,10,1,529,180,299.68,0,0.0,0.0,0.0,1,299.68,0.0,77.86,194.79,27.03,0,0,0
2227,301,2026-02-18 22:00:00,18,2,0,lunch,clear,9,1,15,4,270.08,0,0.0,0.0,0.0,0,0.0,0.0,0.0,0.0,0.0,0,0,0
2228,301,2026-01-15 06:00:00,15,3,0,dinner,rain,13,1,94,31,485.17,0,0.0,0.0,0.0,0,0.0,0.0,0.0,0.0,0.0,0,0,0
2229,301,2026-02-18 08:00:00,18,2,0,lunch,clear,7,2,36,11,321.02,0,0.0,0.0,0.0,0,0.0,0.0,0.0,0.0,0.0,0,0,0
2230,302,2026-05-30 22:00:00,30,5,1,late_night,clear,2,4,575,196,499.98,1,0.2,0.1315105220424863,0.0684894779575137,1,601.45,120.29,46.84,390.94,43.38,0,0,0
2231,302,2026-02-18 11:00:00,18,2,0,dinner,clear,13,3,365,124,467.16,1,0.1,0.07147224975572714,0.02852775024427287,1,526.98,52.7,79.12,342.53,52.62,0,0,0
2232,302,2026-06-05 18:00:00,5,4,1,lunch,rain,2,1,306,102,364.7,1,0.15,0.14746480341884205,0.0025351965811579447,1,426.43,63.96,61.96,277.18,23.33,1,0,0
2233,302,2026-06-24 17:00:00,24,2,0,dinner,clear,6,1,443,153,368.55,0,0.0,0.0,0.0,1,368.55,0.0,78.88,239.56,50.11,0,0,0
2234,302,2026-01-11 02:00:00,11,6,0,lunch,clear,2,1,100,33,426.11,0,0.0,0.0,0.0,0,0.0,0.0,0.0,0.0,0.0,0,0,0
2235,302,2026-03-12 00:00:00,12,3,0,breakfast,rain,13,2,409,140,302.97,1,0.1,0.09564253194275366,0.00435746805724635,1,341.76,34.18,83.02,222.15,2.42,1,0,0
2236,302,2026-01-24 17:00:00,24,5,0,lunch,rain,5,1,263,87,460.9,0,0.0,0.0,0.0,0,0.0,0.0,0.0,0.0,0.0,0,0,0
2237,303,2026-01-16 19:00:00,16,4,0,dinner,extreme,2,1,566,193,300.71,0,0.0,0.0,0.0,0,0.0,0.0,0.0,0.0,0.0,0,0,0
2238,303,2026-02-16 07:00:00,16,0,0,late_night,clear,5,1,401,138,355.52,1,0.15,0.09311901312264623,0.05688098687735377,1,422.37,63.35,50.2,274.54,34.27,0,0,0
2239,303,2026-03-14 14:00:00,14,5,0,breakfast,rain,14,2,313,105,348.32,0,0.0,0.0,0.0,0,0.0,0.0,0.0,0.0,0.0,0,0,0
2240,303,2026-06-23 02:00:00,23,1,0,late_night,clear,6,1,532,181,329.51,1,0.1,0.07064616350618023,0.02935383649381977,1,376.38,37.64,65.44,244.65,28.65,0,0,0
2241,303,2026-01-13 20:00:00,13,1,0,breakfast,clear,11,1,73,23,424.13,1,0.1,0.07350716463809723,0.026492835361902778,1,484.46,48.45,89.32,314.9,31.79,0,0,0
2242,304,2026-05-05 21:00:00,5,1,1,late_night,clear,8,1,102,34,373.66,0,0.0,0.0,0.0,0,0.0,0.0,0.0,0.0,0.0,0,0,0
2243,304,2026-06-24 11:00:00,24,2,0,dinner,rain,11,2,369,126,374.47,1,0.1,0.07191085771221072,0.02808914228778929,1,431.18,43.12,70.3,280.27,37.49,0,0,0
2244,304,2026-05-08 16:00:00,8,4,0,late_night,clear,9,4,81,26,550.99,1,0.05,0.04096374845711099,0.009036251542889014,1,599.8,29.99,89.38,389.87,90.56,0,0,0
2245,304,2026-01-01 05:00:00,1,3,1,dinner,rain,9,1,82,26,413.45,0,0.0,0.0,0.0,1,413.45,0.0,90.88,268.74,53.83,0,0,0
2246,304,2026-05-29 10:00:00,29,4,1,dinner,clear,1,2,343,116,496.91,0,0.0,0.0,0.0,0,0.0,0.0,0.0,0.0,0.0,0,0,0
2247,304,2026-03-11 21:00:00,11,2,0,breakfast,rain,5,1,325,109,468.54,1,0.1,0.06802906289209049,0.03197093710790952,1,539.49,53.95,69.16,350.67,65.71,0,0,0
2248,304,2026-05-28 18:00:00,28,3,1,lunch,clear,12,1,368,126,431.88,0,0.0,0.0,0.0,1,431.88,0.0,68.8,280.72,82.36,0,0,0
2249,304,2026-04-25 14:00:00,25,5,1,late_night,rain,10,1,544,186,446.87,0,0.0,0.0,0.0,0,0.0,0.0,0.0,0.0,0.0,0,0,0
2250,304,2026-02-16 20:00:00,16,0,0,dinner,rain,6,2,301,101,434.19,1,0.1,0.09542607116961897,0.004573928830381033,1,499.94,49.99,73.9,324.96,51.09,0,0,0
2251,304,2026-05-24 01:00:00,24,6,0,lunch,rain,8,2,586,199,321.5,1,0.05,0.03990784409923356,0.010092155900766446,1,349.98,17.5,63.28,227.49,41.71,1,0,0
2252,304,2026-03-21 13:00:00,21,5,0,breakfast,extreme,12,1,311,105,290.55,0,0.0,0.0,0.0,0,0.0,0.0,0.0,0.0,0.0,0,0,0
2253,304,2026-01-09 06:00:00,9,4,0,lunch,clear,14,3,12,3,282.55,1,0.15,0.10414562714778022,0.04585437285221977,1,339.11,50.87,55.84,220.42,11.98,0,0,0
2254,304,2026-05-05 12:00:00,5,1,1,late_night,rain,6,2,5,1,485.29,0,0.0,0.0,0.0,0,0.0,0.0,0.0,0.0,0.0,0,0,0
2255,304,2026-01-03 06:00:00,3,5,1,late_night,rain,1,2,412,141,376.41,0,0.0,0.0,0.0,0,0.0,0.0,0.0,0.0,0.0,0,0,0
2256,305,2026-01-22 06:00:00,22,3,0,breakfast,clear,13,2,214,70,450.65,0,0.0,0.0,0.0,0,0.0,0.0,0.0,0.0,0.0,0,0,0
2257,305,2026-04-19 10:00:00,19,6,0,late_night,clear,5,1,342,116,418.51,1,0.1,0.05528996461311356,0.04471003538688645,1,463.33,46.33,81.82,301.16,34.01,0,0,0
2258,305,2026-04-25 18:00:00,25,5,1,dinner,extreme,6,1,508,174,403.66,1,0.1,0.05548436743970793,0.044515632560292076,1,446.89,44.69,59.08,290.48,52.64,1,0,0
2259,305,2026-01-09 00:00:00,9,4,0,breakfast,rain,8,1,510,175,422.52,0,0.0,0.0,0.0,0,0.0,0.0,0.0,0.0,0.0,0,0,0
2260,305,2026-05-15 04:00:00,15,4,0,late_night,clear,8,3,207,68,306.93,1,0.05,0.02748276440009108,0.02251723559990892,0,0.0,0.0,0.0,0.0,0.0,0,0,0
2261,305,2026-06-20 22:00:00,20,5,0,late_night,clear,14,2,564,192,450.77,1,0.05,0.03602892047344765,0.013971079526552355,1,479.01,23.95,65.56,311.36,78.14,0,0,0
2262,305,2026-06-27 08:00:00,27,5,1,late_night,rain,3,2,513,176,549.34,0,0.0,0.0,0.0,1,549.34,0.0,65.56,357.07,126.71,0,0,0
2263,305,2026-06-03 03:00:00,3,2,1,breakfast,clear,12,1,486,166,343.96,0,0.0,0.0,0.0,1,343.96,0.0,86.74,223.57,33.65,0,0,0
2264,305,2026-02-14 04:00:00,14,5,0,lunch,clear,9,3,284,95,437.97,1,0.15,0.09683272400490142,0.05316727599509857,1,499.97,75.0,67.12,324.98,32.87,0,0,0
2265,305,2026-05-22 17:00:00,22,4,0,late_night,clear,4,4,189,63,421.89,1,0.2,0.1820798395486782,0.017920160451321804,1,493.5,98.7,87.88,320.77,-13.86,0,0,0
2266,305,2026-05-16 06:00:00,16,5,0,late_night,clear,4,1,202,67,483.51,1,0.15,0.11917395430102455,0.030826045698975443,1,551.96,82.79,65.62,358.77,44.77,0,0,0
2267,305,2026-06-22 13:00:00,22,0,0,dinner,clear,1,3,439,151,283.62,0,0.0,0.0,0.0,0,0.0,0.0,0.0,0.0,0.0,0,0,0
2268,305,2026-06-02 14:00:00,2,1,1,late_night,clear,3,5,150,50,461.7,0,0.0,0.0,0.0,0,0.0,0.0,0.0,0.0,0.0,0,0,0
2269,306,2026-01-05 20:00:00,5,0,1,lunch,rain,12,1,377,130,439.99,1,0.05,0.04160513270509322,0.00839486729490678,1,457.54,22.88,74.38,297.4,62.88,1,0,0
2270,306,2026-04-03 12:00:00,3,4,1,lunch,clear,2,1,51,16,606.47,1,0.2,0.11622962481279964,0.08377037518720037,1,672.03,134.41,53.62,436.82,47.18,0,0,0
2271,307,2026-03-28 12:00:00,28,5,1,dinner,rain,13,3,381,131,606.56,1,0.05,0.0422984361124375,0.007701563887562504,0,0.0,0.0,0.0,0.0,0.0,0,0,0
2272,307,2026-01-15 22:00:00,15,3,0,breakfast,extreme,3,1,132,43,321.82,1,0.1,0.06972963714345466,0.030270362856545344,1,348.05,34.81,70.48,226.23,16.53,0,1,0
2273,307,2026-03-28 21:00:00,28,5,1,late_night,clear,3,2,104,34,354.02,0,0.0,0.0,0.0,0,0.0,0.0,0.0,0.0,0.0,0,0,0
2274,307,2026-04-23 00:00:00,23,3,0,lunch,clear,9,1,292,98,326.18,1,0.05,0.03221683295617007,0.017783167043829935,1,341.73,17.09,49.48,222.13,53.04,1,0,0
2275,307,2026-04-14 06:00:00,14,1,0,dinner,extreme,2,1,563,192,291.77,0,0.0,0.0,0.0,0,0.0,0.0,0.0,0.0,0.0,0,0,0
2276,307,2026-03-03 23:00:00,3,1,1,lunch,clear,8,3,182,60,341.42,0,0.0,0.0,0.0,1,341.42,0.0,79.18,221.92,40.32,0,0,0
2277,307,2026-06-27 20:00:00,27,5,1,late_night,clear,3,1,243,79,453.8,1,0.2,0.11322570367863377,0.08677429632136624,1,512.43,102.49,71.92,333.08,4.94,0,0,0
2278,308,2026-06-23 01:00:00,23,1,0,breakfast,clear,7,3,421,144,346.22,1,0.05,0.028379551398654026,0.021620448601345977,1,375.45,18.77,50.74,244.04,61.89,1,0,0
2279,308,2026-05-14 18:00:00,14,3,0,dinner,clear,7,2,390,134,366.59,1,0.2,0.10522795138481614,0.09477204861518387,1,450.44,90.09,49.18,292.79,18.39,1,0,0
2280,308,2026-04-15 06:00:00,15,2,0,dinner,extreme,6,2,337,114,325.94,1,0.1,0.07827351597168034,0.02172648402831967,1,372.98,37.3,82.0,242.44,11.24,0,0,0
2281,308,2026-01-27 22:00:00,27,1,1,dinner,rain,13,1,567,193,277.06,1,0.2,0.12484658713690103,0.07515341286309898,1,340.43,68.09,87.34,221.28,-36.28,1,0,0
2282,308,2026-03-05 12:00:00,5,3,1,lunch,clear,6,2,557,190,488.12,0,0.0,0.0,0.0,0,0.0,0.0,0.0,0.0,0.0,0,0,0
2283,308,2026-04-23 09:00:00,23,3,0,late_night,clear,3,3,405,139,290.6,1,0.2,0.12005236309294261,0.0799476369070574,1,357.07,71.41,51.58,232.1,1.98,0,0,0
2284,308,2026-04-17 12:00:00,17,4,0,lunch,clear,1,1,587,199,402.75,1,0.05,0.0337716590085206,0.0162283409914794,1,436.75,21.84,61.78,283.89,69.24,0,0,0
2285,308,2026-02-16 02:00:00,16,0,0,dinner,rain,5,1,231,75,429.49,1,0.1,0.06873966198194714,0.03126033801805286,1,491.47,49.15,69.4,319.46,53.47,1,0,0
2286,308,2026-06-05 04:00:00,5,4,1,dinner,rain,3,1,417,143,507.05,1,0.05,0.03291036709044499,0.017089632909555015,1,549.85,27.49,71.86,357.41,93.1,1,0,0
2287,309,2026-04-15 17:00:00,15,2,0,breakfast,rain,2,1,260,86,580.54,1,0.05,0.04001972599495195,0.00998027400504805,1,610.71,30.54,74.5,396.96,108.71,1,0,0
2288,309,2026-02-16 02:00:00,16,0,0,lunch,clear,11,1,41,13,378.71,1,0.2,0.1641920562164052,0.03580794378359481,1,432.04,86.41,45.22,280.82,19.59,0,0,0
2289,309,2026-02-16 04:00:00,16,0,0,dinner,extreme,6,5,2,0,467.58,1,0.1,0.05682369277420427,0.04317630722579573,1,509.12,50.91,49.18,330.93,78.1,0,0,0
2290,309,2026-05-30 02:00:00,30,5,1,lunch,clear,7,1,533,181,346.99,0,0.0,0.0,0.0,0,0.0,0.0,0.0,0.0,0.0,0,0,0
2291,309,2026-05-24 22:00:00,24,6,0,breakfast,clear,8,2,72,23,541.6,1,0.2,0.10278114772981616,0.09721885227018386,0,0.0,0.0,0.0,0.0,0.0,0,0,0
2292,309,2026-06-23 18:00:00,23,1,0,lunch,rain,12,1,184,61,352.75,1,0.05,0.03868505533179071,0.011314944668209294,1,371.08,18.55,53.92,241.2,57.4,1,0,0
2293,309,2026-05-07 09:00:00,7,3,1,breakfast,rain,3,1,97,33,334.3,1,0.2,0.10041709843650551,0.0995829015634945,1,381.37,76.27,52.66,247.89,4.55,1,0,0
2294,310,2026-06-08 12:00:00,8,0,0,lunch,rain,4,1,128,42,428.94,1,0.15,0.13394552464855164,0.016054475351448355,1,505.14,75.77,52.42,328.34,48.61,0,0,0
2295,310,2026-01-22 19:00:00,22,3,0,breakfast,clear,7,1,347,117,386.51,1,0.1,0.0953184519725854,0.004681548027414606,1,438.45,43.85,77.2,284.99,32.41,0,0,0
2296,310,2026-02-10 00:00:00,10,1,0,lunch,clear,3,1,320,107,397.85,0,0.0,0.0,0.0,1,397.85,0.0,62.98,258.6,76.27,0,0,0
2297,310,2026-05-20 12:00:00,20,2,0,late_night,rain,9,1,140,46,353.64,1,0.15,0.14404754373353987,0.005952456266460127,1,416.46,62.47,51.1,270.7,32.19,0,0,0
2298,310,2026-03-07 08:00:00,7,5,1,lunch,clear,13,1,461,158,470.93,0,0.0,0.0,0.0,0,0.0,0.0,0.0,0.0,0.0,0,1,0
2299,311,2026-01-14 03:00:00,14,2,0,breakfast,clear,1,1,91,31,333.01,0,0.0,0.0,0.0,0,0.0,0.0,0.0,0.0,0.0,0,0,0
2300,311,2026-02-05 17:00:00,5,3,1,breakfast,clear,12,1,300,101,352.16,0,0.0,0.0,0.0,0,0.0,0.0,0.0,0.0,0.0,0,0,0
2301,311,2026-04-27 13:00:00,27,0,1,breakfast,rain,1,5,105,35,354.06,0,0.0,0.0,0.0,1,354.06,0.0,83.02,230.14,40.9,0,0,0
2302,311,2026-05-10 14:00:00,10,6,0,breakfast,clear,5,1,130,42,429.11,0,0.0,0.0,0.0,1,429.11,0.0,50.92,278.92,99.27,0,0,0
2303,311,2026-02-16 06:00:00,16,0,0,dinner,clear,11,1,412,141,376.41,1,0.05,0.033455458517199214,0.01654454148280079,1,390.62,19.53,67.96,253.9,49.22,1,0,0
2304,311,2026-03-25 22:00:00,25,2,1,breakfast,rain,8,1,124,40,597.62,1,0.15,0.07870180820220699,0.07129819179779301,1,648.59,97.29,74.68,421.58,55.04,0,0,0
2305,311,2026-02-16 05:00:00,16,0,0,dinner,clear,12,1,539,184,302.3,0,0.0,0.0,0.0,1,302.3,0.0,59.86,196.5,45.94,0,0,0
2306,311,2026-01-25 08:00:00,25,6,1,lunch,extreme,9,1,322,108,306.99,0,0.0,0.0,0.0,0,0.0,0.0,0.0,0.0,0.0,0,0,0
2307,311,2026-06-25 06:00:00,25,3,1,lunch,clear,13,2,44,13,374.19,0,0.0,0.0,0.0,0,0.0,0.0,0.0,0.0,0.0,0,0,0
2308,311,2026-05-30 21:00:00,30,5,1,dinner,clear,13,1,354,119,352.83,1,0.2,0.1664343994037871,0.03356560059621291,1,388.91,77.78,48.22,252.79,10.12,1,0,0
2309,311,2026-06-08 23:00:00,8,0,0,lunch,clear,5,1,92,31,500.94,0,0.0,0.0,0.0,1,500.94,0.0,55.78,325.61,119.55,0,0,0
2310,312,2026-05-08 22:00:00,8,4,0,late_night,clear,8,1,193,64,439.49,0,0.0,0.0,0.0,0,0.0,0.0,0.0,0.0,0.0,0,0,0
2311,312,2026-01-18 01:00:00,18,6,0,lunch,extreme,9,1,229,75,373.34,1,0.05,0.033736847967387344,0.01626315203261266,1,388.98,19.45,70.9,252.84,45.8,0,0,0
2312,313,2026-02-12 12:00:00,12,3,0,lunch,clear,4,1,175,57,349.16,0,0.0,0.0,0.0,0,0.0,0.0,0.0,0.0,0.0,0,0,0
2313,313,2026-05-16 04:00:00,16,5,0,late_night,clear,9,1,526,180,528.36,0,0.0,0.0,0.0,0,0.0,0.0,0.0,0.0,0.0,0,0,0
2314,313,2026-01-22 22:00:00,22,3,0,dinner,rain,14,3,298,100,356.47,1,0.15,0.14607552291152945,0.003924477088470546,1,399.19,59.88,65.68,259.48,14.16,1,0,0
2315,313,2026-04-06 10:00:00,6,0,1,breakfast,clear,10,1,205,67,352.05,0,0.0,0.0,0.0,0,0.0,0.0,0.0,0.0,0.0,0,0,0
2316,313,2026-01-09 07:00:00,9,4,0,dinner,extreme,11,1,13,4,401.59,1,0.05,0.047317695352335425,0.002682304647664578,1,422.89,21.14,73.0,274.88,53.87,0,0,0
2317,313,2026-03-24 07:00:00,24,1,0,dinner,rain,14,2,504,173,315.59,0,0.0,0.0,0.0,0,0.0,0.0,0.0,0.0,0.0,0,0,0
2318,314,2026-06-26 12:00:00,26,4,1,lunch,extreme,8,2,119,39,470.25,1,0.05,0.03921165712985483,0.01078834287014517,1,505.36,25.27,88.12,328.48,63.49,1,0,0
2319,314,2026-03-17 19:00:00,17,1,0,dinner,clear,12,1,582,198,450.79,0,0.0,0.0,0.0,0,0.0,0.0,0.0,0.0,0.0,0,0,0
2320,314,2026-05-29 08:00:00,29,4,1,lunch,clear,11,4,348,118,387.46,0,0.0,0.0,0.0,0,0.0,0.0,0.0,0.0,0.0,0,0,0
2321,315,2026-01-02 09:00:00,2,4,1,dinner,clear,1,2,403,138,375.94,1,0.05,0.027323859565846688,0.022676140434153315,0,0.0,0.0,0.0,0.0,0.0,0,0,0
2322,315,2026-05-17 02:00:00,17,6,0,lunch,clear,3,1,363,123,366.41,0,0.0,0.0,0.0,0,0.0,0.0,0.0,0.0,0.0,0,0,0
2323,315,2026-03-23 05:00:00,23,0,0,breakfast,clear,9,1,146,48,348.11,0,0.0,0.0,0.0,0,0.0,0.0,0.0,0.0,0.0,0,0,0
2324,315,2026-06-02 13:00:00,2,1,1,breakfast,clear,11,1,296,100,352.66,1,0.1,0.07756975800179333,0.022430241998206674,1,385.24,38.52,64.18,250.4,32.13,1,0,0
2325,315,2026-04-29 04:00:00,29,2,1,breakfast,clear,3,2,519,178,302.78,1,0.2,0.1310390510664281,0.06896094893357191,1,347.11,69.42,64.54,225.62,-12.47,0,0,0
2326,315,2026-01-11 06:00:00,11,6,0,late_night,rain,6,1,507,174,355.79,1,0.1,0.07382365459351146,0.02617634540648854,1,388.66,38.87,57.58,252.63,39.58,0,0,0
2327,315,2026-04-09 21:00:00,9,3,0,lunch,rain,4,4,573,195,366.51,1,0.15,0.12867847736996638,0.021321522630033618,1,411.27,61.69,57.4,267.32,24.85,0,0,0
2328,315,2026-05-26 16:00:00,26,1,1,late_night,rain,10,4,145,48,505.89,1,0.15,0.14186547115111595,0.008134528848884048,1,567.67,85.15,74.68,368.98,38.85,1,0,0
2329,315,2026-02-04 14:00:00,4,2,1,breakfast,clear,5,1,370,127,368.76,1,0.05,0.03224345029120812,0.017756549708791883,0,0.0,0.0,0.0,0.0,0.0,0,0,0
2330,315,2026-05-30 13:00:00,30,5,1,breakfast,clear,6,1,413,141,430.89,1,0.05,0.03928141241425875,0.010718587585741256,0,0.0,0.0,0.0,0.0,0.0,0,0,0
2331,315,2026-05-19 18:00:00,19,1,0,dinner,clear,10,1,246,80,447.69,0,0.0,0.0,0.0,0,0.0,0.0,0.0,0.0,0.0,0,0,0
2332,315,2026-03-13 22:00:00,13,4,0,dinner,clear,5,3,61,20,226.19,0,0.0,0.0,0.0,1,226.19,0.0,57.52,147.02,21.65,0,0,0
2333,315,2026-04-02 04:00:00,2,3,1,breakfast,clear,13,1,136,45,379.51,1,0.15,0.10751973852550713,0.04248026147449287,1,425.86,63.88,67.96,276.81,17.21,1,0,0
2334,316,2026-02-21 17:00:00,21,5,0,breakfast,rain,13,4,492,169,517.7,0,0.0,0.0,0.0,0,0.0,0.0,0.0,0.0,0.0,0,0,0
2335,316,2026-03-21 01:00:00,21,5,0,dinner,rain,6,3,294,99,361.09,0,0.0,0.0,0.0,0,0.0,0.0,0.0,0.0,0.0,0,0,0
2336,316,2026-06-01 10:00:00,1,0,1,dinner,clear,4,2,573,195,366.51,0,0.0,0.0,0.0,1,366.51,0.0,55.9,238.23,72.38,0,0,0
2337,316,2026-05-01 16:00:00,1,4,1,breakfast,clear,4,3,270,90,394.25,0,0.0,0.0,0.0,0,0.0,0.0,0.0,0.0,0.0,0,0,0
2338,316,2026-03-13 10:00:00,13,4,0,lunch,rain,12,4,462,158,425.12,1,0.05,0.04888148933464502,0.0011185106653549826,1,448.91,22.45,84.64,291.79,50.03,1,0,0
2339,317,2026-03-05 06:00:00,5,3,1,dinner,clear,13,1,171,56,410.01,1,0.15,0.1470478709580936,0.002952129041906393,1,474.34,71.15,65.92,308.32,28.95,0,0,0
2340,318,2026-04-18 10:00:00,18,5,0,breakfast,clear,3,1,344,116,430.3,1,0.1,0.09713621802626533,0.002863781973734672,1,460.45,46.05,81.82,299.3,33.29,0,0,0
2341,318,2026-03-27 19:00:00,27,4,1,dinner,rain,13,3,311,105,290.55,0,0.0,0.0,0.0,0,0.0,0.0,0.0,0.0,0.0,0,0,0
2342,318,2026-06-13 02:00:00,13,5,0,dinner,clear,8,1,207,68,306.93,1,0.2,0.10721117591425565,0.09278882408574436,1,341.02,68.2,48.76,221.66,2.39,1,0,0
2343,319,2026-05-07 18:00:00,7,3,1,late_night,clear,4,1,556,190,360.31,0,0.0,0.0,0.0,0,0.0,0.0,0.0,0.0,0.0,0,0,0
2344,319,2026-04-14 09:00:00,14,1,0,dinner,clear,4,1,223,73,306.77,1,0.1,0.0629453921817796,0.03705460781822041,0,0.0,0.0,0.0,0.0,0.0,0,0,0
2345,319,2026-03-26 03:00:00,26,3,1,breakfast,rain,2,3,508,174,403.66,1,0.1,0.05810069388516719,0.041899306114832814,1,468.17,46.82,57.58,304.31,59.46,0,0,0
2346,319,2026-04-22 22:00:00,22,2,0,late_night,clear,10,1,570,194,428.5,1,0.15,0.09535633659982387,0.05464366340017612,1,519.02,77.85,80.32,337.36,23.48,0,0,0
2347,319,2026-05-17 10:00:00,17,6,0,lunch,rain,14,1,572,195,327.24,1,0.05,0.027465952214436498,0.022534047785563505,1,357.83,17.89,57.4,232.59,49.95,0,0,0
2348,319,2026-06-11 09:00:00,11,3,0,late_night,rain,13,2,186,62,511.72,0,0.0,0.0,0.0,0,0.0,0.0,0.0,0.0,0.0,0,0,0
2349,319,2026-02-03 14:00:00,3,1,1,lunch,clear,4,5,257,85,340.31,1,0.15,0.10744000464248109,0.04255999535751891,1,412.2,61.83,57.28,267.93,25.16,0,0,0
2350,319,2026-04-09 04:00:00,9,3,0,late_night,clear,3,1,203,67,382.66,1,0.15,0.12232474981761263,0.027675250182387368,1,463.5,69.52,65.62,301.27,27.08,0,0,0
2351,319,2026-02-09 07:00:00,9,0,0,breakfast,clear,3,1,307,103,414.29,1,0.2,0.18407070103265255,0.01592929896734746,1,519.22,103.84,75.94,337.5,1.94,0,0,0
2352,319,2026-05-10 05:00:00,10,6,0,dinner,rain,10,4,296,100,352.66,0,0.0,0.0,0.0,0,0.0,0.0,0.0,0.0,0.0,0,0,0
2353,320,2026-04-22 23:00:00,22,2,0,late_night,clear,1,3,132,43,321.82,1,0.2,0.1648537698639454,0.03514623013605461,1,350.48,70.1,67.48,227.81,-14.91,0,0,0
2354,320,2026-03-30 14:00:00,30,0,1,lunch,clear,14,2,566,193,300.71,1,0.1,0.07479739751997412,0.025202602480025885,0,0.0,0.0,0.0,0.0,0.0,0,0,0
2355,321,2026-04-05 00:00:00,5,6,1,dinner,clear,14,1,150,50,461.7,1,0.05,0.026572860026233693,0.02342713997376631,1,481.72,24.09,57.04,313.12,87.48,0,0,0
2356,321,2026-04-20 04:00:00,20,0,0,breakfast,rain,10,1,166,55,410.42,1,0.2,0.14498668589022795,0.05501331410977206,1,458.64,91.73,89.14,298.12,-20.34,1,0,0
2357,321,2026-02-08 06:00:00,8,6,0,breakfast,clear,11,4,102,34,373.66,0,0.0,0.0,0.0,0,0.0,0.0,0.0,0.0,0.0,0,0,0
2358,321,2026-02-21 08:00:00,21,5,0,dinner,extreme,14,2,212,69,631.29,1,0.2,0.19004021896796927,0.00995978103203074,1,705.46,141.09,52.0,458.55,53.82,0,0,0
2359,322,2026-02-12 21:00:00,12,3,0,lunch,clear,14,4,269,90,408.04,0,0.0,0.0,0.0,0,0.0,0.0,0.0,0.0,0.0,0,0,0
2360,322,2026-03-26 03:00:00,26,3,1,late_night,clear,1,1,26,7,436.75,1,0.15,0.14031056455475407,0.00968943544524592,1,514.37,77.16,82.3,334.34,20.57,0,0,0
2361,322,2026-02-10 22:00:00,10,1,0,breakfast,clear,1,1,390,134,366.59,1,0.1,0.059722724831424726,0.04027727516857528,1,415.87,41.59,49.18,270.32,54.79,0,0,0
2362,323,2026-05-09 18:00:00,9,5,0,breakfast,rain,13,1,419,143,516.7,1,0.15,0.14544483842243994,0.004555161577560057,1,608.81,91.32,71.86,395.73,49.9,0,0,0
2363,323,2026-06-18 03:00:00,18,3,0,breakfast,clear,3,1,352,119,307.51,0,0.0,0.0,0.0,0,0.0,0.0,0.0,0.0,0.0,0,0,0
2364,323,2026-02-16 00:00:00,16,0,0,dinner,clear,6,3,161,54,318.19,1,0.1,0.061402877048233176,0.03859712295176683,1,361.1,36.11,71.8,234.71,18.47,0,0,0
2365,323,2026-02-04 10:00:00,4,2,1,dinner,clear,8,3,29,9,439.47,1,0.1,0.08997486310563044,0.010025136894369568,1,498.73,49.87,49.24,324.18,75.44,0,1,0
2366,323,2026-05-04 04:00:00,4,0,1,dinner,clear,14,1,354,119,352.83,0,0.0,0.0,0.0,0,0.0,0.0,0.0,0.0,0.0,0,0,0
2367,323,2026-03-10 11:00:00,10,1,0,breakfast,extreme,14,2,419,143,516.7,1,0.15,0.11275701585461134,0.03724298414538865,1,608.81,91.32,73.36,395.73,48.4,1,1,0
2368,324,2026-06-21 22:00:00,21,6,0,dinner,clear,4,1,378,130,410.6,1,0.15,0.1283848874250577,0.021615112574942308,1,452.67,67.9,72.88,294.24,17.65,0,0,0
2369,324,2026-04-24 19:00:00,24,4,0,dinner,rain,12,1,539,184,302.3,1,0.1,0.08904507115585875,0.01095492884414126,1,325.73,32.57,61.36,211.73,20.07,1,0,0
2370,324,2026-02-19 17:00:00,19,3,0,late_night,clear,9,3,138,45,433.17,0,0.0,0.0,0.0,1,433.17,0.0,67.96,281.56,83.65,0,0,0
2371,324,2026-01-09 20:00:00,9,4,0,breakfast,clear,10,1,91,31,333.01,1,0.2,0.11727156806103967,0.08272843193896035,1,373.92,74.78,55.78,243.05,0.31,0,0,0
2372,325,2026-01-29 09:00:00,29,3,1,lunch,rain,1,1,314,105,440.46,1,0.1,0.08307749829370853,0.016922501706291476,1,481.1,48.11,81.7,312.72,38.58,1,0,0
2373,326,2026-04-07 05:00:00,7,1,1,breakfast,clear,1,1,1,0,430.92,0,0.0,0.0,0.0,1,430.92,0.0,46.18,280.1,104.64,0,0,0
2374,326,2026-02-09 13:00:00,9,0,0,late_night,clear,3,1,415,142,396.5,1,0.15,0.09938507657836555,0.05061492342163444,1,447.62,67.14,48.7,290.95,40.82,0,0,0
2375,326,2026-05-02 09:00:00,2,5,1,dinner,extreme,5,1,169,56,358.37,1,0.15,0.08465888177931354,0.06534111822068646,1,404.57,60.69,68.92,262.97,11.99,1,0,0
2376,326,2026-01-23 21:00:00,23,4,0,dinner,extreme,13,3,445,153,277.25,1,0.05,0.04987799625929229,0.00012200374070771292,1,293.07,14.65,81.88,190.49,6.04,0,0,0
2377,326,2026-04-09 19:00:00,9,3,0,late_night,clear,4,2,315,106,288.77,0,0.0,0.0,0.0,0,0.0,0.0,0.0,0.0,0.0,0,0,0
2378,327,2026-04-07 05:00:00,7,1,1,dinner,clear,14,2,197,65,394.82,1,0.1,0.0930136197401994,0.006986380259800612,1,445.68,44.57,56.92,289.69,54.5,0,0,0
2379,328,2026-05-27 14:00:00,27,2,1,dinner,clear,5,3,343,116,496.91,1,0.05,0.03155508204325282,0.01844491795674718,1,522.34,26.12,81.82,339.52,74.88,1,0,0
2380,328,2026-02-11 19:00:00,11,2,0,dinner,rain,3,1,404,138,351.02,1,0.1,0.07558590590448705,0.024414094095512956,1,381.73,38.17,51.7,248.13,43.73,0,0,0
2381,328,2026-06-19 10:00:00,19,4,0,late_night,clear,7,1,263,87,460.9,1,0.1,0.07616905066153278,0.02383094933846723,1,501.23,50.12,52.0,325.8,73.31,0,0,0
2382,328,2026-02-19 11:00:00,19,3,0,lunch,clear,10,2,150,50,461.7,0,0.0,0.0,0.0,0,0.0,0.0,0.0,0.0,0.0,0,0,0
2383,328,2026-05-29 08:00:00,29,4,1,late_night,clear,14,3,331,112,502.27,1,0.05,0.03902929236933931,0.010970707630660693,0,0.0,0.0,0.0,0.0,0.0,0,0,0
2384,329,2026-03-19 07:00:00,19,3,0,lunch,clear,7,2,181,60,297.43,0,0.0,0.0,0.0,1,297.43,0.0,79.18,193.33,24.92,0,0,0
2385,329,2026-05-28 11:00:00,28,3,1,late_night,clear,1,1,412,141,376.41,0,0.0,0.0,0.0,1,376.41,0.0,67.96,244.67,63.78,0,0,0
2386,329,2026-01-07 07:00:00,7,2,1,lunch,clear,2,2,397,136,376.44,0,0.0,0.0,0.0,1,376.44,0.0,85.3,244.69,46.45,0,0,0
2387,329,2026-05-01 07:00:00,1,4,1,dinner,clear,3,1,23,7,447.81,0,0.0,0.0,0.0,0,0.0,0.0,0.0,0.0,0.0,0,0,0
2388,329,2026-03-31 07:00:00,31,1,1,dinner,clear,3,4,371,127,443.31,1,0.05,0.02971197650441181,0.020288023495588194,1,469.52,23.48,88.18,305.19,52.68,0,0,0
2389,329,2026-02-09 21:00:00,9,0,0,lunch,clear,4,2,375,129,325.69,0,0.0,0.0,0.0,1,325.69,0.0,79.06,211.7,34.93,0,0,0
2390,330,2026-05-13 17:00:00,13,2,0,breakfast,rain,9,1,117,38,339.09,1,0.2,0.13414230764661692,0.0658576923533831,1,396.45,79.29,47.5,257.69,11.97,0,0,0
2391,330,2026-02-20 01:00:00,20,4,0,lunch,clear,8,1,391,134,438.46,0,0.0,0.0,0.0,0,0.0,0.0,0.0,0.0,0.0,0,0,0
2392,330,2026-04-16 08:00:00,16,3,0,dinner,rain,10,1,331,112,502.27,1,0.05,0.04243525561563108,0.007564744384368924,1,533.63,26.68,57.88,346.86,102.21,1,0,0
2393,330,2026-04-26 07:00:00,26,6,1,dinner,extreme,2,1,444,153,387.88,0,0.0,0.0,0.0,1,387.88,0.0,81.88,252.12,53.88,0,0,0
2394,330,2026-05-10 03:00:00,10,6,0,lunch,clear,6,2,12,3,282.55,1,0.05,0.03447782261671618,0.01552217738328382,1,300.19,15.01,55.84,195.12,34.22,0,0,0
2395,330,2026-02-24 00:00:00,24,1,0,breakfast,clear,8,2,80,26,419.05,1,0.15,0.12095428137704106,0.029045718622958933,1,478.17,71.73,89.38,310.81,6.25,0,0,0
2396,330,2026-01-13 02:00:00,13,1,0,breakfast,rain,3,4,81,26,550.99,1,0.2,0.19167276930653976,0.008327230693460252,1,644.19,128.84,90.88,418.73,5.75,0,0,0
2397,330,2026-06-08 08:00:00,8,0,0,lunch,clear,9,2,312,105,471.86,1,0.1,0.07739187245131818,0.022608127548681828,0,0.0,0.0,0.0,0.0,0.0,0,0,0
2398,330,2026-06-04 12:00:00,4,3,1,late_night,rain,9,1,195,65,438.04,1,0.1,0.06173358562681637,0.038266414373183635,1,484.79,48.48,58.42,315.11,62.78,0,0,0
2399,331,2026-04-07 08:00:00,7,1,1,lunch,rain,14,2,328,110,369.63,0,0.0,0.0,0.0,1,369.63,0.0,70.84,240.26,58.53,0,0,0
2400,331,2026-03-21 09:00:00,21,5,0,dinner,clear,4,1,586,199,321.5,0,0.0,0.0,0.0,0,0.0,0.0,0.0,0.0,0.0,0,0,0
2401,331,2026-03-21 22:00:00,21,5,0,breakfast,rain,5,5,3,0,415.4,1,0.05,0.04771839087756256,0.002281609122437446,1,439.88,21.99,47.68,285.92,84.28,1,0,0
2402,331,2026-01-15 22:00:00,15,3,0,late_night,rain,1,1,34,10,395.98,1,0.15,0.08849902748561696,0.06150097251438304,1,448.72,67.31,85.3,291.67,4.44,0,0,0
2403,331,2026-01-14 14:00:00,14,2,0,dinner,clear,3,2,376,129,469.03,1,0.1,0.09138908706747367,0.008610912932526332,1,516.28,51.63,79.06,335.58,50.01,1,0,0
2404,331,2026-06-19 20:00:00,19,4,0,late_night,extreme,6,1,557,190,488.12,1,0.2,0.11479173349552559,0.08520826650447443,1,566.06,113.21,86.62,367.94,-1.71,0,0,0
2405,331,2026-06-18 13:00:00,18,3,0,late_night,clear,12,2,371,127,443.31,0,0.0,0.0,0.0,0,0.0,0.0,0.0,0.0,0.0,0,0,0
2406,331,2026-05-21 09:00:00,21,3,0,breakfast,clear,8,1,437,150,421.49,0,0.0,0.0,0.0,0,0.0,0.0,0.0,0.0,0.0,0,0,0
2407,331,2026-04-24 20:00:00,24,4,0,dinner,clear,9,2,545,187,326.24,0,0.0,0.0,0.0,1,326.24,0.0,77.74,212.06,36.44,0,0,0
2408,331,2026-03-15 22:00:00,15,6,0,breakfast,clear,14,4,400,137,312.2,0,0.0,0.0,0.0,0,0.0,0.0,0.0,0.0,0.0,0,0,0
2409,331,2026-04-08 14:00:00,8,2,0,late_night,clear,9,1,540,185,437.06,0,0.0,0.0,0.0,0,0.0,0.0,0.0,0.0,0.0,0,0,0
2410,331,2026-04-07 19:00:00,7,1,1,lunch,rain,9,1,208,68,619.11,0,0.0,0.0,0.0,0,0.0,0.0,0.0,0.0,0.0,0,0,0
2411,331,2026-03-02 10:00:00,2,0,1,lunch,clear,2,1,561,191,228.08,0,0.0,0.0,0.0,0,0.0,0.0,0.0,0.0,0.0,0,0,0
2412,332,2026-05-16 09:00:00,16,5,0,lunch,clear,4,1,462,158,425.12,1,0.1,0.06570804664546355,0.034291953354536456,1,453.61,45.36,83.14,294.84,30.26,1,0,0
2413,332,2026-03-19 15:00:00,19,3,0,breakfast,rain,12,1,458,157,403.97,1,0.1,0.05886495132862982,0.04113504867137018,0,0.0,0.0,0.0,0.0,0.0,0,0,0
2414,332,2026-04-02 13:00:00,2,3,1,dinner,clear,6,3,320,107,397.85,1,0.15,0.10350933669818531,0.046490663301814686,1,433.09,64.96,62.98,281.51,23.64,0,0,0
2415,332,2026-01-07 20:00:00,7,2,1,lunch,clear,13,3,174,57,360.84,1,0.2,0.1981970790384309,0.0018029209615691155,1,399.16,79.83,56.14,259.46,3.73,1,0,0
2416,332,2026-05-07 09:00:00,7,3,1,dinner,clear,2,2,196,65,501.99,0,0.0,0.0,0.0,1,501.99,0.0,56.92,326.29,118.78,0,0,0
2417,332,2026-02-26 18:00:00,26,3,1,late_night,rain,12,2,240,78,339.14,0,0.0,0.0,0.0,1,339.14,0.0,80.2,220.44,38.5,0,0,0
2418,332,2026-06-16 15:00:00,16,1,0,dinner,clear,1,1,262,87,288.41,1,0.2,0.18815211472068838,0.011847885279311632,1,319.04,63.81,52.0,207.38,-4.14,0,0,0
2419,332,2026-04-22 06:00:00,22,2,0,breakfast,rain,13,2,403,138,375.94,0,0.0,0.0,0.0,1,375.94,0.0,51.7,244.36,79.88,0,0,0
2420,332,2026-06-08 02:00:00,8,0,0,breakfast,rain,10,1,135,44,274.41,0,0.0,0.0,0.0,0,0.0,0.0,0.0,0.0,0.0,0,0,0
2421,332,2026-01-14 05:00:00,14,2,0,dinner,clear,10,2,422,144,437.29,1,0.1,0.09756959859462436,0.0024304014053756484,1,466.59,46.66,50.74,303.29,65.91,0,0,0
2422,332,2026-01-07 23:00:00,7,2,1,dinner,clear,1,1,450,155,358.65,1,0.1,0.09532983329552576,0.004670166704474246,0,0.0,0.0,0.0,0.0,0.0,0,0,0
2423,332,2026-01-04 01:00:00,4,6,1,lunch,clear,10,1,202,67,483.51,0,0.0,0.0,0.0,0,0.0,0.0,0.0,0.0,0.0,0,0,0
2424,333,2026-04-09 04:00:00,9,3,0,late_night,clear,11,1,355,119,330.66,0,0.0,0.0,0.0,0,0.0,0.0,0.0,0.0,0.0,0,0,0
2425,333,2026-01-11 22:00:00,11,6,0,breakfast,clear,9,3,406,139,391.84,0,0.0,0.0,0.0,0,0.0,0.0,0.0,0.0,0.0,0,0,0
2426,333,2026-03-26 08:00:00,26,3,1,late_night,rain,14,1,573,195,366.51,0,0.0,0.0,0.0,0,0.0,0.0,0.0,0.0,0.0,0,0,0
2427,333,2026-06-01 19:00:00,1,0,1,late_night,rain,1,1,352,119,307.51,1,0.1,0.05702688184444135,0.042973118155558654,1,334.54,33.45,49.72,217.45,33.92,0,0,0
2428,334,2026-05-26 18:00:00,26,1,1,breakfast,clear,13,1,437,150,421.49,0,0.0,0.0,0.0,1,421.49,0.0,64.84,273.97,82.68,0,0,0
2429,334,2026-03-30 08:00:00,30,0,1,lunch,extreme,11,1,516,177,593.59,0,0.0,0.0,0.0,0,0.0,0.0,0.0,0.0,0.0,0,0,0
2430,334,2026-03-17 02:00:00,17,1,0,dinner,rain,1,1,193,64,439.49,1,0.1,0.08643608145438664,0.013563918545613368,0,0.0,0.0,0.0,0.0,0.0,0,0,0
2431,334,2026-02-15 19:00:00,15,6,0,late_night,clear,2,1,422,144,437.29,1,0.1,0.06635530708219343,0.03364469291780657,1,460.75,46.08,50.74,299.49,64.45,0,0,0
2432,334,2026-03-13 07:00:00,13,4,0,dinner,clear,14,2,181,60,297.43,1,0.05,0.036226646371098306,0.013773353628901697,1,306.76,15.34,79.18,199.4,12.85,1,0,0
2433,334,2026-06-13 22:00:00,13,5,0,breakfast,extreme,11,1,18,5,453.72,0,0.0,0.0,0.0,0,0.0,0.0,0.0,0.0,0.0,0,0,0
2434,334,2026-03-02 16:00:00,2,0,1,lunch,rain,8,2,232,75,315.54,0,0.0,0.0,0.0,1,315.54,0.0,69.4,205.1,41.04,0,0,0
2435,334,2026-06-16 18:00:00,16,1,0,breakfast,clear,6,3,19,6,523.49,0,0.0,0.0,0.0,1,523.49,0.0,79.06,340.27,104.16,0,0,0
2436,334,2026-05-27 04:00:00,27,2,1,dinner,clear,1,3,130,42,429.11,1,0.15,0.1335085497497247,0.01649145025027529,1,459.54,68.93,50.92,298.7,40.99,0,0,0
2437,334,2026-05-13 11:00:00,13,2,0,breakfast,extreme,4,1,494,170,372.46,1,0.2,0.18005508088064248,0.01994491911935753,1,404.13,80.83,63.16,262.69,-2.54,0,0,0
2438,335,2026-05-26 05:00:00,26,1,1,late_night,clear,10,1,517,177,466.41,0,0.0,0.0,0.0,0,0.0,0.0,0.0,0.0,0.0,0,0,0
2439,335,2026-02-17 19:00:00,17,1,0,lunch,clear,10,1,265,88,547.4,1,0.15,0.07875247164473424,0.07124752835526575,1,655.1,98.27,64.66,425.82,66.36,1,0,0
2440,335,2026-04-18 22:00:00,18,5,0,late_night,clear,9,2,68,22,418.77,1,0.2,0.12558753561991765,0.07441246438008237,1,517.56,103.51,86.98,336.41,-9.35,0,0,0
2441,335,2026-01-22 14:00:00,22,3,0,lunch,clear,11,1,389,134,419.42,1,0.2,0.1287666902495337,0.07123330975046632,1,518.36,103.67,49.18,336.93,28.57,0,0,0
2442,335,2026-02-23 01:00:00,23,0,0,dinner,clear,8,3,90,30,431.25,1,0.05,0.025332742948893275,0.024667257051106728,1,468.8,23.44,81.88,304.72,58.76,1,0,0
2443,335,2026-01-09 06:00:00,9,4,0,lunch,clear,14,2,541,185,410.91,1,0.2,0.1466861468908017,0.05331385310919831,1,507.84,101.57,74.56,330.1,1.62,0,0,0
2444,335,2026-03-19 00:00:00,19,3,0,dinner,clear,4,2,225,73,503.59,1,0.2,0.17828810688335142,0.02171189311664859,1,622.39,124.48,84.16,404.55,9.2,0,0,0
2445,335,2026-03-24 19:00:00,24,1,0,breakfast,clear,3,1,109,36,285.64,1,0.2,0.14575035178402032,0.05424964821597969,1,353.02,70.6,69.58,229.46,-16.63,0,0,0
2446,336,2026-02-17 03:00:00,17,1,0,late_night,clear,10,1,430,147,329.56,1,0.05,0.042562568875971304,0.007437431124028698,0,0.0,0.0,0.0,0.0,0.0,0,0,0
2447,336,2026-06-29 19:00:00,29,0,1,dinner,clear,3,1,225,73,503.59,1,0.05,0.03646796332249807,0.013532036677501934,0,0.0,0.0,0.0,0.0,0.0,0,0,0
2448,336,2026-05-17 21:00:00,17,6,0,lunch,clear,10,1,60,20,327.51,1,0.1,0.08370640953178993,0.01629359046821008,1,345.66,34.57,57.52,224.68,28.89,0,0,0
2449,336,2026-04-12 12:00:00,12,6,0,breakfast,rain,14,2,186,62,511.72,0,0.0,0.0,0.0,0,0.0,0.0,0.0,0.0,0.0,0,0,0
2450,336,2026-02-07 23:00:00,7,5,1,dinner,clear,3,4,473,162,367.38,1,0.2,0.18662876635485554,0.013371233645144476,1,399.65,79.93,76.3,259.77,-16.35,1,1,0
2451,336,2026-02-15 20:00:00,15,6,0,late_night,clear,3,1,9,2,432.79,1,0.05,0.039117308397582345,0.010882691602417657,0,0.0,0.0,0.0,0.0,0.0,0,0,0
2452,336,2026-05-13 16:00:00,13,2,0,dinner,clear,9,4,410,140,370.66,1,0.15,0.11701400961897788,0.03298599038102211,1,397.81,59.67,81.52,258.58,-1.96,0,0,0
2453,336,2026-06-07 02:00:00,7,6,1,dinner,clear,14,1,533,181,346.99,1,0.1,0.0917494180140852,0.008250581985914801,0,0.0,0.0,0.0,0.0,0.0,0,0,0
2454,336,2026-03-31 21:00:00,31,1,1,lunch,extreme,14,3,497,171,461.55,1,0.2,0.1716340342455409,0.0283659657544591,1,502.09,100.42,62.08,326.36,13.23,0,0,0
2455,336,2026-02-08 06:00:00,8,6,0,breakfast,clear,5,1,423,144,412.86,0,0.0,0.0,0.0,0,0.0,0.0,0.0,0.0,0.0,0,0,0
2456,337,2026-06-13 18:00:00,13,5,0,dinner,clear,13,2,55,18,281.2,1,0.2,0.11651002643116014,0.08348997356883987,1,343.92,68.78,71.62,223.55,-20.03,0,0,0
2457,337,2026-05-20 23:00:00,20,2,0,lunch,extreme,5,2,59,20,453.76,1,0.1,0.06950441694308744,0.030495583056912565,1,517.62,51.76,60.52,336.45,68.88,1,0,0
2458,338,2026-06-28 00:00:00,28,6,1,lunch,clear,9,2,527,180,602.61,0,0.0,0.0,0.0,0,0.0,0.0,0.0,0.0,0.0,0,0,0
2459,338,2026-03-29 01:00:00,29,6,1,breakfast,clear,6,4,35,11,312.68,0,0.0,0.0,0.0,0,0.0,0.0,0.0,0.0,0.0,0,0,0
2460,338,2026-01-13 10:00:00,13,1,0,lunch,rain,2,3,184,61,352.75,0,0.0,0.0,0.0,0,0.0,0.0,0.0,0.0,0.0,0,0,0
2461,338,2026-04-26 18:00:00,26,6,1,late_night,rain,12,5,128,42,428.94,1,0.2,0.1167978750404858,0.0832021249595142,1,486.44,97.29,52.42,316.19,20.55,0,0,0
2462,338,2026-04-29 08:00:00,29,2,1,breakfast,clear,5,3,475,162,365.58,0,0.0,0.0,0.0,0,0.0,0.0,0.0,0.0,0.0,0,0,0
2463,338,2026-02-26 22:00:00,26,3,1,lunch,clear,4,1,162,54,283.11,0,0.0,0.0,0.0,1,283.11,0.0,71.8,184.02,27.29,0,0,0
2464,338,2026-04-18 20:00:00,18,5,0,breakfast,clear,1,1,500,172,443.27,0,0.0,0.0,0.0,0,0.0,0.0,0.0,0.0,0.0,0,0,0
2465,338,2026-01-22 06:00:00,22,3,0,breakfast,clear,13,1,168,55,286.78,0,0.0,0.0,0.0,0,0.0,0.0,0.0,0.0,0.0,0,0,0
2466,339,2026-01-15 18:00:00,15,3,0,lunch,clear,1,2,29,9,439.47,1,0.05,0.030519179770959304,0.0194808202290407,0,0.0,0.0,0.0,0.0,0.0,0,0,0
2467,339,2026-04-10 18:00:00,10,4,0,breakfast,extreme,7,2,530,181,442.66,1,0.15,0.11797486276908699,0.032025137230913006,1,480.62,72.09,68.44,312.41,27.68,0,0,0
2468,339,2026-02-24 14:00:00,24,1,0,late_night,rain,10,1,581,197,473.43,1,0.15,0.12006297084477648,0.02993702915522352,1,514.03,77.11,65.56,334.12,37.25,0,0,0
2469,339,2026-05-15 04:00:00,15,4,0,dinner,rain,12,2,200,66,365.44,0,0.0,0.0,0.0,0,0.0,0.0,0.0,0.0,0.0,0,0,0
2470,339,2026-04-29 17:00:00,29,2,1,late_night,clear,3,3,322,108,306.99,0,0.0,0.0,0.0,0,0.0,0.0,0.0,0.0,0.0,0,0,0
2471,339,2026-05-31 04:00:00,31,6,1,late_night,clear,13,2,565,193,359.54,1,0.15,0.07557912344233253,0.07442087655766746,1,390.38,58.56,85.84,253.74,-7.76,1,0,0
2472,339,2026-05-20 14:00:00,20,2,0,dinner,clear,5,2,285,95,412.22,1,0.15,0.14594445414038354,0.004055545859616455,1,447.57,67.14,67.12,290.92,22.39,1,0,0
2473,339,2026-02-22 14:00:00,22,6,0,dinner,extreme,8,1,57,19,353.42,0,0.0,0.0,0.0,0,0.0,0.0,0.0,0.0,0.0,0,0,0
2474,340,2026-05-29 17:00:00,29,4,1,late_night,clear,14,1,404,138,351.02,1,0.15,0.08398457784004036,0.06601542215995963,1,410.72,61.61,50.2,266.97,31.94,0,0,0
2475,340,2026-01-28 21:00:00,28,2,1,breakfast,clear,4,5,250,82,326.54,0,0.0,0.0,0.0,0,0.0,0.0,0.0,0.0,0.0,0,0,0
2476,340,2026-05-01 19:00:00,1,4,1,lunch,extreme,4,3,30,9,465.85,0,0.0,0.0,0.0,1,465.85,0.0,52.24,302.8,110.81,0,0,0
2477,340,2026-06-20 23:00:00,20,5,0,late_night,clear,6,1,11,3,382.03,0,0.0,0.0,0.0,0,0.0,0.0,0.0,0.0,0.0,0,0,0
2478,340,2026-01-02 10:00:00,2,4,1,lunch,clear,10,1,369,126,374.47,0,0.0,0.0,0.0,1,374.47,0.0,68.8,243.41,62.26,0,0,0
2479,341,2026-04-08 06:00:00,8,2,0,breakfast,extreme,12,1,190,63,989.89,0,0.0,0.0,0.0,0,0.0,0.0,0.0,0.0,0.0,0,0,0
2480,341,2026-05-29 19:00:00,29,4,1,late_night,extreme,2,2,587,199,402.75,0,0.0,0.0,0.0,0,0.0,0.0,0.0,0.0,0.0,0,0,0
2481,341,2026-04-03 09:00:00,3,4,1,breakfast,extreme,5,3,222,73,368.75,1,0.2,0.18921063301775853,0.010789366982241477,1,438.05,87.61,87.16,284.74,-21.45,0,0,0
2482,341,2026-01-30 20:00:00,30,4,1,lunch,clear,6,1,228,74,270.68,0,0.0,0.0,0.0,0,0.0,0.0,0.0,0.0,0.0,0,1,0
2483,341,2026-04-18 17:00:00,18,5,0,late_night,clear,3,3,37,11,363.11,0,0.0,0.0,0.0,1,363.11,0.0,51.82,236.02,75.27,0,0,0
2484,341,2026-02-11 00:00:00,11,2,0,lunch,clear,6,1,217,71,594.66,0,0.0,0.0,0.0,0,0.0,0.0,0.0,0.0,0.0,0,0,0
2485,341,2026-01-29 16:00:00,29,3,1,late_night,clear,11,1,368,126,431.88,0,0.0,0.0,0.0,1,431.88,0.0,68.8,280.72,82.36,0,0,0
2486,341,2026-01-23 23:00:00,23,4,0,dinner,rain,2,1,567,193,277.06,1,0.15,0.07943549814836146,0.07056450185163854,1,320.49,48.07,87.34,208.32,-23.24,0,0,0
2487,341,2026-04-12 18:00:00,12,6,0,late_night,clear,5,1,64,21,319.07,1,0.15,0.08040068527726635,0.06959931472273365,1,369.09,55.36,84.88,239.91,-11.06,1,0,0
2488,341,2026-06-23 14:00:00,23,1,0,dinner,clear,9,1,279,93,516.93,0,0.0,0.0,0.0,1,516.93,0.0,72.76,336.0,108.17,0,0,0
2489,341,2026-06-10 23:00:00,10,2,0,late_night,rain,13,1,389,134,419.42,0,0.0,0.0,0.0,0,0.0,0.0,0.0,0.0,0.0,0,0,0
2490,342,2026-04-11 22:00:00,11,5,0,late_night,rain,8,2,577,196,458.78,1,0.05,0.035380797051829144,0.014619202948170859,1,481.9,24.09,48.34,313.23,96.23,1,0,0
2491,342,2026-02-26 18:00:00,26,3,1,breakfast,rain,7,4,391,134,438.46,1,0.15,0.14018544402118496,0.009814555978815032,1,488.39,73.26,50.68,317.45,47.0,0,0,0
2492,342,2026-03-07 17:00:00,7,5,1,late_night,clear,14,3,76,24,373.62,0,0.0,0.0,0.0,1,373.62,0.0,71.02,242.85,59.75,0,0,0
2493,343,2026-04-06 17:00:00,6,0,1,breakfast,clear,5,5,420,144,369.6,0,0.0,0.0,0.0,0,0.0,0.0,0.0,0.0,0.0,0,0,0
2494,343,2026-04-23 15:00:00,23,3,0,dinner,clear,5,1,198,66,362.58,1,0.15,0.08635475410893408,0.06364524589106592,1,400.55,60.08,47.14,260.36,32.97,0,0,0
2495,343,2026-06-28 21:00:00,28,6,1,dinner,clear,11,1,376,129,469.03,1,0.15,0.10664555965593317,0.043354440344066825,1,518.15,77.72,79.06,336.8,24.57,0,0,0
2496,343,2026-03-05 21:00:00,5,3,1,dinner,rain,2,5,261,86,381.66,1,0.1,0.0922535762034612,0.007746423796538809,1,411.9,41.19,74.5,267.73,28.47,1,0,0
2497,343,2026-06-20 11:00:00,20,5,0,breakfast,clear,8,5,236,77,323.45,0,0.0,0.0,0.0,0,0.0,0.0,0.0,0.0,0.0,0,0,0
2498,343,2026-02-07 07:00:00,7,5,1,breakfast,clear,11,2,19,6,523.49,1,0.1,0.051651526017971884,0.04834847398202812,1,564.96,56.5,79.06,367.23,62.18,1,0,0
2499,343,2026-06-22 04:00:00,22,0,0,breakfast,clear,3,1,102,34,373.66,0,0.0,0.0,0.0,0,0.0,0.0,0.0,0.0,0.0,0,0,0
2500,343,2026-05-08 22:00:00,8,4,0,dinner,clear,6,4,92,31,500.94,1,0.2,0.12365071848374676,0.07634928151625325,1,563.84,112.77,55.78,366.5,28.8,1,0,0
2501,343,2026-06-11 11:00:00,11,3,0,dinner,clear,5,1,146,48,348.11,1,0.05,0.04984573231410534,0.0001542676858946601,1,364.24,18.21,73.18,236.76,36.09,0,0,0
2502,343,2026-03-12 19:00:00,12,3,0,late_night,clear,12,2,37,11,363.11,1,0.05,0.04180190120864909,0.008198098791350916,1,379.94,19.0,51.82,246.96,62.16,0,0,0
2503,343,2026-01-20 08:00:00,20,1,0,late_night,clear,4,5,276,92,323.06,1,0.2,0.11414383791247254,0.08585616208752747,1,363.63,72.73,90.04,236.36,-35.5,0,0,0
2504,343,2026-05-04 21:00:00,4,0,1,breakfast,rain,4,2,303,102,431.39,0,0.0,0.0,0.0,0,0.0,0.0,0.0,0.0,0.0,0,0,0
2505,343,2026-03-31 14:00:00,31,1,1,breakfast,clear,9,1,432,147,336.87,0,0.0,0.0,0.0,0,0.0,0.0,0.0,0.0,0.0,0,0,0
2506,344,2026-05-23 14:00:00,23,5,0,lunch,rain,2,1,246,80,447.69,0,0.0,0.0,0.0,1,447.69,0.0,74.5,291.0,82.19,0,0,0
2507,344,2026-06-24 17:00:00,24,2,0,breakfast,rain,3,1,63,21,314.23,0,0.0,0.0,0.0,0,0.0,0.0,0.0,0.0,0.0,0,0,0
2508,344,2026-04-20 04:00:00,20,0,0,dinner,rain,5,1,176,58,380.02,1,0.2,0.16717123144423224,0.03282876855576777,1,431.84,86.37,81.4,280.7,-16.62,1,0,0
2509,344,2026-03-18 17:00:00,18,2,0,lunch,extreme,4,1,375,129,325.69,1,0.05,0.03863709475243996,0.011362905247560041,0,0.0,0.0,0.0,0.0,0.0,0,0,0
2510,344,2026-03-30 03:00:00,30,0,1,lunch,clear,10,1,327,110,400.01,1,0.05,0.04080861617425981,0.009191383825740196,1,420.14,21.01,69.34,273.09,56.7,1,0,0
2511,344,2026-04-05 18:00:00,5,6,1,lunch,clear,12,1,70,22,412.24,0,0.0,0.0,0.0,0,0.0,0.0,0.0,0.0,0.0,0,0,0
2512,344,2026-05-28 06:00:00,28,3,1,breakfast,rain,6,1,568,193,376.52,1,0.2,0.12825148662826313,0.07174851337173688,1,427.86,85.57,87.34,278.11,-23.16,0,0,0
2513,344,2026-06-25 21:00:00,25,3,1,late_night,clear,10,1,431,147,375.56,0,0.0,0.0,0.0,0,0.0,0.0,0.0,0.0,0.0,0,0,0
2514,345,2026-03-16 11:00:00,16,0,0,lunch,clear,3,4,584,198,433.43,0,0.0,0.0,0.0,1,433.43,0.0,66.7,281.73,85.0,0,0,0
2515,345,2026-02-18 18:00:00,18,2,0,late_night,clear,3,3,174,57,360.84,0,0.0,0.0,0.0,0,0.0,0.0,0.0,0.0,0.0,0,0,0
2516,345,2026-02-10 16:00:00,10,1,0,dinner,clear,4,2,108,36,342.36,1,0.2,0.11704299044287653,0.08295700955712348,1,377.82,75.56,69.58,245.58,-12.91,0,0,0
2517,345,2026-05-26 21:00:00,26,1,1,lunch,rain,11,2,582,198,450.79,1,0.05,0.047672675002867405,0.0023273249971325974,1,468.02,23.4,68.2,304.21,72.21,1,0,0
2518,345,2026-06-09 20:00:00,9,1,0,dinner,clear,13,2,558,191,360.12,0,0.0,0.0,0.0,0,0.0,0.0,0.0,0.0,0.0,0,0,0
2519,345,2026-04-12 03:00:00,12,6,0,lunch,clear,10,2,29,9,439.47,0,0.0,0.0,0.0,0,0.0,0.0,0.0,0.0,0.0,0,0,0
2520,345,2026-04-12 10:00:00,12,6,0,late_night,rain,11,5,134,44,288.98,0,0.0,0.0,0.0,0,0.0,0.0,0.0,0.0,0.0,0,0,0
2521,345,2026-05-07 15:00:00,7,3,1,dinner,clear,7,1,534,182,526.78,1,0.2,0.1600242343017176,0.0399757656982824,1,581.34,116.27,46.72,377.87,40.48,1,0,0
2522,345,2026-03-01 17:00:00,1,6,1,breakfast,clear,14,5,585,198,566.08,0,0.0,0.0,0.0,1,566.08,0.0,66.7,367.95,131.43,0,0,0
2523,345,2026-04-02 19:00:00,2,3,1,late_night,rain,3,1,58,19,386.43,0,0.0,0.0,0.0,0,0.0,0.0,0.0,0.0,0.0,0,0,0
2524,345,2026-02-02 00:00:00,2,0,1,breakfast,clear,2,1,492,169,517.7,0,0.0,0.0,0.0,0,0.0,0.0,0.0,0.0,0.0,0,0,0
2525,346,2026-03-29 04:00:00,29,6,1,dinner,extreme,10,1,321,108,326.88,1,0.15,0.12014592149713386,0.02985407850286613,1,396.45,59.47,91.6,257.69,-12.31,0,0,0
2526,346,2026-04-08 02:00:00,8,2,0,dinner,clear,5,1,479,164,360.53,0,0.0,0.0,0.0,1,360.53,0.0,89.32,234.34,36.87,0,0,0
2527,347,2026-02-20 05:00:00,20,4,0,breakfast,clear,10,2,397,136,376.44,1,0.15,0.13382543398907826,0.016174566010921737,1,465.12,69.77,85.3,302.33,7.72,0,0,0
2528,347,2026-01-07 20:00:00,7,2,1,late_night,extreme,13,3,481,165,317.88,1,0.1,0.06338686534926255,0.036613134650737456,1,374.53,37.45,67.18,243.44,26.45,0,0,0
2529,347,2026-02-28 17:00:00,28,5,1,dinner,clear,8,1,313,105,348.32,0,0.0,0.0,0.0,0,0.0,0.0,0.0,0.0,0.0,0,0,0
2530,347,2026-01-18 09:00:00,18,6,0,late_night,extreme,12,2,33,10,294.15,0,0.0,0.0,0.0,0,0.0,0.0,0.0,0.0,0.0,0,0,0
2531,347,2026-03-25 15:00:00,25,2,1,breakfast,rain,1,1,179,59,330.4,0,0.0,0.0,0.0,0,0.0,0.0,0.0,0.0,0.0,0,0,0
2532,347,2026-01-04 21:00:00,4,6,1,late_night,clear,4,5,318,107,312.54,0,0.0,0.0,0.0,0,0.0,0.0,0.0,0.0,0.0,0,0,0
2533,347,2026-01-19 23:00:00,19,0,0,lunch,clear,3,2,117,38,339.09,0,0.0,0.0,0.0,1,339.09,0.0,46.0,220.41,72.68,0,0,0
2534,348,2026-03-03 09:00:00,3,1,1,late_night,clear,13,2,487,167,472.48,0,0.0,0.0,0.0,0,0.0,0.0,0.0,0.0,0.0,0,0,0
2535,348,2026-02-18 02:00:00,18,2,0,late_night,clear,2,1,317,106,383.97,1,0.05,0.02899747844734936,0.021002521552650644,1,419.26,20.96,53.32,272.52,72.46,0,0,0
2536,348,2026-01-20 15:00:00,20,1,0,late_night,rain,12,2,523,179,390.75,1,0.1,0.06106189666712872,0.03893810333287129,1,452.14,45.21,88.42,293.89,24.61,0,0,0
2537,348,2026-02-28 09:00:00,28,5,1,breakfast,clear,4,1,399,137,510.29,0,0.0,0.0,0.0,0,0.0,0.0,0.0,0.0,0.0,0,0,0
2538,348,2026-06-06 15:00:00,6,5,1,late_night,rain,8,1,159,53,379.66,0,0.0,0.0,0.0,0,0.0,0.0,0.0,0.0,0.0,0,0,0
2539,348,2026-03-24 02:00:00,24,1,0,late_night,clear,14,5,558,191,360.12,1,0.05,0.030119101788080693,0.01988089821191931,1,393.21,19.66,87.64,255.59,30.32,0,0,0
2540,349,2026-02-22 17:00:00,22,6,0,breakfast,clear,5,3,136,45,379.51,1,0.1,0.0910515876106925,0.008948412389307506,1,435.25,43.52,67.96,282.91,40.85,0,0,0
2541,349,2026-02-05 12:00:00,5,3,1,lunch,clear,12,1,566,193,300.71,0,0.0,0.0,0.0,1,300.71,0.0,85.84,195.46,19.41,0,0,0
2542,349,2026-03-12 15:00:00,12,3,0,dinner,clear,10,1,421,144,346.22,0,0.0,0.0,0.0,0,0.0,0.0,0.0,0.0,0.0,0,0,0
2543,349,2026-04-26 21:00:00,26,6,1,late_night,clear,6,1,289,97,327.43,1,0.05,0.02893096592591692,0.021069034074083084,1,355.56,17.78,86.14,231.11,20.53,0,0,0
2544,349,2026-06-09 02:00:00,9,1,0,dinner,clear,8,1,298,100,356.47,1,0.15,0.08755793661950179,0.06244206338049821,1,425.67,63.85,64.18,276.69,20.95,0,0,0
2545,349,2026-01-31 22:00:00,31,5,1,dinner,clear,13,2,224,73,409.67,1,0.1,0.07046759935708828,0.029532400642911724,1,469.83,46.98,84.16,305.39,33.3,0,0,0
2546,349,2026-01-14 12:00:00,14,2,0,lunch,clear,7,1,324,109,583.03,1,0.15,0.10734165307502887,0.04265834692497113,1,696.22,104.43,67.66,452.54,71.58,0,0,0
2547,349,2026-01-15 06:00:00,15,3,0,late_night,rain,14,1,306,102,364.7,0,0.0,0.0,0.0,1,364.7,0.0,61.96,237.06,65.68,0,0,0
2548,349,2026-03-01 05:00:00,1,6,1,late_night,rain,14,3,545,187,326.24,1,0.2,0.1134283799862918,0.08657162001370822,1,402.18,80.44,79.24,261.42,-18.91,0,0,0
2549,349,2026-02-06 09:00:00,6,4,1,late_night,clear,7,2,481,165,317.88,0,0.0,0.0,0.0,0,0.0,0.0,0.0,0.0,0.0,0,0,0
2550,349,2026-06-10 20:00:00,10,2,0,late_night,clear,14,1,310,104,391.76,1,0.1,0.08736916220776239,0.012630837792237615,1,449.29,44.93,52.78,292.04,59.54,0,0,0
2551,349,2026-03-13 11:00:00,13,4,0,lunch,clear,2,1,589,199,395.45,1,0.15,0.07600843196415771,0.07399156803584228,1,472.22,70.83,61.78,306.94,32.66,0,0,0
2552,350,2026-02-12 21:00:00,12,3,0,late_night,rain,2,1,383,132,348.19,0,0.0,0.0,0.0,0,0.0,0.0,0.0,0.0,0.0,0,0,0
2553,350,2026-06-03 11:00:00,3,2,1,lunch,clear,13,1,327,110,400.01,1,0.2,0.15549774063405236,0.04450225936594765,1,464.77,92.95,69.34,302.1,0.38,0,0,0
2554,350,2026-02-20 03:00:00,20,4,0,breakfast,rain,10,1,60,20,327.51,0,0.0,0.0,0.0,0,0.0,0.0,0.0,0.0,0.0,0,0,0
2555,350,2026-06-25 06:00:00,25,3,1,late_night,clear,14,1,74,24,370.91,0,0.0,0.0,0.0,0,0.0,0.0,0.0,0.0,0.0,0,0,0
2556,350,2026-03-22 19:00:00,22,6,0,late_night,rain,5,1,578,197,363.8,1,0.15,0.10302286819278372,0.04697713180721627,1,412.93,61.94,65.56,268.4,17.03,0,0,0
2557,350,2026-05-10 06:00:00,10,6,0,breakfast,rain,4,3,225,73,503.59,1,0.05,0.03586178324136465,0.014138216758635351,0,0.0,0.0,0.0,0.0,0.0,0,0,0
2558,350,2026-03-08 04:00:00,8,6,0,lunch,clear,1,1,67,22,343.91,1,0.05,0.04280700989023609,0.00719299010976391,1,364.46,18.22,86.98,236.9,22.36,0,0,0
2559,350,2026-06-13 14:00:00,13,5,0,breakfast,clear,10,1,318,107,312.54,0,0.0,0.0,0.0,0,0.0,0.0,0.0,0.0,0.0,0,0,0
2560,351,2026-04-04 14:00:00,4,5,1,lunch,rain,8,2,417,143,507.05,1,0.15,0.14727036589133616,0.0027296341086638365,1,583.68,87.55,71.86,379.39,44.88,0,0,0
2561,351,2026-04-18 13:00:00,18,5,0,dinner,rain,1,3,274,92,294.0,0,0.0,0.0,0.0,0,0.0,0.0,0.0,0.0,0.0,0,0,0
2562,351,2026-05-02 19:00:00,2,5,1,dinner,clear,1,1,298,100,356.47,1,0.15,0.13339044791754803,0.01660955208245196,1,410.34,61.55,64.18,266.72,17.89,1,0,0
2563,352,2026-02-04 19:00:00,4,2,1,dinner,clear,9,1,72,23,541.6,1,0.2,0.12025913345123594,0.07974086654876407,1,666.19,133.24,89.32,433.03,10.61,0,0,0
2564,352,2026-01-04 10:00:00,4,6,1,lunch,clear,6,1,328,110,369.63,1,0.05,0.02878449928901239,0.021215500710987614,1,401.01,20.05,69.34,260.66,50.96,0,0,0
2565,353,2026-03-08 02:00:00,8,6,0,dinner,extreme,2,1,169,56,358.37,0,0.0,0.0,0.0,1,358.37,0.0,68.92,232.94,56.51,0,0,0
2566,353,2026-06-16 06:00:00,16,1,0,lunch,extreme,5,2,98,33,267.42,1,0.15,0.09063641800756823,0.05936358199243176,1,302.69,45.4,54.16,196.75,6.38,0,0,0
2567,353,2026-06-05 09:00:00,5,4,1,dinner,rain,12,3,568,193,376.52,0,0.0,0.0,0.0,0,0.0,0.0,0.0,0.0,0.0,0,0,0
2568,353,2026-05-08 00:00:00,8,4,0,dinner,clear,7,4,112,37,403.7,0,0.0,0.0,0.0,1,403.7,0.0,82.66,262.41,58.63,0,0,0
2569,353,2026-06-18 06:00:00,18,3,0,lunch,extreme,6,1,19,6,523.49,0,0.0,0.0,0.0,0,0.0,0.0,0.0,0.0,0.0,0,0,0
2570,353,2026-03-12 08:00:00,12,3,0,breakfast,clear,10,4,44,13,374.19,1,0.05,0.046580628531821294,0.0034193714681787085,1,396.03,19.8,45.22,257.42,73.59,0,0,0
2571,354,2026-03-03 07:00:00,3,1,1,breakfast,clear,13,1,141,47,343.49,1,0.1,0.07336388737401903,0.02663611262598098,1,368.19,36.82,71.02,239.32,21.03,0,0,0
2572,354,2026-05-07 03:00:00,7,3,1,lunch,extreme,8,1,248,81,302.79,1,0.05,0.035074096057657954,0.014925903942342049,1,315.52,15.78,55.72,205.09,38.94,0,0,0
2573,354,2026-04-14 08:00:00,14,1,0,lunch,clear,12,1,303,102,431.39,0,0.0,0.0,0.0,0,0.0,0.0,0.0,0.0,0.0,0,0,0
2574,354,2026-06-11 10:00:00,11,3,0,dinner,clear,11,2,252,83,352.16,1,0.2,0.14246860640781872,0.05753139359218129,1,392.29,78.46,87.52,254.99,-28.68,0,0,0
2575,354,2026-01-19 19:00:00,19,0,0,late_night,rain,1,4,516,177,593.59,1,0.15,0.1322540325513484,0.01774596744865159,1,650.01,97.5,71.32,422.5,58.68,0,0,0
2576,354,2026-01-24 01:00:00,24,5,0,lunch,clear,2,2,477,163,341.1,0,0.0,0.0,0.0,0,0.0,0.0,0.0,0.0,0.0,0,0,0
2577,355,2026-03-25 05:00:00,25,2,1,late_night,clear,3,1,96,32,453.5,0,0.0,0.0,0.0,1,453.5,0.0,81.4,294.78,77.32,0,0,0
2578,355,2026-01-22 22:00:00,22,3,0,late_night,clear,14,4,459,157,423.51,1,0.2,0.17678178510136064,0.023218214898639372,1,475.47,95.09,67.24,309.06,4.08,0,0,0
2579,355,2026-04-19 00:00:00,19,6,0,breakfast,clear,12,1,62,20,305.62,0,0.0,0.0,0.0,0,0.0,0.0,0.0,0.0,0.0,0,0,0
2580,355,2026-06-06 23:00:00,6,5,1,lunch,clear,5,1,312,105,471.86,1,0.1,0.050449873685787565,0.04955012631421244,1,508.39,50.84,80.2,330.45,46.9,0,0,0
2581,355,2026-05-09 05:00:00,9,5,0,late_night,rain,3,1,94,31,485.17,1,0.05,0.04524411341047324,0.004755886589526762,0,0.0,0.0,0.0,0.0,0.0,0,0,0
2582,355,2026-01-17 11:00:00,17,5,0,dinner,clear,6,1,395,136,384.32,1,0.05,0.044331593208404664,0.005668406791595339,0,0.0,0.0,0.0,0.0,0.0,0,0,0
2583,355,2026-03-23 00:00:00,23,0,0,dinner,clear,9,2,196,65,501.99,1,0.1,0.09322362503163206,0.006776374968367943,1,540.85,54.08,56.92,351.55,78.29,1,0,0
2584,355,2026-03-09 11:00:00,9,0,0,late_night,clear,9,1,113,37,446.27,1,0.15,0.14747891218100526,0.0025210878189947383,1,491.94,73.79,82.66,319.76,15.73,0,0,0
2585,356,2026-06-12 06:00:00,12,4,0,dinner,rain,2,1,534,182,526.78,1,0.1,0.06327670610199897,0.03672329389800104,1,558.66,55.87,48.22,363.13,91.44,1,0,0
2586,356,2026-01-14 21:00:00,14,2,0,breakfast,clear,1,1,379,130,459.76,1,0.2,0.1846982031030112,0.015301796896988823,1,503.86,100.77,72.88,327.51,2.7,1,0,0
2587,356,2026-01-22 16:00:00,22,3,0,late_night,extreme,14,3,500,172,443.27,0,0.0,0.0,0.0,0,0.0,0.0,0.0,0.0,0.0,0,0,0
2588,356,2026-05-17 05:00:00,17,6,0,breakfast,extreme,11,1,65,21,412.58,0,0.0,0.0,0.0,0,0.0,0.0,0.0,0.0,0.0,0,0,0
2589,356,2026-04-05 08:00:00,5,6,1,breakfast,clear,7,1,333,112,519.42,1,0.1,0.06096412975693029,0.03903587024306972,1,550.85,55.09,56.38,358.05,81.33,0,0,0
2590,356,2026-01-28 03:00:00,28,2,1,dinner,clear,5,1,116,38,269.91,1,0.05,0.033206822331663714,0.01679317766833629,1,279.46,13.97,46.0,181.65,37.84,0,0,0
2591,356,2026-06-11 22:00:00,11,3,0,lunch,clear,8,2,380,131,355.04,1,0.2,0.18832121613221356,0.011678783867786452,1,389.09,77.82,67.6,252.91,-9.24,0,0,0
2592,356,2026-05-08 06:00:00,8,4,0,late_night,rain,11,1,530,181,442.66,0,0.0,0.0,0.0,0,0.0,0.0,0.0,0.0,0.0,0,0,0
2593,356,2026-03-10 04:00:00,10,1,0,breakfast,clear,7,1,50,16,341.45,0,0.0,0.0,0.0,0,0.0,0.0,0.0,0.0,0.0,0,0,0
2594,357,2026-05-19 22:00:00,19,1,0,lunch,rain,6,2,303,102,431.39,0,0.0,0.0,0.0,1,431.39,0.0,61.96,280.4,89.03,0,0,0
2595,357,2026-03-20 22:00:00,20,4,0,breakfast,clear,6,2,100,33,426.11,1,0.15,0.1169975466361776,0.03300245336382239,1,480.11,72.02,51.16,312.07,44.86,1,0,0
2596,357,2026-03-20 04:00:00,20,4,0,late_night,clear,8,1,390,134,366.59,0,0.0,0.0,0.0,0,0.0,0.0,0.0,0.0,0.0,0,0,0
2597,357,2026-06-18 11:00:00,18,3,0,late_night,clear,9,2,470,161,302.81,0,0.0,0.0,0.0,0,0.0,0.0,0.0,0.0,0.0,0,0,0
2598,357,2026-04-02 02:00:00,2,3,1,lunch,extreme,13,1,440,151,317.0,0,0.0,0.0,0.0,0,0.0,0.0,0.0,0.0,0.0,0,0,1
2599,357,2026-06-16 11:00:00,16,1,0,breakfast,clear,10,2,329,111,439.94,1,0.2,0.18201261237239802,0.01798738762760199,1,506.78,101.36,59.8,329.41,16.22,0,0,0
2600,358,2026-01-11 03:00:00,11,6,0,breakfast,clear,7,3,43,13,320.07,1,0.15,0.1429417015861249,0.0070582984138750915,1,357.09,53.56,45.22,232.11,26.2,1,0,0
2601,359,2026-02-23 15:00:00,23,0,0,dinner,clear,1,2,459,157,423.51,1,0.2,0.1649038401557431,0.0350961598442569,1,535.84,107.17,67.24,348.3,13.14,1,0,0
2602,359,2026-03-09 08:00:00,9,0,0,breakfast,rain,2,1,381,131,606.56,1,0.1,0.0826049956083115,0.017395004391688507,1,708.06,70.81,69.1,460.24,107.92,0,0,0
2603,359,2026-02-02 18:00:00,2,0,1,late_night,clear,4,1,337,114,325.94,0,0.0,0.0,0.0,0,0.0,0.0,0.0,0.0,0.0,0,0,0
2604,359,2026-02-17 05:00:00,17,1,0,dinner,rain,6,1,391,134,438.46,0,0.0,0.0,0.0,0,0.0,0.0,0.0,0.0,0.0,0,0,0
2605,359,2026-01-04 21:00:00,4,6,1,late_night,rain,10,1,217,71,594.66,0,0.0,0.0,0.0,0,0.0,0.0,0.0,0.0,0.0,0,0,0
2606,359,2026-05-25 02:00:00,25,0,1,lunch,clear,14,2,316,106,301.05,0,0.0,0.0,0.0,1,301.05,0.0,53.32,195.68,52.05,0,0,0
2607,359,2026-04-02 11:00:00,2,3,1,late_night,rain,2,2,21,6,455.28,1,0.2,0.13642941667486438,0.06357058332513563,1,576.04,115.21,80.56,374.42,5.85,0,0,0
2608,359,2026-03-28 18:00:00,28,5,1,breakfast,clear,10,2,417,143,507.05,1,0.05,0.0484519195416973,0.0015480804583027016,1,556.68,27.83,70.36,361.85,96.65,1,0,0
2609,359,2026-01-21 12:00:00,21,2,0,late_night,extreme,1,1,543,186,246.87,0,0.0,0.0,0.0,1,246.87,0.0,78.46,160.47,7.94,0,0,0
2610,359,2026-03-25 16:00:00,25,2,1,breakfast,extreme,4,1,472,161,222.14,0,0.0,0.0,0.0,0,0.0,0.0,0.0,0.0,0.0,0,0,0
2611,359,2026-02-05 19:00:00,5,3,1,breakfast,rain,11,1,306,102,364.7,1,0.15,0.136881104668808,0.013118895331191982,1,445.38,66.81,61.96,289.5,27.12,1,0,0
2612,359,2026-02-24 10:00:00,24,1,0,dinner,clear,14,1,315,106,288.77,1,0.2,0.12000620442161743,0.07999379557838258,1,365.36,73.07,53.32,237.48,1.48,1,0,0
2613,360,2026-02-05 05:00:00,5,3,1,lunch,extreme,4,1,319,107,397.81,0,0.0,0.0,0.0,1,397.81,0.0,65.98,258.58,73.25,0,0,0
2614,360,2026-06-16 08:00:00,16,1,0,dinner,clear,3,1,101,34,347.68,1,0.2,0.11696936430486558,0.08303063569513443,1,411.74,82.35,55.54,267.63,6.22,0,0,0
2615,360,2026-04-08 19:00:00,8,2,0,breakfast,clear,13,3,35,11,312.68,1,0.2,0.19575128731837418,0.004248712681625827,1,370.29,74.06,51.82,240.69,3.72,0,0,0
2616,360,2026-02-02 00:00:00,2,0,1,breakfast,clear,7,1,130,42,429.11,0,0.0,0.0,0.0,0,0.0,0.0,0.0,0.0,0.0,0,0,0
2617,360,2026-04-05 10:00:00,5,6,1,lunch,rain,10,4,6,2,546.89,0,0.0,0.0,0.0,0,0.0,0.0,0.0,0.0,0.0,0,0,0
2618,360,2026-06-04 07:00:00,4,3,1,dinner,rain,10,1,287,96,526.62,1,0.1,0.08642164687080588,0.013578353129194129,1,587.83,58.78,62.38,382.09,84.58,1,0,0
2619,360,2026-02-09 13:00:00,9,0,0,dinner,clear,10,2,79,25,491.57,1,0.1,0.057685889824492353,0.04231411017550765,1,548.71,54.87,82.3,356.66,54.88,0,0,0
2620,360,2026-05-11 13:00:00,11,0,0,late_night,extreme,5,1,89,30,399.84,0,0.0,0.0,0.0,0,0.0,0.0,0.0,0.0,0.0,0,0,0
2621,360,2026-01-23 22:00:00,23,4,0,dinner,clear,9,1,471,161,556.82,1,0.2,0.169862090786022,0.03013790921397802,1,659.41,131.88,62.92,428.61,35.99,1,0,0
2622,361,2026-05-21 22:00:00,21,3,0,breakfast,clear,8,5,52,17,309.09,1,0.05,0.02784978008340344,0.02215021991659656,0,0.0,0.0,0.0,0.0,0.0,0,0,0
2623,361,2026-04-09 13:00:00,9,3,0,lunch,clear,11,2,191,64,343.36,0,0.0,0.0,0.0,0,0.0,0.0,0.0,0.0,0.0,0,0,0
2624,361,2026-05-20 07:00:00,20,2,0,lunch,clear,8,1,323,108,364.56,1,0.1,0.08164160590771247,0.01835839409228754,1,400.95,40.09,88.6,260.62,11.64,0,0,0
2625,361,2026-03-24 14:00:00,24,1,0,breakfast,clear,14,2,355,119,330.66,0,0.0,0.0,0.0,1,330.66,0.0,48.22,214.93,67.51,0,0,0
2626,361,2026-01-27 18:00:00,27,1,1,lunch,clear,7,3,550,188,568.72,0,0.0,0.0,0.0,0,0.0,0.0,0.0,0.0,0.0,0,0,0
2627,361,2026-06-21 13:00:00,21,6,0,dinner,rain,7,1,156,52,461.21,0,0.0,0.0,0.0,0,0.0,0.0,0.0,0.0,0.0,0,0,0
2628,361,2026-04-30 02:00:00,30,3,1,dinner,clear,7,1,352,119,307.51,1,0.1,0.05263488453874672,0.047365115461253285,1,338.2,33.82,48.22,219.83,36.33,0,0,0
2629,361,2026-06-20 13:00:00,20,5,0,dinner,clear,4,1,186,62,511.72,1,0.2,0.1378665438969897,0.0621334561030103,1,592.67,118.53,72.28,385.24,16.62,1,0,0
2630,361,2026-03-27 17:00:00,27,4,1,lunch,clear,3,1,142,47,365.27,0,0.0,0.0,0.0,0,0.0,0.0,0.0,0.0,0.0,0,0,0
2631,361,2026-04-24 03:00:00,24,4,0,breakfast,clear,6,3,317,106,383.97,1,0.05,0.038089511434201834,0.011910488565798169,0,0.0,0.0,0.0,0.0,0.0,0,0,0
2632,361,2026-01-03 16:00:00,3,5,1,dinner,rain,13,1,47,14,362.77,0,0.0,0.0,0.0,0,0.0,0.0,0.0,0.0,0.0,0,0,0
2633,362,2026-01-31 12:00:00,31,5,1,lunch,clear,9,2,360,122,593.1,0,0.0,0.0,0.0,0,0.0,0.0,0.0,0.0,0.0,0,0,0
2634,362,2026-01-27 22:00:00,27,1,1,breakfast,rain,7,2,225,73,503.59,0,0.0,0.0,0.0,1,503.59,0.0,85.66,327.33,90.6,0,0,0
2635,362,2026-05-29 18:00:00,29,4,1,lunch,clear,5,4,430,147,329.56,0,0.0,0.0,0.0,0,0.0,0.0,0.0,0.0,0.0,0,0,0
2636,362,2026-06-10 19:00:00,10,2,0,lunch,clear,8,1,231,75,429.49,0,0.0,0.0,0.0,1,429.49,0.0,67.9,279.17,82.42,0,0,0
2637,362,2026-04-15 04:00:00,15,2,0,breakfast,extreme,4,1,279,93,516.93,1,0.1,0.0658926967373891,0.03410730326261091,1,542.14,54.21,75.76,352.39,59.77,1,0,0
2638,362,2026-05-25 10:00:00,25,0,1,breakfast,clear,10,2,511,175,535.27,1,0.1,0.09662812242105089,0.00337187757894912,1,561.37,56.14,69.94,364.89,70.4,1,0,0
2639,362,2026-02-13 09:00:00,13,4,0,late_night,clear,5,2,432,147,336.87,0,0.0,0.0,0.0,0,0.0,0.0,0.0,0.0,0.0,0,0,0
2640,362,2026-02-16 23:00:00,16,0,0,dinner,rain,9,4,263,87,460.9,1,0.2,0.12527441002225287,0.07472558997774714,1,496.52,99.3,53.5,322.74,20.98,0,0,0
2641,362,2026-02-21 00:00:00,21,5,0,dinner,clear,4,4,488,167,559.81,1,0.05,0.034533167255158974,0.015466832744841029,1,575.78,28.79,47.08,374.26,125.65,1,0,0
2642,362,2026-06-16 09:00:00,16,1,0,late_night,clear,9,2,191,64,343.36,0,0.0,0.0,0.0,1,343.36,0.0,56.5,223.18,63.68,0,0,0
2643,362,2026-03-10 08:00:00,10,1,0,dinner,clear,1,1,370,127,368.76,0,0.0,0.0,0.0,0,0.0,0.0,0.0,0.0,0.0,0,0,0
2644,362,2026-03-13 09:00:00,13,4,0,late_night,clear,4,1,420,144,369.6,1,0.1,0.09904149067977003,0.0009585093202299777,0,0.0,0.0,0.0,0.0,0.0,0,0,0
2645,362,2026-03-12 21:00:00,12,3,0,dinner,clear,1,1,193,64,439.49,1,0.1,0.06743512270754579,0.03256487729245422,0,0.0,0.0,0.0,0.0,0.0,0,0,0
2646,362,2026-03-21 02:00:00,21,5,0,dinner,extreme,10,1,417,143,507.05,0,0.0,0.0,0.0,0,0.0,0.0,0.0,0.0,0.0,0,0,0
2647,363,2026-05-15 10:00:00,15,4,0,late_night,clear,7,1,530,181,442.66,0,0.0,0.0,0.0,0,0.0,0.0,0.0,0.0,0.0,0,0,0
2648,363,2026-06-06 02:00:00,6,5,1,breakfast,clear,9,1,193,64,439.49,0,0.0,0.0,0.0,0,0.0,0.0,0.0,0.0,0.0,0,0,0
2649,363,2026-04-07 12:00:00,7,1,1,late_night,clear,4,1,406,139,391.84,0,0.0,0.0,0.0,0,0.0,0.0,0.0,0.0,0.0,0,0,0
2650,363,2026-06-17 06:00:00,17,2,0,late_night,clear,2,2,505,173,326.67,1,0.05,0.03105011245471582,0.018949887545284184,1,350.87,17.54,70.12,228.06,35.14,0,0,0
2651,364,2026-06-13 11:00:00,13,5,0,late_night,clear,13,1,20,6,418.44,1,0.05,0.03731228373965581,0.012687716260344192,1,457.82,22.89,79.06,297.58,58.29,0,0,0
2652,364,2026-01-08 19:00:00,8,3,0,late_night,clear,7,1,253,83,398.87,0,0.0,0.0,0.0,0,0.0,0.0,0.0,0.0,0.0,0,0,0
2653,364,2026-04-29 16:00:00,29,2,1,dinner,extreme,11,1,485,166,333.05,1,0.15,0.13983398606198685,0.010166013938013141,1,403.89,60.58,89.74,262.53,-8.96,0,0,0
2654,364,2026-02-03 05:00:00,3,1,1,lunch,clear,7,1,180,59,346.42,1,0.2,0.1423826330660333,0.05761736693396671,1,434.76,86.95,58.48,282.6,6.73,0,0,0
2655,364,2026-05-04 20:00:00,4,0,1,dinner,extreme,14,1,239,78,297.85,0,0.0,0.0,0.0,1,297.85,0.0,81.7,193.6,22.55,0,0,0
2656,364,2026-02-13 05:00:00,13,4,0,lunch,extreme,5,2,362,123,472.34,0,0.0,0.0,0.0,1,472.34,0.0,92.8,307.02,72.52,0,0,0
2657,364,2026-04-13 02:00:00,13,0,0,late_night,extreme,7,1,95,32,503.4,0,0.0,0.0,0.0,0,0.0,0.0,0.0,0.0,0.0,0,0,0
2658,364,2026-02-03 13:00:00,3,1,1,late_night,clear,10,1,57,19,353.42,0,0.0,0.0,0.0,0,0.0,0.0,0.0,0.0,0.0,0,0,0
2659,365,2026-06-15 08:00:00,15,0,0,breakfast,clear,6,1,365,124,467.16,0,0.0,0.0,0.0,0,0.0,0.0,0.0,0.0,0.0,0,0,0
2660,365,2026-06-07 21:00:00,7,6,1,lunch,rain,3,1,210,69,497.03,0,0.0,0.0,0.0,0,0.0,0.0,0.0,0.0,0.0,0,0,0
2661,365,2026-03-08 19:00:00,8,6,0,lunch,extreme,2,1,499,171,410.77,0,0.0,0.0,0.0,0,0.0,0.0,0.0,0.0,0.0,0,0,0
2662,365,2026-05-15 15:00:00,15,4,0,lunch,rain,1,1,438,150,397.96,1,0.15,0.08025209667402179,0.0697479033259782,1,439.48,65.92,66.34,285.66,21.56,0,0,0
2663,365,2026-05-30 23:00:00,30,5,1,dinner,clear,7,4,412,141,376.41,0,0.0,0.0,0.0,0,0.0,0.0,0.0,0.0,0.0,0,0,0
2664,365,2026-01-27 02:00:00,27,1,1,dinner,clear,3,1,584,198,433.43,0,0.0,0.0,0.0,1,433.43,0.0,66.7,281.73,85.0,0,0,0
2665,365,2026-03-30 05:00:00,30,0,1,late_night,clear,4,2,532,181,329.51,1,0.2,0.1255832284189957,0.07441677158100432,1,370.72,74.14,65.44,240.97,-9.83,0,0,0
2666,366,2026-03-12 18:00:00,12,3,0,breakfast,rain,11,1,178,59,341.13,0,0.0,0.0,0.0,0,0.0,0.0,0.0,0.0,0.0,0,0,0
2667,366,2026-05-08 01:00:00,8,4,0,late_night,clear,14,1,589,199,395.45,0,0.0,0.0,0.0,0,0.0,0.0,0.0,0.0,0.0,0,0,0
2668,366,2026-04-30 03:00:00,30,3,1,dinner,clear,5,1,429,146,459.99,1,0.1,0.05901292818900477,0.040987071810995236,0,0.0,0.0,0.0,0.0,0.0,0,0,0
2669,366,2026-06-07 09:00:00,7,6,1,dinner,extreme,10,1,489,168,352.48,1,0.2,0.15071047493739786,0.049289525062602146,1,414.23,82.85,54.94,269.25,7.19,0,0,0
2670,366,2026-06-25 23:00:00,25,3,1,lunch,clear,1,1,558,191,360.12,0,0.0,0.0,0.0,0,0.0,0.0,0.0,0.0,0.0,0,0,0
2671,366,2026-06-16 14:00:00,16,1,0,lunch,clear,14,2,443,153,368.55,0,0.0,0.0,0.0,0,0.0,0.0,0.0,0.0,0.0,0,0,0
2672,366,2026-06-07 18:00:00,7,6,1,late_night,clear,2,1,319,107,397.81,0,0.0,0.0,0.0,0,0.0,0.0,0.0,0.0,0.0,0,0,0
2673,366,2026-01-11 08:00:00,11,6,0,dinner,clear,12,4,459,157,423.51,0,0.0,0.0,0.0,0,0.0,0.0,0.0,0.0,0.0,0,0,0
2674,366,2026-01-29 18:00:00,29,3,1,breakfast,clear,4,2,496,171,425.35,0,0.0,0.0,0.0,1,425.35,0.0,59.08,276.48,89.79,0,0,0
2675,366,2026-03-21 14:00:00,21,5,0,dinner,clear,8,4,587,199,402.75,1,0.2,0.15036417626690468,0.04963582373309533,1,473.3,94.66,61.78,307.65,9.22,0,0,0
2676,366,2026-01-27 02:00:00,27,1,1,late_night,clear,9,2,449,154,335.88,1,0.15,0.09981139510491925,0.05018860489508074,1,384.95,57.74,69.82,250.22,7.17,1,0,0
2677,367,2026-02-03 14:00:00,3,1,1,breakfast,clear,8,1,71,23,526.88,0,0.0,0.0,0.0,0,0.0,0.0,0.0,0.0,0.0,0,0,0
2678,367,2026-06-22 15:00:00,22,0,0,lunch,clear,5,4,106,35,389.07,0,0.0,0.0,0.0,1,389.07,0.0,81.52,252.9,54.65,0,0,0
2679,367,2026-01-05 23:00:00,5,0,1,breakfast,extreme,12,1,381,131,606.56,1,0.15,0.093928002337767,0.05607199766223299,1,655.66,98.35,70.6,426.18,60.53,0,0,0
2680,367,2026-01-06 23:00:00,6,1,1,late_night,clear,10,1,153,51,331.89,0,0.0,0.0,0.0,1,331.89,0.0,72.04,215.73,44.12,0,0,0
2681,367,2026-05-26 06:00:00,26,1,1,lunch,clear,14,2,55,18,281.2,1,0.1,0.0740147217596666,0.025985278240333406,1,298.42,29.84,71.62,193.97,2.99,0,0,0
2682,367,2026-02-12 03:00:00,12,3,0,breakfast,clear,10,1,10,3,499.79,0,0.0,0.0,0.0,1,499.79,0.0,55.84,324.86,119.09,0,0,0
2683,367,2026-02-27 09:00:00,27,4,1,lunch,clear,10,2,134,44,288.98,0,0.0,0.0,0.0,0,0.0,0.0,0.0,0.0,0.0,0,0,0
2684,367,2026-01-31 03:00:00,31,5,1,dinner,extreme,11,1,31,9,344.82,0,0.0,0.0,0.0,1,344.82,0.0,52.24,224.13,68.45,0,0,0
2685,367,2026-04-06 07:00:00,6,0,1,breakfast,rain,13,2,107,36,245.73,1,0.15,0.11337906184623572,0.03662093815376427,1,265.62,39.84,71.08,172.65,-17.96,1,0,0
2686,367,2026-03-22 05:00:00,22,6,0,breakfast,clear,1,1,250,82,326.54,0,0.0,0.0,0.0,0,0.0,0.0,0.0,0.0,0.0,0,0,0
2687,367,2026-05-11 11:00:00,11,0,0,lunch,clear,12,1,92,31,500.94,0,0.0,0.0,0.0,0,0.0,0.0,0.0,0.0,0.0,0,0,0
2688,368,2026-03-06 08:00:00,6,4,1,breakfast,rain,2,2,337,114,325.94,1,0.1,0.05451637424429197,0.04548362575570804,0,0.0,0.0,0.0,0.0,0.0,0,0,0
2689,368,2026-01-04 20:00:00,4,6,1,breakfast,clear,14,2,366,125,440.68,0,0.0,0.0,0.0,1,440.68,0.0,69.82,286.44,84.42,0,0,0
2690,368,2026-02-09 11:00:00,9,0,0,breakfast,clear,12,2,178,59,341.13,0,0.0,0.0,0.0,0,0.0,0.0,0.0,0.0,0.0,0,0,0
2691,368,2026-03-15 06:00:00,15,6,0,late_night,clear,10,1,180,59,346.42,0,0.0,0.0,0.0,1,346.42,0.0,58.48,225.17,62.77,0,0,0
2692,369,2026-05-04 11:00:00,4,0,1,lunch,clear,12,2,8,2,501.52,0,0.0,0.0,0.0,0,0.0,0.0,0.0,0.0,0.0,0,0,0
2693,369,2026-04-29 10:00:00,29,2,1,dinner,clear,7,4,403,138,375.94,0,0.0,0.0,0.0,0,0.0,0.0,0.0,0.0,0.0,0,0,0
2694,369,2026-04-23 04:00:00,23,3,0,breakfast,rain,4,1,565,193,359.54,1,0.05,0.04822666237195682,0.0017733376280431798,1,381.86,19.09,87.34,248.21,27.22,1,0,0
2695,369,2026-01-24 06:00:00,24,5,0,breakfast,rain,8,2,471,161,556.82,0,0.0,0.0,0.0,0,0.0,0.0,0.0,0.0,0.0,0,0,0
2696,369,2026-01-07 09:00:00,7,2,1,lunch,clear,14,1,246,80,447.69,1,0.2,0.11765458246205332,0.08234541753794669,1,522.98,104.6,73.0,339.94,5.45,1,0,0
2697,369,2026-06-22 23:00:00,22,0,0,breakfast,clear,13,2,219,72,521.25,1,0.2,0.16922582859266364,0.030774171407336376,1,608.91,121.78,54.64,395.79,36.7,0,0,0
2698,369,2026-02-24 08:00:00,24,1,0,breakfast,clear,12,2,397,136,376.44,1,0.05,0.0277469439231128,0.0222530560768872,1,399.8,19.99,85.3,259.87,34.64,0,0,0
2699,369,2026-03-17 02:00:00,17,1,0,lunch,clear,4,1,437,150,421.49,1,0.1,0.06447259022321816,0.03552740977678184,1,466.21,46.62,64.84,303.04,51.71,0,0,0
2700,369,2026-05-18 14:00:00,18,0,0,lunch,rain,14,1,441,152,383.96,1,0.1,0.08246080680108858,0.017539193198911424,1,424.7,42.47,71.38,276.05,34.79,1,0,0
2701,369,2026-06-16 05:00:00,16,1,0,late_night,rain,4,3,406,139,391.84,1,0.05,0.037125229291688176,0.012874770708311827,0,0.0,0.0,0.0,0.0,0.0,0,0,0
2702,369,2026-06-16 08:00:00,16,1,0,breakfast,extreme,14,1,561,191,228.08,0,0.0,0.0,0.0,0,0.0,0.0,0.0,0.0,0.0,0,0,0
2703,369,2026-01-05 08:00:00,5,0,1,lunch,clear,2,1,464,159,253.04,0,0.0,0.0,0.0,0,0.0,0.0,0.0,0.0,0.0,0,0,0
2704,370,2026-05-02 20:00:00,2,5,1,late_night,clear,9,2,52,17,309.09,0,0.0,0.0,0.0,0,0.0,0.0,0.0,0.0,0.0,0,0,0
2705,370,2026-06-15 21:00:00,15,0,0,dinner,clear,4,4,498,171,395.71,1,0.15,0.12269243733507387,0.02730756266492612,1,466.33,69.95,59.08,303.12,34.19,1,0,0
2706,370,2026-01-07 13:00:00,7,2,1,late_night,clear,4,5,523,179,390.75,1,0.05,0.025819100814928865,0.024180899185071138,1,421.61,21.08,86.92,274.05,39.56,1,0,0
2707,370,2026-05-01 12:00:00,1,4,1,late_night,clear,13,1,413,141,430.89,1,0.15,0.1031308054560566,0.04686919454394339,1,507.79,76.17,67.96,330.06,33.6,1,0,0
2708,371,2026-06-04 03:00:00,4,3,1,lunch,rain,2,3,79,25,491.57,0,0.0,0.0,0.0,1,491.57,0.0,83.8,319.52,88.25,0,0,0
2709,371,2026-03-23 04:00:00,23,0,0,dinner,clear,12,3,94,31,485.17,0,0.0,0.0,0.0,1,485.17,0.0,55.78,315.36,114.03,0,0,0
2710,371,2026-05-11 08:00:00,11,0,0,late_night,clear,10,1,205,67,352.05,0,0.0,0.0,0.0,0,0.0,0.0,0.0,0.0,0.0,0,0,0
2711,372,2026-04-19 00:00:00,19,6,0,dinner,rain,14,2,260,86,580.54,0,0.0,0.0,0.0,1,580.54,0.0,74.5,377.35,128.69,0,0,0
2712,372,2026-04-21 14:00:00,21,1,0,lunch,clear,1,4,535,182,464.14,1,0.2,0.18196923419517966,0.018030765804820353,1,556.15,111.23,46.72,361.5,36.7,0,0,0
2713,372,2026-06-27 11:00:00,27,5,1,dinner,clear,9,1,169,56,358.37,0,0.0,0.0,0.0,0,0.0,0.0,0.0,0.0,0.0,0,0,0
2714,372,2026-01-04 07:00:00,4,6,1,late_night,clear,2,5,570,194,428.5,1,0.1,0.08214361169007808,0.017856388309921922,1,482.1,48.21,80.32,313.36,40.2,0,0,0
2715,372,2026-03-12 08:00:00,12,3,0,dinner,clear,13,1,261,86,381.66,1,0.05,0.038228573409561095,0.011771426590438908,0,0.0,0.0,0.0,0.0,0.0,0,0,0
2716,372,2026-06-08 15:00:00,8,0,0,dinner,clear,5,1,472,161,222.14,0,0.0,0.0,0.0,0,0.0,0.0,0.0,0.0,0.0,0,0,0
2717,372,2026-03-26 01:00:00,26,3,1,dinner,clear,13,1,400,137,312.2,1,0.15,0.089628434127737,0.060371565872263,1,363.82,54.57,63.94,236.48,8.82,1,0,0
2718,373,2026-05-24 06:00:00,24,6,0,lunch,clear,10,3,493,169,546.34,0,0.0,0.0,0.0,0,0.0,0.0,0.0,0.0,0.0,0,0,0
2719,373,2026-02-25 18:00:00,25,2,1,late_night,extreme,5,1,417,143,507.05,0,0.0,0.0,0.0,0,0.0,0.0,0.0,0.0,0.0,0,0,0
2720,373,2026-02-25 19:00:00,25,2,1,late_night,rain,12,2,69,22,531.2,1,0.1,0.05096762966778237,0.049032370332217634,1,571.1,57.11,88.48,371.22,54.3,1,0,0
2721,373,2026-03-05 07:00:00,5,3,1,lunch,clear,2,3,126,41,542.46,0,0.0,0.0,0.0,1,542.46,0.0,47.8,352.6,142.06,0,0,0
2722,373,2026-03-15 16:00:00,15,6,0,late_night,clear,8,1,181,60,297.43,0,0.0,0.0,0.0,1,297.43,0.0,79.18,193.33,24.92,0,0,0
2723,373,2026-02-25 08:00:00,25,2,1,lunch,clear,14,3,277,93,332.62,0,0.0,0.0,0.0,1,332.62,0.0,72.76,216.2,43.66,0,0,0
2724,373,2026-01-10 12:00:00,10,5,0,late_night,extreme,7,2,399,137,510.29,1,0.2,0.17890049665524052,0.02109950334475949,1,571.05,114.21,66.94,371.18,18.72,1,0,0
2725,373,2026-05-14 06:00:00,14,3,0,late_night,clear,10,1,266,88,603.82,1,0.15,0.11532949075910337,0.034670509240896624,1,663.78,99.57,64.66,431.46,68.1,0,0,0
2726,373,2026-02-01 01:00:00,1,6,1,dinner,clear,4,1,32,9,287.49,0,0.0,0.0,0.0,0,0.0,0.0,0.0,0.0,0.0,0,0,0
2727,374,2026-01-23 21:00:00,23,4,0,dinner,clear,2,5,284,95,437.97,0,0.0,0.0,0.0,1,437.97,0.0,67.12,284.68,86.17,0,0,0
2728,375,2026-03-01 03:00:00,1,6,1,breakfast,clear,8,1,487,167,472.48,0,0.0,0.0,0.0,0,0.0,0.0,0.0,0.0,0.0,0,0,0
2729,375,2026-06-26 21:00:00,26,4,1,breakfast,clear,3,3,529,180,299.68,0,0.0,0.0,0.0,0,0.0,0.0,0.0,0.0,0.0,0,0,0
2730,375,2026-04-07 11:00:00,7,1,1,late_night,rain,13,2,133,44,257.6,1,0.1,0.08823751680158748,0.011762483198412527,0,0.0,0.0,0.0,0.0,0.0,0,0,0
2731,375,2026-02-22 02:00:00,22,6,0,dinner,clear,11,1,525,179,323.57,1,0.1,0.06437660677755012,0.03562339322244988,1,349.24,34.92,86.92,227.01,0.39,0,0,0
2732,376,2026-05-06 15:00:00,6,2,1,dinner,clear,11,2,342,116,418.51,0,0.0,0.0,0.0,0,0.0,0.0,0.0,0.0,0.0,0,0,0
2733,376,2026-05-16 03:00:00,16,5,0,breakfast,clear,5,5,216,71,457.28,1,0.15,0.09334049090228323,0.05665950909771676,1,523.81,78.57,48.64,340.47,56.12,0,0,0
2734,376,2026-04-03 07:00:00,3,4,1,breakfast,clear,12,1,209,68,405.41,0,0.0,0.0,0.0,0,0.0,0.0,0.0,0.0,0.0,0,0,0
2735,376,2026-05-01 10:00:00,1,4,1,breakfast,rain,2,1,580,197,288.97,1,0.15,0.08023131589409184,0.06976868410590815,1,331.01,49.65,65.56,215.16,0.64,1,0,0
2736,376,2026-01-23 16:00:00,23,4,0,lunch,clear,12,1,401,138,355.52,0,0.0,0.0,0.0,0,0.0,0.0,0.0,0.0,0.0,0,0,0
2737,376,2026-02-21 06:00:00,21,5,0,late_night,rain,11,2,503,173,309.83,0,0.0,0.0,0.0,0,0.0,0.0,0.0,0.0,0.0,0,0,0
2738,376,2026-05-03 00:00:00,3,6,1,dinner,clear,10,1,502,173,311.01,0,0.0,0.0,0.0,0,0.0,0.0,0.0,0.0,0.0,0,0,0
2739,376,2026-02-09 09:00:00,9,0,0,late_night,rain,7,2,92,31,500.94,0,0.0,0.0,0.0,0,0.0,0.0,0.0,0.0,0.0,0,0,0
2740,376,2026-06-08 12:00:00,8,0,0,lunch,rain,12,1,278,93,308.37,0,0.0,0.0,0.0,1,308.37,0.0,74.26,200.44,33.67,0,0,0
2741,377,2026-01-13 17:00:00,13,1,0,lunch,rain,12,3,382,132,329.93,1,0.2,0.11464386703376542,0.0853561329662346,1,386.45,77.29,58.0,251.19,-0.03,1,0,0
2742,377,2026-01-20 12:00:00,20,1,0,breakfast,clear,2,1,566,193,300.71,0,0.0,0.0,0.0,0,0.0,0.0,0.0,0.0,0.0,0,0,0
2743,377,2026-05-25 14:00:00,25,0,1,late_night,rain,13,1,466,159,288.17,1,0.05,0.02909212877059112,0.020907871229408882,1,306.39,15.32,53.2,199.15,38.72,1,0,0
2744,377,2026-01-27 21:00:00,27,1,1,late_night,extreme,4,1,589,199,395.45,0,0.0,0.0,0.0,0,0.0,0.0,0.0,0.0,0.0,0,0,0
2745,377,2026-03-29 09:00:00,29,6,1,lunch,clear,7,2,20,6,418.44,0,0.0,0.0,0.0,0,0.0,0.0,0.0,0.0,0.0,0,0,0
2746,377,2026-04-24 02:00:00,24,4,0,dinner,rain,5,1,38,12,516.36,0,0.0,0.0,0.0,0,0.0,0.0,0.0,0.0,0.0,0,0,0
2747,377,2026-01-02 23:00:00,2,4,1,lunch,rain,4,3,368,126,431.88,0,0.0,0.0,0.0,1,431.88,0.0,70.3,280.72,80.86,0,0,0
2748,377,2026-05-03 16:00:00,3,6,1,lunch,rain,6,1,274,92,294.0,0,0.0,0.0,0.0,0,0.0,0.0,0.0,0.0,0.0,0,0,0
2749,378,2026-06-01 19:00:00,1,0,1,dinner,rain,4,1,507,174,355.79,0,0.0,0.0,0.0,0,0.0,0.0,0.0,0.0,0.0,0,0,0
2750,378,2026-01-17 12:00:00,17,5,0,breakfast,extreme,8,2,116,38,269.91,0,0.0,0.0,0.0,1,269.91,0.0,49.0,175.44,45.47,0,0,0
2751,378,2026-05-14 01:00:00,14,3,0,dinner,clear,14,1,336,113,334.35,1,0.05,0.03189444897777124,0.018105551022228765,1,343.78,17.19,70.6,223.45,32.53,1,0,0
2752,378,2026-05-11 19:00:00,11,0,0,late_night,clear,2,3,289,97,327.43,0,0.0,0.0,0.0,0,0.0,0.0,0.0,0.0,0.0,0,0,0
2753,378,2026-06-06 02:00:00,6,5,1,dinner,clear,8,1,118,39,439.52,0,0.0,0.0,0.0,1,439.52,0.0,85.12,285.69,68.71,0,0,0
2754,378,2026-03-05 18:00:00,5,3,1,breakfast,clear,14,1,461,158,470.93,0,0.0,0.0,0.0,0,0.0,0.0,0.0,0.0,0.0,0,0,0
2755,378,2026-01-21 01:00:00,21,2,0,lunch,rain,6,2,587,199,402.75,0,0.0,0.0,0.0,0,0.0,0.0,0.0,0.0,0.0,0,0,0
2756,378,2026-05-29 08:00:00,29,4,1,late_night,clear,3,3,219,72,521.25,1,0.2,0.1534119482876363,0.046588051712363715,0,0.0,0.0,0.0,0.0,0.0,0,0,0
2757,379,2026-04-12 11:00:00,12,6,0,dinner,rain,9,2,258,85,347.07,0,0.0,0.0,0.0,0,0.0,0.0,0.0,0.0,0.0,0,0,0
2758,379,2026-01-24 02:00:00,24,5,0,breakfast,clear,8,2,245,80,423.87,0,0.0,0.0,0.0,0,0.0,0.0,0.0,0.0,0.0,0,0,1
2759,379,2026-01-10 15:00:00,10,5,0,late_night,clear,13,3,121,40,652.1,0,0.0,0.0,0.0,0,0.0,0.0,0.0,0.0,0.0,0,0,0
2760,379,2026-03-26 11:00:00,26,3,1,late_night,clear,1,1,191,64,343.36,1,0.05,0.03872988429361667,0.011270115706383331,0,0.0,0.0,0.0,0.0,0.0,0,0,0
2761,379,2026-05-15 22:00:00,15,4,0,late_night,rain,10,1,409,140,302.97,0,0.0,0.0,0.0,0,0.0,0.0,0.0,0.0,0.0,0,0,0
2762,380,2026-06-18 07:00:00,18,3,0,lunch,clear,3,3,553,189,404.99,1,0.2,0.15517079239118697,0.04482920760881304,1,471.3,94.26,82.54,306.34,-11.85,0,0,0
2763,380,2026-01-10 04:00:00,10,5,0,lunch,rain,3,1,106,35,389.07,1,0.05,0.045310449723691124,0.004689550276308879,1,412.58,20.63,83.02,268.18,40.75,0,0,0
2764,380,2026-04-04 09:00:00,4,5,1,lunch,extreme,1,5,136,45,379.51,1,0.05,0.03915576602111107,0.01084423397888893,0,0.0,0.0,0.0,0.0,0.0,0,0,0
2765,380,2026-05-28 08:00:00,28,3,1,late_night,rain,4,2,50,16,341.45,1,0.15,0.10454640287405774,0.045453597125942255,1,388.08,58.21,55.12,252.25,22.5,0,0,0
2766,380,2026-02-03 03:00:00,3,1,1,late_night,clear,7,1,177,58,410.11,1,0.1,0.06428241451297581,0.035717585487024195,0,0.0,0.0,0.0,0.0,0.0,0,0,0
2767,380,2026-03-27 11:00:00,27,4,1,late_night,clear,6,1,431,147,375.56,1,0.1,0.08699194303031572,0.013008056969684281,1,414.35,41.44,87.64,269.33,15.95,1,0,0
2768,380,2026-04-09 01:00:00,9,3,0,dinner,clear,2,1,17,5,391.07,1,0.15,0.11892274653874325,0.03107725346125674,1,444.47,66.67,45.88,288.91,43.01,1,0,0
2769,380,2026-02-07 05:00:00,7,5,1,late_night,rain,9,3,56,18,437.35,1,0.15,0.09154917360612967,0.05845082639387032,1,497.07,74.56,73.12,323.1,26.29,0,0,0
2770,380,2026-04-08 22:00:00,8,2,0,late_night,extreme,6,3,501,172,342.17,1,0.2,0.1715889017119965,0.028411098288003506,1,398.19,79.64,68.98,258.82,-9.25,0,0,0
2771,381,2026-02-26 00:00:00,26,3,1,lunch,clear,6,1,191,64,343.36,0,0.0,0.0,0.0,0,0.0,0.0,0.0,0.0,0.0,0,0,0
2772,381,2026-06-06 10:00:00,6,5,1,breakfast,rain,6,2,64,21,319.07,1,0.15,0.1075545958145061,0.04244540418549389,1,371.83,55.77,86.38,241.69,-12.01,0,0,0
2773,382,2026-02-22 09:00:00,22,6,0,late_night,rain,4,2,278,93,308.37,1,0.2,0.1371131775838043,0.0628868224161957,1,349.58,69.92,74.26,227.23,-21.82,1,0,0
2774,382,2026-03-12 12:00:00,12,3,0,late_night,clear,11,1,532,181,329.51,1,0.15,0.09152255526138232,0.05847744473861767,1,366.24,54.94,65.44,238.06,7.81,0,0,0
2775,382,2026-05-18 07:00:00,18,0,0,dinner,clear,14,1,274,92,294.0,1,0.1,0.09261304382950283,0.007386956170497172,1,318.79,31.88,90.04,207.21,-10.34,0,0,0
2776,382,2026-04-12 04:00:00,12,6,0,dinner,extreme,14,2,56,18,437.35,1,0.2,0.1414217584052664,0.0585782415947336,1,495.8,99.16,74.62,322.27,-0.25,0,0,0
2777,382,2026-04-12 11:00:00,12,6,0,dinner,rain,10,1,37,11,363.11,1,0.05,0.0362114952296212,0.013788504770378802,1,381.02,19.05,53.32,247.66,60.99,0,0,0
2778,382,2026-02-02 03:00:00,2,0,1,late_night,clear,6,1,105,35,354.06,0,0.0,0.0,0.0,1,354.06,0.0,81.52,230.14,42.4,0,0,0
2779,382,2026-06-28 07:00:00,28,6,1,late_night,rain,9,3,199,66,326.09,0,0.0,0.0,0.0,1,326.09,0.0,48.64,211.96,65.49,0,0,0
2780,382,2026-06-10 09:00:00,10,2,0,late_night,clear,5,2,351,118,460.55,0,0.0,0.0,0.0,0,0.0,0.0,0.0,0.0,0.0,0,0,0
2781,382,2026-05-31 00:00:00,31,6,1,dinner,clear,13,2,350,118,329.12,1,0.05,0.04410697176206097,0.005893028237939031,0,0.0,0.0,0.0,0.0,0.0,0,0,0
2782,382,2026-05-07 09:00:00,7,3,1,dinner,rain,1,1,221,72,545.2,0,0.0,0.0,0.0,0,0.0,0.0,0.0,0.0,0.0,0,0,0
2783,382,2026-06-18 09:00:00,18,3,0,lunch,clear,11,2,21,6,455.28,1,0.2,0.1863054225677789,0.013694577432221106,1,516.13,103.23,79.06,335.48,-1.64,0,0,0
2784,382,2026-01-19 17:00:00,19,0,0,lunch,rain,14,1,103,34,391.16,0,0.0,0.0,0.0,0,0.0,0.0,0.0,0.0,0.0,0,0,0
2785,383,2026-04-23 04:00:00,23,3,0,dinner,clear,13,1,475,162,365.58,0,0.0,0.0,0.0,1,365.58,0.0,76.3,237.63,51.65,0,0,0
2786,383,2026-05-16 06:00:00,16,5,0,dinner,clear,8,1,325,109,468.54,0,0.0,0.0,0.0,0,0.0,0.0,0.0,0.0,0.0,0,0,0
2787,383,2026-02-01 09:00:00,1,6,1,breakfast,extreme,6,1,106,35,389.07,0,0.0,0.0,0.0,1,389.07,0.0,84.52,252.9,51.65,0,0,0
2788,383,2026-05-11 09:00:00,11,0,0,lunch,extreme,10,1,180,59,346.42,0,0.0,0.0,0.0,1,346.42,0.0,61.48,225.17,59.77,0,0,0
2789,383,2026-04-18 17:00:00,18,5,0,dinner,clear,7,1,50,16,341.45,0,0.0,0.0,0.0,0,0.0,0.0,0.0,0.0,0.0,0,0,0
2790,383,2026-03-11 15:00:00,11,2,0,dinner,clear,6,4,39,12,668.74,0,0.0,0.0,0.0,0,0.0,0.0,0.0,0.0,0.0,0,0,0
2791,383,2026-03-18 11:00:00,18,2,0,lunch,clear,1,1,487,167,472.48,1,0.05,0.04661864280026512,0.003381357199734883,0,0.0,0.0,0.0,0.0,0.0,0,0,0
2792,384,2026-06-25 17:00:00,25,3,1,dinner,clear,10,1,166,55,410.42,1,0.05,0.04963474050842561,0.000365259491574392,1,454.85,22.74,87.64,295.65,48.82,0,0,0
2793,384,2026-05-09 12:00:00,9,5,0,breakfast,clear,13,2,542,186,379.72,1,0.1,0.09395784555532659,0.006042154444673417,1,449.99,45.0,75.46,292.5,37.04,0,0,0
2794,384,2026-05-29 22:00:00,29,4,1,dinner,rain,4,2,553,189,404.99,0,0.0,0.0,0.0,1,404.99,0.0,84.04,263.24,57.71,0,0,0
2795,384,2026-04-02 03:00:00,2,3,1,lunch,rain,14,1,70,22,412.24,0,0.0,0.0,0.0,0,0.0,0.0,0.0,0.0,0.0,0,0,0
2796,384,2026-05-17 13:00:00,17,6,0,dinner,clear,6,3,283,95,342.16,1,0.05,0.03861171536756741,0.011388284632432591,1,379.2,18.96,67.12,246.48,46.64,0,0,0
2797,384,2026-05-08 14:00:00,8,4,0,breakfast,rain,6,1,469,160,452.07,1,0.15,0.10971588463373085,0.04028411536626915,1,562.67,84.4,82.78,365.73,29.75,0,0,0
2798,385,2026-02-03 11:00:00,3,1,1,breakfast,extreme,8,1,128,42,428.94,1,0.15,0.10317464153664234,0.046825358463357655,1,488.34,73.25,53.92,317.42,43.75,1,0,0
2799,385,2026-03-10 20:00:00,10,1,0,dinner,clear,8,4,339,115,349.28,1,0.05,0.03962511540900866,0.01037488459099134,1,370.68,18.53,83.5,240.94,27.7,0,0,0
2800,385,2026-03-19 08:00:00,19,3,0,lunch,clear,7,1,60,20,327.51,0,0.0,0.0,0.0,0,0.0,0.0,0.0,0.0,0.0,0,0,0
2801,385,2026-06-29 09:00:00,29,0,1,late_night,rain,12,1,517,177,466.41,0,0.0,0.0,0.0,0,0.0,0.0,0.0,0.0,0.0,0,0,0
2802,385,2026-05-20 07:00:00,20,2,0,breakfast,clear,9,2,310,104,391.76,0,0.0,0.0,0.0,0,0.0,0.0,0.0,0.0,0.0,0,0,0
2803,386,2026-02-10 09:00:00,10,1,0,lunch,clear,1,1,327,110,400.01,1,0.2,0.1980099714655999,0.0019900285344001123,1,452.65,90.53,69.34,294.22,-1.44,0,0,0
2804,386,2026-03-23 00:00:00,23,0,0,dinner,clear,11,1,105,35,354.06,1,0.15,0.13988150851062522,0.01011849148937477,1,392.92,58.94,81.52,255.4,-2.94,0,0,0
2805,386,2026-04-29 19:00:00,29,2,1,dinner,rain,8,3,117,38,339.09,0,0.0,0.0,0.0,0,0.0,0.0,0.0,0.0,0.0,0,0,0
2806,386,2026-02-20 04:00:00,20,4,0,breakfast,rain,1,2,157,52,324.13,1,0.1,0.057589123673472825,0.04241087632652718,1,351.04,35.1,62.14,228.18,25.62,1,0,0
2807,386,2026-05-25 22:00:00,25,0,1,late_night,extreme,2,5,266,88,603.82,0,0.0,0.0,0.0,0,0.0,0.0,0.0,0.0,0.0,0,0,0
2808,386,2026-06-19 06:00:00,19,4,0,late_night,clear,1,1,184,61,352.75,0,0.0,0.0,0.0,0,0.0,0.0,0.0,0.0,0.0,0,0,0
2809,387,2026-02-18 08:00:00,18,2,0,breakfast,rain,6,3,213,70,439.7,0,0.0,0.0,0.0,1,439.7,0.0,91.78,285.8,62.11,0,0,0
2810,387,2026-02-08 11:00:00,8,6,0,lunch,rain,1,1,532,181,329.51,0,0.0,0.0,0.0,0,0.0,0.0,0.0,0.0,0.0,0,0,0
2811,387,2026-02-20 05:00:00,20,4,0,late_night,clear,13,1,22,6,381.97,1,0.2,0.1979137886636093,0.0020862113363906976,1,469.15,93.83,79.06,304.95,-8.69,0,0,0
2812,387,2026-02-25 14:00:00,25,2,1,dinner,clear,1,4,122,40,339.12,0,0.0,0.0,0.0,0,0.0,0.0,0.0,0.0,0.0,0,0,0
2813,388,2026-05-07 01:00:00,7,3,1,breakfast,rain,12,1,393,135,332.05,0,0.0,0.0,0.0,0,0.0,0.0,0.0,0.0,0.0,0,0,0
2814,388,2026-01-29 14:00:00,29,3,1,dinner,clear,8,2,349,118,378.25,0,0.0,0.0,0.0,1,378.25,0.0,89.02,245.86,43.37,0,0,0
2815,389,2026-04-03 23:00:00,3,4,1,dinner,clear,2,1,201,66,380.12,0,0.0,0.0,0.0,0,0.0,0.0,0.0,0.0,0.0,0,0,0
2816,389,2026-05-05 23:00:00,5,1,1,late_night,rain,14,2,55,18,281.2,0,0.0,0.0,0.0,0,0.0,0.0,0.0,0.0,0.0,0,0,0
2817,390,2026-02-20 14:00:00,20,4,0,breakfast,clear,10,2,393,135,332.05,1,0.15,0.1079643313162421,0.042035668683757896,1,386.88,58.03,77.2,251.47,0.18,1,0,0
2818,391,2026-01-26 17:00:00,26,0,1,late_night,clear,8,2,305,102,300.68,1,0.05,0.027008963253959645,0.022991036746040357,0,0.0,0.0,0.0,0.0,0.0,0,0,0
2819,391,2026-01-20 18:00:00,20,1,0,lunch,clear,10,1,504,173,315.59,0,0.0,0.0,0.0,0,0.0,0.0,0.0,0.0,0.0,0,0,0
2820,391,2026-05-01 17:00:00,1,4,1,breakfast,clear,6,1,409,140,302.97,1,0.2,0.1825227789652618,0.0174772210347382,1,362.88,72.58,81.52,235.87,-27.09,0,0,0
2821,391,2026-03-05 07:00:00,5,3,1,breakfast,clear,3,1,557,190,488.12,0,0.0,0.0,0.0,0,0.0,0.0,0.0,0.0,0.0,0,0,0
2822,391,2026-04-14 15:00:00,14,1,0,late_night,clear,9,1,284,95,437.97,1,0.1,0.055641664019210405,0.0443583359807896,1,492.61,49.26,67.12,320.2,56.03,0,0,0
2823,392,2026-01-21 16:00:00,21,2,0,late_night,clear,8,1,479,164,360.53,1,0.2,0.10200622576160634,0.09799377423839367,1,455.83,91.17,89.32,296.29,-20.95,0,0,0
2824,392,2026-06-08 16:00:00,8,0,0,dinner,clear,4,2,194,65,439.76,1,0.05,0.04838455505655634,0.001615444943443664,1,482.66,24.13,56.92,313.73,87.88,0,0,0
2825,392,2026-01-28 17:00:00,28,2,1,breakfast,rain,8,3,20,6,418.44,0,0.0,0.0,0.0,1,418.44,0.0,80.56,271.99,65.89,0,0,0
2826,392,2026-06-07 12:00:00,7,6,1,breakfast,clear,10,1,53,17,395.01,0,0.0,0.0,0.0,0,0.0,0.0,0.0,0.0,0.0,0,0,0
2827,392,2026-02-14 14:00:00,14,5,0,lunch,clear,9,2,96,32,453.5,1,0.1,0.05334666650054673,0.046653333499453276,0,0.0,0.0,0.0,0.0,0.0,0,0,0
2828,392,2026-04-08 02:00:00,8,2,0,breakfast,clear,11,2,412,141,376.41,1,0.2,0.10935194371859219,0.09064805628140782,1,475.9,95.18,67.96,309.34,3.43,1,0,0
2829,392,2026-04-09 23:00:00,9,3,0,dinner,clear,8,1,414,141,232.56,0,0.0,0.0,0.0,1,232.56,0.0,67.96,151.16,13.44,0,0,0
2830,392,2026-04-06 01:00:00,6,0,1,late_night,rain,13,3,456,156,339.24,1,0.2,0.14678535538408957,0.05321464461591044,1,428.91,85.78,88.42,278.79,-24.08,1,1,0
2831,392,2026-01-23 23:00:00,23,4,0,breakfast,rain,2,1,325,109,468.54,1,0.05,0.04030229553963648,0.00969770446036352,1,514.25,25.71,69.16,334.26,85.11,1,0,0
2832,392,2026-02-27 15:00:00,27,4,1,dinner,clear,11,1,41,13,378.71,1,0.05,0.04516050744010107,0.0048394925598989336,1,415.66,20.78,45.22,270.18,79.48,1,0,0
2833,392,2026-01-04 21:00:00,4,6,1,lunch,extreme,8,1,493,169,546.34,1,0.15,0.10843176848725108,0.04156823151274891,1,666.79,100.02,54.34,433.41,79.02,0,0,0
2834,392,2026-03-06 08:00:00,6,4,1,lunch,rain,13,1,577,196,458.78,0,0.0,0.0,0.0,0,0.0,0.0,0.0,0.0,0.0,0,0,0
2835,392,2026-06-07 10:00:00,7,6,1,late_night,rain,2,1,228,74,270.68,0,0.0,0.0,0.0,0,0.0,0.0,0.0,0.0,0.0,0,0,0
2836,393,2026-02-17 13:00:00,17,1,0,breakfast,clear,13,5,379,130,459.76,1,0.15,0.08461304793107945,0.06538695206892055,1,517.01,77.55,72.88,336.06,30.52,0,0,0
2837,393,2026-03-07 15:00:00,7,5,1,late_night,clear,14,2,408,140,346.78,1,0.15,0.08224101973557597,0.06775898026442402,1,389.96,58.49,81.52,253.48,-3.53,1,0,0
2838,393,2026-06-14 02:00:00,14,6,0,late_night,clear,11,5,429,146,459.99,0,0.0,0.0,0.0,0,0.0,0.0,0.0,0.0,0.0,0,0,0
2839,394,2026-05-04 20:00:00,4,0,1,late_night,clear,8,1,289,97,327.43,0,0.0,0.0,0.0,0,0.0,0.0,0.0,0.0,0.0,0,0,0
2840,394,2026-03-17 15:00:00,17,1,0,lunch,clear,2,2,477,163,341.1,1,0.1,0.09171646429741587,0.008283535702584138,1,363.3,36.33,54.58,236.15,36.25,0,0,0
2841,394,2026-02-14 21:00:00,14,5,0,late_night,clear,10,1,53,17,395.01,1,0.15,0.14958797607912622,0.0004120239208737775,1,429.0,64.35,57.1,278.85,28.7,1,0,0
2842,394,2026-06-19 16:00:00,19,4,0,lunch,clear,12,3,364,124,442.23,0,0.0,0.0,0.0,0,0.0,0.0,0.0,0.0,0.0,0,0,0
2843,394,2026-01-13 08:00:00,13,1,0,dinner,rain,9,3,196,65,501.99,1,0.05,0.025716818521595297,0.024283181478404706,1,521.1,26.06,58.42,338.72,97.91,1,0,0
2844,394,2026-04-15 11:00:00,15,2,0,lunch,extreme,7,1,192,64,400.77,0,0.0,0.0,0.0,1,400.77,0.0,59.5,260.5,80.77,0,0,0
2845,394,2026-01-23 00:00:00,23,4,0,lunch,clear,7,2,512,175,411.67,0,0.0,0.0,0.0,1,411.67,0.0,69.94,267.59,74.14,0,0,0
2846,394,2026-03-16 01:00:00,16,0,0,late_night,clear,9,2,119,39,470.25,1,0.15,0.11719156403144063,0.03280843596855937,1,510.71,76.61,85.12,331.96,17.02,0,0,0
2847,394,2026-05-11 06:00:00,11,0,0,dinner,rain,11,1,341,115,349.17,1,0.15,0.1315657556920618,0.01843424430793819,1,379.21,56.88,85.0,246.49,-9.16,0,0,0
2848,394,2026-05-08 18:00:00,8,4,0,dinner,clear,9,2,41,13,378.71,0,0.0,0.0,0.0,0,0.0,0.0,0.0,0.0,0.0,0,0,0
2849,394,2026-03-30 03:00:00,30,0,1,breakfast,rain,6,1,46,14,430.08,0,0.0,0.0,0.0,0,0.0,0.0,0.0,0.0,0.0,0,0,0
2850,395,2026-06-17 06:00:00,17,2,0,dinner,clear,6,1,309,104,417.27,0,0.0,0.0,0.0,0,0.0,0.0,0.0,0.0,0.0,0,0,0
2851,395,2026-01-28 03:00:00,28,2,1,late_night,clear,8,3,320,107,397.85,1,0.15,0.08156964994208449,0.0684303500579155,1,477.55,71.63,62.98,310.41,32.53,0,0,0
2852,395,2026-04-13 20:00:00,13,0,0,late_night,rain,10,1,318,107,312.54,1,0.1,0.09022983093969116,0.00977016906030885,1,359.9,35.99,64.48,233.94,25.5,0,0,0
2853,395,2026-04-01 09:00:00,1,2,1,lunch,clear,6,3,210,69,497.03,1,0.2,0.14406305268934358,0.05593694731065643,1,616.41,123.28,49.0,400.67,43.46,1,0,0
2854,395,2026-06-28 08:00:00,28,6,1,lunch,clear,10,1,118,39,439.52,1,0.2,0.1308124177839005,0.06918758221609952,1,545.09,109.02,85.12,354.31,-3.36,1,0,0
2855,395,2026-02-18 19:00:00,18,2,0,breakfast,rain,6,2,10,3,499.79,1,0.1,0.07083021028259866,0.029169789717401348,1,575.53,57.55,57.34,374.09,86.54,0,0,0
2856,395,2026-04-06 23:00:00,6,0,1,breakfast,clear,2,1,108,36,342.36,0,0.0,0.0,0.0,0,0.0,0.0,0.0,0.0,0.0,0,0,0
2857,395,2026-03-25 11:00:00,25,2,1,breakfast,clear,2,2,168,55,286.78,1,0.2,0.13827884210279226,0.06172115789720775,1,355.66,71.13,87.64,231.18,-34.29,0,0,0
2858,396,2026-02-12 21:00:00,12,3,0,dinner,rain,14,1,324,109,583.03,0,0.0,0.0,0.0,0,0.0,0.0,0.0,0.0,0.0,0,0,0
2859,396,2026-01-31 07:00:00,31,5,1,late_night,extreme,11,4,498,171,395.71,0,0.0,0.0,0.0,0,0.0,0.0,0.0,0.0,0.0,0,0,0
2860,396,2026-02-06 16:00:00,6,4,1,dinner,clear,12,1,201,66,380.12,1,0.05,0.043121541979004765,0.006878458020995237,1,419.9,20.99,47.14,272.93,78.83,0,0,0
2861,396,2026-06-19 02:00:00,19,4,0,late_night,rain,5,1,524,179,239.99,0,0.0,0.0,0.0,0,0.0,0.0,0.0,0.0,0.0,0,0,0
2862,396,2026-05-13 17:00:00,13,2,0,late_night,rain,11,4,156,52,461.21,1,0.1,0.050624708621767656,0.04937529137823235,1,543.71,54.37,62.14,353.41,73.79,0,0,0
2863,396,2026-05-19 17:00:00,19,1,0,dinner,rain,10,1,551,188,482.27,1,0.2,0.10709745898982448,0.09290254101017553,1,619.01,123.8,86.26,402.35,6.59,0,0,0
2864,396,2026-05-30 17:00:00,30,5,1,dinner,clear,13,1,135,44,274.41,1,0.2,0.10780763148672029,0.09219236851327972,1,352.21,70.44,73.3,228.94,-20.47,0,1,0
2865,396,2026-04-21 08:00:00,21,1,0,breakfast,clear,2,3,329,111,439.94,1,0.2,0.10498539094871472,0.0950146090512853,1,564.67,112.93,59.8,367.04,24.9,0,0,0
2866,396,2026-04-29 02:00:00,29,2,1,dinner,clear,6,4,583,198,447.0,0,0.0,0.0,0.0,1,447.0,0.0,66.7,290.55,89.75,0,0,0
2867,397,2026-02-09 11:00:00,9,0,0,dinner,clear,8,1,47,14,362.77,1,0.2,0.12068425424575822,0.07931574575424179,1,424.94,84.99,70.78,276.21,-7.04,0,0,0
2868,397,2026-03-12 17:00:00,12,3,0,breakfast,clear,14,1,445,153,277.25,1,0.2,0.14143713922177,0.05856286077823,1,324.77,64.95,78.88,211.1,-30.17,1,1,0
2869,397,2026-03-08 17:00:00,8,6,0,late_night,extreme,14,1,311,105,290.55,0,0.0,0.0,0.0,1,290.55,0.0,83.2,188.86,18.49,0,0,0
2870,397,2026-06-05 02:00:00,5,4,1,lunch,clear,1,3,504,173,315.59,1,0.15,0.1275619604937919,0.022438039506208096,0,0.0,0.0,0.0,0.0,0.0,0,0,0
2871,397,2026-03-01 19:00:00,1,6,1,dinner,clear,14,2,583,198,447.0,1,0.15,0.12876024248601187,0.021239757513988128,1,510.89,76.63,66.7,332.08,35.48,0,0,0
2872,397,2026-01-16 01:00:00,16,4,0,late_night,clear,14,2,135,44,274.41,0,0.0,0.0,0.0,0,0.0,0.0,0.0,0.0,0.0,0,0,0
2873,397,2026-02-14 15:00:00,14,5,0,dinner,rain,12,2,407,139,299.82,1,0.1,0.08261866477460816,0.017381335225391842,1,332.24,33.22,53.08,215.96,29.98,0,0,0
2874,397,2026-03-18 08:00:00,18,2,0,lunch,clear,13,5,406,139,391.84,1,0.2,0.1087796715873798,0.0912203284126202,1,458.99,91.8,51.58,298.35,17.27,1,0,0
2875,397,2026-05-19 06:00:00,19,1,0,late_night,rain,3,1,3,0,415.4,1,0.1,0.09734961704756952,0.0026503829524304884,1,460.32,46.03,47.68,299.21,67.4,0,0,0
2876,397,2026-05-01 06:00:00,1,4,1,late_night,clear,4,2,285,95,412.22,1,0.15,0.1047242199491393,0.04527578005086069,1,471.14,70.67,67.12,306.24,27.11,1,0,0
2877,397,2026-05-11 08:00:00,11,0,0,late_night,clear,3,4,307,103,414.29,0,0.0,0.0,0.0,0,0.0,0.0,0.0,0.0,0.0,0,0,0
2878,398,2026-03-15 04:00:00,15,6,0,late_night,clear,3,1,497,171,461.55,0,0.0,0.0,0.0,0,0.0,0.0,0.0,0.0,0.0,0,0,0
2879,398,2026-06-22 19:00:00,22,0,0,late_night,rain,7,1,240,78,339.14,1,0.2,0.15326200946538013,0.04673799053461988,1,397.35,79.47,80.2,258.28,-20.6,1,0,0
2880,398,2026-01-20 09:00:00,20,1,0,lunch,clear,11,1,515,177,466.41,0,0.0,0.0,0.0,0,0.0,0.0,0.0,0.0,0.0,0,0,0
2881,398,2026-02-09 03:00:00,9,0,0,late_night,clear,4,1,350,118,329.12,1,0.2,0.17499782640400868,0.02500217359599133,1,385.61,77.12,89.02,250.64,-31.18,0,0,0
2882,398,2026-05-05 15:00:00,5,1,1,late_night,rain,11,2,258,85,347.07,0,0.0,0.0,0.0,0,0.0,0.0,0.0,0.0,0.0,0,0,0
2883,399,2026-03-21 02:00:00,21,5,0,late_night,clear,11,1,195,65,438.04,1,0.05,0.029450563316939772,0.02054943668306023,1,458.89,22.94,56.92,298.28,80.75,1,0,0
2884,399,2026-05-17 18:00:00,17,6,0,late_night,clear,7,3,587,199,402.75,1,0.15,0.12666350925315104,0.02333649074684896,1,446.07,66.91,61.78,289.94,27.43,1,0,0
2885,399,2026-01-26 00:00:00,26,0,1,breakfast,rain,10,1,45,14,456.27,0,0.0,0.0,0.0,0,0.0,0.0,0.0,0.0,0.0,0,0,0
2886,399,2026-04-13 03:00:00,13,0,0,dinner,clear,9,3,364,124,442.23,0,0.0,0.0,0.0,0,0.0,0.0,0.0,0.0,0.0,0,0,0
2887,399,2026-02-26 02:00:00,26,3,1,breakfast,clear,8,3,109,36,285.64,0,0.0,0.0,0.0,0,0.0,0.0,0.0,0.0,0.0,0,0,0
2888,399,2026-02-13 03:00:00,13,4,0,breakfast,rain,14,2,551,188,482.27,0,0.0,0.0,0.0,1,482.27,0.0,86.26,313.48,82.53,0,0,0
2889,399,2026-05-20 04:00:00,20,2,0,lunch,clear,1,2,490,168,404.53,1,0.1,0.08176831661134894,0.018231683388651068,1,437.44,43.74,51.94,284.34,57.42,0,0,0
2890,399,2026-02-08 10:00:00,8,6,0,lunch,clear,12,1,44,13,374.19,0,0.0,0.0,0.0,0,0.0,0.0,0.0,0.0,0.0,0,0,0
2891,399,2026-02-28 08:00:00,28,5,1,breakfast,clear,14,4,369,126,374.47,1,0.2,0.16496184766822797,0.03503815233177204,1,422.76,84.55,68.8,274.79,-5.39,0,0,0
2892,400,2026-04-21 03:00:00,21,1,0,dinner,clear,8,2,227,74,392.38,1,0.1,0.05696201351748338,0.043037986482516624,1,442.91,44.29,71.92,287.89,38.81,0,0,0
2893,400,2026-05-13 00:00:00,13,2,0,late_night,clear,8,2,188,63,387.99,1,0.15,0.08333969912092366,0.06666030087907633,1,454.04,68.11,87.88,295.12,2.93,0,0,0
2894,400,2026-05-05 03:00:00,5,1,1,lunch,clear,9,1,493,169,546.34,1,0.2,0.17336574049854564,0.02663425950145437,1,657.85,131.57,51.34,427.6,47.34,0,0,0
2895,400,2026-01-22 20:00:00,22,3,0,breakfast,clear,2,1,282,94,310.14,1,0.05,0.04401822642830114,0.005981773571698865,1,333.5,16.68,52.36,216.78,47.69,1,0,0
2896,400,2026-01-19 09:00:00,19,0,0,dinner,rain,7,2,570,194,428.5,1,0.2,0.19484815517521295,0.005151844824787061,1,515.95,103.19,81.82,335.37,-4.43,0,0,0
2897,400,2026-05-04 11:00:00,4,0,1,breakfast,clear,4,2,566,193,300.71,0,0.0,0.0,0.0,0,0.0,0.0,0.0,0.0,0.0,0,0,0
2898,400,2026-06-20 10:00:00,20,5,0,lunch,clear,5,1,298,100,356.47,1,0.2,0.12112097848952755,0.07887902151047246,1,429.22,85.84,64.18,279.0,0.2,0,0,0
2899,400,2026-03-18 10:00:00,18,2,0,dinner,extreme,2,3,400,137,312.2,1,0.05,0.0283427471401701,0.021657252859829904,0,0.0,0.0,0.0,0.0,0.0,0,0,0
2900,400,2026-04-12 20:00:00,12,6,0,breakfast,clear,3,4,459,157,423.51,1,0.05,0.02712474194118608,0.02287525805881392,0,0.0,0.0,0.0,0.0,0.0,0,0,0
2901,400,2026-04-11 22:00:00,11,5,0,lunch,clear,1,1,556,190,360.31,0,0.0,0.0,0.0,1,360.31,0.0,83.62,234.2,42.49,0,0,0
2902,400,2026-04-15 05:00:00,15,2,0,lunch,clear,3,1,416,142,323.29,1,0.15,0.11875761432825199,0.031242385671748002,1,378.32,56.75,48.7,245.91,26.96,0,0,0
2903,400,2026-05-10 16:00:00,10,6,0,lunch,clear,5,3,235,76,242.38,1,0.15,0.08009424491074475,0.06990575508925524,1,283.64,42.55,53.26,184.37,3.47,1,0,0
2904,400,2026-01-24 12:00:00,24,5,0,dinner,clear,13,2,244,79,438.48,0,0.0,0.0,0.0,1,438.48,0.0,71.92,285.01,81.55,0,0,0
2905,400,2026-03-09 11:00:00,9,0,0,late_night,clear,14,1,259,85,416.73,0,0.0,0.0,0.0,0,0.0,0.0,0.0,0.0,0.0,0,0,0
2906,401,2026-02-01 15:00:00,1,6,1,late_night,clear,6,2,299,101,404.49,1,0.1,0.09008705238277326,0.009912947617226747,1,428.69,42.87,72.4,278.65,34.77,1,0,0
2907,401,2026-03-23 05:00:00,23,0,0,lunch,clear,12,1,24,7,471.83,0,0.0,0.0,0.0,1,471.83,0.0,82.3,306.69,82.84,0,0,0
2908,401,2026-03-22 00:00:00,22,6,0,lunch,clear,7,2,368,126,431.88,1,0.05,0.025084084375257124,0.02491591562474288,1,447.0,22.35,68.8,290.55,65.3,1,0,0
2909,401,2026-05-21 05:00:00,21,3,0,dinner,clear,10,2,7,2,414.56,0,0.0,0.0,0.0,0,0.0,0.0,0.0,0.0,0.0,0,0,0
2910,401,2026-03-31 23:00:00,31,1,1,late_night,clear,12,2,367,125,391.67,0,0.0,0.0,0.0,1,391.67,0.0,69.82,254.59,67.26,0,0,0
2911,401,2026-05-15 10:00:00,15,4,0,dinner,clear,1,1,310,104,391.76,1,0.1,0.07731946892422323,0.022680531075776778,1,415.2,41.52,52.78,269.88,51.02,1,0,0
2912,401,2026-05-18 02:00:00,18,0,0,lunch,clear,1,2,49,15,501.91,0,0.0,0.0,0.0,0,0.0,0.0,0.0,0.0,0.0,0,0,0
2913,401,2026-06-06 18:00:00,6,5,1,breakfast,clear,13,3,391,134,438.46,1,0.15,0.09687116125074031,0.05312883874925968,1,473.14,70.97,49.18,307.54,45.45,0,1,0
2914,401,2026-05-06 14:00:00,6,2,1,dinner,clear,6,1,448,154,318.66,0,0.0,0.0,0.0,0,0.0,0.0,0.0,0.0,0.0,0,0,0
2915,402,2026-05-31 10:00:00,31,6,1,lunch,clear,8,1,557,190,488.12,0,0.0,0.0,0.0,0,0.0,0.0,0.0,0.0,0.0,0,0,0
2916,402,2026-04-28 01:00:00,28,1,1,late_night,rain,5,1,469,160,452.07,1,0.2,0.15210067349676373,0.04789932650323628,1,516.81,103.36,82.78,335.93,-5.26,0,0,0
2917,402,2026-06-04 16:00:00,4,3,1,dinner,clear,4,1,554,189,318.22,1,0.1,0.09367256827396436,0.006327431726035643,1,346.97,34.7,82.54,225.53,4.2,0,0,0
2918,402,2026-05-21 10:00:00,21,3,0,lunch,clear,4,2,418,143,386.26,1,0.15,0.10789281774244794,0.042107182257552056,1,432.39,64.86,70.36,281.06,16.12,1,0,0
2919,403,2026-05-30 16:00:00,30,5,1,late_night,clear,6,2,219,72,521.25,0,0.0,0.0,0.0,0,0.0,0.0,0.0,0.0,0.0,0,0,0
2920,403,2026-02-24 15:00:00,24,1,0,lunch,rain,13,1,489,168,352.48,1,0.15,0.09353655234790664,0.05646344765209335,1,404.87,60.73,53.44,263.17,27.53,0,0,0
2921,403,2026-06-04 11:00:00,4,3,1,lunch,clear,4,1,172,56,602.27,1,0.2,0.18682851444179224,0.013171485558207768,1,709.61,141.92,65.92,461.25,40.52,0,0,0
2922,403,2026-03-19 03:00:00,19,3,0,late_night,clear,4,1,462,158,425.12,0,0.0,0.0,0.0,0,0.0,0.0,0.0,0.0,0.0,0,0,0
2923,403,2026-03-18 17:00:00,18,2,0,breakfast,clear,13,1,317,106,383.97,0,0.0,0.0,0.0,0,0.0,0.0,0.0,0.0,0.0,0,0,0
2924,403,2026-02-08 06:00:00,8,6,0,late_night,rain,1,1,345,116,427.67,0,0.0,0.0,0.0,1,427.67,0.0,83.32,277.99,66.36,0,0,0
2925,403,2026-01-20 04:00:00,20,1,0,late_night,clear,8,1,150,50,461.7,0,0.0,0.0,0.0,1,461.7,0.0,57.04,300.1,104.55,0,0,0
2926,403,2026-01-27 21:00:00,27,1,1,dinner,clear,10,2,289,97,327.43,0,0.0,0.0,0.0,0,0.0,0.0,0.0,0.0,0.0,0,0,0
2927,403,2026-06-10 14:00:00,10,2,0,late_night,extreme,8,1,211,69,610.72,1,0.1,0.0808059222025912,0.01919407779740881,1,679.39,67.94,52.0,441.61,117.85,0,0,0
2928,403,2026-01-10 12:00:00,10,5,0,late_night,extreme,8,1,424,145,401.06,1,0.15,0.10999261645392662,0.040007383546073375,1,460.68,69.1,51.22,299.44,40.92,0,0,0
2929,403,2026-05-03 17:00:00,3,6,1,breakfast,extreme,4,4,59,20,453.76,1,0.2,0.18763183972282624,0.012368160277173773,1,534.63,106.93,60.52,347.51,19.67,0,1,0
2930,404,2026-04-07 08:00:00,7,1,1,lunch,clear,14,5,24,7,471.83,0,0.0,0.0,0.0,0,0.0,0.0,0.0,0.0,0.0,0,0,0
2931,404,2026-01-11 12:00:00,11,6,0,dinner,clear,11,1,245,80,423.87,1,0.05,0.03615751764648966,0.013842482353510342,1,443.93,22.2,73.0,288.55,60.18,0,0,0
2932,405,2026-02-11 23:00:00,11,2,0,dinner,clear,7,1,529,180,299.68,1,0.15,0.14692901809561004,0.0030709819043899522,1,348.82,52.32,77.86,226.73,-8.1,1,0,0
2933,405,2026-05-05 12:00:00,5,1,1,dinner,clear,9,1,212,69,631.29,0,0.0,0.0,0.0,0,0.0,0.0,0.0,0.0,0.0,0,0,0
2934,405,2026-06-12 16:00:00,12,4,0,late_night,clear,11,3,369,126,374.47,1,0.1,0.05509281838527096,0.04490718161472904,1,420.92,42.09,68.8,273.6,36.43,1,0,0
2935,405,2026-02-09 04:00:00,9,0,0,lunch,clear,10,2,190,63,989.89,1,0.1,0.05792401157328996,0.042075988426710044,1,1112.67,111.27,87.88,723.24,190.29,0,0,0
2936,405,2026-04-08 06:00:00,8,2,0,lunch,clear,9,1,39,12,668.74,0,0.0,0.0,0.0,0,0.0,0.0,0.0,0.0,0.0,0,0,0
2937,405,2026-06-14 02:00:00,14,6,0,dinner,rain,7,1,80,26,419.05,1,0.1,0.07216620199921839,0.027833798000781618,1,471.03,47.1,90.88,306.17,26.88,0,0,0
2938,405,2026-01-15 18:00:00,15,3,0,breakfast,extreme,1,4,73,23,424.13,1,0.05,0.034573143150655385,0.015426856849344618,1,454.9,22.75,92.32,295.69,44.15,0,0,0
2939,405,2026-06-19 05:00:00,19,4,0,lunch,clear,11,3,101,34,347.68,0,0.0,0.0,0.0,0,0.0,0.0,0.0,0.0,0.0,0,0,0
2940,406,2026-02-28 00:00:00,28,5,1,breakfast,clear,3,2,507,174,355.79,1,0.15,0.1302722932095907,0.019727706790409305,0,0.0,0.0,0.0,0.0,0.0,0,0,0
2941,406,2026-01-13 09:00:00,13,1,0,lunch,rain,3,1,345,116,427.67,0,0.0,0.0,0.0,0,0.0,0.0,0.0,0.0,0.0,0,0,0
2942,406,2026-06-07 02:00:00,7,6,1,late_night,rain,9,2,306,102,364.7,0,0.0,0.0,0.0,1,364.7,0.0,61.96,237.06,65.68,0,0,0
2943,406,2026-04-17 23:00:00,17,4,0,breakfast,clear,13,1,203,67,382.66,1,0.1,0.07468564336185934,0.02531435663814066,1,394.77,39.48,65.62,256.6,33.07,0,0,0
2944,406,2026-05-11 04:00:00,11,0,0,breakfast,clear,8,2,205,67,352.05,1,0.2,0.10842057671639177,0.09157942328360824,0,0.0,0.0,0.0,0.0,0.0,0,1,0
2945,406,2026-01-17 12:00:00,17,5,0,lunch,clear,2,1,443,153,368.55,1,0.2,0.1491188430463564,0.05088115695364362,1,387.04,77.41,78.88,251.58,-20.82,0,0,0
2946,406,2026-01-16 06:00:00,16,4,0,breakfast,rain,1,1,303,102,431.39,0,0.0,0.0,0.0,1,431.39,0.0,61.96,280.4,89.03,0,0,0
2947,406,2026-06-04 14:00:00,4,3,1,lunch,extreme,2,3,208,68,619.11,1,0.2,0.17038353052464617,0.029616469475353846,1,650.18,130.04,51.76,422.61,45.77,1,0,0
2948,406,2026-06-25 09:00:00,25,3,1,dinner,rain,3,2,79,25,491.57,0,0.0,0.0,0.0,0,0.0,0.0,0.0,0.0,0.0,0,0,0
2949,406,2026-03-23 19:00:00,23,0,0,dinner,rain,7,2,480,164,354.68,0,0.0,0.0,0.0,0,0.0,0.0,0.0,0.0,0.0,0,0,0
2950,406,2026-03-18 08:00:00,18,2,0,lunch,clear,11,1,314,105,440.46,1,0.1,0.06279231436231857,0.03720768563768144,1,454.4,45.44,80.2,295.36,33.4,1,0,0
2951,406,2026-05-25 09:00:00,25,0,1,late_night,rain,6,1,208,68,619.11,0,0.0,0.0,0.0,0,0.0,0.0,0.0,0.0,0.0,0,0,0
2952,406,2026-06-18 07:00:00,18,3,0,late_night,clear,8,1,207,68,306.93,1,0.15,0.09963266108445612,0.050367338915543874,1,319.78,47.97,48.76,207.85,15.2,1,0,0
2953,407,2026-05-07 14:00:00,7,3,1,dinner,extreme,7,2,369,126,374.47,0,0.0,0.0,0.0,0,0.0,0.0,0.0,0.0,0.0,0,0,0
2954,407,2026-05-14 10:00:00,14,3,0,lunch,clear,8,1,344,116,430.3,0,0.0,0.0,0.0,0,0.0,0.0,0.0,0.0,0.0,0,0,0
2955,408,2026-02-27 09:00:00,27,4,1,late_night,clear,7,1,325,109,468.54,0,0.0,0.0,0.0,0,0.0,0.0,0.0,0.0,0.0,0,0,0
2956,408,2026-02-26 00:00:00,26,3,1,late_night,clear,8,2,402,138,434.21,0,0.0,0.0,0.0,1,434.21,0.0,50.2,282.24,101.77,0,0,0
2957,408,2026-02-01 17:00:00,1,6,1,breakfast,rain,10,1,208,68,619.11,1,0.1,0.09867460267123407,0.001325397328765937,0,0.0,0.0,0.0,0.0,0.0,0,0,0
2958,408,2026-06-06 21:00:00,6,5,1,lunch,clear,6,1,152,50,315.22,0,0.0,0.0,0.0,0,0.0,0.0,0.0,0.0,0.0,0,0,0
2959,408,2026-04-28 05:00:00,28,1,1,breakfast,clear,14,1,102,34,373.66,0,0.0,0.0,0.0,1,373.66,0.0,55.54,242.88,75.24,0,0,0
2960,408,2026-01-26 02:00:00,26,0,1,late_night,extreme,2,2,272,91,541.4,0,0.0,0.0,0.0,0,0.0,0.0,0.0,0.0,0.0,0,0,0
2961,408,2026-03-21 15:00:00,21,5,0,lunch,clear,4,2,483,165,364.57,0,0.0,0.0,0.0,0,0.0,0.0,0.0,0.0,0.0,0,0,0
2962,408,2026-06-26 05:00:00,26,4,1,breakfast,clear,4,1,94,31,485.17,1,0.05,0.03266659745824188,0.017333402541758122,0,0.0,0.0,0.0,0.0,0.0,0,0,0
2963,409,2026-06-19 03:00:00,19,4,0,dinner,clear,3,2,365,124,467.16,1,0.15,0.12293014652105694,0.027069853478943057,1,533.42,80.01,79.12,346.72,27.56,0,0,0
2964,409,2026-03-28 16:00:00,28,5,1,lunch,rain,11,1,6,2,546.89,1,0.15,0.13308211559507402,0.016917884404925976,1,624.46,93.67,81.64,405.9,43.25,0,0,0
2965,409,2026-04-04 23:00:00,4,5,1,dinner,rain,4,3,569,194,352.91,1,0.1,0.05968253114875084,0.040317468851249164,1,390.78,39.08,81.82,254.01,15.87,1,0,0
2966,409,2026-02-25 11:00:00,25,2,1,breakfast,clear,7,1,310,104,391.76,0,0.0,0.0,0.0,0,0.0,0.0,0.0,0.0,0.0,0,0,0
2967,409,2026-06-16 11:00:00,16,1,0,breakfast,clear,13,1,305,102,300.68,1,0.2,0.1675983746062243,0.032401625393775724,1,351.82,70.36,60.46,228.68,-7.69,0,0,0
2968,409,2026-05-16 02:00:00,16,5,0,late_night,clear,9,4,496,171,425.35,1,0.2,0.1387713008003628,0.06122869919963722,1,497.69,99.54,59.08,323.5,15.57,0,0,0
2969,409,2026-05-16 07:00:00,16,5,0,late_night,clear,13,1,36,11,321.02,1,0.2,0.16467329682185616,0.03532670317814385,1,375.61,75.12,51.82,244.15,4.52,0,0,0
2970,409,2026-06-13 09:00:00,13,5,0,late_night,clear,6,2,556,190,360.31,0,0.0,0.0,0.0,0,0.0,0.0,0.0,0.0,0.0,0,0,0
2971,409,2026-02-01 05:00:00,1,6,1,dinner,extreme,13,2,564,192,450.77,1,0.1,0.08696671784762017,0.013033282152379838,1,499.14,49.91,68.56,324.44,56.22,0,0,0
2972,409,2026-03-15 23:00:00,15,6,0,dinner,clear,12,1,495,170,353.45,0,0.0,0.0,0.0,1,353.45,0.0,60.16,229.74,63.55,0,0,0
2973,409,2026-03-03 08:00:00,3,1,1,late_night,clear,3,4,56,18,437.35,0,0.0,0.0,0.0,0,0.0,0.0,0.0,0.0,0.0,0,0,0
2974,409,2026-05-04 06:00:00,4,0,1,dinner,rain,12,1,401,138,355.52,1,0.05,0.03663940303135201,0.01336059696864799,1,377.83,18.89,51.7,245.59,61.65,0,0,0
2975,410,2026-01-07 11:00:00,7,2,1,dinner,clear,14,1,65,21,412.58,1,0.15,0.1450569972993998,0.004943002700600191,1,462.79,69.42,84.88,300.82,7.68,0,0,0
2976,410,2026-05-22 01:00:00,22,4,0,breakfast,rain,4,4,209,68,405.41,1,0.1,0.06318677380378651,0.036813226196213494,1,442.73,44.27,50.26,287.78,60.42,0,0,0
2977,410,2026-06-25 18:00:00,25,3,1,lunch,rain,12,1,79,25,491.57,1,0.2,0.11019702924598036,0.08980297075401965,1,563.3,112.66,83.8,366.15,0.7,0,0,0
2978,410,2026-06-11 03:00:00,11,3,0,breakfast,extreme,9,1,576,196,382.35,0,0.0,0.0,0.0,0,0.0,0.0,0.0,0.0,0.0,0,0,0
2979,410,2026-04-21 19:00:00,21,1,0,breakfast,clear,13,1,166,55,410.42,1,0.1,0.050969497639420595,0.04903050236057941,1,448.21,44.82,87.64,291.33,24.41,0,0,0
2980,410,2026-05-24 10:00:00,24,6,0,late_night,clear,7,1,344,116,430.3,1,0.2,0.19659872654505964,0.0034012734549403734,1,493.09,98.62,81.82,320.51,-7.86,0,0,0
2981,410,2026-03-30 17:00:00,30,0,1,late_night,extreme,10,2,329,111,439.94,1,0.2,0.12228279970650242,0.07771720029349759,1,504.14,100.83,62.8,327.69,12.82,0,0,0
2982,410,2026-04-10 18:00:00,10,4,0,dinner,clear,5,1,34,10,395.98,1,0.1,0.056434013403324414,0.04356598659667559,0,0.0,0.0,0.0,0.0,0.0,0,0,0
2983,410,2026-05-16 18:00:00,16,5,0,late_night,rain,6,2,401,138,355.52,0,0.0,0.0,0.0,0,0.0,0.0,0.0,0.0,0.0,0,0,0
2984,410,2026-03-12 07:00:00,12,3,0,dinner,clear,5,2,411,140,433.0,0,0.0,0.0,0.0,0,0.0,0.0,0.0,0.0,0.0,0,0,0
2985,410,2026-03-13 01:00:00,13,4,0,lunch,clear,8,1,312,105,471.86,1,0.05,0.043065468321662574,0.006934531678337429,1,497.27,24.86,80.2,323.23,68.98,1,0,0
2986,411,2026-06-16 13:00:00,16,1,0,breakfast,clear,9,1,402,138,434.21,1,0.15,0.07611821375829426,0.07388178624170573,1,486.25,72.94,50.2,316.06,47.05,1,0,0
2987,411,2026-05-20 20:00:00,20,2,0,lunch,clear,12,3,198,66,362.58,0,0.0,0.0,0.0,0,0.0,0.0,0.0,0.0,0.0,0,0,0
2988,411,2026-06-03 14:00:00,3,2,1,lunch,extreme,9,1,84,27,443.26,0,0.0,0.0,0.0,0,0.0,0.0,0.0,0.0,0.0,0,0,0
2989,411,2026-01-30 06:00:00,30,4,1,dinner,rain,13,1,264,87,368.04,1,0.2,0.17139675519172612,0.028603244808273892,1,420.93,84.19,53.5,273.6,9.64,0,0,0
2990,411,2026-02-03 01:00:00,3,1,1,breakfast,clear,4,2,474,162,409.77,0,0.0,0.0,0.0,0,0.0,0.0,0.0,0.0,0.0,0,0,0
2991,411,2026-04-04 04:00:00,4,5,1,breakfast,clear,5,1,552,189,364.68,1,0.2,0.1179599268301762,0.08204007316982381,1,417.08,83.42,82.54,271.1,-19.98,0,0,0
2992,411,2026-05-16 18:00:00,16,5,0,breakfast,clear,10,3,386,133,329.4,1,0.1,0.09850477284804116,0.00149522715195885,1,359.26,35.93,73.54,233.52,16.28,0,0,0
2993,411,2026-04-15 14:00:00,15,2,0,breakfast,clear,1,2,89,30,399.84,1,0.15,0.10377132873732338,0.046228671262676616,1,447.76,67.16,81.88,291.04,7.67,0,0,0
2994,411,2026-06-04 16:00:00,4,3,1,dinner,clear,2,5,269,90,408.04,1,0.1,0.08991901456630753,0.010080985433692471,1,445.03,44.5,69.76,289.27,41.5,1,0,0
2995,411,2026-03-25 19:00:00,25,2,1,dinner,rain,6,1,173,57,323.74,1,0.15,0.10416334895322882,0.045836651046771176,1,362.54,54.38,57.64,235.65,14.87,0,0,0
2996,411,2026-04-03 12:00:00,3,4,1,lunch,rain,14,1,580,197,288.97,0,0.0,0.0,0.0,0,0.0,0.0,0.0,0.0,0.0,0,0,0
2997,411,2026-03-25 21:00:00,25,2,1,dinner,extreme,2,1,31,9,344.82,1,0.15,0.14230912732108594,0.007690872678914051,1,386.15,57.92,52.24,251.0,24.99,0,0,0
2998,411,2026-03-19 04:00:00,19,3,0,dinner,clear,10,5,540,185,437.06,0,0.0,0.0,0.0,0,0.0,0.0,0.0,0.0,0.0,0,0,0
2999,412,2026-03-29 10:00:00,29,6,1,dinner,extreme,5,2,65,21,412.58,1,0.05,0.04911026759217779,0.0008897324078222107,1,427.32,21.37,87.88,277.76,40.32,0,0,0
3000,412,2026-05-22 07:00:00,22,4,0,lunch,clear,5,1,66,21,340.92,1,0.05,0.031142373253461343,0.01885762674653866,0,0.0,0.0,0.0,0.0,0.0,0,0,0
3001,412,2026-03-31 18:00:00,31,1,1,breakfast,clear,3,1,412,141,376.41,0,0.0,0.0,0.0,0,0.0,0.0,0.0,0.0,0.0,0,0,0
3002,412,2026-06-23 20:00:00,23,1,0,lunch,clear,2,3,374,128,310.41,1,0.05,0.03990526509835218,0.01009473490164782,1,321.5,16.08,60.16,208.98,36.29,0,0,0
3003,412,2026-03-05 04:00:00,5,3,1,dinner,rain,13,1,438,150,397.96,0,0.0,0.0,0.0,0,0.0,0.0,0.0,0.0,0.0,0,0,0
3004,412,2026-04-10 23:00:00,10,4,0,late_night,clear,12,3,412,141,376.41,0,0.0,0.0,0.0,0,0.0,0.0,0.0,0.0,0.0,0,0,0
3005,412,2026-06-19 13:00:00,19,4,0,breakfast,clear,13,2,221,72,545.2,0,0.0,0.0,0.0,0,0.0,0.0,0.0,0.0,0.0,0,0,0
3006,412,2026-02-24 19:00:00,24,1,0,lunch,clear,12,2,342,116,418.51,0,0.0,0.0,0.0,1,418.51,0.0,81.82,272.03,64.66,0,0,0
3007,412,2026-03-23 21:00:00,23,0,0,late_night,rain,14,1,52,17,309.09,1,0.15,0.08289308731124535,0.06710691268875464,0,0.0,0.0,0.0,0.0,0.0,0,0,0
3008,413,2026-06-04 12:00:00,4,3,1,breakfast,rain,11,3,160,53,410.45,0,0.0,0.0,0.0,0,0.0,0.0,0.0,0.0,0.0,0,0,0
3009,413,2026-03-29 01:00:00,29,6,1,dinner,clear,14,1,149,50,355.86,0,0.0,0.0,0.0,0,0.0,0.0,0.0,0.0,0.0,0,0,0
3010,413,2026-06-02 09:00:00,2,1,1,lunch,rain,8,1,172,56,602.27,1,0.1,0.05117354073266314,0.048826459267336864,0,0.0,0.0,0.0,0.0,0.0,0,0,0
3011,413,2026-01-03 08:00:00,3,5,1,late_night,rain,13,1,552,189,364.68,0,0.0,0.0,0.0,1,364.68,0.0,84.04,237.04,43.6,0,0,0
3012,413,2026-01-29 23:00:00,29,3,1,lunch,extreme,14,1,74,24,370.91,0,0.0,0.0,0.0,0,0.0,0.0,0.0,0.0,0.0,0,0,0
3013,413,2026-04-12 19:00:00,12,6,0,late_night,rain,8,2,293,99,379.55,0,0.0,0.0,0.0,0,0.0,0.0,0.0,0.0,0.0,0,0,0
3014,414,2026-04-25 10:00:00,25,5,1,breakfast,clear,2,1,247,80,495.9,1,0.05,0.048597216164838634,0.0014027838351613683,1,545.2,27.26,73.0,354.38,90.56,0,0,0
3015,414,2026-03-15 10:00:00,15,6,0,lunch,rain,13,2,332,112,555.99,0,0.0,0.0,0.0,0,0.0,0.0,0.0,0.0,0.0,0,0,0
3016,414,2026-01-03 18:00:00,3,5,1,breakfast,clear,7,1,583,198,447.0,0,0.0,0.0,0.0,0,0.0,0.0,0.0,0.0,0.0,0,0,0
3017,414,2026-01-24 05:00:00,24,5,0,lunch,clear,9,1,223,73,306.77,1,0.2,0.10516537433366985,0.09483462566633016,1,389.4,77.88,84.16,253.11,-25.75,0,0,0
3018,414,2026-03-22 23:00:00,22,6,0,late_night,clear,6,2,544,186,446.87,0,0.0,0.0,0.0,1,446.87,0.0,75.46,290.47,80.94,0,0,0
3019,414,2026-04-10 10:00:00,10,4,0,dinner,clear,14,3,586,199,321.5,1,0.15,0.13666074835675823,0.013339251643241762,1,393.73,59.06,61.78,255.92,16.97,0,0,0
3020,414,2026-04-16 00:00:00,16,3,0,late_night,clear,3,1,250,82,326.54,0,0.0,0.0,0.0,0,0.0,0.0,0.0,0.0,0.0,0,0,0
3021,414,2026-03-30 21:00:00,30,0,1,breakfast,clear,4,1,105,35,354.06,1,0.15,0.1265699520166337,0.023430047983366287,1,433.6,65.04,81.52,281.84,5.2,0,0,0
3022,414,2026-04-23 05:00:00,23,3,0,lunch,rain,7,2,73,23,424.13,0,0.0,0.0,0.0,0,0.0,0.0,0.0,0.0,0.0,0,0,0
3023,414,2026-02-06 09:00:00,6,4,1,breakfast,clear,4,1,330,111,302.15,0,0.0,0.0,0.0,0,0.0,0.0,0.0,0.0,0.0,0,0,0
3024,415,2026-01-29 06:00:00,29,3,1,breakfast,clear,10,1,11,3,382.03,1,0.2,0.19563117303681676,0.004368826963183248,1,445.9,89.18,55.84,289.83,11.04,0,0,0
3025,415,2026-06-25 21:00:00,25,3,1,breakfast,clear,12,2,470,161,302.81,1,0.05,0.02997745744000311,0.020022542559996893,0,0.0,0.0,0.0,0.0,0.0,0,0,0
3026,415,2026-03-26 23:00:00,26,3,1,dinner,clear,7,1,518,177,457.29,0,0.0,0.0,0.0,1,457.29,0.0,69.82,297.24,90.23,0,0,0
3027,415,2026-05-15 23:00:00,15,4,0,late_night,clear,13,1,22,6,381.97,1,0.15,0.08178420463877877,0.06821579536122123,1,435.23,65.28,79.06,282.9,7.99,0,0,0
3028,415,2026-03-30 21:00:00,30,0,1,dinner,clear,13,5,384,132,441.54,0,0.0,0.0,0.0,0,0.0,0.0,0.0,0.0,0.0,0,0,0
3029,415,2026-04-05 01:00:00,5,6,1,lunch,clear,1,1,43,13,320.07,0,0.0,0.0,0.0,0,0.0,0.0,0.0,0.0,0.0,0,0,0
3030,415,2026-03-18 09:00:00,18,2,0,lunch,extreme,5,1,400,137,312.2,0,0.0,0.0,0.0,0,0.0,0.0,0.0,0.0,0.0,0,0,0
3031,416,2026-05-05 00:00:00,5,1,1,breakfast,rain,10,2,521,178,418.22,1,0.2,0.16474759121376814,0.03525240878623187,1,460.61,92.12,66.04,299.39,3.05,0,0,0
3032,416,2026-01-13 15:00:00,13,1,0,late_night,rain,12,1,271,90,376.38,0,0.0,0.0,0.0,0,0.0,0.0,0.0,0.0,0.0,0,0,0
3033,416,2026-02-15 13:00:00,15,6,0,breakfast,clear,10,2,571,194,573.77,1,0.15,0.1489070098523638,0.001092990147636197,1,622.27,93.34,80.32,404.48,44.13,0,0,0
3034,417,2026-04-29 09:00:00,29,2,1,breakfast,clear,3,1,533,181,346.99,1,0.15,0.11270024479816033,0.03729975520183966,1,397.16,59.57,65.44,258.15,13.99,0,0,0
3035,417,2026-05-13 04:00:00,13,2,0,dinner,clear,13,2,441,152,383.96,0,0.0,0.0,0.0,0,0.0,0.0,0.0,0.0,0.0,0,0,0
3036,417,2026-05-30 18:00:00,30,5,1,breakfast,rain,1,4,494,170,372.46,1,0.2,0.18762330876697608,0.012376691233023929,1,437.03,87.41,61.66,284.07,3.89,0,0,0
3037,417,2026-01-22 16:00:00,22,3,0,late_night,clear,1,3,123,40,374.8,1,0.05,0.04966798739413007,0.0003320126058699302,0,0.0,0.0,0.0,0.0,0.0,0,0,0
3038,417,2026-05-31 00:00:00,31,6,1,lunch,clear,6,1,316,106,301.05,0,0.0,0.0,0.0,1,301.05,0.0,53.32,195.68,52.05,0,0,0
3039,417,2026-01-15 05:00:00,15,3,0,dinner,clear,12,1,132,43,321.82,1,0.15,0.13060157463582375,0.01939842536417624,1,368.35,55.25,67.48,239.43,6.19,1,0,0
3040,417,2026-03-28 02:00:00,28,5,1,late_night,clear,13,1,204,67,507.77,0,0.0,0.0,0.0,0,0.0,0.0,0.0,0.0,0.0,0,0,0
3041,417,2026-05-03 06:00:00,3,6,1,dinner,clear,12,1,79,25,491.57,1,0.1,0.09863620764421943,0.0013637923557805742,1,545.34,54.53,82.3,354.47,54.03,0,0,0
3042,417,2026-04-09 06:00:00,9,3,0,dinner,clear,5,1,293,99,379.55,1,0.2,0.1890431161365897,0.010956883863410316,1,445.35,89.07,68.08,289.48,-1.28,1,0,0
3043,418,2026-03-06 02:00:00,6,4,1,lunch,clear,14,2,359,121,321.16,0,0.0,0.0,0.0,0,0.0,0.0,0.0,0.0,0.0,0,0,0
3044,418,2026-03-11 07:00:00,11,2,0,breakfast,clear,9,3,509,175,364.69,1,0.1,0.07232433291058575,0.027675667089414255,1,431.63,43.16,69.94,280.56,37.97,0,0,0
3045,418,2026-06-20 10:00:00,20,5,0,breakfast,clear,10,1,531,181,439.88,1,0.1,0.07151313545712328,0.02848686454287673,1,520.63,52.06,65.44,338.41,64.72,1,0,0
3046,418,2026-01-09 05:00:00,9,4,0,dinner,clear,8,2,242,78,538.55,1,0.15,0.13634076433290732,0.013659235667092678,1,669.23,100.38,78.7,435.0,55.15,1,0,0
3047,418,2026-05-01 20:00:00,1,4,1,breakfast,rain,1,3,286,96,396.78,0,0.0,0.0,0.0,1,396.78,0.0,62.38,257.91,76.49,0,0,0
3048,418,2026-06-20 17:00:00,20,5,0,late_night,extreme,10,3,530,181,442.66,1,0.15,0.10760457640256448,0.04239542359743552,1,550.07,82.51,68.44,357.55,41.57,0,0,0
3049,418,2026-01-22 08:00:00,22,3,0,breakfast,clear,10,1,391,134,438.46,0,0.0,0.0,0.0,1,438.46,0.0,49.18,285.0,104.28,0,0,0
3050,418,2026-06-26 05:00:00,26,4,1,late_night,clear,8,2,533,181,346.99,0,0.0,0.0,0.0,0,0.0,0.0,0.0,0.0,0.0,0,0,0
3051,418,2026-06-20 19:00:00,20,5,0,late_night,clear,12,1,14,4,405.99,1,0.1,0.0880841113982585,0.011915888601741503,1,480.51,48.05,70.0,312.33,50.13,0,0,0
3052,418,2026-04-26 14:00:00,26,6,1,late_night,extreme,6,2,450,155,358.65,1,0.2,0.19224749140229574,0.007752508597704266,1,463.0,92.6,75.04,300.95,-5.59,0,0,0
3053,418,2026-06-09 06:00:00,9,1,0,lunch,rain,2,1,400,137,312.2,0,0.0,0.0,0.0,0,0.0,0.0,0.0,0.0,0.0,0,0,0
3054,418,2026-01-25 04:00:00,25,6,1,late_night,clear,4,2,134,44,288.98,1,0.2,0.17423303479720298,0.025766965202797032,1,373.06,74.61,73.3,242.49,-17.34,0,0,0
3055,419,2026-01-19 10:00:00,19,0,0,dinner,clear,1,1,244,79,438.48,0,0.0,0.0,0.0,1,438.48,0.0,71.92,285.01,81.55,0,0,0
3056,419,2026-05-25 22:00:00,25,0,1,lunch,rain,5,4,285,95,412.22,1,0.05,0.04323488835352573,0.006765111646474274,0,0.0,0.0,0.0,0.0,0.0,0,0,0
3057,419,2026-03-21 12:00:00,21,5,0,dinner,clear,10,1,416,142,323.29,1,0.05,0.035158262456134584,0.014841737543865419,1,339.25,16.96,48.7,220.51,53.07,0,0,0
3058,419,2026-03-23 05:00:00,23,0,0,late_night,clear,9,2,313,105,348.32,1,0.1,0.057406285593674715,0.04259371440632529,1,377.71,37.77,80.2,245.51,14.23,1,0,0
3059,419,2026-06-08 03:00:00,8,0,0,dinner,clear,14,3,367,125,391.67,1,0.2,0.17797601412979575,0.022023985870204266,1,444.05,88.81,69.82,288.63,-3.21,0,0,0
3060,419,2026-06-21 01:00:00,21,6,0,late_night,rain,7,1,516,177,593.59,1,0.1,0.05985192416973857,0.040148075830261434,1,643.67,64.37,71.32,418.39,89.6,1,0,0
3061,420,2026-04-14 07:00:00,14,1,0,lunch,extreme,14,1,584,198,433.43,1,0.1,0.08269429911306454,0.017305700886935463,1,474.64,47.46,69.7,308.52,48.96,0,0,0
3062,420,2026-03-09 05:00:00,9,0,0,lunch,clear,10,2,405,139,290.6,1,0.2,0.16140946754870306,0.038590532451296955,1,334.39,66.88,51.58,217.36,-1.42,0,0,0
3063,420,2026-03-04 21:00:00,4,2,1,lunch,clear,8,2,145,48,505.89,0,0.0,0.0,0.0,0,0.0,0.0,0.0,0.0,0.0,0,0,0
3064,420,2026-02-06 12:00:00,6,4,1,late_night,rain,9,4,316,106,301.05,1,0.1,0.08239240884465096,0.017607591155349045,1,329.67,32.97,54.82,214.29,27.6,0,0,0
3065,420,2026-05-29 22:00:00,29,4,1,late_night,clear,10,3,21,6,455.28,0,0.0,0.0,0.0,0,0.0,0.0,0.0,0.0,0.0,0,0,0
3066,421,2026-05-05 05:00:00,5,1,1,lunch,clear,8,3,353,119,370.29,0,0.0,0.0,0.0,0,0.0,0.0,0.0,0.0,0.0,0,0,0
3067,421,2026-03-18 22:00:00,18,2,0,lunch,clear,14,1,496,171,425.35,1,0.15,0.10997435359309567,0.04002564640690433,1,509.1,76.36,59.08,330.91,42.74,0,0,0
3068,421,2026-05-23 13:00:00,23,5,0,dinner,clear,12,1,210,69,497.03,1,0.05,0.03940517552378584,0.010594824476214161,1,540.33,27.02,49.0,351.22,113.1,0,0,0
3069,421,2026-03-08 15:00:00,8,6,0,breakfast,clear,14,4,107,36,245.73,1,0.15,0.12847661578057912,0.021523384219420877,1,294.11,44.12,69.58,191.17,-10.76,0,0,0
3070,421,2026-04-11 05:00:00,11,5,0,lunch,clear,4,1,324,109,583.03,1,0.05,0.0361858553899704,0.013814144610029604,1,633.83,31.69,67.66,411.99,122.49,0,0,0
3071,421,2026-03-25 17:00:00,25,2,1,lunch,clear,4,1,122,40,339.12,1,0.05,0.028641438654988804,0.0213585613450112,1,368.67,18.43,73.18,239.63,37.42,0,0,0
3072,421,2026-03-24 14:00:00,24,1,0,late_night,clear,6,1,14,4,405.99,1,0.05,0.04489494894426179,0.005105051055738212,1,441.36,22.07,70.0,286.89,62.41,0,0,0
3073,421,2026-01-29 22:00:00,29,3,1,late_night,clear,9,1,191,64,343.36,0,0.0,0.0,0.0,1,343.36,0.0,56.5,223.18,63.68,0,0,0
3074,421,2026-03-07 22:00:00,7,5,1,dinner,clear,14,2,15,4,270.08,1,0.1,0.0703128332541063,0.02968716674589371,1,310.31,31.03,70.0,201.7,7.58,0,0,0
3075,422,2026-06-18 18:00:00,18,3,0,late_night,clear,9,5,303,102,431.39,1,0.1,0.06978056335169232,0.030219436648307688,0,0.0,0.0,0.0,0.0,0.0,0,0,0
3076,422,2026-02-23 06:00:00,23,0,0,lunch,clear,7,1,331,112,502.27,1,0.15,0.08282069689268917,0.06717930310731082,1,537.34,80.6,56.38,349.27,51.09,0,0,0
3077,422,2026-03-26 11:00:00,26,3,1,late_night,clear,11,1,420,144,369.6,1,0.05,0.03078928772747328,0.01921071227252672,0,0.0,0.0,0.0,0.0,0.0,0,0,0
3078,423,2026-06-20 06:00:00,20,5,0,lunch,clear,10,2,66,21,340.92,1,0.1,0.09427833327972238,0.0057216667202776295,0,0.0,0.0,0.0,0.0,0.0,0,0,0
3079,423,2026-06-12 02:00:00,12,4,0,late_night,clear,3,1,415,142,396.5,1,0.05,0.03941339949828781,0.010586600501712194,1,413.83,20.69,48.7,268.99,75.45,0,0,0
3080,423,2026-01-10 00:00:00,10,5,0,breakfast,rain,10,1,106,35,389.07,1,0.15,0.12368318225634127,0.026316817743658724,1,427.49,64.12,83.02,277.87,2.48,0,0,0
3081,423,2026-02-08 03:00:00,8,6,0,lunch,clear,14,1,557,190,488.12,0,0.0,0.0,0.0,0,0.0,0.0,0.0,0.0,0.0,0,0,0
3082,423,2026-02-15 14:00:00,15,6,0,lunch,clear,5,1,393,135,332.05,0,0.0,0.0,0.0,0,0.0,0.0,0.0,0.0,0.0,0,0,0
3083,423,2026-04-14 03:00:00,14,1,0,dinner,clear,3,4,126,41,542.46,0,0.0,0.0,0.0,1,542.46,0.0,47.8,352.6,142.06,0,0,0
3084,423,2026-01-11 02:00:00,11,6,0,breakfast,rain,9,2,342,116,418.51,1,0.05,0.046718172659624274,0.0032818273403757287,1,436.8,21.84,83.32,283.92,47.72,1,0,0
3085,423,2026-01-12 18:00:00,12,0,0,dinner,clear,12,3,401,138,355.52,0,0.0,0.0,0.0,0,0.0,0.0,0.0,0.0,0.0,0,1,0
3086,423,2026-03-09 22:00:00,9,0,0,dinner,clear,7,1,177,58,410.11,1,0.15,0.08592455254636058,0.06407544745363941,1,450.61,67.59,79.9,292.9,10.22,1,0,0
3087,423,2026-06-16 18:00:00,16,1,0,dinner,extreme,2,1,336,113,334.35,1,0.15,0.09062384706898664,0.05937615293101335,0,0.0,0.0,0.0,0.0,0.0,0,0,0
3088,423,2026-06-24 15:00:00,24,2,0,late_night,clear,12,2,398,136,562.98,0,0.0,0.0,0.0,1,562.98,0.0,85.3,365.94,111.74,0,0,0
3089,423,2026-05-05 09:00:00,5,1,1,lunch,clear,10,1,141,47,343.49,0,0.0,0.0,0.0,0,0.0,0.0,0.0,0.0,0.0,0,0,0
3090,423,2026-02-13 22:00:00,13,4,0,breakfast,clear,8,1,477,163,341.1,1,0.15,0.09577269105923662,0.05422730894076337,1,374.78,56.22,54.58,243.61,20.38,0,0,0
3091,423,2026-04-02 12:00:00,2,3,1,dinner,rain,11,3,34,10,395.98,1,0.15,0.12246157309018264,0.02753842690981735,1,435.08,65.26,85.3,282.8,1.72,0,0,0
3092,424,2026-03-25 08:00:00,25,2,1,dinner,clear,3,3,74,24,370.91,0,0.0,0.0,0.0,0,0.0,0.0,0.0,0.0,0.0,0,0,0
3093,424,2026-06-15 11:00:00,15,0,0,late_night,extreme,4,2,465,159,428.08,1,0.2,0.10363060869270538,0.09636939130729463,1,488.04,97.61,54.7,317.23,18.51,0,0,0
3094,425,2026-04-25 22:00:00,25,5,1,breakfast,clear,5,1,230,75,383.59,0,0.0,0.0,0.0,0,0.0,0.0,0.0,0.0,0.0,0,0,0
3095,425,2026-02-25 10:00:00,25,2,1,late_night,clear,14,1,573,195,366.51,0,0.0,0.0,0.0,0,0.0,0.0,0.0,0.0,0.0,0,0,0
3096,425,2026-01-17 15:00:00,17,5,0,dinner,clear,2,1,566,193,300.71,0,0.0,0.0,0.0,0,0.0,0.0,0.0,0.0,0.0,0,0,0
3097,425,2026-02-06 09:00:00,6,4,1,late_night,rain,5,2,211,69,610.72,0,0.0,0.0,0.0,1,610.72,0.0,50.5,396.97,163.25,0,0,0
3098,425,2026-04-27 16:00:00,27,0,1,late_night,clear,2,1,513,176,549.34,1,0.05,0.036065106076302214,0.013934893923697789,1,587.7,29.38,64.06,382.0,112.25,0,0,0
3099,425,2026-05-23 10:00:00,23,5,0,late_night,clear,7,1,484,166,333.57,0,0.0,0.0,0.0,0,0.0,0.0,0.0,0.0,0.0,0,0,0
3100,426,2026-03-20 09:00:00,20,4,0,dinner,clear,10,2,203,67,382.66,1,0.2,0.1875525276934642,0.012447472306535812,1,435.54,87.11,65.62,283.1,-0.29,0,0,0
3101,426,2026-05-12 00:00:00,12,1,0,late_night,clear,12,2,383,132,348.19,1,0.2,0.12874418891788575,0.07125581108211426,1,396.3,79.26,56.5,257.6,2.95,0,0,0
3102,426,2026-02-22 20:00:00,22,6,0,breakfast,clear,10,1,158,52,277.26,0,0.0,0.0,0.0,0,0.0,0.0,0.0,0.0,0.0,0,0,0
3103,426,2026-01-13 10:00:00,13,1,0,late_night,rain,1,4,494,170,372.46,0,0.0,0.0,0.0,0,0.0,0.0,0.0,0.0,0.0,0,0,0
3104,426,2026-04-08 17:00:00,8,2,0,dinner,rain,13,1,378,130,410.6,1,0.15,0.132508779833822,0.01749122016617799,1,457.92,68.69,74.38,297.65,17.2,0,0,0
3105,426,2026-02-28 08:00:00,28,5,1,late_night,clear,7,1,147,49,505.44,0,0.0,0.0,0.0,0,0.0,0.0,0.0,0.0,0.0,0,0,0
3106,426,2026-05-03 00:00:00,3,6,1,dinner,clear,8,1,127,41,443.42,1,0.05,0.03947103188762996,0.010528968112370043,1,466.03,23.3,47.8,302.92,92.01,0,0,0
3107,426,2026-04-18 04:00:00,18,5,0,late_night,clear,11,2,55,18,281.2,1,0.1,0.08115068002658532,0.018849319973414685,0,0.0,0.0,0.0,0.0,0.0,0,0,0
3108,426,2026-05-30 04:00:00,30,5,1,late_night,clear,9,4,91,31,333.01,1,0.05,0.048847877907881726,0.0011521220921182768,1,349.99,17.5,55.78,227.5,49.22,0,0,0
3109,426,2026-03-15 22:00:00,15,6,0,breakfast,clear,5,1,428,146,518.02,1,0.05,0.04752779902390514,0.0024722009760948654,1,544.44,27.22,50.62,353.88,112.71,0,0,0
3110,426,2026-01-27 04:00:00,27,1,1,lunch,clear,9,1,478,163,234.55,1,0.1,0.09859393086498969,0.0014060691350103183,1,255.0,25.5,54.58,165.75,9.17,0,0,0
3111,427,2026-03-14 01:00:00,14,5,0,late_night,clear,1,1,208,68,619.11,0,0.0,0.0,0.0,1,619.11,0.0,48.76,402.42,167.93,0,0,0
3112,427,2026-01-29 04:00:00,29,3,1,breakfast,clear,4,5,268,89,373.97,1,0.15,0.09015542967152908,0.05984457032847092,1,453.1,67.96,54.7,294.51,35.92,1,0,0
3113,427,2026-05-24 12:00:00,24,6,0,breakfast,clear,11,1,415,142,396.5,1,0.15,0.10016575125179228,0.049834248748207716,1,480.4,72.06,48.7,312.26,47.38,1,0,0
3114,427,2026-01-30 10:00:00,30,4,1,late_night,clear,4,1,111,37,572.96,0,0.0,0.0,0.0,0,0.0,0.0,0.0,0.0,0.0,0,0,0
3115,427,2026-03-01 15:00:00,1,6,1,breakfast,clear,9,2,345,116,427.67,1,0.2,0.16662496378557953,0.03337503621442048,1,536.17,107.23,81.82,348.51,-1.39,0,0,0
3116,427,2026-04-30 10:00:00,30,3,1,breakfast,clear,3,1,283,95,342.16,0,0.0,0.0,0.0,0,0.0,0.0,0.0,0.0,0.0,0,0,0
3117,427,2026-05-28 08:00:00,28,3,1,breakfast,clear,7,1,226,74,412.77,1,0.2,0.18206627585990212,0.01793372414009789,1,517.49,103.5,71.92,336.37,5.7,0,0,0
3118,427,2026-06-01 00:00:00,1,0,1,late_night,rain,1,4,62,20,305.62,1,0.05,0.036836863269733955,0.013163136730266048,0,0.0,0.0,0.0,0.0,0.0,0,0,0
3119,427,2026-03-04 05:00:00,4,2,1,lunch,clear,6,1,59,20,453.76,0,0.0,0.0,0.0,1,453.76,0.0,57.52,294.94,101.3,0,0,0
3120,428,2026-04-04 04:00:00,4,5,1,dinner,clear,10,1,83,27,432.63,0,0.0,0.0,0.0,0,0.0,0.0,0.0,0.0,0.0,0,0,0
3121,428,2026-05-16 19:00:00,16,5,0,lunch,clear,1,2,342,116,418.51,0,0.0,0.0,0.0,0,0.0,0.0,0.0,0.0,0.0,0,0,0
3122,428,2026-06-27 18:00:00,27,5,1,late_night,clear,7,4,365,124,467.16,1,0.15,0.12223351570945781,0.02776648429054218,1,533.42,80.01,79.12,346.72,27.56,0,0,0
3123,428,2026-03-06 07:00:00,6,4,1,dinner,clear,8,4,94,31,485.17,0,0.0,0.0,0.0,0,0.0,0.0,0.0,0.0,0.0,0,0,0
3124,428,2026-06-11 18:00:00,11,3,0,lunch,rain,2,2,152,50,315.22,0,0.0,0.0,0.0,0,0.0,0.0,0.0,0.0,0.0,0,0,0
3125,428,2026-03-21 18:00:00,21,5,0,late_night,extreme,2,2,288,97,518.36,0,0.0,0.0,0.0,0,0.0,0.0,0.0,0.0,0.0,0,0,0
3126,428,2026-05-14 20:00:00,14,3,0,breakfast,clear,13,2,495,170,353.45,0,0.0,0.0,0.0,0,0.0,0.0,0.0,0.0,0.0,0,0,0
3127,428,2026-01-27 16:00:00,27,1,1,lunch,clear,10,1,84,27,443.26,1,0.1,0.07933486386173803,0.020665136138261972,1,490.82,49.08,86.8,319.03,35.91,0,0,0
3128,428,2026-01-15 14:00:00,15,3,0,breakfast,extreme,5,2,508,174,403.66,1,0.15,0.11557408602155617,0.03442591397844383,1,460.92,69.14,59.08,299.6,33.1,0,0,0
3129,428,2026-04-06 08:00:00,6,0,1,late_night,clear,1,1,41,13,378.71,1,0.2,0.18599073623407,0.014009263765930008,1,443.12,88.62,45.22,288.03,21.25,0,0,0
3130,428,2026-01-12 03:00:00,12,0,0,dinner,rain,8,3,440,151,317.0,1,0.05,0.0286069772664706,0.0213930227335294,1,336.9,16.84,53.14,218.98,47.93,0,0,0
3131,429,2026-04-27 07:00:00,27,0,1,dinner,clear,14,1,493,169,546.34,1,0.15,0.07746565736238674,0.07253434263761326,1,584.22,87.63,51.34,379.75,65.5,0,0,0
3132,429,2026-06-07 14:00:00,7,6,1,dinner,rain,1,2,468,160,412.07,0,0.0,0.0,0.0,0,0.0,0.0,0.0,0.0,0.0,0,0,0
3133,429,2026-01-09 08:00:00,9,4,0,late_night,clear,8,1,474,162,409.77,1,0.1,0.0923631150647434,0.007636884935256605,1,431.26,43.13,76.3,280.32,31.52,0,0,0
3134,429,2026-03-27 08:00:00,27,4,1,breakfast,clear,1,1,314,105,440.46,0,0.0,0.0,0.0,0,0.0,0.0,0.0,0.0,0.0,0,0,0
3135,429,2026-06-10 17:00:00,10,2,0,breakfast,clear,7,1,328,110,369.63,0,0.0,0.0,0.0,0,0.0,0.0,0.0,0.0,0.0,0,0,0
3136,429,2026-03-20 09:00:00,20,4,0,breakfast,clear,10,1,234,76,237.76,0,0.0,0.0,0.0,0,0.0,0.0,0.0,0.0,0.0,0,0,0
3137,429,2026-06-11 13:00:00,11,3,0,lunch,rain,1,3,150,50,461.7,0,0.0,0.0,0.0,1,461.7,0.0,58.54,300.1,103.05,0,0,0
3138,429,2026-01-29 14:00:00,29,3,1,dinner,clear,11,1,4,1,425.22,0,0.0,0.0,0.0,0,0.0,0.0,0.0,0.0,0.0,0,0,0
3139,430,2026-05-13 20:00:00,13,2,0,breakfast,clear,4,1,171,56,410.01,0,0.0,0.0,0.0,1,410.01,0.0,65.92,266.51,77.58,0,0,0
3140,430,2026-06-22 00:00:00,22,0,0,late_night,clear,10,4,554,189,318.22,0,0.0,0.0,0.0,0,0.0,0.0,0.0,0.0,0.0,0,0,0
3141,431,2026-01-24 16:00:00,24,5,0,breakfast,clear,8,4,120,39,415.81,1,0.2,0.1830809179282066,0.016919082071793407,1,510.64,102.13,85.12,331.92,-8.52,0,0,0
3142,432,2026-03-17 13:00:00,17,1,0,dinner,clear,4,1,395,136,384.32,0,0.0,0.0,0.0,0,0.0,0.0,0.0,0.0,0.0,0,0,0
3143,432,2026-03-17 04:00:00,17,1,0,breakfast,clear,2,2,567,193,277.06,0,0.0,0.0,0.0,0,0.0,0.0,0.0,0.0,0.0,0,0,0
3144,432,2026-01-30 01:00:00,30,4,1,dinner,clear,8,2,74,24,370.91,0,0.0,0.0,0.0,0,0.0,0.0,0.0,0.0,0.0,0,0,0
3145,432,2026-06-27 00:00:00,27,5,1,lunch,clear,12,1,250,82,326.54,0,0.0,0.0,0.0,0,0.0,0.0,0.0,0.0,0.0,0,0,0
3146,432,2026-04-30 10:00:00,30,3,1,late_night,rain,7,2,418,143,386.26,0,0.0,0.0,0.0,0,0.0,0.0,0.0,0.0,0.0,0,0,0
3147,433,2026-02-21 05:00:00,21,5,0,breakfast,clear,11,2,393,135,332.05,1,0.2,0.188348554129977,0.011651445870023008,1,397.85,79.57,77.2,258.6,-17.52,0,1,0
3148,433,2026-02-04 16:00:00,4,2,1,dinner,clear,10,5,99,33,451.11,0,0.0,0.0,0.0,0,0.0,0.0,0.0,0.0,0.0,0,0,0
3149,433,2026-06-05 19:00:00,5,4,1,lunch,clear,13,3,16,4,481.46,0,0.0,0.0,0.0,0,0.0,0.0,0.0,0.0,0.0,0,0,0
3150,433,2026-01-15 07:00:00,15,3,0,breakfast,clear,6,1,531,181,439.88,0,0.0,0.0,0.0,0,0.0,0.0,0.0,0.0,0.0,0,0,0
3151,433,2026-04-27 11:00:00,27,0,1,breakfast,clear,14,1,87,29,453.25,0,0.0,0.0,0.0,0,0.0,0.0,0.0,0.0,0.0,0,0,0
3152,433,2026-03-03 21:00:00,3,1,1,late_night,clear,14,1,81,26,550.99,0,0.0,0.0,0.0,0,0.0,0.0,0.0,0.0,0.0,0,0,0
3153,434,2026-06-20 03:00:00,20,5,0,dinner,clear,1,1,529,180,299.68,0,0.0,0.0,0.0,0,0.0,0.0,0.0,0.0,0.0,0,0,0
3154,434,2026-02-03 23:00:00,3,1,1,late_night,clear,4,3,182,60,341.42,1,0.1,0.07026849823382926,0.029731501766170745,1,389.73,38.97,79.18,253.33,18.25,0,0,0
3155,434,2026-04-06 19:00:00,6,0,1,late_night,clear,14,1,388,134,391.86,1,0.2,0.14110276216661588,0.05889723783338413,1,479.75,95.95,49.18,311.84,22.78,0,0,0
3156,434,2026-03-23 17:00:00,23,0,0,breakfast,clear,12,4,110,37,304.85,0,0.0,0.0,0.0,0,0.0,0.0,0.0,0.0,0.0,0,0,0
3157,434,2026-05-28 18:00:00,28,3,1,lunch,rain,6,1,171,56,410.01,0,0.0,0.0,0.0,0,0.0,0.0,0.0,0.0,0.0,0,0,0
3158,434,2026-01-11 08:00:00,11,6,0,lunch,clear,3,1,273,91,373.55,1,0.2,0.12137500451498325,0.07862499548501677,1,457.33,91.47,53.98,297.26,14.62,0,0,0
3159,434,2026-04-30 17:00:00,30,3,1,dinner,clear,12,1,252,83,352.16,0,0.0,0.0,0.0,0,0.0,0.0,0.0,0.0,0.0,0,0,0
3160,434,2026-04-05 14:00:00,5,6,1,late_night,clear,3,1,186,62,511.72,1,0.15,0.09604487052248992,0.05395512947751008,1,607.44,91.12,72.28,394.84,49.21,1,0,0
3161,434,2026-01-04 13:00:00,4,6,1,lunch,clear,13,2,570,194,428.5,1,0.05,0.04665133638013691,0.003348663619863093,0,0.0,0.0,0.0,0.0,0.0,0,0,0
3162,434,2026-03-24 17:00:00,24,1,0,dinner,clear,14,1,181,60,297.43,1,0.15,0.09816320705822786,0.05183679294177214,1,353.07,52.96,79.18,229.49,-8.57,0,0,0
3163,435,2026-01-02 07:00:00,2,4,1,breakfast,clear,1,1,149,50,355.86,1,0.15,0.1297697075718637,0.020230292428136287,1,399.78,59.97,57.04,259.86,22.92,1,0,0
3164,435,2026-04-05 12:00:00,5,6,1,dinner,clear,7,1,93,31,496.71,1,0.1,0.07720641993233215,0.02279358006766785,0,0.0,0.0,0.0,0.0,0.0,0,0,0
3165,435,2026-05-28 15:00:00,28,3,1,dinner,clear,5,1,203,67,382.66,0,0.0,0.0,0.0,0,0.0,0.0,0.0,0.0,0.0,0,1,0
3166,435,2026-04-13 16:00:00,13,0,0,dinner,extreme,3,1,298,100,356.47,0,0.0,0.0,0.0,1,356.47,0.0,67.18,231.71,57.58,0,0,0
3167,436,2026-03-21 07:00:00,21,5,0,lunch,clear,12,2,316,106,301.05,0,0.0,0.0,0.0,0,0.0,0.0,0.0,0.0,0.0,0,0,0
3168,436,2026-01-17 22:00:00,17,5,0,breakfast,clear,4,1,469,160,452.07,0,0.0,0.0,0.0,1,452.07,0.0,81.28,293.85,76.94,0,0,0
3169,436,2026-05-27 07:00:00,27,2,1,late_night,clear,8,1,510,175,422.52,0,0.0,0.0,0.0,1,422.52,0.0,69.94,274.64,77.94,0,0,0
3170,436,2026-05-07 03:00:00,7,3,1,late_night,clear,3,1,233,76,237.76,1,0.1,0.09469757548284288,0.005302424517157123,1,254.2,25.42,53.26,165.23,10.29,0,0,0
3171,436,2026-02-06 23:00:00,6,4,1,breakfast,clear,5,2,66,21,340.92,0,0.0,0.0,0.0,0,0.0,0.0,0.0,0.0,0.0,0,0,0
3172,436,2026-03-28 10:00:00,28,5,1,dinner,clear,14,1,13,4,401.59,1,0.2,0.15293968700565236,0.04706031299434765,1,445.6,89.12,70.0,289.64,-3.16,0,0,0
3173,436,2026-03-19 05:00:00,19,3,0,lunch,clear,10,1,289,97,327.43,0,0.0,0.0,0.0,0,0.0,0.0,0.0,0.0,0.0,0,0,0
3174,436,2026-02-04 12:00:00,4,2,1,dinner,extreme,11,1,306,102,364.7,1,0.15,0.11641540757296304,0.03358459242703696,1,398.03,59.71,63.46,258.72,16.15,1,0,0
3175,436,2026-06-14 01:00:00,14,6,0,dinner,clear,8,2,303,102,431.39,1,0.2,0.16129816454529822,0.038701835454701794,1,478.66,95.73,60.46,311.13,11.34,1,0,0
3176,436,2026-04-12 18:00:00,12,6,0,breakfast,clear,3,1,78,25,358.87,0,0.0,0.0,0.0,0,0.0,0.0,0.0,0.0,0.0,0,0,0
3177,436,2026-03-21 17:00:00,21,5,0,lunch,extreme,8,1,323,108,364.56,1,0.15,0.1464428717874049,0.003557128212595101,1,397.88,59.68,91.6,258.62,-12.02,0,0,0
3178,436,2026-03-29 15:00:00,29,6,1,breakfast,clear,9,1,96,32,453.5,0,0.0,0.0,0.0,0,0.0,0.0,0.0,0.0,0.0,0,0,0
3179,437,2026-03-09 18:00:00,9,0,0,breakfast,clear,9,2,139,46,550.59,1,0.1,0.08437677995218246,0.015623220047817549,0,0.0,0.0,0.0,0.0,0.0,0,1,0
3180,437,2026-05-07 01:00:00,7,3,1,late_night,clear,5,1,394,135,359.67,1,0.1,0.09514151459908854,0.004858485400911466,1,383.81,38.38,77.2,249.48,18.75,0,0,0
3181,437,2026-01-30 19:00:00,30,4,1,breakfast,clear,7,4,336,113,334.35,1,0.15,0.0950283175340151,0.0549716824659849,1,364.01,54.6,70.6,236.61,2.2,0,0,0
3182,437,2026-01-11 14:00:00,11,6,0,lunch,extreme,6,1,493,169,546.34,0,0.0,0.0,0.0,1,546.34,0.0,54.34,355.12,136.88,0,0,0
3183,437,2026-03-09 06:00:00,9,0,0,dinner,clear,10,2,214,70,450.65,0,0.0,0.0,0.0,1,450.65,0.0,90.28,292.92,67.45,0,0,0
3184,437,2026-03-06 21:00:00,6,4,1,late_night,rain,7,2,78,25,358.87,1,0.2,0.14605673804483932,0.05394326195516069,1,397.04,79.41,83.8,258.08,-24.24,0,0,0
3185,437,2026-03-21 22:00:00,21,5,0,dinner,clear,2,1,520,178,275.66,0,0.0,0.0,0.0,0,0.0,0.0,0.0,0.0,0.0,0,0,0
3186,437,2026-06-09 14:00:00,9,1,0,lunch,clear,5,1,216,71,457.28,0,0.0,0.0,0.0,1,457.28,0.0,48.64,297.23,111.41,0,0,0
3187,437,2026-03-20 17:00:00,20,4,0,dinner,extreme,3,5,88,29,328.27,1,0.2,0.16311266279635764,0.03688733720364237,1,363.19,72.64,65.68,236.07,-11.2,0,0,0
3188,438,2026-06-01 19:00:00,1,0,1,lunch,clear,7,2,377,130,439.99,0,0.0,0.0,0.0,1,439.99,0.0,72.88,285.99,81.12,0,0,0
3189,438,2026-01-04 22:00:00,4,6,1,breakfast,clear,6,1,344,116,430.3,1,0.15,0.14213329370926256,0.007866706290737435,1,487.08,73.06,81.82,316.6,15.6,0,1,0
3190,438,2026-05-25 12:00:00,25,0,1,dinner,clear,7,1,349,118,378.25,1,0.2,0.1888939508485331,0.011106049151466901,1,438.09,87.62,89.02,284.76,-23.31,0,1,0
3191,438,2026-04-15 13:00:00,15,2,0,dinner,clear,5,1,453,156,246.22,0,0.0,0.0,0.0,1,246.22,0.0,86.92,160.04,-0.74,0,0,0
3192,438,2026-03-07 12:00:00,7,5,1,late_night,clear,7,2,349,118,378.25,0,0.0,0.0,0.0,0,0.0,0.0,0.0,0.0,0.0,0,0,0
3193,438,2026-05-30 09:00:00,30,5,1,late_night,extreme,11,2,540,185,437.06,1,0.15,0.1375295519165278,0.012470448083472196,1,494.73,74.21,77.56,321.57,21.39,0,0,0
3194,438,2026-06-27 18:00:00,27,5,1,late_night,clear,11,4,292,98,326.18,1,0.1,0.06366402675136716,0.036335973248632844,1,358.74,35.87,49.48,233.18,40.2,0,0,0
3195,438,2026-04-15 04:00:00,15,2,0,late_night,clear,5,1,378,130,410.6,0,0.0,0.0,0.0,0,0.0,0.0,0.0,0.0,0.0,0,0,0
3196,439,2026-05-15 16:00:00,15,4,0,lunch,extreme,14,4,128,42,428.94,0,0.0,0.0,0.0,0,0.0,0.0,0.0,0.0,0.0,0,0,0
3197,439,2026-04-29 11:00:00,29,2,1,dinner,clear,4,4,7,2,414.56,1,0.2,0.16835650882716022,0.031643491172839794,1,504.05,100.81,80.14,327.64,-4.53,1,0,0
3198,439,2026-06-23 03:00:00,23,1,0,dinner,clear,13,1,384,132,441.54,0,0.0,0.0,0.0,1,441.54,0.0,56.5,287.0,98.04,0,0,0
3199,439,2026-01-22 08:00:00,22,3,0,breakfast,clear,3,2,1,0,430.92,1,0.2,0.1084527307551269,0.09154726924487311,1,523.95,104.79,46.18,340.56,32.41,0,0,0
3200,439,2026-03-22 10:00:00,22,6,0,late_night,clear,5,3,369,126,374.47,1,0.05,0.02958572373319305,0.020414276266806954,0,0.0,0.0,0.0,0.0,0.0,0,0,0
3201,439,2026-06-06 02:00:00,6,5,1,dinner,rain,2,1,39,12,668.74,0,0.0,0.0,0.0,0,0.0,0.0,0.0,0.0,0.0,0,0,1
3202,440,2026-04-29 12:00:00,29,2,1,dinner,clear,8,4,413,141,430.89,0,0.0,0.0,0.0,0,0.0,0.0,0.0,0.0,0.0,0,0,0
3203,440,2026-05-24 02:00:00,24,6,0,breakfast,extreme,6,2,121,40,652.1,0,0.0,0.0,0.0,0,0.0,0.0,0.0,0.0,0.0,0,0,0
3204,440,2026-06-12 06:00:00,12,4,0,dinner,clear,10,1,344,116,430.3,1,0.1,0.08845018280703075,0.011549817192969256,1,474.57,47.46,81.82,308.47,36.82,0,0,0
3205,440,2026-01-01 22:00:00,1,3,1,late_night,extreme,9,1,5,1,485.29,0,0.0,0.0,0.0,0,0.0,0.0,0.0,0.0,0.0,0,0,0
3206,440,2026-06-29 12:00:00,29,0,1,dinner,clear,10,3,308,103,384.17,0,0.0,0.0,0.0,0,0.0,0.0,0.0,0.0,0.0,0,0,0
3207,440,2026-06-28 06:00:00,28,6,1,late_night,clear,13,5,18,5,453.72,1,0.2,0.1321002149728142,0.0678997850271858,1,527.7,105.54,45.88,343.01,33.28,1,0,0
3208,440,2026-04-15 21:00:00,15,2,0,lunch,clear,12,1,134,44,288.98,0,0.0,0.0,0.0,1,288.98,0.0,73.3,187.84,27.84,0,0,0
3209,440,2026-05-13 10:00:00,13,2,0,late_night,clear,9,1,550,188,568.72,0,0.0,0.0,0.0,0,0.0,0.0,0.0,0.0,0.0,0,0,0
3210,440,2026-05-15 11:00:00,15,4,0,dinner,rain,8,2,468,160,412.07,1,0.05,0.04032922758582992,0.009670772414170081,0,0.0,0.0,0.0,0.0,0.0,0,0,0
3211,440,2026-02-02 15:00:00,2,0,1,breakfast,rain,10,1,550,188,568.72,0,0.0,0.0,0.0,0,0.0,0.0,0.0,0.0,0.0,0,0,0
3212,440,2026-06-06 13:00:00,6,5,1,late_night,clear,1,1,469,160,452.07,1,0.15,0.08082460609644143,0.06917539390355856,1,513.55,77.03,81.28,333.81,21.43,0,0,0
3213,440,2026-04-28 09:00:00,28,1,1,lunch,rain,11,2,484,166,333.57,0,0.0,0.0,0.0,0,0.0,0.0,0.0,0.0,0.0,0,0,0
3214,440,2026-05-25 13:00:00,25,0,1,lunch,clear,1,1,302,101,453.97,0,0.0,0.0,0.0,0,0.0,0.0,0.0,0.0,0.0,0,0,0
3215,441,2026-02-18 05:00:00,18,2,0,lunch,clear,2,1,98,33,267.42,0,0.0,0.0,0.0,0,0.0,0.0,0.0,0.0,0.0,0,0,0
3216,441,2026-01-28 22:00:00,28,2,1,breakfast,clear,13,1,401,138,355.52,1,0.05,0.04369086295514583,0.006309137044854175,1,381.81,19.09,50.2,248.18,64.34,0,0,0
3217,441,2026-01-01 17:00:00,1,3,1,lunch,clear,10,1,274,92,294.0,1,0.2,0.15353836780183275,0.04646163219816726,1,352.91,70.58,90.04,229.39,-37.1,1,1,0
3218,442,2026-01-04 14:00:00,4,6,1,lunch,rain,9,1,104,34,354.02,0,0.0,0.0,0.0,0,0.0,0.0,0.0,0.0,0.0,0,0,0
3219,442,2026-04-23 22:00:00,23,3,0,dinner,extreme,3,2,464,159,253.04,0,0.0,0.0,0.0,1,253.04,0.0,54.7,164.48,33.86,0,0,0
3220,442,2026-05-11 06:00:00,11,0,0,late_night,clear,3,2,247,80,495.9,1,0.15,0.08660830683383883,0.06339169316616117,1,549.98,82.5,73.0,357.49,37.0,0,0,0
3221,442,2026-03-31 22:00:00,31,1,1,late_night,extreme,13,1,556,190,360.31,0,0.0,0.0,0.0,0,0.0,0.0,0.0,0.0,0.0,0,0,0
3222,442,2026-04-18 09:00:00,18,5,0,lunch,clear,11,1,345,116,427.67,0,0.0,0.0,0.0,1,427.67,0.0,81.82,277.99,67.86,0,0,0
3223,442,2026-05-14 06:00:00,14,3,0,lunch,rain,6,1,279,93,516.93,0,0.0,0.0,0.0,1,516.93,0.0,74.26,336.0,106.67,0,0,0
3224,443,2026-01-05 21:00:00,5,0,1,breakfast,clear,1,1,353,119,370.29,1,0.2,0.1568776293935176,0.04312237060648241,1,445.25,89.05,48.22,289.42,18.57,0,0,0
3225,443,2026-03-07 19:00:00,7,5,1,lunch,clear,10,1,574,196,374.14,0,0.0,0.0,0.0,1,374.14,0.0,46.84,243.19,84.11,0,0,0
3226,443,2026-05-23 08:00:00,23,5,0,dinner,rain,13,2,193,64,439.49,0,0.0,0.0,0.0,0,0.0,0.0,0.0,0.0,0.0,0,0,0
3227,444,2026-05-14 05:00:00,14,3,0,lunch,rain,8,1,559,191,467.99,1,0.15,0.10578083147805928,0.044219168521940716,1,529.06,79.36,89.14,343.89,16.67,1,0,0
3228,444,2026-06-12 16:00:00,12,4,0,late_night,clear,2,1,106,35,389.07,0,0.0,0.0,0.0,1,389.07,0.0,81.52,252.9,54.65,0,0,0
3229,444,2026-02-26 05:00:00,26,3,1,breakfast,clear,3,2,490,168,404.53,0,0.0,0.0,0.0,1,404.53,0.0,51.94,262.94,89.65,0,0,0
3230,444,2026-03-15 20:00:00,15,6,0,dinner,extreme,14,2,153,51,331.89,1,0.15,0.118212399233237,0.031787600766763,1,375.2,56.28,75.04,243.88,0.0,0,0,0
3231,445,2026-05-05 09:00:00,5,1,1,lunch,rain,5,2,542,186,379.72,1,0.1,0.0924495006331145,0.00755049936688551,1,416.32,41.63,76.96,270.61,27.12,0,0,0
3232,445,2026-03-04 16:00:00,4,2,1,late_night,extreme,7,1,197,65,394.82,0,0.0,0.0,0.0,0,0.0,0.0,0.0,0.0,0.0,0,0,0
3233,445,2026-01-06 12:00:00,6,1,1,lunch,rain,11,1,6,2,546.89,1,0.05,0.04740495663890951,0.002595043361090496,1,577.72,28.89,81.64,375.52,91.68,1,0,0
3234,445,2026-05-11 09:00:00,11,0,0,late_night,clear,12,3,283,95,342.16,0,0.0,0.0,0.0,0,0.0,0.0,0.0,0.0,0.0,0,0,0
3235,445,2026-06-03 01:00:00,3,2,1,late_night,rain,4,1,39,12,668.74,1,0.1,0.07923006280470182,0.020769937195298183,1,733.19,73.32,81.46,476.58,101.84,0,0,0
3236,445,2026-05-16 00:00:00,16,5,0,dinner,clear,1,1,420,144,369.6,0,0.0,0.0,0.0,1,369.6,0.0,50.74,240.24,78.62,0,0,0
3237,446,2026-04-15 07:00:00,15,2,0,lunch,rain,3,1,328,110,369.63,1,0.2,0.17104957240890858,0.028950427591091427,1,445.13,89.03,70.84,289.33,-4.07,1,0,0
3238,446,2026-01-05 05:00:00,5,0,1,late_night,rain,12,1,558,191,360.12,1,0.05,0.02870207156548159,0.02129792843451841,0,0.0,0.0,0.0,0.0,0.0,0,0,0
3239,446,2026-04-28 21:00:00,28,1,1,breakfast,rain,1,3,171,56,410.01,1,0.2,0.16868521116170787,0.03131478883829214,1,493.76,98.75,67.42,320.94,6.64,0,0,0
3240,446,2026-06-26 05:00:00,26,4,1,late_night,rain,14,5,155,52,395.2,0,0.0,0.0,0.0,1,395.2,0.0,62.14,256.88,76.18,0,0,0
3241,446,2026-01-17 04:00:00,17,5,0,breakfast,clear,2,1,239,78,297.85,0,0.0,0.0,0.0,0,0.0,0.0,0.0,0.0,0.0,0,0,0
3242,446,2026-05-14 19:00:00,14,3,0,lunch,clear,7,1,584,198,433.43,1,0.1,0.0681310297896544,0.03186897021034561,1,489.29,48.93,66.7,318.04,55.62,0,0,0
3243,446,2026-02-19 15:00:00,19,3,0,lunch,clear,5,2,427,146,526.27,1,0.1,0.060879060215744366,0.03912093978425564,1,594.09,59.41,50.62,386.16,97.9,0,0,0
3244,446,2026-02-28 17:00:00,28,5,1,lunch,clear,4,2,81,26,550.99,0,0.0,0.0,0.0,0,0.0,0.0,0.0,0.0,0.0,0,0,0
3245,447,2026-03-05 22:00:00,5,3,1,late_night,clear,9,1,446,153,531.37,0,0.0,0.0,0.0,0,0.0,0.0,0.0,0.0,0.0,0,0,0
3246,447,2026-05-16 18:00:00,16,5,0,lunch,clear,9,2,78,25,358.87,1,0.2,0.17567265873359236,0.02432734126640765,1,411.24,82.25,82.3,267.3,-20.61,1,0,0
3247,447,2026-04-03 15:00:00,3,4,1,dinner,clear,3,1,361,122,406.31,1,0.2,0.15690219930786592,0.04309780069213409,1,465.6,93.12,60.34,302.64,9.5,0,0,0
3248,447,2026-06-15 06:00:00,15,0,0,dinner,rain,1,3,208,68,619.11,1,0.05,0.02975713076250508,0.020242869237494923,0,0.0,0.0,0.0,0.0,0.0,0,0,0
3249,447,2026-06-11 17:00:00,11,3,0,breakfast,extreme,7,2,251,82,426.08,1,0.15,0.12446163772041569,0.02553836227958431,1,477.94,71.69,88.6,310.66,6.99,0,0,0
3250,447,2026-01-28 18:00:00,28,2,1,breakfast,clear,4,4,251,82,426.08,0,0.0,0.0,0.0,0,0.0,0.0,0.0,0.0,0.0,0,0,0
3251,447,2026-05-23 05:00:00,23,5,0,lunch,clear,6,2,348,118,387.46,1,0.15,0.14481376451989375,0.005186235480106244,1,434.62,65.19,89.02,282.5,-2.1,0,0,0
3252,447,2026-05-25 08:00:00,25,0,1,late_night,clear,3,1,284,95,437.97,0,0.0,0.0,0.0,1,437.97,0.0,67.12,284.68,86.17,0,0,0
3253,447,2026-02-03 11:00:00,3,1,1,lunch,rain,3,1,556,190,360.31,0,0.0,0.0,0.0,0,0.0,0.0,0.0,0.0,0.0,0,0,0
3254,447,2026-01-17 14:00:00,17,5,0,breakfast,clear,11,1,556,190,360.31,0,0.0,0.0,0.0,0,0.0,0.0,0.0,0.0,0.0,0,0,0
3255,447,2026-02-28 21:00:00,28,5,1,late_night,rain,13,1,362,123,472.34,1,0.05,0.02908937341890208,0.02091062658109792,0,0.0,0.0,0.0,0.0,0.0,0,0,0
3256,447,2026-06-09 12:00:00,9,1,0,lunch,clear,9,5,80,26,419.05,0,0.0,0.0,0.0,0,0.0,0.0,0.0,0.0,0.0,0,0,0
3257,448,2026-02-05 23:00:00,5,3,1,breakfast,extreme,8,4,20,6,418.44,0,0.0,0.0,0.0,0,0.0,0.0,0.0,0.0,0.0,0,0,0
3258,448,2026-01-08 14:00:00,8,3,0,late_night,clear,2,1,276,92,323.06,0,0.0,0.0,0.0,0,0.0,0.0,0.0,0.0,0.0,0,0,0
3259,449,2026-05-29 10:00:00,29,4,1,dinner,rain,1,3,534,182,526.78,0,0.0,0.0,0.0,0,0.0,0.0,0.0,0.0,0.0,0,0,0
3260,449,2026-05-09 00:00:00,9,5,0,lunch,rain,1,2,423,144,412.86,0,0.0,0.0,0.0,0,0.0,0.0,0.0,0.0,0.0,0,0,0
3261,449,2026-01-14 15:00:00,14,2,0,lunch,clear,8,1,73,23,424.13,0,0.0,0.0,0.0,0,0.0,0.0,0.0,0.0,0.0,0,0,0
3262,449,2026-05-06 06:00:00,6,2,1,late_night,clear,12,1,348,118,387.46,0,0.0,0.0,0.0,1,387.46,0.0,89.02,251.85,46.59,0,0,1
3263,449,2026-03-19 00:00:00,19,3,0,lunch,clear,11,4,86,28,398.14,1,0.15,0.0876230809631391,0.06237691903686089,1,462.71,69.41,50.56,300.76,41.98,0,0,0
3264,449,2026-02-11 08:00:00,11,2,0,late_night,rain,13,1,65,21,412.58,1,0.15,0.14671511752685415,0.003284882473145845,1,479.49,71.92,86.38,311.67,9.52,1,0,0
3265,449,2026-05-09 05:00:00,9,5,0,dinner,rain,7,2,273,91,373.55,0,0.0,0.0,0.0,1,373.55,0.0,55.48,242.81,75.26,0,0,0
3266,449,2026-04-22 02:00:00,22,2,0,dinner,clear,6,1,528,180,430.97,1,0.05,0.045372669195163584,0.004627330804836419,1,461.9,23.09,77.86,300.23,60.71,0,0,0
3267,449,2026-04-11 04:00:00,11,5,0,dinner,clear,11,1,304,102,403.47,1,0.2,0.1709669801211008,0.029033019878899224,1,481.93,96.39,60.46,313.25,11.83,0,0,0
3268,449,2026-04-01 11:00:00,1,2,1,late_night,rain,6,3,517,177,466.41,1,0.05,0.03006480746125026,0.019935192538749744,1,499.88,24.99,71.32,324.92,78.64,0,0,0
3269,449,2026-01-10 05:00:00,10,5,0,late_night,rain,14,2,376,129,469.03,0,0.0,0.0,0.0,0,0.0,0.0,0.0,0.0,0.0,0,0,0
3270,449,2026-06-17 02:00:00,17,2,0,breakfast,clear,1,1,105,35,354.06,0,0.0,0.0,0.0,0,0.0,0.0,0.0,0.0,0.0,0,0,0
3271,449,2026-01-13 02:00:00,13,1,0,breakfast,clear,2,1,517,177,466.41,1,0.2,0.1083749903819133,0.09162500961808671,1,557.11,111.42,69.82,362.12,13.75,0,0,0
3272,450,2026-03-25 04:00:00,25,2,1,dinner,clear,10,2,445,153,277.25,1,0.15,0.12178371779504843,0.028216282204951565,1,307.66,46.15,78.88,199.98,-17.35,1,0,0
3273,450,2026-04-28 08:00:00,28,1,1,dinner,clear,11,1,53,17,395.01,1,0.1,0.06990650127742326,0.030093498722576745,1,427.78,42.78,57.1,278.06,49.85,0,0,0
3274,450,2026-06-12 09:00:00,12,4,0,breakfast,clear,12,5,481,165,317.88,1,0.05,0.02601136996772373,0.023988630032276272,1,333.31,16.67,64.18,216.65,35.81,1,0,0
3275,450,2026-02-23 03:00:00,23,0,0,lunch,clear,7,1,312,105,471.86,1,0.2,0.1223339589181734,0.0776660410818266,1,533.91,106.78,80.2,347.04,-0.11,0,0,0
3276,450,2026-01-25 21:00:00,25,6,1,dinner,clear,10,3,208,68,619.11,0,0.0,0.0,0.0,0,0.0,0.0,0.0,0.0,0.0,0,0,0
3277,450,2026-04-21 03:00:00,21,1,0,lunch,clear,7,2,66,21,340.92,0,0.0,0.0,0.0,1,340.92,0.0,84.88,221.6,34.44,0,0,0
3278,450,2026-03-12 20:00:00,12,3,0,lunch,clear,7,2,347,117,386.51,1,0.15,0.0998531295833462,0.05014687041665379,1,428.9,64.34,77.2,278.79,8.58,0,0,0
3279,450,2026-06-02 18:00:00,2,1,1,lunch,clear,4,1,91,31,333.01,1,0.2,0.1366259484336308,0.06337405156636922,1,376.8,75.36,55.78,244.92,0.74,1,1,0
3280,451,2026-01-19 09:00:00,19,0,0,lunch,rain,6,3,251,82,426.08,1,0.2,0.14037519880516464,0.059624801194835375,0,0.0,0.0,0.0,0.0,0.0,0,0,0
3281,451,2026-02-21 20:00:00,21,5,0,lunch,rain,3,1,266,88,603.82,0,0.0,0.0,0.0,0,0.0,0.0,0.0,0.0,0.0,0,0,0
3282,451,2026-02-08 20:00:00,8,6,0,breakfast,clear,10,2,67,22,343.91,1,0.1,0.07693944824002069,0.023060551759979314,0,0.0,0.0,0.0,0.0,0.0,0,0,0
3283,451,2026-04-30 09:00:00,30,3,1,lunch,clear,5,1,2,0,467.58,1,0.2,0.11282074459280654,0.08717925540719347,1,531.84,106.37,46.18,345.7,33.6,0,1,0
3284,451,2026-06-19 15:00:00,19,4,0,breakfast,clear,5,3,422,144,437.29,0,0.0,0.0,0.0,0,0.0,0.0,0.0,0.0,0.0,0,0,0
3285,451,2026-05-25 23:00:00,25,0,1,dinner,clear,9,1,250,82,326.54,1,0.2,0.18321941292010904,0.01678058707989097,1,371.42,74.28,85.6,241.42,-29.89,1,0,0
3286,451,2026-05-17 09:00:00,17,6,0,breakfast,clear,5,2,555,190,421.12,1,0.1,0.07034262178770066,0.029657378212299343,1,457.64,45.76,83.62,297.46,30.79,1,0,0
3287,451,2026-06-24 05:00:00,24,2,0,breakfast,clear,10,2,376,129,469.03,1,0.05,0.03634346806098176,0.013656531939018245,1,492.82,24.64,79.06,320.33,68.79,0,0,0
3288,451,2026-06-08 15:00:00,8,0,0,breakfast,extreme,8,1,279,93,516.93,1,0.05,0.03485995356861594,0.015140046431384065,0,0.0,0.0,0.0,0.0,0.0,0,0,0
3289,451,2026-04-15 02:00:00,15,2,0,dinner,rain,13,1,186,62,511.72,0,0.0,0.0,0.0,0,0.0,0.0,0.0,0.0,0.0,0,0,0
3290,451,2026-02-17 07:00:00,17,1,0,dinner,clear,12,4,407,139,299.82,0,0.0,0.0,0.0,0,0.0,0.0,0.0,0.0,0.0,0,0,0
3291,452,2026-06-02 14:00:00,2,1,1,late_night,clear,9,1,442,152,349.53,1,0.1,0.07164811250154027,0.028351887498459738,1,390.18,39.02,69.88,253.62,27.66,0,0,0
3292,452,2026-05-12 08:00:00,12,1,0,late_night,clear,10,2,105,35,354.06,1,0.15,0.10582680487522005,0.04417319512477995,1,408.49,61.27,81.52,265.52,0.18,0,0,0
3293,452,2026-05-04 02:00:00,4,0,1,late_night,rain,9,2,292,98,326.18,0,0.0,0.0,0.0,0,0.0,0.0,0.0,0.0,0.0,0,0,0
3294,452,2026-04-09 01:00:00,9,3,0,breakfast,rain,10,1,102,34,373.66,0,0.0,0.0,0.0,0,0.0,0.0,0.0,0.0,0.0,0,0,0
3295,452,2026-03-22 14:00:00,22,6,0,dinner,clear,7,1,563,192,291.77,0,0.0,0.0,0.0,0,0.0,0.0,0.0,0.0,0.0,0,0,0
3296,452,2026-04-26 10:00:00,26,6,1,lunch,rain,9,1,406,139,391.84,0,0.0,0.0,0.0,1,391.84,0.0,53.08,254.7,84.06,0,0,0
3297,452,2026-03-10 04:00:00,10,1,0,dinner,clear,9,2,188,63,387.99,1,0.2,0.1295467835511532,0.0704532164488468,1,459.5,91.9,87.88,298.68,-18.95,1,0,0
3298,452,2026-06-10 15:00:00,10,2,0,lunch,extreme,5,1,138,45,433.17,1,0.2,0.1501280780094096,0.0498719219905904,1,513.01,102.6,70.96,333.46,5.99,0,0,0
3299,452,2026-03-13 23:00:00,13,4,0,breakfast,extreme,3,2,533,181,346.99,0,0.0,0.0,0.0,0,0.0,0.0,0.0,0.0,0.0,0,0,0
3300,452,2026-02-21 23:00:00,21,5,0,breakfast,extreme,9,1,185,61,409.82,0,0.0,0.0,0.0,0,0.0,0.0,0.0,0.0,0.0,0,0,0
3301,452,2026-03-30 15:00:00,30,0,1,late_night,clear,1,1,176,58,380.02,1,0.2,0.15545584759533465,0.04454415240466536,1,450.07,90.01,79.9,292.54,-12.39,0,0,0
3302,452,2026-04-10 19:00:00,10,4,0,late_night,clear,7,5,95,32,503.4,1,0.2,0.19063044701367035,0.00936955298632966,1,596.19,119.24,81.4,387.52,8.03,0,0,0
3303,453,2026-06-10 04:00:00,10,2,0,late_night,clear,1,1,236,77,323.45,0,0.0,0.0,0.0,0,0.0,0.0,0.0,0.0,0.0,0,0,0
3304,453,2026-06-08 22:00:00,8,0,0,late_night,clear,10,1,142,47,365.27,1,0.2,0.15323152200520998,0.04676847799479003,1,415.53,83.11,71.02,270.1,-8.69,1,0,0
3305,454,2026-02-12 04:00:00,12,3,0,lunch,clear,8,2,295,99,382.6,1,0.1,0.0710227339703091,0.028977266029690904,0,0.0,0.0,0.0,0.0,0.0,0,0,0
3306,454,2026-03-19 00:00:00,19,3,0,dinner,clear,3,1,536,183,397.95,1,0.1,0.058971158736306886,0.04102884126369312,1,414.21,41.42,50.32,269.24,53.23,1,0,0
3307,454,2026-04-22 02:00:00,22,2,0,lunch,clear,11,1,498,171,395.71,1,0.15,0.10804150085477268,0.04195849914522731,1,417.08,62.56,59.08,271.1,24.34,0,0,0
3308,454,2026-04-15 07:00:00,15,2,0,dinner,clear,12,2,350,118,329.12,0,0.0,0.0,0.0,0,0.0,0.0,0.0,0.0,0.0,0,0,0
3309,454,2026-04-11 17:00:00,11,5,0,lunch,extreme,1,2,160,53,410.45,1,0.2,0.19390657955241816,0.006093420447581849,0,0.0,0.0,0.0,0.0,0.0,0,0,0
3310,454,2026-05-02 20:00:00,2,5,1,lunch,clear,5,2,236,77,323.45,0,0.0,0.0,0.0,0,0.0,0.0,0.0,0.0,0.0,0,0,0
3311,454,2026-06-29 06:00:00,29,0,1,lunch,rain,12,2,31,9,344.82,0,0.0,0.0,0.0,0,0.0,0.0,0.0,0.0,0.0,0,0,0
3312,454,2026-06-03 20:00:00,3,2,1,dinner,rain,4,1,390,134,366.59,0,0.0,0.0,0.0,0,0.0,0.0,0.0,0.0,0.0,0,0,0
3313,454,2026-04-13 22:00:00,13,0,0,breakfast,rain,8,1,345,116,427.67,1,0.2,0.15231022256198845,0.04768977743801156,1,455.37,91.07,83.32,295.99,-15.01,1,0,0
3314,454,2026-03-21 07:00:00,21,5,0,late_night,clear,11,1,106,35,389.07,0,0.0,0.0,0.0,1,389.07,0.0,81.52,252.9,54.65,0,0,0
3315,455,2026-04-29 19:00:00,29,2,1,breakfast,clear,2,2,74,24,370.91,0,0.0,0.0,0.0,1,370.91,0.0,71.02,241.09,58.8,0,0,0
3316,455,2026-05-31 18:00:00,31,6,1,dinner,clear,5,1,315,106,288.77,1,0.1,0.05128945242658905,0.04871054757341096,1,313.57,31.36,53.32,203.82,25.07,0,0,0
3317,455,2026-01-30 03:00:00,30,4,1,late_night,clear,7,1,550,188,568.72,0,0.0,0.0,0.0,1,568.72,0.0,84.76,369.67,114.29,0,0,0
3318,455,2026-06-04 18:00:00,4,3,1,late_night,clear,4,3,105,35,354.06,1,0.05,0.02801704275182733,0.021982957248172674,0,0.0,0.0,0.0,0.0,0.0,0,0,0
3319,455,2026-05-26 11:00:00,26,1,1,lunch,extreme,11,1,206,68,536.05,0,0.0,0.0,0.0,1,536.05,0.0,51.76,348.43,135.86,0,0,0
3320,455,2026-02-08 14:00:00,8,6,0,late_night,clear,13,1,26,7,436.75,1,0.15,0.12054711920975603,0.029452880790243968,1,486.33,72.95,82.3,316.12,14.97,0,0,0
3321,455,2026-01-06 22:00:00,6,1,1,late_night,rain,1,1,123,40,374.8,1,0.05,0.03453642570359065,0.015463574296409356,0,0.0,0.0,0.0,0.0,0.0,0,0,0
3322,455,2026-01-18 03:00:00,18,6,0,dinner,rain,6,1,71,23,526.88,1,0.1,0.07470820201200583,0.025291797987994177,0,0.0,0.0,0.0,0.0,0.0,0,0,0
3323,456,2026-01-21 17:00:00,21,2,0,breakfast,clear,1,2,134,44,288.98,1,0.1,0.08382358869049861,0.0161764113095014,1,311.23,31.12,73.3,202.3,4.51,0,0,0
3324,456,2026-05-29 16:00:00,29,4,1,dinner,rain,8,2,588,199,334.13,0,0.0,0.0,0.0,1,334.13,0.0,63.28,217.18,53.67,0,0,0
3325,456,2026-02-24 19:00:00,24,1,0,late_night,clear,9,2,130,42,429.11,1,0.2,0.15760084534196728,0.042399154658032734,1,481.47,96.29,50.92,312.96,21.3,0,1,0
3326,457,2026-03-18 23:00:00,18,2,0,breakfast,clear,13,2,165,55,393.95,0,0.0,0.0,0.0,0,0.0,0.0,0.0,0.0,0.0,0,0,0
3327,458,2026-03-17 17:00:00,17,1,0,breakfast,clear,10,1,339,115,349.28,1,0.15,0.1374162801716081,0.012583719828391904,1,412.91,61.94,83.5,268.39,-0.92,1,0,0
3328,458,2026-02-23 04:00:00,23,0,0,lunch,rain,1,1,294,99,361.09,0,0.0,0.0,0.0,0,0.0,0.0,0.0,0.0,0.0,0,0,0
3329,458,2026-05-18 14:00:00,18,0,0,lunch,clear,7,1,437,150,421.49,0,0.0,0.0,0.0,1,421.49,0.0,64.84,273.97,82.68,0,0,0
3330,458,2026-06-06 22:00:00,6,5,1,lunch,clear,6,1,406,139,391.84,0,0.0,0.0,0.0,0,0.0,0.0,0.0,0.0,0.0,0,0,0
3331,458,2026-04-06 00:00:00,6,0,1,dinner,rain,11,1,337,114,325.94,0,0.0,0.0,0.0,0,0.0,0.0,0.0,0.0,0.0,0,0,0
3332,458,2026-04-17 10:00:00,17,4,0,dinner,clear,9,1,495,170,353.45,1,0.05,0.04989761241375391,0.00010238758624609573,1,381.94,19.1,60.16,248.26,54.42,1,0,0
3333,458,2026-01-14 11:00:00,14,2,0,lunch,extreme,10,1,358,121,582.33,1,0.1,0.07371995547176373,0.026280044528236277,1,662.58,66.26,75.34,430.68,90.31,0,0,0
3334,458,2026-05-24 06:00:00,24,6,0,late_night,clear,10,1,204,67,507.77,0,0.0,0.0,0.0,0,0.0,0.0,0.0,0.0,0.0,0,0,0
3335,458,2026-02-26 09:00:00,26,3,1,breakfast,clear,1,1,66,21,340.92,0,0.0,0.0,0.0,0,0.0,0.0,0.0,0.0,0.0,0,0,0
3336,458,2026-04-18 21:00:00,18,5,0,lunch,clear,3,2,142,47,365.27,0,0.0,0.0,0.0,0,0.0,0.0,0.0,0.0,0.0,0,0,0
3337,458,2026-03-04 23:00:00,4,2,1,lunch,rain,8,1,568,193,376.52,0,0.0,0.0,0.0,0,0.0,0.0,0.0,0.0,0.0,0,0,0
3338,458,2026-01-03 01:00:00,3,5,1,lunch,clear,6,1,203,67,382.66,1,0.05,0.04015413816337186,0.009845861836628146,1,413.51,20.68,65.62,268.78,58.43,0,0,0
3339,458,2026-04-09 03:00:00,9,3,0,lunch,clear,2,1,505,173,326.67,0,0.0,0.0,0.0,0,0.0,0.0,0.0,0.0,0.0,0,0,0
3340,458,2026-05-19 18:00:00,19,1,0,dinner,extreme,9,5,85,28,440.48,1,0.15,0.10902778355686689,0.040972216443133105,1,520.73,78.11,53.56,338.47,50.59,0,0,0
3341,459,2026-01-01 17:00:00,1,3,1,breakfast,clear,7,1,404,138,351.02,0,0.0,0.0,0.0,0,0.0,0.0,0.0,0.0,0.0,0,0,0
3342,459,2026-06-08 23:00:00,8,0,0,lunch,clear,1,1,241,78,460.55,0,0.0,0.0,0.0,0,0.0,0.0,0.0,0.0,0.0,0,0,0
3343,459,2026-03-28 02:00:00,28,5,1,dinner,clear,8,5,429,146,459.99,0,0.0,0.0,0.0,1,459.99,0.0,50.62,298.99,110.38,0,0,0
3344,459,2026-06-29 07:00:00,29,0,1,late_night,clear,2,1,5,1,485.29,0,0.0,0.0,0.0,0,0.0,0.0,0.0,0.0,0.0,0,0,0
3345,459,2026-01-21 14:00:00,21,2,0,dinner,clear,2,1,0,0,289.95,1,0.05,0.03046203906161936,0.019537960938380644,1,303.78,15.19,46.18,197.46,44.96,0,0,0
3346,459,2026-02-21 11:00:00,21,5,0,breakfast,clear,9,1,157,52,324.13,1,0.05,0.03775667555721676,0.01224332444278324,0,0.0,0.0,0.0,0.0,0.0,0,0,0
3347,459,2026-03-16 02:00:00,16,0,0,late_night,clear,11,3,583,198,447.0,0,0.0,0.0,0.0,0,0.0,0.0,0.0,0.0,0.0,0,0,0
3348,459,2026-02-22 16:00:00,22,6,0,dinner,clear,1,1,550,188,568.72,0,0.0,0.0,0.0,0,0.0,0.0,0.0,0.0,0.0,0,0,0
3349,459,2026-05-16 04:00:00,16,5,0,late_night,clear,12,1,6,2,546.89,1,0.05,0.030328296776942133,0.01967170322305787,0,0.0,0.0,0.0,0.0,0.0,0,1,0
3350,459,2026-02-14 22:00:00,14,5,0,late_night,rain,3,1,498,171,395.71,0,0.0,0.0,0.0,0,0.0,0.0,0.0,0.0,0.0,0,0,0
3351,460,2026-04-04 22:00:00,4,5,1,lunch,clear,2,1,163,54,346.38,1,0.05,0.04976485751755414,0.00023514248244586172,1,373.54,18.68,71.8,242.8,40.26,0,0,0
3352,460,2026-03-25 05:00:00,25,2,1,late_night,clear,1,1,116,38,269.91,0,0.0,0.0,0.0,1,269.91,0.0,46.0,175.44,48.47,0,0,0
3353,460,2026-01-15 22:00:00,15,3,0,dinner,extreme,14,1,118,39,439.52,0,0.0,0.0,0.0,0,0.0,0.0,0.0,0.0,0.0,0,0,0
3354,460,2026-04-22 07:00:00,22,2,0,dinner,clear,14,1,129,42,337.95,0,0.0,0.0,0.0,1,337.95,0.0,50.92,219.67,67.36,0,0,0
3355,460,2026-03-04 15:00:00,4,2,1,lunch,clear,9,1,415,142,396.5,1,0.2,0.18576611737870444,0.014233882621295574,1,480.72,96.14,48.7,312.47,23.41,1,0,0
3356,460,2026-01-12 00:00:00,12,0,0,lunch,clear,2,4,211,69,610.72,0,0.0,0.0,0.0,0,0.0,0.0,0.0,0.0,0.0,0,0,0
3357,460,2026-04-23 19:00:00,23,3,0,late_night,clear,4,5,199,66,326.09,0,0.0,0.0,0.0,0,0.0,0.0,0.0,0.0,0.0,0,0,0
3358,460,2026-02-07 17:00:00,7,5,1,breakfast,extreme,8,4,104,34,354.02,1,0.1,0.06232886787716525,0.03767113212283475,1,401.47,40.15,58.54,260.95,41.83,0,0,0
3359,460,2026-06-12 02:00:00,12,4,0,dinner,clear,9,3,224,73,409.67,0,0.0,0.0,0.0,1,409.67,0.0,84.16,266.29,59.22,0,0,0
3360,460,2026-04-24 11:00:00,24,4,0,late_night,clear,10,1,385,133,536.61,1,0.2,0.12944144010563904,0.07055855989436097,1,650.59,130.12,73.54,422.89,24.05,0,0,0
3361,460,2026-04-12 13:00:00,12,6,0,late_night,rain,3,1,456,156,339.24,1,0.2,0.19766707450454188,0.0023329254954581324,1,411.3,82.26,88.42,267.35,-26.72,0,0,0
3362,460,2026-05-23 20:00:00,23,5,0,lunch,clear,12,2,228,74,270.68,1,0.2,0.15569177688708224,0.044308223112917766,1,328.18,65.64,71.92,213.32,-22.69,1,0,0
3363,460,2026-03-07 20:00:00,7,5,1,late_night,rain,5,4,19,6,523.49,0,0.0,0.0,0.0,0,0.0,0.0,0.0,0.0,0.0,0,0,0
3364,460,2026-02-11 00:00:00,11,2,0,breakfast,clear,7,1,173,57,323.74,0,0.0,0.0,0.0,0,0.0,0.0,0.0,0.0,0.0,0,0,0
3365,461,2026-05-30 22:00:00,30,5,1,breakfast,clear,2,2,443,153,368.55,1,0.15,0.1121953503678147,0.0378046496321853,1,411.28,61.69,78.88,267.33,3.38,0,0,0
3366,462,2026-05-08 02:00:00,8,4,0,breakfast,rain,9,2,343,116,496.91,0,0.0,0.0,0.0,1,496.91,0.0,83.32,322.99,90.6,0,0,0
3367,462,2026-04-14 22:00:00,14,1,0,dinner,clear,11,3,334,112,602.0,1,0.1,0.05149436253697181,0.048505637463028196,0,0.0,0.0,0.0,0.0,0.0,0,0,0
3368,462,2026-05-17 13:00:00,17,6,0,late_night,extreme,14,1,53,17,395.01,1,0.2,0.10286529124096527,0.09713470875903474,1,441.1,88.22,60.1,286.71,6.06,1,0,0
3369,462,2026-03-21 05:00:00,21,5,0,breakfast,clear,10,1,116,38,269.91,0,0.0,0.0,0.0,1,269.91,0.0,46.0,175.44,48.47,0,0,0
3370,463,2026-06-27 14:00:00,27,5,1,dinner,clear,9,2,574,196,374.14,1,0.15,0.0790115290413966,0.07098847095860339,1,425.64,63.85,46.84,276.67,38.29,0,0,0
3371,463,2026-02-03 23:00:00,3,1,1,late_night,extreme,11,1,463,158,372.27,0,0.0,0.0,0.0,0,0.0,0.0,0.0,0.0,0.0,0,0,0
3372,463,2026-01-12 06:00:00,12,0,0,late_night,extreme,7,1,30,9,465.85,0,0.0,0.0,0.0,0,0.0,0.0,0.0,0.0,0.0,0,0,0
3373,463,2026-02-09 23:00:00,9,0,0,dinner,clear,7,1,532,181,329.51,1,0.15,0.0920855086962798,0.0579144913037202,1,374.87,56.23,65.44,243.66,9.53,1,0,0
3374,463,2026-05-10 16:00:00,10,6,0,late_night,clear,5,1,392,135,314.54,0,0.0,0.0,0.0,0,0.0,0.0,0.0,0.0,0.0,0,0,0
3375,463,2026-01-26 09:00:00,26,0,1,breakfast,clear,4,1,149,50,355.86,0,0.0,0.0,0.0,0,0.0,0.0,0.0,0.0,0.0,0,0,0
3376,463,2026-01-13 04:00:00,13,1,0,late_night,clear,11,1,577,196,458.78,1,0.2,0.13911142827254605,0.06088857172745396,1,534.5,106.9,46.84,347.42,33.33,1,0,0
3377,463,2026-04-17 04:00:00,17,4,0,late_night,extreme,2,2,236,77,323.45,1,0.15,0.08421078647516055,0.06578921352483945,1,367.97,55.2,74.56,239.18,-0.97,1,0,0
3378,463,2026-03-07 01:00:00,7,5,1,late_night,extreme,5,1,177,58,410.11,0,0.0,0.0,0.0,0,0.0,0.0,0.0,0.0,0.0,0,0,0
3379,463,2026-06-05 21:00:00,5,4,1,lunch,extreme,3,1,27,8,409.25,1,0.15,0.08102844943848703,0.06897155056151297,1,465.58,69.84,60.04,302.63,33.08,0,0,0
3380,464,2026-02-19 02:00:00,19,3,0,late_night,clear,5,1,169,56,358.37,1,0.15,0.0763190975498018,0.07368090245019819,1,408.83,61.32,65.92,265.74,15.85,0,0,0
3381,464,2026-05-08 08:00:00,8,4,0,late_night,rain,8,2,579,197,358.14,0,0.0,0.0,0.0,0,0.0,0.0,0.0,0.0,0.0,0,0,0
3382,464,2026-05-06 19:00:00,6,2,1,breakfast,rain,4,1,493,169,546.34,0,0.0,0.0,0.0,0,0.0,0.0,0.0,0.0,0.0,0,0,0
3383,464,2026-04-08 06:00:00,8,2,0,breakfast,extreme,7,1,115,38,322.99,0,0.0,0.0,0.0,0,0.0,0.0,0.0,0.0,0.0,0,0,0
3384,464,2026-06-23 06:00:00,23,1,0,breakfast,clear,3,1,487,167,472.48,0,0.0,0.0,0.0,0,0.0,0.0,0.0,0.0,0.0,0,0,0
3385,464,2026-05-04 02:00:00,4,0,1,late_night,clear,7,2,382,132,329.93,0,0.0,0.0,0.0,1,329.93,0.0,56.5,214.45,58.98,0,0,0
3386,465,2026-06-01 02:00:00,1,0,1,late_night,clear,7,5,181,60,297.43,1,0.1,0.052035176455870503,0.0479648235441295,1,320.64,32.06,79.18,208.42,0.98,0,0,0
3387,465,2026-03-02 21:00:00,2,0,1,dinner,clear,11,3,35,11,312.68,1,0.2,0.1419036423294564,0.05809635767054361,1,351.35,70.27,51.82,228.38,0.88,0,0,0
3388,465,2026-03-20 04:00:00,20,4,0,late_night,clear,14,2,524,179,239.99,1,0.05,0.028175813908017044,0.02182418609198296,0,0.0,0.0,0.0,0.0,0.0,0,0,0
3389,465,2026-02-25 22:00:00,25,2,1,breakfast,rain,2,1,144,47,344.24,1,0.15,0.11299368407958923,0.03700631592041076,1,379.75,56.96,72.52,246.84,3.43,1,0,0
3390,465,2026-01-02 13:00:00,2,4,1,late_night,extreme,2,1,105,35,354.06,1,0.2,0.1920178071599648,0.007982192840035207,1,397.85,79.57,84.52,258.6,-24.84,0,0,0
3391,465,2026-04-23 12:00:00,23,3,0,dinner,rain,6,2,473,162,367.38,0,0.0,0.0,0.0,0,0.0,0.0,0.0,0.0,0.0,0,0,0
3392,466,2026-01-29 18:00:00,29,3,1,breakfast,clear,13,4,427,146,526.27,0,0.0,0.0,0.0,0,0.0,0.0,0.0,0.0,0.0,0,0,0
3393,467,2026-04-24 04:00:00,24,4,0,lunch,extreme,9,3,24,7,471.83,1,0.15,0.14923856757368462,0.0007614324263153782,1,536.26,80.44,85.3,348.57,21.95,0,0,0
3394,467,2026-01-11 11:00:00,11,6,0,dinner,clear,6,4,519,178,302.78,1,0.15,0.10227141022877588,0.047728589771224114,1,344.12,51.62,64.54,223.68,4.28,0,0,0
3395,467,2026-05-30 01:00:00,30,5,1,late_night,clear,3,2,200,66,365.44,0,0.0,0.0,0.0,0,0.0,0.0,0.0,0.0,0.0,0,0,0
3396,467,2026-05-09 13:00:00,9,5,0,lunch,clear,4,1,488,167,559.81,0,0.0,0.0,0.0,0,0.0,0.0,0.0,0.0,0.0,0,0,0
3397,467,2026-05-28 23:00:00,28,3,1,breakfast,rain,12,3,439,151,283.62,0,0.0,0.0,0.0,1,283.62,0.0,53.14,184.35,46.13,0,0,0
3398,467,2026-03-31 08:00:00,31,1,1,breakfast,rain,9,1,461,158,470.93,0,0.0,0.0,0.0,0,0.0,0.0,0.0,0.0,0.0,0,0,0
3399,467,2026-03-14 18:00:00,14,5,0,lunch,clear,5,2,164,54,379.98,1,0.15,0.09928160965802231,0.050718390341977684,1,431.87,64.78,71.8,280.71,14.57,0,0,0
3400,467,2026-02-24 18:00:00,24,1,0,dinner,clear,1,1,87,29,453.25,0,0.0,0.0,0.0,0,0.0,0.0,0.0,0.0,0.0,0,0,0
3401,467,2026-03-02 20:00:00,2,0,1,dinner,clear,7,2,512,175,411.67,1,0.15,0.07518198072899918,0.07481801927100082,1,467.88,70.18,69.94,304.12,23.64,1,0,0
3402,467,2026-01-26 19:00:00,26,0,1,lunch,clear,7,1,569,194,352.91,0,0.0,0.0,0.0,0,0.0,0.0,0.0,0.0,0.0,0,0,0
3403,467,2026-06-03 02:00:00,3,2,1,lunch,clear,6,4,87,29,453.25,1,0.2,0.10331806131385426,0.09668193868614575,1,527.46,105.49,62.68,342.85,16.44,0,0,0
3404,467,2026-03-23 22:00:00,23,0,0,dinner,rain,1,1,179,59,330.4,1,0.05,0.03596771190169532,0.01403228809830468,1,350.36,17.52,59.98,227.74,45.13,0,0,0
3405,468,2026-04-28 12:00:00,28,1,1,dinner,clear,4,1,30,9,465.85,0,0.0,0.0,0.0,0,0.0,0.0,0.0,0.0,0.0,0,0,0
3406,468,2026-02-19 02:00:00,19,3,0,late_night,clear,3,3,226,74,412.77,1,0.05,0.029720590277183507,0.020279409722816496,0,0.0,0.0,0.0,0.0,0.0,0,0,0
3407,468,2026-05-26 18:00:00,26,1,1,lunch,rain,1,1,173,57,323.74,0,0.0,0.0,0.0,0,0.0,0.0,0.0,0.0,0.0,0,0,0
3408,468,2026-06-02 01:00:00,2,1,1,breakfast,clear,11,1,269,90,408.04,1,0.15,0.13791024663573426,0.012089753364265737,1,422.28,63.34,69.76,274.49,14.7,1,0,0
3409,468,2026-01-22 09:00:00,22,3,0,late_night,clear,8,2,82,26,413.45,1,0.15,0.12750183669856374,0.022498163301436253,0,0.0,0.0,0.0,0.0,0.0,0,1,0
3410,468,2026-01-20 02:00:00,20,1,0,breakfast,clear,3,3,485,166,333.05,0,0.0,0.0,0.0,0,0.0,0.0,0.0,0.0,0.0,0,0,0
3411,468,2026-03-27 18:00:00,27,4,1,dinner,clear,3,1,357,120,479.44,0,0.0,0.0,0.0,0,0.0,0.0,0.0,0.0,0.0,0,0,0
3412,468,2026-04-12 20:00:00,12,6,0,lunch,clear,14,1,129,42,337.95,1,0.2,0.16882279083289187,0.031177209167108144,0,0.0,0.0,0.0,0.0,0.0,0,0,0
3413,469,2026-03-07 07:00:00,7,5,1,lunch,clear,4,2,261,86,381.66,0,0.0,0.0,0.0,0,0.0,0.0,0.0,0.0,0.0,0,0,0
3414,470,2026-05-19 10:00:00,19,1,0,breakfast,clear,11,2,43,13,320.07,1,0.15,0.11226562586591216,0.03773437413408784,1,391.58,58.74,45.22,254.53,33.1,0,0,0
3415,470,2026-01-09 04:00:00,9,4,0,dinner,clear,5,4,354,119,352.83,0,0.0,0.0,0.0,0,0.0,0.0,0.0,0.0,0.0,0,0,0
3416,470,2026-06-26 00:00:00,26,4,1,lunch,clear,11,2,589,199,395.45,0,0.0,0.0,0.0,1,395.45,0.0,61.78,257.04,76.63,0,0,1
3417,470,2026-06-20 02:00:00,20,5,0,lunch,clear,9,1,379,130,459.76,1,0.15,0.13185657485712327,0.01814342514287673,1,562.48,84.37,72.88,365.61,39.62,0,0,0
3418,470,2026-06-17 00:00:00,17,2,0,late_night,clear,8,4,244,79,438.48,0,0.0,0.0,0.0,0,0.0,0.0,0.0,0.0,0.0,0,0,0
3419,470,2026-05-26 18:00:00,26,1,1,breakfast,clear,2,1,406,139,391.84,1,0.1,0.09597145266083236,0.004028547339167646,1,458.06,45.81,51.58,297.74,62.94,0,0,0
3420,470,2026-04-29 16:00:00,29,2,1,lunch,clear,9,1,587,199,402.75,1,0.2,0.10771752159205193,0.09228247840794808,1,510.63,102.13,61.78,331.91,14.82,0,0,0
3421,470,2026-06-26 10:00:00,26,4,1,dinner,clear,4,3,447,154,368.02,0,0.0,0.0,0.0,0,0.0,0.0,0.0,0.0,0.0,0,0,0
3422,470,2026-04-21 23:00:00,21,1,0,dinner,clear,11,4,516,177,593.59,0,0.0,0.0,0.0,1,593.59,0.0,69.82,385.83,137.94,0,0,0
3423,470,2026-06-20 10:00:00,20,5,0,late_night,rain,4,1,312,105,471.86,0,0.0,0.0,0.0,0,0.0,0.0,0.0,0.0,0.0,0,0,0
3424,470,2026-02-14 00:00:00,14,5,0,dinner,clear,11,1,527,180,602.61,0,0.0,0.0,0.0,0,0.0,0.0,0.0,0.0,0.0,0,0,0
3425,471,2026-04-05 03:00:00,5,6,1,late_night,clear,10,1,480,164,354.68,0,0.0,0.0,0.0,1,354.68,0.0,89.32,230.54,34.82,0,0,0
3426,471,2026-02-24 21:00:00,24,1,0,lunch,clear,14,2,31,9,344.82,1,0.1,0.05461684517263857,0.04538315482736144,1,382.34,38.23,49.24,248.52,46.34,0,0,0
3427,471,2026-06-08 05:00:00,8,0,0,late_night,clear,13,4,114,38,343.32,0,0.0,0.0,0.0,0,0.0,0.0,0.0,0.0,0.0,0,0,0
3428,471,2026-05-19 06:00:00,19,1,0,breakfast,clear,2,2,281,94,499.39,1,0.2,0.13305230995824155,0.06694769004175846,1,585.51,117.1,52.36,380.58,35.47,0,0,0
3429,471,2026-04-18 11:00:00,18,5,0,dinner,rain,9,4,241,78,460.55,1,0.15,0.1497733407027479,0.000226659297252102,1,526.79,79.02,80.2,342.42,25.16,0,0,0
3430,472,2026-04-05 19:00:00,5,6,1,lunch,clear,5,2,190,63,989.89,1,0.05,0.030261853826855856,0.019738146173144146,1,1056.45,52.82,87.88,686.69,229.05,0,0,0
3431,472,2026-01-20 00:00:00,20,1,0,breakfast,clear,7,5,190,63,989.89,1,0.15,0.07774259041275466,0.07225740958724533,1,1140.3,171.04,87.88,741.19,140.18,1,0,0
3432,472,2026-06-11 07:00:00,11,3,0,lunch,extreme,11,1,40,12,466.1,0,0.0,0.0,0.0,0,0.0,0.0,0.0,0.0,0.0,0,0,0
3433,473,2026-01-22 23:00:00,22,3,0,breakfast,clear,9,1,390,134,366.59,0,0.0,0.0,0.0,0,0.0,0.0,0.0,0.0,0.0,0,0,0
3434,473,2026-02-28 08:00:00,28,5,1,lunch,clear,6,1,295,99,382.6,0,0.0,0.0,0.0,0,0.0,0.0,0.0,0.0,0.0,0,0,0
3435,473,2026-02-17 11:00:00,17,1,0,dinner,clear,7,1,531,181,439.88,0,0.0,0.0,0.0,0,0.0,0.0,0.0,0.0,0.0,0,0,0
3436,473,2026-05-16 05:00:00,16,5,0,lunch,clear,4,2,47,14,362.77,0,0.0,0.0,0.0,1,362.77,0.0,70.78,235.8,56.19,0,0,0
3437,473,2026-06-13 15:00:00,13,5,0,lunch,clear,2,4,537,183,538.14,0,0.0,0.0,0.0,0,0.0,0.0,0.0,0.0,0.0,0,0,0
3438,473,2026-04-03 17:00:00,3,4,1,dinner,clear,13,1,64,21,319.07,0,0.0,0.0,0.0,0,0.0,0.0,0.0,0.0,0.0,0,0,0
3439,473,2026-01-14 02:00:00,14,2,0,dinner,clear,3,1,90,30,431.25,0,0.0,0.0,0.0,0,0.0,0.0,0.0,0.0,0.0,0,0,0
3440,473,2026-02-22 22:00:00,22,6,0,late_night,clear,3,1,514,176,436.88,1,0.05,0.036995569020590015,0.013004430979409988,0,0.0,0.0,0.0,0.0,0.0,0,0,0
3441,473,2026-02-01 21:00:00,1,6,1,dinner,clear,5,2,397,136,376.44,1,0.2,0.18779514969625213,0.012204850303747877,1,450.07,90.01,85.3,292.55,-17.79,0,0,0
3442,473,2026-05-18 01:00:00,18,0,0,lunch,rain,11,2,154,51,317.65,0,0.0,0.0,0.0,0,0.0,0.0,0.0,0.0,0.0,0,0,0
3443,473,2026-01-14 08:00:00,14,2,0,dinner,clear,2,2,50,16,341.45,1,0.1,0.06944450176710708,0.030555498232892928,1,383.59,38.36,53.62,249.33,42.28,0,0,0
3444,474,2026-02-01 06:00:00,1,6,1,dinner,clear,9,2,132,43,321.82,1,0.15,0.1012201380312171,0.048779861968782895,1,382.88,57.43,67.48,248.87,9.1,0,0,0
3445,474,2026-06-07 04:00:00,7,6,1,lunch,clear,5,2,475,162,365.58,1,0.05,0.044913990078977645,0.005086009921022358,1,396.27,19.81,76.3,257.58,42.58,0,0,0
3446,474,2026-02-18 08:00:00,18,2,0,breakfast,rain,5,1,200,66,365.44,1,0.05,0.049940820866576356,5.917913342364661e-05,1,396.12,19.81,48.64,257.48,70.2,0,0,0
3447,474,2026-02-27 17:00:00,27,4,1,late_night,clear,12,1,578,197,363.8,1,0.05,0.04696093777007673,0.00303906222992327,0,0.0,0.0,0.0,0.0,0.0,0,0,0
3448,474,2026-05-03 12:00:00,3,6,1,late_night,rain,11,1,494,170,372.46,0,0.0,0.0,0.0,0,0.0,0.0,0.0,0.0,0.0,0,0,0
3449,474,2026-02-20 08:00:00,20,4,0,breakfast,clear,5,1,203,67,382.66,1,0.2,0.11469367415732151,0.0853063258426785,1,469.71,93.94,65.62,305.31,4.84,0,0,0
3450,475,2026-06-10 12:00:00,10,2,0,lunch,clear,3,4,260,86,580.54,0,0.0,0.0,0.0,0,0.0,0.0,0.0,0.0,0.0,0,0,0
3451,475,2026-01-27 06:00:00,27,1,1,breakfast,clear,6,2,527,180,602.61,1,0.05,0.047618571682220806,0.0023814283177791967,1,641.17,32.06,77.86,416.76,114.49,1,0,0
3452,475,2026-05-21 04:00:00,21,3,0,lunch,clear,8,1,231,75,429.49,1,0.1,0.053638838633192104,0.0463611613668079,1,476.47,47.65,67.9,309.7,51.22,0,0,0
3453,476,2026-01-14 19:00:00,14,2,0,dinner,clear,9,2,505,173,326.67,1,0.1,0.08720836225930287,0.012791637740697137,0,0.0,0.0,0.0,0.0,0.0,0,0,0
3454,476,2026-04-27 17:00:00,27,0,1,breakfast,rain,14,1,319,107,397.81,1,0.15,0.1426590588694131,0.007340941130586892,1,440.1,66.02,64.48,286.07,23.54,1,0,0
3455,476,2026-03-23 05:00:00,23,0,0,late_night,clear,7,2,376,129,469.03,0,0.0,0.0,0.0,0,0.0,0.0,0.0,0.0,0.0,0,0,0
3456,476,2026-04-25 15:00:00,25,5,1,late_night,rain,4,1,344,116,430.3,1,0.2,0.19269298403812918,0.007307015961870833,1,485.15,97.03,83.32,315.35,-10.55,0,0,0
3457,477,2026-05-22 12:00:00,22,4,0,breakfast,rain,8,1,238,77,307.59,0,0.0,0.0,0.0,0,0.0,0.0,0.0,0.0,0.0,0,0,0
3458,477,2026-04-09 16:00:00,9,3,0,breakfast,rain,12,1,402,138,434.21,1,0.2,0.1662049599124481,0.03379504008755191,1,519.93,103.99,51.7,337.96,26.29,0,0,0
3459,477,2026-01-10 22:00:00,10,5,0,late_night,clear,9,5,400,137,312.2,1,0.1,0.09463459282040565,0.005365407179594356,1,351.09,35.11,63.94,228.21,23.83,0,0,0
3460,477,2026-06-01 08:00:00,1,0,1,lunch,rain,6,4,74,24,370.91,1,0.05,0.0322818926037068,0.017718107396293203,1,397.94,19.9,72.52,258.66,46.86,0,0,0
3461,477,2026-01-07 20:00:00,7,2,1,dinner,extreme,8,2,175,57,349.16,1,0.05,0.04741932628791356,0.002580673712086444,1,374.6,18.73,59.14,243.49,53.24,0,0,0
3462,477,2026-04-12 23:00:00,12,6,0,late_night,clear,11,3,147,49,505.44,1,0.1,0.09303382981699322,0.006966170183006784,1,568.4,56.84,63.94,369.46,78.16,0,0,0
3463,478,2026-02-24 23:00:00,24,1,0,dinner,clear,10,1,18,5,453.72,0,0.0,0.0,0.0,1,453.72,0.0,45.88,294.92,112.92,0,0,0
3464,478,2026-01-30 14:00:00,30,4,1,late_night,clear,12,1,21,6,455.28,1,0.15,0.1341525632231795,0.01584743677682049,0,0.0,0.0,0.0,0.0,0.0,0,0,0
3465,478,2026-05-09 02:00:00,9,5,0,lunch,clear,5,1,232,75,315.54,1,0.1,0.050730271127051085,0.04926972887294892,1,337.88,33.79,67.9,219.62,16.57,1,0,0
3466,478,2026-03-19 11:00:00,19,3,0,breakfast,rain,1,2,371,127,443.31,1,0.1,0.07997027923483671,0.020029720765163295,1,474.7,47.47,89.68,308.55,28.99,1,0,0
3467,478,2026-02-18 15:00:00,18,2,0,late_night,clear,12,4,587,199,402.75,1,0.1,0.08616355448405899,0.013836445515941015,1,431.27,43.13,61.78,280.32,46.04,0,0,0
3468,479,2026-01-09 21:00:00,9,4,0,lunch,clear,6,1,240,78,339.14,0,0.0,0.0,0.0,0,0.0,0.0,0.0,0.0,0.0,0,0,0
3469,479,2026-06-15 12:00:00,15,0,0,lunch,clear,3,1,329,111,439.94,0,0.0,0.0,0.0,0,0.0,0.0,0.0,0.0,0.0,0,0,0
3470,479,2026-06-21 10:00:00,21,6,0,lunch,clear,14,3,548,187,387.3,0,0.0,0.0,0.0,0,0.0,0.0,0.0,0.0,0.0,0,0,0
3471,479,2026-02-09 01:00:00,9,0,0,lunch,clear,10,3,87,29,453.25,0,0.0,0.0,0.0,0,0.0,0.0,0.0,0.0,0.0,0,0,0
3472,479,2026-05-30 11:00:00,30,5,1,late_night,clear,10,3,236,77,323.45,0,0.0,0.0,0.0,0,0.0,0.0,0.0,0.0,0.0,0,0,0
3473,479,2026-03-21 20:00:00,21,5,0,breakfast,clear,2,1,88,29,328.27,0,0.0,0.0,0.0,0,0.0,0.0,0.0,0.0,0.0,0,0,0
3474,479,2026-06-12 13:00:00,12,4,0,dinner,extreme,9,3,233,76,237.76,0,0.0,0.0,0.0,1,237.76,0.0,56.26,154.54,26.96,0,0,0
3475,479,2026-04-19 18:00:00,19,6,0,late_night,rain,7,1,214,70,450.65,0,0.0,0.0,0.0,0,0.0,0.0,0.0,0.0,0.0,0,0,0
3476,479,2026-04-24 03:00:00,24,4,0,lunch,rain,5,1,23,7,447.81,1,0.15,0.11882377301893246,0.031176226981067534,1,523.95,78.59,83.8,340.56,20.99,0,0,0
3477,479,2026-02-06 01:00:00,6,4,1,dinner,clear,7,5,216,71,457.28,0,0.0,0.0,0.0,0,0.0,0.0,0.0,0.0,0.0,0,0,0
3478,479,2026-05-28 04:00:00,28,3,1,breakfast,clear,7,1,77,24,277.16,1,0.2,0.1484671646083082,0.05153283539169182,1,333.66,66.73,71.02,216.88,-20.97,1,0,0
3479,480,2026-05-12 05:00:00,12,1,0,breakfast,clear,5,2,127,41,443.42,0,0.0,0.0,0.0,0,0.0,0.0,0.0,0.0,0.0,0,0,0
3480,480,2026-01-14 06:00:00,14,2,0,lunch,clear,9,1,32,9,287.49,1,0.1,0.05502107606868598,0.04497892393131402,1,329.22,32.92,49.24,213.99,33.06,0,0,0
3481,480,2026-04-24 08:00:00,24,4,0,lunch,rain,1,1,569,194,352.91,1,0.05,0.03239572920263043,0.01760427079736957,1,382.87,19.14,81.82,248.87,33.04,1,0,0
3482,480,2026-01-26 20:00:00,26,0,1,breakfast,clear,12,4,94,31,485.17,0,0.0,0.0,0.0,0,0.0,0.0,0.0,0.0,0.0,0,0,0
3483,480,2026-02-19 08:00:00,19,3,0,lunch,clear,5,2,268,89,373.97,0,0.0,0.0,0.0,1,373.97,0.0,54.7,243.08,76.19,0,0,0
3484,480,2026-01-31 10:00:00,31,5,1,dinner,rain,14,1,349,118,378.25,0,0.0,0.0,0.0,0,0.0,0.0,0.0,0.0,0.0,0,0,0
3485,480,2026-01-12 10:00:00,12,0,0,lunch,clear,4,1,129,42,337.95,0,0.0,0.0,0.0,0,0.0,0.0,0.0,0.0,0.0,0,0,0
3486,480,2026-05-20 13:00:00,20,2,0,lunch,rain,2,4,247,80,495.9,0,0.0,0.0,0.0,0,0.0,0.0,0.0,0.0,0.0,0,0,0
3487,480,2026-01-09 06:00:00,9,4,0,breakfast,clear,10,1,283,95,342.16,0,0.0,0.0,0.0,1,342.16,0.0,67.12,222.4,52.64,0,0,0
3488,480,2026-02-03 18:00:00,3,1,1,lunch,clear,9,1,576,196,382.35,0,0.0,0.0,0.0,0,0.0,0.0,0.0,0.0,0.0,0,0,0
3489,480,2026-05-28 05:00:00,28,3,1,dinner,extreme,13,2,433,148,337.93,0,0.0,0.0,0.0,0,0.0,0.0,0.0,0.0,0.0,0,0,0
3490,481,2026-02-07 05:00:00,7,5,1,dinner,clear,8,1,132,43,321.82,0,0.0,0.0,0.0,0,0.0,0.0,0.0,0.0,0.0,0,0,0
3491,481,2026-04-30 03:00:00,30,3,1,late_night,extreme,13,5,446,153,531.37,1,0.15,0.11134355990793122,0.03865644009206877,1,600.39,90.06,81.88,390.25,38.2,1,0,0
3492,481,2026-06-14 00:00:00,14,6,0,breakfast,clear,12,1,50,16,341.45,0,0.0,0.0,0.0,1,341.45,0.0,53.62,221.94,65.89,0,0,0
3493,481,2026-05-18 02:00:00,18,0,0,late_night,clear,11,2,479,164,360.53,0,0.0,0.0,0.0,0,0.0,0.0,0.0,0.0,0.0,0,0,0
3494,481,2026-02-25 05:00:00,25,2,1,lunch,clear,3,3,348,118,387.46,0,0.0,0.0,0.0,0,0.0,0.0,0.0,0.0,0.0,0,0,0
3495,482,2026-05-14 10:00:00,14,3,0,dinner,rain,1,2,297,100,435.63,1,0.15,0.12741944842195174,0.022580551578048252,1,502.51,75.38,65.68,326.63,34.82,0,0,0
3496,482,2026-02-22 12:00:00,22,6,0,lunch,clear,9,1,416,142,323.29,1,0.2,0.12106810797987447,0.07893189202012554,1,382.8,76.56,48.7,248.82,8.72,1,0,0
3497,482,2026-05-09 19:00:00,9,5,0,late_night,extreme,6,5,568,193,376.52,0,0.0,0.0,0.0,0,0.0,0.0,0.0,0.0,0.0,0,0,0
3498,482,2026-03-06 07:00:00,6,4,1,breakfast,rain,3,2,285,95,412.22,0,0.0,0.0,0.0,0,0.0,0.0,0.0,0.0,0.0,0,0,0
3499,482,2026-05-12 00:00:00,12,1,0,lunch,clear,8,1,267,89,351.67,1,0.1,0.08117195102274535,0.018828048977254652,1,392.51,39.25,54.7,255.13,43.43,0,0,0
3500,482,2026-03-22 10:00:00,22,6,0,dinner,clear,2,2,277,93,332.62,0,0.0,0.0,0.0,0,0.0,0.0,0.0,0.0,0.0,0,0,0
3501,482,2026-01-02 05:00:00,2,4,1,dinner,rain,6,3,411,140,433.0,0,0.0,0.0,0.0,0,0.0,0.0,0.0,0.0,0.0,0,0,0
3502,482,2026-03-20 11:00:00,20,4,0,dinner,clear,9,3,118,39,439.52,0,0.0,0.0,0.0,1,439.52,0.0,85.12,285.69,68.71,0,0,0
3503,483,2026-01-15 22:00:00,15,3,0,breakfast,clear,11,2,350,118,329.12,0,0.0,0.0,0.0,0,0.0,0.0,0.0,0.0,0.0,0,0,0
3504,483,2026-01-19 01:00:00,19,0,0,late_night,clear,8,3,351,118,460.55,1,0.15,0.0986276754379045,0.05137232456209549,1,503.37,75.51,89.02,327.19,11.65,0,0,0
3505,483,2026-02-15 12:00:00,15,6,0,lunch,clear,13,1,378,130,410.6,0,0.0,0.0,0.0,0,0.0,0.0,0.0,0.0,0.0,0,0,0
3506,483,2026-03-21 11:00:00,21,5,0,breakfast,extreme,13,2,278,93,308.37,1,0.2,0.18718934416801286,0.01281065583198715,1,342.75,68.55,75.76,222.79,-24.35,0,0,0
3507,483,2026-02-24 21:00:00,24,1,0,breakfast,clear,8,2,247,80,495.9,1,0.15,0.14120368325333033,0.008796316746669669,1,542.01,81.3,73.0,352.31,35.4,0,0,0
3508,484,2026-06-02 07:00:00,2,1,1,dinner,rain,10,1,117,38,339.09,1,0.2,0.11251775559651503,0.08748224440348498,1,394.52,78.9,47.5,256.44,11.68,0,0,0
3509,484,2026-01-22 01:00:00,22,3,0,lunch,clear,7,1,114,38,343.32,0,0.0,0.0,0.0,0,0.0,0.0,0.0,0.0,0.0,0,0,0
3510,484,2026-02-15 16:00:00,15,6,0,breakfast,clear,9,1,178,59,341.13,1,0.05,0.044617558093943195,0.005382441906056808,1,361.71,18.09,58.48,235.11,50.03,0,0,0
3511,484,2026-04-26 06:00:00,26,6,1,late_night,extreme,2,1,156,52,461.21,0,0.0,0.0,0.0,1,461.21,0.0,63.64,299.79,97.78,0,0,0
3512,484,2026-02-20 01:00:00,20,4,0,late_night,clear,11,3,36,11,321.02,1,0.05,0.030876131818419885,0.019123868181580118,1,340.39,17.02,51.82,221.25,50.3,1,0,0
3513,484,2026-01-20 12:00:00,20,1,0,dinner,clear,13,2,551,188,482.27,0,0.0,0.0,0.0,0,0.0,0.0,0.0,0.0,0.0,0,0,0
3514,484,2026-06-13 05:00:00,13,5,0,lunch,clear,7,1,340,115,313.38,1,0.1,0.05402094815069647,0.04597905184930354,1,345.7,34.57,83.5,224.71,2.93,1,0,0
3515,484,2026-01-16 11:00:00,16,4,0,breakfast,clear,1,2,449,154,335.88,0,0.0,0.0,0.0,0,0.0,0.0,0.0,0.0,0.0,0,0,0
3516,484,2026-01-27 17:00:00,27,1,1,lunch,rain,10,1,429,146,459.99,0,0.0,0.0,0.0,0,0.0,0.0,0.0,0.0,0.0,0,0,0
3517,484,2026-02-24 08:00:00,24,1,0,late_night,clear,10,2,73,23,424.13,0,0.0,0.0,0.0,0,0.0,0.0,0.0,0.0,0.0,0,0,0
3518,484,2026-05-08 02:00:00,8,4,0,late_night,rain,8,1,169,56,358.37,1,0.1,0.06438055423718368,0.035619445762816324,1,395.33,39.53,67.42,256.97,31.41,1,0,0
3519,485,2026-06-15 21:00:00,15,0,0,breakfast,clear,5,3,531,181,439.88,1,0.05,0.036713382645075315,0.013286617354924687,0,0.0,0.0,0.0,0.0,0.0,0,0,0
3520,485,2026-05-02 15:00:00,2,5,1,breakfast,clear,5,1,386,133,329.4,1,0.05,0.04943367823472588,0.0005663217652741234,0,0.0,0.0,0.0,0.0,0.0,0,0,0
3521,485,2026-03-25 02:00:00,25,2,1,dinner,rain,1,1,117,38,339.09,0,0.0,0.0,0.0,0,0.0,0.0,0.0,0.0,0.0,0,0,0
3522,485,2026-02-21 13:00:00,21,5,0,dinner,clear,14,2,380,131,355.04,1,0.2,0.1916422317529192,0.008357768247080816,1,393.33,78.67,67.6,255.67,-8.6,1,0,0
3523,485,2026-04-03 01:00:00,3,4,1,late_night,clear,4,1,383,132,348.19,0,0.0,0.0,0.0,1,348.19,0.0,56.5,226.32,65.37,0,0,0
3524,485,2026-05-30 16:00:00,30,5,1,late_night,clear,6,3,57,19,353.42,1,0.1,0.08832609368076469,0.011673906319235317,1,377.47,37.75,63.88,245.36,30.49,0,0,0
3525,485,2026-06-10 20:00:00,10,2,0,lunch,clear,4,1,501,172,342.17,0,0.0,0.0,0.0,0,0.0,0.0,0.0,0.0,0.0,0,0,0
3526,485,2026-04-13 16:00:00,13,0,0,breakfast,clear,6,1,18,5,453.72,0,0.0,0.0,0.0,0,0.0,0.0,0.0,0.0,0.0,0,0,0
3527,485,2026-03-03 12:00:00,3,1,1,dinner,clear,9,3,490,168,404.53,1,0.2,0.11806493586038438,0.08193506413961563,1,448.16,89.63,51.94,291.3,15.28,0,0,0
3528,485,2026-01-27 16:00:00,27,1,1,dinner,rain,7,3,447,154,368.02,1,0.1,0.0774364724129667,0.02256352758703331,1,393.06,39.31,71.32,255.49,26.95,1,0,0
3529,485,2026-06-08 07:00:00,8,0,0,dinner,clear,11,1,37,11,363.11,0,0.0,0.0,0.0,0,0.0,0.0,0.0,0.0,0.0,0,0,0
3530,485,2026-04-25 05:00:00,25,5,1,late_night,clear,1,2,107,36,245.73,0,0.0,0.0,0.0,0,0.0,0.0,0.0,0.0,0.0,0,0,0
3531,485,2026-04-18 20:00:00,18,5,0,dinner,clear,4,1,396,136,466.36,1,0.15,0.10564163404736521,0.04435836595263479,1,508.31,76.25,85.3,330.4,16.36,1,0,0
3532,486,2026-03-19 23:00:00,19,3,0,dinner,clear,11,1,505,173,326.67,1,0.15,0.09298112431957006,0.05701887568042993,1,352.4,52.86,70.12,229.06,0.36,0,0,0
3533,487,2026-03-25 13:00:00,25,2,1,late_night,extreme,4,1,539,184,302.3,0,0.0,0.0,0.0,0,0.0,0.0,0.0,0.0,0.0,0,0,0
3534,487,2026-01-14 07:00:00,14,2,0,breakfast,clear,9,2,223,73,306.77,1,0.2,0.1495031626115325,0.050496837388467525,1,372.49,74.5,84.16,242.12,-28.29,1,0,0
3535,488,2026-01-28 19:00:00,28,2,1,dinner,clear,2,2,34,10,395.98,0,0.0,0.0,0.0,0,0.0,0.0,0.0,0.0,0.0,0,0,0
3536,488,2026-06-15 11:00:00,15,0,0,late_night,clear,5,2,439,151,283.62,1,0.1,0.09895504348086413,0.0010449565191358728,1,309.61,30.96,51.64,201.25,25.76,0,0,0
3537,488,2026-01-06 05:00:00,6,1,1,lunch,extreme,10,1,385,133,536.61,1,0.1,0.09911411275226498,0.0008858872477350288,1,585.79,58.58,76.54,380.76,69.91,1,0,0
3538,488,2026-05-07 17:00:00,7,3,1,late_night,clear,12,1,270,90,394.25,0,0.0,0.0,0.0,0,0.0,0.0,0.0,0.0,0.0,0,0,0
3539,488,2026-06-22 05:00:00,22,0,0,late_night,clear,12,3,185,61,409.82,0,0.0,0.0,0.0,0,0.0,0.0,0.0,0.0,0.0,0,0,0
3540,488,2026-04-18 20:00:00,18,5,0,dinner,rain,13,4,161,54,318.19,1,0.1,0.05280436735656407,0.04719563264343594,1,347.35,34.74,73.3,225.78,13.54,0,0,0
3541,488,2026-05-01 22:00:00,1,4,1,late_night,clear,7,1,226,74,412.77,0,0.0,0.0,0.0,0,0.0,0.0,0.0,0.0,0.0,0,0,0
3542,489,2026-03-12 10:00:00,12,3,0,lunch,rain,3,1,248,81,302.79,1,0.1,0.06951284341235074,0.030487156587649264,1,338.96,33.9,54.22,220.33,30.52,0,0,0
3543,489,2026-06-01 23:00:00,1,0,1,late_night,clear,12,3,46,14,430.08,0,0.0,0.0,0.0,1,430.08,0.0,70.78,279.55,79.75,0,0,0
3544,489,2026-04-14 08:00:00,14,1,0,late_night,rain,12,1,505,173,326.67,1,0.05,0.026725502505122414,0.02327449749487759,0,0.0,0.0,0.0,0.0,0.0,0,0,0
3545,490,2026-01-07 09:00:00,7,2,1,breakfast,extreme,10,2,14,4,405.99,0,0.0,0.0,0.0,0,0.0,0.0,0.0,0.0,0.0,0,0,0
3546,490,2026-02-11 18:00:00,11,2,0,late_night,clear,5,2,314,105,440.46,0,0.0,0.0,0.0,0,0.0,0.0,0.0,0.0,0.0,0,0,0
3547,490,2026-04-19 20:00:00,19,6,0,breakfast,clear,8,3,387,133,497.56,1,0.2,0.16632898643308716,0.03367101356691285,1,607.8,121.56,73.54,395.07,17.63,0,0,0
3548,490,2026-03-01 02:00:00,1,6,1,lunch,clear,8,4,396,136,466.36,1,0.15,0.1224233134332601,0.027576686566739894,1,552.54,82.88,85.3,359.15,25.21,0,0,0
3549,490,2026-05-01 02:00:00,1,4,1,late_night,clear,10,1,169,56,358.37,0,0.0,0.0,0.0,0,0.0,0.0,0.0,0.0,0.0,0,0,0
3550,490,2026-03-06 09:00:00,6,4,1,late_night,rain,5,2,300,101,352.16,1,0.05,0.038027926546857015,0.011972073453142988,1,380.96,19.05,73.9,247.62,40.39,0,0,0
3551,490,2026-01-23 21:00:00,23,4,0,breakfast,clear,12,1,165,55,393.95,1,0.15,0.1494923555098745,0.0005076444901254973,1,466.75,70.01,87.64,303.39,5.71,0,0,0
3552,490,2026-01-07 07:00:00,7,2,1,lunch,clear,5,1,44,13,374.19,1,0.15,0.07984754533520519,0.0701524546647948,1,443.34,66.5,45.22,288.17,43.45,0,0,0
3553,491,2026-01-05 22:00:00,5,0,1,lunch,clear,4,1,429,146,459.99,1,0.1,0.06584673779560413,0.03415326220439588,1,519.68,51.97,50.62,337.79,79.3,0,0,0
3554,491,2026-02-18 03:00:00,18,2,0,breakfast,clear,12,3,469,160,452.07,1,0.05,0.027939498536088694,0.02206050146391131,0,0.0,0.0,0.0,0.0,0.0,0,0,0
3555,491,2026-05-18 10:00:00,18,0,0,lunch,clear,2,1,537,183,538.14,0,0.0,0.0,0.0,0,0.0,0.0,0.0,0.0,0.0,0,0,0
3556,491,2026-02-21 09:00:00,21,5,0,breakfast,clear,4,1,297,100,435.63,1,0.2,0.10803321829844033,0.09196678170155968,1,525.22,105.04,64.18,341.39,14.6,0,0,0
3557,491,2026-03-25 22:00:00,25,2,1,late_night,clear,12,2,292,98,326.18,1,0.05,0.02766984465911633,0.022330155340883673,1,350.94,17.55,49.48,228.11,55.8,0,0,0
3558,491,2026-01-27 21:00:00,27,1,1,breakfast,clear,14,2,501,172,342.17,0,0.0,0.0,0.0,0,0.0,0.0,0.0,0.0,0.0,0,0,0
3559,491,2026-03-08 03:00:00,8,6,0,late_night,clear,14,2,197,65,394.82,0,0.0,0.0,0.0,0,0.0,0.0,0.0,0.0,0.0,0,0,0
3560,492,2026-06-29 04:00:00,29,0,1,lunch,rain,8,1,280,93,389.78,0,0.0,0.0,0.0,0,0.0,0.0,0.0,0.0,0.0,0,0,0
3561,492,2026-06-02 10:00:00,2,1,1,breakfast,clear,2,2,330,111,302.15,1,0.05,0.04533242473808721,0.00466757526191279,1,320.43,16.02,59.8,208.28,36.33,0,0,0
3562,492,2026-04-29 17:00:00,29,2,1,lunch,clear,5,1,492,169,517.7,1,0.2,0.17696942505040056,0.023030574949599453,1,602.54,120.51,51.34,391.65,39.04,0,0,0
3563,492,2026-04-23 03:00:00,23,3,0,breakfast,rain,2,2,546,187,314.46,0,0.0,0.0,0.0,1,314.46,0.0,79.24,204.4,30.82,0,0,0
3564,492,2026-03-19 12:00:00,19,3,0,breakfast,extreme,3,3,69,22,531.2,1,0.15,0.11256694819285629,0.03743305180714371,1,603.81,90.57,89.98,392.48,30.78,1,0,0
3565,492,2026-05-11 20:00:00,11,0,0,breakfast,clear,1,1,359,121,321.16,0,0.0,0.0,0.0,0,0.0,0.0,0.0,0.0,0.0,0,0,0
3566,492,2026-04-05 06:00:00,5,6,1,late_night,rain,5,4,60,20,327.51,1,0.2,0.15655876846964745,0.043441231530352564,1,381.18,76.24,59.02,247.77,-1.84,0,0,0
3567,492,2026-02-07 14:00:00,7,5,1,dinner,clear,1,1,235,76,242.38,1,0.2,0.1506980534354417,0.0493019465645583,1,282.1,56.42,53.26,183.37,-10.94,0,0,0
3568,492,2026-02-07 00:00:00,7,5,1,breakfast,clear,2,1,421,144,346.22,0,0.0,0.0,0.0,0,0.0,0.0,0.0,0.0,0.0,0,0,0
3569,492,2026-01-07 01:00:00,7,2,1,late_night,clear,13,3,581,197,473.43,0,0.0,0.0,0.0,0,0.0,0.0,0.0,0.0,0.0,0,0,0
3570,492,2026-03-30 16:00:00,30,0,1,late_night,clear,7,2,159,53,379.66,0,0.0,0.0,0.0,1,379.66,0.0,77.38,246.78,55.5,0,0,0
3571,492,2026-05-05 07:00:00,5,1,1,lunch,clear,8,2,451,155,376.18,1,0.05,0.04773043572981445,0.002269564270185556,0,0.0,0.0,0.0,0.0,0.0,0,0,0
3572,492,2026-03-10 07:00:00,10,1,0,dinner,rain,3,1,302,101,453.97,1,0.2,0.10143162104820469,0.09856837895179532,1,528.37,105.67,73.9,343.44,5.36,1,0,0
3573,493,2026-06-21 08:00:00,21,6,0,dinner,rain,7,2,136,45,379.51,1,0.1,0.08891272529963273,0.011087274700367272,1,418.93,41.89,69.46,272.3,35.27,0,0,0
3574,493,2026-01-15 12:00:00,15,3,0,breakfast,clear,12,1,261,86,381.66,0,0.0,0.0,0.0,0,0.0,0.0,0.0,0.0,0.0,0,0,0
3575,493,2026-05-11 20:00:00,11,0,0,dinner,clear,4,1,322,108,306.99,1,0.15,0.1305265846494128,0.019473415350587192,1,349.14,52.37,88.6,226.94,-18.77,1,0,0
3576,493,2026-06-13 22:00:00,13,5,0,lunch,rain,8,1,427,146,526.27,0,0.0,0.0,0.0,0,0.0,0.0,0.0,0.0,0.0,0,0,0
3577,493,2026-03-28 20:00:00,28,5,1,lunch,clear,1,2,49,15,501.91,0,0.0,0.0,0.0,0,0.0,0.0,0.0,0.0,0.0,0,0,0
3578,493,2026-02-10 21:00:00,10,1,0,late_night,clear,2,1,343,116,496.91,0,0.0,0.0,0.0,0,0.0,0.0,0.0,0.0,0.0,0,0,0
3579,493,2026-01-04 21:00:00,4,6,1,dinner,clear,8,1,35,11,312.68,0,0.0,0.0,0.0,0,0.0,0.0,0.0,0.0,0.0,0,0,0
3580,493,2026-03-01 01:00:00,1,6,1,dinner,clear,14,1,322,108,306.99,1,0.2,0.16871536995543945,0.03128463004456056,1,357.53,71.51,88.6,232.39,-34.97,0,0,0
3581,493,2026-05-04 01:00:00,4,0,1,dinner,clear,1,3,54,17,410.72,0,0.0,0.0,0.0,1,410.72,0.0,57.1,266.97,86.65,0,0,0
3582,494,2026-01-27 18:00:00,27,1,1,breakfast,clear,13,4,59,20,453.76,1,0.1,0.05927116771322029,0.04072883228677972,1,487.02,48.7,57.52,316.56,64.24,0,0,0
3583,494,2026-03-22 11:00:00,22,6,0,lunch,clear,5,3,382,132,329.93,0,0.0,0.0,0.0,0,0.0,0.0,0.0,0.0,0.0,0,0,0
3584,494,2026-03-19 21:00:00,19,3,0,breakfast,clear,4,1,260,86,580.54,1,0.05,0.03717510726977163,0.012824892730228375,1,605.43,30.27,73.0,393.53,108.63,0,0,0
3585,494,2026-01-12 22:00:00,12,0,0,dinner,clear,14,1,531,181,439.88,0,0.0,0.0,0.0,0,0.0,0.0,0.0,0.0,0.0,0,0,0
3586,494,2026-04-01 17:00:00,1,2,1,lunch,clear,4,2,318,107,312.54,0,0.0,0.0,0.0,1,312.54,0.0,62.98,203.15,46.41,0,0,0
3587,495,2026-02-06 03:00:00,6,4,1,late_night,extreme,3,1,206,68,536.05,0,0.0,0.0,0.0,0,0.0,0.0,0.0,0.0,0.0,0,0,0
3588,495,2026-01-28 17:00:00,28,2,1,dinner,clear,7,1,26,7,436.75,1,0.1,0.051239994610478214,0.04876000538952179,1,492.79,49.28,82.3,320.31,40.9,1,0,0
3589,495,2026-06-13 15:00:00,13,5,0,late_night,clear,11,2,490,168,404.53,1,0.2,0.10422639213925514,0.09577360786074487,1,486.79,97.36,51.94,316.42,21.08,0,0,0
3590,495,2026-02-08 23:00:00,8,6,0,dinner,clear,2,1,522,178,248.13,1,0.15,0.0765600206534281,0.0734399793465719,1,290.21,43.53,64.54,188.64,-6.5,0,0,0
3591,496,2026-03-12 05:00:00,12,3,0,dinner,rain,9,2,439,151,283.62,0,0.0,0.0,0.0,1,283.62,0.0,53.14,184.35,46.13,0,0,0
3592,496,2026-05-30 14:00:00,30,5,1,late_night,clear,7,1,37,11,363.11,1,0.15,0.12357984152891316,0.026420158471086835,1,431.18,64.68,51.82,280.27,34.42,0,0,0
3593,496,2026-01-18 06:00:00,18,6,0,dinner,rain,6,1,262,87,288.41,1,0.1,0.07267362048895534,0.027326379511044663,1,329.31,32.93,53.5,214.05,28.83,1,0,0
3594,496,2026-01-31 18:00:00,31,5,1,late_night,clear,9,1,75,24,427.09,1,0.05,0.03676834711429046,0.013231652885709544,1,462.52,23.13,71.02,300.64,67.74,0,0,0
3595,496,2026-04-14 02:00:00,14,1,0,lunch,clear,7,1,536,183,397.95,0,0.0,0.0,0.0,0,0.0,0.0,0.0,0.0,0.0,0,0,0
3596,496,2026-03-19 20:00:00,19,3,0,breakfast,clear,7,1,280,93,389.78,0,0.0,0.0,0.0,0,0.0,0.0,0.0,0.0,0.0,0,0,0
3597,496,2026-01-30 10:00:00,30,4,1,dinner,clear,4,3,400,137,312.2,1,0.2,0.16872587935566208,0.03127412064433793,1,382.38,76.48,63.94,248.54,-6.58,0,0,0
3598,496,2026-05-09 13:00:00,9,5,0,late_night,rain,12,1,381,131,606.56,1,0.15,0.14584051729560588,0.0041594827043941185,1,720.27,108.04,69.1,468.18,74.95,0,0,0
3599,496,2026-03-14 15:00:00,14,5,0,dinner,clear,2,1,75,24,427.09,0,0.0,0.0,0.0,0,0.0,0.0,0.0,0.0,0.0,0,0,0
3600,496,2026-04-24 20:00:00,24,4,0,late_night,rain,8,2,453,156,246.22,1,0.2,0.11381826145205681,0.0861817385479432,1,301.56,60.31,88.42,196.02,-43.19,0,0,0
3601,496,2026-06-26 03:00:00,26,4,1,lunch,clear,9,1,287,96,526.62,0,0.0,0.0,0.0,0,0.0,0.0,0.0,0.0,0.0,0,0,0
3602,496,2026-02-24 08:00:00,24,1,0,lunch,rain,2,2,466,159,288.17,0,0.0,0.0,0.0,0,0.0,0.0,0.0,0.0,0.0,0,0,0
3603,497,2026-05-03 11:00:00,3,6,1,late_night,clear,7,1,437,150,421.49,0,0.0,0.0,0.0,1,421.49,0.0,64.84,273.97,82.68,0,0,0
3604,497,2026-04-11 06:00:00,11,5,0,breakfast,rain,12,2,572,195,327.24,1,0.15,0.10620069342831889,0.0437993065716811,1,372.31,55.85,57.4,242.0,17.06,0,0,0
3605,497,2026-04-14 16:00:00,14,1,0,lunch,rain,1,1,435,149,364.22,1,0.2,0.14951715488359293,0.05048284511640708,1,424.36,84.87,48.88,275.83,14.77,1,0,0
3606,497,2026-04-02 14:00:00,2,3,1,lunch,clear,8,1,411,140,433.0,1,0.1,0.06856515325819161,0.031434846741808395,1,478.11,47.81,81.52,310.77,38.01,0,0,0
3607,497,2026-03-02 05:00:00,2,0,1,lunch,clear,13,2,410,140,370.66,0,0.0,0.0,0.0,0,0.0,0.0,0.0,0.0,0.0,0,0,0
3608,497,2026-02-08 07:00:00,8,6,0,dinner,clear,12,1,102,34,373.66,1,0.15,0.13977106537193174,0.01022893462806826,1,425.12,63.77,55.54,276.33,29.48,0,0,0
3609,498,2026-03-21 15:00:00,21,5,0,dinner,clear,9,1,209,68,405.41,1,0.2,0.10914440880161864,0.09085559119838137,1,445.56,89.11,48.76,289.62,18.07,0,0,0
3610,498,2026-06-22 12:00:00,22,0,0,lunch,clear,7,1,442,152,349.53,0,0.0,0.0,0.0,0,0.0,0.0,0.0,0.0,0.0,0,0,0
3611,498,2026-01-19 10:00:00,19,0,0,late_night,clear,6,1,202,67,483.51,0,0.0,0.0,0.0,0,0.0,0.0,0.0,0.0,0.0,0,0,0
3612,498,2026-01-01 14:00:00,1,3,1,dinner,rain,10,1,393,135,332.05,0,0.0,0.0,0.0,0,0.0,0.0,0.0,0.0,0.0,0,0,0
3613,498,2026-06-19 01:00:00,19,4,0,late_night,rain,4,1,116,38,269.91,0,0.0,0.0,0.0,0,0.0,0.0,0.0,0.0,0.0,0,0,0
3614,498,2026-01-13 16:00:00,13,1,0,breakfast,clear,10,1,583,198,447.0,1,0.15,0.08480944595681732,0.06519055404318268,1,483.92,72.59,66.7,314.55,30.08,1,0,0
3615,498,2026-03-18 01:00:00,18,2,0,lunch,clear,11,1,500,172,443.27,1,0.15,0.12000236121656738,0.029997638783432617,1,479.89,71.98,65.98,311.93,30.0,0,0,0
3616,498,2026-06-10 02:00:00,10,2,0,lunch,extreme,11,1,530,181,442.66,0,0.0,0.0,0.0,0,0.0,0.0,0.0,0.0,0.0,0,0,0
3617,498,2026-05-08 08:00:00,8,4,0,late_night,clear,8,1,183,60,258.03,0,0.0,0.0,0.0,0,0.0,0.0,0.0,0.0,0.0,0,0,0
3618,498,2026-02-15 23:00:00,15,6,0,lunch,clear,14,1,316,106,301.05,0,0.0,0.0,0.0,0,0.0,0.0,0.0,0.0,0.0,0,0,0
3619,498,2026-01-12 08:00:00,12,0,0,lunch,clear,3,1,346,117,414.91,0,0.0,0.0,0.0,0,0.0,0.0,0.0,0.0,0.0,0,0,0
3620,498,2026-05-24 09:00:00,24,6,0,late_night,extreme,13,1,46,14,430.08,1,0.1,0.05679324711926157,0.043206752880738435,1,456.95,45.7,73.78,297.02,40.46,0,0,0
3621,498,2026-06-04 14:00:00,4,3,1,dinner,extreme,13,2,293,99,379.55,0,0.0,0.0,0.0,0,0.0,0.0,0.0,0.0,0.0,0,0,0
3622,498,2026-03-29 02:00:00,29,6,1,lunch,clear,10,1,32,9,287.49,0,0.0,0.0,0.0,0,0.0,0.0,0.0,0.0,0.0,0,0,0
3623,499,2026-06-10 15:00:00,10,2,0,dinner,extreme,7,2,571,194,573.77,1,0.05,0.031390150406357877,0.018609849593642126,1,597.94,29.9,83.32,388.66,96.06,0,0,0
3624,499,2026-01-13 13:00:00,13,1,0,dinner,clear,4,2,288,97,518.36,0,0.0,0.0,0.0,0,0.0,0.0,0.0,0.0,0.0,0,0,0
3625,499,2026-06-07 15:00:00,7,6,1,dinner,extreme,9,1,491,168,332.34,0,0.0,0.0,0.0,0,0.0,0.0,0.0,0.0,0.0,0,0,0
3626,499,2026-05-24 12:00:00,24,6,0,breakfast,clear,2,2,136,45,379.51,0,0.0,0.0,0.0,1,379.51,0.0,67.96,246.68,64.87,0,0,0
3627,499,2026-03-20 05:00:00,20,4,0,breakfast,rain,4,2,194,65,439.76,1,0.15,0.10251628976570457,0.04748371023429543,0,0.0,0.0,0.0,0.0,0.0,0,0,0
3628,499,2026-05-25 21:00:00,25,0,1,late_night,clear,11,2,259,85,416.73,0,0.0,0.0,0.0,0,0.0,0.0,0.0,0.0,0.0,0,0,0
3629,499,2026-04-03 21:00:00,3,4,1,dinner,clear,13,2,349,118,378.25,0,0.0,0.0,0.0,1,378.25,0.0,89.02,245.86,43.37,0,0,0
3630,499,2026-03-05 08:00:00,5,3,1,breakfast,clear,8,1,124,40,597.62,0,0.0,0.0,0.0,1,597.62,0.0,73.18,388.45,135.99,0,0,0
3631,499,2026-03-20 09:00:00,20,4,0,lunch,clear,1,1,79,25,491.57,0,0.0,0.0,0.0,1,491.57,0.0,82.3,319.52,89.75,0,0,0
3632,499,2026-06-17 08:00:00,17,2,0,lunch,extreme,1,1,458,157,403.97,1,0.1,0.07139421415744933,0.028605785842550677,1,433.06,43.31,70.24,281.49,38.02,0,0,0
3633,499,2026-06-21 07:00:00,21,6,0,late_night,clear,13,5,526,180,528.36,0,0.0,0.0,0.0,0,0.0,0.0,0.0,0.0,0.0,0,0,0
3634,499,2026-05-25 09:00:00,25,0,1,lunch,clear,4,1,537,183,538.14,0,0.0,0.0,0.0,1,538.14,0.0,50.32,349.79,138.03,0,0,0
3635,499,2026-01-22 23:00:00,22,3,0,lunch,clear,4,3,297,100,435.63,0,0.0,0.0,0.0,0,0.0,0.0,0.0,0.0,0.0,0,0,0
3636,500,2026-02-25 21:00:00,25,2,1,dinner,rain,7,2,382,132,329.93,0,0.0,0.0,0.0,0,0.0,0.0,0.0,0.0,0.0,0,0,0
3637,500,2026-05-07 17:00:00,7,3,1,late_night,rain,10,1,319,107,397.81,1,0.05,0.026560495233744864,0.02343950476625514,1,425.23,21.26,64.48,276.4,63.09,1,0,0
3638,500,2026-01-02 19:00:00,2,4,1,lunch,clear,4,4,100,33,426.11,0,0.0,0.0,0.0,0,0.0,0.0,0.0,0.0,0.0,0,0,0
3639,500,2026-05-04 14:00:00,4,0,1,breakfast,rain,13,2,426,146,402.47,1,0.15,0.13024600355749005,0.01975399644250994,1,465.17,69.78,52.12,302.36,40.91,0,0,0
3640,500,2026-05-20 01:00:00,20,2,0,dinner,extreme,1,2,582,198,450.79,1,0.1,0.06047047275546198,0.039529527244538024,1,503.92,50.39,69.7,327.55,56.28,0,0,0
3641,500,2026-02-04 13:00:00,4,2,1,lunch,clear,1,2,377,130,439.99,0,0.0,0.0,0.0,0,0.0,0.0,0.0,0.0,0.0,0,0,0
3642,500,2026-05-30 05:00:00,30,5,1,dinner,rain,5,1,561,191,228.08,0,0.0,0.0,0.0,0,0.0,0.0,0.0,0.0,0.0,0,0,0
3643,500,2026-03-07 12:00:00,7,5,1,breakfast,clear,1,2,299,101,404.49,0,0.0,0.0,0.0,0,0.0,0.0,0.0,0.0,0.0,0,0,0
3644,501,2026-02-11 00:00:00,11,2,0,dinner,clear,2,1,522,178,248.13,1,0.15,0.13132859240340083,0.01867140759659916,1,291.89,43.78,64.54,189.73,-6.16,1,0,0
3645,501,2026-05-27 00:00:00,27,2,1,late_night,clear,3,1,401,138,355.52,1,0.05,0.0386222601450194,0.011377739854980605,1,383.26,19.16,50.2,249.12,64.78,0,1,0
3646,501,2026-01-06 04:00:00,6,1,1,late_night,clear,12,5,262,87,288.41,1,0.15,0.12919416157813204,0.02080583842186795,1,339.27,50.89,52.0,220.52,15.85,0,0,0
3647,501,2026-05-23 03:00:00,23,5,0,late_night,clear,7,1,32,9,287.49,0,0.0,0.0,0.0,0,0.0,0.0,0.0,0.0,0.0,0,0,0
3648,501,2026-02-11 14:00:00,11,2,0,lunch,clear,13,2,149,50,355.86,1,0.05,0.03197335431172762,0.018026645688272384,1,383.63,19.18,57.04,249.36,58.05,0,0,0
3649,501,2026-03-27 08:00:00,27,4,1,late_night,clear,10,2,365,124,467.16,0,0.0,0.0,0.0,0,0.0,0.0,0.0,0.0,0.0,0,0,0
3650,501,2026-03-01 17:00:00,1,6,1,late_night,rain,14,2,538,184,343.47,0,0.0,0.0,0.0,0,0.0,0.0,0.0,0.0,0.0,0,0,0
3651,502,2026-06-05 23:00:00,5,4,1,breakfast,clear,14,2,128,42,428.94,1,0.15,0.09540603386758299,0.054593966132417,1,486.6,72.99,50.92,316.29,46.4,0,0,0
3652,502,2026-01-23 07:00:00,23,4,0,dinner,clear,13,3,538,184,343.47,0,0.0,0.0,0.0,0,0.0,0.0,0.0,0.0,0.0,0,0,0
3653,502,2026-06-08 05:00:00,8,0,0,lunch,clear,6,4,90,30,431.25,1,0.05,0.03316557086331841,0.016834429136681595,0,0.0,0.0,0.0,0.0,0.0,0,0,0
3654,502,2026-05-24 19:00:00,24,6,0,dinner,clear,11,1,6,2,546.89,1,0.15,0.09613561131032619,0.0538643886896738,1,620.4,93.06,80.14,403.26,43.94,0,0,0
3655,502,2026-02-27 23:00:00,27,4,1,late_night,clear,6,3,175,57,349.16,1,0.05,0.049543690260825,0.00045630973917500095,1,369.93,18.5,56.14,240.45,54.84,1,0,0
3656,502,2026-03-02 04:00:00,2,0,1,lunch,clear,3,1,348,118,387.46,1,0.15,0.1064259192038436,0.04357408079615639,1,439.54,65.93,89.02,285.7,-1.11,0,0,0
3657,502,2026-04-17 21:00:00,17,4,0,late_night,clear,14,1,360,122,593.1,1,0.15,0.13826820540093213,0.011731794599067868,1,672.82,100.92,60.34,437.34,74.22,0,0,0
3658,502,2026-03-06 11:00:00,6,4,1,dinner,rain,7,1,0,0,289.95,1,0.1,0.06672179005539614,0.03327820994460387,1,319.43,31.94,47.68,207.63,32.18,0,0,0
3659,502,2026-04-05 03:00:00,5,6,1,late_night,clear,3,1,321,108,326.88,1,0.05,0.04600548505328711,0.003994514946712893,1,346.32,17.32,88.6,225.11,15.3,0,0,0
3660,502,2026-04-25 12:00:00,25,5,1,breakfast,rain,13,1,478,163,234.55,1,0.2,0.18054176085755794,0.019458239142442074,1,272.35,54.47,56.08,177.03,-15.23,1,0,0
3661,502,2026-02-21 03:00:00,21,5,0,lunch,clear,9,1,246,80,447.69,1,0.1,0.052283255251434124,0.04771674474856588,1,493.21,49.32,73.0,320.59,50.3,0,0,0
3662,502,2026-02-21 17:00:00,21,5,0,lunch,clear,13,1,2,0,467.58,1,0.15,0.1494002984476878,0.000599701552312204,1,530.43,79.56,46.18,344.78,59.91,1,0,0
3663,502,2026-01-03 05:00:00,3,5,1,breakfast,clear,8,1,302,101,453.97,1,0.05,0.029964933366081754,0.02003506663391825,1,480.97,24.05,72.4,312.63,71.89,0,0,0
3664,502,2026-05-20 07:00:00,20,2,0,lunch,extreme,2,3,69,22,531.2,1,0.1,0.08015061290637349,0.01984938709362652,1,585.21,58.52,89.98,380.39,56.32,1,0,0
3665,503,2026-04-17 13:00:00,17,4,0,late_night,clear,14,2,424,145,401.06,0,0.0,0.0,0.0,0,0.0,0.0,0.0,0.0,0.0,0,0,0
3666,503,2026-06-02 00:00:00,2,1,1,breakfast,clear,4,1,315,106,288.77,1,0.2,0.11643756262216098,0.08356243737783903,0,0.0,0.0,0.0,0.0,0.0,0,0,0
3667,503,2026-04-03 06:00:00,3,4,1,late_night,clear,6,3,326,110,455.16,1,0.2,0.1541863780864793,0.0458136219135207,1,560.39,112.08,69.34,364.26,14.72,0,0,0
3668,503,2026-06-15 13:00:00,15,0,0,lunch,rain,2,1,115,38,322.99,1,0.2,0.1807187505479179,0.019281249452082122,1,397.67,79.53,47.5,258.48,12.15,0,0,0
3669,503,2026-01-21 04:00:00,21,2,0,breakfast,clear,3,1,38,12,516.36,1,0.15,0.12536288148887362,0.024637118511126377,1,615.93,92.39,79.96,400.36,43.23,0,0,0
3670,503,2026-03-06 11:00:00,6,4,1,late_night,rain,11,1,366,125,440.68,1,0.2,0.10906363903398304,0.09093636096601697,1,542.57,108.51,71.32,352.67,10.06,0,0,0
3671,503,2026-01-01 09:00:00,1,3,1,late_night,clear,12,2,93,31,496.71,1,0.1,0.09379359226259538,0.006206407737404621,1,569.17,56.92,55.78,369.96,86.51,1,0,0
3672,503,2026-06-22 15:00:00,22,0,0,dinner,clear,1,3,467,159,534.48,1,0.1,0.05302688125276583,0.04697311874723418,1,612.45,61.24,51.7,398.09,101.41,0,0,0
3673,503,2026-03-07 05:00:00,7,5,1,lunch,extreme,3,3,117,38,339.09,1,0.15,0.07649732091517161,0.07350267908482838,1,404.48,60.67,49.0,262.91,31.9,0,0,0
3674,503,2026-04-03 21:00:00,3,4,1,late_night,clear,14,3,94,31,485.17,1,0.05,0.03381732652114945,0.01618267347885055,1,526.57,26.33,55.78,342.27,102.19,0,0,0
3675,503,2026-05-31 11:00:00,31,6,1,late_night,clear,7,2,316,106,301.05,1,0.15,0.1377029889882143,0.012297011011785708,1,359.1,53.87,53.32,233.42,18.5,0,0,0
3676,503,2026-05-26 20:00:00,26,1,1,dinner,extreme,4,2,267,89,351.67,0,0.0,0.0,0.0,0,0.0,0.0,0.0,0.0,0.0,0,0,0
3677,503,2026-01-08 18:00:00,8,3,0,lunch,clear,10,1,127,41,443.42,1,0.15,0.12973585453386502,0.020264145466134975,1,528.93,79.34,47.8,343.8,57.99,0,0,0
3678,503,2026-02-12 10:00:00,12,3,0,dinner,clear,6,1,283,95,342.16,1,0.15,0.08414103963183411,0.06585896036816588,1,408.14,61.22,67.12,265.29,14.51,1,0,0
3679,504,2026-04-17 03:00:00,17,4,0,lunch,clear,9,1,430,147,329.56,1,0.1,0.09543874197359468,0.004561258026405321,1,366.81,36.68,87.64,238.42,4.06,1,0,0
3680,504,2026-06-13 08:00:00,13,5,0,breakfast,clear,6,1,124,40,597.62,0,0.0,0.0,0.0,0,0.0,0.0,0.0,0.0,0.0,0,0,0
3681,504,2026-03-03 00:00:00,3,1,1,breakfast,rain,9,1,428,146,518.02,1,0.1,0.09272569544477478,0.007274304555225222,1,576.57,57.66,52.12,374.77,92.02,1,0,0
3682,504,2026-02-17 07:00:00,17,1,0,dinner,extreme,13,2,242,78,538.55,1,0.05,0.04818033784456804,0.0018196621554319656,1,574.15,28.71,81.7,373.2,90.55,0,0,0
3683,504,2026-02-26 09:00:00,26,3,1,late_night,clear,14,1,68,22,418.77,0,0.0,0.0,0.0,0,0.0,0.0,0.0,0.0,0.0,0,0,0
3684,505,2026-04-05 03:00:00,5,6,1,breakfast,extreme,6,3,577,196,458.78,0,0.0,0.0,0.0,0,0.0,0.0,0.0,0.0,0.0,0,0,0
3685,505,2026-04-05 20:00:00,5,6,1,lunch,clear,11,1,99,33,451.11,0,0.0,0.0,0.0,0,0.0,0.0,0.0,0.0,0.0,0,0,0
3686,505,2026-06-14 08:00:00,14,6,0,late_night,clear,9,2,489,168,352.48,1,0.1,0.09184434914632661,0.008155650853673396,1,396.7,39.67,51.94,257.85,47.23,0,0,0
3687,505,2026-01-20 08:00:00,20,1,0,lunch,extreme,3,1,408,140,346.78,1,0.1,0.09122508651351115,0.008774913486488858,1,390.28,39.03,84.52,253.68,13.05,1,0,1
3688,505,2026-02-22 22:00:00,22,6,0,late_night,clear,2,1,578,197,363.8,0,0.0,0.0,0.0,1,363.8,0.0,64.06,236.47,63.27,0,0,0
3689,505,2026-01-26 02:00:00,26,0,1,dinner,clear,5,4,298,100,356.47,0,0.0,0.0,0.0,0,0.0,0.0,0.0,0.0,0.0,0,0,0
3690,505,2026-05-06 10:00:00,6,2,1,breakfast,clear,5,2,233,76,237.76,0,0.0,0.0,0.0,0,0.0,0.0,0.0,0.0,0.0,0,0,0
3691,505,2026-03-03 13:00:00,3,1,1,dinner,extreme,7,1,91,31,333.01,0,0.0,0.0,0.0,0,0.0,0.0,0.0,0.0,0.0,0,0,0
3692,505,2026-06-27 19:00:00,27,5,1,breakfast,clear,12,1,295,99,382.6,0,0.0,0.0,0.0,0,0.0,0.0,0.0,0.0,0.0,0,0,0
3693,505,2026-04-20 22:00:00,20,0,0,late_night,clear,11,2,95,32,503.4,0,0.0,0.0,0.0,1,503.4,0.0,81.4,327.21,94.79,0,0,0
3694,505,2026-01-02 17:00:00,2,4,1,lunch,extreme,10,2,321,108,326.88,0,0.0,0.0,0.0,0,0.0,0.0,0.0,0.0,0.0,0,0,0
3695,506,2026-03-09 02:00:00,9,0,0,late_night,clear,8,3,166,55,410.42,1,0.2,0.1411945676928308,0.0588054323071692,0,0.0,0.0,0.0,0.0,0.0,0,0,0
3696,506,2026-05-13 19:00:00,13,2,0,dinner,rain,14,1,356,120,422.65,1,0.05,0.04709847179738307,0.0029015282026169306,1,438.34,21.92,89.14,284.92,42.36,1,0,0
3697,506,2026-01-08 09:00:00,8,3,0,lunch,clear,7,1,195,65,438.04,1,0.2,0.12209201913157952,0.07790798086842049,1,482.11,96.42,56.92,313.37,15.4,0,0,0
3698,506,2026-05-25 06:00:00,25,0,1,lunch,clear,10,1,161,54,318.19,1,0.05,0.027249427021314623,0.02275057297868538,0,0.0,0.0,0.0,0.0,0.0,0,0,0
3699,506,2026-04-04 04:00:00,4,5,1,breakfast,clear,10,1,69,22,531.2,0,0.0,0.0,0.0,0,0.0,0.0,0.0,0.0,0.0,0,0,0
3700,506,2026-03-20 20:00:00,20,4,0,breakfast,clear,8,2,189,63,421.89,1,0.05,0.03397703337431967,0.016022966625680334,0,0.0,0.0,0.0,0.0,0.0,0,0,0
3701,506,2026-03-13 23:00:00,13,4,0,breakfast,clear,8,2,282,94,310.14,0,0.0,0.0,0.0,1,310.14,0.0,52.36,201.59,56.19,0,0,0
3702,506,2026-02-23 14:00:00,23,0,0,late_night,clear,14,5,59,20,453.76,0,0.0,0.0,0.0,1,453.76,0.0,57.52,294.94,101.3,0,0,0
3703,506,2026-06-20 16:00:00,20,5,0,breakfast,rain,9,1,466,159,288.17,1,0.15,0.11741767618201378,0.03258232381798622,0,0.0,0.0,0.0,0.0,0.0,0,0,0
3704,506,2026-05-06 06:00:00,6,2,1,breakfast,clear,2,1,354,119,352.83,0,0.0,0.0,0.0,0,0.0,0.0,0.0,0.0,0.0,0,0,0
3705,506,2026-03-17 21:00:00,17,1,0,late_night,rain,7,1,58,19,386.43,1,0.2,0.1859918211394625,0.014008178860537512,1,425.31,85.06,65.38,276.45,-1.58,0,0,0
3706,507,2026-05-24 14:00:00,24,6,0,breakfast,clear,3,5,430,147,329.56,1,0.2,0.18229001387609156,0.01770998612390845,1,373.69,74.74,87.64,242.9,-31.59,0,0,0
3707,507,2026-02-28 10:00:00,28,5,1,dinner,clear,10,1,463,158,372.27,1,0.2,0.15019738261790258,0.04980261738209743,1,422.11,84.42,83.14,274.37,-19.82,0,0,0
3708,508,2026-05-26 22:00:00,26,1,1,lunch,clear,8,3,34,10,395.98,1,0.2,0.15093217606570275,0.04906782393429726,1,479.54,95.91,83.8,311.7,-11.87,0,0,0
3709,508,2026-02-27 02:00:00,27,4,1,breakfast,clear,9,3,41,13,378.71,1,0.15,0.10536843113290041,0.04463156886709958,0,0.0,0.0,0.0,0.0,0.0,0,0,0
3710,509,2026-06-25 08:00:00,25,3,1,lunch,rain,12,2,41,13,378.71,0,0.0,0.0,0.0,1,378.71,0.0,46.72,246.16,85.83,0,0,0
3711,509,2026-06-13 00:00:00,13,5,0,late_night,rain,6,1,512,175,411.67,0,0.0,0.0,0.0,1,411.67,0.0,71.44,267.59,72.64,0,0,0
3712,509,2026-01-13 03:00:00,13,1,0,lunch,clear,7,1,376,129,469.03,0,0.0,0.0,0.0,0,0.0,0.0,0.0,0.0,0.0,0,0,0
3713,509,2026-03-24 19:00:00,24,1,0,dinner,clear,14,1,564,192,450.77,0,0.0,0.0,0.0,0,0.0,0.0,0.0,0.0,0.0,0,0,0
3714,509,2026-01-02 06:00:00,2,4,1,dinner,extreme,11,4,226,74,412.77,0,0.0,0.0,0.0,0,0.0,0.0,0.0,0.0,0.0,0,0,0
3715,509,2026-04-14 08:00:00,14,1,0,late_night,clear,10,2,160,53,410.45,1,0.2,0.12225860678635897,0.07774139321364104,1,479.04,95.81,77.38,311.37,-5.52,1,0,0
3716,509,2026-04-17 22:00:00,17,4,0,breakfast,clear,1,1,440,151,317.0,0,0.0,0.0,0.0,0,0.0,0.0,0.0,0.0,0.0,0,0,0
3717,510,2026-05-28 06:00:00,28,3,1,dinner,rain,3,1,424,145,401.06,0,0.0,0.0,0.0,0,0.0,0.0,0.0,0.0,0.0,0,0,0
3718,510,2026-04-15 13:00:00,15,2,0,lunch,clear,6,1,207,68,306.93,1,0.1,0.06155363170492099,0.03844636829507902,1,360.77,36.08,48.76,234.5,41.43,0,0,0
3719,510,2026-04-07 13:00:00,7,1,1,breakfast,extreme,4,2,101,34,347.68,1,0.1,0.08805227572991732,0.011947724270082685,1,408.66,40.87,58.54,265.63,43.63,0,0,0
3720,510,2026-06-29 16:00:00,29,0,1,late_night,rain,5,1,365,124,467.16,0,0.0,0.0,0.0,0,0.0,0.0,0.0,0.0,0.0,0,0,0
3721,510,2026-05-14 20:00:00,14,3,0,dinner,rain,4,4,454,156,238.15,0,0.0,0.0,0.0,0,0.0,0.0,0.0,0.0,0.0,0,0,0
3722,511,2026-02-06 05:00:00,6,4,1,breakfast,rain,11,1,157,52,324.13,0,0.0,0.0,0.0,1,324.13,0.0,62.14,210.68,51.31,0,0,0
3723,511,2026-04-16 19:00:00,16,3,0,dinner,extreme,13,1,179,59,330.4,1,0.15,0.12588523218850303,0.024114767811496962,1,360.33,54.05,61.48,234.21,10.59,0,0,0
3724,511,2026-06-19 06:00:00,19,4,0,dinner,clear,10,1,225,73,503.59,0,0.0,0.0,0.0,0,0.0,0.0,0.0,0.0,0.0,0,0,0
3725,511,2026-02-21 16:00:00,21,5,0,breakfast,clear,11,1,266,88,603.82,1,0.15,0.09026027398706368,0.05973972601293631,1,658.51,98.78,64.66,428.03,67.04,1,0,0
3726,511,2026-04-25 12:00:00,25,5,1,dinner,rain,8,1,58,19,386.43,1,0.15,0.09249260276016825,0.05750739723983174,1,421.43,63.21,65.38,273.93,18.91,1,0,0
3727,511,2026-01-01 20:00:00,1,3,1,lunch,clear,11,2,167,55,394.06,1,0.2,0.11337389278755226,0.08662610721244775,1,436.85,87.37,87.64,283.96,-22.11,0,0,0
3728,511,2026-01-26 19:00:00,26,0,1,dinner,clear,8,5,40,12,466.1,1,0.2,0.17730660180210245,0.022693398197897563,1,516.72,103.34,79.96,335.87,-2.45,0,0,0
3729,511,2026-01-19 06:00:00,19,0,0,lunch,clear,11,4,108,36,342.36,1,0.1,0.06354878282125102,0.03645121717874898,1,365.82,36.58,69.58,237.78,21.87,1,0,0
3730,511,2026-05-10 15:00:00,10,6,0,dinner,clear,13,2,180,59,346.42,1,0.1,0.09080659822925674,0.009193401770743265,1,370.16,37.02,58.48,240.6,34.06,0,0,0
3731,512,2026-05-31 12:00:00,31,6,1,lunch,clear,8,2,416,142,323.29,0,0.0,0.0,0.0,0,0.0,0.0,0.0,0.0,0.0,0,0,0
3732,512,2026-03-12 11:00:00,12,3,0,dinner,clear,2,2,46,14,430.08,0,0.0,0.0,0.0,1,430.08,0.0,70.78,279.55,79.75,0,0,0
3733,512,2026-02-01 13:00:00,1,6,1,lunch,clear,9,1,34,10,395.98,0,0.0,0.0,0.0,0,0.0,0.0,0.0,0.0,0.0,0,0,0
3734,512,2026-03-10 17:00:00,10,1,0,dinner,clear,1,4,135,44,274.41,1,0.05,0.029146666975840386,0.020853333024159617,0,0.0,0.0,0.0,0.0,0.0,0,0,0
3735,512,2026-01-13 08:00:00,13,1,0,dinner,clear,5,1,417,143,507.05,1,0.1,0.06120747080776036,0.03879252919223965,1,552.07,55.21,70.36,358.85,67.66,0,0,0
3736,512,2026-02-13 08:00:00,13,4,0,late_night,clear,4,4,29,9,439.47,1,0.05,0.03198915769262619,0.018010842307373813,1,462.3,23.11,49.24,300.49,89.45,0,0,0
3737,512,2026-04-29 13:00:00,29,2,1,breakfast,extreme,1,3,381,131,606.56,1,0.1,0.08812021821605687,0.011879781783943139,0,0.0,0.0,0.0,0.0,0.0,0,1,0
3738,512,2026-02-24 02:00:00,24,1,0,breakfast,clear,4,2,70,22,412.24,0,0.0,0.0,0.0,1,412.24,0.0,86.98,267.96,57.3,0,0,0
3739,512,2026-03-15 14:00:00,15,6,0,dinner,clear,11,1,512,175,411.67,0,0.0,0.0,0.0,1,411.67,0.0,69.94,267.59,74.14,0,0,0
3740,512,2026-04-27 05:00:00,27,0,1,lunch,clear,10,1,184,61,352.75,1,0.2,0.17824564493033768,0.021754355069662334,1,402.39,80.48,52.42,261.56,7.94,0,0,0
3741,513,2026-02-07 11:00:00,7,5,1,late_night,clear,11,1,391,134,438.46,0,0.0,0.0,0.0,1,438.46,0.0,49.18,285.0,104.28,0,0,0
3742,513,2026-02-09 00:00:00,9,0,0,dinner,clear,2,2,167,55,394.06,1,0.15,0.07956169675376111,0.07043830324623888,1,454.4,68.16,87.64,295.36,3.24,0,0,0
3743,513,2026-03-23 10:00:00,23,0,0,dinner,clear,4,1,489,168,352.48,0,0.0,0.0,0.0,0,0.0,0.0,0.0,0.0,0.0,0,0,0
3744,513,2026-04-15 20:00:00,15,2,0,late_night,rain,9,1,368,126,431.88,0,0.0,0.0,0.0,1,431.88,0.0,70.3,280.72,80.86,0,0,0
3745,513,2026-01-10 12:00:00,10,5,0,late_night,clear,10,1,464,159,253.04,1,0.15,0.12575002711405978,0.02424997288594022,1,291.78,43.77,51.7,189.66,6.66,1,0,0
3746,514,2026-03-23 07:00:00,23,0,0,dinner,extreme,2,2,519,178,302.78,1,0.05,0.044919335593401194,0.005080664406598809,0,0.0,0.0,0.0,0.0,0.0,0,0,0
3747,514,2026-05-11 13:00:00,11,0,0,lunch,clear,14,3,70,22,412.24,0,0.0,0.0,0.0,0,0.0,0.0,0.0,0.0,0.0,0,0,0
3748,514,2026-05-11 21:00:00,11,0,0,dinner,extreme,2,2,563,192,291.77,0,0.0,0.0,0.0,0,0.0,0.0,0.0,0.0,0.0,0,0,0
3749,514,2026-05-22 08:00:00,22,4,0,late_night,clear,6,2,475,162,365.58,0,0.0,0.0,0.0,0,0.0,0.0,0.0,0.0,0.0,0,0,0
3750,514,2026-04-09 07:00:00,9,3,0,dinner,clear,5,1,428,146,518.02,0,0.0,0.0,0.0,0,0.0,0.0,0.0,0.0,0.0,0,0,0
3751,514,2026-05-10 04:00:00,10,6,0,dinner,rain,1,1,420,144,369.6,0,0.0,0.0,0.0,1,369.6,0.0,52.24,240.24,77.12,0,0,0
3752,515,2026-05-10 08:00:00,10,6,0,lunch,clear,10,1,577,196,458.78,1,0.15,0.13860151938925286,0.011398480610747136,1,539.59,80.94,46.84,350.73,61.08,0,0,0
3753,515,2026-06-13 01:00:00,13,5,0,lunch,clear,1,1,346,117,414.91,1,0.1,0.05372641595973937,0.046273584040260635,1,470.19,47.02,77.2,305.63,40.35,1,0,0
3754,515,2026-02-05 19:00:00,5,3,1,late_night,clear,14,1,244,79,438.48,1,0.05,0.029091374793275938,0.020908625206724065,0,0.0,0.0,0.0,0.0,0.0,0,0,0
3755,515,2026-05-08 03:00:00,8,4,0,breakfast,rain,12,1,508,174,403.66,0,0.0,0.0,0.0,1,403.66,0.0,57.58,262.38,83.7,0,0,0
3756,515,2026-04-24 02:00:00,24,4,0,breakfast,clear,8,2,570,194,428.5,0,0.0,0.0,0.0,0,0.0,0.0,0.0,0.0,0.0,0,0,0
3757,515,2026-06-07 23:00:00,7,6,1,late_night,clear,9,2,47,14,362.77,0,0.0,0.0,0.0,0,0.0,0.0,0.0,0.0,0.0,0,0,0
3758,515,2026-03-25 03:00:00,25,2,1,late_night,clear,13,1,287,96,526.62,0,0.0,0.0,0.0,0,0.0,0.0,0.0,0.0,0.0,0,0,0
3759,515,2026-01-09 09:00:00,9,4,0,late_night,rain,1,2,547,187,395.56,1,0.15,0.079962440157014,0.070037559842986,1,465.23,69.78,79.24,302.4,13.81,0,0,0
3760,515,2026-06-22 20:00:00,22,0,0,breakfast,clear,5,1,87,29,453.25,0,0.0,0.0,0.0,0,0.0,0.0,0.0,0.0,0.0,0,0,0
3761,516,2026-05-28 16:00:00,28,3,1,late_night,clear,6,1,298,100,356.47,1,0.2,0.12322244021886485,0.07677755978113517,1,419.77,83.95,64.18,272.85,-1.22,0,0,0
3762,516,2026-04-04 22:00:00,4,5,1,breakfast,clear,11,2,440,151,317.0,1,0.05,0.0337324829714721,0.016267517028527904,1,337.77,16.89,51.64,219.55,49.69,1,0,0
3763,516,2026-05-30 22:00:00,30,5,1,late_night,clear,11,1,189,63,421.89,1,0.1,0.05744937010740192,0.042550629892598085,1,469.15,46.92,87.88,304.95,29.41,1,0,0
3764,516,2026-02-22 18:00:00,22,6,0,dinner,clear,1,1,512,175,411.67,1,0.1,0.0831390020292189,0.01686099797078111,1,457.79,45.78,69.94,297.56,44.51,1,0,0
3765,516,2026-01-16 05:00:00,16,4,0,dinner,clear,5,1,500,172,443.27,1,0.15,0.10263484355395451,0.047365156446045484,1,508.92,76.34,65.98,330.8,35.8,0,0,0
3766,517,2026-04-21 12:00:00,21,1,0,late_night,clear,8,1,444,153,387.88,1,0.15,0.14402300010789684,0.005976999892103152,1,434.61,65.19,78.88,282.49,8.04,0,0,0
3767,517,2026-05-08 10:00:00,8,4,0,dinner,clear,1,1,152,50,315.22,1,0.1,0.07631846392192529,0.023681536078074716,1,343.95,34.39,57.04,223.57,28.95,1,0,0
3768,517,2026-06-09 10:00:00,9,1,0,breakfast,clear,10,1,8,2,501.52,1,0.1,0.08320023379539845,0.01679976620460155,1,547.22,54.72,80.14,355.7,56.67,0,0,0
3769,517,2026-05-02 17:00:00,2,5,1,breakfast,clear,6,2,115,38,322.99,0,0.0,0.0,0.0,0,0.0,0.0,0.0,0.0,0.0,0,0,0
3770,518,2026-02-04 04:00:00,4,2,1,dinner,rain,13,2,304,102,403.47,0,0.0,0.0,0.0,0,0.0,0.0,0.0,0.0,0.0,0,0,0
3771,518,2026-01-27 04:00:00,27,1,1,lunch,clear,5,2,262,87,288.41,1,0.15,0.1340257823689572,0.015974217631042786,1,326.68,49.0,52.0,212.34,13.34,0,0,0
3772,518,2026-06-23 08:00:00,23,1,0,lunch,clear,10,3,270,90,394.25,0,0.0,0.0,0.0,0,0.0,0.0,0.0,0.0,0.0,0,0,0
3773,518,2026-01-16 04:00:00,16,4,0,dinner,rain,14,2,206,68,536.05,1,0.15,0.11989866788548213,0.030101332114517862,1,607.18,91.08,50.26,394.67,71.18,0,0,0
3774,518,2026-03-10 07:00:00,10,1,0,lunch,rain,5,3,214,70,450.65,1,0.15,0.14634107824028816,0.0036589217597118306,1,510.45,76.57,91.78,331.79,10.31,0,0,0
3775,518,2026-02-18 14:00:00,18,2,0,dinner,clear,6,2,545,187,326.24,0,0.0,0.0,0.0,0,0.0,0.0,0.0,0.0,0.0,0,0,0
3776,518,2026-01-10 18:00:00,10,5,0,breakfast,rain,7,2,554,189,318.22,0,0.0,0.0,0.0,0,0.0,0.0,0.0,0.0,0.0,0,0,0
3777,518,2026-01-16 20:00:00,16,4,0,breakfast,clear,12,2,53,17,395.01,1,0.05,0.037171551556961606,0.012828448443038397,1,418.21,20.91,57.1,271.83,68.36,0,1,0
3778,518,2026-02-24 14:00:00,24,1,0,breakfast,clear,10,2,287,96,526.62,1,0.1,0.08213202200994883,0.017867977990051173,1,579.48,57.95,60.88,376.67,83.99,1,0,0
3779,518,2026-01-20 02:00:00,20,1,0,breakfast,clear,3,2,341,115,349.17,0,0.0,0.0,0.0,1,349.17,0.0,83.5,226.96,38.71,0,0,0
3780,518,2026-01-15 09:00:00,15,3,0,breakfast,extreme,9,2,53,17,395.01,1,0.15,0.1427359000613393,0.007264099938660701,1,447.43,67.11,60.1,290.83,29.39,0,0,0
3781,518,2026-05-24 19:00:00,24,6,0,breakfast,clear,2,1,72,23,541.6,1,0.15,0.13196419583999283,0.018035804160007163,1,613.47,92.02,89.32,398.76,33.37,0,1,0
3782,518,2026-06-04 21:00:00,4,3,1,lunch,clear,11,4,90,30,431.25,0,0.0,0.0,0.0,0,0.0,0.0,0.0,0.0,0.0,0,0,0
3783,518,2026-03-11 15:00:00,11,2,0,breakfast,clear,12,3,264,87,368.04,1,0.1,0.0648160467852436,0.03518395321475641,1,404.99,40.5,52.0,263.24,49.25,0,0,0
3784,519,2026-03-30 06:00:00,30,0,1,breakfast,clear,5,2,415,142,396.5,0,0.0,0.0,0.0,0,0.0,0.0,0.0,0.0,0.0,0,0,0
3785,519,2026-04-12 17:00:00,12,6,0,breakfast,clear,11,1,180,59,346.42,1,0.2,0.17072101436545362,0.029278985634546395,0,0.0,0.0,0.0,0.0,0.0,0,0,0
3786,519,2026-03-12 21:00:00,12,3,0,late_night,rain,11,3,124,40,597.62,0,0.0,0.0,0.0,0,0.0,0.0,0.0,0.0,0.0,0,0,0
3787,519,2026-02-15 00:00:00,15,6,0,dinner,clear,5,1,82,26,413.45,1,0.15,0.10530522394865137,0.044694776051348625,0,0.0,0.0,0.0,0.0,0.0,0,0,0
3788,519,2026-05-23 05:00:00,23,5,0,lunch,rain,7,1,23,7,447.81,0,0.0,0.0,0.0,0,0.0,0.0,0.0,0.0,0.0,0,0,0
3789,519,2026-06-11 17:00:00,11,3,0,dinner,rain,3,1,38,12,516.36,1,0.05,0.045519319892743805,0.004480680107256198,1,525.62,26.28,81.46,341.66,76.23,1,0,0
3790,519,2026-06-05 09:00:00,5,4,1,breakfast,clear,10,3,243,79,453.8,0,0.0,0.0,0.0,0,0.0,0.0,0.0,0.0,0.0,0,0,0
3791,519,2026-01-03 09:00:00,3,5,1,breakfast,extreme,5,1,285,95,412.22,0,0.0,0.0,0.0,1,412.22,0.0,70.12,267.94,74.16,0,0,0
3792,519,2026-02-25 23:00:00,25,2,1,lunch,rain,6,4,366,125,440.68,1,0.2,0.1833374927318544,0.01666250726814561,1,462.1,92.42,71.32,300.37,-2.0,1,0,0
3793,520,2026-03-30 04:00:00,30,0,1,breakfast,clear,13,2,535,182,464.14,1,0.15,0.09613432781515778,0.053865672184842214,1,567.68,85.15,46.72,368.99,66.82,1,0,0
3794,520,2026-02-24 11:00:00,24,1,0,late_night,clear,11,1,138,45,433.17,0,0.0,0.0,0.0,0,0.0,0.0,0.0,0.0,0.0,0,0,0
3795,521,2026-01-09 15:00:00,9,4,0,lunch,clear,2,1,213,70,439.7,1,0.2,0.1329281371808951,0.0670718628191049,1,539.77,107.95,90.28,350.85,-9.32,0,0,0
3796,521,2026-06-02 16:00:00,2,1,1,lunch,clear,8,1,118,39,439.52,0,0.0,0.0,0.0,1,439.52,0.0,85.12,285.69,68.71,0,0,0
3797,521,2026-05-11 11:00:00,11,0,0,dinner,clear,12,1,225,73,503.59,1,0.15,0.10467958055002853,0.045320419449971464,1,599.18,89.88,84.16,389.46,35.68,0,0,0
3798,521,2026-04-04 02:00:00,4,5,1,lunch,extreme,3,3,512,175,411.67,1,0.05,0.03243212723633839,0.01756787276366161,0,0.0,0.0,0.0,0.0,0.0,0,0,0
3799,521,2026-03-23 15:00:00,23,0,0,dinner,clear,12,5,278,93,308.37,0,0.0,0.0,0.0,1,308.37,0.0,72.76,200.44,35.17,0,0,0
3800,521,2026-05-27 08:00:00,27,2,1,breakfast,clear,13,1,145,48,505.89,0,0.0,0.0,0.0,1,505.89,0.0,73.18,328.83,103.88,0,0,0
3801,521,2026-02-02 12:00:00,2,0,1,late_night,extreme,14,1,120,39,415.81,0,0.0,0.0,0.0,0,0.0,0.0,0.0,0.0,0.0,0,0,0
3802,521,2026-05-05 02:00:00,5,1,1,late_night,extreme,9,3,281,94,499.39,0,0.0,0.0,0.0,0,0.0,0.0,0.0,0.0,0.0,0,0,0
3803,521,2026-06-14 01:00:00,14,6,0,dinner,clear,6,1,389,134,419.42,1,0.1,0.08916362096566893,0.010836379034331073,1,479.64,47.96,49.18,311.77,70.73,1,0,0
3804,521,2026-01-25 02:00:00,25,6,1,lunch,clear,12,3,83,27,432.63,1,0.05,0.04144086588030749,0.008559134119692516,1,468.97,23.45,86.8,304.83,53.89,0,0,0
3805,521,2026-05-02 17:00:00,2,5,1,late_night,clear,10,4,107,36,245.73,0,0.0,0.0,0.0,0,0.0,0.0,0.0,0.0,0.0,0,0,0
3806,521,2026-02-06 21:00:00,6,4,1,late_night,extreme,1,1,359,121,321.16,0,0.0,0.0,0.0,0,0.0,0.0,0.0,0.0,0.0,0,0,0
3807,522,2026-01-08 18:00:00,8,3,0,late_night,clear,3,1,209,68,405.41,0,0.0,0.0,0.0,1,405.41,0.0,48.76,263.52,93.13,0,0,0
3808,522,2026-04-14 19:00:00,14,1,0,lunch,clear,7,4,471,161,556.82,0,0.0,0.0,0.0,0,0.0,0.0,0.0,0.0,0.0,0,0,0
3809,522,2026-04-26 06:00:00,26,6,1,late_night,rain,11,1,476,162,284.54,1,0.1,0.09721175404630801,0.002788245953691995,1,304.79,30.48,77.8,198.11,-1.6,0,0,1
3810,522,2026-01-01 10:00:00,1,3,1,lunch,rain,2,2,133,44,257.6,1,0.1,0.09151872348926364,0.008481276510736366,1,275.93,27.59,74.8,179.36,-5.82,0,0,0
3811,522,2026-04-20 07:00:00,20,0,0,dinner,clear,10,2,47,14,362.77,0,0.0,0.0,0.0,0,0.0,0.0,0.0,0.0,0.0,0,0,0
3812,522,2026-06-08 16:00:00,8,0,0,dinner,clear,12,2,202,67,483.51,1,0.1,0.060217434184186285,0.03978256581581372,1,517.92,51.79,65.62,336.65,63.86,1,0,0
3813,522,2026-03-22 06:00:00,22,6,0,lunch,clear,7,1,565,193,359.54,1,0.05,0.034119684994112796,0.015880315005887206,1,374.51,18.73,85.84,243.43,26.51,1,0,0
3814,522,2026-01-19 08:00:00,19,0,0,late_night,clear,13,5,84,27,443.26,0,0.0,0.0,0.0,0,0.0,0.0,0.0,0.0,0.0,0,0,0
3815,522,2026-03-30 05:00:00,30,0,1,dinner,clear,9,4,574,196,374.14,0,0.0,0.0,0.0,0,0.0,0.0,0.0,0.0,0.0,0,0,0
3816,522,2026-06-07 11:00:00,7,6,1,late_night,clear,4,2,403,138,375.94,1,0.1,0.05984814928600908,0.040151850713990925,1,402.7,40.27,50.2,261.75,50.47,0,0,0
3817,522,2026-04-24 21:00:00,24,4,0,breakfast,clear,11,4,401,138,355.52,1,0.2,0.11159562523597533,0.08840437476402468,1,395.62,79.12,50.2,257.15,9.14,1,0,0
3818,522,2026-01-24 12:00:00,24,5,0,dinner,clear,4,2,4,1,425.22,1,0.1,0.07084474941443014,0.029155250585569864,0,0.0,0.0,0.0,0.0,0.0,0,1,0
3819,522,2026-05-24 19:00:00,24,6,0,late_night,clear,10,1,130,42,429.11,0,0.0,0.0,0.0,0,0.0,0.0,0.0,0.0,0.0,0,0,0
3820,523,2026-01-12 15:00:00,12,0,0,late_night,clear,3,1,482,165,337.45,1,0.05,0.026385557487617874,0.02361444251238213,1,368.24,18.41,64.18,239.35,46.29,0,0,0
3821,523,2026-06-14 11:00:00,14,6,0,dinner,rain,9,2,18,5,453.72,0,0.0,0.0,0.0,0,0.0,0.0,0.0,0.0,0.0,0,0,0
3822,524,2026-02-15 12:00:00,15,6,0,dinner,clear,4,2,148,49,348.4,1,0.1,0.05009925380829953,0.04990074619170048,1,379.72,37.97,63.94,246.82,30.99,1,0,0
3823,524,2026-03-14 09:00:00,14,5,0,late_night,rain,11,1,322,108,306.99,1,0.05,0.04668436558487458,0.003315634415125425,1,323.13,16.16,90.1,210.04,6.84,0,0,0
3824,524,2026-05-07 00:00:00,7,3,1,breakfast,clear,7,1,493,169,546.34,0,0.0,0.0,0.0,0,0.0,0.0,0.0,0.0,0.0,0,0,0
3825,524,2026-04-24 10:00:00,24,4,0,breakfast,clear,6,1,204,67,507.77,1,0.15,0.10046016564959154,0.04953983435040846,1,568.1,85.22,65.62,369.27,48.0,0,0,0
3826,524,2026-02-24 01:00:00,24,1,0,breakfast,rain,14,1,534,182,526.78,0,0.0,0.0,0.0,0,0.0,0.0,0.0,0.0,0.0,0,0,0
3827,524,2026-04-08 13:00:00,8,2,0,dinner,clear,10,2,544,186,446.87,1,0.2,0.11206887943090074,0.08793112056909927,1,510.53,102.11,75.46,331.85,1.12,0,0,0
3828,524,2026-06-10 20:00:00,10,2,0,late_night,clear,13,1,460,157,523.76,0,0.0,0.0,0.0,0,0.0,0.0,0.0,0.0,0.0,0,0,0
3829,524,2026-06-16 10:00:00,16,1,0,late_night,extreme,1,5,213,70,439.7,0,0.0,0.0,0.0,0,0.0,0.0,0.0,0.0,0.0,0,0,0
3830,524,2026-04-15 17:00:00,15,2,0,late_night,clear,4,1,484,166,333.57,1,0.2,0.11874204856748126,0.08125795143251875,1,381.09,76.22,86.74,247.71,-29.58,0,0,0
3831,524,2026-05-01 14:00:00,1,4,1,lunch,rain,5,5,171,56,410.01,1,0.05,0.042269186304058244,0.007730813695941759,1,431.57,21.58,67.42,280.52,62.05,0,0,0
3832,524,2026-03-23 05:00:00,23,0,0,breakfast,clear,14,1,92,31,500.94,1,0.2,0.10331577531110653,0.09668422468889348,1,572.31,114.46,55.78,372.0,30.07,1,0,0
3833,524,2026-02-12 04:00:00,12,3,0,breakfast,rain,2,2,518,177,457.29,1,0.05,0.04817957348265816,0.001820426517341843,1,481.33,24.07,71.32,312.87,73.08,0,0,0
3834,525,2026-05-18 19:00:00,18,0,0,breakfast,rain,9,1,86,28,398.14,0,0.0,0.0,0.0,1,398.14,0.0,52.06,258.79,87.29,0,0,0
3835,525,2026-04-24 01:00:00,24,4,0,breakfast,clear,6,3,527,180,602.61,1,0.2,0.11411148469019446,0.08588851530980555,1,654.79,130.96,77.86,425.62,20.36,0,0,0
3836,525,2026-06-13 09:00:00,13,5,0,late_night,clear,14,1,128,42,428.94,1,0.05,0.029276792850822794,0.02072320714917721,1,442.65,22.13,50.92,287.72,81.87,1,0,0
3837,525,2026-04-27 02:00:00,27,0,1,lunch,clear,7,2,228,74,270.68,1,0.05,0.044291983920479186,0.005708016079520817,1,279.33,13.97,71.92,181.57,11.88,0,0,0
3838,525,2026-04-30 03:00:00,30,3,1,dinner,clear,7,1,184,61,352.75,0,0.0,0.0,0.0,0,0.0,0.0,0.0,0.0,0.0,0,0,0
3839,525,2026-03-05 20:00:00,5,3,1,breakfast,clear,14,5,164,54,379.98,0,0.0,0.0,0.0,0,0.0,0.0,0.0,0.0,0.0,0,0,0
3840,526,2026-02-07 22:00:00,7,5,1,dinner,clear,13,2,82,26,413.45,0,0.0,0.0,0.0,1,413.45,0.0,89.38,268.74,55.33,0,0,0
3841,526,2026-03-25 22:00:00,25,2,1,dinner,clear,1,1,208,68,619.11,1,0.05,0.036745594070119215,0.013254405929880787,1,644.9,32.25,48.76,419.19,144.71,1,0,0
3842,526,2026-02-17 20:00:00,17,1,0,late_night,extreme,9,1,444,153,387.88,1,0.05,0.048122662463765044,0.001877337536234959,0,0.0,0.0,0.0,0.0,0.0,0,0,0
3843,526,2026-03-21 07:00:00,21,5,0,lunch,clear,8,4,271,90,376.38,0,0.0,0.0,0.0,0,0.0,0.0,0.0,0.0,0.0,0,0,0
3844,526,2026-06-15 16:00:00,15,0,0,lunch,clear,9,2,589,199,395.45,0,0.0,0.0,0.0,0,0.0,0.0,0.0,0.0,0.0,0,0,0
3845,526,2026-06-15 23:00:00,15,0,0,lunch,clear,12,2,513,176,549.34,0,0.0,0.0,0.0,0,0.0,0.0,0.0,0.0,0.0,0,0,0
3846,526,2026-01-19 12:00:00,19,0,0,lunch,rain,1,1,423,144,412.86,0,0.0,0.0,0.0,0,0.0,0.0,0.0,0.0,0.0,0,0,0
3847,527,2026-02-26 09:00:00,26,3,1,late_night,rain,14,1,34,10,395.98,0,0.0,0.0,0.0,0,0.0,0.0,0.0,0.0,0.0,0,0,0
3848,527,2026-04-10 14:00:00,10,4,0,late_night,clear,4,1,281,94,499.39,0,0.0,0.0,0.0,0,0.0,0.0,0.0,0.0,0.0,0,0,0
3849,527,2026-04-09 14:00:00,9,3,0,lunch,clear,7,1,415,142,396.5,1,0.15,0.09740162516440119,0.0525983748355988,0,0.0,0.0,0.0,0.0,0.0,0,0,0
3850,527,2026-02-22 21:00:00,22,6,0,late_night,clear,8,3,271,90,376.38,0,0.0,0.0,0.0,0,0.0,0.0,0.0,0.0,0.0,0,0,0
3851,527,2026-02-14 16:00:00,14,5,0,late_night,clear,9,1,115,38,322.99,1,0.05,0.03827688938209464,0.01172311061790536,1,327.44,16.37,46.0,212.84,52.23,1,0,0
3852,527,2026-05-03 05:00:00,3,6,1,dinner,rain,14,3,61,20,226.19,0,0.0,0.0,0.0,0,0.0,0.0,0.0,0.0,0.0,0,0,0
3853,527,2026-03-27 09:00:00,27,4,1,dinner,clear,11,1,52,17,309.09,0,0.0,0.0,0.0,0,0.0,0.0,0.0,0.0,0.0,0,0,0
3854,527,2026-01-03 18:00:00,3,5,1,late_night,extreme,10,1,248,81,302.79,1,0.15,0.08316600280285198,0.06683399719714801,1,312.22,46.83,55.72,202.94,6.72,0,0,0
3855,527,2026-01-08 22:00:00,8,3,0,late_night,clear,1,1,366,125,440.68,1,0.05,0.04553905680695784,0.004460943193042161,0,0.0,0.0,0.0,0.0,0.0,0,0,0
3856,527,2026-05-23 20:00:00,23,5,0,breakfast,clear,12,4,274,92,294.0,0,0.0,0.0,0.0,0,0.0,0.0,0.0,0.0,0.0,0,0,0
3857,527,2026-05-05 01:00:00,5,1,1,late_night,clear,7,3,33,10,294.15,0,0.0,0.0,0.0,0,0.0,0.0,0.0,0.0,0.0,0,0,0
3858,528,2026-06-02 12:00:00,2,1,1,late_night,clear,7,2,169,56,358.37,0,0.0,0.0,0.0,1,358.37,0.0,65.92,232.94,59.51,0,0,0
3859,528,2026-04-15 03:00:00,15,2,0,lunch,rain,6,2,501,172,342.17,1,0.15,0.1339065804170631,0.01609341958293689,1,362.72,54.41,67.48,235.77,5.06,1,0,0
3860,528,2026-04-14 03:00:00,14,1,0,breakfast,clear,6,1,375,129,325.69,1,0.05,0.03641328121554739,0.013586718784452612,1,334.35,16.72,79.06,217.33,21.24,1,0,0
3861,528,2026-03-19 04:00:00,19,3,0,breakfast,clear,8,2,248,81,302.79,0,0.0,0.0,0.0,0,0.0,0.0,0.0,0.0,0.0,0,0,0
3862,528,2026-05-10 15:00:00,10,6,0,late_night,clear,14,3,29,9,439.47,0,0.0,0.0,0.0,0,0.0,0.0,0.0,0.0,0.0,0,0,0
3863,528,2026-04-16 21:00:00,16,3,0,breakfast,clear,6,1,286,96,396.78,0,0.0,0.0,0.0,1,396.78,0.0,60.88,257.91,77.99,0,0,0
3864,529,2026-05-04 15:00:00,4,0,1,lunch,clear,12,1,528,180,430.97,0,0.0,0.0,0.0,1,430.97,0.0,77.86,280.13,72.98,0,0,0
3865,529,2026-01-26 14:00:00,26,0,1,breakfast,extreme,14,1,572,195,327.24,0,0.0,0.0,0.0,0,0.0,0.0,0.0,0.0,0.0,0,0,0
3866,529,2026-01-02 13:00:00,2,4,1,late_night,rain,4,3,437,150,421.49,1,0.2,0.1359346500661395,0.06406534993386051,1,482.75,96.55,66.34,313.79,6.07,0,0,0
3867,529,2026-06-16 00:00:00,16,1,0,lunch,clear,4,1,90,30,431.25,1,0.15,0.14605782349328497,0.003942176506715023,1,483.53,72.53,81.88,314.29,14.83,0,0,0
3868,529,2026-05-30 03:00:00,30,5,1,breakfast,rain,10,1,421,144,346.22,0,0.0,0.0,0.0,0,0.0,0.0,0.0,0.0,0.0,0,0,0
3869,529,2026-01-05 13:00:00,5,0,1,dinner,clear,8,2,32,9,287.49,0,0.0,0.0,0.0,0,0.0,0.0,0.0,0.0,0.0,0,0,0
3870,529,2026-01-12 13:00:00,12,0,0,lunch,extreme,5,1,530,181,442.66,0,0.0,0.0,0.0,0,0.0,0.0,0.0,0.0,0.0,0,0,0
3871,529,2026-01-12 12:00:00,12,0,0,late_night,clear,3,3,411,140,433.0,0,0.0,0.0,0.0,0,0.0,0.0,0.0,0.0,0.0,0,0,0
3872,529,2026-06-07 18:00:00,7,6,1,breakfast,clear,2,4,379,130,459.76,0,0.0,0.0,0.0,1,459.76,0.0,72.88,298.84,88.04,0,0,0
3873,529,2026-01-22 01:00:00,22,3,0,late_night,clear,5,1,559,191,467.99,1,0.1,0.06902360685054361,0.030976393149456397,1,510.91,51.09,87.64,332.09,40.09,1,0,0
3874,530,2026-06-16 14:00:00,16,1,0,dinner,clear,4,1,243,79,453.8,1,0.2,0.1405013946663335,0.05949860533366652,1,507.34,101.47,71.92,329.77,4.18,0,0,0
3875,530,2026-01-02 10:00:00,2,4,1,lunch,clear,3,4,422,144,437.29,0,0.0,0.0,0.0,0,0.0,0.0,0.0,0.0,0.0,0,0,0
3876,530,2026-03-27 19:00:00,27,4,1,breakfast,clear,6,3,588,199,334.13,1,0.15,0.13657872988124298,0.013421270118757017,1,367.01,55.05,61.78,238.56,11.62,0,0,0
3877,530,2026-04-20 13:00:00,20,0,0,breakfast,clear,6,4,236,77,323.45,0,0.0,0.0,0.0,0,0.0,0.0,0.0,0.0,0.0,0,0,0
3878,530,2026-03-07 11:00:00,7,5,1,breakfast,rain,5,2,580,197,288.97,0,0.0,0.0,0.0,0,0.0,0.0,0.0,0.0,0.0,0,0,0
3879,530,2026-05-15 21:00:00,15,4,0,breakfast,extreme,5,3,344,116,430.3,1,0.05,0.03669167127219879,0.01330832872780121,0,0.0,0.0,0.0,0.0,0.0,0,0,0
3880,530,2026-04-19 15:00:00,19,6,0,dinner,clear,14,1,46,14,430.08,1,0.15,0.10010224346599635,0.04989775653400365,1,472.4,70.86,70.78,307.06,23.7,1,0,1
3881,530,2026-02-01 14:00:00,1,6,1,lunch,rain,11,4,100,33,426.11,1,0.1,0.09996836401812441,3.16359818755968e-05,1,457.83,45.78,52.66,297.59,61.8,0,0,0
3882,530,2026-03-01 11:00:00,1,6,1,dinner,clear,8,2,369,126,374.47,0,0.0,0.0,0.0,1,374.47,0.0,68.8,243.41,62.26,0,0,0
3883,530,2026-04-04 17:00:00,4,5,1,late_night,extreme,14,2,526,180,528.36,1,0.2,0.15972491731464789,0.040275082685352126,1,590.7,118.14,80.86,383.96,7.75,0,0,0
3884,530,2026-01-26 00:00:00,26,0,1,lunch,clear,9,1,549,188,505.49,1,0.1,0.05383453805397296,0.046165461946027046,1,543.12,54.31,84.76,353.03,51.02,0,0,0
3885,530,2026-05-09 04:00:00,9,5,0,lunch,clear,13,4,380,131,355.04,1,0.15,0.11304809011056349,0.0369519098894365,1,389.98,58.5,67.6,253.49,10.4,0,0,0
3886,530,2026-03-03 07:00:00,3,1,1,breakfast,clear,14,2,191,64,343.36,0,0.0,0.0,0.0,0,0.0,0.0,0.0,0.0,0.0,0,0,0
3887,530,2026-04-04 14:00:00,4,5,1,lunch,rain,8,1,318,107,312.54,1,0.15,0.0877703031627399,0.062229696837260096,1,343.3,51.49,64.48,223.14,4.18,0,0,0
3888,531,2026-03-29 10:00:00,29,6,1,late_night,rain,8,3,206,68,536.05,1,0.1,0.07789813444649477,0.02210186555350524,1,575.37,57.54,50.26,373.99,93.58,1,0,0
3889,531,2026-06-17 05:00:00,17,2,0,late_night,extreme,9,1,239,78,297.85,1,0.15,0.11707191078526584,0.032928089214734155,1,326.73,49.01,81.7,212.38,-16.35,0,0,0
3890,531,2026-05-18 08:00:00,18,0,0,dinner,clear,10,2,245,80,423.87,0,0.0,0.0,0.0,1,423.87,0.0,73.0,275.52,75.35,0,0,0
3891,531,2026-02-01 18:00:00,1,6,1,late_night,clear,1,1,238,77,307.59,0,0.0,0.0,0.0,0,0.0,0.0,0.0,0.0,0.0,0,0,0
3892,531,2026-05-17 00:00:00,17,6,0,late_night,clear,14,1,102,34,373.66,0,0.0,0.0,0.0,0,0.0,0.0,0.0,0.0,0.0,0,0,0
3893,531,2026-04-16 23:00:00,16,3,0,lunch,clear,3,1,411,140,433.0,0,0.0,0.0,0.0,1,433.0,0.0,81.52,281.45,70.03,0,0,0
3894,531,2026-05-02 00:00:00,2,5,1,lunch,clear,1,1,238,77,307.59,1,0.15,0.13127777344132283,0.01872222655867717,1,337.42,50.61,71.56,219.32,-4.08,0,0,0
3895,531,2026-01-01 21:00:00,1,3,1,breakfast,rain,2,1,547,187,395.56,0,0.0,0.0,0.0,1,395.56,0.0,79.24,257.11,59.21,0,0,0
3896,531,2026-06-11 07:00:00,11,3,0,dinner,clear,8,1,129,42,337.95,0,0.0,0.0,0.0,0,0.0,0.0,0.0,0.0,0.0,0,0,0
3897,531,2026-04-09 22:00:00,9,3,0,lunch,clear,6,1,213,70,439.7,0,0.0,0.0,0.0,1,439.7,0.0,90.28,285.8,63.61,0,0,0
3898,531,2026-02-22 08:00:00,22,6,0,dinner,clear,9,1,279,93,516.93,1,0.2,0.15804463205446118,0.041955367945538835,1,577.03,115.41,72.76,375.07,13.79,0,0,0
3899,532,2026-05-07 00:00:00,7,3,1,late_night,clear,7,2,509,175,364.69,0,0.0,0.0,0.0,0,0.0,0.0,0.0,0.0,0.0,0,0,0
3900,532,2026-02-22 16:00:00,22,6,0,dinner,clear,10,3,461,158,470.93,1,0.1,0.09891580978467988,0.0010841902153201216,1,519.35,51.94,83.14,337.58,46.7,0,0,0
3901,532,2026-03-25 01:00:00,25,2,1,breakfast,extreme,7,1,181,60,297.43,1,0.1,0.05868208900821285,0.04131791099178716,1,328.01,32.8,82.18,213.21,-0.18,0,0,0
3902,532,2026-04-05 23:00:00,5,6,1,dinner,clear,10,2,146,48,348.11,0,0.0,0.0,0.0,0,0.0,0.0,0.0,0.0,0.0,0,0,0
3903,532,2026-03-31 22:00:00,31,1,1,breakfast,clear,12,3,303,102,431.39,0,0.0,0.0,0.0,0,0.0,0.0,0.0,0.0,0.0,0,0,0
3904,532,2026-05-07 05:00:00,7,3,1,dinner,clear,2,2,47,14,362.77,1,0.1,0.08808437129517468,0.01191562870482532,1,400.07,40.01,70.78,260.05,29.24,1,0,0
3905,532,2026-02-02 07:00:00,2,0,1,dinner,clear,12,1,537,183,538.14,0,0.0,0.0,0.0,0,0.0,0.0,0.0,0.0,0.0,0,0,0
3906,532,2026-02-05 11:00:00,5,3,1,lunch,clear,9,3,101,34,347.68,0,0.0,0.0,0.0,1,347.68,0.0,55.54,225.99,66.15,0,0,0
3907,532,2026-03-04 01:00:00,4,2,1,late_night,rain,9,3,205,67,352.05,0,0.0,0.0,0.0,0,0.0,0.0,0.0,0.0,0.0,0,0,0
3908,532,2026-01-25 15:00:00,25,6,1,breakfast,clear,1,1,11,3,382.03,1,0.2,0.19698072905715938,0.0030192709428406295,1,444.29,88.86,55.84,288.79,10.8,0,0,0
3909,532,2026-03-08 22:00:00,8,6,0,dinner,rain,2,3,420,144,369.6,1,0.05,0.035199008263710176,0.014800991736289827,1,391.83,19.59,52.24,254.69,65.31,0,0,0
3910,532,2026-02-18 22:00:00,18,2,0,lunch,clear,3,1,131,43,406.54,1,0.1,0.08514594916312104,0.014854050836878963,1,448.34,44.83,67.48,291.42,44.61,1,0,0
3911,532,2026-05-29 12:00:00,29,4,1,breakfast,extreme,13,1,50,16,341.45,0,0.0,0.0,0.0,0,0.0,0.0,0.0,0.0,0.0,0,0,0
3912,532,2026-01-23 19:00:00,23,4,0,breakfast,clear,12,1,426,146,402.47,0,0.0,0.0,0.0,0,0.0,0.0,0.0,0.0,0.0,0,0,0
3913,533,2026-06-08 18:00:00,8,0,0,late_night,extreme,1,1,284,95,437.97,0,0.0,0.0,0.0,1,437.97,0.0,70.12,284.68,83.17,0,0,0
3914,534,2026-03-26 19:00:00,26,3,1,lunch,rain,2,1,569,194,352.91,0,0.0,0.0,0.0,0,0.0,0.0,0.0,0.0,0.0,0,0,0
3915,534,2026-03-20 11:00:00,20,4,0,late_night,clear,10,1,528,180,430.97,1,0.15,0.1133178269106574,0.0366821730893426,1,506.11,75.92,77.86,328.97,23.36,1,0,0
3916,534,2026-01-17 07:00:00,17,5,0,dinner,clear,1,1,495,170,353.45,0,0.0,0.0,0.0,0,0.0,0.0,0.0,0.0,0.0,0,0,0
3917,534,2026-06-09 18:00:00,9,1,0,breakfast,clear,6,1,208,68,619.11,0,0.0,0.0,0.0,0,0.0,0.0,0.0,0.0,0.0,0,0,0
3918,534,2026-05-20 17:00:00,20,2,0,lunch,clear,4,2,89,30,399.84,0,0.0,0.0,0.0,0,0.0,0.0,0.0,0.0,0.0,0,0,0
3919,534,2026-05-04 23:00:00,4,0,1,dinner,clear,1,1,7,2,414.56,0,0.0,0.0,0.0,0,0.0,0.0,0.0,0.0,0.0,0,0,0
3920,534,2026-06-02 21:00:00,2,1,1,breakfast,rain,8,1,208,68,619.11,0,0.0,0.0,0.0,0,0.0,0.0,0.0,0.0,0.0,0,0,0
3921,534,2026-03-17 11:00:00,17,1,0,lunch,clear,14,1,436,149,386.12,0,0.0,0.0,0.0,0,0.0,0.0,0.0,0.0,0.0,0,0,0
3922,534,2026-03-29 23:00:00,29,6,1,dinner,clear,4,1,574,196,374.14,1,0.15,0.14152894107874942,0.00847105892125058,1,439.37,65.91,46.84,285.59,41.03,0,0,0
3923,535,2026-05-31 16:00:00,31,6,1,late_night,clear,11,1,161,54,318.19,0,0.0,0.0,0.0,0,0.0,0.0,0.0,0.0,0.0,0,0,0
3924,535,2026-06-28 23:00:00,28,6,1,dinner,clear,2,2,75,24,427.09,1,0.05,0.043116571001408956,0.006883428998591047,1,442.47,22.12,71.02,287.6,61.72,0,0,0
3925,535,2026-01-24 22:00:00,24,5,0,dinner,rain,10,1,8,2,501.52,1,0.05,0.03509472128545873,0.014905278714541274,0,0.0,0.0,0.0,0.0,0.0,0,0,0
3926,535,2026-05-30 16:00:00,30,5,1,breakfast,extreme,10,1,278,93,308.37,0,0.0,0.0,0.0,0,0.0,0.0,0.0,0.0,0.0,0,1,0
3927,535,2026-05-14 05:00:00,14,3,0,dinner,rain,6,1,306,102,364.7,0,0.0,0.0,0.0,0,0.0,0.0,0.0,0.0,0.0,0,0,0
3928,535,2026-01-30 04:00:00,30,4,1,dinner,clear,4,1,544,186,446.87,1,0.1,0.07333214712679427,0.026667852873205736,0,0.0,0.0,0.0,0.0,0.0,0,0,0
3929,535,2026-06-23 00:00:00,23,1,0,dinner,rain,1,1,538,184,343.47,0,0.0,0.0,0.0,0,0.0,0.0,0.0,0.0,0.0,0,0,0
3930,535,2026-01-30 00:00:00,30,4,1,breakfast,clear,11,4,353,119,370.29,1,0.05,0.037357863294214845,0.012642136705785158,0,0.0,0.0,0.0,0.0,0.0,0,0,0
3931,535,2026-01-23 14:00:00,23,4,0,late_night,clear,13,1,265,88,547.4,1,0.2,0.12075323758512808,0.07924676241487193,1,600.8,120.16,64.66,390.52,25.46,0,0,0
3932,535,2026-01-21 07:00:00,21,2,0,late_night,rain,12,2,334,112,602.0,1,0.15,0.09109363721601256,0.058906362783987434,0,0.0,0.0,0.0,0.0,0.0,0,0,0
3933,536,2026-04-27 10:00:00,27,0,1,lunch,rain,12,1,365,124,467.16,1,0.1,0.053823162827879224,0.04617683717212078,0,0.0,0.0,0.0,0.0,0.0,0,0,0
3934,536,2026-05-29 21:00:00,29,4,1,lunch,clear,4,3,457,157,396.77,1,0.1,0.05819330859615608,0.041806691403843924,1,455.16,45.52,67.24,295.86,46.55,1,0,0
3935,536,2026-04-29 12:00:00,29,2,1,breakfast,clear,1,1,241,78,460.55,1,0.05,0.039327331233381994,0.010672668766618008,1,500.2,25.01,78.7,325.13,71.36,1,0,1
3936,536,2026-03-04 04:00:00,4,2,1,dinner,rain,14,1,104,34,354.02,0,0.0,0.0,0.0,0,0.0,0.0,0.0,0.0,0.0,0,0,0
3937,536,2026-04-13 19:00:00,13,0,0,dinner,clear,5,1,479,164,360.53,0,0.0,0.0,0.0,0,0.0,0.0,0.0,0.0,0.0,0,0,0
3938,536,2026-06-07 08:00:00,7,6,1,dinner,clear,2,1,104,34,354.02,1,0.05,0.045142023792975265,0.004857976207024738,1,384.5,19.22,55.54,249.92,59.81,0,0,0
3939,536,2026-04-24 07:00:00,24,4,0,dinner,rain,9,5,288,97,518.36,1,0.15,0.14638396657451247,0.003616033425487525,1,619.21,92.88,87.64,402.48,36.2,0,0,0
3940,536,2026-03-07 21:00:00,7,5,1,lunch,clear,1,1,532,181,329.51,1,0.15,0.10901521509769337,0.04098478490230663,1,393.62,59.04,65.44,255.85,13.28,0,0,0
3941,537,2026-03-25 14:00:00,25,2,1,late_night,rain,9,4,29,9,439.47,1,0.05,0.04948948416613903,0.0005105158338609694,0,0.0,0.0,0.0,0.0,0.0,0,0,0
3942,537,2026-04-06 08:00:00,6,0,1,lunch,clear,2,1,199,66,326.09,0,0.0,0.0,0.0,1,326.09,0.0,47.14,211.96,66.99,0,0,0
3943,537,2026-05-06 07:00:00,6,2,1,breakfast,clear,6,1,71,23,526.88,0,0.0,0.0,0.0,0,0.0,0.0,0.0,0.0,0.0,0,0,0
3944,537,2026-01-30 14:00:00,30,4,1,dinner,clear,5,2,365,124,467.16,1,0.15,0.10143588890415357,0.04856411109584642,1,548.35,82.25,79.12,356.43,30.55,0,0,0
3945,537,2026-06-04 17:00:00,4,3,1,lunch,clear,2,2,143,47,404.73,1,0.05,0.025835531082867194,0.02416446891713281,1,435.86,21.79,71.02,283.31,59.74,0,0,0
3946,537,2026-01-21 12:00:00,21,2,0,lunch,extreme,7,1,411,140,433.0,1,0.2,0.1396168443717643,0.06038315562823571,1,523.23,104.65,84.52,340.1,-6.04,0,0,0
3947,537,2026-05-14 05:00:00,14,3,0,dinner,rain,11,4,37,11,363.11,0,0.0,0.0,0.0,0,0.0,0.0,0.0,0.0,0.0,0,0,0
3948,537,2026-06-19 14:00:00,19,4,0,late_night,clear,8,2,35,11,312.68,0,0.0,0.0,0.0,0,0.0,0.0,0.0,0.0,0.0,0,0,0
3949,537,2026-04-24 17:00:00,24,4,0,late_night,rain,14,1,43,13,320.07,0,0.0,0.0,0.0,1,320.07,0.0,46.72,208.05,65.3,0,0,0
3950,537,2026-04-06 17:00:00,6,0,1,dinner,extreme,10,1,492,169,517.7,0,0.0,0.0,0.0,0,0.0,0.0,0.0,0.0,0.0,0,0,0
3951,538,2026-05-11 10:00:00,11,0,0,breakfast,extreme,11,1,38,12,516.36,0,0.0,0.0,0.0,0,0.0,0.0,0.0,0.0,0.0,0,0,0
3952,538,2026-04-21 19:00:00,21,1,0,breakfast,clear,4,1,82,26,413.45,0,0.0,0.0,0.0,0,0.0,0.0,0.0,0.0,0.0,0,0,0
3953,538,2026-01-06 16:00:00,6,1,1,late_night,rain,13,2,588,199,334.13,1,0.2,0.15091496072028776,0.04908503927971225,1,373.53,74.71,63.28,242.79,-7.25,0,0,0
3954,538,2026-02-15 12:00:00,15,6,0,dinner,extreme,12,2,173,57,323.74,1,0.15,0.0956548059878116,0.05434519401218839,1,355.58,53.34,59.14,231.12,11.98,1,0,0
3955,538,2026-05-10 15:00:00,10,6,0,dinner,clear,12,1,3,0,415.4,0,0.0,0.0,0.0,0,0.0,0.0,0.0,0.0,0.0,0,0,0
3956,538,2026-01-23 23:00:00,23,4,0,late_night,clear,8,1,129,42,337.95,1,0.2,0.11462775542965098,0.08537224457034903,1,377.8,75.56,50.92,245.57,5.75,0,0,0
3957,538,2026-03-21 12:00:00,21,5,0,dinner,clear,6,4,34,10,395.98,0,0.0,0.0,0.0,0,0.0,0.0,0.0,0.0,0.0,0,0,0
3958,538,2026-01-15 22:00:00,15,3,0,late_night,clear,14,2,215,71,481.1,0,0.0,0.0,0.0,0,0.0,0.0,0.0,0.0,0.0,0,0,0
3959,539,2026-02-25 13:00:00,25,2,1,lunch,clear,4,1,576,196,382.35,1,0.1,0.07902092088878036,0.020979079111219642,1,407.91,40.79,46.84,265.14,55.14,0,0,0
3960,539,2026-04-16 01:00:00,16,3,0,lunch,clear,4,3,176,58,380.02,0,0.0,0.0,0.0,1,380.02,0.0,79.9,247.01,53.11,0,0,0
3961,539,2026-01-05 13:00:00,5,0,1,breakfast,clear,10,1,380,131,355.04,0,0.0,0.0,0.0,0,0.0,0.0,0.0,0.0,0.0,0,0,0
3962,540,2026-05-04 01:00:00,4,0,1,breakfast,rain,14,3,544,186,446.87,1,0.1,0.057697313426746104,0.0423026865732539,1,480.44,48.04,76.96,312.29,43.15,0,0,0
3963,541,2026-02-07 15:00:00,7,5,1,dinner,rain,11,1,188,63,387.99,0,0.0,0.0,0.0,0,0.0,0.0,0.0,0.0,0.0,0,0,0
3964,541,2026-03-10 23:00:00,10,1,0,lunch,rain,12,1,432,147,336.87,1,0.05,0.03910837080039284,0.010891629199607164,0,0.0,0.0,0.0,0.0,0.0,0,0,0
3965,541,2026-01-21 05:00:00,21,2,0,dinner,clear,1,1,383,132,348.19,1,0.2,0.11284685409253024,0.08715314590746977,1,388.79,77.76,56.5,252.71,1.82,0,0,0
3966,541,2026-03-11 22:00:00,11,2,0,dinner,clear,14,1,330,111,302.15,0,0.0,0.0,0.0,1,302.15,0.0,59.8,196.4,45.95,0,0,0
3967,541,2026-04-29 16:00:00,29,2,1,dinner,rain,6,2,547,187,395.56,1,0.05,0.042364684925795634,0.0076353150742043685,0,0.0,0.0,0.0,0.0,0.0,0,0,0
3968,541,2026-04-26 11:00:00,26,6,1,lunch,rain,1,1,282,94,310.14,1,0.1,0.08754622047453342,0.012453779525466585,1,332.95,33.3,53.86,216.42,29.38,1,0,0
3969,542,2026-06-21 12:00:00,21,6,0,breakfast,rain,4,1,102,34,373.66,1,0.1,0.053887942874607714,0.04611205712539229,1,418.12,41.81,57.04,271.78,47.49,0,0,0
3970,542,2026-02-19 13:00:00,19,3,0,late_night,clear,14,1,546,187,314.46,1,0.2,0.1560853898729031,0.04391461012709691,1,373.77,74.75,77.74,242.95,-21.67,0,0,0
3971,542,2026-01-13 23:00:00,13,1,0,breakfast,clear,8,1,498,171,395.71,0,0.0,0.0,0.0,0,0.0,0.0,0.0,0.0,0.0,0,0,0
3972,542,2026-01-21 08:00:00,21,2,0,lunch,clear,6,3,532,181,329.51,0,0.0,0.0,0.0,0,0.0,0.0,0.0,0.0,0.0,0,0,0
3973,542,2026-06-17 05:00:00,17,2,0,dinner,rain,10,5,54,17,410.72,1,0.1,0.09401091154457968,0.00598908845542033,1,459.59,45.96,58.6,298.74,56.3,0,0,0
3974,542,2026-05-13 07:00:00,13,2,0,lunch,extreme,3,4,501,172,342.17,1,0.1,0.07007134324381757,0.029928656756182434,1,382.89,38.29,68.98,248.88,26.74,0,0,0
3975,542,2026-05-12 18:00:00,12,1,0,breakfast,extreme,6,2,131,43,406.54,1,0.15,0.0812387578141061,0.0687612421858939,1,470.49,70.57,70.48,305.82,23.62,0,0,0
3976,542,2026-06-03 05:00:00,3,2,1,breakfast,clear,12,1,256,84,422.03,1,0.2,0.1477889431208388,0.05221105687916122,1,501.63,100.33,49.0,326.06,26.24,0,0,0
3977,542,2026-01-26 18:00:00,26,0,1,dinner,rain,12,1,272,91,541.4,1,0.1,0.05977595864716206,0.04022404135283795,1,605.82,60.58,55.48,393.79,95.98,0,0,0
3978,543,2026-03-02 08:00:00,2,0,1,late_night,rain,9,1,165,55,393.95,1,0.2,0.17927343962379597,0.020726560376204045,1,461.73,92.35,89.14,300.12,-19.88,0,0,0
3979,543,2026-06-09 04:00:00,9,1,0,lunch,clear,10,2,524,179,239.99,1,0.05,0.028045496040558317,0.021954503959441686,1,255.23,12.76,86.92,165.9,-10.35,0,0,0
3980,543,2026-02-22 05:00:00,22,6,0,lunch,clear,1,1,25,7,464.09,1,0.2,0.1132629758971729,0.08673702410282712,1,543.93,108.79,82.3,353.56,-0.71,1,0,0
3981,543,2026-05-02 16:00:00,2,5,1,late_night,clear,12,1,14,4,405.99,1,0.05,0.030570392480241806,0.019429607519758196,1,431.77,21.59,70.0,280.65,59.53,0,0,0
3982,543,2026-02-14 01:00:00,14,5,0,lunch,extreme,7,1,84,27,443.26,0,0.0,0.0,0.0,0,0.0,0.0,0.0,0.0,0.0,0,0,0
3983,543,2026-05-29 13:00:00,29,4,1,lunch,clear,14,1,587,199,402.75,1,0.15,0.08470545483358426,0.06529454516641574,1,460.54,69.08,61.78,299.35,30.33,0,0,0
3984,543,2026-03-30 13:00:00,30,0,1,breakfast,rain,9,4,428,146,518.02,1,0.1,0.0912154147732829,0.008784585226717101,1,574.25,57.42,52.12,373.26,91.44,0,0,0
3985,543,2026-05-11 09:00:00,11,0,0,lunch,clear,1,3,485,166,333.05,0,0.0,0.0,0.0,0,0.0,0.0,0.0,0.0,0.0,0,0,0
3986,543,2026-04-11 04:00:00,11,5,0,breakfast,clear,10,1,157,52,324.13,1,0.15,0.13531053289063388,0.014689467109366111,1,370.64,55.6,60.64,240.92,13.49,0,0,0
3987,543,2026-04-30 18:00:00,30,3,1,dinner,rain,4,1,550,188,568.72,1,0.15,0.09920623932008345,0.05079376067991655,1,650.33,97.55,86.26,422.71,43.81,0,0,0
3988,543,2026-06-13 19:00:00,13,5,0,dinner,clear,1,3,391,134,438.46,1,0.15,0.13312979743786982,0.016870202562130177,1,501.38,75.21,49.18,325.89,51.1,1,0,0
3989,543,2026-04-11 01:00:00,11,5,0,lunch,clear,13,1,158,52,277.26,1,0.05,0.04486076186955418,0.005139238130445825,1,294.86,14.74,60.64,191.66,27.82,0,0,0
3990,543,2026-05-03 14:00:00,3,6,1,lunch,clear,3,3,46,14,430.08,1,0.2,0.12606626873823196,0.07393373126176805,1,504.07,100.81,70.78,327.65,4.83,0,0,0
3991,543,2026-06-21 12:00:00,21,6,0,dinner,clear,13,5,485,166,333.05,0,0.0,0.0,0.0,1,333.05,0.0,86.74,216.48,29.83,0,0,0
3992,544,2026-04-20 04:00:00,20,0,0,breakfast,clear,11,1,200,66,365.44,1,0.2,0.17321951115836134,0.026780488841638667,1,407.63,81.53,47.14,264.96,14.0,0,0,0
3993,545,2026-03-24 14:00:00,24,1,0,dinner,rain,10,1,29,9,439.47,0,0.0,0.0,0.0,0,0.0,0.0,0.0,0.0,0.0,0,0,0
3994,545,2026-05-15 23:00:00,15,4,0,late_night,rain,5,1,98,33,267.42,0,0.0,0.0,0.0,0,0.0,0.0,0.0,0.0,0.0,0,0,0
3995,545,2026-05-21 13:00:00,21,3,0,dinner,clear,6,1,137,45,494.46,0,0.0,0.0,0.0,0,0.0,0.0,0.0,0.0,0.0,0,0,0
3996,545,2026-03-02 17:00:00,2,0,1,dinner,rain,12,3,37,11,363.11,1,0.2,0.14676889838742815,0.05323110161257186,1,440.57,88.11,53.32,286.37,12.77,1,0,0
3997,545,2026-03-04 12:00:00,4,2,1,late_night,rain,12,1,367,125,391.67,0,0.0,0.0,0.0,0,0.0,0.0,0.0,0.0,0.0,0,0,0
3998,545,2026-01-24 12:00:00,24,5,0,late_night,clear,3,1,29,9,439.47,0,0.0,0.0,0.0,0,0.0,0.0,0.0,0.0,0.0,0,0,0
3999,545,2026-01-07 08:00:00,7,2,1,lunch,rain,3,1,176,58,380.02,0,0.0,0.0,0.0,0,0.0,0.0,0.0,0.0,0.0,0,0,0
4000,546,2026-03-07 19:00:00,7,5,1,lunch,clear,11,1,45,14,456.27,0,0.0,0.0,0.0,0,0.0,0.0,0.0,0.0,0.0,0,0,0
4001,546,2026-01-23 17:00:00,23,4,0,lunch,clear,11,4,326,110,455.16,0,0.0,0.0,0.0,1,455.16,0.0,69.34,295.85,89.97,0,0,0
4002,546,2026-06-27 11:00:00,27,5,1,dinner,clear,11,2,560,191,375.48,1,0.05,0.035979183772200475,0.014020816227799528,1,399.14,19.96,87.64,259.44,32.1,1,0,0
4003,546,2026-04-11 00:00:00,11,5,0,dinner,clear,10,1,349,118,378.25,1,0.2,0.19767180557910766,0.0023281944208923544,1,442.83,88.57,89.02,287.84,-22.6,1,0,0
4004,546,2026-01-26 03:00:00,26,0,1,lunch,rain,8,1,412,141,376.41,0,0.0,0.0,0.0,0,0.0,0.0,0.0,0.0,0.0,0,0,0
4005,546,2026-06-14 03:00:00,14,6,0,breakfast,clear,14,1,533,181,346.99,1,0.1,0.0911981393104287,0.008801860689571311,1,384.37,38.44,65.44,249.84,30.65,1,0,0
4006,546,2026-04-16 21:00:00,16,3,0,lunch,clear,6,1,430,147,329.56,0,0.0,0.0,0.0,1,329.56,0.0,87.64,214.21,27.71,0,0,0
4007,546,2026-01-27 18:00:00,27,1,1,lunch,clear,11,2,187,62,507.74,0,0.0,0.0,0.0,0,0.0,0.0,0.0,0.0,0.0,0,0,0
4008,546,2026-05-06 01:00:00,6,2,1,dinner,rain,4,4,378,130,410.6,0,0.0,0.0,0.0,1,410.6,0.0,74.38,266.89,69.33,0,0,0
4009,546,2026-03-03 18:00:00,3,1,1,breakfast,clear,11,1,35,11,312.68,1,0.1,0.07751383174889413,0.022486168251105873,1,346.36,34.64,51.82,225.13,34.77,1,0,0
4010,546,2026-06-14 13:00:00,14,6,0,breakfast,rain,10,2,576,196,382.35,0,0.0,0.0,0.0,0,0.0,0.0,0.0,0.0,0.0,0,0,0
4011,546,2026-06-01 07:00:00,1,0,1,breakfast,rain,9,1,9,2,432.79,1,0.05,0.033736068049250376,0.016263931950749627,1,460.06,23.0,81.64,299.04,56.38,0,0,0
4012,546,2026-05-23 09:00:00,23,5,0,late_night,clear,2,2,294,99,361.09,0,0.0,0.0,0.0,0,0.0,0.0,0.0,0.0,0.0,0,0,0
4013,546,2026-05-12 08:00:00,12,1,0,dinner,extreme,11,1,285,95,412.22,1,0.2,0.10599424106846152,0.0940057589315385,1,482.6,96.52,70.12,313.69,2.27,0,1,0
4014,547,2026-04-22 14:00:00,22,2,0,lunch,clear,11,1,360,122,593.1,0,0.0,0.0,0.0,1,593.1,0.0,60.34,385.52,147.24,0,0,0
4015,547,2026-04-11 09:00:00,11,5,0,dinner,clear,14,1,149,50,355.86,0,0.0,0.0,0.0,0,0.0,0.0,0.0,0.0,0.0,0,0,0
4016,547,2026-03-16 07:00:00,16,0,0,late_night,extreme,8,3,434,148,284.36,0,0.0,0.0,0.0,1,284.36,0.0,82.36,184.83,17.17,0,0,0
4017,547,2026-02-19 04:00:00,19,3,0,late_night,clear,10,1,5,1,485.29,1,0.15,0.12225491549188375,0.027745084508116247,1,582.04,87.31,55.84,378.32,60.57,0,0,0
4018,547,2026-03-29 10:00:00,29,6,1,lunch,clear,7,2,569,194,352.91,0,0.0,0.0,0.0,0,0.0,0.0,0.0,0.0,0.0,0,0,0
4019,547,2026-01-30 14:00:00,30,4,1,breakfast,clear,4,2,155,52,395.2,0,0.0,0.0,0.0,0,0.0,0.0,0.0,0.0,0.0,0,0,0
4020,547,2026-06-05 10:00:00,5,4,1,late_night,clear,7,1,468,160,412.07,1,0.05,0.04704285031578853,0.0029571496842114714,1,448.42,22.42,81.28,291.47,53.25,0,0,0
4021,548,2026-04-09 10:00:00,9,3,0,breakfast,clear,9,1,211,69,610.72,1,0.2,0.16109682022573568,0.03890317977426433,1,676.74,135.35,49.0,439.88,52.51,0,0,0
4022,548,2026-04-09 14:00:00,9,3,0,breakfast,clear,2,1,19,6,523.49,0,0.0,0.0,0.0,0,0.0,0.0,0.0,0.0,0.0,0,0,0
4023,548,2026-04-24 21:00:00,24,4,0,breakfast,clear,14,1,17,5,391.07,0,0.0,0.0,0.0,0,0.0,0.0,0.0,0.0,0.0,0,0,0
4024,548,2026-03-04 07:00:00,4,2,1,late_night,clear,9,4,413,141,430.89,1,0.15,0.09869343062471818,0.051306569375281816,1,469.74,70.46,67.96,305.33,25.99,1,0,0
4025,548,2026-06-06 04:00:00,6,5,1,dinner,clear,7,1,242,78,538.55,1,0.2,0.14261564715240058,0.057384352847599435,1,596.77,119.35,78.7,387.9,10.82,1,0,0
4026,548,2026-01-03 04:00:00,3,5,1,breakfast,extreme,2,2,334,112,602.0,0,0.0,0.0,0.0,0,0.0,0.0,0.0,0.0,0.0,0,0,0
4027,548,2026-06-14 16:00:00,14,6,0,late_night,clear,6,4,24,7,471.83,0,0.0,0.0,0.0,0,0.0,0.0,0.0,0.0,0.0,0,0,0
4028,548,2026-04-20 08:00:00,20,0,0,breakfast,extreme,11,2,536,183,397.95,1,0.1,0.06331315480753415,0.03668684519246586,1,425.09,42.51,53.32,276.31,52.95,0,1,0
4029,549,2026-03-15 15:00:00,15,6,0,lunch,clear,4,2,39,12,668.74,1,0.2,0.11282637009035512,0.08717362990964489,1,826.05,165.21,79.96,536.94,43.95,0,0,0
4030,549,2026-01-14 06:00:00,14,2,0,late_night,rain,8,1,99,33,451.11,0,0.0,0.0,0.0,1,451.11,0.0,52.66,293.22,105.23,0,0,0
4031,549,2026-02-25 05:00:00,25,2,1,breakfast,rain,12,1,561,191,228.08,1,0.05,0.02962172004035637,0.02037827995964363,1,247.88,12.39,89.14,161.12,-14.78,0,0,0
4032,549,2026-02-15 23:00:00,15,6,0,late_night,extreme,13,4,447,154,368.02,0,0.0,0.0,0.0,0,0.0,0.0,0.0,0.0,0.0,0,1,0
4033,549,2026-02-08 06:00:00,8,6,0,lunch,rain,12,1,582,198,450.79,1,0.1,0.07426457170851741,0.025735428291482593,1,517.7,51.77,68.2,336.5,61.22,0,0,0
4034,549,2026-02-12 17:00:00,12,3,0,late_night,clear,2,1,433,148,337.93,0,0.0,0.0,0.0,1,337.93,0.0,79.36,219.65,38.92,0,0,0
4035,549,2026-06-27 17:00:00,27,5,1,lunch,clear,14,1,302,101,453.97,0,0.0,0.0,0.0,0,0.0,0.0,0.0,0.0,0.0,0,0,0
4036,549,2026-05-24 10:00:00,24,6,0,dinner,clear,9,1,427,146,526.27,0,0.0,0.0,0.0,0,0.0,0.0,0.0,0.0,0.0,0,0,0
4037,549,2026-02-10 06:00:00,10,1,0,breakfast,clear,14,1,89,30,399.84,0,0.0,0.0,0.0,0,0.0,0.0,0.0,0.0,0.0,0,0,0
4038,549,2026-04-27 03:00:00,27,0,1,breakfast,clear,3,3,250,82,326.54,1,0.05,0.03418364544219469,0.015816354557805314,1,354.89,17.74,85.6,230.68,20.87,1,0,0
4039,549,2026-05-29 21:00:00,29,4,1,dinner,clear,3,1,8,2,501.52,0,0.0,0.0,0.0,0,0.0,0.0,0.0,0.0,0.0,0,0,0
4040,549,2026-03-07 19:00:00,7,5,1,late_night,clear,1,2,270,90,394.25,0,0.0,0.0,0.0,0,0.0,0.0,0.0,0.0,0.0,0,0,0
4041,550,2026-01-27 09:00:00,27,1,1,breakfast,rain,13,1,193,64,439.49,1,0.15,0.08364638408883708,0.06635361591116291,1,505.42,75.81,58.0,328.52,43.08,1,0,0
4042,550,2026-03-10 17:00:00,10,1,0,late_night,clear,14,4,54,17,410.72,0,0.0,0.0,0.0,0,0.0,0.0,0.0,0.0,0.0,0,0,0
4043,550,2026-02-16 01:00:00,16,0,0,lunch,clear,14,1,448,154,318.66,1,0.1,0.09648807510841495,0.0035119248915850554,1,354.82,35.48,69.82,230.64,18.89,1,0,0
4044,550,2026-06-13 02:00:00,13,5,0,lunch,clear,11,1,379,130,459.76,1,0.05,0.04456211515544052,0.005437884844559482,1,490.28,24.51,72.88,318.68,74.2,0,0,0
4045,550,2026-04-01 04:00:00,1,2,1,late_night,clear,2,1,112,37,403.7,0,0.0,0.0,0.0,1,403.7,0.0,82.66,262.41,58.63,0,0,0
4046,550,2026-02-19 12:00:00,19,3,0,lunch,rain,7,1,91,31,333.01,0,0.0,0.0,0.0,0,0.0,0.0,0.0,0.0,0.0,0,0,0
4047,550,2026-03-17 21:00:00,17,1,0,late_night,extreme,14,1,232,75,315.54,1,0.1,0.06402628440250334,0.03597371559749667,1,351.35,35.13,70.9,228.38,16.94,0,0,0
4048,550,2026-03-26 21:00:00,26,3,1,lunch,clear,11,5,230,75,383.59,0,0.0,0.0,0.0,0,0.0,0.0,0.0,0.0,0.0,0,0,0
4049,550,2026-01-17 05:00:00,17,5,0,late_night,clear,9,1,269,90,408.04,0,0.0,0.0,0.0,0,0.0,0.0,0.0,0.0,0.0,0,0,0
4050,550,2026-05-25 19:00:00,25,0,1,dinner,rain,9,1,395,136,384.32,1,0.05,0.0421735560497627,0.007826443950237301,1,409.83,20.49,86.8,266.39,36.15,1,0,0
4051,550,2026-04-11 22:00:00,11,5,0,breakfast,clear,7,1,65,21,412.58,1,0.1,0.06764810717986157,0.032351892820138436,1,459.4,45.94,84.88,298.61,29.97,0,0,0
4052,550,2026-06-08 06:00:00,8,0,0,late_night,clear,12,1,492,169,517.7,1,0.05,0.04333026335017509,0.006669736649824912,0,0.0,0.0,0.0,0.0,0.0,0,1,0
4053,551,2026-03-11 09:00:00,11,2,0,lunch,clear,8,4,587,199,402.75,1,0.2,0.1988527969920801,0.0011472030079199003,1,477.38,95.48,61.78,310.3,9.83,0,0,0
4054,551,2026-06-26 20:00:00,26,4,1,late_night,clear,6,1,93,31,496.71,1,0.2,0.19410062611482842,0.005899373885171588,1,588.75,117.75,55.78,382.69,32.53,0,0,0
4055,551,2026-06-27 06:00:00,27,5,1,breakfast,extreme,13,1,380,131,355.04,1,0.05,0.031334429777667275,0.018665570222332728,1,379.32,18.97,70.6,246.56,43.2,0,0,0
4056,551,2026-05-28 19:00:00,28,3,1,breakfast,clear,4,3,210,69,497.03,0,0.0,0.0,0.0,0,0.0,0.0,0.0,0.0,0.0,0,0,0
4057,551,2026-03-19 14:00:00,19,3,0,lunch,clear,5,2,176,58,380.02,0,0.0,0.0,0.0,0,0.0,0.0,0.0,0.0,0.0,0,0,0
4058,551,2026-02-03 13:00:00,3,1,1,dinner,clear,12,1,202,67,483.51,0,0.0,0.0,0.0,0,0.0,0.0,0.0,0.0,0.0,0,0,0
4059,552,2026-05-21 14:00:00,21,3,0,breakfast,clear,1,1,171,56,410.01,1,0.1,0.056396881709059404,0.0436031182909406,1,456.82,45.68,65.92,296.93,48.28,0,0,0
4060,552,2026-05-15 21:00:00,15,4,0,late_night,clear,12,1,116,38,269.91,0,0.0,0.0,0.0,1,269.91,0.0,46.0,175.44,48.47,0,0,0
4061,552,2026-06-08 06:00:00,8,0,0,dinner,clear,1,1,371,127,443.31,1,0.05,0.027335859191366642,0.02266414080863336,1,472.91,23.65,88.18,307.39,53.69,1,0,0
4062,552,2026-03-07 15:00:00,7,5,1,late_night,clear,13,3,61,20,226.19,0,0.0,0.0,0.0,1,226.19,0.0,57.52,147.02,21.65,0,0,0
4063,553,2026-03-14 20:00:00,14,5,0,breakfast,clear,10,2,458,157,403.97,0,0.0,0.0,0.0,1,403.97,0.0,67.24,262.58,74.15,0,0,0
4064,553,2026-01-01 14:00:00,1,3,1,lunch,clear,9,1,131,43,406.54,0,0.0,0.0,0.0,0,0.0,0.0,0.0,0.0,0.0,0,0,0
4065,553,2026-05-12 13:00:00,12,1,0,breakfast,rain,10,2,155,52,395.2,1,0.05,0.026684804139622254,0.02331519586037775,0,0.0,0.0,0.0,0.0,0.0,0,1,0
4066,553,2026-02-07 22:00:00,7,5,1,dinner,rain,12,4,16,4,481.46,0,0.0,0.0,0.0,0,0.0,0.0,0.0,0.0,0.0,0,0,0
4067,553,2026-03-22 18:00:00,22,6,0,breakfast,clear,3,3,38,12,516.36,1,0.05,0.03681554661895314,0.01318445338104686,1,553.26,27.66,79.96,359.62,86.02,0,0,0
4068,553,2026-05-08 03:00:00,8,4,0,dinner,clear,7,1,301,101,434.19,0,0.0,0.0,0.0,0,0.0,0.0,0.0,0.0,0.0,0,0,0
4069,553,2026-06-23 18:00:00,23,1,0,dinner,clear,5,1,16,4,481.46,0,0.0,0.0,0.0,0,0.0,0.0,0.0,0.0,0.0,0,0,0
4070,553,2026-02-18 05:00:00,18,2,0,dinner,clear,3,2,469,160,452.07,0,0.0,0.0,0.0,0,0.0,0.0,0.0,0.0,0.0,0,0,0
4071,553,2026-06-13 22:00:00,13,5,0,dinner,clear,7,5,448,154,318.66,0,0.0,0.0,0.0,0,0.0,0.0,0.0,0.0,0.0,0,0,0
4072,554,2026-01-19 16:00:00,19,0,0,late_night,clear,3,1,304,102,403.47,1,0.2,0.14146084054175545,0.05853915945824456,1,466.3,93.26,60.46,303.1,9.49,0,1,0
4073,554,2026-01-12 01:00:00,12,0,0,lunch,clear,5,4,550,188,568.72,1,0.2,0.19352229187411074,0.00647770812588927,1,657.29,131.46,84.76,427.24,13.83,0,0,0
4074,554,2026-06-24 17:00:00,24,2,0,dinner,rain,10,1,318,107,312.54,1,0.1,0.05052731415193801,0.049472685848062,1,343.25,34.32,64.48,223.11,21.33,1,0,0
4075,554,2026-04-13 23:00:00,13,0,0,dinner,clear,9,2,164,54,379.98,0,0.0,0.0,0.0,0,0.0,0.0,0.0,0.0,0.0,0,0,0
4076,554,2026-02-16 13:00:00,16,0,0,dinner,clear,9,2,163,54,346.38,1,0.1,0.08251369708796519,0.017486302912034818,1,380.41,38.04,71.8,247.27,23.3,0,0,0
4077,554,2026-01-16 01:00:00,16,4,0,lunch,clear,12,2,564,192,450.77,0,0.0,0.0,0.0,0,0.0,0.0,0.0,0.0,0.0,0,0,0
4078,554,2026-04-17 13:00:00,17,4,0,dinner,clear,14,1,52,17,309.09,0,0.0,0.0,0.0,0,0.0,0.0,0.0,0.0,0.0,0,0,0
4079,554,2026-06-26 16:00:00,26,4,1,dinner,rain,9,5,557,190,488.12,0,0.0,0.0,0.0,0,0.0,0.0,0.0,0.0,0.0,0,0,0
4080,554,2026-04-18 11:00:00,18,5,0,lunch,clear,12,2,223,73,306.77,0,0.0,0.0,0.0,0,0.0,0.0,0.0,0.0,0.0,0,0,0
4081,554,2026-01-13 11:00:00,13,1,0,late_night,extreme,7,2,77,24,277.16,1,0.2,0.18490413594628854,0.015095864053711466,1,320.32,64.06,74.02,208.21,-25.97,0,0,0
4082,554,2026-01-01 16:00:00,1,3,1,late_night,clear,8,1,571,194,573.77,0,0.0,0.0,0.0,0,0.0,0.0,0.0,0.0,0.0,0,0,0
4083,554,2026-06-09 01:00:00,9,1,0,dinner,rain,11,1,506,174,455.6,0,0.0,0.0,0.0,0,0.0,0.0,0.0,0.0,0.0,0,0,0
4084,554,2026-06-09 11:00:00,9,1,0,lunch,clear,13,1,209,68,405.41,0,0.0,0.0,0.0,0,0.0,0.0,0.0,0.0,0.0,0,0,0
4085,554,2026-06-21 02:00:00,21,6,0,lunch,clear,7,1,69,22,531.2,1,0.1,0.07071046740130171,0.029289532598698292,1,583.39,58.34,86.98,379.21,58.87,0,0,0
4086,555,2026-05-31 00:00:00,31,6,1,lunch,clear,1,1,491,168,332.34,0,0.0,0.0,0.0,0,0.0,0.0,0.0,0.0,0.0,0,0,0
4087,555,2026-05-24 11:00:00,24,6,0,dinner,clear,2,1,54,17,410.72,1,0.1,0.09665607395537515,0.0033439260446248564,0,0.0,0.0,0.0,0.0,0.0,0,0,0
4088,555,2026-02-09 19:00:00,9,0,0,late_night,clear,1,1,444,153,387.88,1,0.05,0.04015447086647477,0.009845529133525231,1,405.12,20.26,78.88,263.33,42.66,0,0,0
4089,555,2026-06-27 12:00:00,27,5,1,dinner,clear,11,1,443,153,368.55,0,0.0,0.0,0.0,0,0.0,0.0,0.0,0.0,0.0,0,0,0
4090,555,2026-06-29 04:00:00,29,0,1,lunch,rain,7,2,443,153,368.55,0,0.0,0.0,0.0,0,0.0,0.0,0.0,0.0,0.0,0,0,0
4091,555,2026-02-04 03:00:00,4,2,1,late_night,extreme,8,1,57,19,353.42,0,0.0,0.0,0.0,0,0.0,0.0,0.0,0.0,0.0,0,0,0
4092,555,2026-05-25 00:00:00,25,0,1,dinner,clear,4,2,443,153,368.55,1,0.05,0.03666235903773362,0.013337640962266382,1,384.94,19.25,78.88,250.21,36.6,1,1,0
4093,555,2026-02-25 07:00:00,25,2,1,late_night,clear,4,2,179,59,330.4,1,0.05,0.04233642887207234,0.0076635711279276625,1,345.09,17.25,58.48,224.31,45.05,1,0,0
4094,555,2026-03-30 22:00:00,30,0,1,lunch,clear,11,2,353,119,370.29,0,0.0,0.0,0.0,1,370.29,0.0,48.22,240.69,81.38,0,0,0
4095,555,2026-04-02 09:00:00,2,3,1,lunch,clear,9,2,395,136,384.32,0,0.0,0.0,0.0,1,384.32,0.0,85.3,249.81,49.21,0,0,0
4096,555,2026-01-10 11:00:00,10,5,0,late_night,clear,14,2,540,185,437.06,0,0.0,0.0,0.0,0,0.0,0.0,0.0,0.0,0.0,0,0,0
4097,555,2026-04-23 02:00:00,23,3,0,dinner,extreme,2,3,122,40,339.12,1,0.2,0.19726228457399853,0.0027377154260014858,1,379.97,75.99,76.18,246.98,-19.18,0,0,0
4098,556,2026-04-07 10:00:00,7,1,1,lunch,clear,2,1,288,97,518.36,1,0.1,0.08274366379938847,0.01725633620061154,1,564.98,56.5,86.14,367.24,55.1,1,0,0
4099,556,2026-02-27 01:00:00,27,4,1,late_night,rain,12,2,322,108,306.99,0,0.0,0.0,0.0,0,0.0,0.0,0.0,0.0,0.0,0,0,0
4100,556,2026-02-05 13:00:00,5,3,1,late_night,extreme,6,1,555,190,421.12,1,0.1,0.07077691863010112,0.029223081369898887,1,458.99,45.9,86.62,298.35,28.13,1,0,0
4101,556,2026-06-23 04:00:00,23,1,0,lunch,rain,14,1,379,130,459.76,0,0.0,0.0,0.0,1,459.76,0.0,74.38,298.84,86.54,0,0,0
4102,556,2026-03-23 13:00:00,23,0,0,dinner,rain,9,1,407,139,299.82,0,0.0,0.0,0.0,0,0.0,0.0,0.0,0.0,0.0,0,0,0
4103,556,2026-01-23 10:00:00,23,4,0,lunch,extreme,9,1,371,127,443.31,0,0.0,0.0,0.0,0,0.0,0.0,0.0,0.0,0.0,0,0,0
4104,556,2026-02-16 15:00:00,16,0,0,breakfast,clear,2,2,540,185,437.06,1,0.05,0.039358915325601124,0.010641084674398879,1,460.05,23.0,74.56,299.03,63.46,1,0,1
4105,556,2026-05-11 17:00:00,11,0,0,breakfast,clear,12,3,527,180,602.61,1,0.1,0.08565133862048334,0.014348661379516667,1,656.81,65.68,77.86,426.92,86.34,0,0,0
4106,556,2026-06-19 12:00:00,19,4,0,lunch,clear,3,1,501,172,342.17,1,0.05,0.04696445998514781,0.003035540014852192,1,360.17,18.01,65.98,234.11,42.07,0,0,0
4107,556,2026-02-25 13:00:00,25,2,1,late_night,clear,8,1,264,87,368.04,1,0.1,0.0690891238519078,0.03091087614809221,1,401.14,40.11,52.0,260.74,48.28,0,0,0
4108,556,2026-02-09 14:00:00,9,0,0,dinner,clear,7,4,79,25,491.57,0,0.0,0.0,0.0,0,0.0,0.0,0.0,0.0,0.0,0,0,0
4109,556,2026-01-13 19:00:00,13,1,0,breakfast,clear,3,1,64,21,319.07,0,0.0,0.0,0.0,0,0.0,0.0,0.0,0.0,0.0,0,0,0
4110,556,2026-02-03 23:00:00,3,1,1,dinner,clear,11,1,436,149,386.12,1,0.2,0.11754522564330039,0.08245477435669962,0,0.0,0.0,0.0,0.0,0.0,0,0,0
4111,556,2026-06-18 04:00:00,18,3,0,late_night,clear,14,1,575,196,499.98,0,0.0,0.0,0.0,0,0.0,0.0,0.0,0.0,0.0,0,0,0
4112,557,2026-03-31 04:00:00,31,1,1,dinner,clear,11,1,511,175,535.27,1,0.15,0.12652165227041554,0.02347834772958446,1,612.52,91.88,69.94,398.14,52.56,0,0,0
4113,557,2026-03-18 23:00:00,18,2,0,lunch,extreme,3,3,446,153,531.37,1,0.15,0.14742724910311056,0.0025727508968894364,1,608.06,91.21,81.88,395.24,39.73,0,0,0
4114,557,2026-03-24 08:00:00,24,1,0,breakfast,rain,2,1,429,146,459.99,0,0.0,0.0,0.0,0,0.0,0.0,0.0,0.0,0.0,0,0,0
4115,557,2026-04-02 04:00:00,2,3,1,dinner,clear,11,2,314,105,440.46,0,0.0,0.0,0.0,0,0.0,0.0,0.0,0.0,0.0,0,0,0
4116,557,2026-05-26 08:00:00,26,1,1,breakfast,clear,2,1,157,52,324.13,1,0.1,0.09010960704011818,0.009890392959881825,1,359.52,35.95,60.64,233.69,29.24,0,0,0
4117,557,2026-01-25 20:00:00,25,6,1,lunch,clear,11,4,449,154,335.88,0,0.0,0.0,0.0,0,0.0,0.0,0.0,0.0,0.0,0,0,0
4118,557,2026-05-17 17:00:00,17,6,0,lunch,clear,4,1,21,6,455.28,0,0.0,0.0,0.0,0,0.0,0.0,0.0,0.0,0.0,0,0,0
4119,558,2026-03-24 13:00:00,24,1,0,breakfast,clear,7,1,128,42,428.94,1,0.1,0.08293671325545056,0.017063286744549447,1,473.31,47.33,50.92,307.65,67.41,0,0,0
4120,558,2026-01-18 08:00:00,18,6,0,lunch,rain,3,1,537,183,538.14,1,0.1,0.09225510157720514,0.007744898422794869,1,593.81,59.38,51.82,385.98,96.63,0,0,0
4121,558,2026-01-11 17:00:00,11,6,0,lunch,clear,9,1,394,135,359.67,1,0.1,0.06753640214704275,0.03246359785295726,1,396.88,39.69,77.2,257.97,22.02,0,0,0
4122,558,2026-03-18 22:00:00,18,2,0,lunch,clear,6,2,258,85,347.07,1,0.2,0.11138321415604668,0.08861678584395333,1,403.98,80.8,57.28,262.59,3.32,0,0,0
4123,558,2026-02-28 08:00:00,28,5,1,dinner,clear,7,1,234,76,237.76,1,0.05,0.04923095240677893,0.0007690475932210714,1,252.15,12.61,53.26,163.9,22.38,0,0,0
4124,558,2026-04-13 14:00:00,13,0,0,breakfast,clear,7,4,80,26,419.05,0,0.0,0.0,0.0,0,0.0,0.0,0.0,0.0,0.0,0,0,0
4125,558,2026-01-27 06:00:00,27,1,1,lunch,rain,9,1,259,85,416.73,1,0.1,0.09455107380451627,0.005448926195483733,1,459.84,45.98,58.78,298.9,56.18,1,0,0
4126,558,2026-03-30 18:00:00,30,0,1,lunch,clear,8,4,436,149,386.12,0,0.0,0.0,0.0,1,386.12,0.0,47.38,250.98,87.76,0,0,0
4127,558,2026-01-21 09:00:00,21,2,0,dinner,clear,7,2,359,121,321.16,1,0.05,0.03818459253665874,0.011815407463341261,1,340.6,17.03,72.34,221.39,29.84,1,0,0
4128,558,2026-06-07 12:00:00,7,6,1,late_night,clear,10,1,581,197,473.43,0,0.0,0.0,0.0,1,473.43,0.0,64.06,307.73,101.64,0,0,0
4129,559,2026-04-02 11:00:00,2,3,1,breakfast,rain,6,1,332,112,555.99,0,0.0,0.0,0.0,1,555.99,0.0,57.88,361.39,136.72,0,0,0
4130,559,2026-06-28 04:00:00,28,6,1,breakfast,extreme,8,2,384,132,441.54,0,0.0,0.0,0.0,0,0.0,0.0,0.0,0.0,0.0,0,0,0
4131,559,2026-03-15 03:00:00,15,6,0,lunch,clear,1,2,183,60,258.03,0,0.0,0.0,0.0,0,0.0,0.0,0.0,0.0,0.0,0,0,0
4132,559,2026-03-02 17:00:00,2,0,1,dinner,clear,4,4,483,165,364.57,1,0.05,0.02907077404895282,0.02092922595104718,1,393.96,19.7,64.18,256.07,54.01,0,0,0
4133,560,2026-03-05 19:00:00,5,3,1,lunch,clear,1,1,189,63,421.89,1,0.2,0.1326629305803324,0.0673370694196676,1,485.26,97.05,87.88,315.42,-15.09,1,0,0
4134,560,2026-03-20 21:00:00,20,4,0,breakfast,rain,4,2,206,68,536.05,0,0.0,0.0,0.0,1,536.05,0.0,50.26,348.43,137.36,0,0,0
4135,560,2026-04-25 18:00:00,25,5,1,dinner,clear,10,1,1,0,430.92,0,0.0,0.0,0.0,0,0.0,0.0,0.0,0.0,0.0,0,0,0
4136,560,2026-04-10 04:00:00,10,4,0,late_night,clear,4,3,354,119,352.83,0,0.0,0.0,0.0,0,0.0,0.0,0.0,0.0,0.0,0,0,0
4137,560,2026-06-07 06:00:00,7,6,1,breakfast,clear,2,1,438,150,397.96,1,0.05,0.045805336699758704,0.004194663300241298,0,0.0,0.0,0.0,0.0,0.0,0,0,0
4138,560,2026-02-11 03:00:00,11,2,0,lunch,clear,10,2,92,31,500.94,0,0.0,0.0,0.0,0,0.0,0.0,0.0,0.0,0.0,0,0,0
4139,560,2026-04-22 20:00:00,22,2,0,late_night,clear,1,2,234,76,237.76,1,0.1,0.08877096321144574,0.011229036788554261,1,260.29,26.03,53.26,169.19,11.81,0,0,0
4140,560,2026-02-16 17:00:00,16,0,0,late_night,clear,5,1,42,13,369.33,0,0.0,0.0,0.0,0,0.0,0.0,0.0,0.0,0.0,0,0,0
4141,561,2026-03-12 11:00:00,12,3,0,dinner,clear,4,5,313,105,348.32,1,0.2,0.16230678557446027,0.037693214425539745,1,390.31,78.06,80.2,253.7,-21.65,1,0,0
4142,561,2026-06-06 06:00:00,6,5,1,lunch,extreme,10,1,159,53,379.66,0,0.0,0.0,0.0,1,379.66,0.0,80.38,246.78,52.5,0,0,0
4143,561,2026-03-28 08:00:00,28,5,1,late_night,clear,6,1,115,38,322.99,0,0.0,0.0,0.0,0,0.0,0.0,0.0,0.0,0.0,0,0,0
4144,561,2026-01-11 16:00:00,11,6,0,dinner,clear,11,3,24,7,471.83,0,0.0,0.0,0.0,0,0.0,0.0,0.0,0.0,0.0,0,0,0
4145,561,2026-05-12 12:00:00,12,1,0,late_night,extreme,4,2,82,26,413.45,1,0.05,0.03261615221848517,0.017383847781514833,1,431.84,21.59,92.38,280.7,37.17,0,0,0
4146,561,2026-02-02 18:00:00,2,0,1,late_night,clear,3,2,215,71,481.1,1,0.05,0.04647393372677016,0.003526066273229843,0,0.0,0.0,0.0,0.0,0.0,0,0,0
4147,561,2026-06-29 22:00:00,29,0,1,late_night,clear,10,4,397,136,376.44,1,0.05,0.036625216541040895,0.013374783458959108,1,393.19,19.66,85.3,255.57,32.66,0,0,0
4148,561,2026-02-06 06:00:00,6,4,1,lunch,extreme,9,1,332,112,555.99,0,0.0,0.0,0.0,0,0.0,0.0,0.0,0.0,0.0,0,0,0
4149,561,2026-01-31 10:00:00,31,5,1,dinner,extreme,4,2,36,11,321.02,1,0.1,0.08835960941218823,0.011640390587811772,1,345.44,34.54,54.82,224.53,31.54,0,0,0
4150,561,2026-03-25 06:00:00,25,2,1,lunch,clear,7,2,586,199,321.5,0,0.0,0.0,0.0,0,0.0,0.0,0.0,0.0,0.0,0,0,0
4151,562,2026-03-23 20:00:00,23,0,0,late_night,clear,3,2,578,197,363.8,0,0.0,0.0,0.0,0,0.0,0.0,0.0,0.0,0.0,0,0,0
4152,562,2026-01-27 11:00:00,27,1,1,late_night,clear,9,3,526,180,528.36,0,0.0,0.0,0.0,1,528.36,0.0,77.86,343.43,107.07,0,0,0
4153,562,2026-06-03 10:00:00,3,2,1,dinner,clear,10,1,322,108,306.99,1,0.15,0.09676042798694336,0.05323957201305664,1,352.43,52.86,88.6,229.08,-18.11,1,0,0
4154,562,2026-04-08 08:00:00,8,2,0,breakfast,clear,6,1,295,99,382.6,0,0.0,0.0,0.0,0,0.0,0.0,0.0,0.0,0.0,0,0,0
4155,562,2026-06-27 11:00:00,27,5,1,lunch,clear,8,1,89,30,399.84,1,0.1,0.07015981066398794,0.02984018933601207,0,0.0,0.0,0.0,0.0,0.0,0,0,0
4156,562,2026-04-18 13:00:00,18,5,0,late_night,clear,1,1,480,164,354.68,0,0.0,0.0,0.0,0,0.0,0.0,0.0,0.0,0.0,0,0,0
4157,562,2026-01-17 01:00:00,17,5,0,late_night,clear,11,1,253,83,398.87,0,0.0,0.0,0.0,0,0.0,0.0,0.0,0.0,0.0,0,0,0
4158,562,2026-05-27 07:00:00,27,2,1,late_night,extreme,2,1,518,177,457.29,1,0.1,0.06009869653880128,0.039901303461198724,1,508.5,50.85,72.82,330.52,54.3,0,0,0
4159,562,2026-05-15 09:00:00,15,4,0,lunch,clear,12,1,580,197,288.97,0,0.0,0.0,0.0,0,0.0,0.0,0.0,0.0,0.0,0,0,0
4160,562,2026-03-30 19:00:00,30,0,1,dinner,clear,8,1,309,104,417.27,1,0.05,0.028261268346978608,0.021738731653021395,1,444.6,22.23,52.78,288.99,80.6,0,0,0
4161,562,2026-06-09 18:00:00,9,1,0,late_night,clear,3,1,415,142,396.5,1,0.05,0.03596491915573028,0.014035080844269722,1,422.47,21.12,48.7,274.61,78.04,0,0,0
4162,563,2026-03-09 21:00:00,9,0,0,breakfast,clear,5,2,433,148,337.93,0,0.0,0.0,0.0,0,0.0,0.0,0.0,0.0,0.0,0,0,0
4163,563,2026-04-14 08:00:00,14,1,0,breakfast,clear,1,1,337,114,325.94,1,0.15,0.1147358216133059,0.0352641783866941,1,362.45,54.37,79.0,235.59,-6.51,0,0,0
4164,563,2026-05-20 08:00:00,20,2,0,dinner,clear,7,1,116,38,269.91,1,0.15,0.10410834653653664,0.045891653463463356,1,300.14,45.02,46.0,195.09,14.03,0,0,0
4165,563,2026-04-16 05:00:00,16,3,0,lunch,clear,13,1,373,128,361.15,1,0.05,0.041867464555688655,0.008132535444311348,0,0.0,0.0,0.0,0.0,0.0,0,0,0
4166,563,2026-01-13 04:00:00,13,1,0,lunch,clear,10,1,39,12,668.74,1,0.2,0.1539067644277865,0.04609323557221351,1,758.56,151.71,79.96,493.06,33.82,0,0,0
4167,563,2026-05-26 16:00:00,26,1,1,breakfast,clear,9,3,383,132,348.19,1,0.15,0.08107990324930973,0.06892009675069026,1,387.19,58.08,56.5,251.68,20.94,0,0,0
4168,563,2026-05-27 15:00:00,27,2,1,late_night,rain,14,5,80,26,419.05,1,0.05,0.04545912747009903,0.004540872529900972,0,0.0,0.0,0.0,0.0,0.0,0,0,0
4169,563,2026-06-07 23:00:00,7,6,1,lunch,clear,7,3,490,168,404.53,1,0.15,0.07820387527352375,0.07179612472647624,1,449.84,67.48,51.94,292.4,38.03,0,0,0
4170,563,2026-01-08 21:00:00,8,3,0,breakfast,clear,11,2,300,101,352.16,1,0.2,0.1370744091531405,0.0629255908468595,1,399.46,79.89,72.4,259.65,-12.48,0,0,0
4171,563,2026-02-28 04:00:00,28,5,1,late_night,clear,2,1,61,20,226.19,0,0.0,0.0,0.0,1,226.19,0.0,57.52,147.02,21.65,0,0,0
4172,563,2026-06-21 06:00:00,21,6,0,dinner,rain,5,1,50,16,341.45,1,0.15,0.0860502885501251,0.0639497114498749,1,379.7,56.95,55.12,246.8,20.82,0,0,0
4173,563,2026-04-10 05:00:00,10,4,0,lunch,rain,12,1,108,36,342.36,0,0.0,0.0,0.0,0,0.0,0.0,0.0,0.0,0.0,0,0,0
4174,564,2026-06-11 03:00:00,11,3,0,breakfast,clear,6,5,330,111,302.15,0,0.0,0.0,0.0,0,0.0,0.0,0.0,0.0,0.0,0,0,0
4175,564,2026-02-18 14:00:00,18,2,0,dinner,clear,14,3,547,187,395.56,1,0.1,0.051552708048270016,0.04844729195172999,1,426.53,42.65,77.74,277.24,28.89,0,0,0
4176,564,2026-05-22 02:00:00,22,4,0,lunch,clear,10,1,59,20,453.76,0,0.0,0.0,0.0,0,0.0,0.0,0.0,0.0,0.0,0,0,0
4177,564,2026-02-05 01:00:00,5,3,1,dinner,clear,9,1,379,130,459.76,1,0.1,0.06513821101408011,0.03486178898591989,1,495.76,49.58,72.88,322.24,51.06,0,0,0
4178,564,2026-03-03 21:00:00,3,1,1,dinner,rain,13,2,432,147,336.87,0,0.0,0.0,0.0,1,336.87,0.0,89.14,218.97,28.76,0,0,0
4179,564,2026-05-19 14:00:00,19,1,0,lunch,clear,6,1,529,180,299.68,1,0.2,0.11666613659593948,0.08333386340406053,1,336.87,67.37,77.86,218.96,-27.33,0,0,0
4180,565,2026-06-22 18:00:00,22,0,0,dinner,clear,7,1,421,144,346.22,0,0.0,0.0,0.0,0,0.0,0.0,0.0,0.0,0.0,0,0,0
4181,565,2026-02-06 19:00:00,6,4,1,breakfast,rain,2,2,317,106,383.97,1,0.05,0.025199902951659737,0.024800097048340266,0,0.0,0.0,0.0,0.0,0.0,0,0,0
4182,565,2026-05-10 18:00:00,10,6,0,dinner,rain,7,1,518,177,457.29,0,0.0,0.0,0.0,0,0.0,0.0,0.0,0.0,0.0,0,0,0
4183,565,2026-02-02 00:00:00,2,0,1,dinner,extreme,2,1,512,175,411.67,0,0.0,0.0,0.0,1,411.67,0.0,72.94,267.59,71.14,0,0,0
4184,565,2026-03-07 10:00:00,7,5,1,breakfast,extreme,2,1,146,48,348.11,1,0.1,0.08832348565958835,0.011676514340411656,1,376.78,37.68,76.18,244.9,18.01,1,0,0
4185,565,2026-02-15 07:00:00,15,6,0,late_night,extreme,4,1,346,117,414.91,0,0.0,0.0,0.0,1,414.91,0.0,80.2,269.69,65.02,0,0,0
4186,565,2026-04-08 18:00:00,8,2,0,lunch,clear,14,1,396,136,466.36,0,0.0,0.0,0.0,0,0.0,0.0,0.0,0.0,0.0,0,0,0
4187,565,2026-01-24 02:00:00,24,5,0,late_night,clear,13,1,430,147,329.56,0,0.0,0.0,0.0,0,0.0,0.0,0.0,0.0,0.0,0,0,0
4188,565,2026-04-26 20:00:00,26,6,1,breakfast,clear,3,1,538,184,343.47,0,0.0,0.0,0.0,0,0.0,0.0,0.0,0.0,0.0,0,0,0
4189,566,2026-04-06 07:00:00,6,0,1,dinner,clear,3,1,99,33,451.11,1,0.05,0.027399076075186976,0.022600923924813027,0,0.0,0.0,0.0,0.0,0.0,0,0,0
4190,567,2026-01-06 08:00:00,6,1,1,late_night,rain,2,5,438,150,397.96,0,0.0,0.0,0.0,1,397.96,0.0,66.34,258.67,72.95,0,0,0
4191,567,2026-03-11 23:00:00,11,2,0,lunch,rain,6,1,355,119,330.66,0,0.0,0.0,0.0,1,330.66,0.0,49.72,214.93,66.01,0,0,0
4192,567,2026-03-21 10:00:00,21,5,0,lunch,clear,1,1,53,17,395.01,0,0.0,0.0,0.0,0,0.0,0.0,0.0,0.0,0.0,0,0,0
4193,567,2026-04-30 02:00:00,30,3,1,late_night,clear,5,1,324,109,583.03,1,0.15,0.09529658700642533,0.05470341299357466,1,646.54,96.98,67.66,420.25,61.65,0,0,0
4194,567,2026-03-28 10:00:00,28,5,1,late_night,clear,7,2,446,153,531.37,0,0.0,0.0,0.0,0,0.0,0.0,0.0,0.0,0.0,0,0,0
4195,568,2026-03-24 06:00:00,24,1,0,dinner,clear,8,4,75,24,427.09,0,0.0,0.0,0.0,1,427.09,0.0,71.02,277.61,78.46,0,0,0
4196,568,2026-04-24 20:00:00,24,4,0,lunch,rain,2,1,351,118,460.55,1,0.05,0.04830441058914584,0.0016955894108541605,0,0.0,0.0,0.0,0.0,0.0,0,0,0
4197,568,2026-01-12 22:00:00,12,0,0,late_night,clear,2,3,477,163,341.1,0,0.0,0.0,0.0,0,0.0,0.0,0.0,0.0,0.0,0,0,0
4198,568,2026-04-24 04:00:00,24,4,0,lunch,clear,13,1,500,172,443.27,0,0.0,0.0,0.0,0,0.0,0.0,0.0,0.0,0.0,0,0,0
4199,568,2026-01-05 02:00:00,5,0,1,lunch,clear,10,1,310,104,391.76,0,0.0,0.0,0.0,0,0.0,0.0,0.0,0.0,0.0,0,0,0
4200,568,2026-05-09 09:00:00,9,5,0,breakfast,clear,9,2,292,98,326.18,1,0.15,0.12402369895514008,0.025976301044859915,1,368.68,55.3,49.48,239.64,24.26,0,0,0
4201,569,2026-03-20 02:00:00,20,4,0,late_night,clear,13,4,244,79,438.48,0,0.0,0.0,0.0,0,0.0,0.0,0.0,0.0,0.0,0,0,0
4202,570,2026-03-27 23:00:00,27,4,1,late_night,clear,14,1,2,0,467.58,1,0.05,0.02807499895201461,0.021925001047985393,0,0.0,0.0,0.0,0.0,0.0,0,0,0
4203,570,2026-05-10 00:00:00,10,6,0,dinner,rain,13,1,54,17,410.72,1,0.15,0.1044892324606616,0.0455107675393384,1,477.73,71.66,58.6,310.52,36.95,0,0,0
4204,571,2026-02-03 11:00:00,3,1,1,late_night,clear,1,1,588,199,334.13,0,0.0,0.0,0.0,1,334.13,0.0,61.78,217.18,55.17,0,0,0
4205,571,2026-04-12 05:00:00,12,6,0,breakfast,clear,5,1,158,52,277.26,0,0.0,0.0,0.0,0,0.0,0.0,0.0,0.0,0.0,0,0,0
4206,571,2026-02-15 06:00:00,15,6,0,lunch,clear,9,2,110,37,304.85,0,0.0,0.0,0.0,0,0.0,0.0,0.0,0.0,0.0,0,0,0
4207,572,2026-05-13 01:00:00,13,2,0,dinner,clear,4,1,513,176,549.34,1,0.2,0.16232735205522308,0.03767264794477693,1,638.15,127.63,64.06,414.8,31.66,0,0,0
4208,572,2026-02-07 16:00:00,7,5,1,dinner,clear,11,1,376,129,469.03,1,0.15,0.11760922544575363,0.03239077455424637,1,532.27,79.84,79.06,345.98,27.39,0,0,0
4209,572,2026-01-07 04:00:00,7,2,1,late_night,clear,1,1,119,39,470.25,1,0.1,0.0731434877449311,0.02685651225506891,1,518.21,51.82,85.12,336.84,44.43,0,0,0
4210,572,2026-05-14 00:00:00,14,3,0,breakfast,clear,5,3,469,160,452.07,1,0.05,0.0413722200015773,0.0086277799984227,0,0.0,0.0,0.0,0.0,0.0,0,0,0
4211,572,2026-01-13 05:00:00,13,1,0,late_night,rain,10,3,23,7,447.81,0,0.0,0.0,0.0,0,0.0,0.0,0.0,0.0,0.0,0,0,0
4212,572,2026-03-24 19:00:00,24,1,0,lunch,clear,9,1,550,188,568.72,0,0.0,0.0,0.0,1,568.72,0.0,84.76,369.67,114.29,0,0,0
4213,572,2026-02-03 09:00:00,3,1,1,lunch,clear,9,1,14,4,405.99,1,0.1,0.06214952623808301,0.037850473761917,1,447.4,44.74,70.0,290.81,41.85,0,0,0
4214,572,2026-06-16 01:00:00,16,1,0,late_night,rain,6,2,330,111,302.15,1,0.15,0.1416117280219708,0.008388271978029188,1,342.89,51.43,61.3,222.88,7.28,0,0,0
4215,572,2026-01-13 07:00:00,13,1,0,late_night,clear,14,3,474,162,409.77,1,0.15,0.11951858818303776,0.030481411816962234,1,465.02,69.75,76.3,302.26,16.7,0,0,0
4216,572,2026-06-07 19:00:00,7,6,1,late_night,extreme,9,1,256,84,422.03,0,0.0,0.0,0.0,0,0.0,0.0,0.0,0.0,0.0,0,0,0
4217,572,2026-03-10 18:00:00,10,1,0,late_night,extreme,3,2,366,125,440.68,0,0.0,0.0,0.0,0,0.0,0.0,0.0,0.0,0.0,0,0,0
4218,572,2026-05-28 06:00:00,28,3,1,breakfast,clear,9,1,107,36,245.73,1,0.05,0.027930395498731726,0.022069604501268276,1,260.39,13.02,69.58,169.25,8.54,0,0,0
4219,572,2026-01-22 18:00:00,22,3,0,dinner,rain,6,2,366,125,440.68,0,0.0,0.0,0.0,0,0.0,0.0,0.0,0.0,0.0,0,0,0
4220,572,2026-05-28 22:00:00,28,3,1,late_night,clear,14,1,557,190,488.12,1,0.15,0.08356148706784368,0.06643851293215632,1,553.93,83.09,83.62,360.06,27.17,0,0,0
4221,573,2026-02-10 18:00:00,10,1,0,lunch,clear,2,3,407,139,299.82,1,0.2,0.1863715479754553,0.013628452024544713,1,380.63,76.13,51.58,247.41,5.51,0,0,0
4222,573,2026-03-28 12:00:00,28,5,1,dinner,clear,10,1,199,66,326.09,0,0.0,0.0,0.0,1,326.09,0.0,47.14,211.96,66.99,0,0,0
4223,573,2026-02-14 21:00:00,14,5,0,breakfast,clear,7,4,2,0,467.58,1,0.15,0.11248245155358846,0.03751754844641153,1,572.69,85.9,46.18,372.25,68.36,0,0,0
4224,573,2026-05-18 20:00:00,18,0,0,late_night,extreme,5,1,124,40,597.62,1,0.1,0.0620311901732629,0.03796880982673711,1,699.24,69.92,76.18,454.51,98.63,1,0,0
4225,573,2026-01-15 01:00:00,15,3,0,breakfast,clear,12,2,142,47,365.27,0,0.0,0.0,0.0,0,0.0,0.0,0.0,0.0,0.0,0,0,0
4226,573,2026-02-12 07:00:00,12,3,0,lunch,extreme,14,2,225,73,503.59,0,0.0,0.0,0.0,0,0.0,0.0,0.0,0.0,0.0,0,0,0
4227,573,2026-01-24 22:00:00,24,5,0,dinner,rain,10,1,218,71,510.47,1,0.2,0.11873314688601103,0.08126685311398898,1,648.05,129.61,50.14,421.23,47.07,0,0,0
4228,574,2026-06-20 09:00:00,20,5,0,lunch,clear,3,1,157,52,324.13,0,0.0,0.0,0.0,0,0.0,0.0,0.0,0.0,0.0,0,0,0
4229,574,2026-05-07 15:00:00,7,3,1,lunch,clear,13,1,189,63,421.89,0,0.0,0.0,0.0,1,421.89,0.0,87.88,274.23,59.78,0,0,0
4230,574,2026-03-28 06:00:00,28,5,1,late_night,clear,2,2,577,196,458.78,1,0.05,0.035131550140571545,0.014868449859428458,1,484.51,24.23,46.84,314.93,98.51,0,0,0
4231,574,2026-03-06 06:00:00,6,4,1,lunch,extreme,4,2,467,159,534.48,0,0.0,0.0,0.0,0,0.0,0.0,0.0,0.0,0.0,0,0,0
4232,574,2026-03-03 06:00:00,3,1,1,breakfast,extreme,1,5,428,146,518.02,0,0.0,0.0,0.0,1,518.02,0.0,53.62,336.71,127.69,0,0,0
4233,574,2026-02-22 16:00:00,22,6,0,dinner,rain,2,1,395,136,384.32,1,0.1,0.05870936528343249,0.04129063471656751,1,421.16,42.12,86.8,273.76,18.49,0,0,0
4234,574,2026-05-25 01:00:00,25,0,1,breakfast,clear,2,1,210,69,497.03,0,0.0,0.0,0.0,0,0.0,0.0,0.0,0.0,0.0,0,0,0
4235,575,2026-04-10 18:00:00,10,4,0,dinner,extreme,4,3,143,47,404.73,1,0.1,0.08137871284431518,0.018621287155684826,1,456.32,45.63,74.02,296.61,40.06,1,0,0
4236,575,2026-06-27 12:00:00,27,5,1,breakfast,clear,6,2,188,63,387.99,1,0.2,0.185757534670959,0.014242465329040999,1,466.38,93.28,87.88,303.15,-17.92,0,0,0
4237,575,2026-01-09 01:00:00,9,4,0,breakfast,clear,3,2,537,183,538.14,1,0.15,0.08247034035814274,0.06752965964185725,1,628.82,94.32,50.32,408.73,75.44,0,0,0
4238,575,2026-02-15 01:00:00,15,6,0,dinner,clear,6,1,211,69,610.72,1,0.15,0.14087644756301457,0.009123552436985427,1,713.63,107.04,49.0,463.86,93.73,0,0,0
4239,575,2026-06-28 23:00:00,28,6,1,breakfast,clear,8,3,447,154,368.02,0,0.0,0.0,0.0,0,0.0,0.0,0.0,0.0,0.0,0,0,0
4240,575,2026-03-15 01:00:00,15,6,0,dinner,clear,12,3,38,12,516.36,0,0.0,0.0,0.0,0,0.0,0.0,0.0,0.0,0.0,0,0,0
4241,575,2026-04-05 02:00:00,5,6,1,breakfast,clear,1,3,42,13,369.33,0,0.0,0.0,0.0,1,369.33,0.0,45.22,240.06,84.05,0,0,0
4242,575,2026-06-07 19:00:00,7,6,1,late_night,clear,3,1,482,165,337.45,0,0.0,0.0,0.0,0,0.0,0.0,0.0,0.0,0.0,0,0,0
4243,576,2026-04-16 14:00:00,16,3,0,lunch,clear,2,4,126,41,542.46,0,0.0,0.0,0.0,0,0.0,0.0,0.0,0.0,0.0,0,1,0
4244,576,2026-03-06 00:00:00,6,4,1,breakfast,clear,3,2,295,99,382.6,1,0.05,0.04313446797121443,0.006865532028785572,0,0.0,0.0,0.0,0.0,0.0,0,0,0
4245,576,2026-06-26 10:00:00,26,4,1,late_night,extreme,11,2,580,197,288.97,1,0.15,0.1255673998065716,0.024432600193428383,1,329.58,49.44,67.06,214.23,-1.14,0,0,0
4246,576,2026-06-24 10:00:00,24,2,0,dinner,clear,9,1,27,8,409.25,1,0.15,0.08373749804919317,0.06626250195080682,1,466.76,70.01,57.04,303.4,36.31,0,0,0
4247,576,2026-03-31 03:00:00,31,1,1,dinner,clear,7,1,383,132,348.19,0,0.0,0.0,0.0,0,0.0,0.0,0.0,0.0,0.0,0,0,0
4248,576,2026-02-08 09:00:00,8,6,0,dinner,clear,12,4,116,38,269.91,1,0.2,0.12099163748525132,0.07900836251474869,1,315.39,63.08,46.0,205.0,1.31,1,0,0
4249,576,2026-05-13 03:00:00,13,2,0,lunch,rain,7,1,382,132,329.93,0,0.0,0.0,0.0,0,0.0,0.0,0.0,0.0,0.0,0,0,0
4250,576,2026-02-10 14:00:00,10,1,0,dinner,clear,11,1,182,60,341.42,0,0.0,0.0,0.0,0,0.0,0.0,0.0,0.0,0.0,0,0,0
4251,576,2026-01-13 13:00:00,13,1,0,dinner,clear,3,1,263,87,460.9,1,0.15,0.12694997458951518,0.023050025410484815,1,525.67,78.85,52.0,341.69,53.13,1,0,0
4252,576,2026-02-24 18:00:00,24,1,0,dinner,clear,12,2,132,43,321.82,0,0.0,0.0,0.0,1,321.82,0.0,67.48,209.18,45.16,0,0,0
4253,576,2026-04-11 19:00:00,11,5,0,late_night,extreme,7,1,141,47,343.49,0,0.0,0.0,0.0,0,0.0,0.0,0.0,0.0,0.0,0,0,0
4254,576,2026-05-25 03:00:00,25,0,1,dinner,extreme,3,2,304,102,403.47,0,0.0,0.0,0.0,0,0.0,0.0,0.0,0.0,0.0,0,0,0
4255,577,2026-01-22 14:00:00,22,3,0,lunch,clear,9,1,254,84,436.22,1,0.05,0.045836284061731174,0.004163715938268829,1,466.49,23.32,49.0,303.22,90.95,1,0,0
4256,577,2026-06-07 09:00:00,7,6,1,breakfast,clear,12,1,283,95,342.16,1,0.2,0.1404857975052737,0.059514202494726304,1,406.5,81.3,67.12,264.22,-6.15,0,0,0
4257,577,2026-04-13 02:00:00,13,0,0,late_night,extreme,1,2,105,35,354.06,1,0.15,0.09517883435436499,0.05482116564563501,1,409.58,61.44,84.52,266.23,-2.6,0,0,0
4258,577,2026-04-04 10:00:00,4,5,1,breakfast,clear,12,2,223,73,306.77,0,0.0,0.0,0.0,0,0.0,0.0,0.0,0.0,0.0,0,0,0
4259,577,2026-01-05 07:00:00,5,0,1,breakfast,rain,7,4,398,136,562.98,1,0.05,0.045813597134178846,0.004186402865821157,1,602.05,30.1,86.8,391.33,93.81,0,0,0
4260,577,2026-05-07 06:00:00,7,3,1,late_night,clear,7,4,322,108,306.99,1,0.15,0.08427027643731329,0.0657297235626867,1,355.13,53.27,88.6,230.84,-17.57,0,0,0
4261,577,2026-03-04 10:00:00,4,2,1,breakfast,clear,8,5,530,181,442.66,0,0.0,0.0,0.0,0,0.0,0.0,0.0,0.0,0.0,0,0,0
4262,578,2026-02-14 01:00:00,14,5,0,dinner,clear,14,2,446,153,531.37,0,0.0,0.0,0.0,0,0.0,0.0,0.0,0.0,0.0,0,0,0
4263,578,2026-06-07 16:00:00,7,6,1,late_night,extreme,8,1,95,32,503.4,0,0.0,0.0,0.0,0,0.0,0.0,0.0,0.0,0.0,0,0,0
4264,578,2026-05-03 17:00:00,3,6,1,dinner,rain,8,3,377,130,439.99,1,0.05,0.04769553069397359,0.002304469306026416,0,0.0,0.0,0.0,0.0,0.0,0,0,0
4265,578,2026-04-09 09:00:00,9,3,0,lunch,rain,1,1,435,149,364.22,0,0.0,0.0,0.0,1,364.22,0.0,48.88,236.74,78.6,0,0,0
4266,578,2026-05-08 06:00:00,8,4,0,breakfast,clear,9,3,443,153,368.55,0,0.0,0.0,0.0,0,0.0,0.0,0.0,0.0,0.0,0,0,0
4267,578,2026-01-29 06:00:00,29,3,1,late_night,rain,5,1,54,17,410.72,1,0.2,0.11541315888053803,0.08458684111946198,1,474.68,94.94,58.6,308.54,12.6,0,0,0
4268,578,2026-03-10 15:00:00,10,1,0,breakfast,clear,1,1,172,56,602.27,1,0.2,0.17549127439420664,0.02450872560579337,1,696.06,139.21,65.92,452.44,38.49,1,0,1
4269,578,2026-01-22 18:00:00,22,3,0,dinner,extreme,1,1,437,150,421.49,0,0.0,0.0,0.0,1,421.49,0.0,67.84,273.97,79.68,0,0,0
4270,578,2026-02-09 09:00:00,9,0,0,lunch,clear,3,1,450,155,358.65,0,0.0,0.0,0.0,0,0.0,0.0,0.0,0.0,0.0,0,0,0
4271,579,2026-01-20 18:00:00,20,1,0,dinner,rain,13,1,482,165,337.45,0,0.0,0.0,0.0,0,0.0,0.0,0.0,0.0,0.0,0,0,0
4272,579,2026-01-19 02:00:00,19,0,0,breakfast,clear,3,1,578,197,363.8,0,0.0,0.0,0.0,0,0.0,0.0,0.0,0.0,0.0,0,0,0
4273,579,2026-02-09 02:00:00,9,0,0,lunch,clear,10,2,64,21,319.07,0,0.0,0.0,0.0,0,0.0,0.0,0.0,0.0,0.0,0,0,0
4274,579,2026-02-02 08:00:00,2,0,1,dinner,rain,14,1,80,26,419.05,1,0.2,0.12384724085761736,0.07615275914238265,1,457.41,91.48,90.88,297.32,-22.27,0,0,0
4275,579,2026-03-01 20:00:00,1,6,1,late_night,clear,10,2,65,21,412.58,0,0.0,0.0,0.0,0,0.0,0.0,0.0,0.0,0.0,0,0,0
4276,579,2026-01-28 10:00:00,28,2,1,dinner,extreme,11,2,141,47,343.49,1,0.15,0.1413341486826032,0.008665851317396805,0,0.0,0.0,0.0,0.0,0.0,0,0,0
4277,579,2026-04-09 05:00:00,9,3,0,lunch,clear,10,3,154,51,317.65,0,0.0,0.0,0.0,0,0.0,0.0,0.0,0.0,0.0,0,0,0
4278,579,2026-01-07 18:00:00,7,2,1,dinner,clear,4,1,438,150,397.96,1,0.15,0.1028777073065346,0.04712229269346539,1,428.34,64.25,64.84,278.42,20.83,0,0,0
4279,579,2026-05-03 17:00:00,3,6,1,breakfast,clear,14,3,378,130,410.6,0,0.0,0.0,0.0,1,410.6,0.0,72.88,266.89,70.83,0,0,0
4280,580,2026-02-17 16:00:00,17,1,0,late_night,clear,5,1,135,44,274.41,1,0.15,0.11068351815138851,0.03931648184861149,1,300.81,45.12,73.3,195.53,-13.14,1,0,0
4281,580,2026-06-12 16:00:00,12,4,0,breakfast,clear,11,3,269,90,408.04,0,0.0,0.0,0.0,0,0.0,0.0,0.0,0.0,0.0,0,0,0
4282,580,2026-03-29 07:00:00,29,6,1,late_night,clear,12,3,297,100,435.63,0,0.0,0.0,0.0,1,435.63,0.0,64.18,283.16,88.29,0,0,0
4283,580,2026-02-16 07:00:00,16,0,0,dinner,rain,10,1,25,7,464.09,1,0.1,0.07741413065993222,0.022585869340067788,0,0.0,0.0,0.0,0.0,0.0,0,0,0
4284,580,2026-03-28 05:00:00,28,5,1,late_night,clear,11,1,58,19,386.43,1,0.2,0.10218418566813435,0.09781581433186566,1,431.01,86.2,63.88,280.15,0.77,0,0,0
4285,580,2026-02-12 15:00:00,12,3,0,breakfast,clear,10,1,57,19,353.42,0,0.0,0.0,0.0,0,0.0,0.0,0.0,0.0,0.0,0,0,0
4286,580,2026-01-05 19:00:00,5,0,1,dinner,clear,6,2,523,179,390.75,0,0.0,0.0,0.0,0,0.0,0.0,0.0,0.0,0.0,0,0,0
4287,580,2026-01-10 04:00:00,10,5,0,late_night,clear,13,2,16,4,481.46,1,0.2,0.15438765254404774,0.04561234745595227,1,537.0,107.4,70.0,349.05,10.55,0,0,0
4288,581,2026-05-02 18:00:00,2,5,1,dinner,rain,10,4,550,188,568.72,0,0.0,0.0,0.0,0,0.0,0.0,0.0,0.0,0.0,0,0,0
4289,581,2026-04-05 09:00:00,5,6,1,dinner,extreme,13,3,261,86,381.66,0,0.0,0.0,0.0,0,0.0,0.0,0.0,0.0,0.0,0,0,0
4290,581,2026-01-17 14:00:00,17,5,0,dinner,rain,11,2,561,191,228.08,0,0.0,0.0,0.0,0,0.0,0.0,0.0,0.0,0.0,0,0,0
4291,582,2026-06-06 12:00:00,6,5,1,lunch,clear,11,3,354,119,352.83,1,0.15,0.08543303023129357,0.06456696976870642,1,412.07,61.81,48.22,267.84,34.19,1,0,0
4292,582,2026-02-24 10:00:00,24,1,0,breakfast,rain,9,2,583,198,447.0,0,0.0,0.0,0.0,0,0.0,0.0,0.0,0.0,0.0,0,0,0
4293,582,2026-02-21 10:00:00,21,5,0,lunch,rain,7,4,446,153,531.37,1,0.05,0.049051496983713076,0.0009485030162869265,1,570.85,28.54,80.38,371.05,90.87,0,1,0
4294,582,2026-01-12 04:00:00,12,0,0,breakfast,clear,4,1,133,44,257.6,0,0.0,0.0,0.0,0,0.0,0.0,0.0,0.0,0.0,0,0,0
4295,582,2026-04-15 01:00:00,15,2,0,dinner,clear,12,1,338,114,376.41,0,0.0,0.0,0.0,0,0.0,0.0,0.0,0.0,0.0,0,0,0
4296,583,2026-06-05 12:00:00,5,4,1,late_night,clear,3,1,183,60,258.03,0,0.0,0.0,0.0,0,0.0,0.0,0.0,0.0,0.0,0,0,0
4297,583,2026-01-18 13:00:00,18,6,0,late_night,extreme,9,5,226,74,412.77,0,0.0,0.0,0.0,0,0.0,0.0,0.0,0.0,0.0,0,0,0
4298,583,2026-02-28 19:00:00,28,5,1,lunch,rain,1,1,165,55,393.95,0,0.0,0.0,0.0,0,0.0,0.0,0.0,0.0,0.0,0,0,0
4299,583,2026-06-18 10:00:00,18,3,0,lunch,clear,6,5,81,26,550.99,0,0.0,0.0,0.0,0,0.0,0.0,0.0,0.0,0.0,0,0,0
4300,583,2026-03-08 16:00:00,8,6,0,lunch,rain,1,5,210,69,497.03,1,0.2,0.10944432205096173,0.09055567794903828,1,537.9,107.58,50.5,349.64,30.19,1,0,0
4301,583,2026-02-05 16:00:00,5,3,1,dinner,clear,8,1,132,43,321.82,0,0.0,0.0,0.0,1,321.82,0.0,67.48,209.18,45.16,0,0,0
4302,583,2026-02-01 02:00:00,1,6,1,dinner,rain,5,2,285,95,412.22,0,0.0,0.0,0.0,0,0.0,0.0,0.0,0.0,0.0,0,0,0
4303,583,2026-05-22 23:00:00,22,4,0,dinner,extreme,14,2,527,180,602.61,1,0.15,0.10652409437240203,0.04347590562759797,1,643.94,96.59,80.86,418.56,47.93,1,1,0
4304,583,2026-03-23 13:00:00,23,0,0,breakfast,clear,5,4,61,20,226.19,1,0.1,0.0561378488811499,0.043862151118850105,1,237.93,23.79,57.52,154.65,1.96,1,0,0
4305,583,2026-01-31 00:00:00,31,5,1,late_night,extreme,13,1,429,146,459.99,0,0.0,0.0,0.0,0,0.0,0.0,0.0,0.0,0.0,0,0,0
4306,583,2026-03-03 20:00:00,3,1,1,breakfast,clear,5,1,360,122,593.1,1,0.15,0.07662300015454868,0.07337699984545132,1,633.78,95.07,60.34,411.96,66.42,1,0,0
4307,583,2026-06-24 20:00:00,24,2,0,late_night,clear,10,1,511,175,535.27,1,0.05,0.032764892016791024,0.01723510798320898,1,551.51,27.58,69.94,358.48,95.51,1,0,0
4308,583,2026-01-11 05:00:00,11,6,0,breakfast,clear,7,5,430,147,329.56,0,0.0,0.0,0.0,1,329.56,0.0,87.64,214.21,27.71,0,0,0
4309,584,2026-05-26 01:00:00,26,1,1,lunch,clear,8,1,5,1,485.29,1,0.2,0.1715799369089656,0.028420063091034398,1,610.13,122.03,55.84,396.58,35.68,0,0,0
4310,584,2026-04-18 12:00:00,18,5,0,lunch,clear,4,4,71,23,526.88,0,0.0,0.0,0.0,0,0.0,0.0,0.0,0.0,0.0,0,0,0
4311,584,2026-05-14 17:00:00,14,3,0,breakfast,clear,11,1,65,21,412.58,0,0.0,0.0,0.0,0,0.0,0.0,0.0,0.0,0.0,0,0,0
4312,584,2026-03-07 09:00:00,7,5,1,late_night,extreme,2,2,292,98,326.18,1,0.15,0.12481311814554275,0.02518688185445725,1,396.16,59.42,52.48,257.51,26.75,0,0,0
4313,584,2026-01-20 12:00:00,20,1,0,lunch,extreme,9,1,122,40,339.12,1,0.05,0.04431275193787726,0.005687248062122743,1,371.32,18.57,76.18,241.36,35.21,1,0,0
4314,584,2026-05-07 21:00:00,7,3,1,lunch,clear,2,4,379,130,459.76,0,0.0,0.0,0.0,0,0.0,0.0,0.0,0.0,0.0,0,0,0
4315,584,2026-06-29 02:00:00,29,0,1,late_night,clear,10,1,113,37,446.27,0,0.0,0.0,0.0,0,0.0,0.0,0.0,0.0,0.0,0,0,0
4316,584,2026-06-25 23:00:00,25,3,1,dinner,clear,5,1,179,59,330.4,0,0.0,0.0,0.0,0,0.0,0.0,0.0,0.0,0.0,0,0,0
4317,584,2026-06-24 23:00:00,24,2,0,dinner,clear,14,1,543,186,246.87,1,0.2,0.12730225311928103,0.07269774688071898,1,310.37,62.07,75.46,201.74,-28.9,0,0,0
4318,584,2026-02-23 14:00:00,23,0,0,late_night,clear,14,3,273,91,373.55,1,0.1,0.06706138776489988,0.032938612235100126,1,434.18,43.42,53.98,282.22,54.56,0,0,0
4319,584,2026-02-26 03:00:00,26,3,1,breakfast,rain,7,1,524,179,239.99,1,0.2,0.15629220275236438,0.04370779724763563,1,301.73,60.35,88.42,196.12,-43.16,0,0,0
4320,584,2026-03-11 10:00:00,11,2,0,dinner,rain,14,1,408,140,346.78,1,0.05,0.03199705760704885,0.01800294239295115,1,379.7,18.99,83.02,246.81,30.89,0,0,0
4321,584,2026-02-12 11:00:00,12,3,0,lunch,clear,7,1,103,34,391.16,1,0.15,0.07666998331083703,0.07333001668916296,1,475.08,71.26,55.54,308.8,39.48,0,0,0
4322,584,2026-04-15 04:00:00,15,2,0,dinner,clear,14,1,55,18,281.2,1,0.05,0.04132053239534696,0.008679467604653046,1,307.9,15.39,71.62,200.13,20.75,0,0,0
4323,585,2026-03-26 11:00:00,26,3,1,breakfast,rain,13,1,117,38,339.09,0,0.0,0.0,0.0,0,0.0,0.0,0.0,0.0,0.0,0,0,0
4324,586,2026-02-28 17:00:00,28,5,1,late_night,clear,5,1,154,51,317.65,1,0.05,0.03655524776738104,0.013444752232618963,1,324.56,16.23,72.04,210.96,25.33,0,0,0
4325,586,2026-05-15 05:00:00,15,4,0,lunch,clear,1,2,441,152,383.96,0,0.0,0.0,0.0,1,383.96,0.0,69.88,249.57,64.51,0,0,0
4326,586,2026-03-02 05:00:00,2,0,1,dinner,clear,1,1,585,198,566.08,1,0.05,0.027379431970969044,0.02262056802903096,0,0.0,0.0,0.0,0.0,0.0,0,0,0
4327,586,2026-05-01 03:00:00,1,4,1,breakfast,extreme,3,1,304,102,403.47,0,0.0,0.0,0.0,1,403.47,0.0,63.46,262.26,77.75,0,0,0
4328,586,2026-01-30 13:00:00,30,4,1,late_night,extreme,11,1,90,30,431.25,0,0.0,0.0,0.0,0,0.0,0.0,0.0,0.0,0.0,0,0,0
4329,586,2026-05-28 07:00:00,28,3,1,dinner,clear,6,1,356,120,422.65,0,0.0,0.0,0.0,0,0.0,0.0,0.0,0.0,0.0,0,0,0
4330,586,2026-03-08 07:00:00,8,6,0,dinner,clear,13,1,79,25,491.57,1,0.15,0.12363266802144506,0.02636733197855494,0,0.0,0.0,0.0,0.0,0.0,0,0,0
4331,586,2026-05-03 23:00:00,3,6,1,late_night,rain,8,1,386,133,329.4,1,0.05,0.03438227203476681,0.01561772796523319,0,0.0,0.0,0.0,0.0,0.0,0,0,0
4332,586,2026-06-07 05:00:00,7,6,1,dinner,rain,3,4,575,196,499.98,0,0.0,0.0,0.0,0,0.0,0.0,0.0,0.0,0.0,0,0,0
4333,587,2026-06-19 21:00:00,19,4,0,dinner,rain,1,1,515,177,466.41,1,0.05,0.040086674242835234,0.009913325757164769,0,0.0,0.0,0.0,0.0,0.0,0,0,0
4334,587,2026-02-17 06:00:00,17,1,0,breakfast,clear,7,2,8,2,501.52,0,0.0,0.0,0.0,0,0.0,0.0,0.0,0.0,0.0,0,0,0
4335,587,2026-06-22 09:00:00,22,0,0,lunch,clear,14,1,126,41,542.46,1,0.05,0.043974582717861255,0.006025417282138748,1,579.0,28.95,47.8,376.35,125.9,0,0,0
4336,587,2026-03-30 09:00:00,30,0,1,late_night,rain,10,1,374,128,310.41,1,0.15,0.07763043900796547,0.07236956099203452,1,357.66,53.65,61.66,232.48,9.87,1,0,0
4337,587,2026-02-16 15:00:00,16,0,0,breakfast,clear,1,1,121,40,652.1,1,0.05,0.0470764381296191,0.0029235618703809044,1,696.02,34.8,73.18,452.42,135.63,0,1,0
4338,587,2026-03-22 02:00:00,22,6,0,breakfast,clear,2,1,351,118,460.55,1,0.1,0.06415516487744503,0.03584483512255497,1,513.58,51.36,89.02,333.83,39.38,0,0,0
4339,587,2026-02-18 03:00:00,18,2,0,lunch,clear,6,1,260,86,580.54,0,0.0,0.0,0.0,0,0.0,0.0,0.0,0.0,0.0,0,0,0
4340,587,2026-05-11 21:00:00,11,0,0,late_night,clear,7,1,76,24,373.62,0,0.0,0.0,0.0,1,373.62,0.0,71.02,242.85,59.75,0,0,0
4341,587,2026-05-05 11:00:00,5,1,1,late_night,clear,8,1,330,111,302.15,1,0.1,0.07864748099432918,0.021352519005670825,1,336.94,33.69,59.8,219.01,24.44,0,0,0
4342,587,2026-05-15 11:00:00,15,4,0,late_night,rain,2,1,140,46,353.64,1,0.15,0.12504010360122397,0.02495989639877602,1,407.47,61.12,51.1,264.86,30.39,0,1,0
4343,587,2026-05-29 15:00:00,29,4,1,dinner,clear,12,1,396,136,466.36,1,0.15,0.10564205024103983,0.044357949758960166,1,537.35,80.6,85.3,349.28,22.17,0,0,0
4344,588,2026-05-10 19:00:00,10,6,0,late_night,clear,5,1,424,145,401.06,0,0.0,0.0,0.0,0,0.0,0.0,0.0,0.0,0.0,0,0,0
4345,588,2026-04-30 12:00:00,30,3,1,breakfast,rain,14,2,437,150,421.49,1,0.1,0.056497448510976114,0.04350255148902389,1,467.26,46.73,66.34,303.72,50.48,1,0,0
4346,588,2026-06-08 04:00:00,8,0,0,breakfast,clear,3,1,492,169,517.7,1,0.05,0.040879736869041096,0.009120263130958907,1,550.59,27.53,51.34,357.88,113.84,0,0,0
4347,588,2026-01-16 04:00:00,16,4,0,late_night,clear,7,1,439,151,283.62,0,0.0,0.0,0.0,0,0.0,0.0,0.0,0.0,0.0,0,0,0
4348,588,2026-06-29 18:00:00,29,0,1,dinner,clear,14,1,520,178,275.66,0,0.0,0.0,0.0,0,0.0,0.0,0.0,0.0,0.0,0,0,0
4349,588,2026-06-03 01:00:00,3,2,1,lunch,clear,1,1,363,123,366.41,1,0.1,0.0516345419884307,0.04836545801156931,0,0.0,0.0,0.0,0.0,0.0,0,0,0
4350,589,2026-05-22 04:00:00,22,4,0,dinner,clear,1,3,420,144,369.6,0,0.0,0.0,0.0,1,369.6,0.0,50.74,240.24,78.62,0,0,0
4351,589,2026-06-05 05:00:00,5,4,1,late_night,extreme,6,1,360,122,593.1,0,0.0,0.0,0.0,0,0.0,0.0,0.0,0.0,0.0,0,0,0
4352,589,2026-06-07 20:00:00,7,6,1,late_night,rain,13,1,3,0,415.4,1,0.2,0.1582031140068555,0.04179688599314452,1,484.2,96.84,47.68,314.73,24.95,0,0,0
4353,589,2026-03-30 21:00:00,30,0,1,dinner,clear,2,1,7,2,414.56,1,0.2,0.18091704656442467,0.01908295343557534,1,483.22,96.64,80.14,314.09,-7.66,1,0,0
4354,590,2026-06-14 09:00:00,14,6,0,breakfast,extreme,7,5,488,167,559.81,1,0.1,0.07828663111459033,0.021713368885409673,1,662.77,66.28,50.08,430.8,115.61,0,0,0
4355,590,2026-03-20 23:00:00,20,4,0,late_night,rain,10,1,418,143,386.26,1,0.05,0.029242128100676647,0.020757871899323356,1,427.82,21.39,71.86,278.08,56.49,1,0,0
4356,590,2026-05-22 12:00:00,22,4,0,lunch,clear,5,2,573,195,366.51,1,0.2,0.10182376085352868,0.09817623914647133,1,473.35,94.67,55.9,307.68,15.1,0,1,0
4357,590,2026-02-23 00:00:00,23,0,0,breakfast,extreme,13,1,294,99,361.09,1,0.15,0.1252823808471178,0.024717619152882203,1,448.88,67.33,71.08,291.77,18.7,0,0,0
4358,590,2026-03-28 03:00:00,28,5,1,breakfast,rain,12,2,246,80,447.69,1,0.15,0.12645551505178412,0.02354448494821587,1,556.54,83.48,74.5,361.75,36.81,0,0,0
4359,590,2026-02-08 16:00:00,8,6,0,breakfast,rain,12,1,418,143,386.26,0,0.0,0.0,0.0,0,0.0,0.0,0.0,0.0,0.0,0,0,0
4360,590,2026-05-10 23:00:00,10,6,0,breakfast,clear,11,1,573,195,366.51,0,0.0,0.0,0.0,1,366.51,0.0,55.9,238.23,72.38,0,0,0
4361,590,2026-05-10 23:00:00,10,6,0,lunch,rain,2,1,136,45,379.51,1,0.05,0.028491684522003957,0.021508315477996046,1,420.34,21.02,69.46,273.22,56.64,1,0,0
4362,590,2026-02-13 13:00:00,13,4,0,breakfast,clear,7,1,421,144,346.22,1,0.05,0.037366302222059715,0.012633697777940288,1,383.47,19.17,50.74,249.26,64.3,0,0,0
4363,590,2026-05-14 08:00:00,14,3,0,lunch,clear,5,1,138,45,433.17,1,0.1,0.06100398178556783,0.038996018214432174,1,512.84,51.28,67.96,333.35,60.25,1,0,0
4364,591,2026-04-18 00:00:00,18,5,0,dinner,clear,2,2,41,13,378.71,1,0.05,0.027396312334793907,0.022603687665206096,0,0.0,0.0,0.0,0.0,0.0,0,0,0
4365,591,2026-04-27 14:00:00,27,0,1,dinner,extreme,14,3,489,168,352.48,0,0.0,0.0,0.0,0,0.0,0.0,0.0,0.0,0.0,0,0,0
4366,591,2026-06-12 09:00:00,12,4,0,dinner,clear,1,2,258,85,347.07,1,0.2,0.14886421969104277,0.05113578030895724,1,394.57,78.91,57.28,256.47,1.91,1,0,0
4367,591,2026-01-27 20:00:00,27,1,1,dinner,clear,13,2,477,163,341.1,0,0.0,0.0,0.0,1,341.1,0.0,54.58,221.72,64.81,0,0,0
4368,591,2026-05-08 15:00:00,8,4,0,breakfast,extreme,8,1,188,63,387.99,1,0.05,0.0445390662521505,0.005460933747849506,0,0.0,0.0,0.0,0.0,0.0,0,0,0
4369,591,2026-06-08 13:00:00,8,0,0,dinner,extreme,6,1,440,151,317.0,0,0.0,0.0,0.0,0,0.0,0.0,0.0,0.0,0.0,0,0,0
4370,591,2026-05-01 00:00:00,1,4,1,late_night,rain,11,1,451,155,376.18,1,0.1,0.05331597774233036,0.04668402225766965,0,0.0,0.0,0.0,0.0,0.0,0,0,0
4371,591,2026-04-29 02:00:00,29,2,1,late_night,rain,5,2,69,22,531.2,0,0.0,0.0,0.0,0,0.0,0.0,0.0,0.0,0.0,0,0,0
4372,591,2026-01-30 02:00:00,30,4,1,dinner,clear,5,3,167,55,394.06,0,0.0,0.0,0.0,1,394.06,0.0,87.64,256.14,50.28,0,0,0
4373,591,2026-06-02 21:00:00,2,1,1,breakfast,rain,7,1,382,132,329.93,0,0.0,0.0,0.0,0,0.0,0.0,0.0,0.0,0.0,0,0,0
4374,592,2026-01-02 03:00:00,2,4,1,late_night,extreme,10,2,577,196,458.78,1,0.15,0.11087186742379737,0.03912813257620262,1,563.71,84.56,49.84,366.41,62.9,0,0,0
4375,592,2026-03-04 06:00:00,4,2,1,lunch,clear,3,1,524,179,239.99,1,0.1,0.09794908258417265,0.002050917415827358,1,281.51,28.15,86.92,182.98,-16.54,0,0,0
4376,592,2026-04-22 13:00:00,22,2,0,late_night,extreme,14,1,45,14,456.27,1,0.1,0.05727811441445305,0.04272188558554695,1,535.21,53.52,73.78,347.89,60.02,0,0,0
4377,592,2026-05-26 04:00:00,26,1,1,lunch,clear,10,1,550,188,568.72,1,0.1,0.081616417869951,0.01838358213004901,1,667.11,66.71,84.76,433.62,82.02,0,0,0
4378,593,2026-06-22 04:00:00,22,0,0,dinner,clear,4,1,523,179,390.75,1,0.15,0.14104301378193804,0.008956986218061957,1,422.03,63.31,86.92,274.32,-2.51,0,0,0
4379,593,2026-05-29 04:00:00,29,4,1,dinner,extreme,2,1,199,66,326.09,1,0.1,0.08772596419738138,0.012274035802618627,1,345.84,34.58,50.14,224.8,36.32,1,0,0
4380,593,2026-06-20 03:00:00,20,5,0,breakfast,rain,7,2,248,81,302.79,1,0.15,0.08762334256853817,0.06237665743146183,0,0.0,0.0,0.0,0.0,0.0,0,0,0
4381,593,2026-01-01 11:00:00,1,3,1,late_night,clear,10,1,279,93,516.93,0,0.0,0.0,0.0,0,0.0,0.0,0.0,0.0,0.0,0,0,0
4382,593,2026-01-05 23:00:00,5,0,1,late_night,clear,11,2,289,97,327.43,1,0.1,0.06979898594832955,0.030201014051670458,1,347.26,34.73,86.14,225.72,0.68,0,0,0
4383,593,2026-06-25 04:00:00,25,3,1,lunch,clear,14,1,335,113,408.94,0,0.0,0.0,0.0,0,0.0,0.0,0.0,0.0,0.0,0,0,0
4384,593,2026-04-20 19:00:00,20,0,0,breakfast,clear,1,4,179,59,330.4,0,0.0,0.0,0.0,0,0.0,0.0,0.0,0.0,0.0,0,0,0
4385,593,2026-04-06 05:00:00,6,0,1,late_night,rain,2,1,158,52,277.26,1,0.15,0.0820156746455714,0.0679843253544286,1,299.46,44.92,62.14,194.65,-2.25,0,0,0
4386,594,2026-02-21 02:00:00,21,5,0,lunch,clear,8,1,444,153,387.88,1,0.2,0.16796743658920063,0.03203256341079938,1,447.26,89.45,78.88,290.72,-11.79,0,0,0
4387,594,2026-06-08 05:00:00,8,0,0,dinner,clear,14,2,40,12,466.1,0,0.0,0.0,0.0,1,466.1,0.0,79.96,302.97,83.17,0,0,0
4388,594,2026-01-25 16:00:00,25,6,1,breakfast,clear,8,3,243,79,453.8,0,0.0,0.0,0.0,0,0.0,0.0,0.0,0.0,0.0,0,0,0
4389,594,2026-03-05 14:00:00,5,3,1,late_night,rain,10,1,479,164,360.53,1,0.05,0.04648274112627702,0.003517258873722985,1,380.9,19.05,90.82,247.59,23.45,0,0,0
4390,595,2026-03-25 13:00:00,25,2,1,late_night,clear,6,1,383,132,348.19,0,0.0,0.0,0.0,0,0.0,0.0,0.0,0.0,0.0,0,0,0
4391,596,2026-05-10 19:00:00,10,6,0,dinner,rain,12,2,328,110,369.63,1,0.05,0.04827844403091752,0.0017215559690824805,1,391.54,19.58,70.84,254.5,46.62,0,0,0
4392,596,2026-03-29 12:00:00,29,6,1,dinner,clear,12,4,473,162,367.38,0,0.0,0.0,0.0,0,0.0,0.0,0.0,0.0,0.0,0,0,0
4393,596,2026-02-15 19:00:00,15,6,0,breakfast,clear,4,3,547,187,395.56,0,0.0,0.0,0.0,0,0.0,0.0,0.0,0.0,0.0,0,0,0
4394,596,2026-03-15 06:00:00,15,6,0,lunch,clear,2,3,329,111,439.94,1,0.1,0.07779633016155997,0.022203669838440035,1,484.52,48.45,59.8,314.93,61.33,0,0,0
4395,596,2026-05-03 08:00:00,3,6,1,lunch,clear,3,2,494,170,372.46,1,0.15,0.1443385968634295,0.0056614031365704864,1,422.35,63.35,60.16,274.53,24.31,0,0,0
4396,596,2026-01-16 10:00:00,16,4,0,breakfast,clear,2,2,108,36,342.36,1,0.05,0.03671007002973405,0.01328992997026595,0,0.0,0.0,0.0,0.0,0.0,0,0,0
4397,596,2026-03-22 09:00:00,22,6,0,breakfast,rain,9,2,359,121,321.16,0,0.0,0.0,0.0,0,0.0,0.0,0.0,0.0,0.0,0,0,0
4398,596,2026-04-23 03:00:00,23,3,0,breakfast,extreme,7,1,468,160,412.07,0,0.0,0.0,0.0,1,412.07,0.0,84.28,267.85,59.94,0,0,0
4399,596,2026-03-27 21:00:00,27,4,1,lunch,clear,7,1,384,132,441.54,0,0.0,0.0,0.0,1,441.54,0.0,56.5,287.0,98.04,0,0,0
4400,596,2026-01-31 17:00:00,31,5,1,lunch,rain,3,1,561,191,228.08,1,0.1,0.06183797252314115,0.03816202747685885,1,251.19,25.12,89.14,163.27,-26.34,0,0,0
4401,596,2026-06-09 04:00:00,9,1,0,dinner,rain,1,3,223,73,306.77,0,0.0,0.0,0.0,1,306.77,0.0,85.66,199.4,21.71,0,0,0
4402,597,2026-03-12 04:00:00,12,3,0,breakfast,extreme,13,1,342,116,418.51,0,0.0,0.0,0.0,1,418.51,0.0,84.82,272.03,61.66,0,0,0
4403,597,2026-01-31 21:00:00,31,5,1,breakfast,clear,3,2,365,124,467.16,1,0.15,0.09812972576483048,0.05187027423516952,1,576.06,86.41,79.12,374.44,36.09,1,0,0
4404,598,2026-04-24 08:00:00,24,4,0,dinner,rain,11,1,305,102,300.68,0,0.0,0.0,0.0,1,300.68,0.0,61.96,195.44,43.28,0,0,0
4405,598,2026-03-30 04:00:00,30,0,1,breakfast,clear,3,1,128,42,428.94,0,0.0,0.0,0.0,0,0.0,0.0,0.0,0.0,0.0,0,0,0
4406,598,2026-05-02 10:00:00,2,5,1,lunch,rain,3,1,495,170,353.45,1,0.05,0.04202896786365753,0.007971032136342475,1,382.98,19.15,61.66,248.93,53.23,0,0,0
4407,598,2026-03-16 15:00:00,16,0,0,late_night,rain,10,1,462,158,425.12,1,0.1,0.08159847142677962,0.018401528573220388,1,485.83,48.58,84.64,315.79,36.82,0,0,0
4408,598,2026-05-01 09:00:00,1,4,1,late_night,clear,4,1,131,43,406.54,1,0.15,0.11477748876776431,0.03522251123223569,1,483.29,72.49,67.48,314.14,29.18,1,0,0
4409,598,2026-04-15 05:00:00,15,2,0,breakfast,rain,10,1,494,170,372.46,1,0.1,0.06742293013018388,0.03257706986981612,1,425.65,42.56,61.66,276.67,44.75,0,0,0
4410,598,2026-06-17 19:00:00,17,2,0,breakfast,clear,6,2,24,7,471.83,0,0.0,0.0,0.0,0,0.0,0.0,0.0,0.0,0.0,0,0,0
4411,598,2026-03-15 03:00:00,15,6,0,late_night,extreme,7,1,332,112,555.99,1,0.2,0.14225073212096723,0.057749267879032784,1,681.83,136.37,59.38,443.19,42.9,0,0,0
4412,598,2026-04-05 09:00:00,5,6,1,dinner,rain,5,1,1,0,430.92,0,0.0,0.0,0.0,0,0.0,0.0,0.0,0.0,0.0,0,0,0
4413,598,2026-02-09 10:00:00,9,0,0,dinner,clear,4,1,81,26,550.99,0,0.0,0.0,0.0,1,550.99,0.0,89.38,358.14,103.47,0,0,0
4414,598,2026-03-09 06:00:00,9,0,0,breakfast,clear,8,4,228,74,270.68,1,0.05,0.039843779958977546,0.010156220041022457,0,0.0,0.0,0.0,0.0,0.0,0,0,0
4415,598,2026-02-24 10:00:00,24,1,0,lunch,clear,3,2,306,102,364.7,1,0.05,0.041454335286737025,0.008545664713262978,1,395.17,19.76,60.46,256.86,58.09,0,0,0
4416,598,2026-06-11 02:00:00,11,3,0,breakfast,extreme,6,1,440,151,317.0,1,0.2,0.15600730860169765,0.043992691398302364,1,388.75,77.75,54.64,252.69,3.67,1,0,0
4417,598,2026-05-08 23:00:00,8,4,0,breakfast,clear,6,3,161,54,318.19,0,0.0,0.0,0.0,0,0.0,0.0,0.0,0.0,0.0,0,0,0
4418,599,2026-03-26 21:00:00,26,3,1,breakfast,clear,3,1,520,178,275.66,0,0.0,0.0,0.0,0,0.0,0.0,0.0,0.0,0.0,0,0,0
4419,599,2026-05-21 21:00:00,21,3,0,dinner,clear,2,1,363,123,366.41,1,0.05,0.025360087154967927,0.024639912845032075,0,0.0,0.0,0.0,0.0,0.0,0,0,0
4420,600,2026-04-03 23:00:00,3,4,1,late_night,extreme,3,1,462,158,425.12,0,0.0,0.0,0.0,1,425.12,0.0,86.14,276.33,62.65,0,0,0
4421,601,2026-03-30 05:00:00,30,0,1,dinner,clear,1,1,547,187,395.56,0,0.0,0.0,0.0,0,0.0,0.0,0.0,0.0,0.0,0,0,0
4422,601,2026-02-05 13:00:00,5,3,1,lunch,clear,11,1,382,132,329.93,0,0.0,0.0,0.0,1,329.93,0.0,56.5,214.45,58.98,0,0,0
4423,601,2026-01-16 18:00:00,16,4,0,late_night,clear,13,1,264,87,368.04,0,0.0,0.0,0.0,0,0.0,0.0,0.0,0.0,0.0,0,0,1
4424,601,2026-06-20 08:00:00,20,5,0,lunch,clear,9,1,204,67,507.77,1,0.2,0.11248713007322127,0.08751286992677874,1,587.01,117.4,65.62,381.56,22.43,1,0,0
4425,601,2026-01-15 23:00:00,15,3,0,lunch,clear,14,3,286,96,396.78,0,0.0,0.0,0.0,0,0.0,0.0,0.0,0.0,0.0,0,0,0
4426,602,2026-06-21 21:00:00,21,6,0,lunch,clear,8,2,37,11,363.11,0,0.0,0.0,0.0,0,0.0,0.0,0.0,0.0,0.0,0,0,0
4427,602,2026-02-03 04:00:00,3,1,1,dinner,clear,8,4,462,158,425.12,0,0.0,0.0,0.0,0,0.0,0.0,0.0,0.0,0.0,0,0,0
4428,603,2026-03-28 22:00:00,28,5,1,dinner,rain,3,1,132,43,321.82,1,0.15,0.1253695774496546,0.024630422550345393,1,374.59,56.19,68.98,243.48,5.94,0,0,0
4429,603,2026-05-22 02:00:00,22,4,0,dinner,rain,1,1,218,71,510.47,1,0.1,0.05510574892502343,0.04489425107497658,1,573.79,57.38,50.14,372.96,93.31,0,0,0
4430,603,2026-03-16 21:00:00,16,0,0,late_night,rain,2,1,43,13,320.07,1,0.2,0.10796766840106048,0.09203233159893953,1,382.99,76.6,46.72,248.95,10.73,0,0,0
4431,603,2026-01-28 15:00:00,28,2,1,breakfast,rain,2,1,343,116,496.91,0,0.0,0.0,0.0,0,0.0,0.0,0.0,0.0,0.0,0,0,0
4432,603,2026-06-22 23:00:00,22,0,0,late_night,clear,5,1,351,118,460.55,1,0.2,0.15459712375454301,0.045402876245457,1,551.09,110.22,89.02,358.21,-6.36,1,0,0
4433,603,2026-03-13 21:00:00,13,4,0,late_night,clear,14,2,100,33,426.11,0,0.0,0.0,0.0,0,0.0,0.0,0.0,0.0,0.0,0,0,0
4434,603,2026-06-18 23:00:00,18,3,0,late_night,clear,2,1,303,102,431.39,0,0.0,0.0,0.0,0,0.0,0.0,0.0,0.0,0.0,0,0,0
4435,603,2026-04-03 09:00:00,3,4,1,breakfast,clear,14,1,249,81,432.79,0,0.0,0.0,0.0,0,0.0,0.0,0.0,0.0,0.0,0,0,0
4436,603,2026-02-19 15:00:00,19,3,0,breakfast,clear,9,1,26,7,436.75,0,0.0,0.0,0.0,0,0.0,0.0,0.0,0.0,0.0,0,0,0
4437,603,2026-01-15 00:00:00,15,3,0,breakfast,clear,14,1,196,65,501.99,0,0.0,0.0,0.0,0,0.0,0.0,0.0,0.0,0.0,0,0,0
4438,604,2026-01-18 16:00:00,18,6,0,lunch,clear,10,1,208,68,619.11,0,0.0,0.0,0.0,0,0.0,0.0,0.0,0.0,0.0,0,0,0
4439,604,2026-06-16 04:00:00,16,1,0,dinner,rain,5,1,269,90,408.04,0,0.0,0.0,0.0,0,0.0,0.0,0.0,0.0,0.0,0,0,0
4440,604,2026-03-26 23:00:00,26,3,1,breakfast,clear,14,3,299,101,404.49,0,0.0,0.0,0.0,0,0.0,0.0,0.0,0.0,0.0,0,0,0
4441,604,2026-06-27 08:00:00,27,5,1,lunch,clear,6,1,223,73,306.77,1,0.15,0.1345709478616173,0.015429052138382693,1,349.04,52.36,84.16,226.88,-14.35,0,0,0
4442,604,2026-05-27 22:00:00,27,2,1,late_night,clear,13,3,256,84,422.03,0,0.0,0.0,0.0,1,422.03,0.0,49.0,274.32,98.71,0,0,0
4443,604,2026-04-19 21:00:00,19,6,0,late_night,clear,11,2,15,4,270.08,0,0.0,0.0,0.0,0,0.0,0.0,0.0,0.0,0.0,0,0,0
4444,604,2026-05-11 16:00:00,11,0,0,lunch,clear,3,1,274,92,294.0,0,0.0,0.0,0.0,0,0.0,0.0,0.0,0.0,0.0,0,0,0
4445,604,2026-06-27 22:00:00,27,5,1,late_night,clear,5,1,407,139,299.82,0,0.0,0.0,0.0,1,299.82,0.0,51.58,194.88,53.36,0,0,0
4446,604,2026-03-01 08:00:00,1,6,1,dinner,clear,14,2,487,167,472.48,1,0.05,0.03883623017283905,0.011163769827160955,0,0.0,0.0,0.0,0.0,0.0,0,0,0
4447,605,2026-06-23 14:00:00,23,1,0,late_night,extreme,5,1,122,40,339.12,0,0.0,0.0,0.0,0,0.0,0.0,0.0,0.0,0.0,0,0,0
4448,605,2026-05-23 09:00:00,23,5,0,late_night,clear,4,1,283,95,342.16,1,0.05,0.04598368572026615,0.004016314279733854,0,0.0,0.0,0.0,0.0,0.0,0,0,0
4449,605,2026-03-07 11:00:00,7,5,1,late_night,clear,4,2,551,188,482.27,0,0.0,0.0,0.0,0,0.0,0.0,0.0,0.0,0.0,0,0,0
4450,606,2026-06-22 07:00:00,22,0,0,late_night,clear,6,1,393,135,332.05,1,0.2,0.10232965662427743,0.09767034337572258,1,408.55,81.71,77.2,265.56,-15.92,1,0,0
4451,606,2026-01-28 00:00:00,28,2,1,lunch,clear,3,1,392,135,314.54,1,0.1,0.06787827141201175,0.03212172858798826,1,360.26,36.03,77.2,234.17,12.86,1,1,0
4452,606,2026-05-10 03:00:00,10,6,0,breakfast,clear,14,4,542,186,379.72,0,0.0,0.0,0.0,1,379.72,0.0,75.46,246.82,57.44,0,0,0
4453,606,2026-06-28 15:00:00,28,6,1,lunch,rain,5,2,258,85,347.07,0,0.0,0.0,0.0,0,0.0,0.0,0.0,0.0,0.0,0,0,0
4454,606,2026-04-08 12:00:00,8,2,0,lunch,clear,2,1,40,12,466.1,1,0.1,0.08250164167310758,0.01749835832689242,1,533.85,53.38,79.96,347.0,53.5,0,0,0
4455,606,2026-06-05 02:00:00,5,4,1,dinner,rain,13,1,175,57,349.16,1,0.15,0.11066126581112365,0.039338734188876345,1,416.25,62.44,57.64,270.56,25.61,1,0,0
4456,606,2026-06-13 05:00:00,13,5,0,dinner,clear,7,2,2,0,467.58,1,0.05,0.03186424564541312,0.018135754354586885,1,507.34,25.37,46.18,329.77,106.02,1,0,0
4457,606,2026-05-30 05:00:00,30,5,1,lunch,extreme,6,1,56,18,437.35,1,0.2,0.11829553313985693,0.08170446686014309,1,538.11,107.62,74.62,349.77,6.1,1,0,0
4458,606,2026-04-27 21:00:00,27,0,1,breakfast,clear,8,1,86,28,398.14,0,0.0,0.0,0.0,0,0.0,0.0,0.0,0.0,0.0,0,0,0
4459,606,2026-06-24 17:00:00,24,2,0,lunch,clear,14,1,33,10,294.15,0,0.0,0.0,0.0,0,0.0,0.0,0.0,0.0,0.0,0,0,0
4460,606,2026-06-25 16:00:00,25,3,1,breakfast,clear,6,1,128,42,428.94,0,0.0,0.0,0.0,1,428.94,0.0,50.92,278.81,99.21,0,1,0
4461,606,2026-02-20 06:00:00,20,4,0,dinner,clear,6,2,218,71,510.47,0,0.0,0.0,0.0,1,510.47,0.0,48.64,331.81,130.02,0,0,0
4462,606,2026-01-09 21:00:00,9,4,0,late_night,clear,1,1,263,87,460.9,1,0.1,0.062260903197011566,0.03773909680298844,1,527.89,52.79,52.0,343.13,79.97,1,0,0
4463,607,2026-06-23 04:00:00,23,1,0,dinner,extreme,7,2,0,0,289.95,1,0.1,0.06613207405143122,0.033867925948568786,1,310.31,31.03,49.18,201.7,28.4,1,0,0
4464,607,2026-04-01 10:00:00,1,2,1,late_night,clear,4,1,64,21,319.07,1,0.2,0.10207514394220969,0.09792485605779032,1,354.59,70.92,84.88,230.48,-31.69,1,0,0
4465,607,2026-06-16 08:00:00,16,1,0,late_night,clear,9,1,123,40,374.8,0,0.0,0.0,0.0,0,0.0,0.0,0.0,0.0,0.0,0,0,0
4466,607,2026-01-17 22:00:00,17,5,0,breakfast,clear,13,1,185,61,409.82,0,0.0,0.0,0.0,1,409.82,0.0,52.42,266.38,91.02,0,0,0
4467,607,2026-03-01 06:00:00,1,6,1,breakfast,clear,7,1,435,149,364.22,1,0.15,0.09561531112675303,0.05438468887324696,1,398.04,59.71,47.38,258.72,32.23,0,0,0
4468,608,2026-02-19 13:00:00,19,3,0,lunch,clear,9,1,115,38,322.99,1,0.05,0.04542046513444775,0.004579534865552251,1,353.61,17.68,46.0,229.84,60.08,0,0,0
4469,608,2026-01-16 15:00:00,16,4,0,dinner,clear,11,1,298,100,356.47,0,0.0,0.0,0.0,0,0.0,0.0,0.0,0.0,0.0,0,0,0
4470,608,2026-01-19 02:00:00,19,0,0,late_night,clear,11,1,139,46,550.59,1,0.05,0.029229894343317398,0.020770105656682605,1,602.78,30.14,49.6,391.81,131.23,0,0,0
4471,608,2026-01-30 14:00:00,30,4,1,breakfast,clear,14,1,147,49,505.44,0,0.0,0.0,0.0,0,0.0,0.0,0.0,0.0,0.0,0,0,0
4472,608,2026-04-25 10:00:00,25,5,1,breakfast,extreme,3,2,573,195,366.51,0,0.0,0.0,0.0,0,0.0,0.0,0.0,0.0,0.0,0,0,0
4473,608,2026-02-05 09:00:00,5,3,1,lunch,clear,14,1,351,118,460.55,0,0.0,0.0,0.0,0,0.0,0.0,0.0,0.0,0.0,0,0,0
4474,608,2026-06-21 16:00:00,21,6,0,lunch,rain,14,1,82,26,413.45,0,0.0,0.0,0.0,0,0.0,0.0,0.0,0.0,0.0,0,0,0
4475,608,2026-03-15 19:00:00,15,6,0,late_night,clear,7,2,314,105,440.46,0,0.0,0.0,0.0,0,0.0,0.0,0.0,0.0,0.0,0,0,0
4476,608,2026-06-12 01:00:00,12,4,0,lunch,clear,4,1,20,6,418.44,0,0.0,0.0,0.0,1,418.44,0.0,79.06,271.99,67.39,0,0,0
4477,609,2026-03-15 01:00:00,15,6,0,late_night,rain,4,4,452,155,457.82,0,0.0,0.0,0.0,0,0.0,0.0,0.0,0.0,0.0,0,0,0
4478,609,2026-02-02 19:00:00,2,0,1,lunch,clear,8,1,299,101,404.49,0,0.0,0.0,0.0,0,0.0,0.0,0.0,0.0,0.0,0,0,0
4479,609,2026-05-16 18:00:00,16,5,0,dinner,clear,8,3,581,197,473.43,1,0.2,0.1735678536527998,0.026432146347200203,1,530.97,106.19,64.06,345.13,15.59,0,0,0
4480,609,2026-04-25 19:00:00,25,5,1,late_night,clear,5,1,477,163,341.1,0,0.0,0.0,0.0,0,0.0,0.0,0.0,0.0,0.0,0,0,0
4481,609,2026-04-03 21:00:00,3,4,1,dinner,clear,11,1,459,157,423.51,0,0.0,0.0,0.0,0,0.0,0.0,0.0,0.0,0.0,0,0,0
4482,609,2026-02-23 18:00:00,23,0,0,dinner,rain,12,2,549,188,505.49,0,0.0,0.0,0.0,0,0.0,0.0,0.0,0.0,0.0,0,0,0
4483,609,2026-01-25 21:00:00,25,6,1,late_night,clear,3,3,359,121,321.16,0,0.0,0.0,0.0,0,0.0,0.0,0.0,0.0,0.0,0,0,0
4484,609,2026-01-13 09:00:00,13,1,0,breakfast,clear,8,4,73,23,424.13,1,0.1,0.09446025026119131,0.005539749738808691,1,456.65,45.67,89.32,296.82,24.84,0,0,0
4485,609,2026-03-25 03:00:00,25,2,1,late_night,rain,8,1,4,1,425.22,1,0.1,0.06997209405442019,0.030027905945579816,1,457.83,45.78,57.34,297.59,57.12,0,0,0
4486,609,2026-04-19 19:00:00,19,6,0,breakfast,clear,2,2,134,44,288.98,1,0.05,0.03673872179680673,0.013261278203193276,1,301.94,15.1,73.3,196.26,17.28,1,0,0
4487,610,2026-01-17 04:00:00,17,5,0,lunch,clear,13,1,305,102,300.68,0,0.0,0.0,0.0,0,0.0,0.0,0.0,0.0,0.0,0,0,1
4488,610,2026-04-07 18:00:00,7,1,1,dinner,clear,9,3,207,68,306.93,1,0.15,0.13585970557028224,0.014140294429717759,0,0.0,0.0,0.0,0.0,0.0,0,0,0
4489,610,2026-04-19 02:00:00,19,6,0,late_night,rain,3,1,487,167,472.48,1,0.2,0.11949743378513088,0.08050256621486913,1,526.01,105.2,48.58,341.91,30.32,0,0,0
4490,610,2026-06-15 10:00:00,15,0,0,breakfast,clear,3,1,58,19,386.43,0,0.0,0.0,0.0,0,0.0,0.0,0.0,0.0,0.0,0,0,0
4491,610,2026-06-21 23:00:00,21,6,0,breakfast,clear,9,5,196,65,501.99,1,0.2,0.14995166692707262,0.05004833307292739,1,558.86,111.77,56.92,363.26,26.91,1,0,0
4492,610,2026-01-25 23:00:00,25,6,1,breakfast,clear,5,1,346,117,414.91,0,0.0,0.0,0.0,1,414.91,0.0,77.2,269.69,68.02,0,0,0
4493,610,2026-01-12 14:00:00,12,0,0,dinner,rain,5,1,401,138,355.52,1,0.15,0.10792741711745303,0.04207258288254696,0,0.0,0.0,0.0,0.0,0.0,0,0,0
4494,610,2026-03-13 14:00:00,13,4,0,late_night,clear,4,2,365,124,467.16,1,0.2,0.1371767849863018,0.06282321501369822,1,520.09,104.02,79.12,338.06,-1.11,0,0,0
4495,610,2026-01-15 23:00:00,15,3,0,lunch,rain,5,2,399,137,510.29,0,0.0,0.0,0.0,0,0.0,0.0,0.0,0.0,0.0,0,0,0
4496,611,2026-05-16 12:00:00,16,5,0,dinner,clear,1,2,547,187,395.56,1,0.2,0.13303905000458002,0.06696094999541999,1,444.74,88.95,77.74,289.08,-11.03,0,0,0
4497,611,2026-02-12 14:00:00,12,3,0,dinner,clear,7,1,346,117,414.91,1,0.05,0.028864847484631286,0.021135152515368717,1,433.95,21.7,77.2,282.07,52.98,0,0,0
4498,611,2026-02-05 02:00:00,5,3,1,dinner,clear,8,1,574,196,374.14,1,0.05,0.02819881399367657,0.02180118600632343,0,0.0,0.0,0.0,0.0,0.0,0,0,0
4499,611,2026-04-11 19:00:00,11,5,0,dinner,rain,6,1,577,196,458.78,0,0.0,0.0,0.0,0,0.0,0.0,0.0,0.0,0.0,0,0,0
4500,611,2026-03-25 04:00:00,25,2,1,lunch,clear,1,1,338,114,376.41,1,0.15,0.14977442322006793,0.00022557677993206848,1,415.44,62.32,79.0,270.04,4.09,1,0,0
4501,611,2026-04-22 09:00:00,22,2,0,breakfast,rain,8,3,207,68,306.93,1,0.2,0.10533351686773838,0.09466648313226163,1,345.09,69.02,50.26,224.31,1.5,0,0,0
4502,611,2026-06-15 18:00:00,15,0,0,dinner,clear,13,1,79,25,491.57,0,0.0,0.0,0.0,0,0.0,0.0,0.0,0.0,0.0,0,0,0
4503,611,2026-01-15 22:00:00,15,3,0,breakfast,rain,6,1,262,87,288.41,1,0.05,0.027262055166220434,0.02273794483377957,1,301.64,15.08,53.5,196.07,36.99,1,0,0
4504,611,2026-05-31 17:00:00,31,6,1,lunch,clear,13,2,472,161,222.14,0,0.0,0.0,0.0,1,222.14,0.0,62.92,144.39,14.83,0,0,0
4505,611,2026-04-23 11:00:00,23,3,0,late_night,clear,12,1,84,27,443.26,1,0.1,0.07967991527815753,0.020320084721842477,1,478.03,47.8,86.8,310.72,32.71,0,0,0
4506,612,2026-05-11 05:00:00,11,0,0,lunch,rain,7,1,150,50,461.7,0,0.0,0.0,0.0,1,461.7,0.0,58.54,300.1,103.05,0,0,0
4507,612,2026-01-12 12:00:00,12,0,0,late_night,rain,5,2,174,57,360.84,0,0.0,0.0,0.0,0,0.0,0.0,0.0,0.0,0.0,0,0,0
4508,612,2026-06-09 01:00:00,9,1,0,breakfast,rain,3,2,116,38,269.91,1,0.15,0.13432050403854864,0.01567949596145135,1,297.44,44.62,47.5,193.33,11.99,1,0,0
4509,612,2026-01-15 02:00:00,15,3,0,late_night,clear,5,1,269,90,408.04,0,0.0,0.0,0.0,0,0.0,0.0,0.0,0.0,0.0,0,0,0
4510,612,2026-02-07 00:00:00,7,5,1,dinner,clear,8,2,348,118,387.46,0,0.0,0.0,0.0,0,0.0,0.0,0.0,0.0,0.0,0,1,0
4511,613,2026-04-09 09:00:00,9,3,0,late_night,clear,2,4,154,51,317.65,0,0.0,0.0,0.0,0,0.0,0.0,0.0,0.0,0.0,0,0,0
4512,613,2026-06-13 17:00:00,13,5,0,dinner,clear,4,4,185,61,409.82,0,0.0,0.0,0.0,1,409.82,0.0,52.42,266.38,91.02,0,0,0
4513,613,2026-03-05 12:00:00,5,3,1,late_night,clear,2,2,187,62,507.74,1,0.1,0.071137225765658,0.028862774234342012,1,525.72,52.57,72.28,341.71,59.15,1,0,0
4514,613,2026-02-17 02:00:00,17,1,0,lunch,rain,12,1,375,129,325.69,1,0.1,0.09898897328420198,0.0010110267157980302,1,337.22,33.72,80.56,219.19,3.75,0,0,0
4515,613,2026-06-15 05:00:00,15,0,0,dinner,rain,7,1,13,4,401.59,1,0.1,0.08943612750337668,0.010563872496623328,0,0.0,0.0,0.0,0.0,0.0,0,0,0
4516,613,2026-04-10 19:00:00,10,4,0,late_night,clear,7,4,90,30,431.25,1,0.05,0.043516015349029026,0.006483984650970977,0,0.0,0.0,0.0,0.0,0.0,0,0,0
4517,613,2026-03-31 10:00:00,31,1,1,late_night,clear,14,1,106,35,389.07,0,0.0,0.0,0.0,0,0.0,0.0,0.0,0.0,0.0,0,0,0
4518,614,2026-02-04 05:00:00,4,2,1,breakfast,rain,10,2,532,181,329.51,1,0.2,0.11272214627147686,0.08727785372852315,1,381.96,76.39,66.94,248.28,-9.65,0,0,0
4519,614,2026-02-27 14:00:00,27,4,1,dinner,clear,5,5,472,161,222.14,0,0.0,0.0,0.0,0,0.0,0.0,0.0,0.0,0.0,0,0,0
4520,614,2026-03-24 21:00:00,24,1,0,lunch,rain,10,2,39,12,668.74,0,0.0,0.0,0.0,0,0.0,0.0,0.0,0.0,0.0,0,0,0
4521,615,2026-04-26 17:00:00,26,6,1,late_night,clear,3,1,162,54,283.11,0,0.0,0.0,0.0,0,0.0,0.0,0.0,0.0,0.0,0,0,0
4522,615,2026-06-23 10:00:00,23,1,0,breakfast,clear,10,2,421,144,346.22,1,0.15,0.10814956786119241,0.04185043213880758,1,370.75,55.61,50.74,240.99,23.41,0,0,0
4523,615,2026-04-30 22:00:00,30,3,1,dinner,clear,14,2,238,77,307.59,1,0.15,0.0858046581975438,0.06419534180245619,1,329.38,49.41,71.56,214.1,-5.68,0,0,0
4524,616,2026-04-10 04:00:00,10,4,0,dinner,clear,3,2,70,22,412.24,1,0.05,0.04988343590135702,0.00011656409864298223,1,431.78,21.59,86.98,280.66,42.56,0,0,0
4525,616,2026-03-07 08:00:00,7,5,1,breakfast,clear,14,2,302,101,453.97,1,0.05,0.0427204085590682,0.0072795914409318,0,0.0,0.0,0.0,0.0,0.0,0,0,0
4526,616,2026-03-29 08:00:00,29,6,1,breakfast,clear,5,2,584,198,433.43,0,0.0,0.0,0.0,1,433.43,0.0,66.7,281.73,85.0,0,0,0
4527,616,2026-03-21 08:00:00,21,5,0,late_night,clear,3,1,131,43,406.54,0,0.0,0.0,0.0,0,0.0,0.0,0.0,0.0,0.0,0,0,0
4528,616,2026-01-08 10:00:00,8,3,0,lunch,clear,13,1,229,75,373.34,1,0.2,0.16477101497670088,0.03522898502329913,1,421.3,84.26,67.9,273.84,-4.71,0,0,0
4529,616,2026-01-04 16:00:00,4,6,1,breakfast,clear,10,1,492,169,517.7,1,0.2,0.13608722140090715,0.06391277859909286,1,584.2,116.84,51.34,379.73,36.29,0,0,0
4530,616,2026-04-03 05:00:00,3,4,1,late_night,extreme,14,5,501,172,342.17,0,0.0,0.0,0.0,0,0.0,0.0,0.0,0.0,0.0,0,0,0
4531,616,2026-02-27 03:00:00,27,4,1,dinner,clear,10,2,0,0,289.95,1,0.15,0.1176937499259077,0.032306250074092296,1,321.01,48.15,46.18,208.66,18.02,1,0,0
4532,616,2026-05-30 05:00:00,30,5,1,late_night,clear,1,1,350,118,329.12,0,0.0,0.0,0.0,0,0.0,0.0,0.0,0.0,0.0,0,0,0
4533,617,2026-06-26 17:00:00,26,4,1,breakfast,clear,3,1,398,136,562.98,1,0.2,0.1277207772708299,0.07227922272917012,1,631.54,126.31,85.3,410.5,9.43,0,0,0
4534,617,2026-02-05 22:00:00,5,3,1,dinner,clear,8,1,395,136,384.32,1,0.1,0.09388242111878116,0.006117578881218846,0,0.0,0.0,0.0,0.0,0.0,0,0,0
4535,617,2026-05-14 11:00:00,14,3,0,breakfast,rain,12,4,472,161,222.14,0,0.0,0.0,0.0,1,222.14,0.0,64.42,144.39,13.33,0,0,0
4536,617,2026-04-28 15:00:00,28,1,1,dinner,clear,4,2,303,102,431.39,0,0.0,0.0,0.0,1,431.39,0.0,60.46,280.4,90.53,0,0,0
4537,618,2026-04-11 00:00:00,11,5,0,breakfast,rain,12,5,226,74,412.77,1,0.1,0.0564261681438671,0.04357383185613291,0,0.0,0.0,0.0,0.0,0.0,0,0,0
4538,618,2026-03-31 11:00:00,31,1,1,lunch,rain,11,1,34,10,395.98,1,0.1,0.0999698385498554,3.016145014460292e-05,1,426.51,42.65,85.3,277.23,21.33,1,0,0
4539,618,2026-01-25 04:00:00,25,6,1,dinner,clear,7,1,259,85,416.73,1,0.05,0.0417155403569149,0.0082844596430851,1,435.52,21.78,57.28,283.09,73.38,0,0,0
4540,618,2026-04-26 20:00:00,26,6,1,breakfast,rain,4,1,570,194,428.5,0,0.0,0.0,0.0,0,0.0,0.0,0.0,0.0,0.0,0,0,0
4541,618,2026-05-23 11:00:00,23,5,0,dinner,rain,11,1,359,121,321.16,1,0.05,0.038609817145707354,0.01139018285429265,1,335.64,16.78,73.84,218.17,26.85,1,0,0
4542,618,2026-04-05 19:00:00,5,6,1,breakfast,clear,13,1,110,37,304.85,1,0.2,0.13490846692293995,0.06509153307706006,1,342.1,68.42,82.66,222.37,-31.34,1,0,0
4543,618,2026-06-25 04:00:00,25,3,1,breakfast,clear,4,2,40,12,466.1,0,0.0,0.0,0.0,0,0.0,0.0,0.0,0.0,0.0,0,0,0
4544,618,2026-04-29 06:00:00,29,2,1,late_night,clear,11,1,267,89,351.67,1,0.15,0.08107544382826416,0.06892455617173583,1,387.51,58.13,54.7,251.88,22.8,0,0,0
4545,618,2026-06-07 20:00:00,7,6,1,breakfast,clear,9,1,253,83,398.87,0,0.0,0.0,0.0,0,0.0,0.0,0.0,0.0,0.0,0,0,0
4546,618,2026-01-28 12:00:00,28,2,1,lunch,clear,11,3,98,33,267.42,0,0.0,0.0,0.0,0,0.0,0.0,0.0,0.0,0.0,0,0,0
4547,618,2026-06-10 18:00:00,10,2,0,dinner,clear,8,3,206,68,536.05,0,0.0,0.0,0.0,0,0.0,0.0,0.0,0.0,0.0,0,0,0
4548,618,2026-06-06 10:00:00,6,5,1,late_night,rain,2,1,213,70,439.7,0,0.0,0.0,0.0,0,0.0,0.0,0.0,0.0,0.0,0,0,0
4549,619,2026-01-30 01:00:00,30,4,1,breakfast,clear,10,2,289,97,327.43,0,0.0,0.0,0.0,0,0.0,0.0,0.0,0.0,0.0,0,0,0
4550,619,2026-02-19 15:00:00,19,3,0,breakfast,rain,8,1,202,67,483.51,0,0.0,0.0,0.0,0,0.0,0.0,0.0,0.0,0.0,0,0,0
4551,619,2026-03-19 00:00:00,19,3,0,dinner,clear,13,2,522,178,248.13,0,0.0,0.0,0.0,0,0.0,0.0,0.0,0.0,0.0,0,0,0
4552,619,2026-02-26 13:00:00,26,3,1,lunch,clear,3,1,207,68,306.93,1,0.05,0.048241255615911305,0.001758744384088698,1,323.76,16.19,48.76,210.44,48.37,0,0,0
4553,619,2026-03-30 02:00:00,30,0,1,late_night,clear,13,2,376,129,469.03,0,0.0,0.0,0.0,1,469.03,0.0,79.06,304.87,85.1,0,0,0
4554,619,2026-01-14 01:00:00,14,2,0,breakfast,rain,10,1,247,80,495.9,1,0.15,0.12207836255747576,0.02792163744252424,1,557.34,83.6,74.5,362.27,36.97,0,0,0
4555,619,2026-02-02 09:00:00,2,0,1,late_night,clear,9,2,416,142,323.29,1,0.1,0.06221119396420941,0.037788806035790594,0,0.0,0.0,0.0,0.0,0.0,0,0,0
4556,619,2026-06-29 16:00:00,29,0,1,lunch,clear,5,1,495,170,353.45,0,0.0,0.0,0.0,0,0.0,0.0,0.0,0.0,0.0,0,0,0
4557,619,2026-01-29 16:00:00,29,3,1,lunch,clear,1,3,83,27,432.63,0,0.0,0.0,0.0,0,0.0,0.0,0.0,0.0,0.0,0,0,0
4558,619,2026-05-19 16:00:00,19,1,0,lunch,clear,9,4,4,1,425.22,1,0.05,0.03879780098342069,0.01120219901657931,0,0.0,0.0,0.0,0.0,0.0,0,0,0
4559,619,2026-01-08 14:00:00,8,3,0,breakfast,clear,7,2,246,80,447.69,1,0.15,0.1263862631657604,0.02361373683423959,1,503.16,75.47,73.0,327.05,27.63,0,0,0
4560,619,2026-01-17 15:00:00,17,5,0,lunch,clear,14,4,576,196,382.35,0,0.0,0.0,0.0,0,0.0,0.0,0.0,0.0,0.0,0,0,0
4561,620,2026-01-24 11:00:00,24,5,0,dinner,clear,3,2,265,88,547.4,0,0.0,0.0,0.0,1,547.4,0.0,64.66,355.81,126.93,0,0,0
4562,621,2026-02-07 21:00:00,7,5,1,lunch,clear,6,2,468,160,412.07,0,0.0,0.0,0.0,0,0.0,0.0,0.0,0.0,0.0,0,0,0
4563,621,2026-03-11 15:00:00,11,2,0,breakfast,clear,9,2,208,68,619.11,1,0.15,0.11855345060799498,0.031446549392005016,1,690.89,103.63,48.76,449.08,89.42,0,0,0
4564,621,2026-06-15 04:00:00,15,0,0,late_night,clear,1,2,29,9,439.47,1,0.05,0.027222593022658927,0.022777406977341076,1,462.02,23.1,49.24,300.31,89.36,0,0,0
4565,621,2026-06-08 00:00:00,8,0,0,breakfast,clear,12,3,79,25,491.57,0,0.0,0.0,0.0,0,0.0,0.0,0.0,0.0,0.0,0,0,0
4566,621,2026-03-11 13:00:00,11,2,0,dinner,rain,3,1,112,37,403.7,0,0.0,0.0,0.0,0,0.0,0.0,0.0,0.0,0.0,0,0,0
4567,621,2026-06-14 15:00:00,14,6,0,breakfast,clear,1,2,402,138,434.21,1,0.1,0.07448051507417366,0.02551948492582634,1,472.29,47.23,50.2,306.99,67.87,0,0,0
4568,621,2026-06-19 18:00:00,19,4,0,breakfast,extreme,8,1,462,158,425.12,0,0.0,0.0,0.0,1,425.12,0.0,86.14,276.33,62.65,0,0,0
4569,621,2026-04-08 10:00:00,8,2,0,lunch,clear,9,1,150,50,461.7,1,0.05,0.03907552312124053,0.01092447687875947,1,485.39,24.27,57.04,315.5,88.58,1,0,0
4570,621,2026-06-15 14:00:00,15,0,0,dinner,clear,7,4,306,102,364.7,0,0.0,0.0,0.0,0,0.0,0.0,0.0,0.0,0.0,0,0,0
4571,621,2026-03-18 04:00:00,18,2,0,late_night,extreme,13,1,103,34,391.16,1,0.2,0.10771366510605385,0.09228633489394616,1,445.53,89.11,58.54,289.6,8.29,0,0,0
4572,621,2026-01-24 23:00:00,24,5,0,dinner,clear,10,1,457,157,396.77,1,0.05,0.036105549065974754,0.013894450934025249,0,0.0,0.0,0.0,0.0,0.0,0,0,0
4573,622,2026-05-20 00:00:00,20,2,0,breakfast,clear,2,1,386,133,329.4,0,0.0,0.0,0.0,1,329.4,0.0,73.54,214.11,41.75,0,0,0
4574,622,2026-03-29 09:00:00,29,6,1,late_night,clear,14,2,258,85,347.07,1,0.05,0.04875208782957156,0.001247912170428446,0,0.0,0.0,0.0,0.0,0.0,0,0,0
4575,622,2026-02-09 10:00:00,9,0,0,dinner,rain,2,2,387,133,497.56,1,0.05,0.03613722567167554,0.013862774328324466,1,526.46,26.32,75.04,342.2,82.9,0,0,0
4576,622,2026-02-15 10:00:00,15,6,0,late_night,rain,3,1,302,101,453.97,1,0.1,0.09447741511261544,0.005522584887384566,1,499.05,49.9,73.9,324.38,50.86,0,0,0
4577,622,2026-02-27 11:00:00,27,4,1,dinner,clear,4,4,99,33,451.11,1,0.15,0.09926556701079658,0.05073443298920341,1,510.32,76.55,51.16,331.71,50.9,1,0,0
4578,622,2026-03-17 07:00:00,17,1,0,lunch,clear,6,1,278,93,308.37,1,0.15,0.08397628677815962,0.06602371322184038,1,348.85,52.33,72.76,226.75,-2.99,1,0,0
4579,622,2026-05-07 23:00:00,7,3,1,dinner,clear,2,2,580,197,288.97,1,0.1,0.07511081418239314,0.024889185817606865,0,0.0,0.0,0.0,0.0,0.0,0,0,0
4580,622,2026-06-18 14:00:00,18,3,0,breakfast,clear,4,1,453,156,246.22,1,0.15,0.10404056040660192,0.04595943959339807,1,278.54,41.78,86.92,181.05,-31.21,1,0,0
4581,623,2026-02-09 11:00:00,9,0,0,lunch,clear,4,2,114,38,343.32,0,0.0,0.0,0.0,0,0.0,0.0,0.0,0.0,0.0,0,0,0
4582,623,2026-04-22 06:00:00,22,2,0,breakfast,clear,1,2,297,100,435.63,0,0.0,0.0,0.0,0,0.0,0.0,0.0,0.0,0.0,0,0,0
4583,623,2026-01-08 06:00:00,8,3,0,lunch,clear,2,3,442,152,349.53,1,0.2,0.1277411630030478,0.07225883699695221,1,393.1,78.62,69.88,255.52,-10.91,0,1,0
4584,623,2026-03-27 13:00:00,27,4,1,breakfast,clear,5,1,373,128,361.15,0,0.0,0.0,0.0,0,0.0,0.0,0.0,0.0,0.0,0,0,0
4585,623,2026-02-26 07:00:00,26,3,1,dinner,rain,4,1,12,3,282.55,1,0.15,0.0836069785472667,0.06639302145273329,1,311.93,46.79,57.34,202.75,5.05,0,0,0
4586,623,2026-04-21 13:00:00,21,1,0,dinner,rain,6,1,408,140,346.78,1,0.1,0.0589081218723995,0.041091878127600505,1,374.06,37.41,83.02,243.14,10.49,0,0,0
4587,623,2026-01-13 17:00:00,13,1,0,lunch,rain,9,1,354,119,352.83,1,0.2,0.10931454455064821,0.0906854554493518,1,396.82,79.36,49.72,257.93,9.8,1,0,0
4588,623,2026-03-08 07:00:00,8,6,0,dinner,rain,13,3,148,49,348.4,0,0.0,0.0,0.0,0,0.0,0.0,0.0,0.0,0.0,0,0,0
4589,623,2026-03-12 22:00:00,12,3,0,dinner,clear,11,2,472,161,222.14,0,0.0,0.0,0.0,0,0.0,0.0,0.0,0.0,0.0,0,0,0
4590,623,2026-06-25 02:00:00,25,3,1,breakfast,clear,2,1,389,134,419.42,0,0.0,0.0,0.0,1,419.42,0.0,49.18,272.62,97.62,0,0,0
4591,623,2026-03-26 08:00:00,26,3,1,late_night,clear,13,1,297,100,435.63,1,0.1,0.08787098981413603,0.012129010185863973,1,469.89,46.99,64.18,305.43,53.29,1,0,1
4592,623,2026-01-31 14:00:00,31,5,1,late_night,extreme,9,1,342,116,418.51,0,0.0,0.0,0.0,1,418.51,0.0,84.82,272.03,61.66,0,0,0
4593,623,2026-01-21 09:00:00,21,2,0,dinner,clear,2,1,28,8,385.39,0,0.0,0.0,0.0,0,0.0,0.0,0.0,0.0,0.0,0,0,0
4594,623,2026-01-24 07:00:00,24,5,0,late_night,rain,3,2,531,181,439.88,0,0.0,0.0,0.0,0,0.0,0.0,0.0,0.0,0.0,0,0,0
4595,624,2026-04-08 21:00:00,8,2,0,late_night,clear,13,4,87,29,453.25,1,0.2,0.16711893321926025,0.032881066780739765,1,563.72,112.74,62.68,366.42,21.88,0,0,0
4596,624,2026-04-30 18:00:00,30,3,1,dinner,clear,8,4,467,159,534.48,0,0.0,0.0,0.0,1,534.48,0.0,51.7,347.41,135.37,0,0,0
4597,624,2026-01-27 04:00:00,27,1,1,lunch,clear,8,1,360,122,593.1,1,0.15,0.1295983915100178,0.02040160848998218,1,713.66,107.05,60.34,463.88,82.39,0,0,1
4598,624,2026-05-25 01:00:00,25,0,1,late_night,rain,5,1,31,9,344.82,0,0.0,0.0,0.0,0,0.0,0.0,0.0,0.0,0.0,0,0,0
4599,624,2026-05-18 19:00:00,18,0,0,dinner,clear,14,2,213,70,439.7,0,0.0,0.0,0.0,0,0.0,0.0,0.0,0.0,0.0,0,0,0
4600,625,2026-05-01 20:00:00,1,4,1,lunch,clear,5,1,229,75,373.34,1,0.1,0.05545290327645888,0.044547096723541124,1,399.93,39.99,67.9,259.95,32.08,0,0,0
4601,625,2026-05-01 23:00:00,1,4,1,lunch,clear,11,1,126,41,542.46,0,0.0,0.0,0.0,0,0.0,0.0,0.0,0.0,0.0,0,0,0
4602,625,2026-04-14 13:00:00,14,1,0,late_night,clear,8,1,409,140,302.97,1,0.1,0.0504437588281081,0.049556241171891904,1,324.55,32.45,81.52,210.96,-0.38,0,0,0
4603,625,2026-05-09 11:00:00,9,5,0,late_night,rain,6,1,425,145,399.21,0,0.0,0.0,0.0,1,399.21,0.0,49.72,259.49,90.0,0,0,0
4604,625,2026-03-26 11:00:00,26,3,1,dinner,extreme,13,2,415,142,396.5,0,0.0,0.0,0.0,1,396.5,0.0,51.7,257.73,87.07,0,0,0
4605,625,2026-02-01 17:00:00,1,6,1,breakfast,extreme,14,4,249,81,432.79,1,0.1,0.08710166127897329,0.01289833872102672,0,0.0,0.0,0.0,0.0,0.0,0,0,0
4606,625,2026-05-24 00:00:00,24,6,0,breakfast,clear,5,1,196,65,501.99,0,0.0,0.0,0.0,0,0.0,0.0,0.0,0.0,0.0,0,0,0
4607,625,2026-03-20 20:00:00,20,4,0,breakfast,clear,12,1,163,54,346.38,0,0.0,0.0,0.0,0,0.0,0.0,0.0,0.0,0.0,0,0,0
4608,625,2026-01-12 10:00:00,12,0,0,lunch,clear,12,2,140,46,353.64,0,0.0,0.0,0.0,1,353.64,0.0,49.6,229.87,74.17,0,0,0
4609,625,2026-01-19 00:00:00,19,0,0,dinner,clear,8,5,371,127,443.31,0,0.0,0.0,0.0,1,443.31,0.0,88.18,288.15,66.98,0,0,0
4610,626,2026-03-18 07:00:00,18,2,0,breakfast,clear,13,1,93,31,496.71,1,0.1,0.05938236518084821,0.040617634819151795,1,528.7,52.87,55.78,343.66,76.4,0,0,0
4611,626,2026-05-14 20:00:00,14,3,0,breakfast,rain,9,2,507,174,355.79,0,0.0,0.0,0.0,0,0.0,0.0,0.0,0.0,0.0,0,0,0
4612,626,2026-03-18 23:00:00,18,2,0,lunch,clear,1,1,40,12,466.1,0,0.0,0.0,0.0,0,0.0,0.0,0.0,0.0,0.0,0,0,0
4613,626,2026-06-20 16:00:00,20,5,0,late_night,rain,5,1,455,156,300.5,1,0.05,0.03507584980538221,0.014924150194617791,0,0.0,0.0,0.0,0.0,0.0,0,0,0
4614,626,2026-03-28 05:00:00,28,5,1,lunch,extreme,1,2,339,115,349.28,1,0.2,0.1646118063337077,0.03538819366629231,1,384.94,76.99,86.5,250.21,-28.76,1,0,0
4615,627,2026-01-20 16:00:00,20,1,0,dinner,clear,14,1,436,149,386.12,0,0.0,0.0,0.0,0,0.0,0.0,0.0,0.0,0.0,0,0,0
4616,628,2026-02-14 00:00:00,14,5,0,breakfast,extreme,3,4,330,111,302.15,0,0.0,0.0,0.0,0,0.0,0.0,0.0,0.0,0.0,0,0,0
4617,628,2026-04-12 01:00:00,12,6,0,late_night,clear,8,1,545,187,326.24,1,0.05,0.029016911014520277,0.020983088985479726,0,0.0,0.0,0.0,0.0,0.0,0,0,0
4618,628,2026-01-21 00:00:00,21,2,0,lunch,rain,1,4,307,103,414.29,0,0.0,0.0,0.0,0,0.0,0.0,0.0,0.0,0.0,0,0,0
4619,628,2026-06-22 01:00:00,22,0,0,lunch,clear,3,1,270,90,394.25,0,0.0,0.0,0.0,0,0.0,0.0,0.0,0.0,0.0,0,0,0
4620,628,2026-02-14 05:00:00,14,5,0,late_night,clear,3,1,199,66,326.09,0,0.0,0.0,0.0,1,326.09,0.0,47.14,211.96,66.99,0,0,0
4621,628,2026-06-28 20:00:00,28,6,1,dinner,extreme,7,3,76,24,373.62,0,0.0,0.0,0.0,0,0.0,0.0,0.0,0.0,0.0,0,0,0
4622,628,2026-06-01 12:00:00,1,0,1,dinner,clear,12,2,388,134,391.86,1,0.2,0.19529292061858464,0.004707079381415374,1,446.68,89.34,49.18,290.34,17.82,1,0,0
4623,628,2026-06-16 22:00:00,16,1,0,lunch,clear,9,2,155,52,395.2,1,0.05,0.033510236622280164,0.01648976337771984,1,415.61,20.78,60.64,270.14,64.04,0,0,0
4624,628,2026-01-20 03:00:00,20,1,0,breakfast,clear,5,1,28,8,385.39,0,0.0,0.0,0.0,0,0.0,0.0,0.0,0.0,0.0,0,0,0
4625,628,2026-04-12 16:00:00,12,6,0,late_night,rain,9,2,199,66,326.09,1,0.1,0.053021396906923694,0.04697860309307631,1,354.87,35.49,48.64,230.67,40.08,0,0,0
4626,628,2026-02-06 19:00:00,6,4,1,breakfast,clear,2,1,443,153,368.55,1,0.1,0.08864278637038742,0.01135721362961259,1,401.08,40.11,78.88,260.7,21.39,0,0,0
4627,628,2026-01-31 03:00:00,31,5,1,dinner,clear,11,4,58,19,386.43,0,0.0,0.0,0.0,0,0.0,0.0,0.0,0.0,0.0,0,0,0
4628,628,2026-01-02 02:00:00,2,4,1,breakfast,rain,14,3,392,135,314.54,1,0.2,0.19692233894075162,0.0030776610592483933,1,358.55,71.71,78.7,233.06,-24.92,0,0,0
4629,629,2026-03-30 11:00:00,30,0,1,lunch,rain,3,1,483,165,364.57,0,0.0,0.0,0.0,0,0.0,0.0,0.0,0.0,0.0,0,0,0
4630,629,2026-06-26 21:00:00,26,4,1,dinner,clear,12,2,364,124,442.23,1,0.05,0.03358886726630874,0.016411132733691262,0,0.0,0.0,0.0,0.0,0.0,0,0,0
4631,629,2026-03-14 18:00:00,14,5,0,breakfast,clear,13,1,247,80,495.9,0,0.0,0.0,0.0,0,0.0,0.0,0.0,0.0,0.0,0,0,0
4632,629,2026-01-13 07:00:00,13,1,0,breakfast,clear,4,1,262,87,288.41,1,0.1,0.056428738795449455,0.04357126120455055,1,318.67,31.87,52.0,207.13,27.67,1,0,0
4633,630,2026-01-14 00:00:00,14,2,0,late_night,clear,1,1,43,13,320.07,1,0.1,0.08168250690815765,0.018317493091842357,1,352.45,35.24,45.22,229.09,42.89,0,0,0
4634,630,2026-01-20 04:00:00,20,1,0,late_night,clear,1,2,541,185,410.91,0,0.0,0.0,0.0,0,0.0,0.0,0.0,0.0,0.0,0,0,0
4635,630,2026-06-20 03:00:00,20,5,0,dinner,rain,7,1,384,132,441.54,0,0.0,0.0,0.0,1,441.54,0.0,58.0,287.0,96.54,0,0,0
4636,630,2026-02-24 06:00:00,24,1,0,dinner,clear,9,1,499,171,410.77,0,0.0,0.0,0.0,0,0.0,0.0,0.0,0.0,0.0,0,0,0
4637,630,2026-06-28 16:00:00,28,6,1,breakfast,extreme,14,1,354,119,352.83,1,0.15,0.10634226008928896,0.043657739910711035,1,400.01,60.0,51.22,260.01,28.78,0,0,0
4638,630,2026-01-11 21:00:00,11,6,0,breakfast,clear,1,1,144,47,344.24,1,0.1,0.07725679563193764,0.02274320436806236,1,379.06,37.91,71.02,246.39,23.75,0,0,0
4639,630,2026-02-09 02:00:00,9,0,0,lunch,rain,5,1,90,30,431.25,0,0.0,0.0,0.0,0,0.0,0.0,0.0,0.0,0.0,0,0,0
4640,631,2026-04-23 12:00:00,23,3,0,late_night,clear,14,1,138,45,433.17,1,0.2,0.12425348213041008,0.07574651786958993,1,516.19,103.24,67.96,335.52,9.47,1,0,0
4641,631,2026-01-03 18:00:00,3,5,1,breakfast,clear,9,2,149,50,355.86,1,0.2,0.13599284244980434,0.06400715755019568,1,424.06,84.81,57.04,275.64,6.57,0,0,0
4642,631,2026-03-16 00:00:00,16,0,0,dinner,clear,4,2,223,73,306.77,0,0.0,0.0,0.0,0,0.0,0.0,0.0,0.0,0.0,0,0,0
4643,631,2026-04-13 08:00:00,13,0,0,dinner,clear,11,2,246,80,447.69,1,0.2,0.1271372078396786,0.0728627921603214,1,533.49,106.7,73.0,346.77,7.02,0,0,0
4644,631,2026-03-21 18:00:00,21,5,0,breakfast,clear,13,1,223,73,306.77,0,0.0,0.0,0.0,0,0.0,0.0,0.0,0.0,0.0,0,0,0
4645,631,2026-01-11 20:00:00,11,6,0,dinner,clear,6,5,103,34,391.16,1,0.2,0.14064449043688168,0.05935550956311833,1,466.13,93.23,55.54,302.98,14.38,0,0,0
4646,631,2026-01-16 10:00:00,16,4,0,lunch,clear,9,1,393,135,332.05,0,0.0,0.0,0.0,0,0.0,0.0,0.0,0.0,0.0,0,0,0
4647,631,2026-04-20 19:00:00,20,0,0,late_night,clear,8,1,567,193,277.06,0,0.0,0.0,0.0,1,277.06,0.0,85.84,180.09,11.13,0,0,0
4648,631,2026-03-01 18:00:00,1,6,1,breakfast,clear,1,1,531,181,439.88,0,0.0,0.0,0.0,0,0.0,0.0,0.0,0.0,0.0,0,0,0
4649,631,2026-04-01 14:00:00,1,2,1,dinner,clear,12,1,39,12,668.74,0,0.0,0.0,0.0,1,668.74,0.0,79.96,434.68,154.1,0,0,0
4650,631,2026-01-13 16:00:00,13,1,0,breakfast,extreme,9,4,444,153,387.88,0,0.0,0.0,0.0,0,0.0,0.0,0.0,0.0,0.0,0,0,0
4651,631,2026-03-24 15:00:00,24,1,0,dinner,clear,2,1,503,173,309.83,0,0.0,0.0,0.0,0,0.0,0.0,0.0,0.0,0.0,0,0,0
4652,631,2026-02-01 09:00:00,1,6,1,breakfast,clear,3,1,170,56,375.86,0,0.0,0.0,0.0,1,375.86,0.0,65.92,244.31,65.63,0,0,0
4653,632,2026-06-15 20:00:00,15,0,0,lunch,clear,13,1,560,191,375.48,1,0.1,0.06526062016931389,0.03473937983068612,1,400.29,40.03,87.64,260.19,12.43,1,0,0
4654,632,2026-01-07 07:00:00,7,2,1,dinner,clear,4,1,563,192,291.77,0,0.0,0.0,0.0,0,0.0,0.0,0.0,0.0,0.0,0,0,0
4655,632,2026-04-27 19:00:00,27,0,1,lunch,clear,13,1,506,174,455.6,1,0.15,0.14335312432197547,0.006646875678024522,1,495.39,74.31,56.08,322.01,43.0,0,0,0
4656,632,2026-03-06 18:00:00,6,4,1,late_night,clear,10,3,58,19,386.43,0,0.0,0.0,0.0,1,386.43,0.0,63.88,251.18,71.37,0,0,0
4657,632,2026-06-12 18:00:00,12,4,0,lunch,clear,2,1,372,128,353.88,1,0.2,0.14453493638216627,0.05546506361783374,1,390.94,78.19,60.16,254.11,-1.52,1,0,0
4658,632,2026-06-29 04:00:00,29,0,1,lunch,clear,6,3,567,193,277.06,0,0.0,0.0,0.0,0,0.0,0.0,0.0,0.0,0.0,0,0,0
4659,632,2026-01-19 10:00:00,19,0,0,late_night,clear,13,2,89,30,399.84,0,0.0,0.0,0.0,0,0.0,0.0,0.0,0.0,0.0,0,0,0
4660,632,2026-06-18 13:00:00,18,3,0,dinner,clear,3,1,430,147,329.56,1,0.2,0.16064588146470307,0.03935411853529694,1,364.07,72.81,87.64,236.65,-33.03,1,0,0
4661,632,2026-01-06 16:00:00,6,1,1,breakfast,clear,13,1,1,0,430.92,1,0.1,0.09742254297150373,0.00257745702849628,1,459.39,45.94,46.18,298.61,68.67,1,0,0
4662,632,2026-02-05 20:00:00,5,3,1,lunch,clear,6,1,562,192,224.05,0,0.0,0.0,0.0,0,0.0,0.0,0.0,0.0,0.0,0,0,0
4663,632,2026-05-25 04:00:00,25,0,1,lunch,clear,1,1,66,21,340.92,0,0.0,0.0,0.0,1,340.92,0.0,84.88,221.6,34.44,0,0,0
4664,632,2026-02-08 18:00:00,8,6,0,late_night,clear,10,5,556,190,360.31,1,0.2,0.18797133807044425,0.012028661929555762,1,398.04,79.61,83.62,258.73,-23.91,0,0,0
4665,632,2026-06-08 23:00:00,8,0,0,dinner,clear,14,2,88,29,328.27,1,0.15,0.14054355965025234,0.009456440349747658,1,356.94,53.54,62.68,232.01,8.71,0,0,0
4666,633,2026-03-22 23:00:00,22,6,0,lunch,clear,5,1,182,60,341.42,1,0.1,0.09797711945429168,0.0020228805457083304,1,376.9,37.69,79.18,244.99,15.05,0,0,0
4667,633,2026-05-06 15:00:00,6,2,1,lunch,extreme,14,4,358,121,582.33,1,0.15,0.10392166233815364,0.04607833766184635,1,662.33,99.35,75.34,430.51,57.13,0,0,0
4668,633,2026-04-20 04:00:00,20,0,0,breakfast,clear,4,1,306,102,364.7,0,0.0,0.0,0.0,0,0.0,0.0,0.0,0.0,0.0,0,0,0
4669,633,2026-05-06 03:00:00,6,2,1,breakfast,clear,3,1,128,42,428.94,1,0.2,0.12255738617316539,0.07744261382683462,1,499.59,99.92,50.92,324.73,24.02,0,0,0
4670,633,2026-04-08 02:00:00,8,2,0,breakfast,rain,4,2,264,87,368.04,0,0.0,0.0,0.0,0,0.0,0.0,0.0,0.0,0.0,0,0,1
4671,633,2026-05-25 06:00:00,25,0,1,dinner,clear,11,2,579,197,358.14,0,0.0,0.0,0.0,0,0.0,0.0,0.0,0.0,0.0,0,0,0
4672,633,2026-04-09 06:00:00,9,3,0,dinner,clear,11,2,267,89,351.67,0,0.0,0.0,0.0,0,0.0,0.0,0.0,0.0,0.0,0,0,0
4673,633,2026-03-04 06:00:00,4,2,1,dinner,extreme,3,2,113,37,446.27,1,0.05,0.03952555071404572,0.010474449285954285,1,473.4,23.67,85.66,307.71,56.36,0,0,0
4674,633,2026-02-20 05:00:00,20,4,0,dinner,rain,11,3,395,136,384.32,1,0.05,0.04218019479664706,0.007819805203352945,0,0.0,0.0,0.0,0.0,0.0,0,0,0
4675,633,2026-04-26 16:00:00,26,6,1,late_night,rain,12,1,208,68,619.11,0,0.0,0.0,0.0,0,0.0,0.0,0.0,0.0,0.0,0,0,0
4676,634,2026-02-21 13:00:00,21,5,0,lunch,extreme,7,2,313,105,348.32,1,0.2,0.12884287181687162,0.07115712818312839,1,443.81,88.76,83.2,288.47,-16.63,1,0,0
4677,634,2026-04-11 18:00:00,11,5,0,dinner,clear,10,4,274,92,294.0,0,0.0,0.0,0.0,1,294.0,0.0,90.04,191.1,12.86,0,0,0
4678,634,2026-05-09 01:00:00,9,5,0,late_night,rain,13,5,356,120,422.65,1,0.1,0.08447019690553555,0.015529803094464459,1,495.75,49.58,89.14,322.24,34.8,0,0,0
4679,634,2026-06-06 03:00:00,6,5,1,dinner,clear,12,1,132,43,321.82,0,0.0,0.0,0.0,0,0.0,0.0,0.0,0.0,0.0,0,0,0
4680,634,2026-04-08 06:00:00,8,2,0,dinner,clear,3,4,25,7,464.09,0,0.0,0.0,0.0,0,0.0,0.0,0.0,0.0,0.0,0,0,0
4681,634,2026-01-20 15:00:00,20,1,0,lunch,rain,8,3,348,118,387.46,1,0.1,0.05969196061492532,0.040308039385074684,1,454.47,45.45,90.52,295.41,23.1,0,0,0
4682,634,2026-03-10 23:00:00,10,1,0,dinner,rain,13,1,509,175,364.69,1,0.1,0.07128150354492804,0.028718496455071962,1,427.77,42.78,71.44,278.05,35.5,0,0,0
4683,635,2026-04-11 15:00:00,11,5,0,lunch,clear,5,1,295,99,382.6,1,0.1,0.05450090290009482,0.045499097099905184,0,0.0,0.0,0.0,0.0,0.0,0,0,0
4684,636,2026-01-06 22:00:00,6,1,1,dinner,rain,7,1,220,72,668.5,1,0.05,0.03715379341228731,0.01284620658771269,0,0.0,0.0,0.0,0.0,0.0,0,0,0
4685,636,2026-06-02 05:00:00,2,1,1,dinner,clear,12,2,130,42,429.11,0,0.0,0.0,0.0,0,0.0,0.0,0.0,0.0,0.0,0,0,0
4686,637,2026-01-01 19:00:00,1,3,1,breakfast,clear,5,1,94,31,485.17,1,0.15,0.14426734308868602,0.005732656911313971,1,539.55,80.93,55.78,350.71,52.13,1,0,0
4687,637,2026-04-17 02:00:00,17,4,0,late_night,clear,3,2,337,114,325.94,0,0.0,0.0,0.0,0,0.0,0.0,0.0,0.0,0.0,0,0,0
4688,637,2026-04-29 22:00:00,29,2,1,lunch,clear,13,1,539,184,302.3,1,0.05,0.04620148884943786,0.0037985111505621436,1,317.29,15.86,59.86,206.24,35.33,1,0,0
4689,638,2026-06-04 07:00:00,4,3,1,late_night,clear,4,2,97,33,334.3,0,0.0,0.0,0.0,0,0.0,0.0,0.0,0.0,0.0,0,0,0
4690,639,2026-06-04 22:00:00,4,3,1,breakfast,rain,9,1,327,110,400.01,0,0.0,0.0,0.0,0,0.0,0.0,0.0,0.0,0.0,0,0,0
4691,639,2026-03-28 05:00:00,28,5,1,lunch,rain,8,1,341,115,349.17,0,0.0,0.0,0.0,0,0.0,0.0,0.0,0.0,0.0,0,0,0
4692,639,2026-06-22 01:00:00,22,0,0,lunch,clear,13,1,203,67,382.66,0,0.0,0.0,0.0,0,0.0,0.0,0.0,0.0,0.0,0,0,0
4693,639,2026-03-10 10:00:00,10,1,0,breakfast,clear,7,2,389,134,419.42,1,0.15,0.14286762618485283,0.007132373815147169,1,469.72,70.46,49.18,305.32,44.76,0,0,0
4694,639,2026-03-06 14:00:00,6,4,1,dinner,rain,3,4,149,50,355.86,1,0.2,0.1853755757149089,0.014624424285091114,1,407.03,81.41,58.54,264.57,2.51,1,0,0
4695,640,2026-03-31 15:00:00,31,1,1,dinner,clear,9,1,563,192,291.77,1,0.15,0.13349418829527404,0.016505811704725953,1,337.73,50.66,65.56,219.52,1.99,0,0,0
4696,640,2026-03-19 00:00:00,19,3,0,dinner,extreme,8,3,357,120,479.44,1,0.05,0.04468021467347985,0.005319785326520152,1,512.86,25.64,90.64,333.36,63.22,0,0,0
4697,640,2026-04-08 01:00:00,8,2,0,breakfast,clear,5,1,92,31,500.94,1,0.15,0.08622849008316087,0.06377150991683912,1,579.84,86.98,55.78,376.9,60.19,0,0,0
4698,640,2026-06-19 04:00:00,19,4,0,dinner,clear,10,3,143,47,404.73,1,0.1,0.05884938247993741,0.0411506175200626,1,452.95,45.3,71.02,294.42,42.22,0,0,0
4699,641,2026-02-15 05:00:00,15,6,0,late_night,rain,14,3,160,53,410.45,1,0.2,0.1200000660585367,0.0799999339414633,1,491.75,98.35,78.88,319.64,-5.12,0,0,0
4700,641,2026-03-16 10:00:00,16,0,0,dinner,clear,6,1,446,153,531.37,0,0.0,0.0,0.0,0,0.0,0.0,0.0,0.0,0.0,0,0,0
4701,642,2026-02-20 05:00:00,20,4,0,late_night,rain,3,1,406,139,391.84,1,0.2,0.11818908814090974,0.08181091185909027,1,456.77,91.35,53.08,296.9,15.44,0,0,0
4702,642,2026-04-30 16:00:00,30,3,1,breakfast,clear,13,2,111,37,572.96,0,0.0,0.0,0.0,0,0.0,0.0,0.0,0.0,0.0,0,0,0
4703,642,2026-03-21 20:00:00,21,5,0,lunch,clear,4,1,516,177,593.59,1,0.2,0.12739711242370702,0.07260288757629299,1,691.95,138.39,69.82,449.77,33.97,0,0,0
4704,642,2026-04-03 21:00:00,3,4,1,lunch,clear,10,1,515,177,466.41,0,0.0,0.0,0.0,1,466.41,0.0,69.82,303.17,93.42,0,0,0
4705,642,2026-02-01 13:00:00,1,6,1,late_night,clear,6,3,291,98,373.77,1,0.15,0.0933328630873996,0.05666713691260039,1,425.42,63.81,49.48,276.53,35.6,0,0,0
4706,642,2026-01-28 16:00:00,28,2,1,late_night,clear,12,1,142,47,365.27,1,0.2,0.15347416559657975,0.04652583440342026,1,425.79,85.16,71.02,276.77,-7.15,1,0,0
4707,642,2026-05-29 02:00:00,29,4,1,breakfast,extreme,10,3,518,177,457.29,1,0.05,0.02826193882277809,0.021738061177221914,1,485.26,24.26,72.82,315.42,72.76,0,0,0
4708,642,2026-05-05 06:00:00,5,1,1,dinner,clear,5,1,472,161,222.14,0,0.0,0.0,0.0,0,0.0,0.0,0.0,0.0,0.0,0,0,0
4709,643,2026-05-02 22:00:00,2,5,1,breakfast,rain,10,1,489,168,352.48,1,0.05,0.044606252844408,0.005393747155592002,0,0.0,0.0,0.0,0.0,0.0,0,0,0
4710,643,2026-04-03 02:00:00,3,4,1,dinner,rain,11,1,276,92,323.06,1,0.1,0.09078494601557674,0.009215053984423266,0,0.0,0.0,0.0,0.0,0.0,0,0,0
4711,643,2026-06-03 15:00:00,3,2,1,lunch,clear,7,1,115,38,322.99,0,0.0,0.0,0.0,0,0.0,0.0,0.0,0.0,0.0,0,0,0
4712,644,2026-02-24 18:00:00,24,1,0,lunch,clear,4,1,390,134,366.59,0,0.0,0.0,0.0,1,366.59,0.0,49.18,238.28,79.13,0,0,0
4713,644,2026-06-29 14:00:00,29,0,1,late_night,clear,4,1,300,101,352.16,1,0.2,0.1277657547683752,0.0722342452316248,1,416.52,83.3,72.4,270.74,-9.92,0,0,0
4714,644,2026-01-02 00:00:00,2,4,1,dinner,rain,4,3,375,129,325.69,0,0.0,0.0,0.0,0,0.0,0.0,0.0,0.0,0.0,0,0,0
4715,644,2026-03-30 17:00:00,30,0,1,lunch,clear,2,1,303,102,431.39,1,0.15,0.10004999973136287,0.04995000026863712,1,497.14,74.57,60.46,323.14,38.97,0,0,0
4716,644,2026-02-17 05:00:00,17,1,0,lunch,clear,1,1,217,71,594.66,1,0.2,0.10276210038433464,0.09723789961566537,1,703.34,140.67,48.64,457.17,56.86,0,0,0
4717,644,2026-03-24 14:00:00,24,1,0,breakfast,clear,2,1,159,53,379.66,1,0.1,0.07652663338607975,0.023473366613920257,1,423.44,42.34,77.38,275.23,28.48,0,0,0
4718,644,2026-02-14 03:00:00,14,5,0,breakfast,extreme,14,1,426,146,402.47,0,0.0,0.0,0.0,0,0.0,0.0,0.0,0.0,0.0,0,0,0
4719,644,2026-05-23 06:00:00,23,5,0,lunch,rain,1,1,70,22,412.24,0,0.0,0.0,0.0,0,0.0,0.0,0.0,0.0,0.0,0,0,0
4720,644,2026-06-18 23:00:00,18,3,0,late_night,clear,7,3,504,173,315.59,1,0.15,0.10016224011305296,0.04983775988694704,1,363.69,54.55,70.12,236.4,2.62,0,0,0
4721,644,2026-01-01 18:00:00,1,3,1,late_night,clear,3,4,452,155,457.82,1,0.2,0.18282609743530878,0.01717390256469123,1,541.49,108.3,72.04,351.97,9.18,0,0,0
4722,644,2026-03-29 23:00:00,29,6,1,dinner,clear,11,1,527,180,602.61,0,0.0,0.0,0.0,0,0.0,0.0,0.0,0.0,0.0,0,0,0
4723,644,2026-02-05 15:00:00,5,3,1,breakfast,clear,2,1,448,154,318.66,1,0.05,0.03883359557098373,0.011166404429016272,1,340.15,17.01,69.82,221.1,32.23,0,0,0
4724,644,2026-05-15 12:00:00,15,4,0,breakfast,extreme,9,1,544,186,446.87,0,0.0,0.0,0.0,1,446.87,0.0,78.46,290.47,77.94,0,0,0
4725,644,2026-03-27 21:00:00,27,4,1,late_night,rain,5,2,300,101,352.16,0,0.0,0.0,0.0,0,0.0,0.0,0.0,0.0,0.0,0,0,0
4726,645,2026-03-01 03:00:00,1,6,1,late_night,clear,1,3,567,193,277.06,0,0.0,0.0,0.0,0,0.0,0.0,0.0,0.0,0.0,0,0,0
4727,645,2026-04-28 15:00:00,28,1,1,lunch,clear,10,1,105,35,354.06,1,0.05,0.034103869893075324,0.01589613010692468,1,376.85,18.84,81.52,244.95,31.54,1,0,0
4728,645,2026-01-15 21:00:00,15,3,0,late_night,extreme,10,2,379,130,459.76,1,0.15,0.1294122278958829,0.020587772104117108,1,526.65,79.0,75.88,342.32,29.45,1,0,0
4729,645,2026-04-12 14:00:00,12,6,0,breakfast,rain,7,1,375,129,325.69,1,0.2,0.10575454846313184,0.09424545153686817,1,382.5,76.5,80.56,248.63,-23.18,0,0,0
4730,645,2026-03-12 15:00:00,12,3,0,late_night,rain,4,1,524,179,239.99,0,0.0,0.0,0.0,0,0.0,0.0,0.0,0.0,0.0,0,0,0
4731,645,2026-05-18 04:00:00,18,0,0,breakfast,clear,8,2,327,110,400.01,1,0.1,0.07821807729387922,0.021781922706120782,1,444.03,44.4,69.34,288.62,41.67,0,0,0
4732,645,2026-03-19 01:00:00,19,3,0,late_night,extreme,2,1,239,78,297.85,1,0.05,0.03500490816954398,0.014995091830456025,0,0.0,0.0,0.0,0.0,0.0,0,0,0
4733,646,2026-05-03 19:00:00,3,6,1,dinner,clear,7,2,487,167,472.48,1,0.1,0.08927794946364027,0.010722050536359731,1,545.6,54.56,47.08,354.64,89.32,0,0,0
4734,646,2026-06-10 01:00:00,10,2,0,late_night,clear,6,1,37,11,363.11,1,0.15,0.11979484428869085,0.030205155711309148,1,437.4,65.61,51.82,284.31,35.66,1,0,0
4735,647,2026-05-31 15:00:00,31,6,1,lunch,clear,11,1,435,149,364.22,1,0.15,0.119516861325024,0.030483138674976,1,425.52,63.83,47.38,276.59,37.72,0,0,0
4736,647,2026-06-20 10:00:00,20,5,0,lunch,clear,9,1,171,56,410.01,0,0.0,0.0,0.0,0,0.0,0.0,0.0,0.0,0.0,0,0,0
4737,647,2026-01-18 18:00:00,18,6,0,dinner,extreme,4,2,120,39,415.81,0,0.0,0.0,0.0,0,0.0,0.0,0.0,0.0,0.0,0,0,0
4738,648,2026-01-21 16:00:00,21,2,0,breakfast,clear,3,1,547,187,395.56,1,0.2,0.18187179077216023,0.01812820922783978,1,446.44,89.29,77.74,290.18,-10.77,1,0,0
4739,648,2026-03-30 14:00:00,30,0,1,breakfast,clear,5,2,225,73,503.59,0,0.0,0.0,0.0,0,0.0,0.0,0.0,0.0,0.0,0,0,0
4740,648,2026-06-10 16:00:00,10,2,0,late_night,rain,13,2,160,53,410.45,0,0.0,0.0,0.0,0,0.0,0.0,0.0,0.0,0.0,0,0,0
4741,648,2026-05-26 12:00:00,26,1,1,lunch,clear,14,1,1,0,430.92,0,0.0,0.0,0.0,0,0.0,0.0,0.0,0.0,0.0,0,0,0
4742,648,2026-04-09 18:00:00,9,3,0,lunch,rain,4,5,300,101,352.16,0,0.0,0.0,0.0,0,0.0,0.0,0.0,0.0,0.0,0,0,0
4743,648,2026-04-09 03:00:00,9,3,0,breakfast,rain,2,2,489,168,352.48,1,0.15,0.13015418399168763,0.019845816008312367,1,390.29,58.54,53.44,253.69,24.62,0,0,0
4744,648,2026-05-01 16:00:00,1,4,1,lunch,rain,7,2,492,169,517.7,1,0.05,0.04411554467904213,0.005884455320957875,0,0.0,0.0,0.0,0.0,0.0,0,0,0
4745,649,2026-06-05 04:00:00,5,4,1,lunch,clear,2,2,538,184,343.47,1,0.15,0.14281342871945188,0.007186571280548115,0,0.0,0.0,0.0,0.0,0.0,0,0,0
4746,649,2026-04-20 22:00:00,20,0,0,breakfast,clear,12,2,113,37,446.27,1,0.15,0.13457070798528195,0.015429292014718043,0,0.0,0.0,0.0,0.0,0.0,0,0,0
4747,649,2026-05-30 12:00:00,30,5,1,breakfast,clear,6,1,45,14,456.27,1,0.15,0.1137496746095948,0.036250325390405194,0,0.0,0.0,0.0,0.0,0.0,0,0,0
4748,649,2026-05-28 15:00:00,28,3,1,dinner,clear,6,2,322,108,306.99,0,0.0,0.0,0.0,0,0.0,0.0,0.0,0.0,0.0,0,0,0
4749,649,2026-06-21 22:00:00,21,6,0,dinner,rain,14,1,427,146,526.27,0,0.0,0.0,0.0,0,0.0,0.0,0.0,0.0,0.0,0,0,0
4750,649,2026-06-20 18:00:00,20,5,0,breakfast,clear,3,2,96,32,453.5,0,0.0,0.0,0.0,0,0.0,0.0,0.0,0.0,0.0,0,0,0
4751,649,2026-06-14 14:00:00,14,6,0,breakfast,clear,14,1,337,114,325.94,1,0.1,0.07776975644995623,0.02223024355004377,1,333.94,33.39,79.0,217.06,4.48,1,0,0
4752,649,2026-04-19 07:00:00,19,6,0,dinner,clear,2,1,120,39,415.81,1,0.2,0.14245634800494264,0.05754365199505737,1,431.98,86.4,85.12,280.79,-20.32,1,0,0
4753,649,2026-05-11 15:00:00,11,0,0,lunch,clear,10,2,121,40,652.1,0,0.0,0.0,0.0,0,0.0,0.0,0.0,0.0,0.0,0,0,0
4754,649,2026-04-27 10:00:00,27,0,1,late_night,rain,8,1,358,121,582.33,1,0.1,0.09918919871530855,0.0008108012846914509,0,0.0,0.0,0.0,0.0,0.0,0,0,0
4755,649,2026-05-02 08:00:00,2,5,1,breakfast,clear,5,2,371,127,443.31,0,0.0,0.0,0.0,0,0.0,0.0,0.0,0.0,0.0,0,0,0
4756,649,2026-01-04 19:00:00,4,6,1,breakfast,clear,13,4,296,100,352.66,1,0.05,0.027007750598508934,0.02299224940149107,0,0.0,0.0,0.0,0.0,0.0,0,0,0
4757,649,2026-04-13 21:00:00,13,0,0,dinner,rain,8,1,559,191,467.99,1,0.15,0.10292626381321715,0.047073736186782844,1,483.17,72.48,89.14,314.06,7.49,0,0,0
4758,649,2026-05-24 06:00:00,24,6,0,dinner,clear,10,2,7,2,414.56,0,0.0,0.0,0.0,0,0.0,0.0,0.0,0.0,0.0,0,0,0
4759,650,2026-04-04 07:00:00,4,5,1,late_night,clear,6,1,236,77,323.45,1,0.05,0.027372377720946486,0.022627622279053516,1,348.56,17.43,71.56,226.56,33.01,1,0,0
4760,650,2026-03-08 03:00:00,8,6,0,late_night,clear,9,1,428,146,518.02,1,0.05,0.03816050970272187,0.011839490297278134,0,0.0,0.0,0.0,0.0,0.0,0,0,0
4761,650,2026-04-26 09:00:00,26,6,1,breakfast,clear,11,3,211,69,610.72,0,0.0,0.0,0.0,0,0.0,0.0,0.0,0.0,0.0,0,0,0
4762,650,2026-03-19 13:00:00,19,3,0,late_night,extreme,6,2,15,4,270.08,0,0.0,0.0,0.0,0,0.0,0.0,0.0,0.0,0.0,0,0,0
4763,650,2026-02-23 22:00:00,23,0,0,lunch,clear,14,1,200,66,365.44,1,0.15,0.07816960578307254,0.07183039421692745,1,429.56,64.43,47.14,279.21,38.77,1,0,0
4764,650,2026-05-30 20:00:00,30,5,1,breakfast,clear,1,2,175,57,349.16,0,0.0,0.0,0.0,0,0.0,0.0,0.0,0.0,0.0,0,0,0
4765,650,2026-02-16 19:00:00,16,0,0,breakfast,clear,10,2,358,121,582.33,1,0.15,0.14042961145179136,0.00957038854820863,1,684.5,102.67,72.34,444.92,64.56,0,0,0
4766,650,2026-04-10 15:00:00,10,4,0,lunch,clear,1,1,138,45,433.17,0,0.0,0.0,0.0,0,0.0,0.0,0.0,0.0,0.0,0,0,0
4767,650,2026-06-23 15:00:00,23,1,0,dinner,clear,10,5,17,5,391.07,0,0.0,0.0,0.0,0,0.0,0.0,0.0,0.0,0.0,0,0,0
4768,650,2026-02-27 16:00:00,27,4,1,breakfast,rain,3,1,79,25,491.57,0,0.0,0.0,0.0,0,0.0,0.0,0.0,0.0,0.0,0,0,0
4769,650,2026-05-09 04:00:00,9,5,0,breakfast,clear,9,4,130,42,429.11,0,0.0,0.0,0.0,1,429.11,0.0,50.92,278.92,99.27,0,0,0
4770,650,2026-06-20 13:00:00,20,5,0,dinner,clear,8,3,151,50,465.33,0,0.0,0.0,0.0,0,0.0,0.0,0.0,0.0,0.0,0,0,0
4771,650,2026-05-07 07:00:00,7,3,1,dinner,clear,6,4,128,42,428.94,1,0.1,0.06230921134768133,0.037690788652318674,1,485.87,48.59,50.92,315.81,70.55,0,0,0
4772,650,2026-02-04 06:00:00,4,2,1,breakfast,rain,10,1,109,36,285.64,1,0.05,0.03866172563773473,0.011338274362265276,1,307.82,15.39,71.08,200.08,21.26,0,0,0
4773,651,2026-03-12 05:00:00,12,3,0,breakfast,clear,14,1,90,30,431.25,1,0.05,0.04871965165189216,0.0012803483481078418,0,0.0,0.0,0.0,0.0,0.0,0,0,0
4774,651,2026-01-14 17:00:00,14,2,0,dinner,clear,12,2,203,67,382.66,0,0.0,0.0,0.0,0,0.0,0.0,0.0,0.0,0.0,0,0,0
4775,651,2026-03-13 11:00:00,13,4,0,breakfast,clear,4,2,400,137,312.2,0,0.0,0.0,0.0,0,0.0,0.0,0.0,0.0,0.0,0,0,0
4776,651,2026-04-11 19:00:00,11,5,0,lunch,clear,5,3,448,154,318.66,0,0.0,0.0,0.0,0,0.0,0.0,0.0,0.0,0.0,0,0,0
4777,652,2026-02-22 06:00:00,22,6,0,late_night,clear,11,1,464,159,253.04,0,0.0,0.0,0.0,0,0.0,0.0,0.0,0.0,0.0,0,0,0
4778,652,2026-01-16 01:00:00,16,4,0,lunch,clear,1,1,329,111,439.94,0,0.0,0.0,0.0,0,0.0,0.0,0.0,0.0,0.0,0,1,0
4779,652,2026-02-15 02:00:00,15,6,0,dinner,rain,6,1,331,112,502.27,1,0.1,0.09365728412936343,0.0063427158706365755,1,552.46,55.25,57.88,359.1,80.23,0,0,0
4780,652,2026-01-04 13:00:00,4,6,1,dinner,clear,5,1,2,0,467.58,1,0.15,0.12874423571511237,0.021255764284887624,1,529.34,79.4,46.18,344.07,59.69,0,0,0
4781,652,2026-05-18 07:00:00,18,0,0,lunch,clear,14,1,85,28,440.48,0,0.0,0.0,0.0,0,0.0,0.0,0.0,0.0,0.0,0,0,0
4782,652,2026-02-01 01:00:00,1,6,1,late_night,clear,13,2,528,180,430.97,1,0.15,0.09636399803361255,0.053636001966387445,1,487.89,73.18,77.86,317.13,19.72,0,0,0
4783,652,2026-03-06 16:00:00,6,4,1,lunch,rain,13,1,231,75,429.49,1,0.2,0.12647660372859013,0.07352339627140989,1,497.51,99.5,69.4,323.38,5.23,0,0,0
4784,652,2026-05-21 02:00:00,21,3,0,dinner,clear,13,3,208,68,619.11,1,0.1,0.09062487248369835,0.009375127516301651,1,680.97,68.1,48.76,442.63,121.48,0,0,0
4785,652,2026-01-08 09:00:00,8,3,0,breakfast,clear,5,5,379,130,459.76,0,0.0,0.0,0.0,1,459.76,0.0,72.88,298.84,88.04,0,0,0
4786,652,2026-05-31 01:00:00,31,6,1,late_night,rain,8,1,144,47,344.24,0,0.0,0.0,0.0,0,0.0,0.0,0.0,0.0,0.0,0,1,0
4787,652,2026-01-29 07:00:00,29,3,1,dinner,clear,3,4,493,169,546.34,1,0.05,0.02952124346924095,0.020478756530759052,1,578.27,28.91,51.34,375.88,122.14,0,0,0
4788,652,2026-05-29 09:00:00,29,4,1,dinner,clear,1,2,44,13,374.19,1,0.05,0.03211894176533584,0.01788105823466416,0,0.0,0.0,0.0,0.0,0.0,0,0,0
4789,653,2026-04-22 20:00:00,22,2,0,breakfast,clear,11,5,111,37,572.96,0,0.0,0.0,0.0,0,0.0,0.0,0.0,0.0,0.0,0,0,0
4790,653,2026-05-13 04:00:00,13,2,0,dinner,clear,10,1,266,88,603.82,1,0.15,0.10606926915639708,0.04393073084360291,1,645.9,96.88,64.66,419.83,64.52,0,0,0
4791,653,2026-06-07 09:00:00,7,6,1,dinner,clear,2,1,529,180,299.68,1,0.1,0.08435619717195886,0.015643802828041148,1,315.48,31.55,77.86,205.06,1.01,0,0,0
4792,653,2026-06-07 14:00:00,7,6,1,dinner,clear,5,1,570,194,428.5,0,0.0,0.0,0.0,0,0.0,0.0,0.0,0.0,0.0,0,0,0
4793,653,2026-03-07 05:00:00,7,5,1,late_night,clear,11,1,204,67,507.77,0,0.0,0.0,0.0,0,0.0,0.0,0.0,0.0,0.0,0,0,0
4794,653,2026-03-16 10:00:00,16,0,0,breakfast,clear,9,2,226,74,412.77,1,0.15,0.0830659618232792,0.06693403817672079,1,441.53,66.23,71.92,287.0,16.39,1,0,0
4795,654,2026-04-21 04:00:00,21,1,0,breakfast,clear,11,1,195,65,438.04,1,0.05,0.0423011822643196,0.007698817735680402,0,0.0,0.0,0.0,0.0,0.0,0,0,0
4796,655,2026-02-06 01:00:00,6,4,1,late_night,extreme,7,2,148,49,348.4,1,0.2,0.16128377179705758,0.03871622820294243,1,392.26,78.45,66.94,254.97,-8.1,0,0,0
4797,655,2026-05-08 16:00:00,8,4,0,breakfast,clear,7,1,248,81,302.79,0,0.0,0.0,0.0,1,302.79,0.0,52.72,196.81,53.26,0,0,0
4798,655,2026-01-15 22:00:00,15,3,0,lunch,clear,10,4,305,102,300.68,1,0.05,0.03985548078307421,0.010144519216925794,1,314.65,15.73,60.46,204.52,33.94,0,0,0
4799,655,2026-04-27 23:00:00,27,0,1,lunch,clear,2,1,55,18,281.2,0,0.0,0.0,0.0,0,0.0,0.0,0.0,0.0,0.0,0,0,0
4800,655,2026-02-07 23:00:00,7,5,1,lunch,clear,2,4,154,51,317.65,1,0.15,0.11354300705319992,0.036456992946800076,1,351.01,52.65,72.04,228.15,-1.84,0,0,0
4801,655,2026-06-12 17:00:00,12,4,0,dinner,clear,11,1,263,87,460.9,0,0.0,0.0,0.0,1,460.9,0.0,52.0,299.58,109.32,0,0,0
4802,655,2026-01-31 08:00:00,31,5,1,dinner,rain,6,3,74,24,370.91,0,0.0,0.0,0.0,0,0.0,0.0,0.0,0.0,0.0,0,0,0
4803,655,2026-04-28 00:00:00,28,1,1,breakfast,clear,3,2,483,165,364.57,1,0.05,0.03339877276976764,0.016601227230232364,1,381.51,19.08,64.18,247.98,50.27,0,0,0
4804,655,2026-02-19 08:00:00,19,3,0,breakfast,clear,6,1,54,17,410.72,1,0.15,0.10466801632912079,0.045331983670879206,1,453.85,68.08,57.1,295.0,33.67,0,0,0
4805,655,2026-06-10 15:00:00,10,2,0,late_night,clear,4,1,91,31,333.01,1,0.15,0.07746453227413676,0.07253546772586324,1,367.98,55.2,55.78,239.19,17.82,0,0,0
4806,655,2026-04-28 14:00:00,28,1,1,breakfast,clear,7,1,490,168,404.53,1,0.2,0.15362883954948772,0.04637116045051229,1,455.46,91.09,51.94,296.05,16.38,0,0,0
4807,655,2026-01-29 22:00:00,29,3,1,breakfast,clear,6,2,566,193,300.71,1,0.2,0.14228147045326567,0.05771852954673434,1,338.57,67.71,85.84,220.07,-35.05,0,0,0
4808,655,2026-01-21 11:00:00,21,2,0,breakfast,clear,12,1,504,173,315.59,0,0.0,0.0,0.0,0,0.0,0.0,0.0,0.0,0.0,0,0,0
4809,656,2026-04-21 00:00:00,21,1,0,breakfast,rain,7,1,355,119,330.66,0,0.0,0.0,0.0,0,0.0,0.0,0.0,0.0,0.0,0,0,0
4810,656,2026-04-16 04:00:00,16,3,0,dinner,extreme,13,4,413,141,430.89,1,0.15,0.13400682502137434,0.01599317497862565,0,0.0,0.0,0.0,0.0,0.0,0,0,0
4811,656,2026-01-07 15:00:00,7,2,1,lunch,clear,1,1,344,116,430.3,1,0.05,0.03593871259326336,0.014061287406736643,1,479.91,24.0,81.82,311.94,62.15,0,0,0
4812,657,2026-03-05 11:00:00,5,3,1,lunch,clear,5,4,119,39,470.25,0,0.0,0.0,0.0,0,0.0,0.0,0.0,0.0,0.0,0,0,0
4813,657,2026-02-01 15:00:00,1,6,1,breakfast,clear,12,2,558,191,360.12,0,0.0,0.0,0.0,1,360.12,0.0,87.64,234.08,38.4,0,0,0
4814,658,2026-03-25 05:00:00,25,2,1,lunch,clear,7,4,526,180,528.36,0,0.0,0.0,0.0,1,528.36,0.0,77.86,343.43,107.07,0,0,0
4815,659,2026-01-30 18:00:00,30,4,1,lunch,clear,3,2,505,173,326.67,1,0.1,0.05982094066724261,0.040179059332757394,1,361.26,36.13,70.12,234.82,20.2,0,0,0
4816,659,2026-04-06 08:00:00,6,0,1,lunch,rain,10,4,65,21,412.58,1,0.15,0.10118749231891276,0.04881250768108723,1,470.34,70.55,86.38,305.72,7.69,0,0,0
4817,659,2026-01-22 18:00:00,22,3,0,breakfast,clear,12,2,118,39,439.52,1,0.15,0.12218679794966918,0.027813202050330818,1,501.05,75.16,85.12,325.68,15.09,0,0,0
4818,659,2026-02-11 19:00:00,11,2,0,dinner,clear,12,5,432,147,336.87,0,0.0,0.0,0.0,0,0.0,0.0,0.0,0.0,0.0,0,0,0
4819,659,2026-06-07 06:00:00,7,6,1,lunch,clear,4,2,69,22,531.2,1,0.15,0.08204770105600745,0.06795229894399255,1,605.56,90.83,86.98,393.61,34.13,1,0,0
4820,659,2026-04-03 12:00:00,3,4,1,breakfast,clear,10,3,314,105,440.46,1,0.05,0.04858121606009483,0.0014187839399051744,1,467.74,23.39,80.2,304.03,60.12,0,0,0
4821,659,2026-03-29 20:00:00,29,6,1,breakfast,clear,13,2,271,90,376.38,1,0.1,0.0903963208882531,0.009603679111746907,1,416.24,41.62,69.76,270.55,34.3,0,0,0
4822,659,2026-06-12 23:00:00,12,4,0,dinner,clear,11,2,386,133,329.4,1,0.05,0.03118401389111556,0.018815986108884443,0,0.0,0.0,0.0,0.0,0.0,0,0,0
4823,659,2026-06-23 06:00:00,23,1,0,breakfast,clear,14,1,411,140,433.0,0,0.0,0.0,0.0,0,0.0,0.0,0.0,0.0,0.0,0,0,0
4824,660,2026-04-19 02:00:00,19,6,0,late_night,rain,11,1,404,138,351.02,1,0.2,0.12261786697778576,0.07738213302221425,1,446.49,89.3,51.7,290.22,15.27,0,0,0
4825,660,2026-04-04 07:00:00,4,5,1,lunch,clear,2,1,482,165,337.45,0,0.0,0.0,0.0,1,337.45,0.0,64.18,219.34,53.93,0,0,0
4826,660,2026-03-09 16:00:00,9,0,0,breakfast,clear,14,2,281,94,499.39,1,0.2,0.1355443175322055,0.06445568246779451,1,635.22,127.04,52.36,412.89,42.92,0,0,0
4827,660,2026-03-03 01:00:00,3,1,1,dinner,clear,5,2,452,155,457.82,0,0.0,0.0,0.0,1,457.82,0.0,72.04,297.58,88.2,0,0,0
4828,660,2026-05-02 07:00:00,2,5,1,lunch,rain,10,1,250,82,326.54,0,0.0,0.0,0.0,0,0.0,0.0,0.0,0.0,0.0,0,0,0
4829,660,2026-02-24 20:00:00,24,1,0,breakfast,extreme,10,2,371,127,443.31,0,0.0,0.0,0.0,0,0.0,0.0,0.0,0.0,0.0,0,0,0
4830,660,2026-05-24 18:00:00,24,6,0,lunch,clear,1,1,306,102,364.7,1,0.15,0.08005243696096856,0.06994756303903144,1,447.43,67.11,60.46,290.83,29.03,0,0,0
4831,660,2026-06-27 18:00:00,27,5,1,dinner,clear,10,1,232,75,315.54,0,0.0,0.0,0.0,0,0.0,0.0,0.0,0.0,0.0,0,0,0
4832,660,2026-04-09 02:00:00,9,3,0,late_night,clear,5,1,198,66,362.58,0,0.0,0.0,0.0,0,0.0,0.0,0.0,0.0,0.0,0,0,0
4833,661,2026-01-21 16:00:00,21,2,0,breakfast,extreme,9,4,94,31,485.17,1,0.1,0.060007339110860314,0.03999266088913969,1,511.35,51.14,58.78,332.38,69.06,1,0,1
4834,661,2026-02-10 09:00:00,10,1,0,breakfast,clear,4,1,91,31,333.01,1,0.1,0.05563787483153694,0.044362125168463065,1,350.98,35.1,55.78,228.14,31.96,0,0,0
4835,661,2026-03-31 06:00:00,31,1,1,breakfast,rain,13,2,149,50,355.86,0,0.0,0.0,0.0,0,0.0,0.0,0.0,0.0,0.0,0,0,0
4836,661,2026-06-15 00:00:00,15,0,0,breakfast,clear,12,4,424,145,401.06,0,0.0,0.0,0.0,0,0.0,0.0,0.0,0.0,0.0,0,0,0
4837,662,2026-04-09 19:00:00,9,3,0,late_night,clear,7,2,258,85,347.07,1,0.15,0.08648242887607906,0.06351757112392094,1,393.94,59.09,57.28,256.06,21.51,0,0,0
4838,662,2026-02-08 01:00:00,8,6,0,lunch,clear,6,4,297,100,435.63,1,0.05,0.04181947167522315,0.00818052832477685,1,461.66,23.08,64.18,300.08,74.32,1,0,0
4839,662,2026-04-14 10:00:00,14,1,0,dinner,extreme,3,3,436,149,386.12,1,0.05,0.0350096229414531,0.014990377058546903,0,0.0,0.0,0.0,0.0,0.0,0,0,0
4840,662,2026-01-29 12:00:00,29,3,1,late_night,clear,13,2,196,65,501.99,0,0.0,0.0,0.0,0,0.0,0.0,0.0,0.0,0.0,0,0,0
4841,662,2026-01-21 18:00:00,21,2,0,dinner,clear,9,1,161,54,318.19,0,0.0,0.0,0.0,0,0.0,0.0,0.0,0.0,0.0,0,0,0
4842,663,2026-04-26 16:00:00,26,6,1,lunch,clear,13,2,549,188,505.49,0,0.0,0.0,0.0,0,0.0,0.0,0.0,0.0,0.0,0,0,0
4843,664,2026-01-30 07:00:00,30,4,1,dinner,clear,1,2,324,109,583.03,0,0.0,0.0,0.0,0,0.0,0.0,0.0,0.0,0.0,0,0,0
4844,664,2026-04-30 16:00:00,30,3,1,dinner,rain,6,1,191,64,343.36,0,0.0,0.0,0.0,0,0.0,0.0,0.0,0.0,0.0,0,0,0
4845,664,2026-02-27 22:00:00,27,4,1,breakfast,rain,10,1,231,75,429.49,0,0.0,0.0,0.0,1,429.49,0.0,69.4,279.17,80.92,0,1,0
4846,664,2026-01-26 23:00:00,26,0,1,breakfast,clear,3,1,513,176,549.34,1,0.15,0.12148085095352334,0.02851914904647665,1,621.79,93.27,64.06,404.16,60.3,0,0,0
4847,664,2026-02-10 06:00:00,10,1,0,lunch,clear,12,1,99,33,451.11,0,0.0,0.0,0.0,0,0.0,0.0,0.0,0.0,0.0,0,0,0
4848,664,2026-03-14 22:00:00,14,5,0,breakfast,rain,3,2,265,88,547.4,1,0.05,0.04253355902472335,0.007466440975276656,1,579.34,28.97,66.16,376.57,107.64,0,0,0
4849,664,2026-04-20 19:00:00,20,0,0,lunch,clear,9,1,266,88,603.82,1,0.05,0.030073362503408918,0.019926637496591085,0,0.0,0.0,0.0,0.0,0.0,0,0,0
4850,664,2026-05-18 12:00:00,18,0,0,breakfast,clear,1,1,588,199,334.13,1,0.1,0.09224216311850164,0.0077578368814983645,1,367.46,36.75,61.78,238.85,30.09,1,0,0
4851,664,2026-02-11 15:00:00,11,2,0,breakfast,rain,6,2,164,54,379.98,1,0.15,0.12069238506208131,0.029307614937918683,1,430.09,64.51,73.3,279.56,12.72,0,0,0
4852,664,2026-05-03 11:00:00,3,6,1,dinner,clear,10,4,523,179,390.75,1,0.1,0.08853267319233189,0.011467326807668113,1,429.73,42.97,86.92,279.33,20.51,1,0,0
4853,664,2026-01-21 01:00:00,21,2,0,dinner,clear,5,2,334,112,602.0,0,0.0,0.0,0.0,0,0.0,0.0,0.0,0.0,0.0,0,0,0
4854,664,2026-01-01 09:00:00,1,3,1,breakfast,clear,1,4,421,144,346.22,1,0.1,0.0583855893956184,0.041614410604381605,1,380.76,38.08,50.74,247.49,44.45,0,0,0
4855,665,2026-01-20 21:00:00,20,1,0,breakfast,clear,6,1,292,98,326.18,1,0.05,0.035807189051084,0.014192810948916001,0,0.0,0.0,0.0,0.0,0.0,0,0,0
4856,665,2026-05-03 20:00:00,3,6,1,late_night,clear,10,1,497,171,461.55,1,0.1,0.09970372862766513,0.000296271372334872,0,0.0,0.0,0.0,0.0,0.0,0,0,0
4857,665,2026-01-05 09:00:00,5,0,1,lunch,clear,5,2,296,100,352.66,1,0.2,0.15930655574983282,0.04069344425016719,1,409.47,81.89,64.18,266.15,-2.76,0,0,0
4858,665,2026-05-03 23:00:00,3,6,1,breakfast,clear,11,2,431,147,375.56,1,0.1,0.06892240002823316,0.031077599971766845,1,413.73,41.37,87.64,268.92,15.79,1,0,0
4859,665,2026-04-25 20:00:00,25,5,1,dinner,clear,9,2,111,37,572.96,1,0.2,0.11756682514167348,0.08243317485832653,1,665.25,133.05,82.66,432.42,17.13,0,0,0
4860,665,2026-01-02 10:00:00,2,4,1,lunch,clear,11,1,246,80,447.69,0,0.0,0.0,0.0,0,0.0,0.0,0.0,0.0,0.0,0,0,0
4861,665,2026-04-18 15:00:00,18,5,0,lunch,clear,11,1,411,140,433.0,1,0.15,0.1037455900460858,0.046254409953914194,1,491.17,73.68,81.52,319.26,16.71,0,0,0
4862,665,2026-05-18 18:00:00,18,0,0,dinner,clear,13,1,316,106,301.05,1,0.1,0.06559269131421001,0.03440730868578999,1,331.65,33.16,53.32,215.57,29.59,0,0,0
4863,665,2026-04-20 05:00:00,20,0,0,late_night,clear,5,1,272,91,541.4,1,0.15,0.12230634151193295,0.02769365848806704,1,614.14,92.12,53.98,399.19,68.85,0,0,0
4864,665,2026-05-15 18:00:00,15,4,0,dinner,clear,8,3,363,123,366.41,1,0.05,0.02933332331783566,0.020666676682164344,1,388.19,19.41,89.8,252.33,26.66,1,0,0
4865,666,2026-03-06 05:00:00,6,4,1,breakfast,rain,1,2,90,30,431.25,1,0.1,0.07373374354631511,0.026266256453684897,0,0.0,0.0,0.0,0.0,0.0,0,0,0
4866,666,2026-02-11 03:00:00,11,2,0,late_night,clear,5,1,453,156,246.22,1,0.15,0.14252310333944485,0.007476896660555149,0,0.0,0.0,0.0,0.0,0.0,0,0,0
4867,666,2026-01-16 09:00:00,16,4,0,lunch,extreme,2,5,68,22,418.77,1,0.15,0.10733127579617104,0.04266872420382896,1,439.69,65.95,89.98,285.8,-2.04,0,0,0
4868,666,2026-04-02 13:00:00,2,3,1,lunch,extreme,7,2,401,138,355.52,0,0.0,0.0,0.0,0,0.0,0.0,0.0,0.0,0.0,0,0,0
4869,666,2026-06-08 03:00:00,8,0,0,late_night,clear,3,4,204,67,507.77,1,0.1,0.0682539229292351,0.031746077070764905,1,526.96,52.7,65.62,342.52,66.12,0,0,0
4870,666,2026-02-04 07:00:00,4,2,1,dinner,rain,2,1,127,41,443.42,0,0.0,0.0,0.0,1,443.42,0.0,49.3,288.22,105.9,0,0,0
4871,666,2026-06-10 02:00:00,10,2,0,dinner,clear,10,1,236,77,323.45,0,0.0,0.0,0.0,1,323.45,0.0,71.56,210.24,41.65,0,0,0
4872,666,2026-02-28 01:00:00,28,5,1,dinner,clear,1,2,356,120,422.65,1,0.15,0.11512672377616615,0.03487327622383385,0,0.0,0.0,0.0,0.0,0.0,0,0,1
4873,667,2026-06-07 12:00:00,7,6,1,dinner,clear,9,1,574,196,374.14,1,0.15,0.07591360532398746,0.07408639467601254,1,437.65,65.65,46.84,284.47,40.69,1,0,0
4874,667,2026-02-01 04:00:00,1,6,1,dinner,clear,2,1,164,54,379.98,1,0.05,0.032212163547988504,0.0177878364520115,0,0.0,0.0,0.0,0.0,0.0,0,0,0
4875,667,2026-01-29 19:00:00,29,3,1,dinner,clear,14,2,200,66,365.44,0,0.0,0.0,0.0,0,0.0,0.0,0.0,0.0,0.0,0,0,0
4876,667,2026-01-24 19:00:00,24,5,0,dinner,clear,12,2,281,94,499.39,1,0.15,0.10711548460070565,0.042884515399294346,1,584.16,87.62,52.36,379.7,64.47,0,0,0
4877,667,2026-04-19 23:00:00,19,6,0,breakfast,rain,1,2,553,189,404.99,1,0.05,0.04033460481081076,0.009665395189189241,1,435.41,21.77,84.04,283.02,46.58,0,0,0
4878,667,2026-01-21 20:00:00,21,2,0,breakfast,clear,14,2,235,76,242.38,0,0.0,0.0,0.0,1,242.38,0.0,53.26,157.55,31.57,0,0,0
4879,667,2026-05-01 23:00:00,1,4,1,lunch,extreme,3,1,24,7,471.83,0,0.0,0.0,0.0,0,0.0,0.0,0.0,0.0,0.0,0,0,0
4880,667,2026-03-11 16:00:00,11,2,0,breakfast,clear,3,1,199,66,326.09,1,0.2,0.13788701580388105,0.062112984196118964,1,392.46,78.49,47.14,255.1,11.73,0,0,0
4881,667,2026-05-28 16:00:00,28,3,1,lunch,rain,1,2,282,94,310.14,0,0.0,0.0,0.0,1,310.14,0.0,53.86,201.59,54.69,0,0,0
4882,667,2026-01-20 08:00:00,20,1,0,lunch,rain,5,4,163,54,346.38,0,0.0,0.0,0.0,0,0.0,0.0,0.0,0.0,0.0,0,0,0
4883,667,2026-03-12 20:00:00,12,3,0,lunch,clear,2,1,458,157,403.97,1,0.05,0.025360566683176856,0.024639433316823146,1,434.31,21.72,67.24,282.3,63.05,1,0,0
4884,668,2026-04-03 03:00:00,3,4,1,lunch,clear,7,1,202,67,483.51,0,0.0,0.0,0.0,0,0.0,0.0,0.0,0.0,0.0,0,0,0
4885,668,2026-06-26 15:00:00,26,4,1,late_night,clear,13,1,493,169,546.34,1,0.05,0.035542256014106335,0.014457743985893667,0,0.0,0.0,0.0,0.0,0.0,0,0,0
4886,668,2026-04-26 18:00:00,26,6,1,dinner,clear,9,1,554,189,318.22,1,0.05,0.03555937919792966,0.014440620802070342,1,331.18,16.56,82.54,215.27,16.81,0,0,0
4887,668,2026-01-31 04:00:00,31,5,1,lunch,clear,1,1,298,100,356.47,1,0.05,0.03264211370663417,0.017357886293365835,0,0.0,0.0,0.0,0.0,0.0,0,0,0
4888,668,2026-01-16 07:00:00,16,4,0,lunch,clear,14,5,326,110,455.16,1,0.15,0.07930804891858834,0.07069195108141166,1,497.04,74.56,69.34,323.08,30.07,0,0,0
4889,668,2026-04-07 08:00:00,7,1,1,lunch,clear,9,4,524,179,239.99,1,0.1,0.06308791703509746,0.036912082964902546,1,256.7,25.67,86.92,166.85,-22.75,1,0,0
4890,668,2026-04-12 06:00:00,12,6,0,lunch,clear,3,1,28,8,385.39,1,0.1,0.09687478087332944,0.0031252191266705615,1,412.22,41.22,57.04,267.94,46.01,1,0,0
4891,668,2026-06-02 20:00:00,2,1,1,breakfast,clear,2,1,307,103,414.29,0,0.0,0.0,0.0,0,0.0,0.0,0.0,0.0,0.0,0,0,0
4892,669,2026-02-24 21:00:00,24,1,0,late_night,extreme,14,4,325,109,468.54,0,0.0,0.0,0.0,1,468.54,0.0,70.66,304.55,93.33,0,0,0
4893,669,2026-06-12 05:00:00,12,4,0,lunch,clear,7,2,537,183,538.14,0,0.0,0.0,0.0,0,0.0,0.0,0.0,0.0,0.0,0,0,0
4894,669,2026-03-05 17:00:00,5,3,1,late_night,clear,3,1,55,18,281.2,0,0.0,0.0,0.0,0,0.0,0.0,0.0,0.0,0.0,0,0,0
4895,669,2026-03-28 03:00:00,28,5,1,late_night,rain,6,2,410,140,370.66,0,0.0,0.0,0.0,0,0.0,0.0,0.0,0.0,0.0,0,0,0
4896,670,2026-06-27 22:00:00,27,5,1,lunch,clear,14,4,100,33,426.11,0,0.0,0.0,0.0,0,0.0,0.0,0.0,0.0,0.0,0,0,0
4897,670,2026-06-07 13:00:00,7,6,1,breakfast,clear,4,1,210,69,497.03,0,0.0,0.0,0.0,1,497.03,0.0,49.0,323.07,124.96,0,0,0
4898,670,2026-02-01 12:00:00,1,6,1,breakfast,clear,6,2,555,190,421.12,1,0.15,0.08855003008774869,0.06144996991225131,1,473.99,71.1,83.62,308.1,11.18,0,0,0
4899,670,2026-03-30 01:00:00,30,0,1,late_night,clear,11,3,387,133,497.56,1,0.05,0.03888475479023488,0.011115245209765125,1,525.2,26.26,73.54,341.38,84.02,0,0,0
4900,670,2026-02-25 15:00:00,25,2,1,late_night,rain,14,1,57,19,353.42,0,0.0,0.0,0.0,0,0.0,0.0,0.0,0.0,0.0,0,0,0
4901,670,2026-05-31 05:00:00,31,6,1,lunch,clear,9,1,201,66,380.12,0,0.0,0.0,0.0,0,0.0,0.0,0.0,0.0,0.0,0,0,0
4902,670,2026-04-28 19:00:00,28,1,1,late_night,clear,13,1,391,134,438.46,0,0.0,0.0,0.0,0,0.0,0.0,0.0,0.0,0.0,0,0,0
4903,670,2026-06-28 21:00:00,28,6,1,lunch,clear,1,1,23,7,447.81,0,0.0,0.0,0.0,1,447.81,0.0,82.3,291.08,74.43,0,0,0
4904,670,2026-01-02 08:00:00,2,4,1,lunch,rain,9,2,174,57,360.84,1,0.05,0.0402418627778438,0.009758137222156203,1,380.89,19.04,57.64,247.58,56.63,0,0,0
4905,670,2026-03-09 10:00:00,9,0,0,late_night,clear,11,1,566,193,300.71,1,0.1,0.056567431996351794,0.04343256800364821,1,329.27,32.93,85.84,214.03,-3.52,1,0,0
4906,670,2026-03-06 08:00:00,6,4,1,late_night,rain,7,2,215,71,481.1,0,0.0,0.0,0.0,0,0.0,0.0,0.0,0.0,0.0,0,0,0
4907,670,2026-06-06 19:00:00,6,5,1,dinner,extreme,14,4,330,111,302.15,0,0.0,0.0,0.0,1,302.15,0.0,62.8,196.4,42.95,0,0,0
4908,670,2026-05-05 18:00:00,5,1,1,late_night,clear,14,1,81,26,550.99,0,0.0,0.0,0.0,1,550.99,0.0,89.38,358.14,103.47,0,0,0
4909,671,2026-05-26 14:00:00,26,1,1,breakfast,clear,5,2,341,115,349.17,1,0.05,0.04858814995753337,0.0014118500424666336,0,0.0,0.0,0.0,0.0,0.0,0,0,0
4910,671,2026-06-12 19:00:00,12,4,0,lunch,clear,3,2,142,47,365.27,0,0.0,0.0,0.0,0,0.0,0.0,0.0,0.0,0.0,0,0,0
4911,671,2026-04-20 19:00:00,20,0,0,late_night,rain,3,2,411,140,433.0,1,0.1,0.09079737471492993,0.00920262528507007,1,482.18,48.22,83.02,313.42,37.53,1,0,0
4912,671,2026-01-01 19:00:00,1,3,1,dinner,clear,10,1,34,10,395.98,0,0.0,0.0,0.0,1,395.98,0.0,83.8,257.39,54.79,0,0,0
4913,671,2026-06-29 05:00:00,29,0,1,breakfast,clear,1,2,228,74,270.68,0,0.0,0.0,0.0,1,270.68,0.0,71.92,175.94,22.82,0,0,0
4914,671,2026-03-18 23:00:00,18,2,0,late_night,clear,5,3,88,29,328.27,0,0.0,0.0,0.0,0,0.0,0.0,0.0,0.0,0.0,0,0,0
4915,672,2026-03-04 17:00:00,4,2,1,breakfast,clear,13,4,474,162,409.77,1,0.1,0.08362742055005808,0.01637257944994193,1,433.31,43.33,76.3,281.65,32.03,0,0,0
4916,672,2026-06-03 15:00:00,3,2,1,lunch,clear,2,1,61,20,226.19,0,0.0,0.0,0.0,0,0.0,0.0,0.0,0.0,0.0,0,0,0
4917,672,2026-01-11 19:00:00,11,6,0,lunch,clear,5,1,5,1,485.29,1,0.2,0.19137203207501075,0.008627967924989266,0,0.0,0.0,0.0,0.0,0.0,0,0,0
4918,672,2026-03-01 08:00:00,1,6,1,breakfast,extreme,4,4,360,122,593.1,0,0.0,0.0,0.0,1,593.1,0.0,63.34,385.52,144.24,0,0,0
4919,672,2026-02-02 17:00:00,2,0,1,breakfast,extreme,2,1,582,198,450.79,1,0.2,0.1973934668725626,0.002606533127437416,1,491.83,98.37,69.7,319.69,4.07,1,0,0
4920,672,2026-01-21 01:00:00,21,2,0,breakfast,clear,1,1,307,103,414.29,0,0.0,0.0,0.0,0,0.0,0.0,0.0,0.0,0.0,0,0,0
4921,672,2026-02-04 04:00:00,4,2,1,lunch,rain,4,4,61,20,226.19,0,0.0,0.0,0.0,0,0.0,0.0,0.0,0.0,0.0,0,0,0
4922,672,2026-06-27 21:00:00,27,5,1,late_night,clear,11,2,475,162,365.58,1,0.05,0.04239752728704373,0.007602472712956269,0,0.0,0.0,0.0,0.0,0.0,0,0,0
4923,672,2026-01-02 23:00:00,2,4,1,breakfast,rain,5,1,379,130,459.76,1,0.05,0.03440345827642995,0.01559654172357005,1,475.21,23.76,74.38,308.89,68.18,1,0,0
4924,673,2026-01-16 16:00:00,16,4,0,dinner,rain,2,1,280,93,389.78,1,0.1,0.05275975581696906,0.047240244183030945,1,431.32,43.13,74.26,280.36,33.57,1,0,0
4925,673,2026-06-12 08:00:00,12,4,0,lunch,rain,6,1,565,193,359.54,0,0.0,0.0,0.0,0,0.0,0.0,0.0,0.0,0.0,0,1,0
4926,673,2026-04-10 06:00:00,10,4,0,lunch,rain,11,3,59,20,453.76,0,0.0,0.0,0.0,1,453.76,0.0,59.02,294.94,99.8,0,0,0
4927,673,2026-05-20 02:00:00,20,2,0,breakfast,clear,12,1,271,90,376.38,1,0.05,0.038696881329304426,0.011303118670695576,0,0.0,0.0,0.0,0.0,0.0,0,0,0
4928,673,2026-02-24 19:00:00,24,1,0,lunch,clear,11,1,283,95,342.16,0,0.0,0.0,0.0,0,0.0,0.0,0.0,0.0,0.0,0,0,0
4929,673,2026-03-13 08:00:00,13,4,0,lunch,extreme,8,1,336,113,334.35,1,0.15,0.13233484251825398,0.01766515748174602,1,381.45,57.22,73.6,247.94,2.69,0,0,0
4930,673,2026-04-13 20:00:00,13,0,0,breakfast,clear,2,1,165,55,393.95,1,0.05,0.0271456217553979,0.022854378244602104,1,418.51,20.93,87.64,272.03,37.91,0,0,0
4931,673,2026-05-17 18:00:00,17,6,0,lunch,clear,11,1,278,93,308.37,1,0.15,0.1096817872959292,0.040318212704070794,1,351.81,52.77,72.76,228.68,-2.4,0,0,0
4932,673,2026-06-28 17:00:00,28,6,1,breakfast,rain,14,2,285,95,412.22,0,0.0,0.0,0.0,0,0.0,0.0,0.0,0.0,0.0,0,0,0
4933,674,2026-05-22 08:00:00,22,4,0,late_night,clear,11,1,119,39,470.25,1,0.05,0.04367824078576673,0.006321759214233273,1,513.27,25.66,85.12,333.62,68.86,1,0,0
4934,674,2026-01-16 02:00:00,16,4,0,dinner,clear,4,1,40,12,466.1,0,0.0,0.0,0.0,1,466.1,0.0,79.96,302.97,83.17,0,0,0
4935,674,2026-04-12 17:00:00,12,6,0,late_night,clear,6,1,198,66,362.58,0,0.0,0.0,0.0,0,0.0,0.0,0.0,0.0,0.0,0,0,0
4936,674,2026-04-27 17:00:00,27,0,1,dinner,rain,9,1,130,42,429.11,1,0.1,0.07993531113480148,0.02006468886519852,1,496.21,49.62,52.42,322.54,71.63,0,0,0
4937,674,2026-04-28 15:00:00,28,1,1,lunch,clear,8,1,68,22,418.77,0,0.0,0.0,0.0,0,0.0,0.0,0.0,0.0,0.0,0,0,0
4938,674,2026-06-08 13:00:00,8,0,0,dinner,rain,9,2,587,199,402.75,1,0.1,0.05275949982093153,0.04724050017906847,1,465.73,46.57,63.28,302.72,53.15,0,0,0
4939,674,2026-03-27 10:00:00,27,4,1,lunch,clear,7,4,75,24,427.09,1,0.05,0.026924229845608907,0.023075770154391096,1,466.16,23.31,71.02,303.0,68.83,0,0,0
4940,674,2026-03-11 16:00:00,11,2,0,lunch,rain,5,1,61,20,226.19,1,0.2,0.11933910980315421,0.0806608901968458,1,282.25,56.45,59.02,183.46,-16.68,0,0,0
4941,674,2026-04-01 13:00:00,1,2,1,breakfast,clear,13,4,309,104,417.27,0,0.0,0.0,0.0,0,0.0,0.0,0.0,0.0,0.0,0,0,0
4942,674,2026-06-25 12:00:00,25,3,1,late_night,clear,11,2,38,12,516.36,0,0.0,0.0,0.0,0,0.0,0.0,0.0,0.0,0.0,0,0,0
4943,674,2026-05-10 10:00:00,10,6,0,lunch,clear,10,2,383,132,348.19,0,0.0,0.0,0.0,0,0.0,0.0,0.0,0.0,0.0,0,0,0
4944,674,2026-01-04 12:00:00,4,6,1,late_night,clear,11,1,284,95,437.97,1,0.05,0.030031995380968603,0.0199680046190314,1,478.03,23.9,67.12,310.72,76.29,0,0,0
4945,674,2026-05-29 13:00:00,29,4,1,lunch,clear,7,1,395,136,384.32,1,0.15,0.12911105803199704,0.02088894196800295,1,463.76,69.56,85.3,301.45,7.45,0,0,0
4946,675,2026-03-14 14:00:00,14,5,0,lunch,clear,9,1,477,163,341.1,1,0.1,0.07087784810721227,0.02912215189278773,1,397.56,39.76,54.58,258.41,44.81,1,0,0
4947,675,2026-06-19 00:00:00,19,4,0,dinner,clear,12,2,489,168,352.48,0,0.0,0.0,0.0,1,352.48,0.0,51.94,229.11,71.43,0,0,0
4948,675,2026-01-09 21:00:00,9,4,0,late_night,clear,4,2,479,164,360.53,1,0.15,0.13075837734530837,0.01924162265469162,1,439.42,65.91,89.32,285.62,-1.44,0,0,0
4949,676,2026-06-27 16:00:00,27,5,1,breakfast,rain,9,1,271,90,376.38,0,0.0,0.0,0.0,1,376.38,0.0,71.26,244.65,60.47,0,0,0
4950,676,2026-03-10 17:00:00,10,1,0,breakfast,clear,14,2,62,20,305.62,1,0.1,0.09581273585998701,0.004187264140012997,1,358.16,35.82,57.52,232.8,32.02,0,0,0
4951,676,2026-04-21 14:00:00,21,1,0,breakfast,clear,4,3,242,78,538.55,0,0.0,0.0,0.0,0,0.0,0.0,0.0,0.0,0.0,0,0,0
4952,676,2026-06-25 11:00:00,25,3,1,lunch,extreme,5,1,550,188,568.72,0,0.0,0.0,0.0,0,0.0,0.0,0.0,0.0,0.0,0,0,0
4953,676,2026-06-29 01:00:00,29,0,1,lunch,extreme,3,1,361,122,406.31,0,0.0,0.0,0.0,0,0.0,0.0,0.0,0.0,0.0,0,0,0
4954,676,2026-01-08 20:00:00,8,3,0,breakfast,clear,13,2,109,36,285.64,1,0.2,0.18039040630779712,0.019609593692202887,1,363.47,72.69,69.58,236.26,-15.06,1,0,0
4955,676,2026-02-10 13:00:00,10,1,0,lunch,clear,9,1,419,143,516.7,1,0.2,0.18858247030518985,0.011417529694810163,1,657.49,131.5,70.36,427.37,28.26,0,0,0
4956,676,2026-02-17 03:00:00,17,1,0,lunch,clear,1,2,421,144,346.22,1,0.1,0.09920203902817984,0.0007979609718201663,1,405.74,40.57,50.74,263.73,50.7,1,0,0
4957,677,2026-02-20 22:00:00,20,4,0,lunch,clear,13,3,125,41,321.49,1,0.15,0.1159013295026021,0.0340986704973979,1,378.18,56.73,47.8,245.82,27.84,0,0,0
4958,677,2026-04-25 15:00:00,25,5,1,lunch,rain,12,2,126,41,542.46,1,0.05,0.02684272584077864,0.023157274159221364,1,584.79,29.24,49.3,380.11,126.14,0,0,0
4959,677,2026-03-04 18:00:00,4,2,1,late_night,clear,7,1,529,180,299.68,1,0.2,0.19382556606366189,0.006174433936338125,1,363.04,72.61,77.86,235.98,-23.4,0,0,0
4960,677,2026-03-31 04:00:00,31,1,1,dinner,clear,2,2,523,179,390.75,1,0.1,0.09221726665799906,0.0077827333420009415,1,442.87,44.29,86.92,287.87,23.8,1,0,0
4961,677,2026-05-27 16:00:00,27,2,1,lunch,clear,5,1,43,13,320.07,1,0.2,0.1420852445655942,0.0579147554344058,1,387.74,77.55,45.22,252.03,12.94,0,0,0
4962,677,2026-02-15 10:00:00,15,6,0,late_night,clear,4,5,446,153,531.37,0,0.0,0.0,0.0,0,0.0,0.0,0.0,0.0,0.0,0,0,0
4963,677,2026-02-18 22:00:00,18,2,0,late_night,clear,12,1,413,141,430.89,1,0.1,0.06057272342889987,0.03942727657110014,1,488.37,48.84,67.96,317.44,54.13,1,0,0
4964,677,2026-05-04 11:00:00,4,0,1,late_night,clear,12,1,333,112,519.42,1,0.05,0.03870152540922685,0.011298474590773155,1,559.95,28.0,56.38,363.97,111.61,1,0,0
4965,677,2026-06-03 11:00:00,3,2,1,dinner,clear,2,2,510,175,422.52,0,0.0,0.0,0.0,0,0.0,0.0,0.0,0.0,0.0,0,0,0
4966,678,2026-01-08 09:00:00,8,3,0,dinner,extreme,7,1,92,31,500.94,1,0.1,0.059563373436434586,0.04043662656356542,1,579.2,57.92,58.78,376.48,86.02,0,0,0
4967,678,2026-03-09 03:00:00,9,0,0,late_night,extreme,7,1,289,97,327.43,1,0.15,0.10759260040029908,0.04240739959970091,1,395.05,59.26,89.14,256.78,-10.13,0,0,0
4968,678,2026-06-06 07:00:00,6,5,1,lunch,clear,4,1,481,165,317.88,0,0.0,0.0,0.0,1,317.88,0.0,64.18,206.62,47.08,0,0,0
4969,678,2026-05-27 08:00:00,27,2,1,lunch,clear,3,1,92,31,500.94,1,0.05,0.03184177127502259,0.01815822872497741,1,546.72,27.34,55.78,355.37,108.24,0,0,0
4970,678,2026-04-12 11:00:00,12,6,0,breakfast,rain,10,3,93,31,496.71,1,0.15,0.09163784446037183,0.05836215553962816,1,599.29,89.89,57.28,389.54,62.58,0,0,0
4971,678,2026-05-10 06:00:00,10,6,0,breakfast,clear,9,2,347,117,386.51,1,0.2,0.13149746522270597,0.06850253477729404,1,482.21,96.44,77.2,313.44,-4.87,0,0,0
4972,678,2026-02-01 22:00:00,1,6,1,breakfast,clear,13,1,243,79,453.8,0,0.0,0.0,0.0,0,0.0,0.0,0.0,0.0,0.0,0,0,0
4973,678,2026-04-10 03:00:00,10,4,0,late_night,clear,7,2,248,81,302.79,1,0.15,0.13960659334445358,0.010393406655546417,1,365.32,54.8,52.72,237.46,20.34,0,0,0
4974,679,2026-01-20 08:00:00,20,1,0,breakfast,rain,8,1,60,20,327.51,0,0.0,0.0,0.0,0,0.0,0.0,0.0,0.0,0.0,0,0,0
4975,679,2026-04-19 09:00:00,19,6,0,dinner,clear,11,3,144,47,344.24,1,0.15,0.14873409397665305,0.0012659060233469466,1,382.09,57.31,71.02,248.36,5.4,0,0,0
4976,679,2026-05-23 03:00:00,23,5,0,dinner,extreme,3,1,227,74,392.38,1,0.1,0.0674454681335859,0.032554531866414105,0,0.0,0.0,0.0,0.0,0.0,0,0,0
4977,679,2026-01-13 12:00:00,13,1,0,late_night,rain,5,1,142,47,365.27,0,0.0,0.0,0.0,0,0.0,0.0,0.0,0.0,0.0,0,0,0
4978,679,2026-03-18 18:00:00,18,2,0,breakfast,clear,13,1,120,39,415.81,1,0.2,0.11450363219142648,0.08549636780857353,1,470.63,94.13,85.12,305.91,-14.53,0,0,0
4979,679,2026-01-14 10:00:00,14,2,0,dinner,clear,10,1,343,116,496.91,0,0.0,0.0,0.0,0,0.0,0.0,0.0,0.0,0.0,0,0,0
4980,679,2026-05-07 12:00:00,7,3,1,late_night,clear,12,2,446,153,531.37,0,0.0,0.0,0.0,0,0.0,0.0,0.0,0.0,0.0,0,0,0
4981,679,2026-02-25 18:00:00,25,2,1,dinner,rain,8,4,63,21,314.23,0,0.0,0.0,0.0,0,0.0,0.0,0.0,0.0,0.0,0,0,0
4982,679,2026-03-24 14:00:00,24,1,0,lunch,clear,3,2,35,11,312.68,1,0.1,0.0643118955742602,0.0356881044257398,1,338.69,33.87,51.82,220.15,32.85,0,0,0
4983,679,2026-04-15 08:00:00,15,2,0,lunch,clear,9,2,342,116,418.51,0,0.0,0.0,0.0,0,0.0,0.0,0.0,0.0,0.0,0,0,0
4984,680,2026-02-19 15:00:00,19,3,0,breakfast,clear,6,3,369,126,374.47,0,0.0,0.0,0.0,0,0.0,0.0,0.0,0.0,0.0,0,0,0
4985,680,2026-05-09 06:00:00,9,5,0,lunch,clear,6,1,502,173,311.01,1,0.15,0.09474548934052082,0.05525451065947917,0,0.0,0.0,0.0,0.0,0.0,0,0,0
4986,680,2026-04-17 09:00:00,17,4,0,breakfast,clear,2,5,483,165,364.57,1,0.15,0.13180859853251836,0.018191401467481633,1,427.61,64.14,64.18,277.94,21.34,1,0,0
4987,680,2026-06-19 20:00:00,19,4,0,dinner,clear,11,3,285,95,412.22,0,0.0,0.0,0.0,0,0.0,0.0,0.0,0.0,0.0,0,0,0
4988,680,2026-04-24 21:00:00,24,4,0,lunch,clear,4,3,351,118,460.55,0,0.0,0.0,0.0,1,460.55,0.0,89.02,299.36,72.17,0,0,0
4989,680,2026-01-29 19:00:00,29,3,1,dinner,extreme,13,1,474,162,409.77,1,0.1,0.08586872173616095,0.014131278263839059,1,463.37,46.34,79.3,301.19,36.54,1,0,0
4990,680,2026-04-03 14:00:00,3,4,1,late_night,clear,3,1,360,122,593.1,1,0.1,0.0616081879253259,0.038391812074674105,1,670.68,67.07,60.34,435.94,107.33,0,0,0
4991,680,2026-01-31 10:00:00,31,5,1,dinner,clear,8,1,116,38,269.91,0,0.0,0.0,0.0,1,269.91,0.0,46.0,175.44,48.47,0,0,0
4992,681,2026-06-07 16:00:00,7,6,1,breakfast,clear,10,3,306,102,364.7,0,0.0,0.0,0.0,0,0.0,0.0,0.0,0.0,0.0,0,0,0
4993,681,2026-06-14 20:00:00,14,6,0,dinner,clear,9,2,296,100,352.66,0,0.0,0.0,0.0,0,0.0,0.0,0.0,0.0,0.0,0,0,0
4994,682,2026-06-27 02:00:00,27,5,1,dinner,clear,1,1,89,30,399.84,0,0.0,0.0,0.0,1,399.84,0.0,81.88,259.9,58.06,0,0,0
4995,682,2026-02-25 19:00:00,25,2,1,late_night,rain,8,1,165,55,393.95,1,0.05,0.02738371065532169,0.02261628934467831,1,440.14,22.01,89.14,286.09,42.9,1,0,0
4996,683,2026-06-15 10:00:00,15,0,0,late_night,clear,6,1,194,65,439.76,0,0.0,0.0,0.0,0,0.0,0.0,0.0,0.0,0.0,0,0,1
4997,683,2026-02-03 00:00:00,3,1,1,late_night,clear,2,1,231,75,429.49,1,0.1,0.09953606760612708,0.0004639323938729206,1,460.99,46.1,67.9,299.65,47.35,0,0,0
4998,683,2026-02-06 20:00:00,6,4,1,late_night,extreme,6,1,247,80,495.9,0,0.0,0.0,0.0,1,495.9,0.0,76.0,322.33,97.56,0,0,0
4999,683,2026-02-07 03:00:00,7,5,1,late_night,rain,7,3,298,100,356.47,1,0.2,0.1927085013827962,0.007291498617203823,1,397.91,79.58,65.68,258.64,-5.99,0,0,0
5000,684,2026-06-11 19:00:00,11,3,0,lunch,clear,9,3,361,122,406.31,1,0.1,0.09934938180524376,0.0006506181947562445,1,454.15,45.42,60.34,295.2,53.2,1,0,0
5001,684,2026-06-11 18:00:00,11,3,0,breakfast,clear,3,2,240,78,339.14,1,0.05,0.026635272979193637,0.023364727020806365,0,0.0,0.0,0.0,0.0,0.0,0,0,0
5002,684,2026-01-09 23:00:00,9,4,0,late_night,clear,7,1,463,158,372.27,0,0.0,0.0,0.0,0,0.0,0.0,0.0,0.0,0.0,0,0,0
5003,684,2026-04-16 22:00:00,16,3,0,dinner,clear,8,1,153,51,331.89,0,0.0,0.0,0.0,0,0.0,0.0,0.0,0.0,0.0,0,0,0
5004,684,2026-03-24 00:00:00,24,1,0,late_night,clear,1,2,108,36,342.36,0,0.0,0.0,0.0,0,0.0,0.0,0.0,0.0,0.0,0,0,0
5005,684,2026-01-30 17:00:00,30,4,1,lunch,clear,1,2,484,166,333.57,0,0.0,0.0,0.0,0,0.0,0.0,0.0,0.0,0.0,0,0,0
5006,684,2026-06-28 05:00:00,28,6,1,dinner,rain,3,2,529,180,299.68,0,0.0,0.0,0.0,1,299.68,0.0,79.36,194.79,25.53,0,0,0
5007,684,2026-03-28 09:00:00,28,5,1,dinner,rain,9,1,60,20,327.51,0,0.0,0.0,0.0,0,0.0,0.0,0.0,0.0,0.0,0,0,0
5008,684,2026-04-26 12:00:00,26,6,1,dinner,clear,4,2,210,69,497.03,1,0.15,0.12477407594413019,0.025225924055869806,1,574.4,86.16,49.0,373.36,65.88,0,0,0
5009,684,2026-03-01 15:00:00,1,6,1,dinner,clear,13,1,124,40,597.62,1,0.1,0.08638153722466253,0.013618462775337473,1,667.99,66.8,73.18,434.19,93.82,1,0,0
5010,685,2026-01-26 13:00:00,26,0,1,late_night,clear,9,2,102,34,373.66,0,0.0,0.0,0.0,0,0.0,0.0,0.0,0.0,0.0,0,0,0
5011,685,2026-06-13 21:00:00,13,5,0,breakfast,clear,13,1,536,183,397.95,1,0.1,0.08214847522513022,0.017851524774869787,0,0.0,0.0,0.0,0.0,0.0,0,0,0
5012,685,2026-06-20 16:00:00,20,5,0,lunch,clear,12,1,442,152,349.53,1,0.1,0.09936905250745981,0.0006309474925401959,1,381.26,38.13,69.88,247.82,25.43,0,0,0
5013,685,2026-04-13 22:00:00,13,0,0,breakfast,clear,7,4,96,32,453.5,1,0.15,0.0933926196338056,0.05660738036619439,1,507.91,76.19,81.4,330.14,20.18,0,0,0
5014,685,2026-04-07 21:00:00,7,1,1,dinner,clear,3,3,37,11,363.11,0,0.0,0.0,0.0,0,0.0,0.0,0.0,0.0,0.0,0,0,0
5015,686,2026-05-12 23:00:00,12,1,0,lunch,clear,10,4,370,127,368.76,0,0.0,0.0,0.0,0,0.0,0.0,0.0,0.0,0.0,0,0,0
5016,686,2026-03-22 12:00:00,22,6,0,late_night,clear,5,1,555,190,421.12,1,0.15,0.1434368397172047,0.0065631602827952995,1,471.27,70.69,83.62,306.33,10.63,0,0,0
5017,686,2026-04-11 10:00:00,11,5,0,breakfast,clear,6,1,332,112,555.99,1,0.2,0.18923210254554396,0.010767897454456055,1,635.38,127.08,56.38,413.0,38.93,0,0,0
5018,687,2026-05-12 16:00:00,12,1,0,dinner,rain,13,1,476,162,284.54,1,0.2,0.15625106377486558,0.04374893622513443,1,346.5,69.3,77.8,225.23,-25.82,0,1,0
5019,687,2026-05-26 07:00:00,26,1,1,late_night,clear,6,2,107,36,245.73,1,0.15,0.11089730525268586,0.039102694747314135,1,290.36,43.55,69.58,188.74,-11.51,0,0,0
5020,687,2026-05-13 21:00:00,13,2,0,dinner,extreme,9,1,554,189,318.22,1,0.05,0.0324109652852727,0.0175890347147273,0,0.0,0.0,0.0,0.0,0.0,0,0,0
5021,687,2026-05-23 11:00:00,23,5,0,dinner,clear,7,1,494,170,372.46,0,0.0,0.0,0.0,1,372.46,0.0,60.16,242.1,70.2,0,0,0
5022,687,2026-03-16 04:00:00,16,0,0,late_night,clear,7,3,404,138,351.02,0,0.0,0.0,0.0,0,0.0,0.0,0.0,0.0,0.0,0,0,0
5023,687,2026-06-29 02:00:00,29,0,1,late_night,clear,5,1,378,130,410.6,0,0.0,0.0,0.0,0,0.0,0.0,0.0,0.0,0.0,0,0,0
5024,687,2026-05-30 09:00:00,30,5,1,dinner,clear,4,2,554,189,318.22,0,0.0,0.0,0.0,0,0.0,0.0,0.0,0.0,0.0,0,0,0
5025,687,2026-03-19 01:00:00,19,3,0,late_night,clear,1,1,234,76,237.76,1,0.15,0.125904821093714,0.024095178906285986,1,280.94,42.14,53.26,182.61,2.93,1,0,0
5026,687,2026-06-25 07:00:00,25,3,1,dinner,extreme,11,2,474,162,409.77,1,0.2,0.14949203510811798,0.05050796489188203,1,499.01,99.8,79.3,324.35,-4.45,0,0,0
5027,687,2026-06-24 00:00:00,24,2,0,late_night,clear,11,2,539,184,302.3,0,0.0,0.0,0.0,0,0.0,0.0,0.0,0.0,0.0,0,0,0
5028,688,2026-06-16 02:00:00,16,1,0,lunch,clear,11,1,514,176,436.88,1,0.15,0.1425906144970307,0.007409385502969296,1,494.82,74.22,64.06,321.64,34.9,0,0,0
5029,688,2026-06-06 09:00:00,6,5,1,late_night,rain,4,1,63,21,314.23,0,0.0,0.0,0.0,0,0.0,0.0,0.0,0.0,0.0,0,0,0
5030,688,2026-01-13 22:00:00,13,1,0,breakfast,clear,1,1,238,77,307.59,1,0.05,0.029607277665236315,0.020392722334763688,1,325.64,16.28,71.56,211.67,26.13,1,0,0
5031,688,2026-02-07 14:00:00,7,5,1,late_night,rain,2,1,77,24,277.16,1,0.1,0.0789219102655864,0.021078089734413608,1,304.97,30.5,72.52,198.23,3.72,0,0,0
5032,689,2026-03-10 17:00:00,10,1,0,dinner,clear,6,1,364,124,442.23,0,0.0,0.0,0.0,0,0.0,0.0,0.0,0.0,0.0,0,0,0
5033,689,2026-04-23 04:00:00,23,3,0,late_night,clear,6,1,46,14,430.08,0,0.0,0.0,0.0,0,0.0,0.0,0.0,0.0,0.0,0,0,0
5034,689,2026-04-19 23:00:00,19,6,0,late_night,clear,6,1,132,43,321.82,0,0.0,0.0,0.0,1,321.82,0.0,67.48,209.18,45.16,0,0,0
5035,689,2026-04-01 13:00:00,1,2,1,breakfast,clear,13,1,1,0,430.92,0,0.0,0.0,0.0,0,0.0,0.0,0.0,0.0,0.0,0,0,0
5036,689,2026-03-30 03:00:00,30,0,1,dinner,clear,4,2,35,11,312.68,0,0.0,0.0,0.0,0,0.0,0.0,0.0,0.0,0.0,0,0,0
5037,689,2026-01-26 13:00:00,26,0,1,lunch,extreme,9,1,436,149,386.12,1,0.1,0.06823633670292964,0.031763663297070366,0,0.0,0.0,0.0,0.0,0.0,0,0,0
5038,689,2026-04-07 04:00:00,7,1,1,dinner,clear,3,1,338,114,376.41,0,0.0,0.0,0.0,1,376.41,0.0,79.0,244.67,52.74,0,0,0
5039,689,2026-05-31 09:00:00,31,6,1,breakfast,clear,9,1,462,158,425.12,1,0.15,0.08666729590029318,0.06333270409970682,1,462.54,69.38,83.14,300.65,9.37,0,0,0
5040,689,2026-01-19 02:00:00,19,0,0,dinner,clear,11,1,532,181,329.51,1,0.1,0.09300224547880456,0.006997754521195443,1,351.45,35.15,65.44,228.44,22.42,0,0,0
5041,689,2026-03-09 23:00:00,9,0,0,lunch,clear,14,3,464,159,253.04,1,0.15,0.14134347481206644,0.008656525187933556,1,275.32,41.3,51.7,178.96,3.36,0,0,0
5042,689,2026-04-09 01:00:00,9,3,0,breakfast,clear,3,3,102,34,373.66,1,0.15,0.08012854919799917,0.06987145080200083,1,406.55,60.98,55.54,264.26,25.77,1,0,0
5043,689,2026-02-03 07:00:00,3,1,1,dinner,clear,2,3,530,181,442.66,1,0.05,0.04735163664223479,0.002648363357765214,1,459.9,23.0,65.44,298.94,72.53,1,0,0
5044,690,2026-06-02 03:00:00,2,1,1,dinner,clear,5,1,506,174,455.6,1,0.15,0.1285940736538827,0.021405926346117293,1,521.1,78.16,56.08,338.71,48.14,0,0,0
5045,690,2026-03-29 03:00:00,29,6,1,lunch,clear,3,2,164,54,379.98,0,0.0,0.0,0.0,0,0.0,0.0,0.0,0.0,0.0,0,0,0
5046,690,2026-06-18 23:00:00,18,3,0,breakfast,rain,4,1,144,47,344.24,1,0.15,0.08913187593293366,0.060868124067066334,1,393.73,59.06,72.52,255.92,6.23,0,0,0
5047,690,2026-02-15 02:00:00,15,6,0,late_night,clear,9,1,102,34,373.66,1,0.2,0.14527639292189742,0.05472360707810259,1,438.07,87.61,55.54,284.74,10.17,0,0,0
5048,690,2026-06-16 08:00:00,16,1,0,late_night,clear,8,1,380,131,355.04,1,0.2,0.13436032111249693,0.06563967888750308,1,416.24,83.25,67.6,270.56,-5.16,0,0,0
5049,690,2026-02-08 02:00:00,8,6,0,lunch,rain,8,1,134,44,288.98,1,0.2,0.17401460991877282,0.02598539008122719,1,338.79,67.76,74.8,220.21,-23.98,0,0,0
5050,690,2026-01-12 13:00:00,12,0,0,late_night,clear,9,2,53,17,395.01,1,0.1,0.08347135775174944,0.01652864224825057,1,437.97,43.8,57.1,284.68,52.39,0,0,0
5051,690,2026-06-02 00:00:00,2,1,1,lunch,clear,2,4,278,93,308.37,1,0.15,0.08953705867894692,0.06046294132105308,1,352.7,52.91,72.76,229.26,-2.22,0,0,0
5052,690,2026-05-29 02:00:00,29,4,1,dinner,clear,12,1,401,138,355.52,0,0.0,0.0,0.0,1,355.52,0.0,50.2,231.09,74.23,0,0,0
5053,691,2026-04-08 08:00:00,8,2,0,late_night,clear,4,3,169,56,358.37,0,0.0,0.0,0.0,0,0.0,0.0,0.0,0.0,0.0,0,0,0
5054,691,2026-04-27 03:00:00,27,0,1,late_night,extreme,4,1,362,123,472.34,0,0.0,0.0,0.0,0,0.0,0.0,0.0,0.0,0.0,0,0,0
5055,691,2026-06-16 08:00:00,16,1,0,breakfast,clear,10,4,222,73,368.75,0,0.0,0.0,0.0,0,0.0,0.0,0.0,0.0,0.0,0,0,0
5056,691,2026-02-08 01:00:00,8,6,0,lunch,clear,8,1,403,138,375.94,1,0.15,0.14672595573808417,0.003274044261915826,1,421.13,63.17,50.2,273.73,34.03,0,0,0
5057,691,2026-06-15 05:00:00,15,0,0,lunch,clear,10,1,52,17,309.09,0,0.0,0.0,0.0,0,0.0,0.0,0.0,0.0,0.0,0,0,0
5058,691,2026-05-31 23:00:00,31,6,1,lunch,clear,3,2,325,109,468.54,1,0.05,0.030278811188478638,0.019721188811521365,1,493.46,24.67,67.66,320.75,80.38,0,0,0
5059,691,2026-04-08 13:00:00,8,2,0,lunch,clear,4,1,248,81,302.79,0,0.0,0.0,0.0,1,302.79,0.0,52.72,196.81,53.26,0,0,0
5060,691,2026-03-25 15:00:00,25,2,1,breakfast,clear,4,3,434,148,284.36,1,0.05,0.0440855267490222,0.0059144732509778045,0,0.0,0.0,0.0,0.0,0.0,0,0,0
5061,691,2026-03-16 21:00:00,16,0,0,lunch,clear,7,2,253,83,398.87,1,0.1,0.09107798780806474,0.008922012191935266,1,435.14,43.51,87.52,282.84,21.26,1,0,0
5062,691,2026-06-02 16:00:00,2,1,1,late_night,clear,14,1,456,156,339.24,0,0.0,0.0,0.0,0,0.0,0.0,0.0,0.0,0.0,0,0,0
5063,691,2026-04-02 23:00:00,2,3,1,breakfast,clear,2,1,516,177,593.59,1,0.15,0.13945058639434077,0.010549413605659225,1,664.94,99.74,69.82,432.21,63.17,0,0,0
5064,691,2026-04-28 03:00:00,28,1,1,dinner,clear,6,1,384,132,441.54,0,0.0,0.0,0.0,1,441.54,0.0,56.5,287.0,98.04,0,0,0
5065,691,2026-03-08 12:00:00,8,6,0,late_night,extreme,11,1,318,107,312.54,0,0.0,0.0,0.0,0,0.0,0.0,0.0,0.0,0.0,0,0,0
5066,692,2026-03-05 11:00:00,5,3,1,late_night,clear,10,1,434,148,284.36,0,0.0,0.0,0.0,0,0.0,0.0,0.0,0.0,0.0,0,0,0
5067,692,2026-06-23 03:00:00,23,1,0,dinner,clear,1,1,131,43,406.54,1,0.05,0.04383754738844184,0.006162452611558164,1,437.84,21.89,67.48,284.6,63.87,1,0,0
5068,692,2026-01-09 05:00:00,9,4,0,late_night,clear,6,4,135,44,274.41,0,0.0,0.0,0.0,0,0.0,0.0,0.0,0.0,0.0,0,0,0
5069,692,2026-03-15 03:00:00,15,6,0,breakfast,rain,12,2,393,135,332.05,0,0.0,0.0,0.0,1,332.05,0.0,78.7,215.83,37.52,0,0,0
5070,692,2026-03-30 05:00:00,30,0,1,lunch,clear,14,1,398,136,562.98,1,0.15,0.09484880598382114,0.05515119401617885,1,660.94,99.14,85.3,429.61,46.89,0,0,0
5071,693,2026-01-28 00:00:00,28,2,1,lunch,clear,2,2,368,126,431.88,1,0.05,0.03674601835549431,0.01325398164450569,1,450.91,22.55,68.8,293.09,66.47,1,0,0
5072,693,2026-05-27 11:00:00,27,2,1,late_night,clear,1,1,243,79,453.8,1,0.1,0.07314820620924488,0.026851793790755127,1,487.98,48.8,71.92,317.19,50.08,1,0,0
5073,693,2026-01-12 00:00:00,12,0,0,breakfast,extreme,4,1,343,116,496.91,0,0.0,0.0,0.0,1,496.91,0.0,84.82,322.99,89.1,0,0,0
5074,693,2026-04-29 03:00:00,29,2,1,dinner,rain,14,2,352,119,307.51,0,0.0,0.0,0.0,0,0.0,0.0,0.0,0.0,0.0,0,0,0
5075,693,2026-06-19 10:00:00,19,4,0,dinner,clear,2,1,589,199,395.45,1,0.2,0.14322227827235756,0.05677772172764245,1,442.66,88.53,61.78,287.73,4.62,0,0,0
5076,693,2026-02-10 03:00:00,10,1,0,dinner,rain,11,4,144,47,344.24,1,0.2,0.13979898206361896,0.06020101793638105,0,0.0,0.0,0.0,0.0,0.0,0,0,0
5077,693,2026-04-30 13:00:00,30,3,1,dinner,clear,3,2,202,67,483.51,0,0.0,0.0,0.0,0,0.0,0.0,0.0,0.0,0.0,0,0,0
5078,693,2026-01-03 00:00:00,3,5,1,breakfast,clear,3,2,561,191,228.08,1,0.15,0.11237748181657416,0.03762251818342584,1,250.79,37.62,87.64,163.01,-37.48,0,0,0
5079,694,2026-06-01 20:00:00,1,0,1,late_night,clear,7,1,483,165,364.57,1,0.2,0.1390628441928092,0.06093715580719081,1,410.8,82.16,64.18,267.02,-2.56,1,0,0
5080,694,2026-06-04 08:00:00,4,3,1,lunch,clear,4,3,445,153,277.25,1,0.2,0.14542282233786127,0.05457717766213874,1,312.41,62.48,78.88,203.06,-32.02,0,1,0
5081,694,2026-06-29 01:00:00,29,0,1,breakfast,clear,14,2,274,92,294.0,0,0.0,0.0,0.0,0,0.0,0.0,0.0,0.0,0.0,0,0,0
5082,694,2026-03-11 17:00:00,11,2,0,late_night,clear,6,2,384,132,441.54,0,0.0,0.0,0.0,0,0.0,0.0,0.0,0.0,0.0,0,0,0
5083,694,2026-01-19 01:00:00,19,0,0,late_night,rain,1,1,126,41,542.46,0,0.0,0.0,0.0,1,542.46,0.0,49.3,352.6,140.56,0,0,0
5084,694,2026-01-22 23:00:00,22,3,0,breakfast,clear,5,2,391,134,438.46,0,0.0,0.0,0.0,1,438.46,0.0,49.18,285.0,104.28,0,1,0
5085,694,2026-03-18 16:00:00,18,2,0,dinner,clear,6,1,94,31,485.17,1,0.05,0.04080701345744182,0.009192986542558186,1,507.88,25.39,55.78,330.12,96.58,1,0,0
5086,694,2026-04-05 00:00:00,5,6,1,dinner,clear,6,1,51,16,606.47,1,0.2,0.18264736258570252,0.01735263741429749,1,683.37,136.67,53.62,444.19,48.89,1,0,0
5087,694,2026-03-21 15:00:00,21,5,0,breakfast,clear,5,3,483,165,364.57,1,0.15,0.11680891656890881,0.03319108343109119,1,403.13,60.47,64.18,262.03,16.45,0,0,0
5088,695,2026-03-07 20:00:00,7,5,1,breakfast,clear,6,1,412,141,376.41,0,0.0,0.0,0.0,1,376.41,0.0,67.96,244.67,63.78,0,0,0
5089,695,2026-01-08 01:00:00,8,3,0,late_night,clear,12,1,52,17,309.09,0,0.0,0.0,0.0,0,0.0,0.0,0.0,0.0,0.0,0,0,0
5090,695,2026-03-01 00:00:00,1,6,1,breakfast,clear,3,1,344,116,430.3,1,0.05,0.04124260438483334,0.008757395615166662,0,0.0,0.0,0.0,0.0,0.0,0,0,0
5091,695,2026-05-29 19:00:00,29,4,1,dinner,clear,3,4,412,141,376.41,0,0.0,0.0,0.0,0,0.0,0.0,0.0,0.0,0.0,0,0,0
5092,695,2026-05-11 19:00:00,11,0,0,lunch,clear,6,1,149,50,355.86,1,0.1,0.0802434099122061,0.0197565900877939,1,378.23,37.82,57.04,245.85,37.52,1,0,0
5093,695,2026-04-09 13:00:00,9,3,0,breakfast,clear,12,1,44,13,374.19,1,0.2,0.12110205650504922,0.07889794349495079,0,0.0,0.0,0.0,0.0,0.0,0,0,0
5094,695,2026-03-08 06:00:00,8,6,0,dinner,clear,3,1,363,123,366.41,0,0.0,0.0,0.0,0,0.0,0.0,0.0,0.0,0.0,0,0,0
5095,695,2026-05-04 14:00:00,4,0,1,breakfast,clear,8,1,283,95,342.16,1,0.2,0.14906849529185492,0.05093150470814509,1,376.24,75.25,67.12,244.56,-10.68,1,0,0
5096,695,2026-05-04 17:00:00,4,0,1,late_night,clear,1,1,436,149,386.12,1,0.1,0.08579298266584678,0.014207017334153221,1,410.39,41.04,47.38,266.75,55.22,1,0,0
5097,695,2026-02-25 08:00:00,25,2,1,late_night,clear,11,2,446,153,531.37,0,0.0,0.0,0.0,0,0.0,0.0,0.0,0.0,0.0,0,0,0
5098,696,2026-05-22 12:00:00,22,4,0,breakfast,clear,9,2,35,11,312.68,0,0.0,0.0,0.0,0,0.0,0.0,0.0,0.0,0.0,0,0,0
5099,696,2026-03-04 19:00:00,4,2,1,dinner,clear,11,2,291,98,373.77,1,0.15,0.1430643224128709,0.0069356775871290965,1,431.15,64.67,49.48,280.25,36.75,0,0,0
5100,696,2026-02-12 16:00:00,12,3,0,late_night,clear,7,1,181,60,297.43,1,0.2,0.16794931960444848,0.032050680395551534,1,352.18,70.44,79.18,228.92,-26.35,0,0,0
5101,696,2026-05-02 18:00:00,2,5,1,dinner,rain,9,3,533,181,346.99,0,0.0,0.0,0.0,1,346.99,0.0,66.94,225.54,54.51,0,0,0
5102,696,2026-01-31 21:00:00,31,5,1,dinner,clear,13,1,169,56,358.37,0,0.0,0.0,0.0,0,0.0,0.0,0.0,0.0,0.0,0,0,0
5103,696,2026-02-02 08:00:00,2,0,1,dinner,clear,10,5,182,60,341.42,0,0.0,0.0,0.0,0,0.0,0.0,0.0,0.0,0.0,0,0,0
5104,696,2026-02-08 14:00:00,8,6,0,late_night,rain,8,2,530,181,442.66,0,0.0,0.0,0.0,0,0.0,0.0,0.0,0.0,0.0,0,0,0
5105,696,2026-06-18 03:00:00,18,3,0,dinner,extreme,7,2,287,96,526.62,1,0.1,0.05834774196925825,0.041652258030741754,1,587.78,58.78,63.88,382.06,83.06,0,0,0
5106,696,2026-06-17 00:00:00,17,2,0,late_night,rain,1,2,445,153,277.25,1,0.1,0.09961020512041892,0.0003897948795810874,1,309.45,30.94,80.38,201.14,-3.02,1,0,0
5107,697,2026-05-28 06:00:00,28,3,1,lunch,rain,12,2,345,116,427.67,0,0.0,0.0,0.0,1,427.67,0.0,83.32,277.99,66.36,0,0,0
5108,697,2026-06-28 13:00:00,28,6,1,dinner,clear,3,1,141,47,343.49,1,0.15,0.07504530274502032,0.07495469725497968,1,423.16,63.47,71.02,275.05,13.61,0,0,0
5109,697,2026-02-08 07:00:00,8,6,0,breakfast,clear,5,1,331,112,502.27,0,0.0,0.0,0.0,0,0.0,0.0,0.0,0.0,0.0,0,0,0
5110,698,2026-04-04 23:00:00,4,5,1,breakfast,clear,13,4,134,44,288.98,0,0.0,0.0,0.0,0,0.0,0.0,0.0,0.0,0.0,0,0,0
5111,698,2026-04-15 11:00:00,15,2,0,lunch,clear,13,1,353,119,370.29,1,0.15,0.11791286368600508,0.032087136313994916,1,418.21,62.73,48.22,271.83,35.42,0,0,0
5112,698,2026-01-27 17:00:00,27,1,1,late_night,rain,9,2,146,48,348.11,1,0.1,0.06318114696162667,0.03681885303837333,1,382.19,38.22,74.68,248.42,20.87,0,0,0
5113,698,2026-04-29 17:00:00,29,2,1,lunch,rain,10,2,290,97,376.15,0,0.0,0.0,0.0,0,0.0,0.0,0.0,0.0,0.0,0,0,0
5114,698,2026-04-18 17:00:00,18,5,0,breakfast,extreme,2,3,348,118,387.46,0,0.0,0.0,0.0,0,0.0,0.0,0.0,0.0,0.0,0,0,0
5115,698,2026-02-25 12:00:00,25,2,1,lunch,clear,13,2,146,48,348.11,1,0.2,0.16808682341269263,0.031913176587307385,1,402.12,80.42,73.18,261.38,-12.86,1,0,0
5116,698,2026-04-15 20:00:00,15,2,0,dinner,rain,6,3,299,101,404.49,0,0.0,0.0,0.0,0,0.0,0.0,0.0,0.0,0.0,0,0,0
5117,698,2026-03-07 21:00:00,7,5,1,lunch,clear,9,2,379,130,459.76,1,0.2,0.1683794516284266,0.03162054837157341,1,531.09,106.22,72.88,345.21,6.78,0,0,0
5118,698,2026-03-26 02:00:00,26,3,1,lunch,rain,10,3,113,37,446.27,0,0.0,0.0,0.0,0,0.0,0.0,0.0,0.0,0.0,0,0,0
5119,698,2026-03-09 09:00:00,9,0,0,breakfast,clear,11,2,112,37,403.7,1,0.2,0.14740606366562284,0.05259393633437717,1,466.33,93.27,82.66,303.12,-12.71,0,0,0
5120,699,2026-05-04 13:00:00,4,0,1,breakfast,rain,14,5,521,178,418.22,1,0.05,0.049725496422989617,0.00027450357701038625,0,0.0,0.0,0.0,0.0,0.0,0,0,0
5121,699,2026-01-18 23:00:00,18,6,0,breakfast,extreme,2,1,101,34,347.68,1,0.2,0.16416846095943718,0.035831539040562826,1,391.88,78.38,58.54,254.72,0.24,1,0,0
5122,699,2026-02-15 19:00:00,15,6,0,dinner,clear,9,2,448,154,318.66,0,0.0,0.0,0.0,1,318.66,0.0,69.82,207.13,41.71,0,0,0
5123,699,2026-05-08 03:00:00,8,4,0,lunch,rain,12,2,401,138,355.52,0,0.0,0.0,0.0,0,0.0,0.0,0.0,0.0,0.0,0,0,0
5124,699,2026-03-29 02:00:00,29,6,1,dinner,clear,13,2,39,12,668.74,0,0.0,0.0,0.0,1,668.74,0.0,79.96,434.68,154.1,0,0,0
5125,699,2026-01-15 02:00:00,15,3,0,lunch,clear,14,1,540,185,437.06,0,0.0,0.0,0.0,0,0.0,0.0,0.0,0.0,0.0,0,0,0
5126,699,2026-02-04 09:00:00,4,2,1,late_night,clear,3,3,10,3,499.79,0,0.0,0.0,0.0,0,0.0,0.0,0.0,0.0,0.0,0,0,0
5127,699,2026-01-10 09:00:00,10,5,0,dinner,clear,2,2,194,65,439.76,0,0.0,0.0,0.0,0,0.0,0.0,0.0,0.0,0.0,0,0,0
5128,699,2026-05-29 00:00:00,29,4,1,dinner,rain,11,1,562,192,224.05,1,0.2,0.15378775236499248,0.04621224763500753,1,252.54,50.51,67.06,164.15,-29.18,0,0,0
5129,699,2026-01-05 02:00:00,5,0,1,lunch,clear,8,1,111,37,572.96,1,0.15,0.08484389977955047,0.06515610022044953,1,633.72,95.06,82.66,411.92,44.08,0,0,0
5130,699,2026-03-24 13:00:00,24,1,0,breakfast,extreme,11,3,402,138,434.21,0,0.0,0.0,0.0,0,0.0,0.0,0.0,0.0,0.0,0,0,0
5131,699,2026-01-10 16:00:00,10,5,0,late_night,clear,11,2,211,69,610.72,1,0.1,0.05725112881226884,0.042748871187731165,1,659.71,65.97,49.0,428.81,115.93,0,0,0
5132,700,2026-04-23 03:00:00,23,3,0,dinner,clear,11,1,261,86,381.66,1,0.1,0.09492573601598678,0.0050742639840132275,1,407.73,40.77,73.0,265.03,28.93,0,0,0
5133,700,2026-04-29 16:00:00,29,2,1,breakfast,clear,4,1,418,143,386.26,1,0.05,0.04249379341236114,0.0075062065876388626,0,0.0,0.0,0.0,0.0,0.0,0,0,0
5134,700,2026-05-13 10:00:00,13,2,0,dinner,clear,12,3,416,142,323.29,0,0.0,0.0,0.0,0,0.0,0.0,0.0,0.0,0.0,0,0,0
5135,700,2026-01-29 18:00:00,29,3,1,late_night,clear,14,2,174,57,360.84,1,0.05,0.027336447783667173,0.02266355221633283,1,375.26,18.76,56.14,243.92,56.44,1,0,0
5136,700,2026-02-08 20:00:00,8,6,0,dinner,rain,12,1,74,24,370.91,0,0.0,0.0,0.0,0,0.0,0.0,0.0,0.0,0.0,0,0,0
5137,701,2026-03-29 17:00:00,29,6,1,breakfast,clear,2,1,116,38,269.91,1,0.2,0.14347668918908696,0.05652331081091305,1,313.43,62.69,46.0,203.73,1.01,0,0,0
5138,701,2026-03-21 20:00:00,21,5,0,breakfast,clear,10,3,227,74,392.38,1,0.1,0.05711497886032292,0.042885021139677085,1,432.3,43.23,71.92,280.99,36.15,0,0,0
5139,701,2026-05-16 14:00:00,16,5,0,lunch,rain,6,1,294,99,361.09,0,0.0,0.0,0.0,0,0.0,0.0,0.0,0.0,0.0,0,0,0
5140,701,2026-06-14 15:00:00,14,6,0,late_night,clear,11,1,349,118,378.25,0,0.0,0.0,0.0,0,0.0,0.0,0.0,0.0,0.0,0,0,0
5141,701,2026-01-21 20:00:00,21,2,0,dinner,clear,7,2,534,182,526.78,0,0.0,0.0,0.0,0,0.0,0.0,0.0,0.0,0.0,0,0,0
5142,701,2026-02-07 03:00:00,7,5,1,late_night,rain,8,4,112,37,403.7,1,0.1,0.0905062839219154,0.009493716078084607,1,444.77,44.48,84.16,289.1,27.03,0,0,0
5143,701,2026-02-23 03:00:00,23,0,0,lunch,rain,13,4,98,33,267.42,0,0.0,0.0,0.0,1,267.42,0.0,52.66,173.82,40.94,0,0,0
5144,701,2026-01-19 20:00:00,19,0,0,lunch,clear,1,2,86,28,398.14,1,0.2,0.1428690443648979,0.05713095563510212,1,462.34,92.47,50.56,300.52,18.79,0,0,0
5145,701,2026-05-31 04:00:00,31,6,1,dinner,clear,1,1,224,73,409.67,0,0.0,0.0,0.0,0,0.0,0.0,0.0,0.0,0.0,0,0,0
5146,702,2026-06-21 11:00:00,21,6,0,breakfast,clear,9,1,521,178,418.22,1,0.05,0.02667356217792687,0.023326437822073134,1,429.26,21.46,64.54,279.02,64.24,0,0,0
5147,702,2026-06-14 05:00:00,14,6,0,breakfast,clear,8,1,575,196,499.98,0,0.0,0.0,0.0,0,0.0,0.0,0.0,0.0,0.0,0,0,0
5148,702,2026-06-15 10:00:00,15,0,0,lunch,clear,12,1,111,37,572.96,1,0.1,0.0868707408479132,0.013129259152086806,0,0.0,0.0,0.0,0.0,0.0,0,0,0
5149,702,2026-03-22 12:00:00,22,6,0,dinner,extreme,5,3,502,173,311.01,0,0.0,0.0,0.0,0,0.0,0.0,0.0,0.0,0.0,0,0,0
5150,702,2026-03-06 09:00:00,6,4,1,dinner,clear,2,2,375,129,325.69,1,0.15,0.08684224884547273,0.06315775115452726,1,345.12,51.77,79.06,224.33,-10.04,1,0,0
5151,702,2026-02-20 10:00:00,20,4,0,late_night,clear,3,2,130,42,429.11,0,0.0,0.0,0.0,0,0.0,0.0,0.0,0.0,0.0,0,0,0
5152,702,2026-02-13 07:00:00,13,4,0,lunch,clear,3,2,93,31,496.71,0,0.0,0.0,0.0,0,0.0,0.0,0.0,0.0,0.0,0,0,0
5153,702,2026-02-27 10:00:00,27,4,1,breakfast,clear,14,1,311,105,290.55,0,0.0,0.0,0.0,0,0.0,0.0,0.0,0.0,0.0,0,0,0
5154,703,2026-04-25 12:00:00,25,5,1,dinner,rain,11,3,577,196,458.78,1,0.15,0.13722600845338948,0.01277399154661052,1,561.78,84.27,48.34,365.16,64.02,0,0,0
5155,704,2026-01-06 02:00:00,6,1,1,late_night,rain,1,1,92,31,500.94,0,0.0,0.0,0.0,0,0.0,0.0,0.0,0.0,0.0,0,0,0
5156,704,2026-04-15 19:00:00,15,2,0,lunch,clear,11,1,443,153,368.55,0,0.0,0.0,0.0,0,0.0,0.0,0.0,0.0,0.0,0,0,0
5157,704,2026-05-31 10:00:00,31,6,1,dinner,clear,12,1,395,136,384.32,1,0.05,0.034599613571649805,0.015400386428350198,1,402.69,20.13,85.3,261.75,35.51,1,0,0
5158,704,2026-04-11 03:00:00,11,5,0,dinner,clear,2,1,207,68,306.93,1,0.15,0.12143436915506668,0.028565630844933312,1,340.09,51.01,48.76,221.06,19.26,0,0,0
5159,705,2026-05-28 22:00:00,28,3,1,lunch,rain,8,4,503,173,309.83,0,0.0,0.0,0.0,0,0.0,0.0,0.0,0.0,0.0,0,0,0
5160,705,2026-04-30 23:00:00,30,3,1,lunch,rain,3,3,461,158,470.93,0,0.0,0.0,0.0,1,470.93,0.0,84.64,306.1,80.19,0,0,0
5161,705,2026-02-03 01:00:00,3,1,1,late_night,rain,4,1,16,4,481.46,0,0.0,0.0,0.0,1,481.46,0.0,71.5,312.95,97.01,0,0,0
5162,705,2026-02-27 19:00:00,27,4,1,late_night,clear,14,1,102,34,373.66,1,0.05,0.04200704577137701,0.007992954228622992,1,405.68,20.28,55.54,263.69,66.16,1,0,0
5163,705,2026-03-22 06:00:00,22,6,0,breakfast,clear,11,4,148,49,348.4,0,0.0,0.0,0.0,1,348.4,0.0,63.94,226.46,58.0,0,0,0
5164,705,2026-04-04 03:00:00,4,5,1,dinner,extreme,12,2,298,100,356.47,1,0.05,0.04662108151494527,0.003378918485054734,1,387.02,19.35,67.18,251.56,48.93,1,0,0
5165,705,2026-01-26 06:00:00,26,0,1,late_night,clear,12,1,534,182,526.78,1,0.2,0.12592558810550944,0.07407441189449057,1,649.09,129.82,46.72,421.91,50.64,0,0,0
5166,705,2026-04-21 20:00:00,21,1,0,lunch,clear,2,3,418,143,386.26,1,0.05,0.04243718699691573,0.0075628130030842705,1,419.36,20.97,70.36,272.58,55.45,0,0,0
5167,705,2026-03-27 05:00:00,27,4,1,late_night,clear,13,2,557,190,488.12,0,0.0,0.0,0.0,0,0.0,0.0,0.0,0.0,0.0,0,0,0
5168,705,2026-04-21 14:00:00,21,1,0,dinner,clear,12,1,186,62,511.72,1,0.2,0.19310630198048578,0.006893698019514227,1,630.54,126.11,72.28,409.85,22.3,0,0,0
5169,705,2026-03-31 07:00:00,31,1,1,late_night,clear,10,4,549,188,505.49,0,0.0,0.0,0.0,0,0.0,0.0,0.0,0.0,0.0,0,0,0
5170,705,2026-01-03 14:00:00,3,5,1,lunch,rain,13,1,346,117,414.91,0,0.0,0.0,0.0,1,414.91,0.0,78.7,269.69,66.52,0,0,0
5171,706,2026-02-11 16:00:00,11,2,0,dinner,extreme,8,2,538,184,343.47,0,0.0,0.0,0.0,0,0.0,0.0,0.0,0.0,0.0,0,0,0
5172,706,2026-03-21 12:00:00,21,5,0,lunch,clear,12,1,269,90,408.04,0,0.0,0.0,0.0,0,0.0,0.0,0.0,0.0,0.0,0,0,0
5173,706,2026-03-02 02:00:00,2,0,1,breakfast,clear,5,5,507,174,355.79,0,0.0,0.0,0.0,1,355.79,0.0,56.08,231.26,68.45,0,0,0
5174,706,2026-06-13 17:00:00,13,5,0,dinner,clear,9,2,584,198,433.43,0,0.0,0.0,0.0,0,0.0,0.0,0.0,0.0,0.0,0,0,0
5175,706,2026-01-04 12:00:00,4,6,1,lunch,clear,11,1,287,96,526.62,0,0.0,0.0,0.0,1,526.62,0.0,60.88,342.3,123.44,0,0,0
5176,706,2026-02-25 12:00:00,25,2,1,late_night,clear,6,1,554,189,318.22,0,0.0,0.0,0.0,0,0.0,0.0,0.0,0.0,0.0,0,0,0
5177,707,2026-01-14 21:00:00,14,2,0,breakfast,clear,4,1,125,41,321.49,0,0.0,0.0,0.0,0,0.0,0.0,0.0,0.0,0.0,0,0,0
5178,707,2026-01-13 02:00:00,13,1,0,dinner,clear,3,2,355,119,330.66,1,0.1,0.07926512139594298,0.020734878604057025,1,342.52,34.25,48.22,222.64,37.41,0,0,0
5179,707,2026-04-10 08:00:00,10,4,0,breakfast,clear,11,1,477,163,341.1,1,0.2,0.10469155043034487,0.09530844956965515,0,0.0,0.0,0.0,0.0,0.0,0,0,0
5180,707,2026-03-18 05:00:00,18,2,0,lunch,rain,13,1,492,169,517.7,1,0.15,0.1279881532524192,0.022011846747580804,1,542.25,81.34,52.84,352.46,55.61,1,0,0
5181,707,2026-01-21 05:00:00,21,2,0,late_night,clear,11,1,455,156,300.5,1,0.05,0.03977183787451798,0.01022816212548202,1,306.81,15.34,86.92,199.42,5.12,1,0,0
5182,707,2026-06-24 10:00:00,24,2,0,late_night,rain,10,1,232,75,315.54,0,0.0,0.0,0.0,0,0.0,0.0,0.0,0.0,0.0,0,0,0
5183,707,2026-06-22 01:00:00,22,0,0,dinner,clear,1,1,544,186,446.87,1,0.05,0.026393196623952342,0.02360680337604766,1,456.25,22.81,75.46,296.56,61.41,0,0,0
5184,707,2026-04-20 15:00:00,20,0,0,lunch,clear,9,3,114,38,343.32,0,0.0,0.0,0.0,0,0.0,0.0,0.0,0.0,0.0,0,0,0
5185,707,2026-02-25 06:00:00,25,2,1,lunch,rain,13,2,516,177,593.59,0,0.0,0.0,0.0,0,0.0,0.0,0.0,0.0,0.0,0,0,0
5186,708,2026-05-03 01:00:00,3,6,1,lunch,rain,3,1,460,157,523.76,0,0.0,0.0,0.0,0,0.0,0.0,0.0,0.0,0.0,0,0,0
5187,709,2026-03-10 19:00:00,10,1,0,late_night,clear,3,1,60,20,327.51,0,0.0,0.0,0.0,1,327.51,0.0,57.52,212.88,57.11,0,0,0
5188,709,2026-06-20 20:00:00,20,5,0,lunch,clear,8,2,581,197,473.43,0,0.0,0.0,0.0,0,0.0,0.0,0.0,0.0,0.0,0,0,0
5189,709,2026-01-02 08:00:00,2,4,1,late_night,clear,10,1,76,24,373.62,1,0.15,0.1082572393247906,0.04174276067520939,1,413.7,62.05,71.02,268.9,11.72,0,0,0
5190,709,2026-04-19 02:00:00,19,6,0,dinner,clear,9,1,441,152,383.96,0,0.0,0.0,0.0,1,383.96,0.0,69.88,249.57,64.51,0,0,0
5191,709,2026-04-01 23:00:00,1,2,1,dinner,clear,6,1,273,91,373.55,1,0.15,0.14105828228614625,0.008941717713853742,1,413.62,62.04,53.98,268.85,28.74,0,0,0
5192,709,2026-02-27 03:00:00,27,4,1,lunch,clear,5,1,19,6,523.49,0,0.0,0.0,0.0,1,523.49,0.0,79.06,340.27,104.16,0,0,0
5193,709,2026-01-22 19:00:00,22,3,0,breakfast,clear,9,1,260,86,580.54,0,0.0,0.0,0.0,1,580.54,0.0,73.0,377.35,130.19,0,0,0
5194,709,2026-05-13 20:00:00,13,2,0,lunch,clear,5,1,214,70,450.65,1,0.2,0.1356909558737343,0.0643090441262657,1,508.61,101.72,90.28,330.6,-13.99,0,0,0
5195,709,2026-05-08 20:00:00,8,4,0,late_night,clear,7,3,198,66,362.58,1,0.05,0.027186144355793425,0.022813855644206578,0,0.0,0.0,0.0,0.0,0.0,0,0,0
5196,709,2026-04-03 22:00:00,3,4,1,lunch,extreme,5,1,195,65,438.04,1,0.2,0.18348738321304323,0.016512616786956785,1,494.38,98.88,59.92,321.35,14.24,1,0,0
5197,709,2026-05-08 03:00:00,8,4,0,breakfast,rain,8,2,386,133,329.4,0,0.0,0.0,0.0,1,329.4,0.0,75.04,214.11,40.25,0,0,0
5198,709,2026-06-06 01:00:00,6,5,1,lunch,clear,11,1,62,20,305.62,0,0.0,0.0,0.0,0,0.0,0.0,0.0,0.0,0.0,0,0,0
5199,709,2026-01-01 22:00:00,1,3,1,late_night,clear,12,1,72,23,541.6,1,0.2,0.1389611042279616,0.061038895772038415,1,611.26,122.25,89.32,397.32,2.37,0,0,0
5200,710,2026-02-13 17:00:00,13,4,0,lunch,clear,7,1,60,20,327.51,0,0.0,0.0,0.0,0,0.0,0.0,0.0,0.0,0.0,0,0,0
5201,710,2026-04-10 19:00:00,10,4,0,late_night,clear,12,2,392,135,314.54,1,0.2,0.11673654902613331,0.0832634509738667,0,0.0,0.0,0.0,0.0,0.0,0,0,0
5202,710,2026-05-09 07:00:00,9,5,0,late_night,clear,7,1,2,0,467.58,1,0.05,0.036570321053136456,0.013429678946863546,1,503.75,25.19,46.18,327.44,104.95,0,0,0
5203,710,2026-03-03 07:00:00,3,1,1,breakfast,clear,3,3,533,181,346.99,0,0.0,0.0,0.0,1,346.99,0.0,65.44,225.54,56.01,0,1,0
5204,710,2026-01-04 22:00:00,4,6,1,late_night,rain,14,1,103,34,391.16,1,0.05,0.03440161762598173,0.015598382374018276,1,421.42,21.07,57.04,273.92,69.39,0,0,0
5205,710,2026-06-21 19:00:00,21,6,0,dinner,clear,4,4,526,180,528.36,0,0.0,0.0,0.0,1,528.36,0.0,77.86,343.43,107.07,0,0,0
5206,710,2026-01-16 13:00:00,16,4,0,lunch,clear,9,3,47,14,362.77,0,0.0,0.0,0.0,0,0.0,0.0,0.0,0.0,0.0,0,0,0
5207,710,2026-03-07 02:00:00,7,5,1,dinner,extreme,6,4,128,42,428.94,0,0.0,0.0,0.0,0,0.0,0.0,0.0,0.0,0.0,0,0,0
5208,710,2026-01-20 13:00:00,20,1,0,late_night,rain,5,3,285,95,412.22,0,0.0,0.0,0.0,1,412.22,0.0,68.62,267.94,75.66,0,0,0
5209,710,2026-05-10 07:00:00,10,6,0,breakfast,extreme,11,1,62,20,305.62,0,0.0,0.0,0.0,0,0.0,0.0,0.0,0.0,0.0,0,0,0
5210,711,2026-01-15 14:00:00,15,3,0,late_night,clear,11,2,220,72,668.5,0,0.0,0.0,0.0,0,0.0,0.0,0.0,0.0,0.0,0,0,0
5211,711,2026-05-17 13:00:00,17,6,0,lunch,extreme,1,1,339,115,349.28,0,0.0,0.0,0.0,0,0.0,0.0,0.0,0.0,0.0,0,0,0
5212,711,2026-04-23 21:00:00,23,3,0,dinner,rain,12,1,439,151,283.62,1,0.05,0.029296569132417766,0.020703430867582237,1,303.35,15.17,53.14,197.17,37.86,0,0,0
5213,711,2026-04-20 12:00:00,20,0,0,lunch,clear,7,3,494,170,372.46,1,0.2,0.18305769238683603,0.01694230761316398,1,442.65,88.53,60.16,287.72,6.24,0,0,0
5214,711,2026-01-30 03:00:00,30,4,1,late_night,rain,3,1,149,50,355.86,1,0.05,0.03472740300511428,0.015272596994885722,0,0.0,0.0,0.0,0.0,0.0,0,0,0
5215,711,2026-03-26 11:00:00,26,3,1,late_night,clear,2,1,576,196,382.35,0,0.0,0.0,0.0,0,0.0,0.0,0.0,0.0,0.0,0,0,0
5216,711,2026-04-11 07:00:00,11,5,0,late_night,rain,1,4,535,182,464.14,0,0.0,0.0,0.0,0,0.0,0.0,0.0,0.0,0.0,0,0,0
5217,711,2026-06-23 22:00:00,23,1,0,breakfast,rain,8,2,463,158,372.27,1,0.05,0.049728293949468906,0.0002717060505310967,1,398.16,19.91,84.64,258.8,34.81,0,0,0
5218,711,2026-03-25 15:00:00,25,2,1,lunch,clear,6,1,209,68,405.41,1,0.05,0.02667089740990003,0.023329102590099973,1,433.61,21.68,48.76,281.84,81.32,1,0,0
5219,711,2026-05-03 16:00:00,3,6,1,breakfast,clear,8,3,85,28,440.48,0,0.0,0.0,0.0,0,0.0,0.0,0.0,0.0,0.0,0,0,0
5220,711,2026-01-29 22:00:00,29,3,1,breakfast,clear,14,3,188,63,387.99,0,0.0,0.0,0.0,0,0.0,0.0,0.0,0.0,0.0,0,0,0
5221,711,2026-03-03 00:00:00,3,1,1,dinner,clear,10,2,151,50,465.33,1,0.1,0.06036387813691975,0.039636121863080256,1,520.65,52.07,57.04,338.43,73.12,0,0,0
5222,711,2026-03-03 00:00:00,3,1,1,late_night,clear,9,2,209,68,405.41,0,0.0,0.0,0.0,0,0.0,0.0,0.0,0.0,0.0,0,0,0
5223,711,2026-05-31 19:00:00,31,6,1,dinner,clear,4,1,402,138,434.21,0,0.0,0.0,0.0,1,434.21,0.0,50.2,282.24,101.77,0,0,0
5224,712,2026-03-07 14:00:00,7,5,1,lunch,clear,7,1,216,71,457.28,0,0.0,0.0,0.0,0,0.0,0.0,0.0,0.0,0.0,0,0,0
5225,713,2026-06-04 01:00:00,4,3,1,breakfast,clear,13,1,296,100,352.66,1,0.2,0.11980035324139271,0.0801996467586073,1,381.69,76.34,64.18,248.1,-6.93,0,0,0
5226,713,2026-01-20 20:00:00,20,1,0,dinner,clear,12,2,365,124,467.16,0,0.0,0.0,0.0,0,0.0,0.0,0.0,0.0,0.0,0,0,0
5227,713,2026-04-11 09:00:00,11,5,0,breakfast,clear,14,1,523,179,390.75,0,0.0,0.0,0.0,0,0.0,0.0,0.0,0.0,0.0,0,0,0
5228,713,2026-05-08 10:00:00,8,4,0,lunch,clear,5,1,46,14,430.08,0,0.0,0.0,0.0,0,0.0,0.0,0.0,0.0,0.0,0,0,0
5229,713,2026-03-10 20:00:00,10,1,0,late_night,clear,4,1,155,52,395.2,0,0.0,0.0,0.0,0,0.0,0.0,0.0,0.0,0.0,0,0,0
5230,713,2026-06-04 03:00:00,4,3,1,lunch,clear,7,5,119,39,470.25,0,0.0,0.0,0.0,0,0.0,0.0,0.0,0.0,0.0,0,0,0
5231,714,2026-03-11 13:00:00,11,2,0,lunch,clear,12,1,574,196,374.14,1,0.15,0.08052017037786541,0.06947982962213459,1,462.95,69.44,46.84,300.92,45.75,0,0,0
5232,714,2026-06-19 20:00:00,19,4,0,lunch,clear,4,2,576,196,382.35,0,0.0,0.0,0.0,0,0.0,0.0,0.0,0.0,0.0,0,0,0
5233,714,2026-01-16 05:00:00,16,4,0,lunch,extreme,10,1,261,86,381.66,0,0.0,0.0,0.0,1,381.66,0.0,76.0,248.08,57.58,0,0,0
5234,715,2026-02-18 14:00:00,18,2,0,late_night,extreme,12,2,1,0,430.92,1,0.15,0.10096233266571414,0.049037667334285856,1,532.58,79.89,49.18,346.18,57.34,0,0,0
5235,715,2026-04-23 08:00:00,23,3,0,late_night,clear,13,1,396,136,466.36,1,0.15,0.07701291879126072,0.07298708120873927,1,576.38,86.46,85.3,374.65,29.98,0,0,0
5236,715,2026-02-17 09:00:00,17,1,0,breakfast,clear,12,1,474,162,409.77,0,0.0,0.0,0.0,0,0.0,0.0,0.0,0.0,0.0,0,0,0
5237,715,2026-02-13 22:00:00,13,4,0,breakfast,clear,9,5,173,57,323.74,1,0.05,0.03262001278553685,0.017379987214463155,1,357.54,17.88,56.14,232.4,51.12,1,0,0
5238,715,2026-03-03 20:00:00,3,1,1,dinner,extreme,3,1,153,51,331.89,0,0.0,0.0,0.0,0,0.0,0.0,0.0,0.0,0.0,0,0,0
5239,715,2026-01-12 18:00:00,12,0,0,late_night,clear,7,3,253,83,398.87,0,0.0,0.0,0.0,1,398.87,0.0,87.52,259.27,52.08,0,0,0
5240,715,2026-03-07 03:00:00,7,5,1,dinner,extreme,8,2,417,143,507.05,1,0.15,0.07874258706248329,0.07125741293751671,1,626.67,94.0,73.36,407.34,51.97,0,0,0
5241,716,2026-06-24 07:00:00,24,2,0,lunch,clear,2,1,259,85,416.73,0,0.0,0.0,0.0,1,416.73,0.0,57.28,270.87,88.58,0,0,0
5242,716,2026-06-18 20:00:00,18,3,0,breakfast,rain,5,5,203,67,382.66,1,0.1,0.06627909226881427,0.03372090773118573,1,437.49,43.75,67.12,284.37,42.25,0,0,0
5243,716,2026-03-26 10:00:00,26,3,1,breakfast,rain,7,2,269,90,408.04,1,0.05,0.03885246156766971,0.011147538432330295,1,442.24,22.11,71.26,287.45,61.41,0,0,0
5244,716,2026-02-10 19:00:00,10,1,0,dinner,clear,10,2,5,1,485.29,1,0.1,0.09548548889325906,0.004514511106740948,1,554.82,55.48,55.84,360.63,82.86,0,0,0
5245,716,2026-01-18 00:00:00,18,6,0,late_night,clear,8,2,307,103,414.29,1,0.1,0.09820640814863739,0.0017935918513626165,1,473.65,47.36,75.94,307.87,42.47,0,0,0
5246,716,2026-01-14 19:00:00,14,2,0,breakfast,clear,3,1,496,171,425.35,1,0.1,0.05492516330311408,0.045074836696885924,1,486.29,48.63,59.08,316.09,62.49,0,0,0
5247,716,2026-03-28 04:00:00,28,5,1,breakfast,clear,1,1,149,50,355.86,0,0.0,0.0,0.0,0,0.0,0.0,0.0,0.0,0.0,0,1,0
5248,716,2026-06-08 07:00:00,8,0,0,dinner,rain,7,1,438,150,397.96,0,0.0,0.0,0.0,0,0.0,0.0,0.0,0.0,0.0,0,0,0
5249,717,2026-01-16 19:00:00,16,4,0,lunch,clear,8,2,427,146,526.27,1,0.1,0.06998329909894774,0.030016700901052268,1,603.37,60.34,50.62,392.19,100.22,1,0,0
5250,717,2026-04-13 02:00:00,13,0,0,breakfast,clear,9,2,81,26,550.99,0,0.0,0.0,0.0,1,550.99,0.0,89.38,358.14,103.47,0,0,0
5251,717,2026-02-14 06:00:00,14,5,0,lunch,extreme,6,1,330,111,302.15,0,0.0,0.0,0.0,0,0.0,0.0,0.0,0.0,0.0,0,0,0
5252,717,2026-03-13 13:00:00,13,4,0,breakfast,clear,5,2,419,143,516.7,1,0.1,0.07031617782010398,0.029683822179896027,1,592.39,59.24,70.36,385.06,77.74,0,0,0
5253,717,2026-05-02 20:00:00,2,5,1,dinner,clear,6,1,188,63,387.99,0,0.0,0.0,0.0,0,0.0,0.0,0.0,0.0,0.0,0,0,0
5254,717,2026-01-20 22:00:00,20,1,0,late_night,clear,5,4,486,166,343.96,0,0.0,0.0,0.0,0,0.0,0.0,0.0,0.0,0.0,0,0,0
5255,717,2026-06-12 10:00:00,12,4,0,breakfast,extreme,6,1,572,195,327.24,0,0.0,0.0,0.0,0,0.0,0.0,0.0,0.0,0.0,0,0,0
5256,717,2026-05-10 21:00:00,10,6,0,dinner,clear,10,1,247,80,495.9,1,0.05,0.02888392320113138,0.02111607679886862,1,538.4,26.92,73.0,349.96,88.52,0,0,0
5257,717,2026-01-26 03:00:00,26,0,1,dinner,clear,4,3,232,75,315.54,1,0.05,0.028465211655812197,0.021534788344187806,1,342.58,17.13,67.9,222.68,34.87,0,0,0
5258,717,2026-06-21 13:00:00,21,6,0,dinner,clear,4,1,515,177,466.41,1,0.05,0.033899626237029204,0.0161003737629708,1,506.38,25.32,69.82,329.15,82.09,0,0,0
5259,717,2026-06-15 07:00:00,15,0,0,late_night,clear,1,1,435,149,364.22,0,0.0,0.0,0.0,0,0.0,0.0,0.0,0.0,0.0,0,0,0
5260,717,2026-06-06 06:00:00,6,5,1,dinner,rain,7,1,418,143,386.26,0,0.0,0.0,0.0,0,0.0,0.0,0.0,0.0,0.0,0,0,0
5261,717,2026-04-21 12:00:00,21,1,0,breakfast,rain,3,3,90,30,431.25,1,0.2,0.16226271740038337,0.037737282599616645,1,531.38,106.28,83.38,345.4,-3.67,0,0,0
5262,718,2026-06-08 12:00:00,8,0,0,dinner,clear,6,1,80,26,419.05,1,0.1,0.07706754759005707,0.022932452409942933,1,465.12,46.51,89.38,302.33,26.9,0,0,0
5263,718,2026-04-04 21:00:00,4,5,1,dinner,rain,9,5,76,24,373.62,1,0.05,0.04374775428252142,0.00625224571747858,0,0.0,0.0,0.0,0.0,0.0,0,0,0
5264,719,2026-02-09 05:00:00,9,0,0,breakfast,clear,9,1,374,128,310.41,0,0.0,0.0,0.0,0,0.0,0.0,0.0,0.0,0.0,0,0,0
5265,719,2026-03-17 07:00:00,17,1,0,lunch,clear,10,2,22,6,381.97,1,0.1,0.07197900867195538,0.028020991328044628,1,419.8,41.98,79.06,272.87,25.89,0,0,0
5266,719,2026-01-22 01:00:00,22,3,0,lunch,clear,1,1,274,92,294.0,0,0.0,0.0,0.0,0,0.0,0.0,0.0,0.0,0.0,0,0,0
5267,719,2026-04-25 01:00:00,25,5,1,dinner,clear,7,1,418,143,386.26,1,0.1,0.059499289663690294,0.04050071033630971,1,424.51,42.45,70.36,275.93,35.77,0,0,0
5268,719,2026-01-11 00:00:00,11,6,0,breakfast,rain,13,1,252,83,352.16,0,0.0,0.0,0.0,0,0.0,0.0,0.0,0.0,0.0,0,0,0
5269,719,2026-03-04 17:00:00,4,2,1,dinner,clear,2,1,48,15,613.34,0,0.0,0.0,0.0,0,0.0,0.0,0.0,0.0,0.0,0,0,0
5270,719,2026-03-13 02:00:00,13,4,0,lunch,clear,3,2,499,171,410.77,0,0.0,0.0,0.0,1,410.77,0.0,59.08,267.0,84.69,0,0,0
5271,719,2026-04-27 12:00:00,27,0,1,breakfast,clear,13,1,585,198,566.08,0,0.0,0.0,0.0,0,0.0,0.0,0.0,0.0,0.0,0,0,0
5272,719,2026-05-19 13:00:00,19,1,0,dinner,clear,2,2,552,189,364.68,0,0.0,0.0,0.0,0,0.0,0.0,0.0,0.0,0.0,0,0,0
5273,719,2026-05-06 23:00:00,6,2,1,late_night,clear,8,2,585,198,566.08,0,0.0,0.0,0.0,0,0.0,0.0,0.0,0.0,0.0,0,0,0
5274,719,2026-01-07 20:00:00,7,2,1,lunch,clear,8,1,554,189,318.22,0,0.0,0.0,0.0,1,318.22,0.0,82.54,206.84,28.84,0,0,0
5275,719,2026-06-01 10:00:00,1,0,1,dinner,clear,8,1,301,101,434.19,1,0.05,0.03700729447234592,0.01299270552765408,0,0.0,0.0,0.0,0.0,0.0,0,0,0
5276,719,2026-05-23 19:00:00,23,5,0,lunch,clear,10,2,320,107,397.85,1,0.1,0.06675742973398076,0.03324257026601925,1,437.25,43.73,62.98,284.21,46.33,1,0,0
5277,719,2026-02-13 11:00:00,13,4,0,breakfast,clear,14,1,486,166,343.96,1,0.05,0.027692477246704775,0.022307522753295228,1,363.89,18.19,86.74,236.53,22.43,0,0,0
5278,720,2026-01-02 09:00:00,2,4,1,lunch,clear,11,1,482,165,337.45,0,0.0,0.0,0.0,0,0.0,0.0,0.0,0.0,0.0,0,0,0
5279,720,2026-02-13 14:00:00,13,4,0,dinner,clear,7,1,198,66,362.58,0,0.0,0.0,0.0,1,362.58,0.0,47.14,235.68,79.76,0,0,0
5280,721,2026-04-16 22:00:00,16,3,0,breakfast,clear,9,1,79,25,491.57,1,0.15,0.14007859917495766,0.009921400825042337,1,579.23,86.88,82.3,376.5,33.55,0,0,0
5281,721,2026-05-28 10:00:00,28,3,1,late_night,clear,6,1,465,159,428.08,1,0.05,0.02619596871386669,0.02380403128613331,1,461.86,23.09,51.7,300.21,86.86,1,0,0
5282,721,2026-02-21 11:00:00,21,5,0,lunch,rain,12,2,519,178,302.78,0,0.0,0.0,0.0,1,302.78,0.0,66.04,196.81,39.93,0,0,0
5283,721,2026-01-09 13:00:00,9,4,0,late_night,clear,6,1,335,113,408.94,1,0.1,0.08112619973158113,0.01887380026841888,1,464.11,46.41,70.6,301.67,45.43,0,0,0
5284,721,2026-05-19 09:00:00,19,1,0,late_night,clear,12,3,247,80,495.9,1,0.2,0.13354329904358325,0.06645670095641676,1,601.93,120.39,73.0,391.26,17.29,0,0,0
5285,721,2026-02-27 23:00:00,27,4,1,dinner,rain,13,1,251,82,426.08,1,0.15,0.1232876792680847,0.02671232073191529,1,502.06,75.31,87.1,326.34,13.31,1,0,0
5286,721,2026-03-16 23:00:00,16,0,0,late_night,clear,11,5,103,34,391.16,0,0.0,0.0,0.0,0,0.0,0.0,0.0,0.0,0.0,0,0,1
5287,721,2026-05-15 15:00:00,15,4,0,dinner,rain,3,1,424,145,401.06,0,0.0,0.0,0.0,0,0.0,0.0,0.0,0.0,0.0,0,0,0
5288,721,2026-01-21 06:00:00,21,2,0,late_night,extreme,8,2,518,177,457.29,1,0.05,0.04286888810642162,0.0071311118935783804,0,0.0,0.0,0.0,0.0,0.0,0,0,0
5289,721,2026-03-20 13:00:00,20,4,0,breakfast,clear,8,1,365,124,467.16,1,0.2,0.13956217996620188,0.060437820033798134,1,567.05,113.41,79.12,368.58,5.94,0,0,0
5290,721,2026-01-15 14:00:00,15,3,0,breakfast,clear,10,1,263,87,460.9,0,0.0,0.0,0.0,1,460.9,0.0,52.0,299.58,109.32,0,0,0
5291,721,2026-05-01 22:00:00,1,4,1,dinner,clear,9,1,22,6,381.97,0,0.0,0.0,0.0,1,381.97,0.0,79.06,248.28,54.63,0,0,0
5292,721,2026-03-14 05:00:00,14,5,0,dinner,clear,4,1,373,128,361.15,1,0.05,0.04394187929281314,0.006058120707186865,1,389.65,19.48,60.16,253.27,56.73,1,0,0
5293,722,2026-04-08 06:00:00,8,2,0,late_night,clear,3,1,129,42,337.95,1,0.2,0.10985444290557678,0.09014555709442323,1,414.58,82.92,50.92,269.48,11.27,0,0,0
5294,722,2026-05-21 23:00:00,21,3,0,dinner,clear,1,1,571,194,573.77,0,0.0,0.0,0.0,0,0.0,0.0,0.0,0.0,0.0,0,0,0
5295,722,2026-04-12 18:00:00,12,6,0,breakfast,clear,9,1,142,47,365.27,1,0.15,0.09589761951183234,0.05410238048816765,1,434.35,65.15,71.02,282.33,15.85,1,0,0
5296,722,2026-05-30 15:00:00,30,5,1,dinner,clear,10,2,296,100,352.66,0,0.0,0.0,0.0,0,0.0,0.0,0.0,0.0,0.0,0,0,0
5297,722,2026-05-24 20:00:00,24,6,0,dinner,clear,6,3,62,20,305.62,0,0.0,0.0,0.0,1,305.62,0.0,57.52,198.65,49.45,0,0,0
5298,722,2026-06-21 08:00:00,21,6,0,dinner,rain,14,2,341,115,349.17,0,0.0,0.0,0.0,0,0.0,0.0,0.0,0.0,0.0,0,0,0
5299,722,2026-04-01 21:00:00,1,2,1,lunch,clear,11,1,376,129,469.03,1,0.2,0.14605676047945793,0.053943239520542086,1,575.38,115.08,79.06,374.0,7.25,1,0,0
5300,722,2026-05-02 09:00:00,2,5,1,lunch,clear,6,1,415,142,396.5,1,0.1,0.05283344894910866,0.04716655105089135,1,453.23,45.32,48.7,294.6,64.61,0,0,0
5301,722,2026-04-21 13:00:00,21,1,0,late_night,clear,11,1,345,116,427.67,1,0.05,0.026347984867671426,0.023652015132328577,1,463.46,23.17,81.82,301.25,57.22,0,0,0
5302,722,2026-05-16 15:00:00,16,5,0,lunch,clear,10,1,41,13,378.71,1,0.2,0.1300947898727384,0.06990521012726161,1,464.58,92.92,45.22,301.98,24.47,0,0,0
5303,722,2026-05-26 11:00:00,26,1,1,dinner,clear,12,5,445,153,277.25,1,0.05,0.04898979683134014,0.001010203168659865,0,0.0,0.0,0.0,0.0,0.0,0,0,0
5304,722,2026-03-29 23:00:00,29,6,1,dinner,extreme,9,1,444,153,387.88,0,0.0,0.0,0.0,0,0.0,0.0,0.0,0.0,0.0,0,0,0
5305,722,2026-03-23 12:00:00,23,0,0,breakfast,clear,10,2,40,12,466.1,1,0.05,0.03509627536098664,0.014903724639013363,1,505.11,25.26,79.96,328.32,71.57,1,0,0
5306,723,2026-06-18 22:00:00,18,3,0,dinner,clear,14,1,463,158,372.27,0,0.0,0.0,0.0,1,372.27,0.0,83.14,241.98,47.15,0,0,0
5307,723,2026-01-24 21:00:00,24,5,0,breakfast,rain,11,5,292,98,326.18,0,0.0,0.0,0.0,1,326.18,0.0,50.98,212.02,63.18,0,0,0
5308,723,2026-01-25 15:00:00,25,6,1,late_night,rain,14,1,402,138,434.21,0,0.0,0.0,0.0,0,0.0,0.0,0.0,0.0,0.0,0,0,0
5309,723,2026-04-22 16:00:00,22,2,0,dinner,clear,11,3,92,31,500.94,0,0.0,0.0,0.0,1,500.94,0.0,55.78,325.61,119.55,0,0,0
5310,723,2026-01-23 06:00:00,23,4,0,lunch,clear,8,1,306,102,364.7,0,0.0,0.0,0.0,0,0.0,0.0,0.0,0.0,0.0,0,0,0
5311,723,2026-01-29 10:00:00,29,3,1,lunch,clear,1,1,276,92,323.06,0,0.0,0.0,0.0,0,0.0,0.0,0.0,0.0,0.0,0,0,0
5312,723,2026-04-21 18:00:00,21,1,0,dinner,clear,4,2,188,63,387.99,1,0.2,0.132941488883594,0.06705851111640601,1,500.26,100.05,87.88,325.17,-12.84,0,0,0
5313,723,2026-02-28 20:00:00,28,5,1,lunch,clear,10,1,60,20,327.51,0,0.0,0.0,0.0,0,0.0,0.0,0.0,0.0,0.0,0,0,0
5314,723,2026-03-11 16:00:00,11,2,0,dinner,clear,8,1,53,17,395.01,0,0.0,0.0,0.0,0,0.0,0.0,0.0,0.0,0.0,0,0,0
5315,723,2026-02-25 03:00:00,25,2,1,late_night,clear,14,5,115,38,322.99,0,0.0,0.0,0.0,0,0.0,0.0,0.0,0.0,0.0,0,0,0
5316,723,2026-04-28 17:00:00,28,1,1,late_night,clear,1,1,268,89,373.97,1,0.15,0.10545915895526418,0.04454084104473581,1,464.23,69.63,54.7,301.75,38.15,0,0,0
5317,724,2026-02-26 00:00:00,26,3,1,lunch,clear,9,2,141,47,343.49,1,0.2,0.1474844761074631,0.052515523892536914,1,414.87,82.97,71.02,269.66,-8.79,0,0,0
5318,725,2026-05-23 21:00:00,23,5,0,breakfast,clear,13,2,391,134,438.46,1,0.2,0.1518867240948336,0.048113275905166425,1,521.26,104.25,49.18,338.82,29.01,0,0,0
5319,725,2026-03-25 09:00:00,25,2,1,lunch,clear,14,1,363,123,366.41,1,0.2,0.12957757558544566,0.07042242441455435,1,435.61,87.12,89.8,283.14,-24.46,1,0,0
5320,725,2026-06-11 19:00:00,11,3,0,dinner,clear,9,4,437,150,421.49,0,0.0,0.0,0.0,0,0.0,0.0,0.0,0.0,0.0,0,0,0
5321,725,2026-03-29 23:00:00,29,6,1,dinner,clear,4,2,31,9,344.82,0,0.0,0.0,0.0,0,0.0,0.0,0.0,0.0,0.0,0,0,0
5322,725,2026-04-28 10:00:00,28,1,1,lunch,clear,13,2,150,50,461.7,1,0.2,0.10230570346831219,0.09769429653168782,1,548.89,109.78,57.04,356.78,25.29,1,0,0
5323,725,2026-06-10 00:00:00,10,2,0,late_night,rain,4,2,341,115,349.17,1,0.05,0.034886947761695535,0.015113052238304468,1,373.51,18.68,85.0,242.78,27.05,0,0,0
5324,725,2026-05-16 16:00:00,16,5,0,late_night,rain,10,1,549,188,505.49,1,0.2,0.10059457465564653,0.09940542534435348,1,600.95,120.19,86.26,390.62,3.88,0,1,0
5325,725,2026-03-20 18:00:00,20,4,0,lunch,clear,2,1,44,13,374.19,0,0.0,0.0,0.0,1,374.19,0.0,45.22,243.22,85.75,0,0,0
5326,725,2026-02-12 13:00:00,12,3,0,breakfast,clear,12,1,352,119,307.51,1,0.1,0.0794436852363546,0.020556314763645403,1,344.15,34.42,48.22,223.7,37.82,0,0,0
5327,726,2026-04-05 15:00:00,5,6,1,breakfast,clear,14,1,40,12,466.1,1,0.15,0.137062772292396,0.012937227707603999,1,519.43,77.91,79.96,337.63,23.93,0,0,0
5328,726,2026-06-23 14:00:00,23,1,0,breakfast,clear,10,1,483,165,364.57,0,0.0,0.0,0.0,1,364.57,0.0,64.18,236.97,63.42,0,0,0
5329,726,2026-06-27 22:00:00,27,5,1,dinner,extreme,8,1,375,129,325.69,1,0.1,0.06625991390708467,0.03374008609291533,1,353.88,35.39,82.06,230.02,6.41,1,0,0
5330,726,2026-03-05 03:00:00,5,3,1,breakfast,rain,12,1,368,126,431.88,1,0.15,0.09227746847835401,0.057722531521645984,1,481.3,72.19,70.3,312.84,25.96,0,0,0
5331,726,2026-05-26 05:00:00,26,1,1,dinner,extreme,7,3,567,193,277.06,1,0.1,0.051757238428824494,0.04824276157117551,1,301.04,30.1,88.84,195.68,-13.58,0,0,0
5332,726,2026-06-06 15:00:00,6,5,1,dinner,clear,11,2,59,20,453.76,0,0.0,0.0,0.0,1,453.76,0.0,57.52,294.94,101.3,0,0,0
5333,726,2026-03-29 18:00:00,29,6,1,late_night,clear,4,2,433,148,337.93,1,0.15,0.12633673494950184,0.02366326505049815,1,376.6,56.49,79.36,244.79,-4.04,1,0,0
5334,726,2026-06-22 22:00:00,22,0,0,breakfast,clear,14,1,128,42,428.94,0,0.0,0.0,0.0,1,428.94,0.0,50.92,278.81,99.21,0,0,0
5335,726,2026-04-09 15:00:00,9,3,0,breakfast,clear,1,2,40,12,466.1,0,0.0,0.0,0.0,0,0.0,0.0,0.0,0.0,0.0,0,0,0
5336,726,2026-02-14 03:00:00,14,5,0,lunch,clear,12,3,188,63,387.99,0,0.0,0.0,0.0,0,0.0,0.0,0.0,0.0,0.0,0,0,0
5337,726,2026-02-01 13:00:00,1,6,1,late_night,clear,5,4,118,39,439.52,1,0.15,0.09466857932032083,0.055331420679679166,1,489.81,73.47,85.12,318.38,12.84,0,0,0
5338,727,2026-03-23 14:00:00,23,0,0,dinner,rain,5,4,105,35,354.06,1,0.1,0.0806638968638166,0.019336103136183405,1,406.24,40.62,83.02,264.06,18.54,1,0,0
5339,727,2026-05-27 00:00:00,27,2,1,dinner,clear,9,1,466,159,288.17,0,0.0,0.0,0.0,0,0.0,0.0,0.0,0.0,0.0,0,0,0
5340,727,2026-01-27 20:00:00,27,1,1,breakfast,extreme,7,1,351,118,460.55,0,0.0,0.0,0.0,1,460.55,0.0,92.02,299.36,69.17,0,0,0
5341,727,2026-06-26 08:00:00,26,4,1,breakfast,clear,2,1,290,97,376.15,1,0.1,0.09229817449094486,0.007701825509055141,1,431.59,43.16,86.14,280.53,21.76,0,0,0
5342,727,2026-03-11 07:00:00,11,2,0,dinner,extreme,2,4,172,56,602.27,1,0.05,0.036640034376488405,0.013359965623511598,1,654.19,32.71,68.92,425.23,127.34,1,0,0
5343,727,2026-01-05 15:00:00,5,0,1,late_night,rain,7,1,568,193,376.52,0,0.0,0.0,0.0,0,0.0,0.0,0.0,0.0,0.0,0,0,0
5344,727,2026-03-20 09:00:00,20,4,0,lunch,clear,1,1,491,168,332.34,1,0.2,0.18352949324031598,0.016470506759684034,1,409.97,81.99,51.94,266.48,9.56,1,0,0
5345,727,2026-02-17 15:00:00,17,1,0,late_night,clear,10,1,102,34,373.66,0,0.0,0.0,0.0,0,0.0,0.0,0.0,0.0,0.0,0,0,0
5346,727,2026-02-06 08:00:00,6,4,1,dinner,clear,7,1,170,56,375.86,1,0.15,0.12179382573668592,0.02820617426331408,1,449.09,67.36,65.92,291.91,23.9,0,0,0
5347,727,2026-01-12 13:00:00,12,0,0,breakfast,clear,11,1,457,157,396.77,0,0.0,0.0,0.0,1,396.77,0.0,67.24,257.9,71.63,0,0,0
5348,727,2026-05-26 09:00:00,26,1,1,late_night,clear,6,1,380,131,355.04,0,0.0,0.0,0.0,0,0.0,0.0,0.0,0.0,0.0,0,0,0
5349,728,2026-04-25 17:00:00,25,5,1,dinner,clear,10,1,407,139,299.82,0,0.0,0.0,0.0,0,0.0,0.0,0.0,0.0,0.0,0,0,0
5350,728,2026-03-12 09:00:00,12,3,0,breakfast,clear,12,4,485,166,333.05,0,0.0,0.0,0.0,0,0.0,0.0,0.0,0.0,0.0,0,0,0
5351,728,2026-01-13 06:00:00,13,1,0,late_night,clear,8,1,73,23,424.13,1,0.2,0.11119456781603199,0.08880543218396802,1,485.18,97.04,89.32,315.37,-16.54,0,0,0
5352,728,2026-02-12 11:00:00,12,3,0,breakfast,clear,4,1,223,73,306.77,1,0.05,0.03622871989787803,0.013771280102121974,1,323.07,16.15,84.16,209.99,12.76,1,0,0
5353,728,2026-04-17 07:00:00,17,4,0,dinner,rain,9,2,552,189,364.68,0,0.0,0.0,0.0,0,0.0,0.0,0.0,0.0,0.0,0,0,0
5354,728,2026-04-16 05:00:00,16,3,0,late_night,extreme,5,4,224,73,409.67,1,0.2,0.11391412015875738,0.08608587984124264,1,468.64,93.73,87.16,304.62,-16.86,0,0,0
5355,728,2026-03-07 22:00:00,7,5,1,late_night,clear,9,1,568,193,376.52,1,0.15,0.14530635168289932,0.004693648317100674,1,421.72,63.26,85.84,274.12,-1.5,0,0,0
5356,728,2026-02-27 17:00:00,27,4,1,dinner,clear,1,1,566,193,300.71,1,0.1,0.054273693801657835,0.04572630619834217,1,328.02,32.8,85.84,213.21,-3.83,0,0,0
5357,729,2026-04-26 18:00:00,26,6,1,lunch,clear,1,3,95,32,503.4,1,0.1,0.06014399360104057,0.039856006398959434,1,579.21,57.92,81.4,376.49,63.4,0,0,0
5358,729,2026-01-18 01:00:00,18,6,0,dinner,clear,3,2,118,39,439.52,1,0.2,0.1445433636215627,0.05545663637843731,1,544.43,108.89,85.12,353.88,-3.45,0,0,0
5359,729,2026-01-18 15:00:00,18,6,0,dinner,clear,12,2,13,4,401.59,0,0.0,0.0,0.0,1,401.59,0.0,70.0,261.03,70.56,0,0,0
5360,729,2026-02-27 23:00:00,27,4,1,late_night,clear,9,2,497,171,461.55,0,0.0,0.0,0.0,1,461.55,0.0,59.08,300.01,102.46,0,0,0
5361,729,2026-03-22 22:00:00,22,6,0,dinner,clear,4,1,66,21,340.92,1,0.05,0.047710917002775355,0.002289082997224648,1,370.95,18.55,84.88,241.12,26.41,0,0,1
5362,729,2026-06-24 04:00:00,24,2,0,dinner,clear,4,1,343,116,496.91,1,0.15,0.11909715210981081,0.030902847890189183,1,595.84,89.38,81.82,387.29,37.35,0,0,0
5363,729,2026-01-24 08:00:00,24,5,0,lunch,clear,11,4,168,55,286.78,1,0.15,0.14121730766005727,0.008782692339942721,1,343.87,51.58,87.64,223.52,-18.87,0,0,0
5364,729,2026-01-30 02:00:00,30,4,1,late_night,clear,5,2,355,119,330.66,1,0.1,0.059192236838277325,0.04080776316172268,1,380.46,38.05,48.22,247.3,46.89,0,0,0
5365,729,2026-04-20 07:00:00,20,0,0,lunch,clear,14,1,39,12,668.74,1,0.2,0.1577379967949255,0.042262003205074505,1,828.37,165.67,79.96,538.44,44.3,0,0,0
5366,730,2026-06-16 17:00:00,16,1,0,dinner,extreme,12,1,127,41,443.42,0,0.0,0.0,0.0,0,0.0,0.0,0.0,0.0,0.0,0,0,0
5367,730,2026-06-26 09:00:00,26,4,1,dinner,clear,8,4,293,99,379.55,0,0.0,0.0,0.0,0,0.0,0.0,0.0,0.0,0.0,0,0,0
5368,730,2026-06-27 11:00:00,27,5,1,breakfast,clear,11,1,115,38,322.99,1,0.1,0.08064192834142365,0.01935807165857635,1,354.57,35.46,46.0,230.47,42.64,1,0,0
5369,730,2026-03-16 06:00:00,16,0,0,lunch,clear,5,1,460,157,523.76,0,0.0,0.0,0.0,0,0.0,0.0,0.0,0.0,0.0,0,0,0
5370,730,2026-04-23 07:00:00,23,3,0,breakfast,clear,10,1,241,78,460.55,1,0.2,0.10459490318965883,0.09540509681034118,1,531.93,106.39,78.7,345.75,1.09,1,0,0
5371,730,2026-01-28 11:00:00,28,2,1,late_night,clear,1,2,472,161,222.14,1,0.15,0.11653145882416865,0.03346854117583134,1,250.86,37.63,62.92,163.06,-12.75,1,0,0
5372,730,2026-04-16 12:00:00,16,3,0,dinner,clear,11,1,118,39,439.52,0,0.0,0.0,0.0,0,0.0,0.0,0.0,0.0,0.0,0,0,0
5373,730,2026-01-22 10:00:00,22,3,0,dinner,clear,5,1,463,158,372.27,1,0.2,0.1627928872050811,0.03720711279491892,1,429.97,85.99,83.14,279.48,-18.64,0,0,0
5374,730,2026-06-05 13:00:00,5,4,1,dinner,clear,9,1,244,79,438.48,0,0.0,0.0,0.0,0,0.0,0.0,0.0,0.0,0.0,0,0,0
5375,730,2026-06-22 22:00:00,22,0,0,breakfast,rain,3,1,396,136,466.36,0,0.0,0.0,0.0,0,0.0,0.0,0.0,0.0,0.0,0,0,0
5376,730,2026-01-06 18:00:00,6,1,1,late_night,extreme,4,1,416,142,323.29,0,0.0,0.0,0.0,0,0.0,0.0,0.0,0.0,0.0,0,0,0
5377,730,2026-01-05 15:00:00,5,0,1,late_night,clear,10,1,115,38,322.99,0,0.0,0.0,0.0,0,0.0,0.0,0.0,0.0,0.0,0,0,0
5378,730,2026-05-27 16:00:00,27,2,1,dinner,rain,10,2,140,46,353.64,0,0.0,0.0,0.0,0,0.0,0.0,0.0,0.0,0.0,0,0,0
5379,730,2026-06-11 16:00:00,11,3,0,dinner,rain,13,1,532,181,329.51,1,0.05,0.04683134841868654,0.003168651581313464,1,348.36,17.42,66.94,226.43,37.57,0,0,0
5380,731,2026-06-26 06:00:00,26,4,1,late_night,clear,8,1,418,143,386.26,1,0.2,0.1226243908499019,0.07737560915009811,1,430.37,86.07,70.36,279.74,-5.8,0,0,0
5381,732,2026-04-27 10:00:00,27,0,1,dinner,extreme,6,2,33,10,294.15,1,0.05,0.04823616524440057,0.001763834755599436,1,308.93,15.45,86.8,200.8,5.88,1,0,0
5382,732,2026-04-27 03:00:00,27,0,1,dinner,clear,11,2,67,22,343.91,1,0.2,0.1760987412033992,0.02390125879660082,1,390.72,78.14,86.98,253.97,-28.37,1,0,0
5383,732,2026-05-22 06:00:00,22,4,0,late_night,rain,9,1,253,83,398.87,0,0.0,0.0,0.0,0,0.0,0.0,0.0,0.0,0.0,0,0,0
5384,732,2026-06-21 13:00:00,21,6,0,lunch,clear,3,2,414,141,232.56,1,0.1,0.06391894035919561,0.036081059640804394,0,0.0,0.0,0.0,0.0,0.0,0,0,0
5385,732,2026-01-08 19:00:00,8,3,0,dinner,extreme,7,4,115,38,322.99,1,0.05,0.04658799856017279,0.003412001439827214,0,0.0,0.0,0.0,0.0,0.0,0,0,0
5386,732,2026-05-29 19:00:00,29,4,1,late_night,clear,8,2,259,85,416.73,1,0.05,0.042393314022404475,0.007606685977595527,0,0.0,0.0,0.0,0.0,0.0,0,0,0
5387,732,2026-03-17 16:00:00,17,1,0,dinner,extreme,7,1,34,10,395.98,1,0.2,0.19476769004876157,0.00523230995123844,1,449.88,89.98,86.8,292.42,-19.32,0,0,0
5388,732,2026-03-12 20:00:00,12,3,0,lunch,clear,13,3,346,117,414.91,0,0.0,0.0,0.0,0,0.0,0.0,0.0,0.0,0.0,0,0,0
5389,732,2026-02-20 05:00:00,20,4,0,breakfast,clear,5,1,201,66,380.12,0,0.0,0.0,0.0,0,0.0,0.0,0.0,0.0,0.0,0,0,0
5390,733,2026-01-30 02:00:00,30,4,1,breakfast,clear,14,1,223,73,306.77,1,0.1,0.052571888760664535,0.04742811123933547,0,0.0,0.0,0.0,0.0,0.0,0,0,0
5391,733,2026-05-15 02:00:00,15,4,0,dinner,clear,7,4,147,49,505.44,1,0.05,0.031176885719553668,0.018823114280446335,1,537.16,26.86,63.94,349.16,97.21,0,0,0
5392,733,2026-05-01 04:00:00,1,4,1,dinner,clear,2,1,273,91,373.55,1,0.1,0.06032023906284,0.039679760937160004,1,413.63,41.36,53.98,268.86,49.43,1,0,0
5393,734,2026-01-18 17:00:00,18,6,0,lunch,clear,13,5,287,96,526.62,1,0.2,0.11267823701722901,0.087321762982771,1,643.3,128.66,60.88,418.14,35.61,0,0,0
5394,734,2026-04-24 21:00:00,24,4,0,lunch,rain,14,4,300,101,352.16,0,0.0,0.0,0.0,0,0.0,0.0,0.0,0.0,0.0,0,0,0
5395,735,2026-04-19 17:00:00,19,6,0,lunch,clear,2,1,570,194,428.5,1,0.05,0.040006833381625743,0.00999316661837426,0,0.0,0.0,0.0,0.0,0.0,0,0,0
5396,735,2026-06-15 18:00:00,15,0,0,breakfast,rain,7,1,311,105,290.55,0,0.0,0.0,0.0,1,290.55,0.0,81.7,188.86,19.99,0,0,0
5397,735,2026-03-01 18:00:00,1,6,1,late_night,clear,1,1,191,64,343.36,1,0.2,0.15294348404933658,0.04705651595066343,1,368.43,73.69,56.5,239.48,-1.24,1,0,0
5398,735,2026-01-05 07:00:00,5,0,1,dinner,clear,6,1,339,115,349.28,1,0.15,0.1320190164690532,0.017980983530946792,1,370.55,55.58,83.5,240.86,-9.39,0,0,0
5399,735,2026-01-02 18:00:00,2,4,1,breakfast,rain,6,1,192,64,400.77,0,0.0,0.0,0.0,0,0.0,0.0,0.0,0.0,0.0,0,0,0
5400,735,2026-03-09 16:00:00,9,0,0,late_night,clear,2,1,327,110,400.01,0,0.0,0.0,0.0,0,0.0,0.0,0.0,0.0,0.0,0,0,0
5401,736,2026-03-31 23:00:00,31,1,1,late_night,clear,3,2,379,130,459.76,0,0.0,0.0,0.0,0,0.0,0.0,0.0,0.0,0.0,0,0,0
5402,736,2026-05-19 11:00:00,19,1,0,breakfast,clear,11,1,145,48,505.89,0,0.0,0.0,0.0,0,0.0,0.0,0.0,0.0,0.0,0,0,0
5403,736,2026-05-03 15:00:00,3,6,1,lunch,rain,4,2,483,165,364.57,1,0.15,0.11402342741820046,0.03597657258179954,1,412.02,61.8,65.68,267.81,16.72,1,0,0
5404,736,2026-04-09 04:00:00,9,3,0,dinner,clear,4,4,444,153,387.88,1,0.1,0.08840620643852037,0.011593793561479632,1,426.07,42.61,78.88,276.95,27.64,1,0,0
5405,736,2026-03-10 09:00:00,10,1,0,breakfast,clear,1,2,111,37,572.96,0,0.0,0.0,0.0,0,0.0,0.0,0.0,0.0,0.0,0,0,0
5406,737,2026-05-16 01:00:00,16,5,0,dinner,clear,8,3,171,56,410.01,0,0.0,0.0,0.0,1,410.01,0.0,65.92,266.51,77.58,0,0,0
5407,737,2026-03-19 19:00:00,19,3,0,lunch,clear,11,1,399,137,510.29,0,0.0,0.0,0.0,0,0.0,0.0,0.0,0.0,0.0,0,0,0
5408,737,2026-02-15 06:00:00,15,6,0,breakfast,rain,14,2,26,7,436.75,0,0.0,0.0,0.0,1,436.75,0.0,83.8,283.89,69.06,0,0,0
5409,737,2026-06-14 05:00:00,14,6,0,lunch,clear,14,1,356,120,422.65,1,0.05,0.038555682957317094,0.011444317042682908,0,0.0,0.0,0.0,0.0,0.0,0,0,0
5410,737,2026-01-23 03:00:00,23,4,0,breakfast,clear,7,1,460,157,523.76,1,0.1,0.08704406457607435,0.01295593542392566,1,564.38,56.44,67.24,366.85,73.86,0,0,0
5411,737,2026-03-17 09:00:00,17,1,0,dinner,extreme,6,1,508,174,403.66,0,0.0,0.0,0.0,0,0.0,0.0,0.0,0.0,0.0,0,0,0
5412,737,2026-04-10 04:00:00,10,4,0,lunch,clear,12,1,207,68,306.93,0,0.0,0.0,0.0,1,306.93,0.0,48.76,199.5,58.67,0,0,0
5413,737,2026-02-14 03:00:00,14,5,0,lunch,extreme,3,1,189,63,421.89,0,0.0,0.0,0.0,0,0.0,0.0,0.0,0.0,0.0,0,0,0
5414,737,2026-02-24 00:00:00,24,1,0,lunch,clear,3,2,290,97,376.15,1,0.1,0.07937950070203872,0.02062049929796128,0,0.0,0.0,0.0,0.0,0.0,0,0,0
5415,737,2026-03-19 09:00:00,19,3,0,dinner,clear,14,1,398,136,562.98,0,0.0,0.0,0.0,1,562.98,0.0,85.3,365.94,111.74,0,0,0
5416,738,2026-04-28 00:00:00,28,1,1,breakfast,rain,14,1,171,56,410.01,0,0.0,0.0,0.0,0,0.0,0.0,0.0,0.0,0.0,0,0,0
5417,738,2026-05-26 16:00:00,26,1,1,dinner,extreme,9,1,126,41,542.46,0,0.0,0.0,0.0,0,0.0,0.0,0.0,0.0,0.0,0,0,0
5418,738,2026-06-10 05:00:00,10,2,0,breakfast,clear,10,3,396,136,466.36,0,0.0,0.0,0.0,0,0.0,0.0,0.0,0.0,0.0,0,0,0
5419,738,2026-01-28 05:00:00,28,2,1,dinner,clear,11,2,169,56,358.37,0,0.0,0.0,0.0,0,0.0,0.0,0.0,0.0,0.0,0,0,0
5420,738,2026-03-25 01:00:00,25,2,1,late_night,clear,2,2,500,172,443.27,0,0.0,0.0,0.0,0,0.0,0.0,0.0,0.0,0.0,0,0,0
5421,738,2026-01-31 03:00:00,31,5,1,dinner,rain,6,1,526,180,528.36,0,0.0,0.0,0.0,0,0.0,0.0,0.0,0.0,0.0,0,0,0
5422,738,2026-05-24 03:00:00,24,6,0,lunch,clear,10,2,361,122,406.31,1,0.05,0.02800147718107109,0.021998522818928914,1,412.64,20.63,60.34,268.21,63.45,1,0,0
5423,738,2026-03-01 10:00:00,1,6,1,lunch,clear,14,1,367,125,391.67,0,0.0,0.0,0.0,0,0.0,0.0,0.0,0.0,0.0,0,0,0
5424,738,2026-05-25 20:00:00,25,0,1,breakfast,clear,10,1,116,38,269.91,0,0.0,0.0,0.0,0,0.0,0.0,0.0,0.0,0.0,0,0,0
5425,738,2026-01-11 13:00:00,11,6,0,breakfast,clear,8,2,466,159,288.17,1,0.15,0.0751756315451704,0.07482436845482959,0,0.0,0.0,0.0,0.0,0.0,0,0,0
5426,738,2026-01-24 05:00:00,24,5,0,breakfast,rain,14,2,72,23,541.6,1,0.15,0.11416778644265743,0.03583221355734256,1,560.66,84.1,90.82,364.43,21.31,1,0,0
5427,739,2026-04-28 10:00:00,28,1,1,breakfast,clear,4,4,331,112,502.27,0,0.0,0.0,0.0,1,502.27,0.0,56.38,326.48,119.41,0,0,0
5428,739,2026-06-06 11:00:00,6,5,1,breakfast,rain,14,2,334,112,602.0,0,0.0,0.0,0.0,1,602.0,0.0,57.88,391.3,152.82,0,0,0
5429,739,2026-03-09 09:00:00,9,0,0,late_night,clear,11,1,53,17,395.01,1,0.15,0.08953561883991791,0.060464381160082084,1,456.12,68.42,57.1,296.47,34.12,0,0,0
5430,739,2026-01-25 14:00:00,25,6,1,dinner,clear,8,4,191,64,343.36,0,0.0,0.0,0.0,1,343.36,0.0,56.5,223.18,63.68,0,0,0
5431,739,2026-05-03 09:00:00,3,6,1,breakfast,extreme,3,4,71,23,526.88,1,0.05,0.030543748485317976,0.019456251514682027,1,562.95,28.15,92.32,365.92,76.56,1,0,0
5432,739,2026-01-29 06:00:00,29,3,1,late_night,rain,4,1,527,180,602.61,0,0.0,0.0,0.0,1,602.61,0.0,79.36,391.7,131.55,0,0,0
5433,739,2026-06-07 22:00:00,7,6,1,dinner,clear,13,1,50,16,341.45,0,0.0,0.0,0.0,0,0.0,0.0,0.0,0.0,0.0,0,0,0
5434,739,2026-03-10 02:00:00,10,1,0,dinner,rain,2,1,29,9,439.47,0,0.0,0.0,0.0,0,0.0,0.0,0.0,0.0,0.0,0,0,0
5435,740,2026-02-05 08:00:00,5,3,1,dinner,rain,13,1,179,59,330.4,1,0.15,0.09734665130399538,0.05265334869600462,1,362.94,54.44,59.98,235.91,12.61,0,0,0
5436,740,2026-01-18 05:00:00,18,6,0,late_night,clear,12,4,230,75,383.59,0,0.0,0.0,0.0,1,383.59,0.0,67.9,249.33,66.36,0,0,0
5437,740,2026-06-29 10:00:00,29,0,1,late_night,clear,10,1,27,8,409.25,1,0.05,0.03565216362130604,0.01434783637869396,1,427.08,21.35,57.04,277.6,71.09,0,0,0
5438,740,2026-05-17 05:00:00,17,6,0,late_night,clear,8,1,478,163,234.55,1,0.05,0.034190902748515016,0.015809097251484987,1,244.77,12.24,54.58,159.1,18.85,0,0,0
5439,740,2026-03-13 18:00:00,13,4,0,lunch,extreme,3,2,146,48,348.11,0,0.0,0.0,0.0,1,348.11,0.0,76.18,226.27,45.66,0,0,0
5440,740,2026-02-17 07:00:00,17,1,0,dinner,clear,8,3,221,72,545.2,1,0.15,0.1339751687144776,0.0160248312855224,1,598.89,89.83,54.64,389.28,65.14,0,0,0
5441,740,2026-05-01 06:00:00,1,4,1,late_night,rain,9,5,332,112,555.99,1,0.05,0.037377585022730524,0.012622414977269479,1,580.22,29.01,57.88,377.14,116.19,0,0,0
5442,740,2026-05-13 02:00:00,13,2,0,dinner,clear,9,1,322,108,306.99,1,0.1,0.0888625581643703,0.011137441835629702,0,0.0,0.0,0.0,0.0,0.0,0,0,0
5443,740,2026-03-21 10:00:00,21,5,0,late_night,clear,5,1,560,191,375.48,0,0.0,0.0,0.0,0,0.0,0.0,0.0,0.0,0.0,0,0,0
5444,741,2026-06-02 15:00:00,2,1,1,late_night,clear,12,1,576,196,382.35,0,0.0,0.0,0.0,0,0.0,0.0,0.0,0.0,0.0,0,0,0
5445,741,2026-01-14 00:00:00,14,2,0,dinner,clear,12,2,407,139,299.82,1,0.05,0.04968215695778022,0.00031784304221978144,1,313.86,15.69,51.58,204.01,42.58,1,0,0
5446,741,2026-02-07 18:00:00,7,5,1,breakfast,clear,13,2,29,9,439.47,0,0.0,0.0,0.0,1,439.47,0.0,49.24,285.66,104.57,0,0,0
5447,741,2026-02-20 06:00:00,20,4,0,late_night,clear,4,1,368,126,431.88,0,0.0,0.0,0.0,0,0.0,0.0,0.0,0.0,0.0,0,0,0
5448,741,2026-01-31 14:00:00,31,5,1,dinner,clear,11,2,266,88,603.82,0,0.0,0.0,0.0,0,0.0,0.0,0.0,0.0,0.0,0,0,0
5449,741,2026-05-22 14:00:00,22,4,0,dinner,clear,8,1,2,0,467.58,0,0.0,0.0,0.0,0,0.0,0.0,0.0,0.0,0.0,0,0,0
5450,741,2026-04-10 03:00:00,10,4,0,lunch,clear,9,1,517,177,466.41,1,0.15,0.12261237570683318,0.02738762429316681,1,515.77,77.37,69.82,335.25,33.33,0,0,0
5451,741,2026-02-05 04:00:00,5,3,1,dinner,rain,14,2,497,171,461.55,1,0.15,0.1244172128582825,0.025582787141717495,1,510.4,76.56,60.58,331.76,41.5,0,0,0
5452,741,2026-06-26 10:00:00,26,4,1,late_night,clear,14,1,533,181,346.99,1,0.15,0.09765504911352671,0.052344950886473285,1,383.71,57.56,65.44,249.41,11.3,0,0,0
5453,742,2026-05-27 13:00:00,27,2,1,late_night,clear,6,2,542,186,379.72,1,0.2,0.18624253144883895,0.013757468551161056,1,427.31,85.46,75.46,277.75,-11.36,0,0,0
5454,742,2026-01-09 18:00:00,9,4,0,dinner,rain,4,1,222,73,368.75,0,0.0,0.0,0.0,0,0.0,0.0,0.0,0.0,0.0,0,0,0
5455,742,2026-06-07 01:00:00,7,6,1,late_night,clear,6,2,277,93,332.62,0,0.0,0.0,0.0,1,332.62,0.0,72.76,216.2,43.66,0,0,0
5456,742,2026-06-09 04:00:00,9,1,0,breakfast,extreme,11,2,487,167,472.48,0,0.0,0.0,0.0,1,472.48,0.0,50.08,307.11,115.29,0,0,0
5457,742,2026-05-29 15:00:00,29,4,1,breakfast,clear,6,1,496,171,425.35,1,0.1,0.08916336577552152,0.010836634224478489,1,458.98,45.9,59.08,298.34,55.67,0,0,0
5458,742,2026-04-13 09:00:00,13,0,0,late_night,clear,6,1,55,18,281.2,1,0.1,0.08228689094147522,0.017713109058524787,1,303.43,30.34,71.62,197.23,4.24,0,0,0
5459,742,2026-02-10 21:00:00,10,1,0,lunch,rain,11,4,512,175,411.67,0,0.0,0.0,0.0,0,0.0,0.0,0.0,0.0,0.0,0,0,0
5460,742,2026-02-25 11:00:00,25,2,1,late_night,clear,13,1,260,86,580.54,0,0.0,0.0,0.0,0,0.0,0.0,0.0,0.0,0.0,0,0,0
5461,742,2026-03-12 18:00:00,12,3,0,dinner,clear,12,2,46,14,430.08,1,0.2,0.1253408362135946,0.07465916378640541,1,483.98,96.8,70.78,314.59,1.82,0,0,0
5462,742,2026-05-07 20:00:00,7,3,1,late_night,rain,1,1,537,183,538.14,1,0.15,0.1379441732108358,0.012055826789164198,1,594.39,89.16,51.82,386.35,67.06,0,0,0
5463,742,2026-03-24 22:00:00,24,1,0,late_night,clear,2,2,496,171,425.35,0,0.0,0.0,0.0,0,0.0,0.0,0.0,0.0,0.0,0,0,0
5464,742,2026-02-04 03:00:00,4,2,1,lunch,clear,13,1,527,180,602.61,1,0.05,0.027094373883936203,0.0229056261160638,0,0.0,0.0,0.0,0.0,0.0,0,0,0
5465,743,2026-04-29 18:00:00,29,2,1,breakfast,extreme,7,3,66,21,340.92,1,0.1,0.053015141810037275,0.04698485818996273,1,377.31,37.73,87.88,245.25,6.45,0,0,0
5466,743,2026-04-03 07:00:00,3,4,1,dinner,extreme,6,1,41,13,378.71,0,0.0,0.0,0.0,0,0.0,0.0,0.0,0.0,0.0,0,0,0
5467,743,2026-04-08 08:00:00,8,2,0,breakfast,clear,9,5,54,17,410.72,0,0.0,0.0,0.0,0,0.0,0.0,0.0,0.0,0.0,0,0,0
5468,743,2026-06-12 01:00:00,12,4,0,breakfast,clear,11,1,447,154,368.02,0,0.0,0.0,0.0,0,0.0,0.0,0.0,0.0,0.0,0,0,0
5469,744,2026-02-12 11:00:00,12,3,0,dinner,clear,14,2,73,23,424.13,1,0.1,0.07739406330760737,0.022605936692392636,0,0.0,0.0,0.0,0.0,0.0,0,0,0
5470,744,2026-06-08 19:00:00,8,0,0,dinner,rain,1,2,559,191,467.99,0,0.0,0.0,0.0,0,0.0,0.0,0.0,0.0,0.0,0,0,0
5471,744,2026-05-06 21:00:00,6,2,1,lunch,clear,14,2,89,30,399.84,0,0.0,0.0,0.0,1,399.84,0.0,81.88,259.9,58.06,0,0,0
5472,745,2026-06-27 06:00:00,27,5,1,late_night,clear,1,1,567,193,277.06,0,0.0,0.0,0.0,0,0.0,0.0,0.0,0.0,0.0,0,0,0
5473,745,2026-01-27 12:00:00,27,1,1,late_night,clear,6,2,9,2,432.79,1,0.15,0.1010444320883245,0.04895556791167549,1,516.75,77.51,80.14,335.89,23.21,0,0,0
5474,745,2026-06-09 11:00:00,9,1,0,late_night,clear,3,4,282,94,310.14,1,0.05,0.03920869341493258,0.010791306585067426,1,336.76,16.84,52.36,218.9,48.67,0,0,0
5475,745,2026-02-25 14:00:00,25,2,1,dinner,clear,9,1,328,110,369.63,0,0.0,0.0,0.0,1,369.63,0.0,69.34,240.26,60.03,0,0,0
5476,745,2026-06-16 06:00:00,16,1,0,breakfast,clear,3,2,217,71,594.66,1,0.1,0.05612135708024262,0.043878642919757384,1,681.93,68.19,48.64,443.25,121.84,0,0,0
5477,745,2026-04-23 09:00:00,23,3,0,dinner,clear,6,1,327,110,400.01,1,0.2,0.10385124888738924,0.09614875111261077,1,493.05,98.61,69.34,320.48,4.62,1,0,0
5478,745,2026-05-03 10:00:00,3,6,1,lunch,rain,5,2,414,141,232.56,0,0.0,0.0,0.0,0,0.0,0.0,0.0,0.0,0.0,0,0,0
5479,745,2026-01-11 23:00:00,11,6,0,dinner,rain,5,3,271,90,376.38,0,0.0,0.0,0.0,1,376.38,0.0,71.26,244.65,60.47,0,0,0
5480,745,2026-06-10 14:00:00,10,2,0,late_night,clear,10,2,315,106,288.77,1,0.15,0.08484180936825231,0.06515819063174769,1,344.79,51.72,53.32,224.11,15.64,0,0,0
5481,745,2026-02-02 00:00:00,2,0,1,late_night,clear,2,2,227,74,392.38,1,0.2,0.1955140385953024,0.004485961404697619,1,483.65,96.73,71.92,314.37,0.63,0,0,0
5482,745,2026-05-14 19:00:00,14,3,0,dinner,rain,4,1,277,93,332.62,1,0.15,0.09114441884479446,0.05885558115520553,1,397.15,59.57,74.26,258.15,5.17,1,0,0
5483,745,2026-06-12 02:00:00,12,4,0,breakfast,clear,7,1,486,166,343.96,0,0.0,0.0,0.0,0,0.0,0.0,0.0,0.0,0.0,0,0,0
5484,745,2026-06-15 14:00:00,15,0,0,dinner,clear,6,1,124,40,597.62,0,0.0,0.0,0.0,0,0.0,0.0,0.0,0.0,0.0,0,0,0
5485,745,2026-04-17 22:00:00,17,4,0,breakfast,clear,3,1,427,146,526.27,0,0.0,0.0,0.0,0,0.0,0.0,0.0,0.0,0.0,0,0,0
5486,746,2026-04-28 23:00:00,28,1,1,breakfast,extreme,5,3,347,117,386.51,1,0.2,0.10945414324612157,0.09054585675387844,1,477.34,95.47,80.2,310.27,-8.6,1,0,0
5487,746,2026-06-04 03:00:00,4,3,1,breakfast,clear,5,2,23,7,447.81,0,0.0,0.0,0.0,0,0.0,0.0,0.0,0.0,0.0,0,0,0
5488,746,2026-05-08 06:00:00,8,4,0,dinner,rain,4,2,11,3,382.03,1,0.15,0.14754211704584508,0.0024578829541549163,1,456.91,68.54,57.34,296.99,34.04,1,0,0
5489,746,2026-02-22 17:00:00,22,6,0,breakfast,rain,7,2,215,71,481.1,0,0.0,0.0,0.0,0,0.0,0.0,0.0,0.0,0.0,0,0,0
5490,746,2026-04-26 20:00:00,26,6,1,lunch,clear,10,2,588,199,334.13,0,0.0,0.0,0.0,0,0.0,0.0,0.0,0.0,0.0,0,0,1
5491,746,2026-06-17 07:00:00,17,2,0,late_night,extreme,9,4,548,187,387.3,0,0.0,0.0,0.0,0,0.0,0.0,0.0,0.0,0.0,0,0,0
5492,746,2026-06-20 02:00:00,20,5,0,dinner,clear,6,2,196,65,501.99,0,0.0,0.0,0.0,0,0.0,0.0,0.0,0.0,0.0,0,0,0
5493,747,2026-04-11 09:00:00,11,5,0,late_night,clear,11,1,35,11,312.68,1,0.05,0.03450446713310842,0.015495532866891586,1,328.03,16.4,51.82,213.22,46.59,1,0,0
5494,747,2026-04-22 12:00:00,22,2,0,dinner,rain,13,1,589,199,395.45,1,0.05,0.03754377236842013,0.012456227631579872,1,414.86,20.74,63.28,269.66,61.18,1,0,0
5495,747,2026-06-02 13:00:00,2,1,1,late_night,extreme,4,1,224,73,409.67,1,0.2,0.1856044651519254,0.014395534848074598,1,464.15,92.83,87.16,301.7,-17.54,1,0,0
5496,747,2026-05-18 21:00:00,18,0,0,lunch,clear,13,1,572,195,327.24,0,0.0,0.0,0.0,0,0.0,0.0,0.0,0.0,0.0,0,0,0
5497,748,2026-03-23 21:00:00,23,0,0,breakfast,clear,11,1,508,174,403.66,1,0.2,0.18426332811770874,0.015736671882291275,1,455.81,91.16,56.08,296.28,12.29,0,0,0
5498,748,2026-01-16 10:00:00,16,4,0,dinner,clear,5,1,507,174,355.79,0,0.0,0.0,0.0,1,355.79,0.0,56.08,231.26,68.45,0,0,0
5499,748,2026-02-03 14:00:00,3,1,1,lunch,clear,13,1,451,155,376.18,1,0.15,0.08205949376084312,0.06794050623915687,1,416.72,62.51,72.04,270.87,11.3,0,0,0
5500,748,2026-01-13 21:00:00,13,1,0,dinner,clear,10,1,483,165,364.57,1,0.05,0.037312389549934315,0.012687610450065688,1,381.95,19.1,64.18,248.27,50.41,0,0,0
5501,748,2026-05-26 02:00:00,26,1,1,lunch,rain,4,1,463,158,372.27,1,0.05,0.04552969801597489,0.004470301984025114,0,0.0,0.0,0.0,0.0,0.0,0,0,0
5502,748,2026-05-22 07:00:00,22,4,0,breakfast,rain,3,1,483,165,364.57,0,0.0,0.0,0.0,1,364.57,0.0,65.68,236.97,61.92,0,0,0
5503,748,2026-04-03 11:00:00,3,4,1,lunch,extreme,2,3,150,50,461.7,0,0.0,0.0,0.0,1,461.7,0.0,60.04,300.1,101.55,0,1,0
5504,748,2026-05-16 18:00:00,16,5,0,breakfast,extreme,12,1,264,87,368.04,0,0.0,0.0,0.0,0,0.0,0.0,0.0,0.0,0.0,0,0,0
5505,748,2026-04-05 20:00:00,5,6,1,dinner,clear,13,1,203,67,382.66,1,0.2,0.11589015367908982,0.08410984632091019,1,432.1,86.42,65.62,280.86,-0.81,0,0,0
5506,748,2026-03-16 13:00:00,16,0,0,late_night,clear,11,2,306,102,364.7,1,0.15,0.07504810809763009,0.07495189190236991,1,404.0,60.6,60.46,262.6,20.34,0,0,0
5507,748,2026-05-31 04:00:00,31,6,1,lunch,clear,2,1,146,48,348.11,0,0.0,0.0,0.0,0,0.0,0.0,0.0,0.0,0.0,0,0,0
5508,748,2026-02-11 05:00:00,11,2,0,late_night,extreme,3,2,537,183,538.14,1,0.1,0.058980448560274235,0.04101955143972577,0,0.0,0.0,0.0,0.0,0.0,0,0,0
5509,748,2026-06-06 08:00:00,6,5,1,late_night,clear,2,1,575,196,499.98,1,0.05,0.035163831916960896,0.014836168083039107,1,523.82,26.19,46.84,340.48,110.31,1,0,0
5510,748,2026-05-27 05:00:00,27,2,1,lunch,rain,1,1,263,87,460.9,1,0.2,0.17428720448876922,0.02571279551123079,1,520.45,104.09,53.5,338.29,24.57,1,0,0
5511,749,2026-06-04 11:00:00,4,3,1,late_night,clear,10,2,122,40,339.12,1,0.2,0.10155089136883887,0.09844910863116114,1,384.89,76.98,73.18,250.18,-15.45,1,0,0
5512,749,2026-02-15 18:00:00,15,6,0,late_night,rain,7,3,521,178,418.22,1,0.05,0.027946622821836516,0.022053377178163486,0,0.0,0.0,0.0,0.0,0.0,0,0,0
5513,750,2026-01-20 13:00:00,20,1,0,late_night,clear,7,1,556,190,360.31,0,0.0,0.0,0.0,0,0.0,0.0,0.0,0.0,0.0,0,0,0
5514,750,2026-02-15 17:00:00,15,6,0,late_night,extreme,6,1,321,108,326.88,1,0.15,0.14792369134926192,0.0020763086507380735,1,373.63,56.04,91.6,242.86,-16.87,0,0,0
5515,750,2026-03-08 00:00:00,8,6,0,late_night,clear,8,2,587,199,402.75,0,0.0,0.0,0.0,0,0.0,0.0,0.0,0.0,0.0,0,0,0
5516,751,2026-03-20 05:00:00,20,4,0,lunch,clear,6,1,256,84,422.03,0,0.0,0.0,0.0,0,0.0,0.0,0.0,0.0,0.0,0,0,0
5517,751,2026-01-22 00:00:00,22,3,0,lunch,rain,6,1,506,174,455.6,1,0.05,0.048608301594969545,0.0013916984050304573,1,475.79,23.79,57.58,309.26,85.16,1,0,0
5518,751,2026-06-09 02:00:00,9,1,0,breakfast,clear,4,1,70,22,412.24,1,0.05,0.03497604967311431,0.015023950326885693,1,430.51,21.53,86.98,279.83,42.17,0,0,0
5519,751,2026-03-08 02:00:00,8,6,0,dinner,clear,7,1,407,139,299.82,0,0.0,0.0,0.0,0,0.0,0.0,0.0,0.0,0.0,0,0,0
5520,751,2026-02-15 22:00:00,15,6,0,late_night,rain,7,1,182,60,341.42,0,0.0,0.0,0.0,0,0.0,0.0,0.0,0.0,0.0,0,0,0
5521,752,2026-05-18 20:00:00,18,0,0,breakfast,rain,13,1,225,73,503.59,1,0.15,0.12428685373059249,0.025713146269407502,1,562.94,84.44,85.66,365.91,26.93,0,0,0
5522,752,2026-06-20 08:00:00,20,5,0,breakfast,clear,14,2,144,47,344.24,0,0.0,0.0,0.0,0,0.0,0.0,0.0,0.0,0.0,0,0,0
5523,752,2026-02-23 07:00:00,23,0,0,late_night,clear,7,2,409,140,302.97,0,0.0,0.0,0.0,1,302.97,0.0,81.52,196.93,24.52,0,0,0
5524,752,2026-01-22 03:00:00,22,3,0,dinner,rain,7,3,41,13,378.71,1,0.2,0.1473025232845556,0.05269747671544442,1,432.23,86.45,46.72,280.95,18.11,0,0,0
5525,752,2026-04-22 19:00:00,22,2,0,late_night,clear,2,1,0,0,289.95,0,0.0,0.0,0.0,1,289.95,0.0,46.18,188.47,55.3,0,0,0
5526,752,2026-04-26 23:00:00,26,6,1,late_night,extreme,9,1,363,123,366.41,0,0.0,0.0,0.0,0,0.0,0.0,0.0,0.0,0.0,0,0,0
5527,752,2026-02-14 19:00:00,14,5,0,breakfast,clear,6,3,343,116,496.91,1,0.15,0.08712515782592035,0.06287484217407964,1,555.47,83.32,81.82,361.06,29.27,1,0,0
5528,752,2026-01-14 04:00:00,14,2,0,dinner,clear,3,1,341,115,349.17,0,0.0,0.0,0.0,1,349.17,0.0,83.5,226.96,38.71,0,0,0
5529,752,2026-04-04 16:00:00,4,5,1,lunch,rain,13,2,586,199,321.5,0,0.0,0.0,0.0,0,0.0,0.0,0.0,0.0,0.0,0,0,0
5530,752,2026-06-16 12:00:00,16,1,0,late_night,clear,7,3,40,12,466.1,0,0.0,0.0,0.0,0,0.0,0.0,0.0,0.0,0.0,0,0,0
5531,752,2026-01-27 08:00:00,27,1,1,late_night,rain,5,3,369,126,374.47,0,0.0,0.0,0.0,0,0.0,0.0,0.0,0.0,0.0,0,0,0
5532,752,2026-02-05 17:00:00,5,3,1,late_night,clear,10,2,412,141,376.41,1,0.15,0.12196516699808622,0.02803483300191377,1,420.77,63.12,67.96,273.5,16.19,0,0,0
5533,753,2026-05-22 13:00:00,22,4,0,dinner,clear,14,2,499,171,410.77,0,0.0,0.0,0.0,0,0.0,0.0,0.0,0.0,0.0,0,0,0
5534,753,2026-01-22 06:00:00,22,3,0,dinner,clear,14,2,93,31,496.71,1,0.2,0.1348128583373653,0.0651871416626347,1,542.67,108.53,55.78,352.74,25.62,0,0,0
5535,753,2026-01-03 14:00:00,3,5,1,late_night,clear,14,5,469,160,452.07,1,0.2,0.1133977902863752,0.08660220971362481,1,493.9,98.78,81.28,321.04,-7.19,0,0,0
5536,753,2026-03-23 17:00:00,23,0,0,dinner,rain,2,1,13,4,401.59,1,0.2,0.1316998176620215,0.06830018233797852,1,438.75,87.75,71.5,285.19,-5.69,0,0,0
5537,753,2026-02-09 00:00:00,9,0,0,late_night,extreme,1,4,236,77,323.45,1,0.2,0.16229454433220425,0.03770545566779576,1,353.38,70.68,74.56,229.7,-21.55,1,0,0
5538,753,2026-01-24 10:00:00,24,5,0,dinner,clear,8,2,303,102,431.39,1,0.1,0.0976267943336992,0.0023732056663008094,0,0.0,0.0,0.0,0.0,0.0,0,0,0
5539,753,2026-02-09 05:00:00,9,0,0,breakfast,rain,9,1,335,113,408.94,0,0.0,0.0,0.0,0,0.0,0.0,0.0,0.0,0.0,0,0,0
5540,753,2026-05-28 22:00:00,28,3,1,late_night,clear,2,1,94,31,485.17,0,0.0,0.0,0.0,0,0.0,0.0,0.0,0.0,0.0,0,0,0
5541,753,2026-04-15 07:00:00,15,2,0,dinner,extreme,14,1,217,71,594.66,0,0.0,0.0,0.0,1,594.66,0.0,51.64,386.53,156.49,0,0,0
5542,753,2026-01-22 19:00:00,22,3,0,dinner,extreme,7,1,448,154,318.66,1,0.05,0.04031234880470644,0.009687651195293565,1,329.54,16.48,72.82,214.2,26.04,1,0,0
5543,753,2026-03-31 04:00:00,31,1,1,late_night,clear,2,1,498,171,395.71,1,0.1,0.07264852427373379,0.027351475726266214,0,0.0,0.0,0.0,0.0,0.0,0,0,0
5544,753,2026-03-01 23:00:00,1,6,1,dinner,clear,3,2,5,1,485.29,1,0.05,0.025542592976072115,0.024457407023927888,1,501.86,25.09,55.84,326.21,94.72,1,0,0
5545,754,2026-02-12 02:00:00,12,3,0,breakfast,clear,7,1,227,74,392.38,1,0.15,0.12712027900241346,0.022879720997586533,1,468.8,70.32,71.92,304.72,21.84,0,0,0
5546,754,2026-01-22 21:00:00,22,3,0,breakfast,clear,6,1,109,36,285.64,0,0.0,0.0,0.0,1,285.64,0.0,69.58,185.67,30.39,0,0,0
5547,754,2026-05-19 03:00:00,19,1,0,dinner,clear,8,2,327,110,400.01,1,0.2,0.15110027873408238,0.04889972126591763,1,493.42,98.68,69.34,320.72,4.67,1,0,0
5548,754,2026-02-06 02:00:00,6,4,1,breakfast,rain,12,5,132,43,321.82,0,0.0,0.0,0.0,0,0.0,0.0,0.0,0.0,0.0,0,0,0
5549,754,2026-04-24 21:00:00,24,4,0,lunch,clear,10,1,207,68,306.93,1,0.1,0.06374714035662137,0.03625285964337864,1,352.15,35.21,48.76,228.9,39.28,0,0,0
5550,754,2026-03-17 01:00:00,17,1,0,dinner,rain,12,1,389,134,419.42,0,0.0,0.0,0.0,0,0.0,0.0,0.0,0.0,0.0,0,0,0
5551,755,2026-02-12 13:00:00,12,3,0,breakfast,extreme,7,3,130,42,429.11,1,0.05,0.03367118980573627,0.016328810194263736,1,448.93,22.45,53.92,291.81,80.76,0,0,0
5552,755,2026-02-15 05:00:00,15,6,0,late_night,rain,5,1,0,0,289.95,0,0.0,0.0,0.0,0,0.0,0.0,0.0,0.0,0.0,0,0,0
5553,755,2026-04-24 05:00:00,24,4,0,breakfast,extreme,12,2,99,33,451.11,0,0.0,0.0,0.0,0,0.0,0.0,0.0,0.0,0.0,0,0,0
5554,755,2026-04-10 20:00:00,10,4,0,dinner,clear,13,3,132,43,321.82,0,0.0,0.0,0.0,1,321.82,0.0,67.48,209.18,45.16,0,0,0
5555,755,2026-05-07 15:00:00,7,3,1,breakfast,clear,3,4,73,23,424.13,0,0.0,0.0,0.0,1,424.13,0.0,89.32,275.68,59.13,0,0,0
5556,755,2026-01-12 00:00:00,12,0,0,dinner,rain,4,1,101,34,347.68,1,0.15,0.07625951256787934,0.07374048743212065,1,383.97,57.6,57.04,249.58,19.75,0,0,0
5557,755,2026-01-10 18:00:00,10,5,0,breakfast,clear,5,5,512,175,411.67,0,0.0,0.0,0.0,0,0.0,0.0,0.0,0.0,0.0,0,0,0
5558,755,2026-03-03 08:00:00,3,1,1,dinner,clear,12,1,500,172,443.27,0,0.0,0.0,0.0,0,0.0,0.0,0.0,0.0,0.0,0,0,0
5559,755,2026-02-02 09:00:00,2,0,1,breakfast,extreme,2,1,24,7,471.83,1,0.2,0.15857598211289675,0.04142401788710326,1,530.88,106.18,85.3,345.07,-5.67,0,0,0
5560,755,2026-06-27 01:00:00,27,5,1,breakfast,clear,12,1,42,13,369.33,1,0.2,0.19727252368500003,0.002727476314999977,1,415.56,83.11,45.22,270.11,17.11,1,0,0
5561,755,2026-04-02 02:00:00,2,3,1,lunch,clear,9,1,101,34,347.68,1,0.2,0.17835051955378592,0.021649480446214092,1,391.2,78.24,55.54,254.28,3.14,1,0,0
5562,755,2026-02-16 20:00:00,16,0,0,breakfast,clear,1,1,242,78,538.55,1,0.05,0.03521207622382785,0.014787923776172156,0,0.0,0.0,0.0,0.0,0.0,0,0,0
5563,755,2026-01-28 21:00:00,28,2,1,late_night,clear,1,1,379,130,459.76,1,0.1,0.09921819994296784,0.0007818000570321698,1,496.07,49.61,72.88,322.44,51.14,0,0,0
5564,756,2026-05-02 00:00:00,2,5,1,lunch,clear,8,1,274,92,294.0,0,0.0,0.0,0.0,0,0.0,0.0,0.0,0.0,0.0,0,0,0
5565,756,2026-01-25 00:00:00,25,6,1,late_night,clear,9,1,340,115,313.38,1,0.2,0.16562483406052877,0.034375165939471236,1,361.25,72.25,83.5,234.81,-29.31,0,0,0
5566,756,2026-02-18 09:00:00,18,2,0,breakfast,clear,11,1,185,61,409.82,0,0.0,0.0,0.0,0,0.0,0.0,0.0,0.0,0.0,0,0,0
5567,756,2026-04-29 23:00:00,29,2,1,late_night,clear,1,2,341,115,349.17,1,0.1,0.07442099744178127,0.02557900255821874,1,382.82,38.28,83.5,248.84,12.21,0,0,0
5568,756,2026-01-31 10:00:00,31,5,1,lunch,clear,12,2,484,166,333.57,0,0.0,0.0,0.0,1,333.57,0.0,86.74,216.82,30.01,0,0,0
5569,756,2026-01-16 03:00:00,16,4,0,lunch,clear,8,1,413,141,430.89,0,0.0,0.0,0.0,0,0.0,0.0,0.0,0.0,0.0,0,0,0
5570,756,2026-02-07 10:00:00,7,5,1,dinner,clear,2,5,314,105,440.46,0,0.0,0.0,0.0,0,0.0,0.0,0.0,0.0,0.0,0,0,0
5571,756,2026-06-11 21:00:00,11,3,0,dinner,clear,3,1,468,160,412.07,1,0.15,0.09078733097784385,0.05921266902215615,1,464.57,69.69,81.28,301.97,11.63,0,0,0
5572,756,2026-01-09 02:00:00,9,4,0,breakfast,rain,5,1,94,31,485.17,1,0.2,0.1819851242353194,0.01801487576468061,1,559.29,111.86,57.28,363.54,26.61,1,0,0
5573,756,2026-01-20 18:00:00,20,1,0,breakfast,clear,13,1,151,50,465.33,0,0.0,0.0,0.0,0,0.0,0.0,0.0,0.0,0.0,0,0,0
5574,756,2026-06-08 01:00:00,8,0,0,lunch,clear,8,1,440,151,317.0,1,0.1,0.07177879754251884,0.028221202457481165,1,347.55,34.76,51.64,225.91,35.25,0,0,0
5575,756,2026-04-08 10:00:00,8,2,0,dinner,clear,14,1,369,126,374.47,0,0.0,0.0,0.0,1,374.47,0.0,68.8,243.41,62.26,0,0,0
5576,756,2026-03-13 01:00:00,13,4,0,breakfast,clear,2,5,276,92,323.06,0,0.0,0.0,0.0,0,0.0,0.0,0.0,0.0,0.0,0,0,0
5577,757,2026-04-18 22:00:00,18,5,0,dinner,clear,12,4,532,181,329.51,1,0.2,0.14624494120246562,0.053755058797534394,1,382.15,76.43,65.44,248.4,-8.12,0,1,0
5578,757,2026-02-01 01:00:00,1,6,1,late_night,clear,11,2,270,90,394.25,1,0.15,0.11913619901439224,0.03086380098560776,1,446.78,67.02,69.76,290.41,19.6,0,0,0
5579,757,2026-02-14 15:00:00,14,5,0,late_night,clear,4,1,58,19,386.43,0,0.0,0.0,0.0,0,0.0,0.0,0.0,0.0,0.0,0,0,0
5580,757,2026-03-09 00:00:00,9,0,0,lunch,extreme,4,3,544,186,446.87,1,0.2,0.15870287738373612,0.04129712261626389,1,518.26,103.65,78.46,336.87,-0.72,0,0,0
5581,757,2026-05-19 00:00:00,19,1,0,breakfast,clear,12,1,270,90,394.25,1,0.1,0.09455209952749632,0.005447900472503681,1,433.99,43.4,69.76,282.09,38.74,1,0,0
5582,757,2026-05-22 19:00:00,22,4,0,lunch,rain,4,1,561,191,228.08,1,0.05,0.044515611271905176,0.005484388728094827,0,0.0,0.0,0.0,0.0,0.0,0,0,0
5583,757,2026-04-11 09:00:00,11,5,0,lunch,clear,8,1,167,55,394.06,0,0.0,0.0,0.0,0,0.0,0.0,0.0,0.0,0.0,0,0,0
5584,757,2026-06-05 13:00:00,5,4,1,dinner,clear,2,3,540,185,437.06,0,0.0,0.0,0.0,0,0.0,0.0,0.0,0.0,0.0,0,0,0
5585,757,2026-03-27 23:00:00,27,4,1,breakfast,clear,2,1,550,188,568.72,1,0.15,0.13105352881233975,0.01894647118766024,1,644.5,96.68,84.76,418.93,44.14,1,0,0
5586,757,2026-05-07 03:00:00,7,3,1,late_night,clear,13,1,526,180,528.36,0,0.0,0.0,0.0,0,0.0,0.0,0.0,0.0,0.0,0,0,0
5587,757,2026-04-18 12:00:00,18,5,0,dinner,clear,14,4,270,90,394.25,0,0.0,0.0,0.0,0,0.0,0.0,0.0,0.0,0.0,0,0,0
5588,757,2026-03-02 04:00:00,2,0,1,dinner,clear,8,1,333,112,519.42,1,0.2,0.16868950215505124,0.03131049784494877,1,602.41,120.48,56.38,391.56,33.98,0,0,0
5589,758,2026-06-02 01:00:00,2,1,1,dinner,clear,11,2,113,37,446.27,1,0.2,0.15488933718540637,0.04511066281459364,1,516.02,103.2,82.66,335.42,-5.26,1,0,0
5590,758,2026-06-03 12:00:00,3,2,1,lunch,clear,4,1,50,16,341.45,1,0.05,0.030223646442727226,0.019776353557272777,1,361.15,18.06,53.62,234.75,54.72,1,0,0
5591,758,2026-01-14 04:00:00,14,2,0,lunch,clear,12,1,46,14,430.08,1,0.2,0.17645650728781107,0.023543492712188946,1,497.3,99.46,70.78,323.25,3.82,0,0,0
5592,758,2026-01-04 16:00:00,4,6,1,breakfast,clear,6,2,162,54,283.11,1,0.1,0.08902321604160136,0.010976783958398642,1,311.03,31.1,71.8,202.17,5.96,1,0,0
5593,758,2026-06-25 15:00:00,25,3,1,breakfast,rain,2,1,457,157,396.77,1,0.05,0.04344588379614961,0.006554116203850394,1,419.66,20.98,68.74,272.78,57.16,0,0,0
5594,758,2026-02-17 04:00:00,17,1,0,lunch,rain,2,1,107,36,245.73,0,0.0,0.0,0.0,1,245.73,0.0,71.08,159.72,14.93,0,0,0
5595,758,2026-02-01 17:00:00,1,6,1,breakfast,rain,1,4,120,39,415.81,0,0.0,0.0,0.0,0,0.0,0.0,0.0,0.0,0.0,0,0,0
5596,758,2026-04-18 06:00:00,18,5,0,late_night,clear,1,4,176,58,380.02,1,0.1,0.08092462925554272,0.019075370744457282,1,417.5,41.75,79.9,271.37,24.47,1,0,0
5597,758,2026-04-10 15:00:00,10,4,0,breakfast,clear,14,3,103,34,391.16,1,0.2,0.14237331494021718,0.05762668505978283,1,452.3,90.46,55.54,294.0,12.31,0,0,0
5598,758,2026-03-20 22:00:00,20,4,0,lunch,clear,4,1,242,78,538.55,0,0.0,0.0,0.0,0,0.0,0.0,0.0,0.0,0.0,0,0,0
5599,758,2026-04-03 13:00:00,3,4,1,breakfast,extreme,10,2,291,98,373.77,1,0.1,0.06149977720611956,0.03850022279388045,0,0.0,0.0,0.0,0.0,0.0,0,1,0
5600,758,2026-04-09 02:00:00,9,3,0,late_night,rain,13,1,393,135,332.05,1,0.2,0.13422110561366069,0.06577889438633933,1,383.95,76.79,78.7,249.57,-21.11,0,0,0
5601,758,2026-05-13 21:00:00,13,2,0,lunch,clear,4,2,348,118,387.46,0,0.0,0.0,0.0,1,387.46,0.0,89.02,251.85,46.59,0,0,0
5602,758,2026-01-27 02:00:00,27,1,1,dinner,clear,10,1,253,83,398.87,0,0.0,0.0,0.0,0,0.0,0.0,0.0,0.0,0.0,0,0,0
5603,759,2026-04-22 23:00:00,22,2,0,breakfast,clear,3,1,412,141,376.41,1,0.15,0.0955407849657058,0.0544592150342942,1,418.88,62.83,67.96,272.27,15.82,0,0,0
5604,759,2026-02-01 19:00:00,1,6,1,lunch,clear,4,2,83,27,432.63,1,0.1,0.08011734303930623,0.019882656960693773,1,469.56,46.96,86.8,305.21,30.59,1,1,0
5605,759,2026-01-25 03:00:00,25,6,1,late_night,clear,5,1,67,22,343.91,0,0.0,0.0,0.0,0,0.0,0.0,0.0,0.0,0.0,0,0,0
5606,759,2026-01-31 12:00:00,31,5,1,dinner,clear,1,5,245,80,423.87,0,0.0,0.0,0.0,1,423.87,0.0,73.0,275.52,75.35,0,0,0
5607,759,2026-03-04 18:00:00,4,2,1,dinner,clear,5,1,510,175,422.52,1,0.2,0.12574094451169335,0.07425905548830666,1,479.68,95.94,69.94,311.79,2.01,0,0,0
5608,760,2026-04-28 21:00:00,28,1,1,late_night,clear,14,4,476,162,284.54,1,0.15,0.10178381998896666,0.04821618001103334,1,314.71,47.21,76.3,204.56,-13.36,0,0,0
5609,760,2026-05-05 18:00:00,5,1,1,dinner,rain,3,1,500,172,443.27,1,0.1,0.078328900932644,0.02167109906735601,1,478.83,47.88,67.48,311.24,52.23,0,0,0
5610,760,2026-03-22 00:00:00,22,6,0,breakfast,clear,11,4,105,35,354.06,0,0.0,0.0,0.0,0,0.0,0.0,0.0,0.0,0.0,0,0,0
5611,760,2026-06-14 10:00:00,14,6,0,late_night,rain,9,3,30,9,465.85,1,0.15,0.13804164707520686,0.011958352924793136,1,515.25,77.29,50.74,334.91,52.31,0,0,0
5612,760,2026-01-28 04:00:00,28,2,1,breakfast,rain,3,1,154,51,317.65,1,0.2,0.14667518751296024,0.05332481248703977,1,358.04,71.61,73.54,232.72,-19.83,0,0,0
5613,760,2026-02-13 15:00:00,13,4,0,late_night,clear,1,1,541,185,410.91,0,0.0,0.0,0.0,0,0.0,0.0,0.0,0.0,0.0,0,0,0
5614,760,2026-04-02 19:00:00,2,3,1,late_night,clear,11,1,380,131,355.04,0,0.0,0.0,0.0,0,0.0,0.0,0.0,0.0,0.0,0,0,0
5615,760,2026-05-25 06:00:00,25,0,1,dinner,clear,1,1,259,85,416.73,0,0.0,0.0,0.0,0,0.0,0.0,0.0,0.0,0.0,0,0,0
5616,760,2026-05-16 11:00:00,16,5,0,late_night,rain,14,1,133,44,257.6,1,0.15,0.12008720815645145,0.029912791843548545,1,284.92,42.74,74.8,185.19,-17.82,0,0,0
5617,761,2026-06-02 07:00:00,2,1,1,lunch,clear,3,2,165,55,393.95,1,0.15,0.07574809012161333,0.07425190987838666,1,432.07,64.81,87.64,280.84,-1.23,0,0,0
5618,761,2026-01-12 22:00:00,12,0,0,breakfast,clear,13,3,391,134,438.46,0,0.0,0.0,0.0,0,0.0,0.0,0.0,0.0,0.0,0,0,0
5619,761,2026-03-04 03:00:00,4,2,1,late_night,clear,7,1,466,159,288.17,0,0.0,0.0,0.0,0,0.0,0.0,0.0,0.0,0.0,0,0,0
5620,761,2026-06-16 01:00:00,16,1,0,dinner,extreme,10,1,589,199,395.45,1,0.05,0.026502941465710052,0.02349705853428995,0,0.0,0.0,0.0,0.0,0.0,0,0,0
5621,761,2026-04-04 22:00:00,4,5,1,breakfast,rain,10,1,427,146,526.27,0,0.0,0.0,0.0,0,0.0,0.0,0.0,0.0,0.0,0,0,0
5622,761,2026-02-04 14:00:00,4,2,1,late_night,clear,12,3,54,17,410.72,1,0.15,0.12241111858639525,0.027588881413604743,1,450.46,67.57,57.1,292.8,32.99,1,0,0
5623,761,2026-05-21 10:00:00,21,3,0,late_night,clear,7,4,362,123,472.34,0,0.0,0.0,0.0,0,0.0,0.0,0.0,0.0,0.0,0,0,0
5624,761,2026-02-07 19:00:00,7,5,1,lunch,rain,3,4,398,136,562.98,1,0.1,0.08851559301990854,0.011484406980091469,1,604.19,60.42,86.8,392.72,64.25,0,0,0
5625,761,2026-04-06 11:00:00,6,0,1,lunch,rain,3,1,368,126,431.88,0,0.0,0.0,0.0,0,0.0,0.0,0.0,0.0,0.0,0,0,0
5626,761,2026-03-15 02:00:00,15,6,0,lunch,clear,2,1,535,182,464.14,1,0.05,0.03545924698427102,0.014540753015728984,1,484.01,24.2,46.72,314.61,98.48,1,0,0
5627,762,2026-01-28 21:00:00,28,2,1,lunch,rain,10,1,121,40,652.1,0,0.0,0.0,0.0,0,0.0,0.0,0.0,0.0,0.0,0,0,0
5628,762,2026-06-06 12:00:00,6,5,1,late_night,clear,1,5,170,56,375.86,0,0.0,0.0,0.0,0,0.0,0.0,0.0,0.0,0.0,0,0,0
5629,763,2026-02-07 06:00:00,7,5,1,lunch,extreme,7,1,74,24,370.91,0,0.0,0.0,0.0,0,0.0,0.0,0.0,0.0,0.0,0,0,0
5630,763,2026-04-28 12:00:00,28,1,1,lunch,clear,1,3,98,33,267.42,0,0.0,0.0,0.0,0,0.0,0.0,0.0,0.0,0.0,0,0,0
5631,763,2026-03-27 05:00:00,27,4,1,dinner,rain,5,2,23,7,447.81,1,0.1,0.08001473737432148,0.019985262625678527,1,478.17,47.82,83.8,310.81,35.74,1,0,0
5632,763,2026-03-07 03:00:00,7,5,1,lunch,rain,5,1,44,13,374.19,1,0.15,0.0899939958657219,0.06000600413427809,0,0.0,0.0,0.0,0.0,0.0,0,0,0
5633,763,2026-05-13 23:00:00,13,2,0,lunch,rain,1,2,472,161,222.14,0,0.0,0.0,0.0,0,0.0,0.0,0.0,0.0,0.0,0,0,0
5634,763,2026-04-18 06:00:00,18,5,0,late_night,clear,11,1,312,105,471.86,0,0.0,0.0,0.0,1,471.86,0.0,80.2,306.71,84.95,0,0,0
5635,763,2026-04-04 06:00:00,4,5,1,breakfast,clear,5,1,504,173,315.59,1,0.15,0.1028799464955726,0.0471200535044274,1,343.87,51.58,70.12,223.52,-1.35,0,0,0
5636,763,2026-01-21 23:00:00,21,2,0,breakfast,clear,4,2,260,86,580.54,0,0.0,0.0,0.0,0,0.0,0.0,0.0,0.0,0.0,0,0,0
5637,763,2026-06-22 02:00:00,22,0,0,dinner,clear,11,2,28,8,385.39,1,0.05,0.04350933375198767,0.006490666248012332,0,0.0,0.0,0.0,0.0,0.0,0,0,0
5638,763,2026-01-17 13:00:00,17,5,0,breakfast,rain,2,1,548,187,387.3,0,0.0,0.0,0.0,0,0.0,0.0,0.0,0.0,0.0,0,0,0
5639,763,2026-03-07 10:00:00,7,5,1,dinner,clear,2,1,548,187,387.3,0,0.0,0.0,0.0,0,0.0,0.0,0.0,0.0,0.0,0,0,0
5640,763,2026-05-01 06:00:00,1,4,1,breakfast,clear,12,1,255,84,426.05,1,0.15,0.10068744893804824,0.04931255106195176,1,464.23,69.63,49.0,301.75,43.85,1,0,0
5641,764,2026-01-28 23:00:00,28,2,1,breakfast,clear,1,3,135,44,274.41,1,0.1,0.08025630976402405,0.019743690235975955,1,307.19,30.72,73.3,199.67,3.5,1,0,0
5642,764,2026-06-19 04:00:00,19,4,0,breakfast,rain,4,1,199,66,326.09,0,0.0,0.0,0.0,0,0.0,0.0,0.0,0.0,0.0,0,0,0
5643,764,2026-03-17 14:00:00,17,1,0,lunch,rain,1,2,571,194,573.77,1,0.1,0.060877567960147795,0.03912243203985221,1,642.31,64.23,81.82,417.5,78.76,0,0,0
5644,764,2026-03-04 10:00:00,4,2,1,late_night,clear,6,1,451,155,376.18,0,0.0,0.0,0.0,0,0.0,0.0,0.0,0.0,0.0,0,0,0
5645,764,2026-03-27 23:00:00,27,4,1,dinner,clear,5,1,494,170,372.46,0,0.0,0.0,0.0,0,0.0,0.0,0.0,0.0,0.0,0,0,0
5646,764,2026-02-11 06:00:00,11,2,0,breakfast,clear,4,1,8,2,501.52,1,0.1,0.06997124558980054,0.030028754410199462,1,561.43,56.14,80.14,364.93,60.22,0,0,0
5647,764,2026-01-10 21:00:00,10,5,0,late_night,clear,3,2,24,7,471.83,1,0.1,0.06552808188058638,0.03447191811941362,1,528.2,52.82,82.3,343.33,49.75,0,0,0
5648,764,2026-03-09 10:00:00,9,0,0,late_night,clear,5,2,567,193,277.06,1,0.05,0.031298847115850424,0.01870115288414958,0,0.0,0.0,0.0,0.0,0.0,0,0,0
5649,764,2026-02-27 09:00:00,27,4,1,dinner,rain,12,1,13,4,401.59,1,0.15,0.13931297728047404,0.010687022719525957,1,465.01,69.75,71.5,302.26,21.5,0,0,0
5650,764,2026-06-01 05:00:00,1,0,1,breakfast,clear,7,1,348,118,387.46,0,0.0,0.0,0.0,0,0.0,0.0,0.0,0.0,0.0,0,0,0
5651,764,2026-01-23 09:00:00,23,4,0,late_night,clear,6,1,579,197,358.14,0,0.0,0.0,0.0,0,0.0,0.0,0.0,0.0,0.0,0,0,0
5652,764,2026-03-11 14:00:00,11,2,0,lunch,rain,9,1,72,23,541.6,0,0.0,0.0,0.0,0,0.0,0.0,0.0,0.0,0.0,0,0,0
5653,765,2026-01-29 17:00:00,29,3,1,lunch,clear,8,1,153,51,331.89,1,0.1,0.07060342954720321,0.029396570452796797,1,376.63,37.66,72.04,244.81,22.12,0,0,0
5654,765,2026-02-06 12:00:00,6,4,1,breakfast,clear,8,2,394,135,359.67,0,0.0,0.0,0.0,0,0.0,0.0,0.0,0.0,0.0,0,0,0
5655,765,2026-03-27 11:00:00,27,4,1,dinner,clear,4,1,127,41,443.42,1,0.1,0.06590366214849344,0.034096337851506564,1,503.19,50.32,47.8,327.08,78.0,0,0,0
5656,765,2026-05-17 14:00:00,17,6,0,dinner,clear,13,1,392,135,314.54,0,0.0,0.0,0.0,0,0.0,0.0,0.0,0.0,0.0,0,0,0
5657,766,2026-03-18 02:00:00,18,2,0,lunch,clear,9,5,243,79,453.8,0,0.0,0.0,0.0,1,453.8,0.0,71.92,294.97,86.91,0,0,0
5658,766,2026-02-04 15:00:00,4,2,1,late_night,clear,1,1,3,0,415.4,1,0.1,0.06977762164995518,0.03022237835004482,1,472.04,47.2,46.18,306.83,71.83,0,0,0
5659,766,2026-06-26 15:00:00,26,4,1,breakfast,rain,13,1,356,120,422.65,0,0.0,0.0,0.0,0,0.0,0.0,0.0,0.0,0.0,0,0,0
5660,766,2026-05-24 04:00:00,24,6,0,lunch,clear,13,2,375,129,325.69,1,0.1,0.093662768466889,0.006337231533111012,1,370.1,37.01,79.06,240.57,13.47,0,0,0
5661,767,2026-02-13 19:00:00,13,4,0,lunch,clear,10,1,494,170,372.46,0,0.0,0.0,0.0,1,372.46,0.0,60.16,242.1,70.2,0,0,0
5662,767,2026-01-31 13:00:00,31,5,1,dinner,clear,11,1,462,158,425.12,0,0.0,0.0,0.0,0,0.0,0.0,0.0,0.0,0.0,0,0,0
5663,767,2026-04-06 04:00:00,6,0,1,late_night,clear,6,1,408,140,346.78,0,0.0,0.0,0.0,0,0.0,0.0,0.0,0.0,0.0,0,0,0
5664,767,2026-05-30 06:00:00,30,5,1,lunch,clear,10,2,535,182,464.14,0,0.0,0.0,0.0,0,0.0,0.0,0.0,0.0,0.0,0,0,0
5665,767,2026-04-19 16:00:00,19,6,0,lunch,clear,9,1,111,37,572.96,0,0.0,0.0,0.0,0,0.0,0.0,0.0,0.0,0.0,0,0,0
5666,767,2026-01-12 06:00:00,12,0,0,dinner,clear,8,2,117,38,339.09,0,0.0,0.0,0.0,0,0.0,0.0,0.0,0.0,0.0,0,0,0
5667,767,2026-03-02 13:00:00,2,0,1,late_night,clear,5,1,114,38,343.32,0,0.0,0.0,0.0,0,0.0,0.0,0.0,0.0,0.0,0,0,0
5668,767,2026-06-26 04:00:00,26,4,1,lunch,clear,1,3,518,177,457.29,1,0.1,0.08338123221904982,0.016618767780950186,1,525.85,52.59,69.82,341.8,61.64,0,0,0
5669,767,2026-01-27 01:00:00,27,1,1,dinner,clear,10,1,471,161,556.82,0,0.0,0.0,0.0,0,0.0,0.0,0.0,0.0,0.0,0,0,0
5670,767,2026-05-02 00:00:00,2,5,1,lunch,extreme,9,2,492,169,517.7,1,0.1,0.09622871406117384,0.003771285938826169,1,595.32,59.53,54.34,386.96,94.49,0,0,0
5671,767,2026-02-26 16:00:00,26,3,1,breakfast,clear,8,3,466,159,288.17,1,0.15,0.1467917200160569,0.003208279983943102,1,345.28,51.79,51.7,224.43,17.36,0,0,0
5672,767,2026-02-25 12:00:00,25,2,1,breakfast,clear,11,1,522,178,248.13,0,0.0,0.0,0.0,0,0.0,0.0,0.0,0.0,0.0,0,0,0
5673,768,2026-01-20 06:00:00,20,1,0,dinner,clear,3,1,73,23,424.13,1,0.2,0.13951586411249203,0.06048413588750798,1,510.2,102.04,89.32,331.63,-12.79,0,0,0
5674,768,2026-03-30 07:00:00,30,0,1,breakfast,clear,14,2,205,67,352.05,1,0.2,0.14518661176792547,0.054813388232074545,1,423.5,84.7,65.62,275.27,-2.1,0,0,0
5675,768,2026-03-12 12:00:00,12,3,0,breakfast,clear,6,1,542,186,379.72,0,0.0,0.0,0.0,1,379.72,0.0,75.46,246.82,57.44,0,0,0
5676,769,2026-06-17 02:00:00,17,2,0,late_night,rain,14,4,194,65,439.76,0,0.0,0.0,0.0,0,0.0,0.0,0.0,0.0,0.0,0,0,0
5677,769,2026-06-22 04:00:00,22,0,0,breakfast,rain,3,1,427,146,526.27,1,0.05,0.03790473479871004,0.012095265201289965,1,577.72,28.89,52.12,375.52,121.2,1,0,0
5678,769,2026-05-23 20:00:00,23,5,0,dinner,clear,9,1,5,1,485.29,1,0.15,0.1347575983881564,0.015242401611843592,1,592.51,88.88,55.84,385.13,62.66,1,0,0
5679,769,2026-04-04 06:00:00,4,5,1,dinner,rain,13,2,477,163,341.1,0,0.0,0.0,0.0,0,0.0,0.0,0.0,0.0,0.0,0,0,0
5680,769,2026-06-21 11:00:00,21,6,0,late_night,extreme,14,1,68,22,418.77,1,0.05,0.028252567262335816,0.021747432737664187,0,0.0,0.0,0.0,0.0,0.0,0,0,0
5681,769,2026-04-28 01:00:00,28,1,1,dinner,extreme,10,2,197,65,394.82,0,0.0,0.0,0.0,0,0.0,0.0,0.0,0.0,0.0,0,1,0
5682,769,2026-01-23 09:00:00,23,4,0,late_night,rain,5,2,496,171,425.35,0,0.0,0.0,0.0,1,425.35,0.0,60.58,276.48,88.29,0,0,0
5683,769,2026-06-20 19:00:00,20,5,0,late_night,extreme,4,2,465,159,428.08,1,0.05,0.03840636225033618,0.011593637749663821,1,469.93,23.5,54.7,305.46,86.28,0,0,0
5684,769,2026-04-23 21:00:00,23,3,0,late_night,rain,14,2,142,47,365.27,1,0.2,0.13989730373212447,0.06010269626787554,1,462.03,92.41,72.52,300.32,-3.22,0,0,0
5685,769,2026-04-18 23:00:00,18,5,0,breakfast,extreme,1,1,113,37,446.27,0,0.0,0.0,0.0,0,0.0,0.0,0.0,0.0,0.0,0,0,0
5686,769,2026-03-18 04:00:00,18,2,0,lunch,clear,13,2,189,63,421.89,1,0.2,0.17135966528448174,0.028640334715518273,1,533.65,106.73,87.88,346.87,-7.83,0,0,0
5687,769,2026-06-29 16:00:00,29,0,1,breakfast,clear,3,3,13,4,401.59,0,0.0,0.0,0.0,0,0.0,0.0,0.0,0.0,0.0,0,0,0
5688,769,2026-03-15 09:00:00,15,6,0,lunch,extreme,8,1,491,168,332.34,1,0.1,0.06632210894325609,0.03367789105674392,1,387.89,38.79,54.94,252.13,42.03,1,0,0
5689,770,2026-05-12 23:00:00,12,1,0,dinner,clear,7,1,501,172,342.17,0,0.0,0.0,0.0,1,342.17,0.0,65.98,222.41,53.78,0,0,0
5690,771,2026-05-25 17:00:00,25,0,1,late_night,clear,13,1,459,157,423.51,0,0.0,0.0,0.0,1,423.51,0.0,67.24,275.28,80.99,0,0,0
5691,771,2026-06-14 21:00:00,14,6,0,dinner,clear,2,2,523,179,390.75,1,0.15,0.09209505164331314,0.05790494835668686,1,440.16,66.02,86.92,286.1,1.11,1,0,0
5692,771,2026-01-20 14:00:00,20,1,0,dinner,clear,9,1,107,36,245.73,0,0.0,0.0,0.0,1,245.73,0.0,69.58,159.72,16.43,0,0,0
5693,772,2026-04-22 09:00:00,22,2,0,late_night,rain,11,1,204,67,507.77,1,0.05,0.030115166458137745,0.019884833541862258,1,545.6,27.28,67.12,354.64,96.56,1,0,0
5694,772,2026-06-07 14:00:00,7,6,1,breakfast,clear,8,1,522,178,248.13,0,0.0,0.0,0.0,1,248.13,0.0,64.54,161.28,22.31,0,0,0
5695,772,2026-03-31 19:00:00,31,1,1,dinner,rain,10,5,170,56,375.86,0,0.0,0.0,0.0,0,0.0,0.0,0.0,0.0,0.0,0,0,0
5696,772,2026-03-20 12:00:00,20,4,0,breakfast,clear,14,4,317,106,383.97,1,0.1,0.0786928431970716,0.021307156802928412,1,432.87,43.29,53.32,281.37,54.9,0,0,0
5697,772,2026-04-27 13:00:00,27,0,1,dinner,rain,8,4,415,142,396.5,0,0.0,0.0,0.0,0,0.0,0.0,0.0,0.0,0.0,0,0,0
5698,772,2026-01-12 04:00:00,12,0,0,lunch,rain,2,1,139,46,550.59,0,0.0,0.0,0.0,0,0.0,0.0,0.0,0.0,0.0,0,0,0
5699,772,2026-01-21 03:00:00,21,2,0,late_night,clear,4,2,167,55,394.06,0,0.0,0.0,0.0,0,0.0,0.0,0.0,0.0,0.0,0,0,0
5700,772,2026-02-24 01:00:00,24,1,0,late_night,clear,8,2,453,156,246.22,0,0.0,0.0,0.0,0,0.0,0.0,0.0,0.0,0.0,0,0,0
5701,772,2026-06-02 23:00:00,2,1,1,dinner,extreme,5,3,361,122,406.31,0,0.0,0.0,0.0,0,0.0,0.0,0.0,0.0,0.0,0,0,0
5702,772,2026-06-04 08:00:00,4,3,1,lunch,clear,3,4,554,189,318.22,1,0.15,0.09596679126539849,0.054033208734601504,1,371.8,55.77,82.54,241.67,-8.18,0,0,0
5703,772,2026-04-13 10:00:00,13,0,0,breakfast,clear,7,1,497,171,461.55,0,0.0,0.0,0.0,0,0.0,0.0,0.0,0.0,0.0,0,0,0
5704,773,2026-06-16 12:00:00,16,1,0,late_night,clear,10,2,83,27,432.63,0,0.0,0.0,0.0,0,0.0,0.0,0.0,0.0,0.0,0,0,0
5705,773,2026-05-07 14:00:00,7,3,1,lunch,rain,2,2,495,170,353.45,1,0.1,0.08182059683270873,0.018179403167291275,1,394.08,39.41,61.66,256.15,36.86,1,0,0
5706,773,2026-06-11 11:00:00,11,3,0,dinner,clear,6,2,8,2,501.52,1,0.15,0.12007546696214694,0.029924533037853057,1,577.72,86.66,80.14,375.52,35.4,0,0,0
5707,773,2026-05-31 14:00:00,31,6,1,late_night,rain,4,2,500,172,443.27,0,0.0,0.0,0.0,1,443.27,0.0,67.48,288.13,87.66,0,0,0
5708,773,2026-01-11 17:00:00,11,6,0,breakfast,rain,14,1,306,102,364.7,1,0.2,0.1608766691906164,0.0391233308093836,1,431.14,86.23,61.96,280.24,2.71,0,0,0
5709,773,2026-01-19 17:00:00,19,0,0,lunch,extreme,13,1,589,199,395.45,1,0.15,0.13587129734778625,0.014128702652213748,1,455.54,68.33,64.78,296.1,26.33,1,0,0
5710,773,2026-06-27 11:00:00,27,5,1,dinner,clear,4,1,347,117,386.51,1,0.1,0.0996191284545228,0.0003808715454772099,1,430.94,43.09,77.2,280.11,30.53,0,0,0
5711,773,2026-04-26 23:00:00,26,6,1,lunch,clear,3,2,470,161,302.81,1,0.05,0.04623705373148914,0.0037629462685108625,1,323.17,16.16,62.92,210.06,34.03,0,0,0
5712,773,2026-02-12 23:00:00,12,3,0,late_night,rain,11,1,10,3,499.79,1,0.1,0.05587215705442461,0.044127842945575396,1,557.24,55.72,57.34,362.2,81.97,0,0,0
5713,773,2026-04-07 17:00:00,7,1,1,lunch,clear,8,5,517,177,466.41,1,0.2,0.16362091533336967,0.03637908466663034,1,551.38,110.28,69.82,358.4,12.89,0,0,0
5714,773,2026-01-27 05:00:00,27,1,1,late_night,clear,14,1,467,159,534.48,0,0.0,0.0,0.0,0,0.0,0.0,0.0,0.0,0.0,0,0,0
5715,773,2026-04-24 07:00:00,24,4,0,lunch,clear,14,3,494,170,372.46,1,0.2,0.16120575674106077,0.03879424325893924,1,440.31,88.06,60.16,286.2,5.89,1,0,0
5716,773,2026-06-21 01:00:00,21,6,0,lunch,clear,2,1,376,129,469.03,0,0.0,0.0,0.0,0,0.0,0.0,0.0,0.0,0.0,0,0,0
5717,773,2026-01-02 22:00:00,2,4,1,lunch,clear,14,1,102,34,373.66,1,0.05,0.02612052640150041,0.023879473598499592,1,398.78,19.94,55.54,259.21,64.1,0,0,0
5718,774,2026-06-09 13:00:00,9,1,0,dinner,clear,6,1,169,56,358.37,1,0.2,0.17690676192220786,0.02309323807779215,1,385.24,77.05,65.92,250.41,-8.13,1,1,0
5719,774,2026-03-03 19:00:00,3,1,1,dinner,clear,5,1,80,26,419.05,0,0.0,0.0,0.0,0,0.0,0.0,0.0,0.0,0.0,0,0,0
5720,774,2026-06-13 21:00:00,13,5,0,dinner,rain,4,2,29,9,439.47,1,0.2,0.1360292783913097,0.0639707216086903,1,472.42,94.48,50.74,307.07,20.12,1,0,0
5721,774,2026-03-29 20:00:00,29,6,1,lunch,clear,14,2,81,26,550.99,1,0.1,0.0988678394389444,0.0011321605610556118,0,0.0,0.0,0.0,0.0,0.0,0,0,0
5722,774,2026-02-19 13:00:00,19,3,0,lunch,clear,13,3,459,157,423.51,0,0.0,0.0,0.0,0,0.0,0.0,0.0,0.0,0.0,0,0,0
5723,774,2026-02-13 06:00:00,13,4,0,breakfast,clear,1,2,74,24,370.91,0,0.0,0.0,0.0,0,0.0,0.0,0.0,0.0,0.0,0,0,0
5724,774,2026-04-23 20:00:00,23,3,0,late_night,clear,4,1,131,43,406.54,0,0.0,0.0,0.0,1,406.54,0.0,67.48,264.25,74.81,0,0,0
5725,774,2026-05-07 15:00:00,7,3,1,dinner,clear,4,2,349,118,378.25,0,0.0,0.0,0.0,1,378.25,0.0,89.02,245.86,43.37,0,0,0
5726,774,2026-06-13 01:00:00,13,5,0,late_night,clear,10,1,97,33,334.3,1,0.2,0.1877794059648395,0.012220594035160515,1,359.37,71.87,51.16,233.59,2.74,1,0,0
5727,774,2026-02-27 05:00:00,27,4,1,breakfast,extreme,5,1,386,133,329.4,0,0.0,0.0,0.0,0,0.0,0.0,0.0,0.0,0.0,0,0,0
5728,774,2026-04-28 10:00:00,28,1,1,dinner,clear,11,2,215,71,481.1,0,0.0,0.0,0.0,0,0.0,0.0,0.0,0.0,0.0,0,0,0
5729,774,2026-04-03 16:00:00,3,4,1,breakfast,clear,12,2,41,13,378.71,0,0.0,0.0,0.0,1,378.71,0.0,45.22,246.16,87.33,0,0,0
5730,774,2026-05-25 00:00:00,25,0,1,breakfast,clear,7,3,533,181,346.99,0,0.0,0.0,0.0,0,0.0,0.0,0.0,0.0,0.0,0,0,0
5731,775,2026-05-11 06:00:00,11,0,0,dinner,clear,11,1,298,100,356.47,0,0.0,0.0,0.0,0,0.0,0.0,0.0,0.0,0.0,0,0,0
5732,775,2026-02-25 05:00:00,25,2,1,breakfast,clear,3,1,53,17,395.01,1,0.05,0.02605124788587382,0.023948752114126184,1,417.44,20.87,57.1,271.33,68.13,0,0,0
5733,775,2026-03-18 00:00:00,18,2,0,late_night,clear,4,3,136,45,379.51,0,0.0,0.0,0.0,0,0.0,0.0,0.0,0.0,0.0,0,0,0
5734,775,2026-05-24 08:00:00,24,6,0,breakfast,extreme,13,2,167,55,394.06,0,0.0,0.0,0.0,0,0.0,0.0,0.0,0.0,0.0,0,0,0
5735,776,2026-01-09 22:00:00,9,4,0,late_night,clear,12,1,550,188,568.72,1,0.2,0.18531662304354932,0.014683376956450694,1,683.43,136.69,84.76,444.23,17.76,0,0,0
5736,776,2026-02-11 13:00:00,11,2,0,lunch,clear,13,1,143,47,404.73,1,0.2,0.1497188990055933,0.05028110099440672,1,486.37,97.27,71.02,316.14,1.93,0,0,0
5737,776,2026-04-11 06:00:00,11,5,0,breakfast,clear,7,2,138,45,433.17,0,0.0,0.0,0.0,0,0.0,0.0,0.0,0.0,0.0,0,0,0
5738,776,2026-03-13 00:00:00,13,4,0,lunch,clear,7,2,1,0,430.92,1,0.05,0.04121586969247126,0.00878413030752874,1,463.0,23.15,46.18,300.95,92.72,0,0,0
5739,776,2026-05-19 06:00:00,19,1,0,late_night,clear,4,1,420,144,369.6,1,0.15,0.1460933625495615,0.003906637450438483,1,431.78,64.77,50.74,280.66,35.62,0,0,0
5740,776,2026-02-14 01:00:00,14,5,0,late_night,rain,10,1,410,140,370.66,0,0.0,0.0,0.0,0,0.0,0.0,0.0,0.0,0.0,0,1,0
5741,776,2026-06-11 11:00:00,11,3,0,late_night,rain,13,2,572,195,327.24,1,0.15,0.08630230776625161,0.06369769223374838,1,382.29,57.34,57.4,248.49,19.06,0,0,0
5742,776,2026-04-30 04:00:00,30,3,1,late_night,extreme,7,1,196,65,501.99,1,0.2,0.12171881824947817,0.07828118175052184,1,603.24,120.65,59.92,392.11,30.57,0,0,0
5743,776,2026-06-05 03:00:00,5,4,1,dinner,clear,6,1,3,0,415.4,0,0.0,0.0,0.0,1,415.4,0.0,46.18,270.01,99.21,0,0,0
5744,776,2026-03-30 14:00:00,30,0,1,lunch,clear,6,1,588,199,334.13,0,0.0,0.0,0.0,0,0.0,0.0,0.0,0.0,0.0,0,0,0
5745,777,2026-05-23 03:00:00,23,5,0,late_night,clear,4,4,483,165,364.57,0,0.0,0.0,0.0,0,0.0,0.0,0.0,0.0,0.0,0,0,0
5746,777,2026-01-09 04:00:00,9,4,0,breakfast,clear,6,1,90,30,431.25,1,0.2,0.11798006630379146,0.08201993369620855,1,518.7,103.74,81.88,337.15,-4.08,1,0,0
5747,777,2026-01-21 05:00:00,21,2,0,late_night,clear,14,2,78,25,358.87,1,0.05,0.04533857693459584,0.004661423065404166,1,385.73,19.29,82.3,250.72,33.42,0,0,0
5748,777,2026-03-22 19:00:00,22,6,0,lunch,rain,12,1,278,93,308.37,0,0.0,0.0,0.0,1,308.37,0.0,74.26,200.44,33.67,0,0,0
5749,777,2026-01-01 07:00:00,1,3,1,late_night,clear,7,2,9,2,432.79,1,0.05,0.04628973141355679,0.003710268586443216,1,465.18,23.26,80.14,302.37,59.41,0,0,0
5750,778,2026-04-15 07:00:00,15,2,0,dinner,clear,4,2,90,30,431.25,1,0.1,0.07831205260713492,0.021687947392865087,1,468.89,46.89,81.88,304.78,35.34,0,0,0
5751,778,2026-06-09 17:00:00,9,1,0,breakfast,clear,6,4,440,151,317.0,1,0.2,0.11447965989514244,0.08552034010485757,1,360.85,72.17,51.64,234.56,2.49,0,0,0
5752,778,2026-05-10 22:00:00,10,6,0,lunch,clear,9,2,375,129,325.69,0,0.0,0.0,0.0,0,0.0,0.0,0.0,0.0,0.0,0,0,0
5753,779,2026-06-13 16:00:00,13,5,0,breakfast,clear,8,4,170,56,375.86,1,0.1,0.0912499426422202,0.008750057357779811,0,0.0,0.0,0.0,0.0,0.0,0,0,0
5754,779,2026-01-04 12:00:00,4,6,1,late_night,clear,2,2,336,113,334.35,1,0.2,0.12610792665297477,0.07389207334702524,1,351.35,70.27,70.6,228.38,-17.9,1,0,0
5755,779,2026-06-06 23:00:00,6,5,1,late_night,rain,1,1,239,78,297.85,0,0.0,0.0,0.0,0,0.0,0.0,0.0,0.0,0.0,0,0,0
5756,779,2026-02-14 01:00:00,14,5,0,lunch,clear,12,1,421,144,346.22,1,0.1,0.060027614947826206,0.0399723850521738,0,0.0,0.0,0.0,0.0,0.0,0,0,0
5757,779,2026-04-29 17:00:00,29,2,1,dinner,clear,1,3,277,93,332.62,1,0.05,0.04337773840487712,0.006622261595122886,0,0.0,0.0,0.0,0.0,0.0,0,0,0
5758,779,2026-02-28 05:00:00,28,5,1,dinner,rain,4,1,575,196,499.98,0,0.0,0.0,0.0,0,0.0,0.0,0.0,0.0,0.0,0,0,0
5759,779,2026-01-29 03:00:00,29,3,1,lunch,clear,1,2,281,94,499.39,1,0.2,0.18408131761637933,0.01591868238362068,1,524.78,104.96,52.36,341.11,26.36,1,0,0
5760,779,2026-04-20 07:00:00,20,0,0,breakfast,clear,2,5,250,82,326.54,0,0.0,0.0,0.0,1,326.54,0.0,85.6,212.25,28.69,0,0,0
5761,779,2026-04-20 09:00:00,20,0,0,lunch,clear,5,2,533,181,346.99,1,0.05,0.027296616839902532,0.02270338316009747,0,0.0,0.0,0.0,0.0,0.0,0,0,0
5762,779,2026-01-09 02:00:00,9,4,0,dinner,clear,12,1,359,121,321.16,0,0.0,0.0,0.0,0,0.0,0.0,0.0,0.0,0.0,0,0,0
5763,780,2026-04-25 20:00:00,25,5,1,lunch,clear,1,1,240,78,339.14,1,0.2,0.10643578124114295,0.09356421875885707,1,413.08,82.62,78.7,268.5,-16.74,1,0,0
5764,780,2026-04-21 19:00:00,21,1,0,dinner,clear,6,1,339,115,349.28,0,0.0,0.0,0.0,0,0.0,0.0,0.0,0.0,0.0,0,0,0
5765,780,2026-02-08 02:00:00,8,6,0,dinner,clear,9,1,112,37,403.7,1,0.05,0.044293332846162575,0.0057066671538374275,1,436.18,21.81,82.66,283.52,48.2,0,0,0
5766,780,2026-01-17 04:00:00,17,5,0,dinner,clear,13,3,296,100,352.66,1,0.2,0.11067538502326212,0.0893246149767379,1,429.55,85.91,64.18,279.21,0.25,0,0,0
5767,780,2026-01-14 06:00:00,14,2,0,late_night,clear,7,1,198,66,362.58,1,0.2,0.17320330634967687,0.02679669365032314,1,441.63,88.33,47.14,287.06,19.1,0,0,0
5768,780,2026-03-19 09:00:00,19,3,0,late_night,rain,1,1,98,33,267.42,0,0.0,0.0,0.0,0,0.0,0.0,0.0,0.0,0.0,0,0,0
5769,780,2026-05-15 02:00:00,15,4,0,lunch,rain,7,4,257,85,340.31,0,0.0,0.0,0.0,0,0.0,0.0,0.0,0.0,0.0,0,0,0
5770,781,2026-01-01 13:00:00,1,3,1,late_night,clear,5,2,431,147,375.56,1,0.05,0.04186514447864469,0.00813485552135531,0,0.0,0.0,0.0,0.0,0.0,0,0,0
5771,781,2026-05-08 08:00:00,8,4,0,late_night,clear,12,2,278,93,308.37,1,0.2,0.14200284764066867,0.05799715235933134,1,372.55,74.51,72.76,242.16,-16.88,0,0,0
5772,781,2026-05-18 10:00:00,18,0,0,lunch,rain,12,2,555,190,421.12,0,0.0,0.0,0.0,0,0.0,0.0,0.0,0.0,0.0,0,0,0
5773,781,2026-06-10 02:00:00,10,2,0,late_night,clear,13,2,103,34,391.16,1,0.05,0.036289743166934466,0.013710256833065537,1,421.21,21.06,55.54,273.78,70.82,0,0,0
5774,781,2026-05-23 22:00:00,23,5,0,dinner,clear,9,1,444,153,387.88,0,0.0,0.0,0.0,0,0.0,0.0,0.0,0.0,0.0,0,0,0
5775,781,2026-01-18 09:00:00,18,6,0,late_night,clear,6,1,71,23,526.88,1,0.2,0.11770014122757938,0.08229985877242063,1,636.54,127.31,89.32,413.75,6.16,0,0,0
5776,781,2026-01-03 10:00:00,3,5,1,late_night,rain,5,2,239,78,297.85,0,0.0,0.0,0.0,0,0.0,0.0,0.0,0.0,0.0,0,0,0
5777,781,2026-02-22 21:00:00,22,6,0,dinner,clear,13,1,218,71,510.47,0,0.0,0.0,0.0,0,0.0,0.0,0.0,0.0,0.0,0,0,0
5778,781,2026-03-09 09:00:00,9,0,0,lunch,clear,7,5,135,44,274.41,0,0.0,0.0,0.0,1,274.41,0.0,73.3,178.37,22.74,0,0,0
5779,781,2026-01-14 22:00:00,14,2,0,dinner,clear,13,1,296,100,352.66,0,0.0,0.0,0.0,0,0.0,0.0,0.0,0.0,0.0,0,0,0
5780,781,2026-02-12 21:00:00,12,3,0,lunch,clear,5,1,395,136,384.32,0,0.0,0.0,0.0,0,0.0,0.0,0.0,0.0,0.0,0,0,0
5781,781,2026-02-14 05:00:00,14,5,0,dinner,rain,13,1,424,145,401.06,1,0.1,0.07366973455296191,0.026330265447038093,1,453.73,45.37,49.72,294.92,63.71,1,0,0
5782,781,2026-01-10 20:00:00,10,5,0,breakfast,clear,7,1,120,39,415.81,0,0.0,0.0,0.0,0,0.0,0.0,0.0,0.0,0.0,0,0,0
5783,781,2026-02-01 16:00:00,1,6,1,late_night,clear,1,1,422,144,437.29,1,0.2,0.10302419791849292,0.09697580208150709,1,528.3,105.66,50.74,343.4,28.51,0,1,0
5784,782,2026-04-10 19:00:00,10,4,0,lunch,clear,5,1,374,128,310.41,1,0.1,0.07510216734573819,0.02489783265426182,1,355.48,35.55,60.16,231.06,28.71,0,0,0
5785,782,2026-02-24 22:00:00,24,1,0,breakfast,clear,12,4,152,50,315.22,1,0.2,0.1263694911823257,0.0736305088176743,1,387.76,77.55,57.04,252.05,1.12,0,0,0
5786,782,2026-02-01 12:00:00,1,6,1,dinner,clear,6,2,134,44,288.98,0,0.0,0.0,0.0,0,0.0,0.0,0.0,0.0,0.0,0,0,0
5787,782,2026-04-18 13:00:00,18,5,0,lunch,extreme,12,2,301,101,434.19,1,0.05,0.03157778438222867,0.018422215617771333,1,471.07,23.55,75.4,306.19,65.92,1,0,0
5788,782,2026-04-11 04:00:00,11,5,0,breakfast,clear,2,1,449,154,335.88,0,0.0,0.0,0.0,0,0.0,0.0,0.0,0.0,0.0,0,0,0
5789,782,2026-02-03 14:00:00,3,1,1,dinner,clear,3,1,45,14,456.27,1,0.1,0.074613741222176,0.02538625877782401,1,522.52,52.25,70.78,339.64,59.85,0,0,0
5790,782,2026-01-13 20:00:00,13,1,0,late_night,clear,9,1,448,154,318.66,0,0.0,0.0,0.0,0,0.0,0.0,0.0,0.0,0.0,0,0,0
5791,782,2026-02-03 03:00:00,3,1,1,late_night,clear,12,1,307,103,414.29,1,0.2,0.16976811014754675,0.03023188985245326,1,509.63,101.93,75.94,331.26,0.5,0,0,0
5792,782,2026-04-27 08:00:00,27,0,1,dinner,clear,4,3,354,119,352.83,0,0.0,0.0,0.0,1,352.83,0.0,48.22,229.34,75.27,0,0,0
5793,782,2026-02-23 17:00:00,23,0,0,dinner,clear,4,1,123,40,374.8,0,0.0,0.0,0.0,0,0.0,0.0,0.0,0.0,0.0,0,0,0
5794,782,2026-05-14 03:00:00,14,3,0,breakfast,clear,4,1,589,199,395.45,1,0.2,0.1272196566259025,0.0727803433740975,1,486.46,97.29,61.78,316.2,11.19,0,0,0
5795,782,2026-06-23 06:00:00,23,1,0,breakfast,rain,6,2,39,12,668.74,0,0.0,0.0,0.0,0,0.0,0.0,0.0,0.0,0.0,0,0,0
5796,782,2026-01-26 01:00:00,26,0,1,dinner,clear,8,1,443,153,368.55,1,0.1,0.0789692975293733,0.021030702470626703,1,422.06,42.21,78.88,274.34,26.64,1,0,0
5797,783,2026-04-12 01:00:00,12,6,0,breakfast,clear,10,1,125,41,321.49,0,0.0,0.0,0.0,0,0.0,0.0,0.0,0.0,0.0,0,0,0
5798,783,2026-02-16 13:00:00,16,0,0,dinner,clear,11,1,335,113,408.94,1,0.15,0.10186306534570434,0.04813693465429565,1,478.44,71.77,70.6,310.99,25.09,0,0,0
5799,783,2026-06-02 04:00:00,2,1,1,late_night,clear,6,1,253,83,398.87,0,0.0,0.0,0.0,0,0.0,0.0,0.0,0.0,0.0,0,0,0
5800,783,2026-06-24 15:00:00,24,2,0,late_night,extreme,8,1,262,87,288.41,0,0.0,0.0,0.0,1,288.41,0.0,55.0,187.47,45.94,0,0,0
5801,783,2026-02-22 19:00:00,22,6,0,dinner,clear,4,5,519,178,302.78,0,0.0,0.0,0.0,0,0.0,0.0,0.0,0.0,0.0,0,0,0
5802,784,2026-04-30 18:00:00,30,3,1,late_night,rain,12,2,190,63,989.89,1,0.2,0.12953101163362582,0.07046898836637419,1,1160.68,232.14,89.38,754.44,84.72,0,0,0
5803,784,2026-01-29 17:00:00,29,3,1,dinner,clear,11,1,572,195,327.24,0,0.0,0.0,0.0,0,0.0,0.0,0.0,0.0,0.0,0,0,0
5804,784,2026-04-01 14:00:00,1,2,1,dinner,clear,12,1,118,39,439.52,0,0.0,0.0,0.0,0,0.0,0.0,0.0,0.0,0.0,0,0,0
5805,784,2026-03-06 22:00:00,6,4,1,late_night,clear,2,2,107,36,245.73,0,0.0,0.0,0.0,0,0.0,0.0,0.0,0.0,0.0,0,0,0
5806,784,2026-01-02 02:00:00,2,4,1,dinner,clear,8,1,573,195,366.51,0,0.0,0.0,0.0,0,0.0,0.0,0.0,0.0,0.0,0,0,0
5807,785,2026-03-17 06:00:00,17,1,0,lunch,clear,4,3,176,58,380.02,0,0.0,0.0,0.0,0,0.0,0.0,0.0,0.0,0.0,0,0,0
5808,785,2026-01-08 21:00:00,8,3,0,late_night,rain,10,2,46,14,430.08,1,0.05,0.029902795603542753,0.02009720439645725,1,468.88,23.44,72.28,304.77,68.39,1,0,0
5809,785,2026-04-04 02:00:00,4,5,1,late_night,extreme,13,1,381,131,606.56,1,0.2,0.14026768740069814,0.05973231259930187,1,754.84,150.97,70.6,490.65,42.63,0,0,0
5810,785,2026-05-27 07:00:00,27,2,1,breakfast,clear,13,3,534,182,526.78,0,0.0,0.0,0.0,0,0.0,0.0,0.0,0.0,0.0,0,0,0
5811,785,2026-05-08 19:00:00,8,4,0,breakfast,clear,4,2,275,92,337.39,1,0.1,0.05840682773815749,0.04159317226184252,1,389.43,38.94,90.04,253.13,7.32,1,0,0
5812,785,2026-03-18 10:00:00,18,2,0,dinner,rain,2,1,464,159,253.04,0,0.0,0.0,0.0,0,0.0,0.0,0.0,0.0,0.0,0,0,0
5813,785,2026-05-07 09:00:00,7,3,1,breakfast,clear,3,2,57,19,353.42,1,0.1,0.07337319062508814,0.026626809374911867,1,407.93,40.79,63.88,265.16,38.1,0,0,0
5814,785,2026-02-10 09:00:00,10,1,0,breakfast,clear,14,1,489,168,352.48,0,0.0,0.0,0.0,0,0.0,0.0,0.0,0.0,0.0,0,0,0
5815,785,2026-03-19 06:00:00,19,3,0,late_night,clear,12,3,508,174,403.66,1,0.2,0.149358075579299,0.05064192442070101,1,502.34,100.47,56.08,326.52,19.27,0,0,0
5816,785,2026-03-18 06:00:00,18,2,0,breakfast,clear,8,1,101,34,347.68,0,0.0,0.0,0.0,0,0.0,0.0,0.0,0.0,0.0,0,0,0
5817,785,2026-02-16 06:00:00,16,0,0,dinner,rain,3,1,22,6,381.97,0,0.0,0.0,0.0,0,0.0,0.0,0.0,0.0,0.0,0,0,0
5818,785,2026-04-19 03:00:00,19,6,0,late_night,clear,4,1,205,67,352.05,1,0.15,0.11836494368026847,0.03163505631973153,1,423.83,63.57,65.62,275.49,19.15,0,0,0
5819,786,2026-01-06 11:00:00,6,1,1,lunch,clear,11,1,373,128,361.15,0,0.0,0.0,0.0,0,0.0,0.0,0.0,0.0,0.0,0,0,0
5820,786,2026-04-20 22:00:00,20,0,0,dinner,rain,1,2,226,74,412.77,1,0.05,0.04486123730500308,0.005138762694996926,1,428.62,21.43,73.42,278.61,55.17,1,0,0
5821,786,2026-03-19 21:00:00,19,3,0,late_night,rain,1,1,529,180,299.68,0,0.0,0.0,0.0,0,0.0,0.0,0.0,0.0,0.0,0,0,0
5822,786,2026-06-23 05:00:00,23,1,0,breakfast,extreme,7,1,20,6,418.44,0,0.0,0.0,0.0,1,418.44,0.0,82.06,271.99,64.39,0,0,0
5823,786,2026-01-09 03:00:00,9,4,0,dinner,clear,1,1,288,97,518.36,1,0.2,0.16398267869900507,0.03601732130099494,0,0.0,0.0,0.0,0.0,0.0,0,0,0
5824,786,2026-02-17 13:00:00,17,1,0,lunch,rain,5,2,149,50,355.86,1,0.1,0.06812087552119643,0.031879124478803575,1,379.23,37.92,58.54,246.5,36.27,1,0,0
5825,786,2026-06-22 11:00:00,22,0,0,lunch,clear,4,2,402,138,434.21,1,0.2,0.18218104169930144,0.017818958300698573,1,479.4,95.88,50.2,311.61,21.71,0,0,0
5826,786,2026-02-04 00:00:00,4,2,1,late_night,clear,13,4,386,133,329.4,0,0.0,0.0,0.0,0,0.0,0.0,0.0,0.0,0.0,0,0,0
5827,786,2026-05-27 15:00:00,27,2,1,lunch,clear,6,1,357,120,479.44,0,0.0,0.0,0.0,0,0.0,0.0,0.0,0.0,0.0,0,0,0
5828,786,2026-05-03 01:00:00,3,6,1,lunch,clear,2,1,570,194,428.5,0,0.0,0.0,0.0,1,428.5,0.0,80.32,278.53,69.65,0,0,0
5829,787,2026-03-14 02:00:00,14,5,0,lunch,clear,5,4,357,120,479.44,1,0.15,0.14699756827837474,0.0030024317216252594,1,553.84,83.08,87.64,359.99,23.13,0,0,0
5830,788,2026-06-11 12:00:00,11,3,0,breakfast,rain,12,1,137,45,494.46,1,0.1,0.0975807845894715,0.0024192154105285024,1,545.59,54.56,69.46,354.63,66.94,1,0,0
5831,788,2026-03-29 05:00:00,29,6,1,breakfast,clear,1,1,375,129,325.69,0,0.0,0.0,0.0,0,0.0,0.0,0.0,0.0,0.0,0,0,0
5832,788,2026-04-03 21:00:00,3,4,1,breakfast,rain,2,1,219,72,521.25,0,0.0,0.0,0.0,0,0.0,0.0,0.0,0.0,0.0,0,0,0
5833,788,2026-04-27 15:00:00,27,0,1,late_night,rain,3,1,521,178,418.22,1,0.05,0.03505794094390502,0.014942059056094983,1,443.52,22.18,66.04,288.29,67.01,0,0,0
5834,788,2026-05-19 12:00:00,19,1,0,late_night,rain,2,2,220,72,668.5,0,0.0,0.0,0.0,0,0.0,0.0,0.0,0.0,0.0,0,0,0
5835,788,2026-04-30 13:00:00,30,3,1,late_night,clear,4,1,207,68,306.93,0,0.0,0.0,0.0,0,0.0,0.0,0.0,0.0,0.0,0,0,0
5836,788,2026-04-06 11:00:00,6,0,1,lunch,rain,4,1,297,100,435.63,0,0.0,0.0,0.0,1,435.63,0.0,65.68,283.16,86.79,0,0,0
5837,788,2026-04-22 12:00:00,22,2,0,late_night,rain,1,1,100,33,426.11,1,0.1,0.0902043288666228,0.009795671133377204,0,0.0,0.0,0.0,0.0,0.0,0,0,0
5838,789,2026-06-29 11:00:00,29,0,1,lunch,clear,4,2,521,178,418.22,0,0.0,0.0,0.0,0,0.0,0.0,0.0,0.0,0.0,0,0,0
5839,789,2026-06-22 09:00:00,22,0,0,lunch,extreme,2,2,67,22,343.91,0,0.0,0.0,0.0,0,0.0,0.0,0.0,0.0,0.0,0,0,0
5840,789,2026-02-08 02:00:00,8,6,0,dinner,clear,3,1,364,124,442.23,0,0.0,0.0,0.0,0,0.0,0.0,0.0,0.0,0.0,0,0,0
5841,789,2026-05-30 22:00:00,30,5,1,late_night,clear,2,1,473,162,367.38,1,0.1,0.08292058217588166,0.017079417824118343,1,414.86,41.49,76.3,269.66,27.41,0,0,0
5842,790,2026-01-17 10:00:00,17,5,0,late_night,clear,4,1,75,24,427.09,0,0.0,0.0,0.0,1,427.09,0.0,71.02,277.61,78.46,0,0,0
5843,790,2026-05-21 09:00:00,21,3,0,dinner,rain,9,1,257,85,340.31,1,0.05,0.042135199861858125,0.007864800138141878,0,0.0,0.0,0.0,0.0,0.0,0,0,0
5844,790,2026-05-07 22:00:00,7,3,1,dinner,clear,4,3,514,176,436.88,1,0.05,0.027427859724968917,0.022572140275031086,1,459.28,22.96,64.06,298.53,73.72,0,0,0
5845,790,2026-05-24 10:00:00,24,6,0,dinner,clear,7,1,326,110,455.16,1,0.1,0.07223510551681443,0.027764894483185573,1,495.05,49.51,69.34,321.79,54.42,0,0,0
5846,790,2026-03-24 22:00:00,24,1,0,dinner,rain,6,2,13,4,401.59,0,0.0,0.0,0.0,0,0.0,0.0,0.0,0.0,0.0,0,0,0
5847,790,2026-06-14 21:00:00,14,6,0,breakfast,clear,3,1,150,50,461.7,0,0.0,0.0,0.0,0,0.0,0.0,0.0,0.0,0.0,0,0,0
5848,790,2026-06-07 11:00:00,7,6,1,dinner,clear,11,4,261,86,381.66,1,0.2,0.1756517479830747,0.02434825201692531,1,434.68,86.94,73.0,282.54,-7.8,0,0,0
5849,790,2026-05-12 11:00:00,12,1,0,late_night,rain,7,3,46,14,430.08,1,0.15,0.12473187981786844,0.02526812018213155,1,479.91,71.99,72.28,311.94,23.7,1,0,0
5850,790,2026-04-21 22:00:00,21,1,0,late_night,clear,10,1,335,113,408.94,1,0.15,0.09664021922291077,0.05335978077708922,1,456.32,68.45,70.6,296.61,20.66,1,0,0
5851,790,2026-04-26 17:00:00,26,6,1,late_night,clear,9,4,261,86,381.66,1,0.15,0.10450096985761596,0.04549903014238403,1,425.88,63.88,73.0,276.82,12.18,0,0,0
5852,790,2026-01-31 11:00:00,31,5,1,late_night,clear,11,1,545,187,326.24,1,0.1,0.09058725258155104,0.009412747418448969,1,354.83,35.48,77.74,230.64,10.97,1,0,0
5853,790,2026-05-24 10:00:00,24,6,0,dinner,extreme,9,1,365,124,467.16,0,0.0,0.0,0.0,0,0.0,0.0,0.0,0.0,0.0,0,0,0
5854,790,2026-01-16 16:00:00,16,4,0,dinner,clear,7,1,328,110,369.63,1,0.05,0.04270751040156135,0.007292489598438652,1,388.58,19.43,69.34,252.58,47.23,1,0,0
5855,791,2026-04-06 20:00:00,6,0,1,breakfast,clear,11,1,224,73,409.67,0,0.0,0.0,0.0,0,0.0,0.0,0.0,0.0,0.0,0,0,0
5856,791,2026-03-14 17:00:00,14,5,0,late_night,rain,8,2,407,139,299.82,0,0.0,0.0,0.0,0,0.0,0.0,0.0,0.0,0.0,0,0,0
5857,791,2026-06-22 06:00:00,22,0,0,lunch,clear,6,1,523,179,390.75,1,0.2,0.19030495808779102,0.00969504191220899,1,482.77,96.55,86.92,313.8,-14.5,0,0,0
5858,791,2026-01-31 17:00:00,31,5,1,lunch,clear,8,1,256,84,422.03,1,0.1,0.09925587326483379,0.0007441267351662173,1,484.73,48.47,49.0,315.08,72.18,0,0,0
5859,791,2026-05-19 07:00:00,19,1,0,breakfast,clear,7,1,86,28,398.14,1,0.1,0.08468951521074533,0.015310484789254675,1,457.29,45.73,50.56,297.24,63.76,0,0,0
5860,792,2026-01-15 03:00:00,15,3,0,late_night,rain,9,1,284,95,437.97,0,0.0,0.0,0.0,0,0.0,0.0,0.0,0.0,0.0,0,0,0
5861,792,2026-02-28 17:00:00,28,5,1,lunch,rain,10,1,45,14,456.27,1,0.05,0.04930556406769246,0.0006944359323075439,1,467.8,23.39,72.28,304.07,68.06,0,0,0
5862,792,2026-04-26 23:00:00,26,6,1,late_night,clear,10,3,555,190,421.12,1,0.15,0.10440853746307202,0.045591462536927974,1,445.17,66.78,83.62,289.36,5.41,1,0,0
5863,792,2026-01-09 13:00:00,9,4,0,late_night,rain,3,2,51,16,606.47,1,0.05,0.030861253943219383,0.01913874605678062,0,0.0,0.0,0.0,0.0,0.0,0,0,0
5864,792,2026-01-10 06:00:00,10,5,0,breakfast,clear,8,1,168,55,286.78,1,0.15,0.09608407203606278,0.05391592796393721,1,303.16,45.47,87.64,197.05,-27.01,0,0,0
5865,792,2026-01-28 11:00:00,28,2,1,lunch,clear,4,1,371,127,443.31,0,0.0,0.0,0.0,0,0.0,0.0,0.0,0.0,0.0,0,0,0
5866,792,2026-03-09 05:00:00,9,0,0,lunch,clear,11,1,414,141,232.56,0,0.0,0.0,0.0,0,0.0,0.0,0.0,0.0,0.0,0,0,0
5867,792,2026-05-18 04:00:00,18,0,0,lunch,clear,10,2,532,181,329.51,0,0.0,0.0,0.0,1,329.51,0.0,65.44,214.18,49.89,0,0,0
5868,793,2026-01-10 05:00:00,10,5,0,dinner,extreme,13,2,331,112,502.27,1,0.2,0.12608101835321445,0.07391898164678556,1,590.96,118.19,59.38,384.12,29.26,0,0,0
5869,793,2026-05-22 10:00:00,22,4,0,breakfast,clear,14,2,100,33,426.11,0,0.0,0.0,0.0,0,0.0,0.0,0.0,0.0,0.0,0,0,0
5870,793,2026-01-29 12:00:00,29,3,1,dinner,clear,1,2,445,153,277.25,1,0.15,0.07859071002858713,0.07140928997141287,1,318.08,47.71,78.88,206.75,-15.26,1,0,0
5871,793,2026-05-15 10:00:00,15,4,0,late_night,extreme,2,3,580,197,288.97,0,0.0,0.0,0.0,0,0.0,0.0,0.0,0.0,0.0,0,0,0
5872,793,2026-01-15 15:00:00,15,3,0,breakfast,clear,12,1,550,188,568.72,1,0.05,0.027970480449839897,0.022029519550160106,1,605.78,30.29,84.76,393.76,96.97,0,0,0
5873,793,2026-04-01 00:00:00,1,2,1,dinner,clear,7,2,86,28,398.14,0,0.0,0.0,0.0,0,0.0,0.0,0.0,0.0,0.0,0,0,0
5874,793,2026-04-22 02:00:00,22,2,0,lunch,clear,14,1,235,76,242.38,0,0.0,0.0,0.0,0,0.0,0.0,0.0,0.0,0.0,0,0,0
5875,794,2026-05-11 18:00:00,11,0,0,breakfast,clear,4,1,536,183,397.95,1,0.1,0.059249816520899716,0.04075018347910029,0,0.0,0.0,0.0,0.0,0.0,0,0,0
5876,794,2026-04-04 20:00:00,4,5,1,dinner,clear,12,1,106,35,389.07,0,0.0,0.0,0.0,0,0.0,0.0,0.0,0.0,0.0,0,0,0
5877,794,2026-05-31 05:00:00,31,6,1,lunch,clear,14,1,154,51,317.65,0,0.0,0.0,0.0,0,0.0,0.0,0.0,0.0,0.0,0,0,0
5878,794,2026-02-08 02:00:00,8,6,0,late_night,clear,12,4,241,78,460.55,0,0.0,0.0,0.0,0,0.0,0.0,0.0,0.0,0.0,0,0,0
5879,795,2026-04-30 23:00:00,30,3,1,dinner,rain,13,2,533,181,346.99,1,0.05,0.03725483401745518,0.012745165982544826,1,355.6,17.78,66.94,231.14,39.74,1,0,0
5880,795,2026-05-12 14:00:00,12,1,0,breakfast,rain,14,3,347,117,386.51,1,0.05,0.0422589082370961,0.007741091762903905,0,0.0,0.0,0.0,0.0,0.0,0,0,0
5881,795,2026-05-30 12:00:00,30,5,1,breakfast,extreme,13,1,393,135,332.05,0,0.0,0.0,0.0,1,332.05,0.0,80.2,215.83,36.02,0,0,0
5882,795,2026-03-20 18:00:00,20,4,0,dinner,rain,11,1,324,109,583.03,0,0.0,0.0,0.0,0,0.0,0.0,0.0,0.0,0.0,0,0,0
5883,795,2026-01-01 15:00:00,1,3,1,lunch,rain,6,2,477,163,341.1,0,0.0,0.0,0.0,1,341.1,0.0,56.08,221.72,63.31,0,0,0
5884,795,2026-01-04 22:00:00,4,6,1,late_night,extreme,11,2,219,72,521.25,1,0.2,0.17042998679343435,0.02957001320656566,0,0.0,0.0,0.0,0.0,0.0,0,0,0
5885,795,2026-02-10 06:00:00,10,1,0,lunch,clear,7,4,206,68,536.05,1,0.05,0.04239796047703251,0.007602039522967494,0,0.0,0.0,0.0,0.0,0.0,0,0,0
5886,795,2026-04-09 10:00:00,9,3,0,dinner,clear,3,4,267,89,351.67,0,0.0,0.0,0.0,0,0.0,0.0,0.0,0.0,0.0,0,0,0
5887,796,2026-04-29 03:00:00,29,2,1,dinner,extreme,9,3,516,177,593.59,0,0.0,0.0,0.0,1,593.59,0.0,72.82,385.83,134.94,0,0,0
5888,796,2026-04-19 21:00:00,19,6,0,lunch,clear,9,1,360,122,593.1,0,0.0,0.0,0.0,0,0.0,0.0,0.0,0.0,0.0,0,0,0
5889,796,2026-03-25 07:00:00,25,2,1,lunch,extreme,9,1,20,6,418.44,0,0.0,0.0,0.0,0,0.0,0.0,0.0,0.0,0.0,0,1,0
5890,796,2026-03-16 15:00:00,16,0,0,late_night,clear,8,1,284,95,437.97,1,0.15,0.09355582829880306,0.056444171701196935,1,515.62,77.34,67.12,335.15,36.0,0,0,0
5891,796,2026-05-24 08:00:00,24,6,0,late_night,clear,11,1,30,9,465.85,1,0.2,0.12182266337337665,0.07817733662662336,1,564.88,112.98,49.24,367.17,35.49,0,0,0
5892,796,2026-05-10 23:00:00,10,6,0,late_night,rain,5,1,129,42,337.95,1,0.2,0.17584274322693594,0.024157256773064073,1,409.79,81.96,52.42,266.36,9.05,0,1,0
5893,796,2026-06-16 10:00:00,16,1,0,late_night,clear,11,2,419,143,516.7,1,0.05,0.040776870039886885,0.009223129960113118,1,557.24,27.86,70.36,362.21,96.81,1,0,0
5894,796,2026-02-23 11:00:00,23,0,0,breakfast,rain,4,2,526,180,528.36,0,0.0,0.0,0.0,1,528.36,0.0,79.36,343.43,105.57,0,0,0
5895,796,2026-01-01 17:00:00,1,3,1,late_night,clear,14,1,325,109,468.54,1,0.05,0.04165740417300591,0.008342595826994093,0,0.0,0.0,0.0,0.0,0.0,0,0,0
5896,796,2026-05-22 15:00:00,22,4,0,lunch,clear,8,2,16,4,481.46,1,0.15,0.09788062176401248,0.052119378235987515,1,566.82,85.02,70.0,368.44,43.36,0,0,0
5897,796,2026-01-10 16:00:00,10,5,0,lunch,clear,8,2,89,30,399.84,1,0.05,0.029561989688941172,0.02043801031105883,0,0.0,0.0,0.0,0.0,0.0,0,0,0
5898,796,2026-04-24 00:00:00,24,4,0,lunch,rain,3,1,279,93,516.93,1,0.2,0.17727782343835571,0.022722176561644297,1,626.82,125.36,74.26,407.43,19.76,1,0,0
5899,796,2026-03-31 14:00:00,31,1,1,breakfast,clear,5,1,22,6,381.97,0,0.0,0.0,0.0,0,0.0,0.0,0.0,0.0,0.0,0,0,0
5900,796,2026-03-03 00:00:00,3,1,1,dinner,clear,13,3,72,23,541.6,1,0.15,0.09406167197629255,0.05593832802370745,1,637.63,95.64,89.32,414.46,38.21,0,0,0
5901,797,2026-04-03 09:00:00,3,4,1,breakfast,clear,6,1,467,159,534.48,0,0.0,0.0,0.0,0,0.0,0.0,0.0,0.0,0.0,0,0,0
5902,797,2026-01-12 08:00:00,12,0,0,lunch,extreme,4,1,412,141,376.41,1,0.2,0.17269391690333555,0.027306083096664463,1,457.67,91.53,70.96,297.48,-2.31,0,0,0
5903,797,2026-01-20 11:00:00,20,1,0,breakfast,clear,7,2,306,102,364.7,0,0.0,0.0,0.0,0,0.0,0.0,0.0,0.0,0.0,0,0,0
5904,797,2026-01-18 11:00:00,18,6,0,dinner,extreme,4,2,577,196,458.78,1,0.15,0.10378233059555157,0.04621766940444842,1,541.38,81.21,49.84,351.9,58.44,0,0,0
5905,797,2026-02-09 14:00:00,9,0,0,lunch,clear,3,3,274,92,294.0,0,0.0,0.0,0.0,0,0.0,0.0,0.0,0.0,0.0,0,0,0
5906,797,2026-06-04 21:00:00,4,3,1,lunch,clear,2,1,166,55,410.42,1,0.05,0.04389601069859215,0.006103989301407854,0,0.0,0.0,0.0,0.0,0.0,0,0,0
5907,797,2026-05-14 12:00:00,14,3,0,breakfast,rain,6,1,401,138,355.52,1,0.05,0.032070400931039016,0.017929599068960987,1,383.85,19.19,51.7,249.5,63.45,0,0,0
5908,797,2026-04-05 11:00:00,5,6,1,breakfast,rain,12,2,220,72,668.5,1,0.05,0.04534274839681867,0.004657251603181332,1,721.76,36.09,56.14,469.15,160.39,0,0,0
5909,797,2026-03-22 12:00:00,22,6,0,breakfast,clear,9,1,64,21,319.07,1,0.1,0.05531847362099283,0.04468152637900718,1,362.53,36.25,84.88,235.64,5.75,0,0,0
5910,797,2026-03-06 08:00:00,6,4,1,breakfast,clear,14,1,63,21,314.23,1,0.2,0.13678209010568576,0.06321790989431425,1,382.07,76.41,84.88,248.34,-27.57,1,0,0
5911,797,2026-04-28 07:00:00,28,1,1,late_night,extreme,13,2,438,150,397.96,0,0.0,0.0,0.0,0,0.0,0.0,0.0,0.0,0.0,0,0,0
5912,797,2026-03-04 21:00:00,4,2,1,breakfast,clear,11,3,411,140,433.0,1,0.2,0.12886379671349762,0.07113620328650239,1,526.47,105.29,81.52,342.21,-2.55,0,0,0
5913,797,2026-03-19 05:00:00,19,3,0,lunch,clear,2,2,451,155,376.18,1,0.15,0.12750177202116675,0.022498227978833246,1,443.91,66.59,72.04,288.54,16.74,0,0,0
5914,798,2026-04-15 07:00:00,15,2,0,late_night,clear,11,1,59,20,453.76,1,0.15,0.13740109654652075,0.012598903453479249,1,528.04,79.21,57.52,343.22,48.09,0,0,1
5915,798,2026-04-12 04:00:00,12,6,0,lunch,clear,10,1,498,171,395.71,1,0.05,0.0329187545303628,0.017081245469637206,0,0.0,0.0,0.0,0.0,0.0,0,0,0
5916,798,2026-02-08 06:00:00,8,6,0,dinner,extreme,2,1,411,140,433.0,1,0.1,0.0743597395003036,0.025640260499696407,1,486.62,48.66,84.52,316.3,37.13,0,0,0
5917,798,2026-06-15 12:00:00,15,0,0,breakfast,clear,3,4,252,83,352.16,1,0.15,0.09544472917087195,0.05455527082912805,1,409.81,61.47,87.52,266.37,-5.56,0,0,0
5918,798,2026-03-22 20:00:00,22,6,0,breakfast,rain,7,1,340,115,313.38,1,0.05,0.027001939925313696,0.022998060074686306,1,336.08,16.8,85.0,218.45,15.82,0,0,0
5919,798,2026-06-20 14:00:00,20,5,0,lunch,clear,6,2,550,188,568.72,1,0.05,0.04812197903965087,0.0018780209603491346,1,609.92,30.5,84.76,396.45,98.21,0,0,0
5920,798,2026-03-10 02:00:00,10,1,0,late_night,clear,13,2,174,57,360.84,1,0.15,0.07750098116288302,0.07249901883711697,1,419.91,62.99,56.14,272.94,27.84,0,0,0
5921,798,2026-03-29 22:00:00,29,6,1,dinner,extreme,5,2,88,29,328.27,1,0.2,0.12515420610623293,0.07484579389376708,1,392.7,78.54,65.68,255.25,-6.78,0,0,0
5922,798,2026-06-29 17:00:00,29,0,1,late_night,clear,2,1,117,38,339.09,1,0.1,0.09438243736722729,0.005617562632772716,1,381.08,38.11,46.0,247.7,49.27,0,0,0
5923,798,2026-05-31 21:00:00,31,6,1,lunch,clear,7,1,589,199,395.45,0,0.0,0.0,0.0,1,395.45,0.0,61.78,257.04,76.63,0,0,0
5924,799,2026-06-23 05:00:00,23,1,0,dinner,clear,13,1,450,155,358.65,1,0.2,0.15605244072787805,0.04394755927212196,1,401.59,80.32,72.04,261.03,-11.8,0,0,0
5925,799,2026-05-18 00:00:00,18,0,0,late_night,clear,3,1,188,63,387.99,1,0.1,0.06921568029786258,0.030784319702137422,1,417.3,41.73,87.88,271.24,16.44,0,0,0
5926,799,2026-02-17 09:00:00,17,1,0,dinner,rain,6,4,511,175,535.27,0,0.0,0.0,0.0,0,0.0,0.0,0.0,0.0,0.0,0,0,0
5927,799,2026-02-28 04:00:00,28,5,1,dinner,rain,2,1,188,63,387.99,0,0.0,0.0,0.0,0,0.0,0.0,0.0,0.0,0.0,0,0,0
5928,799,2026-01-23 04:00:00,23,4,0,late_night,clear,3,2,39,12,668.74,0,0.0,0.0,0.0,1,668.74,0.0,79.96,434.68,154.1,0,0,0
5929,799,2026-05-21 18:00:00,21,3,0,lunch,rain,2,1,130,42,429.11,1,0.15,0.10441473844284632,0.04558526155715367,1,471.96,70.79,52.42,306.77,41.97,0,0,0
5930,799,2026-03-21 08:00:00,21,5,0,dinner,clear,3,1,141,47,343.49,0,0.0,0.0,0.0,0,0.0,0.0,0.0,0.0,0.0,0,0,0
5931,799,2026-06-13 12:00:00,13,5,0,late_night,clear,14,4,303,102,431.39,0,0.0,0.0,0.0,0,0.0,0.0,0.0,0.0,0.0,0,0,0
5932,799,2026-05-01 01:00:00,1,4,1,late_night,rain,11,2,227,74,392.38,0,0.0,0.0,0.0,0,0.0,0.0,0.0,0.0,0.0,0,0,0
5933,799,2026-05-18 12:00:00,18,0,0,breakfast,clear,11,1,357,120,479.44,1,0.05,0.03422304157278685,0.015776958427213154,1,500.62,25.03,87.64,325.41,62.55,1,0,0
5934,799,2026-04-15 23:00:00,15,2,0,dinner,clear,8,2,426,146,402.47,1,0.1,0.0819146991673119,0.01808530083268811,1,432.87,43.29,50.62,281.37,57.6,0,0,0
5935,800,2026-01-28 20:00:00,28,2,1,breakfast,clear,6,2,50,16,341.45,0,0.0,0.0,0.0,1,341.45,0.0,53.62,221.94,65.89,0,0,0
5936,800,2026-01-02 08:00:00,2,4,1,breakfast,clear,10,2,166,55,410.42,0,0.0,0.0,0.0,0,0.0,0.0,0.0,0.0,0.0,0,0,0
5937,800,2026-04-08 21:00:00,8,2,0,dinner,clear,4,3,195,65,438.04,1,0.15,0.09994328495539358,0.05005671504460642,1,524.04,78.61,56.92,340.63,47.89,0,0,0
5938,800,2026-03-14 14:00:00,14,5,0,breakfast,clear,6,1,179,59,330.4,0,0.0,0.0,0.0,1,330.4,0.0,58.48,214.76,57.16,0,0,0
5939,800,2026-01-06 11:00:00,6,1,1,lunch,clear,14,4,183,60,258.03,0,0.0,0.0,0.0,0,0.0,0.0,0.0,0.0,0.0,0,0,0
5940,800,2026-05-20 17:00:00,20,2,0,dinner,extreme,6,1,193,64,439.49,0,0.0,0.0,0.0,0,0.0,0.0,0.0,0.0,0.0,0,0,0
5941,800,2026-04-26 22:00:00,26,6,1,dinner,clear,10,1,566,193,300.71,0,0.0,0.0,0.0,1,300.71,0.0,85.84,195.46,19.41,0,0,0
5942,800,2026-06-08 22:00:00,8,0,0,dinner,clear,12,3,40,12,466.1,0,0.0,0.0,0.0,1,466.1,0.0,79.96,302.97,83.17,0,0,0
5943,800,2026-01-10 13:00:00,10,5,0,lunch,clear,11,1,177,58,410.11,1,0.15,0.09147076740313578,0.05852923259686421,1,490.63,73.59,79.9,318.91,18.23,1,0,0
5944,800,2026-05-20 05:00:00,20,2,0,dinner,clear,11,3,284,95,437.97,1,0.05,0.042552909912513606,0.0074470900874863966,1,476.02,23.8,67.12,309.41,75.69,0,0,0
5945,800,2026-03-01 12:00:00,1,6,1,lunch,rain,2,2,559,191,467.99,1,0.05,0.047690588218155916,0.002309411781844087,1,508.65,25.43,89.14,330.62,63.45,1,0,0
5946,801,2026-04-28 04:00:00,28,1,1,late_night,rain,13,1,382,132,329.93,0,0.0,0.0,0.0,1,329.93,0.0,58.0,214.45,57.48,0,0,0
5947,801,2026-05-19 00:00:00,19,1,0,late_night,clear,7,2,276,92,323.06,1,0.05,0.03234295458056321,0.017657045419436794,1,341.85,17.09,90.04,222.2,12.52,0,0,0
5948,801,2026-03-22 20:00:00,22,6,0,late_night,clear,3,1,308,103,384.17,1,0.05,0.030630040638858515,0.019369959361141487,1,406.52,20.33,75.94,264.24,46.02,0,0,0
5949,801,2026-03-29 20:00:00,29,6,1,dinner,clear,7,1,31,9,344.82,1,0.1,0.05337831249854024,0.046621687501459765,1,379.11,37.91,49.24,246.42,45.54,1,0,0
5950,801,2026-01-12 10:00:00,12,0,0,lunch,rain,2,1,565,193,359.54,0,0.0,0.0,0.0,0,0.0,0.0,0.0,0.0,0.0,0,0,0
5951,801,2026-03-20 18:00:00,20,4,0,lunch,clear,3,3,176,58,380.02,0,0.0,0.0,0.0,0,0.0,0.0,0.0,0.0,0.0,0,0,0
5952,801,2026-06-14 06:00:00,14,6,0,lunch,clear,5,1,587,199,402.75,0,0.0,0.0,0.0,0,0.0,0.0,0.0,0.0,0.0,0,0,0
5953,801,2026-06-24 11:00:00,24,2,0,late_night,rain,12,4,190,63,989.89,1,0.05,0.032992737790018614,0.01700726220998139,1,1047.48,52.37,89.38,680.86,224.86,0,0,0
5954,801,2026-06-14 09:00:00,14,6,0,breakfast,clear,1,1,266,88,603.82,1,0.1,0.08163409616253584,0.01836590383746417,1,663.87,66.39,64.66,431.52,101.31,1,0,0
5955,801,2026-01-30 04:00:00,30,4,1,late_night,rain,4,2,165,55,393.95,0,0.0,0.0,0.0,0,0.0,0.0,0.0,0.0,0.0,0,0,0
5956,801,2026-03-24 21:00:00,24,1,0,breakfast,clear,13,2,228,74,270.68,0,0.0,0.0,0.0,0,0.0,0.0,0.0,0.0,0.0,0,0,0
5957,801,2026-01-01 12:00:00,1,3,1,lunch,clear,2,1,40,12,466.1,0,0.0,0.0,0.0,0,0.0,0.0,0.0,0.0,0.0,0,0,0
5958,802,2026-01-15 17:00:00,15,3,0,breakfast,clear,6,1,341,115,349.17,0,0.0,0.0,0.0,1,349.17,0.0,83.5,226.96,38.71,0,0,0
5959,802,2026-01-06 18:00:00,6,1,1,breakfast,clear,2,1,306,102,364.7,0,0.0,0.0,0.0,0,0.0,0.0,0.0,0.0,0.0,0,0,0
5960,802,2026-01-27 22:00:00,27,1,1,late_night,clear,9,2,404,138,351.02,0,0.0,0.0,0.0,0,0.0,0.0,0.0,0.0,0.0,0,0,0
5961,802,2026-05-16 21:00:00,16,5,0,late_night,clear,10,1,83,27,432.63,1,0.15,0.14413554940128767,0.005864450598712323,1,494.0,74.1,86.8,321.1,12.0,0,0,0
5962,802,2026-04-20 14:00:00,20,0,0,late_night,clear,1,4,251,82,426.08,1,0.05,0.0311148252037337,0.018885174796266304,1,452.82,22.64,85.6,294.34,50.25,0,0,0
5963,803,2026-05-08 21:00:00,8,4,0,breakfast,clear,14,2,555,190,421.12,1,0.2,0.1703794227061758,0.029620577293824224,1,466.99,93.4,83.62,303.54,-13.57,0,0,0
5964,803,2026-06-11 04:00:00,11,3,0,dinner,clear,14,3,298,100,356.47,1,0.1,0.08660342778620717,0.01339657221379284,1,380.97,38.1,64.18,247.63,31.06,1,0,0
5965,803,2026-04-17 00:00:00,17,4,0,lunch,rain,11,1,374,128,310.41,0,0.0,0.0,0.0,1,310.41,0.0,61.66,201.77,46.98,0,0,0
5966,803,2026-04-26 20:00:00,26,6,1,breakfast,rain,5,1,565,193,359.54,1,0.05,0.03562954102794572,0.01437045897205428,0,0.0,0.0,0.0,0.0,0.0,0,0,0
5967,803,2026-02-28 14:00:00,28,5,1,lunch,clear,1,1,138,45,433.17,1,0.05,0.03681979805577296,0.01318020194422704,0,0.0,0.0,0.0,0.0,0.0,0,0,0
5968,804,2026-06-25 11:00:00,25,3,1,lunch,clear,12,1,582,198,450.79,0,0.0,0.0,0.0,0,0.0,0.0,0.0,0.0,0.0,0,0,0
5969,805,2026-04-05 14:00:00,5,6,1,late_night,rain,11,1,559,191,467.99,0,0.0,0.0,0.0,0,0.0,0.0,0.0,0.0,0.0,0,0,0
5970,805,2026-01-09 09:00:00,9,4,0,breakfast,clear,2,2,40,12,466.1,0,0.0,0.0,0.0,0,0.0,0.0,0.0,0.0,0.0,0,0,0
5971,805,2026-02-19 09:00:00,19,3,0,late_night,rain,5,1,87,29,453.25,0,0.0,0.0,0.0,0,0.0,0.0,0.0,0.0,0.0,0,0,0
5972,805,2026-03-02 05:00:00,2,0,1,dinner,clear,9,3,357,120,479.44,1,0.1,0.08071453300362874,0.019285466996371264,1,534.37,53.44,87.64,347.34,45.95,1,0,0
5973,805,2026-04-10 18:00:00,10,4,0,lunch,clear,3,2,242,78,538.55,0,0.0,0.0,0.0,0,0.0,0.0,0.0,0.0,0.0,0,0,0
5974,805,2026-04-13 19:00:00,13,0,0,lunch,clear,9,2,175,57,349.16,0,0.0,0.0,0.0,1,349.16,0.0,56.14,226.95,66.07,0,0,0
5975,805,2026-06-24 11:00:00,24,2,0,dinner,clear,14,1,153,51,331.89,1,0.1,0.08293004771157829,0.017069952288421716,1,369.92,36.99,72.04,240.45,20.44,0,0,0
5976,806,2026-05-14 06:00:00,14,3,0,lunch,clear,6,1,197,65,394.82,0,0.0,0.0,0.0,0,0.0,0.0,0.0,0.0,0.0,0,0,0
5977,806,2026-05-31 09:00:00,31,6,1,lunch,clear,4,2,197,65,394.82,0,0.0,0.0,0.0,0,0.0,0.0,0.0,0.0,0.0,0,0,0
5978,806,2026-05-18 08:00:00,18,0,0,late_night,extreme,1,1,46,14,430.08,1,0.15,0.12228568573869304,0.027714314261306952,1,477.87,71.68,73.78,310.62,21.79,0,0,0
5979,806,2026-03-17 08:00:00,17,1,0,breakfast,rain,11,2,267,89,351.67,0,0.0,0.0,0.0,0,0.0,0.0,0.0,0.0,0.0,0,0,0
5980,806,2026-06-12 05:00:00,12,4,0,lunch,clear,10,2,496,171,425.35,1,0.15,0.09654684219953301,0.053453157800466986,1,472.62,70.89,59.08,307.2,35.44,0,0,0
5981,806,2026-05-05 09:00:00,5,1,1,late_night,clear,2,1,322,108,306.99,0,0.0,0.0,0.0,0,0.0,0.0,0.0,0.0,0.0,0,0,0
5982,806,2026-06-27 14:00:00,27,5,1,late_night,rain,5,1,16,4,481.46,1,0.15,0.09751157130482127,0.052488428695178724,1,534.96,80.24,71.5,347.72,35.49,0,0,0
5983,806,2026-06-05 00:00:00,5,4,1,dinner,rain,9,1,275,92,337.39,0,0.0,0.0,0.0,0,0.0,0.0,0.0,0.0,0.0,0,0,0
5984,806,2026-02-05 17:00:00,5,3,1,breakfast,clear,11,1,168,55,286.78,0,0.0,0.0,0.0,1,286.78,0.0,87.64,186.41,12.73,0,0,0
5985,806,2026-02-19 15:00:00,19,3,0,lunch,clear,7,1,116,38,269.91,1,0.05,0.04051947529692456,0.009480524703075442,1,283.18,14.16,46.0,184.07,38.95,0,0,0
5986,806,2026-05-11 11:00:00,11,0,0,dinner,clear,11,1,467,159,534.48,0,0.0,0.0,0.0,0,0.0,0.0,0.0,0.0,0.0,0,0,0
5987,806,2026-03-02 04:00:00,2,0,1,dinner,clear,5,3,24,7,471.83,0,0.0,0.0,0.0,0,0.0,0.0,0.0,0.0,0.0,0,0,0
5988,806,2026-03-25 00:00:00,25,2,1,breakfast,rain,11,1,218,71,510.47,0,0.0,0.0,0.0,0,0.0,0.0,0.0,0.0,0.0,0,0,0
5989,807,2026-02-04 20:00:00,4,2,1,breakfast,clear,7,1,158,52,277.26,0,0.0,0.0,0.0,1,277.26,0.0,60.64,180.22,36.4,0,0,0
5990,807,2026-03-01 07:00:00,1,6,1,lunch,clear,10,1,4,1,425.22,0,0.0,0.0,0.0,0,0.0,0.0,0.0,0.0,0.0,0,0,0
5991,807,2026-06-08 16:00:00,8,0,0,late_night,clear,3,2,478,163,234.55,1,0.15,0.09138787155179333,0.058612128448206666,1,267.69,40.15,54.58,174.0,-1.04,0,0,0
5992,807,2026-03-30 16:00:00,30,0,1,dinner,rain,7,1,312,105,471.86,0,0.0,0.0,0.0,1,471.86,0.0,81.7,306.71,83.45,0,0,0
5993,808,2026-03-23 11:00:00,23,0,0,late_night,extreme,6,4,536,183,397.95,1,0.15,0.0905180827950018,0.059481917204998194,1,446.57,66.99,53.32,290.27,35.99,1,0,0
5994,808,2026-04-24 06:00:00,24,4,0,lunch,clear,10,2,306,102,364.7,1,0.1,0.05295473398875475,0.04704526601124526,0,0.0,0.0,0.0,0.0,0.0,0,0,0
5995,808,2026-04-29 07:00:00,29,2,1,breakfast,clear,11,2,43,13,320.07,1,0.1,0.07507551967251706,0.024924480327482942,1,349.65,34.97,45.22,227.28,42.19,1,0,0
5996,808,2026-03-15 10:00:00,15,6,0,lunch,clear,11,3,187,62,507.74,1,0.2,0.11440997470763169,0.08559002529236832,1,582.12,116.42,72.28,378.38,15.04,1,0,0
5997,808,2026-03-03 15:00:00,3,1,1,breakfast,clear,6,1,128,42,428.94,0,0.0,0.0,0.0,0,0.0,0.0,0.0,0.0,0.0,0,0,0
5998,808,2026-05-02 14:00:00,2,5,1,lunch,rain,1,2,146,48,348.11,0,0.0,0.0,0.0,0,0.0,0.0,0.0,0.0,0.0,0,0,0
5999,808,2026-06-28 06:00:00,28,6,1,dinner,extreme,2,2,264,87,368.04,1,0.15,0.08961427500921994,0.06038572499078006,1,413.01,61.95,55.0,268.46,27.6,1,0,0
6000,808,2026-02-22 16:00:00,22,6,0,breakfast,clear,9,3,360,122,593.1,0,0.0,0.0,0.0,1,593.1,0.0,60.34,385.52,147.24,0,0,0
6001,808,2026-01-13 11:00:00,13,1,0,dinner,clear,4,3,142,47,365.27,0,0.0,0.0,0.0,0,0.0,0.0,0.0,0.0,0.0,0,0,0
6002,808,2026-05-06 18:00:00,6,2,1,late_night,clear,10,1,270,90,394.25,1,0.2,0.12003852543031815,0.07996147456968186,1,452.01,90.4,69.76,293.8,-1.96,0,0,0
6003,809,2026-05-30 22:00:00,30,5,1,late_night,rain,9,1,244,79,438.48,1,0.15,0.07711211282020412,0.07288788717979587,1,527.98,79.2,73.42,343.18,32.18,0,0,0
6004,810,2026-04-13 14:00:00,13,0,0,lunch,clear,8,1,272,91,541.4,1,0.1,0.07848861518790434,0.021511384812095663,1,597.32,59.73,53.98,388.26,95.35,0,0,0
6005,810,2026-05-20 23:00:00,20,2,0,late_night,clear,14,1,394,135,359.67,0,0.0,0.0,0.0,0,0.0,0.0,0.0,0.0,0.0,0,0,0
6006,810,2026-01-11 20:00:00,11,6,0,lunch,clear,12,1,350,118,329.12,0,0.0,0.0,0.0,1,329.12,0.0,89.02,213.93,26.17,0,0,0
6007,810,2026-04-27 04:00:00,27,0,1,lunch,clear,5,1,242,78,538.55,0,0.0,0.0,0.0,0,0.0,0.0,0.0,0.0,0.0,0,1,0
6008,810,2026-06-20 03:00:00,20,5,0,lunch,clear,8,3,132,43,321.82,0,0.0,0.0,0.0,0,0.0,0.0,0.0,0.0,0.0,0,0,0
6009,810,2026-04-19 02:00:00,19,6,0,late_night,clear,7,2,155,52,395.2,1,0.05,0.04559753848677657,0.004402461513223432,0,0.0,0.0,0.0,0.0,0.0,0,0,0
6010,810,2026-05-06 07:00:00,6,2,1,lunch,clear,2,1,540,185,437.06,0,0.0,0.0,0.0,1,437.06,0.0,74.56,284.09,78.41,0,0,0
6011,810,2026-05-30 05:00:00,30,5,1,lunch,rain,14,2,551,188,482.27,0,0.0,0.0,0.0,1,482.27,0.0,86.26,313.48,82.53,0,0,0
6012,810,2026-05-05 22:00:00,5,1,1,breakfast,clear,11,4,41,13,378.71,0,0.0,0.0,0.0,0,0.0,0.0,0.0,0.0,0.0,0,0,0
6013,810,2026-05-02 15:00:00,2,5,1,late_night,clear,2,1,238,77,307.59,0,0.0,0.0,0.0,0,0.0,0.0,0.0,0.0,0.0,0,0,0
6014,810,2026-05-16 08:00:00,16,5,0,late_night,clear,1,1,92,31,500.94,0,0.0,0.0,0.0,0,0.0,0.0,0.0,0.0,0.0,0,0,0
6015,810,2026-01-21 08:00:00,21,2,0,breakfast,clear,7,5,342,116,418.51,1,0.15,0.08075277125455439,0.0692472287454456,1,475.66,71.35,81.82,309.18,13.31,0,0,0
6016,810,2026-04-03 10:00:00,3,4,1,breakfast,rain,13,1,102,34,373.66,0,0.0,0.0,0.0,0,0.0,0.0,0.0,0.0,0.0,0,0,0
6017,810,2026-01-13 01:00:00,13,1,0,late_night,clear,12,1,302,101,453.97,1,0.1,0.07971867672099496,0.020281323279005045,1,500.86,50.09,72.4,325.56,52.82,0,0,0
6018,811,2026-06-06 14:00:00,6,5,1,dinner,clear,12,2,161,54,318.19,1,0.2,0.1828864330353267,0.01711356696467331,1,408.17,81.63,71.8,265.31,-10.57,1,0,0
6019,811,2026-02-22 21:00:00,22,6,0,breakfast,rain,11,3,89,30,399.84,0,0.0,0.0,0.0,0,0.0,0.0,0.0,0.0,0.0,0,0,0
6020,811,2026-03-24 07:00:00,24,1,0,dinner,extreme,1,1,58,19,386.43,1,0.05,0.02647712962533141,0.023522870374668593,1,426.76,21.34,66.88,277.39,61.15,0,0,0
6021,811,2026-06-04 05:00:00,4,3,1,lunch,extreme,5,1,325,109,468.54,0,0.0,0.0,0.0,1,468.54,0.0,70.66,304.55,93.33,0,0,0
6022,811,2026-01-28 22:00:00,28,2,1,dinner,clear,7,1,558,191,360.12,1,0.1,0.09551958326007569,0.004480416739924317,1,424.37,42.44,87.64,275.84,18.45,0,0,0
6023,811,2026-01-17 03:00:00,17,5,0,lunch,rain,3,1,117,38,339.09,1,0.2,0.1633183903691964,0.03668160963080361,0,0.0,0.0,0.0,0.0,0.0,0,0,0
6024,811,2026-04-13 05:00:00,13,0,0,breakfast,clear,7,1,469,160,452.07,1,0.2,0.19237719122026792,0.007622808779732093,1,579.91,115.98,81.28,376.94,5.71,1,0,0
6025,811,2026-02-02 08:00:00,2,0,1,breakfast,clear,9,1,3,0,415.4,1,0.15,0.08282899341391582,0.06717100658608417,1,513.37,77.01,46.18,333.69,56.49,0,0,0
6026,811,2026-06-09 13:00:00,9,1,0,lunch,clear,7,1,245,80,423.87,1,0.2,0.132760390060065,0.06723960993993502,1,543.73,108.75,73.0,353.43,8.56,0,0,0
6027,811,2026-02-19 02:00:00,19,3,0,dinner,extreme,8,1,361,122,406.31,1,0.2,0.1262497332318681,0.0737502667681319,1,521.21,104.24,63.34,338.78,14.84,0,0,0
6028,811,2026-02-10 13:00:00,10,1,0,dinner,clear,12,1,121,40,652.1,1,0.05,0.0327661107604713,0.017233889239528705,1,720.16,36.01,73.18,468.1,142.87,0,0,0
6029,811,2026-01-21 23:00:00,21,2,0,dinner,clear,5,3,133,44,257.6,0,0.0,0.0,0.0,0,0.0,0.0,0.0,0.0,0.0,0,0,0
6030,812,2026-04-16 04:00:00,16,3,0,lunch,clear,7,1,261,86,381.66,0,0.0,0.0,0.0,0,0.0,0.0,0.0,0.0,0.0,0,0,0
6031,812,2026-01-12 17:00:00,12,0,0,late_night,clear,5,1,332,112,555.99,0,0.0,0.0,0.0,0,0.0,0.0,0.0,0.0,0.0,0,0,0
6032,812,2026-06-19 05:00:00,19,4,0,late_night,clear,3,1,263,87,460.9,0,0.0,0.0,0.0,0,0.0,0.0,0.0,0.0,0.0,0,0,0
6033,812,2026-03-29 16:00:00,29,6,1,dinner,rain,9,1,71,23,526.88,1,0.15,0.13566455841713063,0.014335441582869368,1,620.77,93.12,90.82,403.5,33.33,1,0,0
6034,812,2026-02-03 21:00:00,3,1,1,breakfast,clear,8,5,340,115,313.38,0,0.0,0.0,0.0,0,0.0,0.0,0.0,0.0,0.0,0,0,0
6035,812,2026-01-18 12:00:00,18,6,0,dinner,clear,13,3,424,145,401.06,1,0.1,0.051563109504512705,0.0484368904954873,1,455.12,45.51,48.22,295.83,65.56,1,0,0
6036,812,2026-01-14 22:00:00,14,2,0,dinner,clear,3,3,117,38,339.09,1,0.1,0.08006464126058,0.01993535873942001,1,384.8,38.48,46.0,250.12,50.2,0,0,0
6037,812,2026-03-21 08:00:00,21,5,0,dinner,clear,10,1,194,65,439.76,1,0.2,0.1462423697189007,0.05375763028109931,1,533.72,106.74,56.92,346.92,23.14,0,0,0
6038,812,2026-06-27 15:00:00,27,5,1,dinner,clear,7,2,96,32,453.5,1,0.1,0.06975681459330393,0.03024318540669607,1,514.63,51.46,81.4,334.51,47.26,0,0,0
6039,813,2026-06-17 10:00:00,17,2,0,breakfast,clear,11,4,371,127,443.31,0,0.0,0.0,0.0,0,0.0,0.0,0.0,0.0,0.0,0,0,0
6040,813,2026-03-24 03:00:00,24,1,0,late_night,clear,3,2,195,65,438.04,0,0.0,0.0,0.0,0,0.0,0.0,0.0,0.0,0.0,0,0,0
6041,813,2026-05-31 15:00:00,31,6,1,lunch,clear,10,2,525,179,323.57,0,0.0,0.0,0.0,0,0.0,0.0,0.0,0.0,0.0,0,0,0
6042,813,2026-01-31 10:00:00,31,5,1,lunch,clear,10,2,176,58,380.02,0,0.0,0.0,0.0,0,0.0,0.0,0.0,0.0,0.0,0,0,0
6043,814,2026-02-04 23:00:00,4,2,1,dinner,clear,4,3,385,133,536.61,0,0.0,0.0,0.0,0,0.0,0.0,0.0,0.0,0.0,0,0,0
6044,814,2026-04-23 18:00:00,23,3,0,breakfast,clear,3,1,366,125,440.68,1,0.1,0.057579709116608015,0.04242029088339199,1,473.28,47.33,69.82,307.63,48.5,0,0,0
6045,814,2026-01-20 16:00:00,20,1,0,breakfast,clear,4,3,473,162,367.38,0,0.0,0.0,0.0,0,0.0,0.0,0.0,0.0,0.0,0,0,0
6046,814,2026-02-03 00:00:00,3,1,1,late_night,clear,9,1,493,169,546.34,0,0.0,0.0,0.0,0,0.0,0.0,0.0,0.0,0.0,0,0,0
6047,814,2026-04-18 01:00:00,18,5,0,breakfast,clear,3,1,25,7,464.09,1,0.2,0.19542151803170663,0.004578481968293385,1,518.5,103.7,82.3,337.03,-4.52,0,0,0
6048,814,2026-03-05 10:00:00,5,3,1,lunch,extreme,1,1,544,186,446.87,1,0.1,0.07235115273456838,0.027648847265431625,1,479.93,47.99,78.46,311.95,41.52,1,0,0
6049,814,2026-03-17 10:00:00,17,1,0,dinner,clear,13,1,213,70,439.7,0,0.0,0.0,0.0,1,439.7,0.0,90.28,285.8,63.61,0,0,0
6050,814,2026-06-05 13:00:00,5,4,1,breakfast,clear,4,1,388,134,391.86,1,0.05,0.033041955257907034,0.01695804474209297,1,408.82,20.44,49.18,265.73,73.47,0,0,0
6051,814,2026-05-20 16:00:00,20,2,0,lunch,clear,10,1,393,135,332.05,1,0.1,0.0916112048447205,0.008388795155279502,0,0.0,0.0,0.0,0.0,0.0,0,0,0
6052,814,2026-04-10 04:00:00,10,4,0,breakfast,clear,6,2,156,52,461.21,0,0.0,0.0,0.0,1,461.21,0.0,60.64,299.79,100.78,0,0,0
6053,814,2026-02-02 01:00:00,2,0,1,breakfast,rain,6,1,29,9,439.47,0,0.0,0.0,0.0,0,0.0,0.0,0.0,0.0,0.0,0,0,0
6054,814,2026-03-02 18:00:00,2,0,1,breakfast,clear,5,2,176,58,380.02,1,0.05,0.046567266881179216,0.003432733118820787,1,396.46,19.82,79.9,257.7,39.04,1,0,0
6055,814,2026-02-15 12:00:00,15,6,0,lunch,clear,3,1,268,89,373.97,1,0.15,0.14157652915265542,0.008423470847344572,1,410.54,61.58,54.7,266.85,27.41,0,0,0
6056,815,2026-05-16 21:00:00,16,5,0,late_night,clear,2,1,555,190,421.12,1,0.15,0.13879207656527218,0.011207923434727818,1,492.92,73.94,83.62,320.4,14.96,0,0,0
6057,815,2026-02-17 17:00:00,17,1,0,lunch,clear,13,2,182,60,341.42,1,0.2,0.1645047179527587,0.03549528204724131,1,411.21,82.24,79.18,267.29,-17.5,0,0,0
6058,815,2026-03-22 10:00:00,22,6,0,breakfast,rain,14,4,473,162,367.38,1,0.15,0.10358057552422832,0.04641942447577167,1,430.02,64.5,77.8,279.51,8.2,0,0,0
6059,815,2026-05-19 04:00:00,19,1,0,dinner,clear,1,1,404,138,351.02,0,0.0,0.0,0.0,1,351.02,0.0,50.2,228.16,72.66,0,0,0
6060,815,2026-04-15 07:00:00,15,2,0,lunch,rain,11,4,241,78,460.55,1,0.15,0.13293968288290076,0.01706031711709924,1,539.07,80.86,80.2,350.4,27.61,0,0,0
6061,815,2026-06-09 12:00:00,9,1,0,dinner,clear,13,2,589,199,395.45,0,0.0,0.0,0.0,0,0.0,0.0,0.0,0.0,0.0,0,0,0
6062,815,2026-05-30 16:00:00,30,5,1,breakfast,clear,11,2,295,99,382.6,0,0.0,0.0,0.0,0,0.0,0.0,0.0,0.0,0.0,0,0,0
6063,815,2026-04-23 15:00:00,23,3,0,lunch,extreme,13,1,519,178,302.78,1,0.15,0.1090533474996027,0.04094665250039729,1,354.4,53.16,67.54,230.36,3.34,0,0,0
6064,815,2026-02-01 22:00:00,1,6,1,lunch,clear,1,2,29,9,439.47,0,0.0,0.0,0.0,0,0.0,0.0,0.0,0.0,0.0,0,0,0
6065,815,2026-03-25 08:00:00,25,2,1,breakfast,clear,3,4,91,31,333.01,1,0.05,0.034989532721459604,0.015010467278540399,1,358.13,17.91,55.78,232.79,51.66,0,0,0
6066,815,2026-04-01 03:00:00,1,2,1,late_night,rain,12,1,247,80,495.9,1,0.1,0.07771919920715645,0.022280800792843558,1,559.86,55.99,74.5,363.91,65.46,0,0,0
6067,815,2026-06-07 17:00:00,7,6,1,dinner,rain,6,4,219,72,521.25,1,0.15,0.09398584400958103,0.056014155990418965,1,610.12,91.52,56.14,396.58,65.88,0,0,0
6068,816,2026-06-17 01:00:00,17,2,0,late_night,clear,6,1,417,143,507.05,0,0.0,0.0,0.0,0,0.0,0.0,0.0,0.0,0.0,0,0,0
6069,816,2026-05-23 13:00:00,23,5,0,lunch,rain,14,1,24,7,471.83,0,0.0,0.0,0.0,0,0.0,0.0,0.0,0.0,0.0,0,0,0
6070,816,2026-04-04 20:00:00,4,5,1,late_night,clear,9,2,289,97,327.43,1,0.15,0.10899377692600033,0.04100622307399966,1,374.91,56.24,86.14,243.69,-11.16,0,0,0
6071,816,2026-06-06 01:00:00,6,5,1,dinner,clear,6,5,66,21,340.92,0,0.0,0.0,0.0,0,0.0,0.0,0.0,0.0,0.0,0,0,0
6072,816,2026-03-05 03:00:00,5,3,1,late_night,clear,12,1,509,175,364.69,0,0.0,0.0,0.0,0,0.0,0.0,0.0,0.0,0.0,0,0,0
6073,816,2026-03-30 21:00:00,30,0,1,late_night,clear,6,3,448,154,318.66,0,0.0,0.0,0.0,0,0.0,0.0,0.0,0.0,0.0,0,0,0
6074,816,2026-05-10 04:00:00,10,6,0,lunch,clear,5,1,256,84,422.03,0,0.0,0.0,0.0,0,0.0,0.0,0.0,0.0,0.0,0,0,0
6075,816,2026-05-02 10:00:00,2,5,1,dinner,rain,11,1,213,70,439.7,0,0.0,0.0,0.0,0,0.0,0.0,0.0,0.0,0.0,0,0,0
6076,816,2026-03-26 06:00:00,26,3,1,dinner,clear,11,2,352,119,307.51,1,0.2,0.13948777883805571,0.060512221161944296,1,360.97,72.19,48.22,234.63,5.93,0,0,0
6077,816,2026-05-20 22:00:00,20,2,0,dinner,rain,4,1,337,114,325.94,1,0.15,0.11475735987040847,0.035242640129591524,1,373.2,55.98,80.5,242.58,-5.86,1,0,0
6078,816,2026-05-30 05:00:00,30,5,1,dinner,clear,11,1,498,171,395.71,1,0.1,0.05062058401661898,0.049379415983381025,1,439.12,43.91,59.08,285.43,50.7,0,0,0
6079,816,2026-04-15 10:00:00,15,2,0,breakfast,clear,6,1,540,185,437.06,1,0.1,0.0798286011932144,0.020171398806785604,1,485.0,48.5,74.56,315.25,46.69,0,0,0
6080,817,2026-03-07 19:00:00,7,5,1,dinner,clear,13,2,540,185,437.06,0,0.0,0.0,0.0,0,0.0,0.0,0.0,0.0,0.0,0,0,0
6081,817,2026-01-30 07:00:00,30,4,1,late_night,rain,6,2,451,155,376.18,0,0.0,0.0,0.0,0,0.0,0.0,0.0,0.0,0.0,0,0,0
6082,817,2026-01-29 02:00:00,29,3,1,breakfast,clear,3,1,331,112,502.27,0,0.0,0.0,0.0,0,0.0,0.0,0.0,0.0,0.0,0,0,0
6083,818,2026-02-28 22:00:00,28,5,1,late_night,clear,5,1,202,67,483.51,0,0.0,0.0,0.0,0,0.0,0.0,0.0,0.0,0.0,0,0,0
6084,818,2026-04-05 13:00:00,5,6,1,dinner,clear,9,1,283,95,342.16,0,0.0,0.0,0.0,0,0.0,0.0,0.0,0.0,0.0,0,0,0
6085,818,2026-04-24 18:00:00,24,4,0,late_night,clear,11,4,212,69,631.29,1,0.1,0.06957235028705851,0.0304276497129415,0,0.0,0.0,0.0,0.0,0.0,0,0,0
6086,818,2026-06-25 01:00:00,25,3,1,lunch,clear,13,4,56,18,437.35,1,0.1,0.0677220183561788,0.0322779816438212,0,0.0,0.0,0.0,0.0,0.0,0,0,0
6087,818,2026-05-20 11:00:00,20,2,0,dinner,extreme,11,3,131,43,406.54,0,0.0,0.0,0.0,0,0.0,0.0,0.0,0.0,0.0,0,0,0
6088,818,2026-02-02 02:00:00,2,0,1,breakfast,clear,11,1,73,23,424.13,1,0.2,0.10565629284069462,0.09434370715930539,1,473.96,94.79,89.32,308.08,-18.23,1,0,0
6089,818,2026-02-04 17:00:00,4,2,1,dinner,clear,7,2,165,55,393.95,1,0.15,0.10671029786685458,0.04328970213314541,1,432.56,64.88,87.64,281.16,-1.13,0,0,0
6090,818,2026-03-07 19:00:00,7,5,1,breakfast,clear,7,1,349,118,378.25,1,0.05,0.03265030352828385,0.01734969647171615,1,394.65,19.73,89.02,256.52,29.38,0,0,0
6091,818,2026-05-06 16:00:00,6,2,1,breakfast,clear,14,1,284,95,437.97,0,0.0,0.0,0.0,0,0.0,0.0,0.0,0.0,0.0,0,0,0
6092,818,2026-06-28 15:00:00,28,6,1,dinner,clear,7,1,182,60,341.42,0,0.0,0.0,0.0,0,0.0,0.0,0.0,0.0,0.0,0,0,0
6093,818,2026-02-02 14:00:00,2,0,1,lunch,clear,6,2,408,140,346.78,0,0.0,0.0,0.0,1,346.78,0.0,81.52,225.41,39.85,0,0,0
6094,818,2026-06-24 08:00:00,24,2,0,late_night,clear,9,4,473,162,367.38,1,0.2,0.18883166954964026,0.011168330450359754,1,410.55,82.11,76.3,266.85,-14.72,1,0,0
6095,818,2026-01-30 23:00:00,30,4,1,breakfast,clear,10,4,104,34,354.02,0,0.0,0.0,0.0,1,354.02,0.0,55.54,230.11,68.37,0,0,0
6096,819,2026-03-02 09:00:00,2,0,1,dinner,extreme,1,1,267,89,351.67,1,0.2,0.16641220480061905,0.03358779519938096,1,429.41,85.88,57.7,279.12,6.71,0,0,0
6097,819,2026-04-20 03:00:00,20,0,0,breakfast,rain,2,1,274,92,294.0,1,0.05,0.04433610723955197,0.005663892760448035,1,317.99,15.9,91.54,206.69,3.86,0,0,0
6098,819,2026-01-16 10:00:00,16,4,0,breakfast,clear,5,1,516,177,593.59,1,0.15,0.12578963877952618,0.02421036122047382,1,703.04,105.46,69.82,456.97,70.79,0,0,0
6099,819,2026-06-10 10:00:00,10,2,0,dinner,clear,11,2,422,144,437.29,0,0.0,0.0,0.0,0,0.0,0.0,0.0,0.0,0.0,0,0,0
6100,819,2026-04-22 03:00:00,22,2,0,dinner,rain,14,1,493,169,546.34,0,0.0,0.0,0.0,0,0.0,0.0,0.0,0.0,0.0,0,0,0
6101,819,2026-01-20 00:00:00,20,1,0,late_night,clear,7,1,457,157,396.77,0,0.0,0.0,0.0,0,0.0,0.0,0.0,0.0,0.0,0,0,0
6102,819,2026-06-26 18:00:00,26,4,1,lunch,clear,13,3,254,84,436.22,1,0.1,0.08883211381470693,0.011167886185293074,1,497.06,49.71,49.0,323.09,75.27,1,0,0
6103,819,2026-02-21 00:00:00,21,5,0,dinner,clear,3,2,221,72,545.2,0,0.0,0.0,0.0,0,0.0,0.0,0.0,0.0,0.0,0,0,0
6104,819,2026-05-21 11:00:00,21,3,0,dinner,clear,1,1,457,157,396.77,1,0.05,0.03655612784042445,0.01344387215957555,0,0.0,0.0,0.0,0.0,0.0,0,1,0
6105,819,2026-06-02 01:00:00,2,1,1,late_night,clear,8,4,225,73,503.59,0,0.0,0.0,0.0,0,0.0,0.0,0.0,0.0,0.0,0,0,0
6106,819,2026-06-20 12:00:00,20,5,0,breakfast,clear,13,1,416,142,323.29,1,0.05,0.03058915035281312,0.01941084964718688,1,349.67,17.48,48.7,227.28,56.2,0,0,0
6107,819,2026-04-28 10:00:00,28,1,1,dinner,clear,9,1,512,175,411.67,1,0.05,0.0317348234314613,0.018265176568538703,1,445.26,22.26,69.94,289.42,63.64,0,0,0
6108,820,2026-05-19 02:00:00,19,1,0,breakfast,clear,7,3,338,114,376.41,1,0.2,0.118196621325799,0.08180337867420101,1,439.68,87.94,79.0,285.79,-13.05,0,0,0
6109,820,2026-04-08 00:00:00,8,2,0,late_night,clear,10,4,347,117,386.51,1,0.05,0.04118254446596598,0.00881745553403402,0,0.0,0.0,0.0,0.0,0.0,0,0,0
6110,820,2026-01-12 21:00:00,12,0,0,lunch,clear,12,1,46,14,430.08,0,0.0,0.0,0.0,1,430.08,0.0,70.78,279.55,79.75,0,0,0
6111,820,2026-01-11 00:00:00,11,6,0,late_night,extreme,13,1,82,26,413.45,1,0.15,0.08004299755782739,0.06995700244217261,1,471.41,70.71,92.38,306.42,1.9,0,0,0
6112,820,2026-04-12 11:00:00,12,6,0,late_night,clear,9,1,81,26,550.99,0,0.0,0.0,0.0,0,0.0,0.0,0.0,0.0,0.0,0,0,0
6113,820,2026-03-06 14:00:00,6,4,1,lunch,clear,12,1,194,65,439.76,1,0.05,0.03302912518669313,0.01697087481330687,1,467.04,23.35,56.92,303.58,83.19,0,1,0
6114,820,2026-03-14 06:00:00,14,5,0,dinner,clear,2,1,471,161,556.82,1,0.2,0.19415985230333124,0.005840147696668768,1,650.41,130.08,62.92,422.77,34.64,0,0,0
6115,820,2026-04-28 03:00:00,28,1,1,breakfast,extreme,5,3,79,25,491.57,0,0.0,0.0,0.0,1,491.57,0.0,85.3,319.52,86.75,0,0,0
6116,820,2026-03-06 14:00:00,6,4,1,lunch,rain,1,1,511,175,535.27,1,0.05,0.04022230923362439,0.009777690766375614,1,568.48,28.42,71.44,369.51,99.1,1,0,0
6117,820,2026-01-06 21:00:00,6,1,1,lunch,clear,9,1,253,83,398.87,0,0.0,0.0,0.0,1,398.87,0.0,87.52,259.27,52.08,0,0,0
6118,820,2026-02-12 17:00:00,12,3,0,late_night,clear,2,1,204,67,507.77,1,0.2,0.12159234934228513,0.07840765065771488,1,593.12,118.62,65.62,385.53,23.35,0,0,0
6119,820,2026-04-24 21:00:00,24,4,0,late_night,clear,11,2,576,196,382.35,1,0.2,0.16071395484386336,0.03928604515613665,1,446.62,89.32,46.84,290.3,20.15,0,0,0
6120,820,2026-02-11 11:00:00,11,2,0,dinner,clear,2,1,447,154,368.02,1,0.15,0.1279594971229572,0.02204050287704279,1,419.61,62.94,69.82,272.75,14.1,1,0,0
6121,820,2026-06-01 05:00:00,1,0,1,breakfast,clear,14,2,321,108,326.88,1,0.15,0.1175895851728115,0.0324104148271885,1,372.71,55.91,88.6,242.26,-14.06,1,0,0
6122,821,2026-06-25 02:00:00,25,3,1,breakfast,clear,7,1,51,16,606.47,1,0.05,0.027224562364858443,0.02277543763514156,1,650.23,32.51,53.62,422.65,141.45,0,0,0
6123,821,2026-05-07 04:00:00,7,3,1,late_night,clear,9,1,131,43,406.54,1,0.15,0.10126795265520869,0.04873204734479131,1,472.84,70.93,67.48,307.34,27.09,0,0,0
6124,822,2026-06-02 11:00:00,2,1,1,late_night,clear,13,2,122,40,339.12,0,0.0,0.0,0.0,1,339.12,0.0,73.18,220.43,45.51,0,0,0
6125,822,2026-05-28 09:00:00,28,3,1,dinner,clear,9,2,74,24,370.91,0,0.0,0.0,0.0,0,0.0,0.0,0.0,0.0,0.0,0,0,0
6126,822,2026-05-20 14:00:00,20,2,0,breakfast,clear,9,1,153,51,331.89,0,0.0,0.0,0.0,0,0.0,0.0,0.0,0.0,0.0,0,0,0
6127,822,2026-05-21 10:00:00,21,3,0,dinner,extreme,10,1,551,188,482.27,0,0.0,0.0,0.0,0,0.0,0.0,0.0,0.0,0.0,0,0,0
6128,822,2026-05-01 22:00:00,1,4,1,late_night,clear,13,2,6,2,546.89,0,0.0,0.0,0.0,1,546.89,0.0,80.14,355.48,111.27,0,0,0
6129,822,2026-01-18 06:00:00,18,6,0,breakfast,rain,7,1,99,33,451.11,1,0.15,0.09327566774686034,0.05672433225313965,1,507.75,76.16,52.66,330.04,48.89,0,0,0
6130,822,2026-05-24 21:00:00,24,6,0,lunch,clear,8,1,107,36,245.73,1,0.15,0.12418465696514389,0.02581534303485611,1,276.58,41.49,69.58,179.78,-14.26,0,0,0
6131,822,2026-02-02 05:00:00,2,0,1,breakfast,clear,6,1,328,110,369.63,0,0.0,0.0,0.0,1,369.63,0.0,69.34,240.26,60.03,0,0,0
6132,822,2026-05-21 14:00:00,21,3,0,late_night,rain,1,1,499,171,410.77,0,0.0,0.0,0.0,0,0.0,0.0,0.0,0.0,0.0,0,0,0
6133,822,2026-03-08 21:00:00,8,6,0,lunch,clear,7,3,238,77,307.59,1,0.05,0.04099253486463988,0.009007465135360125,1,324.68,16.23,71.56,211.04,25.84,1,0,0
6134,822,2026-03-31 22:00:00,31,1,1,breakfast,clear,9,1,429,146,459.99,0,0.0,0.0,0.0,0,0.0,0.0,0.0,0.0,0.0,0,0,0
6135,822,2026-04-10 20:00:00,10,4,0,lunch,clear,2,3,327,110,400.01,1,0.15,0.11986262789853501,0.030137372101464985,1,450.23,67.53,69.34,292.65,20.71,1,0,0
6136,822,2026-05-12 04:00:00,12,1,0,breakfast,extreme,10,1,447,154,368.02,0,0.0,0.0,0.0,0,0.0,0.0,0.0,0.0,0.0,0,0,0
6137,823,2026-06-18 02:00:00,18,3,0,late_night,clear,9,1,517,177,466.41,1,0.2,0.12919817119919627,0.07080182880080374,1,543.08,108.62,69.82,353.0,11.64,1,0,0
6138,824,2026-06-21 13:00:00,21,6,0,breakfast,clear,1,2,5,1,485.29,1,0.15,0.10068539601977856,0.04931460398022143,1,587.94,88.19,55.84,382.16,61.75,0,0,0
6139,824,2026-06-20 21:00:00,20,5,0,dinner,clear,3,1,484,166,333.57,0,0.0,0.0,0.0,1,333.57,0.0,86.74,216.82,30.01,0,0,0
6140,824,2026-06-09 19:00:00,9,1,0,lunch,clear,6,3,40,12,466.1,1,0.2,0.16970711910815994,0.03029288089184007,1,584.31,116.86,79.96,379.8,7.69,1,0,0
6141,824,2026-01-20 02:00:00,20,1,0,breakfast,clear,8,4,583,198,447.0,0,0.0,0.0,0.0,0,0.0,0.0,0.0,0.0,0.0,0,0,0
6142,824,2026-03-29 10:00:00,29,6,1,late_night,clear,10,1,461,158,470.93,1,0.2,0.14109301757518763,0.058906982424812376,1,590.36,118.07,83.14,383.74,5.41,0,0,0
6143,824,2026-04-18 10:00:00,18,5,0,lunch,extreme,5,2,174,57,360.84,0,0.0,0.0,0.0,1,360.84,0.0,59.14,234.55,67.15,0,0,0
6144,824,2026-04-29 13:00:00,29,2,1,dinner,clear,2,1,103,34,391.16,1,0.2,0.1951423241879353,0.004857675812064699,1,490.36,98.07,55.54,318.74,18.01,0,0,0
6145,824,2026-02-13 16:00:00,13,4,0,breakfast,rain,11,1,31,9,344.82,0,0.0,0.0,0.0,0,0.0,0.0,0.0,0.0,0.0,0,0,0
6146,825,2026-06-07 17:00:00,7,6,1,lunch,clear,3,3,251,82,426.08,0,0.0,0.0,0.0,0,0.0,0.0,0.0,0.0,0.0,0,0,0
6147,825,2026-03-06 21:00:00,6,4,1,lunch,clear,3,1,208,68,619.11,0,0.0,0.0,0.0,0,0.0,0.0,0.0,0.0,0.0,0,0,0
6148,825,2026-06-27 15:00:00,27,5,1,late_night,rain,1,1,497,171,461.55,1,0.15,0.12184601626213235,0.02815398373786765,1,543.76,81.56,60.58,353.45,48.17,1,0,0
6149,826,2026-04-12 01:00:00,12,6,0,lunch,rain,4,1,305,102,300.68,1,0.15,0.11969395979598002,0.030306040204019974,1,330.97,49.65,61.96,215.13,4.23,0,0,0
6150,826,2026-06-04 05:00:00,4,3,1,late_night,clear,1,1,506,174,455.6,0,0.0,0.0,0.0,0,0.0,0.0,0.0,0.0,0.0,0,0,0
6151,826,2026-05-23 16:00:00,23,5,0,late_night,clear,13,1,346,117,414.91,1,0.15,0.08459068359080191,0.06540931640919809,1,456.71,68.51,77.2,296.86,14.14,0,0,0
6152,826,2026-04-12 14:00:00,12,6,0,breakfast,clear,3,2,570,194,428.5,0,0.0,0.0,0.0,0,0.0,0.0,0.0,0.0,0.0,0,0,0
6153,826,2026-02-11 00:00:00,11,2,0,lunch,rain,13,1,38,12,516.36,1,0.15,0.12185762271051523,0.028142377289484766,1,568.38,85.26,81.46,369.45,32.22,0,0,0
6154,826,2026-06-06 08:00:00,6,5,1,lunch,clear,4,2,214,70,450.65,1,0.2,0.15162590454131677,0.048374095458683236,1,505.09,101.02,90.28,328.31,-14.52,1,0,0
6155,826,2026-01-13 19:00:00,13,1,0,late_night,clear,3,1,163,54,346.38,1,0.05,0.04832049803278217,0.0016795019672178335,1,361.82,18.09,71.8,235.18,36.75,1,0,0
6156,826,2026-02-16 02:00:00,16,0,0,late_night,clear,5,3,100,33,426.11,1,0.1,0.052559039181489346,0.04744096081851066,1,458.58,45.86,51.16,298.08,63.49,0,0,0
6157,827,2026-01-20 17:00:00,20,1,0,breakfast,clear,7,1,551,188,482.27,0,0.0,0.0,0.0,1,482.27,0.0,84.76,313.48,84.03,0,0,0
6158,827,2026-01-25 13:00:00,25,6,1,late_night,rain,9,1,301,101,434.19,0,0.0,0.0,0.0,1,434.19,0.0,73.9,282.22,78.07,0,0,0
6159,827,2026-01-24 12:00:00,24,5,0,late_night,clear,4,1,440,151,317.0,1,0.2,0.17071102647582956,0.029288973524170453,1,354.93,70.99,51.64,230.7,1.6,0,0,0
6160,827,2026-03-21 21:00:00,21,5,0,dinner,clear,9,4,430,147,329.56,1,0.2,0.1907579298868247,0.009242070113175321,1,368.99,73.8,87.64,239.84,-32.29,0,0,0
6161,828,2026-04-18 11:00:00,18,5,0,lunch,clear,12,1,41,13,378.71,1,0.1,0.09067156703121287,0.009328432968787131,1,425.96,42.6,45.22,276.87,61.27,0,0,0
6162,828,2026-01-11 22:00:00,11,6,0,dinner,clear,14,5,297,100,435.63,1,0.1,0.09069678781218933,0.009303212187810675,1,489.98,49.0,64.18,318.49,58.32,0,0,0
6163,828,2026-03-22 23:00:00,22,6,0,lunch,clear,5,1,316,106,301.05,1,0.1,0.05192743239140843,0.048072567608591577,0,0.0,0.0,0.0,0.0,0.0,0,0,0
6164,828,2026-01-28 00:00:00,28,2,1,dinner,clear,3,3,399,137,510.29,1,0.05,0.04243829614219914,0.007561703857800861,0,0.0,0.0,0.0,0.0,0.0,0,0,0
6165,828,2026-04-30 07:00:00,30,3,1,late_night,extreme,11,1,471,161,556.82,0,0.0,0.0,0.0,0,0.0,0.0,0.0,0.0,0.0,0,0,0
6166,828,2026-01-19 20:00:00,19,0,0,late_night,clear,6,2,472,161,222.14,1,0.2,0.19001451625151336,0.009985483748486651,1,266.07,53.21,62.92,172.94,-23.01,0,0,0
6167,828,2026-01-20 15:00:00,20,1,0,late_night,clear,10,1,107,36,245.73,1,0.1,0.0937082701500245,0.0062917298499755026,1,276.39,27.64,69.58,179.65,-0.48,0,0,0
6168,828,2026-02-21 09:00:00,21,5,0,lunch,extreme,13,1,316,106,301.05,1,0.1,0.06718698519534859,0.032813014804651416,1,338.61,33.86,56.32,220.1,28.33,1,0,0
6169,829,2026-05-08 20:00:00,8,4,0,lunch,rain,12,1,413,141,430.89,1,0.15,0.07530559203313494,0.07469440796686505,1,461.45,69.22,69.46,299.94,22.83,0,0,0
6170,829,2026-02-16 06:00:00,16,0,0,lunch,rain,4,4,146,48,348.11,1,0.2,0.18202297138493265,0.017977028615067364,1,377.71,75.54,74.68,245.51,-18.02,0,0,0
6171,829,2026-03-05 21:00:00,5,3,1,breakfast,clear,13,1,258,85,347.07,0,0.0,0.0,0.0,0,0.0,0.0,0.0,0.0,0.0,0,0,0
6172,829,2026-02-12 11:00:00,12,3,0,dinner,clear,13,5,94,31,485.17,0,0.0,0.0,0.0,1,485.17,0.0,55.78,315.36,114.03,0,0,0
6173,829,2026-03-24 21:00:00,24,1,0,late_night,clear,6,1,546,187,314.46,1,0.2,0.11485233408192866,0.08514766591807135,0,0.0,0.0,0.0,0.0,0.0,0,0,0
6174,829,2026-05-15 13:00:00,15,4,0,lunch,extreme,1,3,192,64,400.77,0,0.0,0.0,0.0,1,400.77,0.0,59.5,260.5,80.77,0,0,0
6175,829,2026-06-26 19:00:00,26,4,1,dinner,rain,1,1,96,32,453.5,1,0.05,0.03509660436692735,0.01490339563307265,0,0.0,0.0,0.0,0.0,0.0,0,0,0
6176,829,2026-01-26 15:00:00,26,0,1,dinner,clear,6,2,355,119,330.66,1,0.1,0.07593104356669739,0.02406895643330262,1,348.4,34.84,48.22,226.46,38.88,0,0,0
6177,829,2026-02-19 11:00:00,19,3,0,lunch,rain,2,1,575,196,499.98,0,0.0,0.0,0.0,0,0.0,0.0,0.0,0.0,0.0,0,0,0
6178,830,2026-01-09 22:00:00,9,4,0,lunch,rain,14,1,325,109,468.54,0,0.0,0.0,0.0,0,0.0,0.0,0.0,0.0,0.0,0,0,0
6179,830,2026-03-04 10:00:00,4,2,1,late_night,rain,8,2,555,190,421.12,0,0.0,0.0,0.0,1,421.12,0.0,85.12,273.73,62.27,0,0,0
6180,830,2026-05-30 06:00:00,30,5,1,lunch,clear,7,1,527,180,602.61,1,0.15,0.07879217939335866,0.07120782060664134,0,0.0,0.0,0.0,0.0,0.0,0,0,0
6181,830,2026-06-14 02:00:00,14,6,0,dinner,extreme,12,1,128,42,428.94,1,0.2,0.12459036644004953,0.07540963355995048,1,456.05,91.21,53.92,296.43,14.49,1,0,0
6182,830,2026-02-05 22:00:00,5,3,1,late_night,clear,12,1,255,84,426.05,1,0.2,0.16290095178124103,0.03709904821875898,1,452.98,90.6,49.0,294.43,18.95,1,0,0
6183,830,2026-01-19 11:00:00,19,0,0,late_night,clear,12,3,3,0,415.4,0,0.0,0.0,0.0,1,415.4,0.0,46.18,270.01,99.21,0,0,0
6184,830,2026-05-20 03:00:00,20,2,0,breakfast,rain,4,1,265,88,547.4,1,0.1,0.06500811018333115,0.034991889816668856,1,569.23,56.92,66.16,370.0,76.15,0,0,0
6185,831,2026-03-15 13:00:00,15,6,0,late_night,clear,1,4,578,197,363.8,0,0.0,0.0,0.0,0,0.0,0.0,0.0,0.0,0.0,0,0,0
6186,832,2026-01-01 21:00:00,1,3,1,breakfast,clear,6,1,479,164,360.53,0,0.0,0.0,0.0,1,360.53,0.0,89.32,234.34,36.87,0,0,0
6187,832,2026-06-27 05:00:00,27,5,1,late_night,clear,1,5,435,149,364.22,1,0.1,0.08316803589459432,0.01683196410540569,1,378.76,37.88,47.38,246.2,47.31,0,0,0
6188,832,2026-05-27 03:00:00,27,2,1,lunch,clear,14,1,191,64,343.36,0,0.0,0.0,0.0,0,0.0,0.0,0.0,0.0,0.0,0,0,0
6189,832,2026-06-24 03:00:00,24,2,0,breakfast,clear,7,2,65,21,412.58,1,0.05,0.03152116950936482,0.01847883049063518,1,422.22,21.11,84.88,274.44,41.78,1,0,0
6190,832,2026-04-06 05:00:00,6,0,1,lunch,clear,11,2,335,113,408.94,1,0.05,0.026207869767435457,0.023792130232564546,0,0.0,0.0,0.0,0.0,0.0,0,0,0
6191,832,2026-03-11 12:00:00,11,2,0,lunch,clear,12,1,312,105,471.86,1,0.15,0.12190273160274741,0.028097268397252587,0,0.0,0.0,0.0,0.0,0.0,0,0,0
6192,833,2026-06-12 03:00:00,12,4,0,late_night,rain,2,2,571,194,573.77,1,0.15,0.12347880999564742,0.026521190004352574,1,653.89,98.08,81.82,425.03,48.96,0,0,0
6193,833,2026-02-12 15:00:00,12,3,0,dinner,rain,4,1,401,138,355.52,0,0.0,0.0,0.0,0,0.0,0.0,0.0,0.0,0.0,0,0,0
6194,833,2026-04-24 06:00:00,24,4,0,lunch,clear,8,1,128,42,428.94,0,0.0,0.0,0.0,0,0.0,0.0,0.0,0.0,0.0,0,0,0
6195,834,2026-03-08 20:00:00,8,6,0,breakfast,rain,12,1,530,181,442.66,0,0.0,0.0,0.0,0,0.0,0.0,0.0,0.0,0.0,0,0,0
6196,834,2026-01-31 18:00:00,31,5,1,breakfast,clear,13,2,291,98,373.77,0,0.0,0.0,0.0,0,0.0,0.0,0.0,0.0,0.0,0,0,0
6197,834,2026-06-07 05:00:00,7,6,1,lunch,clear,5,4,212,69,631.29,1,0.15,0.11202961832209181,0.037970381677908185,1,730.29,109.54,49.0,474.69,97.06,0,0,0
6198,834,2026-02-10 16:00:00,10,1,0,late_night,rain,5,1,480,164,354.68,1,0.05,0.032559421326601,0.017440578673399,0,0.0,0.0,0.0,0.0,0.0,0,0,0
6199,834,2026-03-14 08:00:00,14,5,0,lunch,rain,5,3,351,118,460.55,1,0.2,0.10837540454944726,0.09162459545055275,1,547.15,109.43,90.52,355.64,-8.45,0,0,0
6200,834,2026-03-13 07:00:00,13,4,0,dinner,clear,3,3,421,144,346.22,0,0.0,0.0,0.0,0,0.0,0.0,0.0,0.0,0.0,0,0,0
6201,834,2026-03-07 02:00:00,7,5,1,dinner,clear,7,2,232,75,315.54,1,0.05,0.0444962193056475,0.005503780694352506,1,337.44,16.87,67.9,219.33,33.33,0,0,0
6202,834,2026-03-26 06:00:00,26,3,1,dinner,clear,6,1,410,140,370.66,0,0.0,0.0,0.0,0,0.0,0.0,0.0,0.0,0.0,0,0,0
6203,835,2026-05-03 08:00:00,3,6,1,breakfast,clear,8,2,560,191,375.48,0,0.0,0.0,0.0,0,0.0,0.0,0.0,0.0,0.0,0,0,0
6204,835,2026-02-20 15:00:00,20,4,0,breakfast,rain,4,1,242,78,538.55,1,0.1,0.05021512807049026,0.04978487192950975,0,0.0,0.0,0.0,0.0,0.0,0,0,0
6205,835,2026-05-05 21:00:00,5,1,1,late_night,clear,13,1,15,4,270.08,0,0.0,0.0,0.0,0,0.0,0.0,0.0,0.0,0.0,0,0,0
6206,836,2026-04-05 04:00:00,5,6,1,lunch,clear,13,1,165,55,393.95,1,0.15,0.08532944282468544,0.06467055717531456,1,459.06,68.86,87.64,298.39,4.17,0,0,0
6207,836,2026-06-15 13:00:00,15,0,0,late_night,extreme,11,2,403,138,375.94,0,0.0,0.0,0.0,0,0.0,0.0,0.0,0.0,0.0,0,0,0
6208,837,2026-01-22 13:00:00,22,3,0,breakfast,extreme,7,1,233,76,237.76,1,0.1,0.08817481737546867,0.011825182624531333,0,0.0,0.0,0.0,0.0,0.0,0,0,0
6209,837,2026-05-18 11:00:00,18,0,0,late_night,clear,9,1,581,197,473.43,0,0.0,0.0,0.0,0,0.0,0.0,0.0,0.0,0.0,0,0,0
6210,837,2026-03-09 11:00:00,9,0,0,late_night,clear,13,3,204,67,507.77,0,0.0,0.0,0.0,0,0.0,0.0,0.0,0.0,0.0,0,0,0
6211,837,2026-01-23 11:00:00,23,4,0,lunch,clear,10,1,309,104,417.27,0,0.0,0.0,0.0,0,0.0,0.0,0.0,0.0,0.0,0,0,0
6212,837,2026-06-05 16:00:00,5,4,1,dinner,clear,6,1,215,71,481.1,0,0.0,0.0,0.0,0,0.0,0.0,0.0,0.0,0.0,0,0,0
6213,837,2026-06-03 12:00:00,3,2,1,lunch,rain,9,1,453,156,246.22,0,0.0,0.0,0.0,0,0.0,0.0,0.0,0.0,0.0,0,0,0
6214,837,2026-06-12 15:00:00,12,4,0,breakfast,clear,9,1,213,70,439.7,0,0.0,0.0,0.0,0,0.0,0.0,0.0,0.0,0.0,0,0,0
6215,837,2026-01-03 02:00:00,3,5,1,lunch,clear,11,2,20,6,418.44,1,0.05,0.0355556264839974,0.014444373516002605,0,0.0,0.0,0.0,0.0,0.0,0,0,0
6216,838,2026-06-12 05:00:00,12,4,0,late_night,clear,8,2,447,154,368.02,1,0.05,0.031088914958312498,0.018911085041687505,0,0.0,0.0,0.0,0.0,0.0,0,0,0
6217,838,2026-01-19 10:00:00,19,0,0,breakfast,clear,3,1,318,107,312.54,1,0.05,0.02538822778911124,0.024611772210888762,1,327.07,16.35,62.98,212.6,35.14,0,0,0
6218,838,2026-02-28 09:00:00,28,5,1,lunch,rain,6,2,140,46,353.64,0,0.0,0.0,0.0,0,0.0,0.0,0.0,0.0,0.0,0,0,0
6219,838,2026-04-24 15:00:00,24,4,0,late_night,clear,2,1,359,121,321.16,1,0.05,0.04598947698891821,0.00401052301108179,0,0.0,0.0,0.0,0.0,0.0,0,0,0
6220,838,2026-02-24 12:00:00,24,1,0,breakfast,clear,2,1,24,7,471.83,1,0.1,0.09811403884791384,0.0018859611520861685,1,509.33,50.93,82.3,331.07,45.03,0,0,0
6221,838,2026-03-08 17:00:00,8,6,0,lunch,clear,6,1,170,56,375.86,0,0.0,0.0,0.0,1,375.86,0.0,65.92,244.31,65.63,0,0,0
6222,839,2026-03-22 13:00:00,22,6,0,late_night,clear,11,2,413,141,430.89,1,0.1,0.0802990631304391,0.01970093686956091,1,476.05,47.6,67.96,309.43,51.05,0,0,0
6223,839,2026-05-03 02:00:00,3,6,1,late_night,rain,5,2,379,130,459.76,0,0.0,0.0,0.0,0,0.0,0.0,0.0,0.0,0.0,0,0,0
6224,839,2026-03-14 15:00:00,14,5,0,lunch,rain,6,1,72,23,541.6,0,0.0,0.0,0.0,0,0.0,0.0,0.0,0.0,0.0,0,0,0
6225,839,2026-05-07 06:00:00,7,3,1,breakfast,extreme,14,2,199,66,326.09,0,0.0,0.0,0.0,1,326.09,0.0,50.14,211.96,63.99,0,0,0
6226,840,2026-05-19 20:00:00,19,1,0,late_night,clear,1,4,287,96,526.62,1,0.15,0.08295969954411267,0.06704030045588733,1,598.13,89.72,60.88,388.79,58.75,0,0,0
6227,840,2026-05-02 14:00:00,2,5,1,late_night,clear,11,1,514,176,436.88,0,0.0,0.0,0.0,0,0.0,0.0,0.0,0.0,0.0,0,0,0
6228,840,2026-03-08 02:00:00,8,6,0,breakfast,clear,3,4,298,100,356.47,0,0.0,0.0,0.0,1,356.47,0.0,64.18,231.71,60.58,0,0,0
6229,840,2026-04-13 20:00:00,13,0,0,breakfast,clear,11,1,87,29,453.25,1,0.2,0.1501215916538363,0.04987840834616372,1,527.05,105.41,62.68,342.58,16.38,0,0,0
6230,840,2026-01-01 05:00:00,1,3,1,dinner,clear,2,2,25,7,464.09,0,0.0,0.0,0.0,0,0.0,0.0,0.0,0.0,0.0,0,0,0
6231,840,2026-06-02 09:00:00,2,1,1,breakfast,rain,9,1,345,116,427.67,0,0.0,0.0,0.0,0,0.0,0.0,0.0,0.0,0.0,0,0,0
6232,840,2026-02-12 03:00:00,12,3,0,breakfast,clear,14,1,145,48,505.89,1,0.05,0.03719650593429805,0.01280349406570195,1,536.29,26.81,73.18,348.59,87.71,0,0,0
6233,840,2026-06-22 16:00:00,22,0,0,breakfast,rain,6,2,52,17,309.09,0,0.0,0.0,0.0,0,0.0,0.0,0.0,0.0,0.0,0,0,0
6234,841,2026-02-17 10:00:00,17,1,0,dinner,clear,12,1,52,17,309.09,0,0.0,0.0,0.0,0,0.0,0.0,0.0,0.0,0.0,0,0,0
6235,841,2026-05-02 15:00:00,2,5,1,breakfast,clear,12,1,11,3,382.03,0,0.0,0.0,0.0,0,0.0,0.0,0.0,0.0,0.0,0,0,0
6236,841,2026-05-23 09:00:00,23,5,0,dinner,rain,1,4,462,158,425.12,0,0.0,0.0,0.0,0,0.0,0.0,0.0,0.0,0.0,0,0,0
6237,841,2026-06-21 08:00:00,21,6,0,late_night,clear,6,1,369,126,374.47,0,0.0,0.0,0.0,0,0.0,0.0,0.0,0.0,0.0,0,0,0
6238,841,2026-02-17 15:00:00,17,1,0,breakfast,clear,11,2,332,112,555.99,0,0.0,0.0,0.0,0,0.0,0.0,0.0,0.0,0.0,0,0,0
6239,841,2026-04-05 04:00:00,5,6,1,late_night,clear,8,3,11,3,382.03,0,0.0,0.0,0.0,0,0.0,0.0,0.0,0.0,0.0,0,0,0
6240,841,2026-06-18 06:00:00,18,3,0,dinner,clear,14,2,206,68,536.05,0,0.0,0.0,0.0,0,0.0,0.0,0.0,0.0,0.0,0,0,0
6241,841,2026-04-22 17:00:00,22,2,0,late_night,clear,3,1,537,183,538.14,0,0.0,0.0,0.0,0,0.0,0.0,0.0,0.0,0.0,0,0,0
6242,841,2026-06-23 16:00:00,23,1,0,breakfast,rain,3,1,3,0,415.4,0,0.0,0.0,0.0,0,0.0,0.0,0.0,0.0,0.0,0,0,0
6243,841,2026-06-29 01:00:00,29,0,1,breakfast,clear,6,1,40,12,466.1,1,0.15,0.1146494458421282,0.03535055415787179,1,551.14,82.67,79.96,358.24,30.27,0,0,0
6244,841,2026-05-15 00:00:00,15,4,0,breakfast,clear,3,1,472,161,222.14,1,0.05,0.03816405308323126,0.011835946916768744,1,240.08,12.0,62.92,156.05,9.1,0,0,0
6245,842,2026-06-04 12:00:00,4,3,1,late_night,rain,1,2,239,78,297.85,1,0.1,0.09724523379443901,0.0027547662055609906,1,338.59,33.86,80.2,220.08,4.45,0,0,0
6246,842,2026-03-19 23:00:00,19,3,0,breakfast,clear,13,1,316,106,301.05,1,0.05,0.04749031533963534,0.002509684660364664,0,0.0,0.0,0.0,0.0,0.0,0,0,0
6247,842,2026-06-07 10:00:00,7,6,1,lunch,clear,11,4,475,162,365.58,0,0.0,0.0,0.0,0,0.0,0.0,0.0,0.0,0.0,0,0,0
6248,842,2026-01-09 16:00:00,9,4,0,breakfast,clear,12,4,423,144,412.86,1,0.05,0.027581614380980824,0.02241838561901918,0,0.0,0.0,0.0,0.0,0.0,0,0,0
6249,842,2026-02-17 19:00:00,17,1,0,late_night,rain,7,4,562,192,224.05,1,0.2,0.1842510752000579,0.01574892479994211,1,272.62,54.52,67.06,177.2,-26.17,0,0,0
6250,843,2026-06-20 00:00:00,20,5,0,late_night,rain,6,1,238,77,307.59,1,0.15,0.14028826761249105,0.009711732387508942,1,351.71,52.76,73.06,228.61,-2.72,0,0,0
6251,843,2026-04-25 14:00:00,25,5,1,breakfast,clear,6,1,36,11,321.02,1,0.15,0.13459738363658777,0.015402616363412225,1,367.06,55.06,51.82,238.59,21.59,0,0,0
6252,843,2026-01-25 14:00:00,25,6,1,breakfast,clear,12,3,126,41,542.46,0,0.0,0.0,0.0,0,0.0,0.0,0.0,0.0,0.0,0,0,0
6253,843,2026-01-16 22:00:00,16,4,0,late_night,clear,11,4,493,169,546.34,0,0.0,0.0,0.0,1,546.34,0.0,51.34,355.12,139.88,0,0,0
6254,843,2026-04-04 04:00:00,4,5,1,lunch,clear,12,2,233,76,237.76,0,0.0,0.0,0.0,0,0.0,0.0,0.0,0.0,0.0,0,0,0
6255,843,2026-05-24 00:00:00,24,6,0,late_night,clear,6,1,67,22,343.91,0,0.0,0.0,0.0,0,0.0,0.0,0.0,0.0,0.0,0,0,0
6256,844,2026-05-24 13:00:00,24,6,0,breakfast,clear,1,2,435,149,364.22,0,0.0,0.0,0.0,0,0.0,0.0,0.0,0.0,0.0,0,0,0
6257,844,2026-05-18 17:00:00,18,0,0,lunch,extreme,7,1,455,156,300.5,1,0.2,0.1853655844505969,0.014634415549403118,1,337.49,67.5,89.92,219.37,-39.3,0,0,0
6258,844,2026-02-26 01:00:00,26,3,1,lunch,rain,3,4,548,187,387.3,0,0.0,0.0,0.0,1,387.3,0.0,79.24,251.74,56.32,0,0,0
6259,844,2026-03-08 16:00:00,8,6,0,breakfast,clear,11,2,221,72,545.2,0,0.0,0.0,0.0,0,0.0,0.0,0.0,0.0,0.0,0,0,0
6260,844,2026-05-09 21:00:00,9,5,0,breakfast,clear,7,2,225,73,503.59,0,0.0,0.0,0.0,0,0.0,0.0,0.0,0.0,0.0,0,0,0
6261,844,2026-01-24 09:00:00,24,5,0,breakfast,clear,7,4,440,151,317.0,0,0.0,0.0,0.0,0,0.0,0.0,0.0,0.0,0.0,0,0,0
6262,844,2026-06-27 03:00:00,27,5,1,dinner,rain,4,1,564,192,450.77,0,0.0,0.0,0.0,0,0.0,0.0,0.0,0.0,0.0,0,0,0
6263,844,2026-01-26 16:00:00,26,0,1,dinner,clear,11,1,86,28,398.14,1,0.2,0.14343482270012445,0.05656517729987556,1,447.15,89.43,50.56,290.65,16.51,0,0,0
6264,844,2026-04-29 16:00:00,29,2,1,lunch,rain,1,2,539,184,302.3,1,0.1,0.05308376648369692,0.046916233516303085,1,325.78,32.58,61.36,211.76,20.08,0,0,0
6265,844,2026-06-20 20:00:00,20,5,0,breakfast,clear,11,2,509,175,364.69,0,0.0,0.0,0.0,0,0.0,0.0,0.0,0.0,0.0,0,0,0
6266,844,2026-03-10 04:00:00,10,1,0,late_night,clear,6,2,259,85,416.73,0,0.0,0.0,0.0,1,416.73,0.0,57.28,270.87,88.58,0,0,0
6267,844,2026-06-15 04:00:00,15,0,0,dinner,clear,10,1,196,65,501.99,1,0.05,0.04110110582697746,0.008898894173022545,1,524.8,26.24,56.92,341.12,100.52,0,0,0
6268,845,2026-03-13 10:00:00,13,4,0,breakfast,clear,8,1,60,20,327.51,1,0.1,0.05795789185778202,0.04204210814221798,1,348.74,34.87,57.52,226.68,29.67,0,0,0
6269,845,2026-04-08 04:00:00,8,2,0,late_night,clear,9,4,335,113,408.94,1,0.15,0.1412815706546357,0.008718429345364292,1,443.98,66.6,70.6,288.59,18.2,0,0,0
6270,845,2026-03-14 02:00:00,14,5,0,lunch,clear,5,3,564,192,450.77,1,0.1,0.07359104933197463,0.02640895066802537,1,479.99,48.0,65.56,311.99,54.44,1,0,0
6271,845,2026-03-26 22:00:00,26,3,1,lunch,clear,12,1,2,0,467.58,0,0.0,0.0,0.0,1,467.58,0.0,46.18,303.93,117.47,0,0,0
6272,845,2026-02-25 12:00:00,25,2,1,lunch,rain,5,1,242,78,538.55,0,0.0,0.0,0.0,0,0.0,0.0,0.0,0.0,0.0,0,0,0
6273,845,2026-05-08 03:00:00,8,4,0,breakfast,clear,13,2,74,24,370.91,0,0.0,0.0,0.0,1,370.91,0.0,71.02,241.09,58.8,0,0,0
6274,846,2026-06-27 11:00:00,27,5,1,breakfast,clear,12,2,410,140,370.66,1,0.2,0.15232885578419345,0.047671144215806566,1,461.06,92.21,81.52,299.69,-12.36,1,1,0
6275,846,2026-06-13 23:00:00,13,5,0,lunch,clear,10,2,65,21,412.58,0,0.0,0.0,0.0,0,0.0,0.0,0.0,0.0,0.0,0,0,0
6276,846,2026-04-14 12:00:00,14,1,0,lunch,clear,13,4,471,161,556.82,1,0.15,0.08008487834799635,0.06991512165200364,1,670.09,100.51,62.92,435.56,71.1,0,0,0
6277,846,2026-05-13 11:00:00,13,2,0,lunch,rain,4,1,10,3,499.79,1,0.1,0.06256316371985408,0.03743683628014592,1,576.7,57.67,57.34,374.85,86.83,1,0,0
6278,846,2026-03-31 23:00:00,31,1,1,dinner,clear,13,3,111,37,572.96,0,0.0,0.0,0.0,0,0.0,0.0,0.0,0.0,0.0,0,0,0
6279,846,2026-06-07 21:00:00,7,6,1,lunch,rain,6,2,166,55,410.42,1,0.2,0.1430965288429292,0.05690347115707081,1,510.52,102.1,89.14,331.84,-12.56,0,0,0
6280,846,2026-01-03 07:00:00,3,5,1,late_night,extreme,7,2,425,145,399.21,1,0.1,0.05996433106075519,0.04003566893924482,1,460.64,46.06,51.22,299.42,63.94,0,0,0
6281,847,2026-04-27 09:00:00,27,0,1,dinner,rain,7,3,558,191,360.12,1,0.05,0.029784902610040583,0.02021509738995942,1,386.05,19.3,89.14,250.93,26.68,0,0,0
6282,847,2026-03-02 10:00:00,2,0,1,dinner,extreme,12,1,162,54,283.11,0,0.0,0.0,0.0,0,0.0,0.0,0.0,0.0,0.0,0,0,0
6283,847,2026-04-10 14:00:00,10,4,0,breakfast,clear,9,3,574,196,374.14,1,0.2,0.15142673766069664,0.04857326233930337,1,447.14,89.43,46.84,290.64,20.23,0,0,0
6284,847,2026-04-12 21:00:00,12,6,0,late_night,clear,12,3,446,153,531.37,1,0.2,0.19920995261942934,0.0007900473805706743,1,635.05,127.01,78.88,412.78,16.38,0,0,0
6285,847,2026-06-28 15:00:00,28,6,1,breakfast,clear,9,1,526,180,528.36,0,0.0,0.0,0.0,0,0.0,0.0,0.0,0.0,0.0,0,0,0
6286,847,2026-04-28 01:00:00,28,1,1,lunch,clear,3,3,198,66,362.58,1,0.05,0.03730336215772645,0.012696637842273553,0,0.0,0.0,0.0,0.0,0.0,0,0,0
6287,847,2026-06-22 08:00:00,22,0,0,breakfast,rain,1,4,214,70,450.65,0,0.0,0.0,0.0,0,0.0,0.0,0.0,0.0,0.0,0,0,0
6288,847,2026-01-27 02:00:00,27,1,1,dinner,clear,14,1,305,102,300.68,0,0.0,0.0,0.0,0,0.0,0.0,0.0,0.0,0.0,0,0,0
6289,847,2026-06-27 18:00:00,27,5,1,breakfast,clear,5,1,66,21,340.92,1,0.1,0.07178831462697488,0.028211685373025125,1,382.89,38.29,84.88,248.88,10.84,0,0,0
6290,847,2026-03-09 03:00:00,9,0,0,late_night,clear,6,1,260,86,580.54,0,0.0,0.0,0.0,0,0.0,0.0,0.0,0.0,0.0,0,0,0
6291,847,2026-05-20 08:00:00,20,2,0,lunch,clear,13,2,411,140,433.0,0,0.0,0.0,0.0,1,433.0,0.0,81.52,281.45,70.03,0,0,0
6292,847,2026-05-20 21:00:00,20,2,0,lunch,clear,9,2,300,101,352.16,1,0.1,0.0778919869779164,0.02210801302208361,1,395.51,39.55,72.4,257.08,26.48,1,0,0
6293,848,2026-02-15 01:00:00,15,6,0,lunch,extreme,9,1,193,64,439.49,0,0.0,0.0,0.0,0,0.0,0.0,0.0,0.0,0.0,0,0,0
6294,848,2026-01-16 05:00:00,16,4,0,breakfast,rain,7,1,244,79,438.48,0,0.0,0.0,0.0,0,0.0,0.0,0.0,0.0,0.0,0,0,0
6295,848,2026-01-07 03:00:00,7,2,1,lunch,clear,11,2,363,123,366.41,0,0.0,0.0,0.0,0,0.0,0.0,0.0,0.0,0.0,0,0,0
6296,848,2026-04-12 06:00:00,12,6,0,lunch,clear,14,4,66,21,340.92,0,0.0,0.0,0.0,0,0.0,0.0,0.0,0.0,0.0,0,0,0
6297,848,2026-03-08 02:00:00,8,6,0,late_night,clear,4,3,228,74,270.68,0,0.0,0.0,0.0,1,270.68,0.0,71.92,175.94,22.82,0,0,0
6298,848,2026-01-18 16:00:00,18,6,0,breakfast,extreme,8,1,334,112,602.0,1,0.15,0.09953360303637394,0.05046639696362605,1,654.0,98.1,59.38,425.1,71.42,1,0,0
6299,848,2026-02-19 08:00:00,19,3,0,lunch,clear,1,1,443,153,368.55,0,0.0,0.0,0.0,1,368.55,0.0,78.88,239.56,50.11,0,0,0
6300,849,2026-02-08 09:00:00,8,6,0,breakfast,clear,11,1,414,141,232.56,1,0.1,0.05529118944461389,0.044708810555386114,1,267.84,26.78,67.96,174.09,-1.0,0,0,0
6301,849,2026-02-22 09:00:00,22,6,0,dinner,clear,3,2,53,17,395.01,0,0.0,0.0,0.0,0,0.0,0.0,0.0,0.0,0.0,0,0,0
6302,850,2026-02-07 23:00:00,7,5,1,late_night,rain,12,2,426,146,402.47,0,0.0,0.0,0.0,0,0.0,0.0,0.0,0.0,0.0,0,0,0
6303,850,2026-06-14 07:00:00,14,6,0,dinner,rain,9,1,14,4,405.99,0,0.0,0.0,0.0,0,0.0,0.0,0.0,0.0,0.0,0,0,0
6304,850,2026-01-19 22:00:00,19,0,0,dinner,clear,12,1,361,122,406.31,1,0.15,0.11053996000232857,0.03946003999767142,1,466.23,69.93,60.34,303.05,32.91,0,0,0
6305,850,2026-05-11 17:00:00,11,0,0,lunch,clear,14,1,62,20,305.62,1,0.2,0.11488855062391519,0.08511144937608482,1,359.66,71.93,57.52,233.78,-3.57,0,0,0
6306,851,2026-04-25 06:00:00,25,5,1,lunch,clear,12,2,0,0,289.95,0,0.0,0.0,0.0,0,0.0,0.0,0.0,0.0,0.0,0,0,0
6307,851,2026-03-20 13:00:00,20,4,0,breakfast,clear,14,1,198,66,362.58,1,0.05,0.03437286804068041,0.01562713195931959,1,387.81,19.39,47.14,252.07,69.2,0,0,0
6308,851,2026-03-26 18:00:00,26,3,1,breakfast,clear,1,1,227,74,392.38,1,0.1,0.06581079858567261,0.034189201414327394,1,439.05,43.91,71.92,285.38,37.84,0,0,0
6309,851,2026-01-05 23:00:00,5,0,1,dinner,extreme,11,3,163,54,346.38,1,0.1,0.0997639600525328,0.00023603994746720924,1,387.58,38.76,74.8,251.93,22.09,0,0,0
6310,851,2026-03-01 00:00:00,1,6,1,lunch,clear,13,5,297,100,435.63,1,0.05,0.030366692602289542,0.01963330739771046,1,465.94,23.3,64.18,302.86,75.6,1,0,0
6311,851,2026-03-27 08:00:00,27,4,1,dinner,clear,14,3,526,180,528.36,1,0.15,0.07603782004046053,0.07396217995953946,1,611.44,91.72,77.86,397.43,44.43,0,0,0
6312,851,2026-03-04 01:00:00,4,2,1,late_night,clear,9,5,237,77,366.32,1,0.2,0.19341854226093688,0.006581457739063129,1,435.38,87.08,71.56,283.0,-6.25,0,0,0
6313,851,2026-01-24 23:00:00,24,5,0,dinner,clear,14,2,62,20,305.62,1,0.2,0.17758772089045005,0.02241227910954996,1,363.24,72.65,57.52,236.1,-3.03,0,0,0
6314,852,2026-05-04 21:00:00,4,0,1,breakfast,clear,1,1,132,43,321.82,0,0.0,0.0,0.0,0,0.0,0.0,0.0,0.0,0.0,0,0,0
6315,852,2026-04-12 22:00:00,12,6,0,breakfast,clear,14,1,352,119,307.51,0,0.0,0.0,0.0,1,307.51,0.0,48.22,199.88,59.41,0,0,0
6316,852,2026-03-06 13:00:00,6,4,1,lunch,rain,10,2,256,84,422.03,0,0.0,0.0,0.0,0,0.0,0.0,0.0,0.0,0.0,0,0,0
6317,853,2026-05-03 12:00:00,3,6,1,late_night,clear,11,4,15,4,270.08,0,0.0,0.0,0.0,0,0.0,0.0,0.0,0.0,0.0,0,0,0
6318,853,2026-05-16 12:00:00,16,5,0,breakfast,clear,4,3,334,112,602.0,0,0.0,0.0,0.0,0,0.0,0.0,0.0,0.0,0.0,0,0,0
6319,854,2026-03-04 14:00:00,4,2,1,dinner,clear,9,1,31,9,344.82,0,0.0,0.0,0.0,0,0.0,0.0,0.0,0.0,0.0,0,0,0
6320,854,2026-03-01 04:00:00,1,6,1,breakfast,clear,1,5,58,19,386.43,0,0.0,0.0,0.0,0,0.0,0.0,0.0,0.0,0.0,0,0,0
6321,854,2026-03-26 19:00:00,26,3,1,dinner,clear,3,1,11,3,382.03,1,0.1,0.06003693103258209,0.039963068967417914,1,403.28,40.33,55.84,262.13,44.98,1,0,0
6322,854,2026-01-19 15:00:00,19,0,0,dinner,clear,1,2,509,175,364.69,0,0.0,0.0,0.0,0,0.0,0.0,0.0,0.0,0.0,0,0,0
6323,854,2026-04-26 14:00:00,26,6,1,dinner,clear,8,1,550,188,568.72,1,0.05,0.04945216126363986,0.0005478387363601414,1,587.23,29.36,84.76,381.7,91.41,1,0,0
6324,854,2026-05-01 15:00:00,1,4,1,dinner,clear,4,1,552,189,364.68,1,0.1,0.07523948068079994,0.024760519319200064,0,0.0,0.0,0.0,0.0,0.0,0,0,0
6325,855,2026-05-07 17:00:00,7,3,1,breakfast,clear,8,3,362,123,472.34,0,0.0,0.0,0.0,0,0.0,0.0,0.0,0.0,0.0,0,0,0
6326,855,2026-02-27 05:00:00,27,4,1,late_night,clear,12,2,408,140,346.78,1,0.15,0.11899859183219375,0.03100140816780625,1,403.16,60.47,81.52,262.06,-0.89,0,0,0
6327,855,2026-03-13 14:00:00,13,4,0,late_night,rain,14,1,416,142,323.29,1,0.05,0.03209718465188957,0.017902815348110432,1,346.55,17.33,50.2,225.26,53.77,0,1,0
6328,855,2026-01-13 00:00:00,13,1,0,breakfast,clear,13,2,236,77,323.45,1,0.2,0.16625382807508307,0.03374617192491694,0,0.0,0.0,0.0,0.0,0.0,0,0,0
6329,855,2026-05-03 05:00:00,3,6,1,lunch,clear,8,4,154,51,317.65,0,0.0,0.0,0.0,0,0.0,0.0,0.0,0.0,0.0,0,0,0
6330,855,2026-03-07 09:00:00,7,5,1,lunch,clear,8,2,581,197,473.43,0,0.0,0.0,0.0,0,0.0,0.0,0.0,0.0,0.0,0,0,0
6331,855,2026-06-20 14:00:00,20,5,0,breakfast,rain,8,3,342,116,418.51,1,0.2,0.1687814654087224,0.031218534591277602,1,500.1,100.02,83.32,325.06,-8.31,0,0,0
6332,856,2026-04-02 14:00:00,2,3,1,breakfast,rain,13,2,155,52,395.2,1,0.2,0.1661152667973933,0.03388473320260671,1,455.93,91.19,62.14,296.35,6.25,0,1,0
6333,856,2026-03-22 20:00:00,22,6,0,breakfast,clear,4,1,279,93,516.93,0,0.0,0.0,0.0,0,0.0,0.0,0.0,0.0,0.0,0,0,0
6334,856,2026-03-07 04:00:00,7,5,1,lunch,clear,7,2,581,197,473.43,0,0.0,0.0,0.0,1,473.43,0.0,64.06,307.73,101.64,0,0,0
6335,856,2026-01-27 22:00:00,27,1,1,late_night,clear,6,4,456,156,339.24,1,0.15,0.09301523882998809,0.0569847611700119,1,382.72,57.41,86.92,248.77,-10.38,0,0,0
6336,856,2026-06-14 02:00:00,14,6,0,lunch,extreme,6,1,498,171,395.71,0,0.0,0.0,0.0,0,0.0,0.0,0.0,0.0,0.0,0,0,0
6337,856,2026-04-20 21:00:00,20,0,0,breakfast,clear,6,3,360,122,593.1,0,0.0,0.0,0.0,0,0.0,0.0,0.0,0.0,0.0,0,0,0
6338,856,2026-02-15 23:00:00,15,6,0,lunch,clear,1,1,122,40,339.12,1,0.05,0.04767310172847111,0.0023268982715288905,1,358.35,17.92,73.18,232.93,34.33,1,0,0
6339,856,2026-03-16 11:00:00,16,0,0,breakfast,clear,3,2,361,122,406.31,0,0.0,0.0,0.0,0,0.0,0.0,0.0,0.0,0.0,0,0,0
6340,856,2026-01-03 19:00:00,3,5,1,late_night,clear,14,5,2,0,467.58,0,0.0,0.0,0.0,0,0.0,0.0,0.0,0.0,0.0,0,0,1
6341,857,2026-02-24 06:00:00,24,1,0,late_night,rain,7,5,410,140,370.66,1,0.2,0.15989363040951937,0.04010636959048064,1,445.67,89.13,83.02,289.68,-16.17,0,0,0
6342,857,2026-03-16 07:00:00,16,0,0,breakfast,rain,14,1,163,54,346.38,1,0.1,0.09215843002550726,0.007841569974492743,1,390.61,39.06,73.3,253.89,24.35,0,0,0
6343,857,2026-05-02 01:00:00,2,5,1,lunch,clear,4,4,494,170,372.46,1,0.15,0.1237381574823076,0.026261842517692396,1,435.32,65.3,60.16,282.96,26.9,0,0,0
6344,857,2026-02-13 07:00:00,13,4,0,breakfast,clear,12,1,118,39,439.52,0,0.0,0.0,0.0,1,439.52,0.0,85.12,285.69,68.71,0,0,0
6345,857,2026-04-09 07:00:00,9,3,0,breakfast,clear,8,1,555,190,421.12,0,0.0,0.0,0.0,0,0.0,0.0,0.0,0.0,0.0,0,0,0
6346,857,2026-06-15 04:00:00,15,0,0,breakfast,extreme,1,2,127,41,443.42,1,0.1,0.05033003897061255,0.049669961029387456,1,500.03,50.0,50.8,325.02,74.21,0,0,0
6347,857,2026-06-16 03:00:00,16,1,0,late_night,extreme,4,1,352,119,307.51,0,0.0,0.0,0.0,1,307.51,0.0,51.22,199.88,56.41,0,0,0
6348,857,2026-02-01 02:00:00,1,6,1,dinner,rain,3,1,309,104,417.27,0,0.0,0.0,0.0,0,0.0,0.0,0.0,0.0,0.0,0,0,0
6349,858,2026-05-19 00:00:00,19,1,0,late_night,rain,2,2,109,36,285.64,1,0.1,0.0654112592495104,0.03458874075048961,1,345.47,34.55,71.08,224.55,15.29,1,0,0
6350,858,2026-02-25 01:00:00,25,2,1,dinner,clear,10,1,550,188,568.72,1,0.05,0.04655132089189379,0.0034486791081062146,1,638.4,31.92,84.76,414.96,106.76,1,0,0
6351,858,2026-02-27 20:00:00,27,4,1,dinner,rain,5,1,560,191,375.48,1,0.2,0.13724875887006702,0.062751241129933,1,500.13,100.03,89.14,325.08,-14.12,1,0,0
6352,858,2026-03-31 13:00:00,31,1,1,breakfast,clear,14,2,428,146,518.02,1,0.15,0.1154467712074092,0.03455322879259079,1,661.45,99.22,50.62,429.94,81.67,1,0,0
6353,858,2026-05-23 13:00:00,23,5,0,lunch,rain,10,2,167,55,394.06,1,0.05,0.041097787689846434,0.008902212310153569,1,442.34,22.12,89.14,287.52,43.56,1,0,0
6354,858,2026-04-15 18:00:00,15,2,0,breakfast,clear,5,1,379,130,459.76,1,0.05,0.03711531362141035,0.012884686378589652,1,516.09,25.8,72.88,335.46,81.95,1,0,0
6355,858,2026-03-08 12:00:00,8,6,0,dinner,clear,12,1,13,4,401.59,1,0.05,0.03842252124888082,0.011577478751119183,1,450.79,22.54,70.0,293.02,65.24,0,0,0
6356,858,2026-04-03 12:00:00,3,4,1,late_night,clear,2,1,323,108,364.56,0,0.0,0.0,0.0,0,0.0,0.0,0.0,0.0,0.0,0,0,0
6357,858,2026-05-17 14:00:00,17,6,0,lunch,clear,13,2,108,36,342.36,0,0.0,0.0,0.0,0,0.0,0.0,0.0,0.0,0.0,0,0,0
6358,858,2026-03-30 16:00:00,30,0,1,dinner,rain,14,1,51,16,606.47,1,0.2,0.12079407132124481,0.0792059286787552,1,807.8,161.56,55.12,525.07,66.05,1,0,0
6359,858,2026-06-24 10:00:00,24,2,0,breakfast,clear,2,3,244,79,438.48,1,0.1,0.054618640765030015,0.04538135923496999,1,530.32,53.03,71.92,344.71,60.66,0,0,0
6360,858,2026-01-15 08:00:00,15,3,0,late_night,clear,4,1,374,128,310.41,0,0.0,0.0,0.0,0,0.0,0.0,0.0,0.0,0.0,0,0,0
6361,859,2026-01-09 02:00:00,9,4,0,dinner,clear,11,2,252,83,352.16,1,0.05,0.04968011273729328,0.0003198872627067223,1,372.81,18.64,87.52,242.32,24.32,0,0,0
6362,859,2026-01-05 08:00:00,5,0,1,late_night,clear,7,1,125,41,321.49,1,0.1,0.0946545920319265,0.005345407968073507,1,353.71,35.37,47.8,229.91,40.63,0,0,0
6363,859,2026-03-25 16:00:00,25,2,1,breakfast,clear,1,1,589,199,395.45,1,0.1,0.06706377057924248,0.03293622942075752,1,435.09,43.51,61.78,282.81,46.99,1,0,0
6364,859,2026-05-25 06:00:00,25,0,1,breakfast,clear,4,1,176,58,380.02,0,0.0,0.0,0.0,0,0.0,0.0,0.0,0.0,0.0,0,0,0
6365,859,2026-06-01 01:00:00,1,0,1,lunch,clear,14,4,231,75,429.49,0,0.0,0.0,0.0,1,429.49,0.0,67.9,279.17,82.42,0,0,0
6366,860,2026-03-03 19:00:00,3,1,1,breakfast,clear,2,1,336,113,334.35,0,0.0,0.0,0.0,1,334.35,0.0,70.6,217.33,46.42,0,0,0
6367,860,2026-03-04 02:00:00,4,2,1,lunch,clear,6,4,51,16,606.47,0,0.0,0.0,0.0,0,0.0,0.0,0.0,0.0,0.0,0,0,0
6368,860,2026-01-31 17:00:00,31,5,1,dinner,clear,2,4,424,145,401.06,1,0.15,0.13532725895587364,0.014672741044126358,1,445.88,66.88,48.22,289.82,40.96,1,0,0
6369,860,2026-03-08 19:00:00,8,6,0,dinner,rain,1,1,146,48,348.11,1,0.05,0.0317480566198289,0.018251943380171103,0,0.0,0.0,0.0,0.0,0.0,0,0,0
6370,860,2026-03-16 17:00:00,16,0,0,breakfast,clear,9,1,153,51,331.89,1,0.15,0.1104952951877452,0.03950470481225479,1,368.98,55.35,72.04,239.83,1.76,1,0,0
6371,860,2026-06-17 12:00:00,17,2,0,breakfast,clear,3,1,239,78,297.85,1,0.1,0.05256181785858839,0.047438182141411614,1,323.03,32.3,78.7,209.97,2.06,0,0,0
6372,860,2026-05-25 15:00:00,25,0,1,breakfast,clear,1,1,55,18,281.2,0,0.0,0.0,0.0,1,281.2,0.0,71.62,182.78,26.8,0,0,0
6373,860,2026-05-11 15:00:00,11,0,0,late_night,clear,7,1,115,38,322.99,0,0.0,0.0,0.0,1,322.99,0.0,46.0,209.94,67.05,0,0,0
6374,860,2026-05-25 03:00:00,25,0,1,breakfast,clear,13,2,223,73,306.77,1,0.2,0.15074747815062284,0.04925252184937717,1,347.87,69.57,84.16,226.12,-31.98,0,0,0
6375,860,2026-04-06 22:00:00,6,0,1,late_night,clear,2,1,101,34,347.68,1,0.1,0.06886273651673579,0.03113726348326422,1,377.07,37.71,55.54,245.09,38.73,1,0,0
6376,860,2026-03-19 22:00:00,19,3,0,lunch,clear,5,1,210,69,497.03,0,0.0,0.0,0.0,0,0.0,0.0,0.0,0.0,0.0,0,0,0
6377,860,2026-02-05 23:00:00,5,3,1,breakfast,extreme,5,3,127,41,443.42,0,0.0,0.0,0.0,1,443.42,0.0,50.8,288.22,104.4,0,0,0
6378,860,2026-03-21 20:00:00,21,5,0,lunch,clear,3,1,20,6,418.44,0,0.0,0.0,0.0,0,0.0,0.0,0.0,0.0,0.0,0,0,0
6379,860,2026-02-03 11:00:00,3,1,1,dinner,extreme,3,1,555,190,421.12,1,0.2,0.1565447338587326,0.04345526614126741,1,477.54,95.51,86.62,310.4,-14.99,1,0,0
6380,861,2026-06-04 10:00:00,4,3,1,breakfast,rain,9,1,278,93,308.37,0,0.0,0.0,0.0,0,0.0,0.0,0.0,0.0,0.0,0,0,0
6381,861,2026-05-24 13:00:00,24,6,0,dinner,clear,5,2,68,22,418.77,1,0.1,0.06475630959782645,0.03524369040217355,1,453.89,45.39,86.98,295.03,26.49,0,0,0
6382,861,2026-02-07 10:00:00,7,5,1,dinner,rain,13,2,574,196,374.14,1,0.05,0.0483735941430011,0.0016264058569988998,0,0.0,0.0,0.0,0.0,0.0,0,0,0
6383,861,2026-05-31 18:00:00,31,6,1,lunch,extreme,12,1,6,2,546.89,0,0.0,0.0,0.0,0,0.0,0.0,0.0,0.0,0.0,0,0,0
6384,862,2026-03-13 23:00:00,13,4,0,lunch,rain,14,3,152,50,315.22,0,0.0,0.0,0.0,0,0.0,0.0,0.0,0.0,0.0,0,0,0
6385,862,2026-01-27 02:00:00,27,1,1,lunch,clear,4,1,98,33,267.42,1,0.05,0.04671429799951352,0.0032857020004864804,1,295.37,14.77,51.16,191.99,37.45,0,0,0
6386,862,2026-05-12 18:00:00,12,1,0,late_night,clear,3,1,480,164,354.68,1,0.1,0.09875748558823819,0.0012425144117618192,1,418.05,41.81,89.32,271.73,15.19,0,0,0
6387,862,2026-02-07 01:00:00,7,5,1,breakfast,rain,13,1,360,122,593.1,0,0.0,0.0,0.0,0,0.0,0.0,0.0,0.0,0.0,0,0,0
6388,862,2026-05-02 14:00:00,2,5,1,dinner,clear,9,1,77,24,277.16,0,0.0,0.0,0.0,0,0.0,0.0,0.0,0.0,0.0,0,0,0
6389,862,2026-02-15 04:00:00,15,6,0,dinner,rain,2,1,337,114,325.94,0,0.0,0.0,0.0,0,0.0,0.0,0.0,0.0,0.0,0,0,0
6390,862,2026-02-14 14:00:00,14,5,0,breakfast,clear,8,2,221,72,545.2,1,0.1,0.08799055838183883,0.01200944161816117,1,642.61,64.26,54.64,417.7,106.01,0,0,0
6391,862,2026-02-19 05:00:00,19,3,0,lunch,clear,10,1,261,86,381.66,1,0.1,0.06309566198560841,0.036904338014391594,1,449.85,44.99,73.0,292.4,39.46,0,0,0
6392,862,2026-05-31 19:00:00,31,6,1,breakfast,rain,11,1,336,113,334.35,0,0.0,0.0,0.0,0,0.0,0.0,0.0,0.0,0.0,0,0,0
6393,862,2026-05-27 18:00:00,27,2,1,dinner,clear,5,1,462,158,425.12,0,0.0,0.0,0.0,0,0.0,0.0,0.0,0.0,0.0,0,0,0
6394,862,2026-05-19 17:00:00,19,1,0,lunch,clear,4,1,574,196,374.14,0,0.0,0.0,0.0,0,0.0,0.0,0.0,0.0,0.0,0,0,0
6395,862,2026-04-17 11:00:00,17,4,0,breakfast,rain,5,1,80,26,419.05,1,0.1,0.05052820782964778,0.049471792170352226,1,493.92,49.39,90.88,321.05,32.6,0,0,0
6396,862,2026-05-06 15:00:00,6,2,1,breakfast,clear,5,1,83,27,432.63,1,0.1,0.05164102222066687,0.04835897777933314,1,509.93,50.99,86.8,331.45,40.68,0,0,0
6397,862,2026-04-20 04:00:00,20,0,0,breakfast,clear,13,3,89,30,399.84,0,0.0,0.0,0.0,0,0.0,0.0,0.0,0.0,0.0,0,0,0
6398,863,2026-02-22 12:00:00,22,6,0,breakfast,clear,14,3,200,66,365.44,0,0.0,0.0,0.0,0,0.0,0.0,0.0,0.0,0.0,0,0,0
6399,864,2026-04-10 14:00:00,10,4,0,late_night,clear,10,1,456,156,339.24,0,0.0,0.0,0.0,1,339.24,0.0,86.92,220.51,31.81,0,0,0
6400,864,2026-01-01 15:00:00,1,3,1,dinner,clear,9,2,472,161,222.14,1,0.1,0.08745897583371286,0.012541024166287149,1,244.43,24.44,62.92,158.88,-1.81,0,0,0
6401,864,2026-01-06 15:00:00,6,1,1,breakfast,clear,6,2,311,105,290.55,0,0.0,0.0,0.0,0,0.0,0.0,0.0,0.0,0.0,0,0,0
6402,864,2026-01-13 08:00:00,13,1,0,lunch,rain,5,5,101,34,347.68,1,0.15,0.09799782942324181,0.05200217057675818,1,393.79,59.07,57.04,255.97,21.72,1,0,0
6403,864,2026-02-06 04:00:00,6,4,1,dinner,clear,6,1,342,116,418.51,0,0.0,0.0,0.0,0,0.0,0.0,0.0,0.0,0.0,0,0,0
6404,864,2026-03-26 06:00:00,26,3,1,breakfast,extreme,12,1,214,70,450.65,1,0.2,0.1526579604937906,0.04734203950620941,1,522.31,104.46,93.28,339.5,-14.93,0,0,0
6405,865,2026-06-05 01:00:00,5,4,1,breakfast,clear,9,1,584,198,433.43,0,0.0,0.0,0.0,0,0.0,0.0,0.0,0.0,0.0,0,0,0
6406,865,2026-06-09 19:00:00,9,1,0,breakfast,clear,3,3,574,196,374.14,0,0.0,0.0,0.0,0,0.0,0.0,0.0,0.0,0.0,0,0,0
6407,865,2026-03-02 15:00:00,2,0,1,breakfast,clear,11,1,493,169,546.34,1,0.1,0.09176761554001449,0.008232384459985517,1,606.92,60.69,51.34,394.5,100.39,0,0,0
6408,865,2026-06-24 15:00:00,24,2,0,late_night,clear,1,4,205,67,352.05,1,0.05,0.04310379247110722,0.006896207528892785,0,0.0,0.0,0.0,0.0,0.0,0,0,0
6409,865,2026-04-04 12:00:00,4,5,1,late_night,clear,2,1,89,30,399.84,1,0.1,0.09913561974254298,0.0008643802574570258,1,444.18,44.42,81.88,288.71,29.16,0,0,0
6410,865,2026-05-02 16:00:00,2,5,1,breakfast,clear,5,1,410,140,370.66,1,0.2,0.1726033400220624,0.02739665997793761,1,435.8,87.16,81.52,283.27,-16.15,0,0,0
6411,866,2026-04-12 22:00:00,12,6,0,breakfast,clear,4,2,105,35,354.06,1,0.1,0.06500562396425447,0.03499437603574554,1,373.02,37.3,81.52,242.46,11.73,0,0,0
6412,866,2026-04-14 12:00:00,14,1,0,breakfast,clear,6,1,334,112,602.0,0,0.0,0.0,0.0,0,0.0,0.0,0.0,0.0,0.0,0,0,0
6413,866,2026-06-11 11:00:00,11,3,0,lunch,rain,14,1,35,11,312.68,1,0.15,0.12764640513916012,0.022353594860839876,0,0.0,0.0,0.0,0.0,0.0,0,0,0
6414,866,2026-02-15 21:00:00,15,6,0,late_night,clear,13,4,182,60,341.42,1,0.15,0.11031797442111228,0.03968202557888771,1,365.59,54.84,79.18,237.63,-6.06,0,0,0
6415,866,2026-05-20 11:00:00,20,2,0,dinner,clear,14,1,545,187,326.24,1,0.1,0.05807660011737823,0.041923399882621774,0,0.0,0.0,0.0,0.0,0.0,0,0,0
6416,866,2026-04-13 03:00:00,13,0,0,late_night,clear,7,2,280,93,389.78,0,0.0,0.0,0.0,0,0.0,0.0,0.0,0.0,0.0,0,0,0
6417,866,2026-06-22 07:00:00,22,0,0,dinner,clear,1,2,176,58,380.02,1,0.05,0.04460588016961858,0.005394119830381426,0,0.0,0.0,0.0,0.0,0.0,0,0,0
6418,866,2026-05-10 03:00:00,10,6,0,dinner,rain,3,1,320,107,397.85,0,0.0,0.0,0.0,0,0.0,0.0,0.0,0.0,0.0,0,0,0
6419,867,2026-01-02 23:00:00,2,4,1,late_night,clear,1,1,558,191,360.12,1,0.1,0.07545238284375594,0.024547617156244067,1,382.06,38.21,87.64,248.34,7.88,0,0,0
6420,867,2026-06-10 05:00:00,10,2,0,late_night,clear,12,4,113,37,446.27,0,0.0,0.0,0.0,0,0.0,0.0,0.0,0.0,0.0,0,0,0
6421,867,2026-05-15 11:00:00,15,4,0,lunch,clear,2,2,318,107,312.54,1,0.1,0.09996152226744506,3.8477732554942357e-05,0,0.0,0.0,0.0,0.0,0.0,0,0,0
6422,867,2026-03-22 04:00:00,22,6,0,dinner,rain,4,1,424,145,401.06,0,0.0,0.0,0.0,1,401.06,0.0,49.72,260.69,90.65,0,0,0
6423,867,2026-02-18 06:00:00,18,2,0,breakfast,clear,12,1,410,140,370.66,0,0.0,0.0,0.0,1,370.66,0.0,81.52,240.93,48.21,0,0,0
6424,867,2026-03-02 10:00:00,2,0,1,breakfast,clear,2,2,437,150,421.49,1,0.15,0.14455597873884637,0.00544402126115362,0,0.0,0.0,0.0,0.0,0.0,0,0,0
6425,867,2026-04-04 02:00:00,4,5,1,late_night,clear,11,1,226,74,412.77,0,0.0,0.0,0.0,1,412.77,0.0,71.92,268.3,72.55,0,0,0
6426,867,2026-04-29 16:00:00,29,2,1,late_night,clear,6,1,239,78,297.85,0,0.0,0.0,0.0,0,0.0,0.0,0.0,0.0,0.0,0,0,0
6427,867,2026-02-02 11:00:00,2,0,1,dinner,rain,13,2,412,141,376.41,1,0.1,0.06611221518747204,0.033887784812527966,1,399.34,39.93,69.46,259.57,30.38,0,0,0
6428,867,2026-01-15 01:00:00,15,3,0,breakfast,extreme,11,3,206,68,536.05,1,0.1,0.0841872527964399,0.0158127472035601,1,568.71,56.87,51.76,369.66,90.42,1,0,0
6429,867,2026-06-23 20:00:00,23,1,0,late_night,extreme,8,1,148,49,348.4,0,0.0,0.0,0.0,0,0.0,0.0,0.0,0.0,0.0,0,0,0
6430,868,2026-03-10 03:00:00,10,1,0,late_night,clear,7,2,89,30,399.84,1,0.2,0.10040015980809268,0.09959984019190733,1,460.36,92.07,81.88,299.23,-12.83,0,0,0
6431,868,2026-02-22 01:00:00,22,6,0,lunch,rain,13,4,320,107,397.85,1,0.2,0.10897328050312849,0.09102671949687152,1,458.07,91.61,64.48,297.74,4.23,0,0,0
6432,868,2026-06-01 00:00:00,1,0,1,lunch,clear,12,1,129,42,337.95,1,0.1,0.07315138612526921,0.026848613874730795,1,370.22,37.02,50.92,240.65,41.64,1,0,0
6433,868,2026-05-13 18:00:00,13,2,0,lunch,rain,2,3,413,141,430.89,0,0.0,0.0,0.0,1,430.89,0.0,69.46,280.08,81.35,0,0,0
6434,868,2026-04-01 13:00:00,1,2,1,dinner,rain,6,2,377,130,439.99,1,0.1,0.050050332504850165,0.04994966749514984,1,482.01,48.2,74.38,313.31,46.12,1,0,0
6435,869,2026-01-06 06:00:00,6,1,1,lunch,clear,10,3,358,121,582.33,0,0.0,0.0,0.0,0,0.0,0.0,0.0,0.0,0.0,0,0,0
6436,869,2026-06-04 16:00:00,4,3,1,dinner,clear,12,1,293,99,379.55,1,0.05,0.03002405531865442,0.019975944681345583,0,0.0,0.0,0.0,0.0,0.0,0,0,0
6437,869,2026-04-20 18:00:00,20,0,0,lunch,extreme,3,1,337,114,325.94,1,0.2,0.10342862619721716,0.09657137380278286,1,377.48,75.5,82.0,245.36,-25.38,0,0,0
6438,869,2026-06-29 12:00:00,29,0,1,late_night,clear,9,2,403,138,375.94,1,0.1,0.059025774961498814,0.04097422503850119,1,413.44,41.34,50.2,268.74,53.16,0,0,0
6439,869,2026-02-04 14:00:00,4,2,1,dinner,rain,4,1,1,0,430.92,0,0.0,0.0,0.0,0,0.0,0.0,0.0,0.0,0.0,0,0,0
6440,869,2026-01-20 01:00:00,20,1,0,dinner,clear,7,1,510,175,422.52,0,0.0,0.0,0.0,0,0.0,0.0,0.0,0.0,0.0,0,0,0
6441,869,2026-02-21 14:00:00,21,5,0,dinner,clear,6,1,53,17,395.01,0,0.0,0.0,0.0,0,0.0,0.0,0.0,0.0,0.0,0,0,0
6442,869,2026-04-12 08:00:00,12,6,0,lunch,clear,12,1,292,98,326.18,0,0.0,0.0,0.0,0,0.0,0.0,0.0,0.0,0.0,0,0,0
6443,869,2026-01-09 17:00:00,9,4,0,late_night,rain,9,2,310,104,391.76,1,0.05,0.030106119266637844,0.01989388073336216,0,0.0,0.0,0.0,0.0,0.0,0,0,0
6444,869,2026-04-07 12:00:00,7,1,1,late_night,extreme,11,1,201,66,380.12,0,0.0,0.0,0.0,1,380.12,0.0,50.14,247.08,82.9,0,0,0
6445,869,2026-06-29 09:00:00,29,0,1,dinner,rain,4,1,558,191,360.12,0,0.0,0.0,0.0,1,360.12,0.0,89.14,234.08,36.9,0,0,0
6446,870,2026-03-07 03:00:00,7,5,1,dinner,clear,6,1,40,12,466.1,0,0.0,0.0,0.0,0,0.0,0.0,0.0,0.0,0.0,0,0,0
6447,870,2026-04-23 11:00:00,23,3,0,breakfast,extreme,3,1,67,22,343.91,1,0.05,0.027424213384773622,0.02257578661522638,0,0.0,0.0,0.0,0.0,0.0,0,1,0
6448,871,2026-04-03 01:00:00,3,4,1,lunch,clear,14,5,532,181,329.51,1,0.15,0.08929034703622228,0.06070965296377771,1,362.73,54.41,65.44,235.77,7.11,0,0,0
6449,871,2026-03-12 23:00:00,12,3,0,dinner,clear,9,1,169,56,358.37,0,0.0,0.0,0.0,1,358.37,0.0,65.92,232.94,59.51,0,0,0
6450,871,2026-05-31 03:00:00,31,6,1,breakfast,clear,7,2,404,138,351.02,0,0.0,0.0,0.0,0,0.0,0.0,0.0,0.0,0.0,0,0,0
6451,871,2026-01-25 10:00:00,25,6,1,lunch,clear,6,1,195,65,438.04,0,0.0,0.0,0.0,0,0.0,0.0,0.0,0.0,0.0,0,0,0
6452,871,2026-04-28 13:00:00,28,1,1,late_night,extreme,10,1,143,47,404.73,1,0.15,0.1258740645742702,0.0241259354257298,1,445.53,66.83,74.02,289.6,15.09,0,0,0
6453,872,2026-02-15 01:00:00,15,6,0,late_night,rain,7,1,559,191,467.99,0,0.0,0.0,0.0,0,0.0,0.0,0.0,0.0,0.0,0,0,0
6454,872,2026-05-11 04:00:00,11,0,0,dinner,clear,11,1,448,154,318.66,0,0.0,0.0,0.0,0,0.0,0.0,0.0,0.0,0.0,0,1,0
6455,872,2026-04-29 04:00:00,29,2,1,lunch,clear,1,1,37,11,363.11,0,0.0,0.0,0.0,0,0.0,0.0,0.0,0.0,0.0,0,0,0
6456,872,2026-01-18 02:00:00,18,6,0,late_night,rain,5,1,266,88,603.82,1,0.05,0.03297620769163358,0.017023792308366426,1,659.03,32.95,66.16,428.37,131.55,1,0,0
6457,873,2026-05-24 23:00:00,24,6,0,lunch,clear,8,2,364,124,442.23,1,0.1,0.07241207861296993,0.027587921387030076,1,509.13,50.91,79.12,330.93,48.16,1,0,0
6458,873,2026-06-25 21:00:00,25,3,1,breakfast,rain,5,2,528,180,430.97,1,0.05,0.04390618080535641,0.006093819194643593,1,469.11,23.46,79.36,304.92,61.37,0,0,0
6459,873,2026-04-10 15:00:00,10,4,0,breakfast,clear,10,1,576,196,382.35,0,0.0,0.0,0.0,0,0.0,0.0,0.0,0.0,0.0,0,0,0
6460,873,2026-06-13 23:00:00,13,5,0,dinner,clear,13,2,108,36,342.36,1,0.15,0.1279838762334805,0.022016123766519485,1,410.83,61.62,69.58,267.04,12.59,0,0,0
6461,873,2026-04-06 01:00:00,6,0,1,breakfast,extreme,13,1,388,134,391.86,1,0.2,0.19779187778862417,0.0022081222113758403,1,485.82,97.16,52.18,315.78,20.69,0,0,0
6462,873,2026-01-10 23:00:00,10,5,0,late_night,clear,5,4,23,7,447.81,1,0.15,0.10564506984808342,0.04435493015191658,1,537.36,80.6,82.3,349.29,25.17,0,0,0
6463,874,2026-04-08 01:00:00,8,2,0,lunch,extreme,6,2,334,112,602.0,0,0.0,0.0,0.0,0,0.0,0.0,0.0,0.0,0.0,0,0,0
6464,874,2026-05-24 08:00:00,24,6,0,late_night,rain,14,5,19,6,523.49,0,0.0,0.0,0.0,0,0.0,0.0,0.0,0.0,0.0,0,0,0
6465,874,2026-05-05 14:00:00,5,1,1,late_night,extreme,1,3,65,21,412.58,1,0.2,0.17206884144758164,0.027931158552418373,1,484.45,96.89,87.88,314.89,-15.21,1,0,0
6466,874,2026-03-05 13:00:00,5,3,1,breakfast,rain,3,2,442,152,349.53,1,0.1,0.0773085553745892,0.02269144462541081,1,387.94,38.79,71.38,252.16,25.61,1,0,0
6467,874,2026-06-22 00:00:00,22,0,0,breakfast,extreme,7,2,172,56,602.27,0,0.0,0.0,0.0,0,0.0,0.0,0.0,0.0,0.0,0,0,0
6468,874,2026-01-01 17:00:00,1,3,1,late_night,clear,10,2,33,10,294.15,1,0.15,0.12289248519946074,0.02710751480053926,1,336.88,50.53,83.8,218.97,-16.42,0,0,0
6469,874,2026-01-26 04:00:00,26,0,1,dinner,rain,5,1,317,106,383.97,1,0.15,0.1254426411882343,0.024557358811765684,1,439.75,65.96,54.82,285.84,33.13,0,0,0
6470,875,2026-03-17 18:00:00,17,1,0,breakfast,extreme,13,2,304,102,403.47,1,0.05,0.02894646090538471,0.021053539094615294,1,433.55,21.68,63.46,281.81,66.61,0,0,0
6471,875,2026-02-18 07:00:00,18,2,0,lunch,clear,6,5,132,43,321.82,1,0.15,0.14635507177128873,0.003644928228711264,1,376.05,56.41,67.48,244.43,7.73,0,0,0
6472,875,2026-01-31 06:00:00,31,5,1,lunch,clear,1,2,299,101,404.49,0,0.0,0.0,0.0,1,404.49,0.0,72.4,262.92,69.17,0,0,0
6473,875,2026-02-04 08:00:00,4,2,1,breakfast,clear,9,2,122,40,339.12,1,0.15,0.07800748854500719,0.0719925114549928,1,396.26,59.44,73.18,257.57,6.07,1,0,0
6474,875,2026-04-01 20:00:00,1,2,1,breakfast,clear,5,4,58,19,386.43,0,0.0,0.0,0.0,1,386.43,0.0,63.88,251.18,71.37,0,0,0
6475,876,2026-05-19 19:00:00,19,1,0,lunch,clear,2,4,332,112,555.99,1,0.1,0.05470218929680402,0.04529781070319599,0,0.0,0.0,0.0,0.0,0.0,0,0,0
6476,877,2026-02-13 18:00:00,13,4,0,breakfast,clear,6,2,336,113,334.35,0,0.0,0.0,0.0,0,0.0,0.0,0.0,0.0,0.0,0,0,0
6477,877,2026-01-25 00:00:00,25,6,1,late_night,clear,3,1,161,54,318.19,0,0.0,0.0,0.0,1,318.19,0.0,71.8,206.82,39.57,0,0,0
6478,877,2026-06-29 19:00:00,29,0,1,late_night,clear,9,4,409,140,302.97,0,0.0,0.0,0.0,0,0.0,0.0,0.0,0.0,0.0,0,0,0
6479,877,2026-06-12 04:00:00,12,4,0,lunch,clear,12,1,160,53,410.45,0,0.0,0.0,0.0,1,410.45,0.0,77.38,266.79,66.28,0,0,0
6480,877,2026-02-24 09:00:00,24,1,0,late_night,clear,5,2,219,72,521.25,1,0.1,0.0850816035197925,0.0149183964802075,1,562.6,56.26,54.64,365.69,86.01,0,0,0
6481,877,2026-04-25 15:00:00,25,5,1,lunch,clear,5,2,582,198,450.79,1,0.15,0.10363830125864786,0.04636169874135214,1,498.06,74.71,66.7,323.74,32.91,0,0,0
6482,877,2026-02-20 00:00:00,20,4,0,dinner,rain,2,2,338,114,376.41,0,0.0,0.0,0.0,0,0.0,0.0,0.0,0.0,0.0,0,0,0
6483,877,2026-01-28 22:00:00,28,2,1,breakfast,clear,3,1,42,13,369.33,1,0.05,0.035015821050622474,0.014984178949377529,0,0.0,0.0,0.0,0.0,0.0,0,0,0
6484,877,2026-05-23 23:00:00,23,5,0,breakfast,rain,1,1,89,30,399.84,0,0.0,0.0,0.0,0,0.0,0.0,0.0,0.0,0.0,0,0,0
6485,877,2026-01-20 10:00:00,20,1,0,lunch,clear,14,1,149,50,355.86,0,0.0,0.0,0.0,1,355.86,0.0,57.04,231.31,67.51,0,0,0
6486,877,2026-01-01 02:00:00,1,3,1,breakfast,clear,6,3,378,130,410.6,1,0.15,0.10189402793502968,0.04810597206497032,1,453.66,68.05,72.88,294.88,17.85,0,0,0
6487,878,2026-03-31 02:00:00,31,1,1,dinner,clear,5,1,542,186,379.72,1,0.05,0.03847505494281228,0.011524945057187722,1,388.23,19.41,75.46,252.35,41.01,1,0,0
6488,878,2026-03-19 12:00:00,19,3,0,breakfast,rain,7,1,194,65,439.76,1,0.1,0.09165585622789879,0.008344143772101215,0,0.0,0.0,0.0,0.0,0.0,0,0,0
6489,879,2026-01-11 13:00:00,11,6,0,breakfast,clear,10,2,72,23,541.6,1,0.05,0.03479654402055762,0.015203455979442386,1,566.58,28.33,89.32,368.28,80.66,1,0,0
6490,879,2026-01-19 13:00:00,19,0,0,late_night,clear,7,1,102,34,373.66,0,0.0,0.0,0.0,0,0.0,0.0,0.0,0.0,0.0,0,0,0
6491,879,2026-03-06 22:00:00,6,4,1,breakfast,rain,14,3,451,155,376.18,0,0.0,0.0,0.0,0,0.0,0.0,0.0,0.0,0.0,0,0,0
6492,879,2026-02-28 16:00:00,28,5,1,late_night,clear,10,3,438,150,397.96,0,0.0,0.0,0.0,0,0.0,0.0,0.0,0.0,0.0,0,0,0
6493,880,2026-06-25 14:00:00,25,3,1,breakfast,clear,12,2,204,67,507.77,0,0.0,0.0,0.0,1,507.77,0.0,65.62,330.05,112.1,0,0,0
6494,880,2026-04-28 09:00:00,28,1,1,lunch,clear,14,1,47,14,362.77,0,0.0,0.0,0.0,0,0.0,0.0,0.0,0.0,0.0,0,0,0
6495,880,2026-04-26 16:00:00,26,6,1,late_night,rain,11,1,506,174,455.6,0,0.0,0.0,0.0,0,0.0,0.0,0.0,0.0,0.0,0,0,0
6496,880,2026-01-21 17:00:00,21,2,0,late_night,rain,8,1,271,90,376.38,0,0.0,0.0,0.0,0,0.0,0.0,0.0,0.0,0.0,0,0,0
6497,880,2026-05-04 07:00:00,4,0,1,late_night,clear,1,2,399,137,510.29,0,0.0,0.0,0.0,0,0.0,0.0,0.0,0.0,0.0,0,0,0
6498,880,2026-05-10 00:00:00,10,6,0,breakfast,clear,13,1,254,84,436.22,0,0.0,0.0,0.0,0,0.0,0.0,0.0,0.0,0.0,0,0,0
6499,880,2026-03-19 21:00:00,19,3,0,dinner,clear,3,1,332,112,555.99,0,0.0,0.0,0.0,1,555.99,0.0,56.38,361.39,138.22,0,0,0
6500,880,2026-01-19 12:00:00,19,0,0,late_night,rain,5,1,93,31,496.71,1,0.2,0.18228803067718402,0.01771196932281599,1,556.26,111.25,57.28,361.57,26.16,0,0,0
6501,880,2026-01-10 06:00:00,10,5,0,late_night,extreme,9,3,466,159,288.17,1,0.15,0.11150948750186625,0.03849051249813375,1,316.98,47.55,54.7,206.04,8.7,0,0,0
6502,880,2026-01-23 03:00:00,23,4,0,late_night,clear,13,1,494,170,372.46,1,0.1,0.06492934190720512,0.03507065809279489,1,400.63,40.06,60.16,260.41,40.0,1,0,0
6503,880,2026-01-04 12:00:00,4,6,1,late_night,clear,11,2,328,110,369.63,1,0.1,0.05124888023923845,0.04875111976076155,1,397.59,39.76,69.34,258.43,30.06,1,0,0
6504,880,2026-03-24 04:00:00,24,1,0,lunch,extreme,5,1,553,189,404.99,0,0.0,0.0,0.0,0,0.0,0.0,0.0,0.0,0.0,0,0,0
6505,880,2026-06-13 17:00:00,13,5,0,lunch,clear,2,1,409,140,302.97,0,0.0,0.0,0.0,1,302.97,0.0,81.52,196.93,24.52,0,0,0
6506,881,2026-05-07 18:00:00,7,3,1,breakfast,clear,13,1,301,101,434.19,1,0.05,0.032037240484117976,0.017962759515882026,1,461.42,23.07,72.4,299.92,66.02,0,0,0
6507,881,2026-02-15 16:00:00,15,6,0,dinner,clear,9,2,4,1,425.22,0,0.0,0.0,0.0,0,0.0,0.0,0.0,0.0,0.0,0,0,0
6508,881,2026-06-10 14:00:00,10,2,0,lunch,clear,2,1,15,4,270.08,0,0.0,0.0,0.0,0,0.0,0.0,0.0,0.0,0.0,0,0,0
6509,881,2026-04-25 22:00:00,25,5,1,breakfast,clear,11,1,135,44,274.41,1,0.15,0.10971119323467478,0.040288806765325216,1,313.3,46.99,73.3,203.64,-10.64,0,0,0
6510,881,2026-04-30 08:00:00,30,3,1,dinner,clear,11,1,551,188,482.27,0,0.0,0.0,0.0,0,0.0,0.0,0.0,0.0,0.0,0,0,0
6511,881,2026-05-12 02:00:00,12,1,0,dinner,clear,1,1,96,32,453.5,0,0.0,0.0,0.0,0,0.0,0.0,0.0,0.0,0.0,0,0,0
6512,881,2026-01-28 21:00:00,28,2,1,late_night,rain,12,2,327,110,400.01,1,0.15,0.07867431184968446,0.07132568815031554,1,456.69,68.5,70.84,296.85,20.5,0,0,0
6513,881,2026-03-08 19:00:00,8,6,0,late_night,clear,8,1,569,194,352.91,1,0.05,0.04619459050104261,0.003805409498957392,1,375.04,18.75,80.32,243.78,32.19,0,0,0
6514,881,2026-04-02 07:00:00,2,3,1,breakfast,clear,6,2,98,33,267.42,1,0.05,0.04869209976876924,0.0013079002312307644,0,0.0,0.0,0.0,0.0,0.0,0,0,0
6515,881,2026-06-15 00:00:00,15,0,0,dinner,clear,6,2,4,1,425.22,0,0.0,0.0,0.0,0,0.0,0.0,0.0,0.0,0.0,0,0,0
6516,881,2026-03-16 00:00:00,16,0,0,dinner,clear,10,1,65,21,412.58,1,0.05,0.030009407779101396,0.019990592220898606,0,0.0,0.0,0.0,0.0,0.0,0,0,0
6517,881,2026-01-27 05:00:00,27,1,1,late_night,rain,8,1,307,103,414.29,0,0.0,0.0,0.0,1,414.29,0.0,77.44,269.29,67.56,0,0,0
6518,882,2026-01-09 18:00:00,9,4,0,breakfast,rain,6,2,103,34,391.16,1,0.05,0.0431566270359223,0.0068433729640777,1,423.53,21.18,57.04,275.29,70.02,0,0,0
6519,882,2026-03-10 22:00:00,10,1,0,breakfast,clear,1,2,170,56,375.86,0,0.0,0.0,0.0,1,375.86,0.0,65.92,244.31,65.63,0,0,0
6520,882,2026-05-12 06:00:00,12,1,0,breakfast,clear,11,2,424,145,401.06,0,0.0,0.0,0.0,0,0.0,0.0,0.0,0.0,0.0,0,0,0
6521,882,2026-01-12 16:00:00,12,0,0,breakfast,extreme,13,5,465,159,428.08,1,0.2,0.18275870900633673,0.017241290993663283,1,524.06,104.81,54.7,340.64,23.91,0,0,0
6522,882,2026-05-22 16:00:00,22,4,0,breakfast,clear,9,2,490,168,404.53,0,0.0,0.0,0.0,0,0.0,0.0,0.0,0.0,0.0,0,0,0
6523,882,2026-02-25 19:00:00,25,2,1,lunch,rain,5,1,152,50,315.22,0,0.0,0.0,0.0,0,0.0,0.0,0.0,0.0,0.0,0,0,0
6524,882,2026-05-28 02:00:00,28,3,1,breakfast,clear,12,1,109,36,285.64,0,0.0,0.0,0.0,0,0.0,0.0,0.0,0.0,0.0,0,0,0
6525,883,2026-03-13 17:00:00,13,4,0,lunch,clear,6,2,204,67,507.77,0,0.0,0.0,0.0,0,0.0,0.0,0.0,0.0,0.0,0,0,0
6526,883,2026-01-16 11:00:00,16,4,0,lunch,clear,7,1,41,13,378.71,1,0.1,0.07973859324781774,0.02026140675218227,1,411.69,41.17,45.22,267.6,57.7,0,0,0
6527,883,2026-01-06 02:00:00,6,1,1,lunch,clear,8,2,34,10,395.98,0,0.0,0.0,0.0,0,0.0,0.0,0.0,0.0,0.0,0,0,0
6528,883,2026-06-12 16:00:00,12,4,0,late_night,rain,14,1,511,175,535.27,0,0.0,0.0,0.0,0,0.0,0.0,0.0,0.0,0.0,0,0,0
6529,883,2026-02-05 07:00:00,5,3,1,dinner,clear,11,1,577,196,458.78,0,0.0,0.0,0.0,0,0.0,0.0,0.0,0.0,0.0,0,0,0
6530,883,2026-06-20 23:00:00,20,5,0,dinner,clear,5,1,128,42,428.94,0,0.0,0.0,0.0,0,0.0,0.0,0.0,0.0,0.0,0,0,0
6531,883,2026-01-15 09:00:00,15,3,0,breakfast,clear,2,1,588,199,334.13,1,0.15,0.09663812778371399,0.05336187221628601,1,372.59,55.89,61.78,242.18,12.74,1,0,0
6532,883,2026-02-02 00:00:00,2,0,1,dinner,rain,1,1,216,71,457.28,1,0.15,0.07976355082423178,0.07023644917576821,1,509.92,76.49,50.14,331.45,51.84,0,0,0
6533,883,2026-01-06 18:00:00,6,1,1,breakfast,extreme,12,2,138,45,433.17,1,0.1,0.05315359794046311,0.0468464020595369,1,470.89,47.09,70.96,306.08,46.76,1,0,0
6534,883,2026-03-17 22:00:00,17,1,0,lunch,rain,13,4,79,25,491.57,1,0.1,0.07545860394624365,0.024541396053756354,1,534.37,53.44,83.8,347.34,49.79,0,0,0
6535,883,2026-03-30 14:00:00,30,0,1,lunch,rain,5,1,236,77,323.45,1,0.05,0.025088884727218836,0.024911115272781167,0,0.0,0.0,0.0,0.0,0.0,0,0,0
6536,883,2026-01-16 07:00:00,16,4,0,dinner,clear,12,1,185,61,409.82,1,0.15,0.07878782294722952,0.07121217705277047,1,456.99,68.55,52.42,297.05,38.98,0,0,0
6537,883,2026-01-11 15:00:00,11,6,0,lunch,clear,1,4,253,83,398.87,1,0.1,0.0868416861454224,0.013158313854577608,0,0.0,0.0,0.0,0.0,0.0,0,0,0
6538,883,2026-01-30 12:00:00,30,4,1,lunch,extreme,11,2,38,12,516.36,0,0.0,0.0,0.0,0,0.0,0.0,0.0,0.0,0.0,0,0,0
6539,884,2026-03-20 16:00:00,20,4,0,late_night,clear,4,1,460,157,523.76,0,0.0,0.0,0.0,0,0.0,0.0,0.0,0.0,0.0,0,0,0
6540,884,2026-03-13 21:00:00,13,4,0,dinner,clear,13,1,131,43,406.54,0,0.0,0.0,0.0,0,0.0,0.0,0.0,0.0,0.0,0,0,0
6541,884,2026-02-24 07:00:00,24,1,0,late_night,clear,5,2,531,181,439.88,0,0.0,0.0,0.0,0,0.0,0.0,0.0,0.0,0.0,0,0,0
6542,884,2026-06-21 18:00:00,21,6,0,lunch,clear,5,1,530,181,442.66,1,0.2,0.13772342123276124,0.06227657876723877,1,500.76,100.15,65.44,325.5,9.67,0,0,0
6543,884,2026-05-31 15:00:00,31,6,1,dinner,clear,5,1,450,155,358.65,0,0.0,0.0,0.0,0,0.0,0.0,0.0,0.0,0.0,0,0,0
6544,884,2026-04-07 10:00:00,7,1,1,lunch,clear,10,1,359,121,321.16,1,0.2,0.17395816751150447,0.026041832488495537,1,363.31,72.66,72.34,236.15,-17.84,0,0,0
6545,885,2026-04-21 16:00:00,21,1,0,dinner,clear,7,2,518,177,457.29,0,0.0,0.0,0.0,1,457.29,0.0,69.82,297.24,90.23,0,0,0
6546,885,2026-06-03 19:00:00,3,2,1,late_night,extreme,4,1,328,110,369.63,1,0.05,0.04741014506161799,0.0025898549383820135,1,393.04,19.65,72.34,255.48,45.57,1,0,0
6547,885,2026-05-02 12:00:00,2,5,1,dinner,clear,6,1,301,101,434.19,1,0.2,0.16813017878251293,0.031869821217487077,1,508.71,101.74,72.4,330.66,3.91,0,0,0
6548,885,2026-02-02 12:00:00,2,0,1,breakfast,clear,14,5,180,59,346.42,1,0.2,0.12075014926740471,0.0792498507325953,1,405.88,81.18,58.48,263.82,2.4,0,0,0
6549,885,2026-04-17 07:00:00,17,4,0,dinner,clear,1,5,425,145,399.21,0,0.0,0.0,0.0,0,0.0,0.0,0.0,0.0,0.0,0,0,0
6550,885,2026-05-31 01:00:00,31,6,1,lunch,rain,11,1,88,29,328.27,0,0.0,0.0,0.0,0,0.0,0.0,0.0,0.0,0.0,0,0,0
6551,885,2026-05-14 16:00:00,14,3,0,breakfast,clear,13,1,250,82,326.54,1,0.05,0.04259324428491956,0.00740675571508044,1,347.22,17.36,85.6,225.7,18.57,0,0,0
6552,885,2026-06-23 03:00:00,23,1,0,late_night,clear,2,2,373,128,361.15,0,0.0,0.0,0.0,1,361.15,0.0,60.16,234.75,66.24,0,0,0
6553,885,2026-04-08 09:00:00,8,2,0,breakfast,clear,3,1,580,197,288.97,1,0.2,0.19367288947345548,0.006327110526544527,1,338.57,67.71,64.06,220.07,-13.28,1,0,0
6554,885,2026-02-01 12:00:00,1,6,1,breakfast,clear,6,1,374,128,310.41,0,0.0,0.0,0.0,0,0.0,0.0,0.0,0.0,0.0,0,0,0
6555,885,2026-03-29 08:00:00,29,6,1,breakfast,clear,8,2,585,198,566.08,1,0.15,0.10681337304840942,0.043186626951590576,1,647.11,97.07,66.7,420.62,62.72,0,0,0
6556,885,2026-06-10 06:00:00,10,2,0,lunch,clear,8,1,58,19,386.43,1,0.05,0.046793744622441534,0.0032062553775584687,0,0.0,0.0,0.0,0.0,0.0,0,0,0
6557,885,2026-05-23 17:00:00,23,5,0,breakfast,rain,7,1,253,83,398.87,0,0.0,0.0,0.0,1,398.87,0.0,89.02,259.27,50.58,0,0,0
6558,886,2026-02-13 15:00:00,13,4,0,dinner,clear,3,2,551,188,482.27,0,0.0,0.0,0.0,0,0.0,0.0,0.0,0.0,0.0,0,0,0
6559,886,2026-04-01 07:00:00,1,2,1,late_night,clear,2,1,17,5,391.07,1,0.1,0.09025885071554039,0.009741149284459613,0,0.0,0.0,0.0,0.0,0.0,0,0,0
6560,886,2026-03-24 23:00:00,24,1,0,late_night,extreme,8,4,483,165,364.57,0,0.0,0.0,0.0,0,0.0,0.0,0.0,0.0,0.0,0,0,0
6561,886,2026-04-01 21:00:00,1,2,1,lunch,clear,7,2,429,146,459.99,0,0.0,0.0,0.0,0,0.0,0.0,0.0,0.0,0.0,0,0,0
6562,887,2026-01-02 13:00:00,2,4,1,breakfast,extreme,6,3,66,21,340.92,1,0.15,0.11030045482686328,0.039699545173136716,1,377.84,56.68,87.88,245.6,-12.31,1,0,0
6563,887,2026-03-21 09:00:00,21,5,0,breakfast,clear,5,2,315,106,288.77,0,0.0,0.0,0.0,1,288.77,0.0,53.32,187.7,47.75,0,0,0
6564,888,2026-01-13 06:00:00,13,1,0,late_night,rain,12,1,107,36,245.73,0,0.0,0.0,0.0,1,245.73,0.0,71.08,159.72,14.93,0,0,0
6565,889,2026-02-21 23:00:00,21,5,0,dinner,rain,13,1,226,74,412.77,0,0.0,0.0,0.0,0,0.0,0.0,0.0,0.0,0.0,0,0,0
6566,889,2026-05-24 08:00:00,24,6,0,dinner,extreme,12,1,65,21,412.58,1,0.1,0.09554445132433131,0.004455548675668691,1,454.19,45.42,87.88,295.22,25.67,0,1,0
6567,889,2026-03-15 10:00:00,15,6,0,breakfast,clear,10,3,325,109,468.54,0,0.0,0.0,0.0,0,0.0,0.0,0.0,0.0,0.0,0,0,0
6568,889,2026-01-21 21:00:00,21,2,0,dinner,rain,3,1,31,9,344.82,1,0.2,0.15113187143097614,0.048868128569023866,1,399.94,79.99,50.74,259.96,9.25,0,0,0
6569,889,2026-06-28 08:00:00,28,6,1,late_night,rain,3,1,119,39,470.25,0,0.0,0.0,0.0,0,0.0,0.0,0.0,0.0,0.0,0,0,0
6570,889,2026-02-15 05:00:00,15,6,0,breakfast,rain,3,1,368,126,431.88,1,0.1,0.0861971325725937,0.013802867427406301,1,475.44,47.54,70.3,309.03,48.56,1,0,0
6571,889,2026-06-26 15:00:00,26,4,1,dinner,clear,4,1,154,51,317.65,1,0.1,0.05758263341281544,0.04241736658718456,1,349.69,34.97,72.04,227.3,15.38,0,0,0
6572,889,2026-05-20 06:00:00,20,2,0,breakfast,extreme,1,1,173,57,323.74,0,0.0,0.0,0.0,0,0.0,0.0,0.0,0.0,0.0,0,0,0
6573,890,2026-03-25 10:00:00,25,2,1,breakfast,rain,3,4,589,199,395.45,1,0.2,0.19284122282997898,0.00715877717002103,1,447.65,89.53,63.28,290.97,3.87,0,0,0
6574,890,2026-04-15 13:00:00,15,2,0,lunch,rain,4,1,377,130,439.99,1,0.2,0.19834692584792016,0.001653074152079853,1,498.07,99.61,74.38,323.74,0.33,0,0,0
6575,890,2026-03-31 19:00:00,31,1,1,breakfast,rain,13,2,559,191,467.99,1,0.05,0.04766363908079639,0.0023363609192036117,1,490.79,24.54,89.14,319.01,58.1,0,0,0
6576,890,2026-02-12 23:00:00,12,3,0,late_night,extreme,13,1,559,191,467.99,0,0.0,0.0,0.0,0,0.0,0.0,0.0,0.0,0.0,0,0,0
6577,890,2026-01-10 05:00:00,10,5,0,breakfast,clear,14,2,182,60,341.42,1,0.2,0.1635138546114685,0.03648614538853151,1,386.49,77.3,79.18,251.22,-21.21,0,0,0
6578,891,2026-05-05 19:00:00,5,1,1,lunch,clear,11,1,77,24,277.16,1,0.1,0.08686778910507886,0.013132210894921142,1,313.17,31.32,71.02,203.56,7.27,0,0,0
6579,891,2026-01-27 02:00:00,27,1,1,late_night,clear,5,1,369,126,374.47,1,0.05,0.031040451441111474,0.01895954855888853,1,402.93,20.15,68.8,261.9,52.08,0,0,0
6580,891,2026-02-22 12:00:00,22,6,0,breakfast,clear,3,1,23,7,447.81,0,0.0,0.0,0.0,1,447.81,0.0,82.3,291.08,74.43,0,0,0
6581,891,2026-02-14 15:00:00,14,5,0,late_night,clear,2,2,289,97,327.43,0,0.0,0.0,0.0,1,327.43,0.0,86.14,212.83,28.46,0,0,0
6582,891,2026-01-19 06:00:00,19,0,0,breakfast,clear,5,2,296,100,352.66,1,0.1,0.053191692810485594,0.04680830718951441,1,398.48,39.85,64.18,259.01,35.44,0,0,0
6583,891,2026-03-03 03:00:00,3,1,1,breakfast,clear,3,1,270,90,394.25,0,0.0,0.0,0.0,0,0.0,0.0,0.0,0.0,0.0,0,0,0
6584,891,2026-04-06 08:00:00,6,0,1,lunch,clear,3,2,318,107,312.54,0,0.0,0.0,0.0,1,312.54,0.0,62.98,203.15,46.41,0,0,0
6585,891,2026-06-25 09:00:00,25,3,1,lunch,rain,7,1,340,115,313.38,1,0.15,0.14142833055703,0.008571669442969998,1,367.2,55.08,85.0,238.68,-11.56,1,0,0
6586,891,2026-03-22 04:00:00,22,6,0,breakfast,clear,8,3,359,121,321.16,0,0.0,0.0,0.0,1,321.16,0.0,72.34,208.75,40.07,0,0,0
6587,891,2026-01-30 19:00:00,30,4,1,breakfast,clear,2,5,124,40,597.62,1,0.1,0.05066452207730019,0.049335477922699815,1,675.26,67.53,73.18,438.92,95.63,0,0,0
6588,891,2026-04-11 11:00:00,11,5,0,breakfast,clear,12,1,320,107,397.85,0,0.0,0.0,0.0,0,0.0,0.0,0.0,0.0,0.0,0,0,0
6589,891,2026-03-31 05:00:00,31,1,1,breakfast,clear,12,2,398,136,562.98,0,0.0,0.0,0.0,0,0.0,0.0,0.0,0.0,0.0,0,0,0
6590,891,2026-05-26 20:00:00,26,1,1,breakfast,clear,7,1,479,164,360.53,0,0.0,0.0,0.0,0,0.0,0.0,0.0,0.0,0.0,0,0,0
6591,891,2026-03-02 09:00:00,2,0,1,lunch,clear,12,1,316,106,301.05,0,0.0,0.0,0.0,0,0.0,0.0,0.0,0.0,0.0,0,0,0
6592,892,2026-02-19 08:00:00,19,3,0,lunch,clear,6,2,581,197,473.43,1,0.1,0.06844227825179235,0.03155772174820766,1,533.48,53.35,64.06,346.76,69.31,1,0,0
6593,892,2026-02-05 12:00:00,5,3,1,lunch,rain,10,1,145,48,505.89,1,0.05,0.04535777671879743,0.004642223281202576,1,543.43,27.17,74.68,353.23,88.35,1,0,0
6594,892,2026-04-15 12:00:00,15,2,0,lunch,clear,11,2,187,62,507.74,1,0.05,0.03164909486813481,0.018350905131865193,0,0.0,0.0,0.0,0.0,0.0,0,0,0
6595,892,2026-02-02 13:00:00,2,0,1,lunch,clear,4,1,538,184,343.47,0,0.0,0.0,0.0,1,343.47,0.0,59.86,223.26,60.35,0,0,0
6596,892,2026-04-01 03:00:00,1,2,1,lunch,rain,12,3,538,184,343.47,1,0.2,0.1543123941560791,0.0456876058439209,1,412.52,82.5,61.36,268.14,0.52,1,1,0
6597,892,2026-01-24 14:00:00,24,5,0,late_night,clear,2,4,219,72,521.25,1,0.1,0.09882812072058188,0.0011718792794181282,1,587.37,58.74,54.64,381.79,92.2,1,0,0
6598,892,2026-04-17 21:00:00,17,4,0,lunch,clear,12,1,339,115,349.28,0,0.0,0.0,0.0,0,0.0,0.0,0.0,0.0,0.0,0,0,0
6599,893,2026-03-20 01:00:00,20,4,0,dinner,clear,3,2,173,57,323.74,0,0.0,0.0,0.0,0,0.0,0.0,0.0,0.0,0.0,0,0,0
6600,893,2026-03-16 05:00:00,16,0,0,late_night,clear,10,1,1,0,430.92,1,0.2,0.10746455833061525,0.09253544166938477,1,534.85,106.97,46.18,347.65,34.05,1,0,0
6601,893,2026-01-25 09:00:00,25,6,1,dinner,rain,8,1,37,11,363.11,1,0.2,0.11539298480379499,0.08460701519620502,1,450.68,90.14,53.32,292.94,14.28,0,0,0
6602,893,2026-05-19 04:00:00,19,1,0,dinner,clear,9,2,151,50,465.33,0,0.0,0.0,0.0,0,0.0,0.0,0.0,0.0,0.0,0,0,0
6603,893,2026-03-25 19:00:00,25,2,1,late_night,clear,4,1,347,117,386.51,0,0.0,0.0,0.0,0,0.0,0.0,0.0,0.0,0.0,0,0,0
6604,893,2026-05-30 19:00:00,30,5,1,breakfast,clear,1,3,79,25,491.57,0,0.0,0.0,0.0,0,0.0,0.0,0.0,0.0,0.0,0,0,0
6605,893,2026-06-28 21:00:00,28,6,1,late_night,clear,8,2,336,113,334.35,0,0.0,0.0,0.0,0,0.0,0.0,0.0,0.0,0.0,0,0,0
6606,893,2026-06-21 05:00:00,21,6,0,lunch,clear,2,2,495,170,353.45,0,0.0,0.0,0.0,1,353.45,0.0,60.16,229.74,63.55,0,0,0
6607,893,2026-04-10 03:00:00,10,4,0,lunch,extreme,4,3,260,86,580.54,1,0.15,0.11531204863804019,0.034687951361959804,1,697.31,104.6,76.0,453.25,63.46,0,0,0
6608,893,2026-06-19 18:00:00,19,4,0,breakfast,clear,1,3,250,82,326.54,1,0.05,0.030586776569714938,0.019413223430285065,1,355.61,17.78,85.6,231.14,21.08,1,0,0
6609,893,2026-06-18 15:00:00,18,3,0,lunch,clear,10,3,358,121,582.33,1,0.05,0.026706326970151562,0.02329367302984844,1,634.16,31.71,72.34,412.21,117.91,1,0,0
6610,893,2026-01-05 10:00:00,5,0,1,lunch,clear,7,1,306,102,364.7,0,0.0,0.0,0.0,0,0.0,0.0,0.0,0.0,0.0,0,0,0
6611,893,2026-01-26 20:00:00,26,0,1,late_night,rain,9,1,363,123,366.41,0,0.0,0.0,0.0,1,366.41,0.0,91.3,238.17,36.94,0,0,0
6612,894,2026-05-13 15:00:00,13,2,0,breakfast,clear,13,2,423,144,412.86,0,0.0,0.0,0.0,1,412.86,0.0,50.74,268.36,93.76,0,0,0
6613,894,2026-03-28 22:00:00,28,5,1,dinner,rain,7,1,423,144,412.86,1,0.1,0.0866936406871248,0.013306359312875202,1,442.33,44.23,52.24,287.51,58.34,0,0,0
6614,894,2026-06-19 00:00:00,19,4,0,late_night,extreme,12,1,375,129,325.69,1,0.1,0.084894312352764,0.015105687647236007,1,348.94,34.89,82.06,226.81,5.17,0,0,0
6615,894,2026-03-04 15:00:00,4,2,1,lunch,rain,10,2,503,173,309.83,0,0.0,0.0,0.0,1,309.83,0.0,71.62,201.39,36.82,0,0,0
6616,895,2026-05-28 13:00:00,28,3,1,dinner,clear,11,3,246,80,447.69,0,0.0,0.0,0.0,0,0.0,0.0,0.0,0.0,0.0,0,0,0
6617,895,2026-01-25 11:00:00,25,6,1,late_night,clear,10,1,207,68,306.93,0,0.0,0.0,0.0,1,306.93,0.0,48.76,199.5,58.67,0,0,0
6618,895,2026-05-07 13:00:00,7,3,1,dinner,clear,13,2,558,191,360.12,1,0.2,0.1899966447960718,0.0100033552039282,1,444.69,88.94,87.64,289.05,-20.94,1,0,0
6619,896,2026-04-20 16:00:00,20,0,0,dinner,clear,4,2,325,109,468.54,0,0.0,0.0,0.0,0,0.0,0.0,0.0,0.0,0.0,0,0,0
6620,896,2026-03-14 03:00:00,14,5,0,late_night,extreme,5,1,568,193,376.52,0,0.0,0.0,0.0,1,376.52,0.0,88.84,244.74,42.94,0,0,0
6621,896,2026-01-24 08:00:00,24,5,0,late_night,clear,13,1,475,162,365.58,0,0.0,0.0,0.0,0,0.0,0.0,0.0,0.0,0.0,0,0,0
6622,896,2026-04-11 18:00:00,11,5,0,lunch,clear,3,1,245,80,423.87,1,0.1,0.07127567099377814,0.028724329006221863,1,460.54,46.05,73.0,299.35,42.13,0,0,0
6623,896,2026-06-29 07:00:00,29,0,1,dinner,extreme,13,1,67,22,343.91,0,0.0,0.0,0.0,1,343.91,0.0,89.98,223.54,30.39,0,0,0
6624,896,2026-01-03 21:00:00,3,5,1,lunch,clear,12,1,353,119,370.29,1,0.1,0.07418989388088258,0.025810106119117424,0,0.0,0.0,0.0,0.0,0.0,0,0,0
6625,896,2026-01-17 11:00:00,17,5,0,lunch,clear,3,1,361,122,406.31,0,0.0,0.0,0.0,1,406.31,0.0,60.34,264.1,81.87,0,0,0
6626,896,2026-05-30 13:00:00,30,5,1,late_night,clear,5,1,308,103,384.17,0,0.0,0.0,0.0,0,0.0,0.0,0.0,0.0,0.0,0,0,0
6627,896,2026-03-29 12:00:00,29,6,1,late_night,clear,3,2,41,13,378.71,1,0.1,0.0983869567376765,0.0016130432623235047,1,411.47,41.15,45.22,267.46,57.65,0,0,0
6628,896,2026-05-21 07:00:00,21,3,0,dinner,clear,1,5,499,171,410.77,0,0.0,0.0,0.0,1,410.77,0.0,59.08,267.0,84.69,0,0,0
6629,896,2026-06-09 14:00:00,9,1,0,breakfast,rain,11,2,237,77,366.32,1,0.2,0.14064404545815612,0.05935595454184389,1,416.54,83.31,73.06,270.75,-10.58,0,0,0
6630,896,2026-04-11 10:00:00,11,5,0,dinner,clear,13,1,184,61,352.75,1,0.1,0.09664593933131385,0.003354060668686154,1,383.26,38.33,52.42,249.12,43.4,0,0,0
6631,896,2026-04-05 06:00:00,5,6,1,late_night,rain,5,1,213,70,439.7,1,0.1,0.05839201881251857,0.041607981187481435,1,477.74,47.77,91.78,310.53,27.65,1,0,0
6632,896,2026-04-04 12:00:00,4,5,1,lunch,extreme,9,1,28,8,385.39,1,0.2,0.17253141526868676,0.02746858473131325,1,438.23,87.65,60.04,284.85,5.69,0,0,0
6633,897,2026-03-27 17:00:00,27,4,1,dinner,clear,4,1,215,71,481.1,0,0.0,0.0,0.0,0,0.0,0.0,0.0,0.0,0.0,0,0,0
6634,897,2026-03-15 05:00:00,15,6,0,breakfast,clear,4,1,90,30,431.25,1,0.1,0.08423173245096777,0.01576826754903224,1,503.73,50.37,81.88,327.42,44.05,1,0,0
6635,897,2026-05-27 01:00:00,27,2,1,dinner,clear,2,2,333,112,519.42,1,0.2,0.12245461762764165,0.07754538237235836,1,657.79,131.56,56.38,427.56,42.29,0,0,0
6636,897,2026-03-19 13:00:00,19,3,0,late_night,clear,5,1,494,170,372.46,1,0.2,0.1783360238716829,0.02166397612831711,1,471.68,94.34,60.16,306.59,10.59,0,0,0
6637,897,2026-06-02 20:00:00,2,1,1,lunch,clear,7,2,452,155,457.82,1,0.15,0.10557883632986148,0.044421163670138514,1,559.54,83.93,72.04,363.7,39.87,0,0,0
6638,897,2026-04-16 17:00:00,16,3,0,dinner,rain,5,2,173,57,323.74,1,0.1,0.053947321246832575,0.04605267875316743,1,378.15,37.82,57.64,245.8,36.9,0,0,0
6639,898,2026-04-26 11:00:00,26,6,1,late_night,clear,5,2,294,99,361.09,0,0.0,0.0,0.0,0,0.0,0.0,0.0,0.0,0.0,0,0,0
6640,898,2026-04-03 21:00:00,3,4,1,late_night,clear,9,4,10,3,499.79,0,0.0,0.0,0.0,0,0.0,0.0,0.0,0.0,0.0,0,0,0
6641,898,2026-04-18 17:00:00,18,5,0,breakfast,rain,4,1,71,23,526.88,1,0.05,0.04987250368610623,0.00012749631389376986,0,0.0,0.0,0.0,0.0,0.0,0,0,0
6642,899,2026-01-25 02:00:00,25,6,1,late_night,clear,5,2,293,99,379.55,0,0.0,0.0,0.0,1,379.55,0.0,68.08,246.71,64.76,0,0,0
6643,899,2026-05-30 14:00:00,30,5,1,late_night,clear,1,4,195,65,438.04,0,0.0,0.0,0.0,0,0.0,0.0,0.0,0.0,0.0,0,0,0
6644,900,2026-04-19 17:00:00,19,6,0,breakfast,rain,5,1,480,164,354.68,1,0.05,0.03303683521684105,0.01696316478315895,1,366.78,18.34,90.82,238.41,19.21,0,0,0
6645,900,2026-04-27 03:00:00,27,0,1,dinner,clear,13,1,228,74,270.68,0,0.0,0.0,0.0,0,0.0,0.0,0.0,0.0,0.0,0,0,0
6646,900,2026-05-02 15:00:00,2,5,1,breakfast,rain,14,1,498,171,395.71,0,0.0,0.0,0.0,0,0.0,0.0,0.0,0.0,0.0,0,0,0
6647,900,2026-01-03 17:00:00,3,5,1,dinner,clear,4,1,569,194,352.91,0,0.0,0.0,0.0,0,0.0,0.0,0.0,0.0,0.0,0,0,0
6648,900,2026-02-26 06:00:00,26,3,1,breakfast,clear,14,2,290,97,376.15,1,0.1,0.08225806624214094,0.01774193375785907,0,0.0,0.0,0.0,0.0,0.0,0,0,0
6649,900,2026-06-26 10:00:00,26,4,1,late_night,clear,1,1,366,125,440.68,1,0.1,0.07403882887492103,0.02596117112507898,1,466.38,46.64,69.82,303.15,46.78,0,0,0
6650,900,2026-01-27 06:00:00,27,1,1,dinner,clear,3,3,375,129,325.69,0,0.0,0.0,0.0,1,325.69,0.0,79.06,211.7,34.93,0,0,0
6651,900,2026-06-13 08:00:00,13,5,0,lunch,clear,8,2,267,89,351.67,1,0.05,0.0464405965102167,0.0035594034897833,0,0.0,0.0,0.0,0.0,0.0,0,0,0
6652,900,2026-05-06 18:00:00,6,2,1,dinner,clear,6,1,496,171,425.35,0,0.0,0.0,0.0,1,425.35,0.0,59.08,276.48,89.79,0,0,0
6653,900,2026-04-13 22:00:00,13,0,0,late_night,clear,8,2,120,39,415.81,1,0.05,0.03350587393387029,0.01649412606612971,1,430.0,21.5,85.12,279.5,43.88,0,0,0
6654,900,2026-05-30 18:00:00,30,5,1,breakfast,clear,3,1,279,93,516.93,1,0.1,0.09452928558520446,0.005470714414795547,0,0.0,0.0,0.0,0.0,0.0,0,0,0
6655,901,2026-03-09 12:00:00,9,0,0,late_night,rain,11,1,411,140,433.0,0,0.0,0.0,0.0,0,0.0,0.0,0.0,0.0,0.0,0,0,0
6656,901,2026-06-09 10:00:00,9,1,0,late_night,clear,4,1,236,77,323.45,0,0.0,0.0,0.0,0,0.0,0.0,0.0,0.0,0.0,0,0,0
6657,901,2026-02-20 16:00:00,20,4,0,lunch,clear,4,1,252,83,352.16,0,0.0,0.0,0.0,0,0.0,0.0,0.0,0.0,0.0,0,0,0
6658,901,2026-04-16 18:00:00,16,3,0,breakfast,clear,8,1,305,102,300.68,0,0.0,0.0,0.0,0,0.0,0.0,0.0,0.0,0.0,0,0,0
6659,901,2026-05-31 09:00:00,31,6,1,lunch,clear,14,1,545,187,326.24,0,0.0,0.0,0.0,0,0.0,0.0,0.0,0.0,0.0,0,0,0
6660,901,2026-01-27 01:00:00,27,1,1,breakfast,extreme,1,2,365,124,467.16,1,0.15,0.1298921839902713,0.02010781600972869,1,507.45,76.12,82.12,329.84,19.37,0,0,0
6661,901,2026-01-08 15:00:00,8,3,0,breakfast,rain,12,5,534,182,526.78,1,0.15,0.07860567730088358,0.07139432269911641,1,572.21,85.83,48.22,371.94,66.22,1,0,0
6662,901,2026-05-01 17:00:00,1,4,1,late_night,extreme,2,2,541,185,410.91,1,0.1,0.07165266456870359,0.028347335431296417,1,437.72,43.77,77.56,284.52,31.87,1,0,0
6663,901,2026-01-14 14:00:00,14,2,0,dinner,clear,4,1,520,178,275.66,0,0.0,0.0,0.0,0,0.0,0.0,0.0,0.0,0.0,0,0,0
6664,902,2026-04-13 20:00:00,13,0,0,breakfast,rain,12,1,483,165,364.57,0,0.0,0.0,0.0,0,0.0,0.0,0.0,0.0,0.0,0,0,0
6665,902,2026-05-21 18:00:00,21,3,0,dinner,extreme,2,1,102,34,373.66,1,0.05,0.04580247192490383,0.004197528075096171,1,402.26,20.11,58.54,261.47,62.14,0,0,0
6666,902,2026-03-18 17:00:00,18,2,0,lunch,clear,14,1,403,138,375.94,1,0.05,0.0440509978793753,0.0059490021206247,0,0.0,0.0,0.0,0.0,0.0,0,0,0
6667,903,2026-02-26 08:00:00,26,3,1,breakfast,clear,13,3,119,39,470.25,1,0.2,0.16101713515680954,0.03898286484319047,1,600.63,120.13,85.12,390.41,4.97,1,0,0
6668,903,2026-06-29 08:00:00,29,0,1,late_night,clear,11,1,523,179,390.75,0,0.0,0.0,0.0,0,0.0,0.0,0.0,0.0,0.0,0,0,0
6669,903,2026-01-13 18:00:00,13,1,0,dinner,rain,2,1,317,106,383.97,0,0.0,0.0,0.0,1,383.97,0.0,54.82,249.58,79.57,0,0,0
6670,903,2026-05-21 17:00:00,21,3,0,dinner,clear,4,2,554,189,318.22,0,0.0,0.0,0.0,1,318.22,0.0,82.54,206.84,28.84,0,0,0
6671,903,2026-02-17 06:00:00,17,1,0,late_night,clear,13,1,549,188,505.49,0,0.0,0.0,0.0,0,0.0,0.0,0.0,0.0,0.0,0,0,0
6672,903,2026-01-04 19:00:00,4,6,1,late_night,clear,4,1,430,147,329.56,1,0.15,0.07587575421297249,0.0741242457870275,1,405.77,60.87,87.64,263.75,-6.49,0,0,0
6673,903,2026-05-31 10:00:00,31,6,1,lunch,clear,13,4,27,8,409.25,0,0.0,0.0,0.0,0,0.0,0.0,0.0,0.0,0.0,0,0,0
6674,904,2026-03-02 12:00:00,2,0,1,late_night,rain,14,2,117,38,339.09,0,0.0,0.0,0.0,0,0.0,0.0,0.0,0.0,0.0,0,0,0
6675,904,2026-06-06 22:00:00,6,5,1,breakfast,clear,2,1,443,153,368.55,1,0.2,0.145072169594652,0.054927830405348016,1,438.3,87.66,78.88,284.9,-13.13,0,0,0
6676,904,2026-05-08 13:00:00,8,4,0,late_night,clear,13,1,537,183,538.14,1,0.15,0.1342551318232214,0.015744868176778587,1,623.09,93.46,50.32,405.01,74.3,0,0,0
6677,904,2026-03-17 15:00:00,17,1,0,dinner,clear,9,1,527,180,602.61,0,0.0,0.0,0.0,0,0.0,0.0,0.0,0.0,0.0,0,0,0
6678,904,2026-05-02 00:00:00,2,5,1,dinner,clear,3,1,361,122,406.31,0,0.0,0.0,0.0,1,406.31,0.0,60.34,264.1,81.87,0,0,0
6679,904,2026-04-14 15:00:00,14,1,0,breakfast,rain,9,1,562,192,224.05,1,0.1,0.08002737220393047,0.019972627796069536,1,250.8,25.08,67.06,163.02,-4.36,0,0,0
6680,904,2026-01-27 13:00:00,27,1,1,breakfast,clear,3,3,491,168,332.34,1,0.2,0.12564811782606897,0.07435188217393104,1,395.24,79.05,51.94,256.91,7.35,0,1,0
6681,904,2026-05-25 15:00:00,25,0,1,dinner,clear,6,2,446,153,531.37,0,0.0,0.0,0.0,1,531.37,0.0,78.88,345.39,107.1,0,0,0
6682,904,2026-02-26 21:00:00,26,3,1,late_night,clear,10,2,236,77,323.45,1,0.2,0.13184502158300004,0.06815497841699997,1,384.67,76.93,71.56,250.03,-13.86,0,0,0
6683,904,2026-04-18 01:00:00,18,5,0,late_night,clear,6,2,459,157,423.51,0,0.0,0.0,0.0,0,0.0,0.0,0.0,0.0,0.0,0,0,0
6684,904,2026-06-24 20:00:00,24,2,0,breakfast,clear,4,2,439,151,283.62,1,0.15,0.09718362406481217,0.05281637593518783,1,328.39,49.26,51.64,213.45,14.04,0,0,0
6685,904,2026-03-01 14:00:00,1,6,1,late_night,clear,1,4,565,193,359.54,1,0.15,0.1336338778140502,0.016366122185949794,1,416.29,62.44,85.84,270.59,-2.58,0,0,0
6686,905,2026-02-14 08:00:00,14,5,0,late_night,rain,10,1,574,196,374.14,1,0.15,0.1334322391452927,0.016567760854707292,1,447.37,67.1,48.34,290.79,41.13,0,0,0
6687,905,2026-06-27 18:00:00,27,5,1,late_night,clear,6,1,80,26,419.05,0,0.0,0.0,0.0,0,0.0,0.0,0.0,0.0,0.0,0,0,0
6688,905,2026-03-24 22:00:00,24,1,0,dinner,clear,2,5,482,165,337.45,1,0.1,0.08223079474597705,0.01776920525402295,1,387.41,38.74,64.18,251.82,32.67,1,0,0
6689,905,2026-03-02 19:00:00,2,0,1,dinner,clear,1,5,191,64,343.36,1,0.15,0.13377061372117852,0.016229386278821478,1,410.56,61.58,56.5,266.87,25.61,0,0,0
6690,905,2026-01-10 11:00:00,10,5,0,late_night,extreme,13,1,440,151,317.0,0,0.0,0.0,0.0,1,317.0,0.0,54.64,206.05,56.31,0,0,0
6691,905,2026-03-02 13:00:00,2,0,1,dinner,rain,12,1,273,91,373.55,0,0.0,0.0,0.0,0,0.0,0.0,0.0,0.0,0.0,0,0,0
6692,906,2026-01-22 14:00:00,22,3,0,dinner,clear,2,5,377,130,439.99,0,0.0,0.0,0.0,1,439.99,0.0,72.88,285.99,81.12,0,0,0
6693,906,2026-02-04 17:00:00,4,2,1,late_night,clear,4,1,309,104,417.27,0,0.0,0.0,0.0,0,0.0,0.0,0.0,0.0,0.0,0,0,0
6694,906,2026-02-11 10:00:00,11,2,0,lunch,clear,1,2,438,150,397.96,0,0.0,0.0,0.0,0,0.0,0.0,0.0,0.0,0.0,0,0,0
6695,906,2026-02-10 02:00:00,10,1,0,late_night,clear,2,1,246,80,447.69,1,0.05,0.030312576227706525,0.019687423772293478,1,487.42,24.37,73.0,316.82,73.22,0,0,0
6696,906,2026-05-12 04:00:00,12,1,0,breakfast,rain,12,1,42,13,369.33,0,0.0,0.0,0.0,0,0.0,0.0,0.0,0.0,0.0,0,0,0
6697,906,2026-04-27 19:00:00,27,0,1,breakfast,clear,9,3,437,150,421.49,0,0.0,0.0,0.0,1,421.49,0.0,64.84,273.97,82.68,0,0,0
6698,906,2026-04-02 12:00:00,2,3,1,breakfast,clear,7,3,192,64,400.77,1,0.1,0.08579777579004844,0.01420222420995157,1,461.56,46.16,56.5,300.02,58.89,0,0,0
6699,906,2026-03-16 06:00:00,16,0,0,breakfast,rain,5,1,55,18,281.2,1,0.05,0.045943844681591905,0.004056155318408097,1,306.15,15.31,73.12,199.0,18.73,1,0,0
6700,906,2026-01-11 22:00:00,11,6,0,late_night,clear,5,2,251,82,426.08,1,0.15,0.10867480418615424,0.04132519581384575,1,511.52,76.73,85.6,332.49,16.7,0,0,0
6701,906,2026-06-27 08:00:00,27,5,1,breakfast,clear,4,1,474,162,409.77,0,0.0,0.0,0.0,1,409.77,0.0,76.3,266.35,67.12,0,0,0
6702,906,2026-04-04 23:00:00,4,5,1,lunch,extreme,2,2,190,63,989.89,1,0.1,0.09474987950246963,0.005250120497530375,1,1140.05,114.01,90.88,741.03,194.13,1,0,0
6703,906,2026-01-20 16:00:00,20,1,0,breakfast,clear,12,5,332,112,555.99,1,0.05,0.04617303578367159,0.0038269642163284157,1,605.33,30.27,56.38,393.46,125.22,0,0,0
6704,906,2026-05-08 18:00:00,8,4,0,lunch,clear,12,2,334,112,602.0,1,0.2,0.14215007157253373,0.05784992842746628,1,746.74,149.35,56.38,485.38,55.63,1,0,0
6705,907,2026-04-12 03:00:00,12,6,0,breakfast,clear,3,1,113,37,446.27,0,0.0,0.0,0.0,0,0.0,0.0,0.0,0.0,0.0,0,0,0
6706,907,2026-05-19 09:00:00,19,1,0,breakfast,rain,9,4,436,149,386.12,0,0.0,0.0,0.0,0,0.0,0.0,0.0,0.0,0.0,0,0,0
6707,907,2026-01-31 17:00:00,31,5,1,late_night,rain,11,1,407,139,299.82,1,0.2,0.13268623262710996,0.06731376737289005,1,333.74,66.75,53.08,216.93,-3.02,0,0,0
6708,907,2026-04-01 04:00:00,1,2,1,breakfast,extreme,8,2,170,56,375.86,1,0.15,0.12929250180020294,0.02070749819979706,1,411.32,61.7,68.92,267.36,13.34,0,0,0
6709,907,2026-03-12 21:00:00,12,3,0,breakfast,clear,6,1,415,142,396.5,1,0.2,0.16721816182727628,0.03278183817272373,1,441.36,88.27,48.7,286.88,17.5,0,0,0
6710,907,2026-06-06 21:00:00,6,5,1,lunch,clear,12,2,268,89,373.97,0,0.0,0.0,0.0,0,0.0,0.0,0.0,0.0,0.0,0,0,0
6711,907,2026-06-22 14:00:00,22,0,0,lunch,extreme,13,4,424,145,401.06,0,0.0,0.0,0.0,0,0.0,0.0,0.0,0.0,0.0,0,0,0
6712,907,2026-04-14 05:00:00,14,1,0,breakfast,clear,1,1,422,144,437.29,0,0.0,0.0,0.0,0,0.0,0.0,0.0,0.0,0.0,0,0,0
6713,907,2026-04-09 21:00:00,9,3,0,dinner,rain,14,1,496,171,425.35,1,0.1,0.06847660972638213,0.03152339027361788,0,0.0,0.0,0.0,0.0,0.0,0,0,0
6714,908,2026-04-22 22:00:00,22,2,0,dinner,clear,9,2,443,153,368.55,0,0.0,0.0,0.0,0,0.0,0.0,0.0,0.0,0.0,0,0,0
6715,908,2026-04-13 05:00:00,13,0,0,breakfast,rain,11,4,408,140,346.78,0,0.0,0.0,0.0,0,0.0,0.0,0.0,0.0,0.0,0,0,0
6716,908,2026-02-13 02:00:00,13,4,0,breakfast,clear,3,1,82,26,413.45,0,0.0,0.0,0.0,0,0.0,0.0,0.0,0.0,0.0,0,0,0
6717,908,2026-01-14 07:00:00,14,2,0,lunch,clear,9,2,352,119,307.51,1,0.15,0.10992118188283174,0.04007881811716825,1,339.06,50.86,48.22,220.39,19.59,0,0,0
6718,909,2026-06-22 12:00:00,22,0,0,breakfast,clear,5,5,47,14,362.77,0,0.0,0.0,0.0,0,0.0,0.0,0.0,0.0,0.0,0,0,0
6719,909,2026-02-04 12:00:00,4,2,1,dinner,clear,9,3,577,196,458.78,1,0.1,0.07353089032848517,0.026469109671514834,1,502.16,50.22,46.84,326.41,78.7,0,0,0
6720,909,2026-03-10 14:00:00,10,1,0,late_night,clear,8,4,102,34,373.66,1,0.1,0.09486277343882071,0.005137226561179292,1,408.99,40.9,55.54,265.85,46.71,1,0,0
6721,909,2026-02-21 03:00:00,21,5,0,late_night,clear,11,1,291,98,373.77,1,0.1,0.05767066369493526,0.042329336305064746,1,409.11,40.91,49.48,265.92,52.8,0,0,0
6722,909,2026-04-02 17:00:00,2,3,1,dinner,extreme,14,1,234,76,237.76,1,0.1,0.05519879715773888,0.04480120284226113,1,260.24,26.02,56.26,169.16,8.8,1,1,0
6723,909,2026-01-04 09:00:00,4,6,1,dinner,clear,5,1,29,9,439.47,0,0.0,0.0,0.0,0,0.0,0.0,0.0,0.0,0.0,0,0,0
6724,910,2026-04-25 09:00:00,25,5,1,breakfast,extreme,5,4,37,11,363.11,0,0.0,0.0,0.0,1,363.11,0.0,54.82,236.02,72.27,0,0,0
6725,910,2026-06-24 15:00:00,24,2,0,late_night,clear,1,2,277,93,332.62,1,0.1,0.08708972342189084,0.01291027657810917,1,382.7,38.27,72.76,248.75,22.91,0,0,0
6726,911,2026-05-01 21:00:00,1,4,1,breakfast,rain,11,1,457,157,396.77,0,0.0,0.0,0.0,0,0.0,0.0,0.0,0.0,0.0,0,0,0
6727,911,2026-05-10 05:00:00,10,6,0,late_night,rain,7,3,140,46,353.64,1,0.1,0.08591961635165,0.01408038364835,1,412.86,41.29,51.1,268.36,52.11,1,0,0
6728,911,2026-06-13 21:00:00,13,5,0,breakfast,clear,7,1,118,39,439.52,1,0.2,0.1120291524538628,0.08797084754613721,1,556.17,111.23,85.12,361.51,-1.69,1,0,0
6729,911,2026-01-19 12:00:00,19,0,0,lunch,clear,7,1,341,115,349.17,0,0.0,0.0,0.0,0,0.0,0.0,0.0,0.0,0.0,0,0,0
6730,911,2026-06-02 04:00:00,2,1,1,lunch,rain,10,1,365,124,467.16,0,0.0,0.0,0.0,1,467.16,0.0,80.62,303.65,82.89,0,0,0
6731,911,2026-03-26 23:00:00,26,3,1,dinner,clear,4,1,279,93,516.93,0,0.0,0.0,0.0,0,0.0,0.0,0.0,0.0,0.0,0,0,0
6732,911,2026-03-23 02:00:00,23,0,0,breakfast,clear,2,3,517,177,466.41,1,0.2,0.11237894100574355,0.08762105899425646,1,590.19,118.04,69.82,383.63,18.71,0,0,0
6733,912,2026-05-30 01:00:00,30,5,1,dinner,extreme,13,2,330,111,302.15,1,0.15,0.1360442950563494,0.013955704943650588,1,351.8,52.77,62.8,228.67,7.56,0,0,0
6734,912,2026-01-26 21:00:00,26,0,1,late_night,clear,8,1,169,56,358.37,0,0.0,0.0,0.0,0,0.0,0.0,0.0,0.0,0.0,0,0,0
6735,913,2026-06-24 10:00:00,24,2,0,late_night,extreme,8,1,210,69,497.03,1,0.05,0.04669815871561233,0.003301841284387673,1,534.94,26.75,52.0,347.71,108.48,0,0,0
6736,913,2026-03-19 06:00:00,19,3,0,lunch,rain,10,2,473,162,367.38,0,0.0,0.0,0.0,0,0.0,0.0,0.0,0.0,0.0,0,0,0
6737,914,2026-05-29 21:00:00,29,4,1,lunch,clear,12,1,519,178,302.78,1,0.2,0.1040776799619978,0.09592232003800222,1,368.17,73.63,64.54,239.31,-9.31,0,0,0
6738,914,2026-02-02 14:00:00,2,0,1,late_night,clear,7,1,513,176,549.34,1,0.2,0.182422146852384,0.017577853147616007,1,667.98,133.6,64.06,434.18,36.14,0,0,0
6739,914,2026-02-09 07:00:00,9,0,0,dinner,clear,2,3,326,110,455.16,1,0.15,0.09929525351090422,0.05070474648909577,1,537.14,80.57,69.34,349.14,38.09,0,0,0
6740,915,2026-04-29 20:00:00,29,2,1,late_night,rain,2,1,256,84,422.03,0,0.0,0.0,0.0,0,0.0,0.0,0.0,0.0,0.0,0,0,0
6741,915,2026-05-12 03:00:00,12,1,0,dinner,clear,8,2,53,17,395.01,1,0.1,0.06629296819346761,0.033707031806532395,1,420.72,42.07,57.1,273.47,48.08,0,0,0
6742,915,2026-04-30 15:00:00,30,3,1,lunch,clear,10,1,444,153,387.88,1,0.15,0.14655897005461596,0.003441029945384033,0,0.0,0.0,0.0,0.0,0.0,0,0,0
6743,915,2026-05-26 04:00:00,26,1,1,lunch,clear,1,4,568,193,376.52,1,0.1,0.07844635945805056,0.021553640541949443,1,401.03,40.1,85.84,260.67,14.42,1,0,0
6744,915,2026-06-07 21:00:00,7,6,1,late_night,clear,14,2,409,140,302.97,0,0.0,0.0,0.0,1,302.97,0.0,81.52,196.93,24.52,0,0,0
6745,915,2026-06-01 12:00:00,1,0,1,lunch,clear,12,3,74,24,370.91,0,0.0,0.0,0.0,0,0.0,0.0,0.0,0.0,0.0,0,0,0
6746,915,2026-06-06 02:00:00,6,5,1,lunch,clear,4,2,443,153,368.55,0,0.0,0.0,0.0,0,0.0,0.0,0.0,0.0,0.0,0,0,0
6747,915,2026-06-23 02:00:00,23,1,0,late_night,clear,11,1,311,105,290.55,0,0.0,0.0,0.0,1,290.55,0.0,80.2,188.86,21.49,0,0,0
6748,915,2026-04-02 12:00:00,2,3,1,lunch,clear,3,1,377,130,439.99,0,0.0,0.0,0.0,0,0.0,0.0,0.0,0.0,0.0,0,0,0
6749,915,2026-06-03 10:00:00,3,2,1,dinner,clear,1,3,89,30,399.84,0,0.0,0.0,0.0,0,0.0,0.0,0.0,0.0,0.0,0,0,0
6750,915,2026-03-09 15:00:00,9,0,0,late_night,clear,8,4,352,119,307.51,1,0.1,0.08143537098825548,0.01856462901174452,0,0.0,0.0,0.0,0.0,0.0,0,0,0
6751,915,2026-03-17 02:00:00,17,1,0,late_night,rain,10,5,159,53,379.66,1,0.05,0.04032789614985493,0.009672103850145074,1,394.11,19.71,78.88,256.17,39.35,1,0,0
6752,915,2026-03-18 07:00:00,18,2,0,breakfast,rain,2,1,193,64,439.49,1,0.05,0.027612629868887285,0.022387370131112718,1,456.22,22.81,58.0,296.54,78.87,1,0,0
6753,915,2026-02-23 12:00:00,23,0,0,breakfast,clear,8,1,43,13,320.07,1,0.1,0.07992961318969334,0.020070386810306665,1,340.9,34.09,45.22,221.59,40.01,1,0,0
6754,916,2026-02-02 13:00:00,2,0,1,lunch,clear,14,1,572,195,327.24,0,0.0,0.0,0.0,0,0.0,0.0,0.0,0.0,0.0,0,0,0
6755,916,2026-05-16 05:00:00,16,5,0,late_night,clear,8,1,299,101,404.49,1,0.05,0.03361847670087063,0.016381523299129376,1,438.41,21.92,72.4,284.97,59.12,0,0,0
6756,916,2026-03-18 15:00:00,18,2,0,dinner,clear,3,1,540,185,437.06,1,0.1,0.09800209564220129,0.001997904357798716,1,499.72,49.97,74.56,324.82,50.37,0,0,0
6757,916,2026-03-11 17:00:00,11,2,0,lunch,clear,1,1,178,59,341.13,1,0.1,0.05008887388446773,0.04991112611553228,1,390.04,39.0,58.48,253.53,39.03,1,0,0
6758,917,2026-05-07 14:00:00,7,3,1,breakfast,clear,6,2,49,15,501.91,0,0.0,0.0,0.0,0,0.0,0.0,0.0,0.0,0.0,0,0,0
6759,917,2026-05-08 03:00:00,8,4,0,lunch,clear,4,1,65,21,412.58,0,0.0,0.0,0.0,0,0.0,0.0,0.0,0.0,0.0,0,0,0
6760,917,2026-03-01 14:00:00,1,6,1,dinner,extreme,6,1,361,122,406.31,0,0.0,0.0,0.0,0,0.0,0.0,0.0,0.0,0.0,0,0,0
6761,917,2026-04-03 22:00:00,3,4,1,lunch,rain,14,1,439,151,283.62,1,0.15,0.08103141399179055,0.06896858600820945,1,314.94,47.24,53.14,204.71,9.85,0,0,0
6762,917,2026-01-18 11:00:00,18,6,0,breakfast,clear,7,1,6,2,546.89,0,0.0,0.0,0.0,0,0.0,0.0,0.0,0.0,0.0,0,0,0
6763,917,2026-06-21 13:00:00,21,6,0,lunch,clear,9,1,126,41,542.46,1,0.2,0.1041676537270036,0.09583234627299642,1,614.29,122.86,47.8,399.29,44.34,1,0,0
6764,917,2026-03-11 01:00:00,11,2,0,late_night,clear,2,1,459,157,423.51,0,0.0,0.0,0.0,0,0.0,0.0,0.0,0.0,0.0,0,0,0
6765,917,2026-04-01 13:00:00,1,2,1,breakfast,rain,9,1,133,44,257.6,1,0.2,0.1627260309448736,0.03727396905512642,1,291.71,58.34,74.8,189.61,-31.04,0,0,0
6766,917,2026-05-30 02:00:00,30,5,1,late_night,extreme,8,1,91,31,333.01,0,0.0,0.0,0.0,0,0.0,0.0,0.0,0.0,0.0,0,0,0
6767,917,2026-05-09 10:00:00,9,5,0,breakfast,rain,6,1,562,192,224.05,0,0.0,0.0,0.0,0,0.0,0.0,0.0,0.0,0.0,0,0,0
6768,917,2026-03-05 03:00:00,5,3,1,dinner,extreme,3,3,527,180,602.61,1,0.2,0.11151252008138815,0.08848747991861186,1,682.4,136.48,80.86,443.56,21.5,0,0,0
6769,918,2026-02-26 07:00:00,26,3,1,lunch,rain,11,3,584,198,433.43,1,0.1,0.08283955616009071,0.017160443839909292,1,482.93,48.29,68.2,313.91,52.53,0,0,0
6770,918,2026-02-06 14:00:00,6,4,1,lunch,rain,8,1,473,162,367.38,0,0.0,0.0,0.0,0,0.0,0.0,0.0,0.0,0.0,0,0,0
6771,918,2026-02-27 05:00:00,27,4,1,breakfast,rain,7,1,72,23,541.6,1,0.1,0.05975299625704455,0.04024700374295546,1,603.46,60.35,90.82,392.25,60.04,0,0,0
6772,918,2026-02-04 09:00:00,4,2,1,dinner,clear,13,1,72,23,541.6,0,0.0,0.0,0.0,0,0.0,0.0,0.0,0.0,0.0,0,0,0
6773,918,2026-05-16 17:00:00,16,5,0,dinner,clear,9,1,589,199,395.45,0,0.0,0.0,0.0,0,0.0,0.0,0.0,0.0,0.0,0,0,0
6774,918,2026-04-28 22:00:00,28,1,1,breakfast,clear,2,2,275,92,337.39,1,0.1,0.05492444723458029,0.04507555276541972,1,375.92,37.59,90.04,244.35,3.94,1,0,0
6775,918,2026-04-01 03:00:00,1,2,1,lunch,clear,2,1,273,91,373.55,0,0.0,0.0,0.0,0,0.0,0.0,0.0,0.0,0.0,0,0,0
6776,918,2026-04-27 22:00:00,27,0,1,lunch,extreme,13,5,458,157,403.97,0,0.0,0.0,0.0,0,0.0,0.0,0.0,0.0,0.0,0,1,0
6777,918,2026-05-30 05:00:00,30,5,1,late_night,clear,11,1,328,110,369.63,0,0.0,0.0,0.0,0,0.0,0.0,0.0,0.0,0.0,0,0,0
6778,918,2026-06-24 12:00:00,24,2,0,lunch,extreme,2,3,4,1,425.22,1,0.2,0.15380393742353693,0.04619606257646308,1,502.19,100.44,58.84,326.43,16.49,0,0,0
6779,918,2026-02-27 19:00:00,27,4,1,late_night,clear,2,1,130,42,429.11,0,0.0,0.0,0.0,1,429.11,0.0,50.92,278.92,99.27,0,0,0
6780,918,2026-06-23 19:00:00,23,1,0,breakfast,clear,9,1,348,118,387.46,1,0.1,0.07309549923967489,0.02690450076032512,1,431.71,43.17,89.02,280.61,18.91,0,0,0
6781,918,2026-04-24 11:00:00,24,4,0,lunch,extreme,7,2,397,136,376.44,1,0.15,0.0843218524710045,0.06567814752899549,1,433.28,64.99,88.3,281.63,-1.64,0,0,0
6782,919,2026-01-25 12:00:00,25,6,1,lunch,rain,14,1,0,0,289.95,0,0.0,0.0,0.0,0,0.0,0.0,0.0,0.0,0.0,0,0,0
6783,919,2026-05-22 22:00:00,22,4,0,late_night,clear,12,3,451,155,376.18,1,0.2,0.1071810202374194,0.0928189797625806,1,425.15,85.03,72.04,276.35,-8.27,0,0,0
6784,919,2026-01-07 12:00:00,7,2,1,late_night,clear,7,1,105,35,354.06,0,0.0,0.0,0.0,1,354.06,0.0,81.52,230.14,42.4,0,0,0
6785,919,2026-04-30 12:00:00,30,3,1,lunch,extreme,9,1,587,199,402.75,0,0.0,0.0,0.0,1,402.75,0.0,64.78,261.79,76.18,0,0,0
6786,919,2026-06-22 17:00:00,22,0,0,dinner,clear,2,3,386,133,329.4,1,0.15,0.08757547481784701,0.06242452518215298,1,365.17,54.77,73.54,237.36,-0.51,0,0,0
6787,919,2026-04-06 22:00:00,6,0,1,breakfast,clear,3,1,122,40,339.12,0,0.0,0.0,0.0,0,0.0,0.0,0.0,0.0,0.0,0,0,0
6788,919,2026-06-19 03:00:00,19,4,0,breakfast,clear,1,2,175,57,349.16,0,0.0,0.0,0.0,0,0.0,0.0,0.0,0.0,0.0,0,0,0
6789,919,2026-03-23 12:00:00,23,0,0,lunch,clear,9,1,210,69,497.03,0,0.0,0.0,0.0,0,0.0,0.0,0.0,0.0,0.0,0,0,0
6790,919,2026-05-21 02:00:00,21,3,0,breakfast,rain,12,4,385,133,536.61,0,0.0,0.0,0.0,0,0.0,0.0,0.0,0.0,0.0,0,0,0
6791,919,2026-06-23 06:00:00,23,1,0,dinner,clear,5,1,513,176,549.34,1,0.15,0.10949618598473528,0.04050381401526472,1,608.99,91.35,64.06,395.84,57.74,0,0,0
6792,919,2026-06-06 12:00:00,6,5,1,dinner,rain,11,2,2,0,467.58,0,0.0,0.0,0.0,0,0.0,0.0,0.0,0.0,0.0,0,0,0
6793,920,2026-01-24 22:00:00,24,5,0,lunch,clear,1,2,221,72,545.2,0,0.0,0.0,0.0,0,0.0,0.0,0.0,0.0,0.0,0,0,0
6794,920,2026-05-19 23:00:00,19,1,0,breakfast,clear,3,5,483,165,364.57,0,0.0,0.0,0.0,0,0.0,0.0,0.0,0.0,0.0,0,0,0
6795,920,2026-05-25 20:00:00,25,0,1,dinner,rain,6,1,300,101,352.16,0,0.0,0.0,0.0,1,352.16,0.0,73.9,228.9,49.36,0,0,0
6796,920,2026-01-14 08:00:00,14,2,0,late_night,clear,9,2,440,151,317.0,1,0.15,0.09783608409353954,0.052163915906460454,1,352.1,52.81,51.64,228.86,18.78,1,0,0
6797,920,2026-03-19 06:00:00,19,3,0,dinner,rain,8,3,520,178,275.66,1,0.2,0.18527727806301192,0.014722721936988092,1,312.25,62.45,66.04,202.96,-19.2,1,0,0
6798,920,2026-01-17 00:00:00,17,5,0,breakfast,rain,11,2,210,69,497.03,1,0.15,0.14524421755521152,0.00475578244478847,1,552.06,82.81,50.5,358.84,59.91,0,0,0
6799,920,2026-02-27 05:00:00,27,4,1,lunch,rain,11,1,93,31,496.71,0,0.0,0.0,0.0,0,0.0,0.0,0.0,0.0,0.0,0,0,0
6800,920,2026-03-13 21:00:00,13,4,0,lunch,extreme,4,1,202,67,483.51,0,0.0,0.0,0.0,0,0.0,0.0,0.0,0.0,0.0,0,0,0
6801,920,2026-05-22 03:00:00,22,4,0,breakfast,clear,10,2,145,48,505.89,0,0.0,0.0,0.0,1,505.89,0.0,73.18,328.83,103.88,0,0,0
6802,920,2026-03-29 07:00:00,29,6,1,lunch,clear,1,1,146,48,348.11,1,0.2,0.1263905638828963,0.07360943611710372,1,394.32,78.86,73.18,256.31,-14.03,1,0,0
6803,920,2026-06-25 01:00:00,25,3,1,late_night,clear,10,1,290,97,376.15,1,0.2,0.1149046361919774,0.08509536380802261,1,426.08,85.22,86.14,276.95,-22.23,0,0,0
6804,920,2026-03-01 19:00:00,1,6,1,breakfast,clear,10,2,207,68,306.93,1,0.15,0.10307897260092903,0.04692102739907096,1,340.91,51.14,48.76,221.59,19.42,1,0,0
6805,920,2026-06-17 14:00:00,17,2,0,late_night,clear,1,1,399,137,510.29,0,0.0,0.0,0.0,1,510.29,0.0,63.94,331.69,114.66,0,0,0
6806,921,2026-05-19 14:00:00,19,1,0,dinner,clear,3,1,59,20,453.76,0,0.0,0.0,0.0,1,453.76,0.0,57.52,294.94,101.3,0,0,0
6807,921,2026-04-07 19:00:00,7,1,1,dinner,rain,9,1,580,197,288.97,0,0.0,0.0,0.0,0,0.0,0.0,0.0,0.0,0.0,0,0,0
6808,921,2026-03-12 15:00:00,12,3,0,late_night,rain,11,1,53,17,395.01,0,0.0,0.0,0.0,0,0.0,0.0,0.0,0.0,0.0,0,0,0
6809,921,2026-01-12 10:00:00,12,0,0,late_night,rain,1,1,294,99,361.09,1,0.2,0.11584790906494558,0.08415209093505444,1,431.51,86.3,69.58,280.48,-4.85,0,0,0
6810,921,2026-02-04 07:00:00,4,2,1,breakfast,clear,8,1,26,7,436.75,0,0.0,0.0,0.0,0,0.0,0.0,0.0,0.0,0.0,0,0,0
6811,921,2026-01-16 15:00:00,16,4,0,breakfast,extreme,3,1,173,57,323.74,1,0.1,0.0794325675706969,0.020567432429303104,1,363.58,36.36,59.14,236.32,31.75,0,0,1
6812,921,2026-02-02 08:00:00,2,0,1,breakfast,clear,9,1,381,131,606.56,1,0.15,0.07768348196620668,0.07231651803379331,1,705.23,105.78,67.6,458.4,73.45,0,0,0
6813,921,2026-01-01 06:00:00,1,3,1,dinner,clear,5,4,50,16,341.45,0,0.0,0.0,0.0,0,0.0,0.0,0.0,0.0,0.0,0,0,0
6814,921,2026-02-15 16:00:00,15,6,0,lunch,rain,8,1,328,110,369.63,0,0.0,0.0,0.0,0,0.0,0.0,0.0,0.0,0.0,0,0,0
6815,921,2026-04-02 22:00:00,2,3,1,breakfast,clear,1,2,459,157,423.51,0,0.0,0.0,0.0,0,0.0,0.0,0.0,0.0,0.0,0,0,0
6816,921,2026-05-02 00:00:00,2,5,1,breakfast,extreme,14,1,443,153,368.55,0,0.0,0.0,0.0,0,0.0,0.0,0.0,0.0,0.0,0,0,0
6817,922,2026-05-18 07:00:00,18,0,0,lunch,extreme,14,1,195,65,438.04,0,0.0,0.0,0.0,0,0.0,0.0,0.0,0.0,0.0,0,0,0
6818,922,2026-02-22 20:00:00,22,6,0,late_night,rain,13,2,534,182,526.78,0,0.0,0.0,0.0,1,526.78,0.0,48.22,342.41,136.15,0,0,0
6819,922,2026-04-19 10:00:00,19,6,0,lunch,rain,8,1,245,80,423.87,0,0.0,0.0,0.0,0,0.0,0.0,0.0,0.0,0.0,0,0,0
6820,922,2026-04-21 17:00:00,21,1,0,late_night,clear,8,3,515,177,466.41,1,0.1,0.09378199895307399,0.006218001046926019,1,533.82,53.38,69.82,346.98,63.63,1,0,0
6821,922,2026-03-22 22:00:00,22,6,0,lunch,rain,5,2,221,72,545.2,1,0.1,0.06668947622997212,0.03331052377002788,1,623.99,62.4,56.14,405.6,99.86,0,0,0
6822,922,2026-05-22 06:00:00,22,4,0,breakfast,clear,10,3,94,31,485.17,1,0.05,0.026780876798213817,0.023219123201786186,0,0.0,0.0,0.0,0.0,0.0,0,1,0
6823,922,2026-02-12 09:00:00,12,3,0,dinner,clear,12,1,388,134,391.86,1,0.05,0.03695437374121875,0.013045626258781251,1,424.99,21.25,49.18,276.24,78.32,1,0,0
6824,922,2026-03-21 14:00:00,21,5,0,late_night,clear,9,1,389,134,419.42,1,0.15,0.08612611250948464,0.06387388749051535,1,499.55,74.93,49.18,324.71,50.73,0,0,0
6825,922,2026-05-27 07:00:00,27,2,1,breakfast,extreme,14,1,91,31,333.01,0,0.0,0.0,0.0,0,0.0,0.0,0.0,0.0,0.0,0,0,0
6826,922,2026-01-29 18:00:00,29,3,1,breakfast,clear,8,2,390,134,366.59,1,0.15,0.07814040215021698,0.07185959784978302,1,436.63,65.49,49.18,283.81,38.15,0,0,0
6827,922,2026-04-21 22:00:00,21,1,0,lunch,clear,6,4,117,38,339.09,1,0.05,0.040461747238363766,0.009538252761636237,1,367.76,18.39,46.0,239.04,64.33,0,0,0
6828,922,2026-04-29 16:00:00,29,2,1,dinner,clear,4,2,254,84,436.22,0,0.0,0.0,0.0,0,0.0,0.0,0.0,0.0,0.0,0,0,0
6829,922,2026-01-30 14:00:00,30,4,1,breakfast,clear,4,1,229,75,373.34,0,0.0,0.0,0.0,0,0.0,0.0,0.0,0.0,0.0,0,0,0
6830,923,2026-03-14 18:00:00,14,5,0,lunch,rain,11,1,386,133,329.4,0,0.0,0.0,0.0,0,0.0,0.0,0.0,0.0,0.0,0,0,0
6831,923,2026-02-22 02:00:00,22,6,0,late_night,clear,2,1,26,7,436.75,1,0.1,0.09173427887170865,0.008265721128291353,1,490.15,49.02,82.3,318.6,40.24,0,0,0
6832,923,2026-05-10 23:00:00,10,6,0,breakfast,clear,5,1,456,156,339.24,1,0.05,0.02643684911786728,0.023563150882132722,1,363.5,18.18,86.92,236.28,22.13,1,0,0
6833,923,2026-06-22 09:00:00,22,0,0,lunch,clear,2,1,556,190,360.31,0,0.0,0.0,0.0,0,0.0,0.0,0.0,0.0,0.0,0,0,0
6834,923,2026-06-10 09:00:00,10,2,0,lunch,clear,7,1,233,76,237.76,0,0.0,0.0,0.0,1,237.76,0.0,53.26,154.54,29.96,0,0,0
6835,923,2026-03-09 01:00:00,9,0,0,breakfast,rain,5,2,384,132,441.54,0,0.0,0.0,0.0,0,0.0,0.0,0.0,0.0,0.0,0,0,0
6836,923,2026-03-29 21:00:00,29,6,1,dinner,clear,5,1,541,185,410.91,1,0.05,0.04829329092998903,0.00170670907001097,1,440.3,22.01,74.56,286.19,57.53,0,0,0
6837,923,2026-04-01 17:00:00,1,2,1,breakfast,extreme,5,3,389,134,419.42,0,0.0,0.0,0.0,0,0.0,0.0,0.0,0.0,0.0,0,0,0
6838,923,2026-05-24 16:00:00,24,6,0,dinner,rain,4,3,258,85,347.07,0,0.0,0.0,0.0,0,0.0,0.0,0.0,0.0,0.0,0,0,0
6839,923,2026-02-02 22:00:00,2,0,1,late_night,clear,3,1,477,163,341.1,1,0.05,0.04756264919762587,0.0024373508023741303,0,0.0,0.0,0.0,0.0,0.0,0,0,0
6840,923,2026-04-26 09:00:00,26,6,1,dinner,rain,6,1,185,61,409.82,1,0.2,0.17716647981965472,0.02283352018034529,1,489.24,97.85,53.92,318.01,19.47,1,0,0
6841,923,2026-02-02 18:00:00,2,0,1,breakfast,clear,12,5,276,92,323.06,0,0.0,0.0,0.0,0,0.0,0.0,0.0,0.0,0.0,0,0,0
6842,924,2026-06-17 07:00:00,17,2,0,lunch,extreme,3,2,94,31,485.17,0,0.0,0.0,0.0,1,485.17,0.0,58.78,315.36,111.03,0,0,0
6843,924,2026-05-02 11:00:00,2,5,1,lunch,rain,11,3,244,79,438.48,1,0.2,0.1704760002601048,0.029523999739895224,1,530.39,106.08,73.42,344.75,6.14,0,0,0
6844,925,2026-03-06 02:00:00,6,4,1,lunch,clear,9,1,262,87,288.41,1,0.15,0.13809228094732798,0.011907719052672017,1,324.78,48.72,52.0,211.11,12.96,0,0,0
6845,925,2026-04-16 04:00:00,16,3,0,breakfast,clear,2,1,84,27,443.26,1,0.15,0.11185193739352411,0.03814806260647588,1,499.16,74.87,86.8,324.45,13.03,0,0,0
6846,925,2026-05-27 11:00:00,27,2,1,lunch,clear,1,4,435,149,364.22,1,0.1,0.08557981682950667,0.014420183170493331,1,398.96,39.9,47.38,259.33,52.36,1,0,0
6847,925,2026-04-20 03:00:00,20,0,0,breakfast,rain,9,5,343,116,496.91,0,0.0,0.0,0.0,0,0.0,0.0,0.0,0.0,0.0,0,0,0
6848,925,2026-04-30 09:00:00,30,3,1,breakfast,extreme,8,4,440,151,317.0,0,0.0,0.0,0.0,0,0.0,0.0,0.0,0.0,0.0,0,0,1
6849,925,2026-05-26 14:00:00,26,1,1,late_night,clear,1,1,331,112,502.27,0,0.0,0.0,0.0,0,0.0,0.0,0.0,0.0,0.0,0,0,0
6850,925,2026-03-17 05:00:00,17,1,0,breakfast,extreme,7,1,287,96,526.62,1,0.05,0.03710187299359752,0.012898127006402485,1,556.01,27.8,63.88,361.4,102.92,0,0,0
6851,926,2026-02-23 10:00:00,23,0,0,lunch,clear,5,3,52,17,309.09,1,0.1,0.0837924092354853,0.01620759076451471,1,351.29,35.13,57.1,228.34,30.72,0,0,0
6852,926,2026-01-04 23:00:00,4,6,1,dinner,rain,6,1,231,75,429.49,0,0.0,0.0,0.0,1,429.49,0.0,69.4,279.17,80.92,0,0,0
6853,926,2026-01-08 18:00:00,8,3,0,late_night,clear,1,2,247,80,495.9,1,0.2,0.16963634693746124,0.03036365306253877,1,603.2,120.64,73.0,392.08,17.48,0,0,0
6854,926,2026-05-02 01:00:00,2,5,1,lunch,clear,2,1,138,45,433.17,0,0.0,0.0,0.0,0,0.0,0.0,0.0,0.0,0.0,0,0,0
6855,926,2026-04-21 05:00:00,21,1,0,dinner,clear,5,1,370,127,368.76,1,0.1,0.0638723041973037,0.0361276958026963,1,419.1,41.91,88.18,272.42,16.6,0,0,0
6856,926,2026-03-16 10:00:00,16,0,0,lunch,clear,4,1,236,77,323.45,1,0.1,0.0819586731527451,0.0180413268472549,1,367.61,36.76,71.56,238.94,20.34,1,0,0
6857,926,2026-01-21 04:00:00,21,2,0,lunch,clear,6,1,446,153,531.37,0,0.0,0.0,0.0,0,0.0,0.0,0.0,0.0,0.0,0,0,1
6858,926,2026-02-27 18:00:00,27,4,1,dinner,clear,3,1,144,47,344.24,0,0.0,0.0,0.0,0,0.0,0.0,0.0,0.0,0.0,0,0,0
6859,926,2026-06-01 07:00:00,1,0,1,lunch,clear,3,2,555,190,421.12,0,0.0,0.0,0.0,0,0.0,0.0,0.0,0.0,0.0,0,0,0
6860,926,2026-01-03 14:00:00,3,5,1,breakfast,clear,5,1,378,130,410.6,0,0.0,0.0,0.0,0,0.0,0.0,0.0,0.0,0.0,0,0,0
6861,926,2026-06-26 02:00:00,26,4,1,lunch,rain,8,2,246,80,447.69,0,0.0,0.0,0.0,1,447.69,0.0,74.5,291.0,82.19,0,0,0
6862,926,2026-06-12 00:00:00,12,4,0,late_night,clear,4,4,296,100,352.66,0,0.0,0.0,0.0,0,0.0,0.0,0.0,0.0,0.0,0,0,0
6863,927,2026-01-31 09:00:00,31,5,1,breakfast,clear,4,5,153,51,331.89,0,0.0,0.0,0.0,0,0.0,0.0,0.0,0.0,0.0,0,0,0
6864,927,2026-04-11 17:00:00,11,5,0,dinner,clear,12,1,499,171,410.77,0,0.0,0.0,0.0,0,0.0,0.0,0.0,0.0,0.0,0,1,0
6865,927,2026-05-01 13:00:00,1,4,1,late_night,clear,11,1,123,40,374.8,1,0.2,0.177028269329426,0.02297173067057401,1,414.58,82.92,73.18,269.47,-10.99,0,0,0
6866,927,2026-06-05 20:00:00,5,4,1,dinner,rain,6,1,372,128,353.88,1,0.15,0.1143253513132823,0.0356746486867177,0,0.0,0.0,0.0,0.0,0.0,0,0,0
6867,927,2026-01-08 22:00:00,8,3,0,dinner,clear,6,1,394,135,359.67,1,0.1,0.08150397144493104,0.01849602855506896,1,383.75,38.38,77.2,249.44,18.74,0,0,0
6868,927,2026-01-20 23:00:00,20,1,0,breakfast,clear,7,1,470,161,302.81,1,0.05,0.046015659065364936,0.003984340934635067,0,0.0,0.0,0.0,0.0,0.0,0,0,0
6869,927,2026-04-18 23:00:00,18,5,0,lunch,clear,14,1,21,6,455.28,1,0.2,0.1381347165935551,0.0618652834064449,1,503.6,100.72,79.06,327.34,-3.52,1,0,0
6870,927,2026-05-31 10:00:00,31,6,1,dinner,rain,5,1,114,38,343.32,1,0.05,0.032451569908787746,0.017548430091212257,1,356.77,17.84,47.5,231.9,59.53,0,0,0
6871,927,2026-05-08 05:00:00,8,4,0,dinner,rain,13,3,117,38,339.09,0,0.0,0.0,0.0,0,0.0,0.0,0.0,0.0,0.0,0,0,0
6872,927,2026-03-09 06:00:00,9,0,0,dinner,rain,8,1,32,9,287.49,1,0.15,0.14579760737497963,0.004202392625020368,1,312.94,46.94,50.74,203.41,11.85,0,0,0
6873,927,2026-04-09 13:00:00,9,3,0,lunch,rain,5,1,172,56,602.27,1,0.05,0.04945270135978507,0.0005472986402149313,1,625.86,31.29,67.42,406.81,120.34,0,0,0
6874,927,2026-06-01 07:00:00,1,0,1,dinner,rain,9,2,500,172,443.27,1,0.2,0.15015367751368416,0.04984632248631585,1,490.31,98.06,67.48,318.7,6.07,0,0,0
6875,927,2026-02-08 05:00:00,8,6,0,lunch,clear,12,1,286,96,396.78,0,0.0,0.0,0.0,0,0.0,0.0,0.0,0.0,0.0,0,0,0
6876,928,2026-06-25 11:00:00,25,3,1,breakfast,rain,5,3,196,65,501.99,1,0.1,0.05026469614608693,0.049735303853913074,1,554.26,55.43,58.42,360.27,80.15,1,0,0
6877,928,2026-03-28 18:00:00,28,5,1,lunch,clear,8,3,10,3,499.79,0,0.0,0.0,0.0,1,499.79,0.0,55.84,324.86,119.09,0,0,0
6878,928,2026-05-17 14:00:00,17,6,0,lunch,clear,1,1,549,188,505.49,0,0.0,0.0,0.0,0,0.0,0.0,0.0,0.0,0.0,0,0,0
6879,928,2026-01-03 23:00:00,3,5,1,lunch,clear,11,1,191,64,343.36,0,0.0,0.0,0.0,0,0.0,0.0,0.0,0.0,0.0,0,0,0
6880,928,2026-03-26 23:00:00,26,3,1,breakfast,clear,11,1,8,2,501.52,0,0.0,0.0,0.0,1,501.52,0.0,80.14,325.99,95.39,0,0,0
6881,929,2026-02-10 03:00:00,10,1,0,late_night,clear,12,1,19,6,523.49,1,0.05,0.02796308297051339,0.022036917029486614,1,570.29,28.51,79.06,370.69,92.03,0,0,0
6882,929,2026-01-15 05:00:00,15,3,0,dinner,clear,4,2,85,28,440.48,0,0.0,0.0,0.0,0,0.0,0.0,0.0,0.0,0.0,0,0,0
6883,929,2026-02-09 15:00:00,9,0,0,breakfast,extreme,12,1,470,161,302.81,0,0.0,0.0,0.0,0,0.0,0.0,0.0,0.0,0.0,0,0,0
6884,929,2026-05-29 20:00:00,29,4,1,lunch,clear,8,2,106,35,389.07,1,0.05,0.03489300972902137,0.015106990270978636,1,423.85,21.19,81.52,275.51,45.64,1,0,0
6885,929,2026-01-16 04:00:00,16,4,0,late_night,clear,6,4,395,136,384.32,1,0.15,0.14709040682409064,0.0029095931759093585,1,461.97,69.3,85.3,300.28,7.09,1,0,0
6886,929,2026-06-11 15:00:00,11,3,0,dinner,clear,13,1,269,90,408.04,1,0.1,0.07494658871639152,0.02505341128360848,1,470.4,47.04,69.76,305.76,47.84,1,0,0
6887,929,2026-05-28 12:00:00,28,3,1,late_night,clear,10,1,262,87,288.41,0,0.0,0.0,0.0,0,0.0,0.0,0.0,0.0,0.0,0,0,0
6888,929,2026-03-05 00:00:00,5,3,1,lunch,clear,6,2,128,42,428.94,0,0.0,0.0,0.0,0,0.0,0.0,0.0,0.0,0.0,0,0,0
6889,930,2026-03-07 08:00:00,7,5,1,dinner,clear,8,4,300,101,352.16,0,0.0,0.0,0.0,0,0.0,0.0,0.0,0.0,0.0,0,0,0
6890,930,2026-04-07 21:00:00,7,1,1,late_night,clear,4,1,2,0,467.58,1,0.15,0.10281418807411817,0.047185811925881824,1,552.28,82.84,46.18,358.98,64.28,1,0,0
6891,930,2026-02-13 05:00:00,13,4,0,lunch,extreme,5,2,54,17,410.72,0,0.0,0.0,0.0,0,0.0,0.0,0.0,0.0,0.0,0,0,0
6892,930,2026-06-09 21:00:00,9,1,0,lunch,rain,5,2,156,52,461.21,0,0.0,0.0,0.0,0,0.0,0.0,0.0,0.0,0.0,0,0,0
6893,930,2026-05-29 03:00:00,29,4,1,late_night,rain,5,1,543,186,246.87,1,0.05,0.042069935515847735,0.007930064484152267,1,266.66,13.33,76.96,173.33,3.04,0,0,0
6894,930,2026-04-26 06:00:00,26,6,1,dinner,clear,14,1,488,167,559.81,0,0.0,0.0,0.0,0,0.0,0.0,0.0,0.0,0.0,0,0,0
6895,931,2026-03-06 13:00:00,6,4,1,dinner,clear,1,2,362,123,472.34,0,0.0,0.0,0.0,1,472.34,0.0,89.8,307.02,75.52,0,0,0
6896,932,2026-01-24 22:00:00,24,5,0,lunch,clear,9,2,14,4,405.99,0,0.0,0.0,0.0,0,0.0,0.0,0.0,0.0,0.0,0,0,0
6897,932,2026-01-25 05:00:00,25,6,1,lunch,clear,9,1,122,40,339.12,0,0.0,0.0,0.0,0,0.0,0.0,0.0,0.0,0.0,0,0,0
6898,932,2026-01-11 07:00:00,11,6,0,late_night,extreme,9,2,516,177,593.59,0,0.0,0.0,0.0,0,0.0,0.0,0.0,0.0,0.0,0,0,0
6899,932,2026-04-03 09:00:00,3,4,1,late_night,clear,13,1,430,147,329.56,0,0.0,0.0,0.0,0,0.0,0.0,0.0,0.0,0.0,0,0,0
6900,932,2026-02-04 07:00:00,4,2,1,breakfast,clear,2,1,503,173,309.83,1,0.05,0.04832748601500666,0.0016725139849933443,0,0.0,0.0,0.0,0.0,0.0,0,0,0
6901,932,2026-03-15 04:00:00,15,6,0,late_night,clear,3,1,123,40,374.8,0,0.0,0.0,0.0,0,0.0,0.0,0.0,0.0,0.0,0,0,0
6902,932,2026-03-03 00:00:00,3,1,1,dinner,rain,9,2,542,186,379.72,1,0.05,0.029679431782662715,0.020320568217337288,0,0.0,0.0,0.0,0.0,0.0,0,0,0
6903,932,2026-05-22 12:00:00,22,4,0,dinner,clear,7,1,567,193,277.06,0,0.0,0.0,0.0,0,0.0,0.0,0.0,0.0,0.0,0,0,0
6904,932,2026-06-23 02:00:00,23,1,0,breakfast,rain,8,1,19,6,523.49,0,0.0,0.0,0.0,1,523.49,0.0,80.56,340.27,102.66,0,0,0
6905,932,2026-04-13 06:00:00,13,0,0,breakfast,clear,3,4,167,55,394.06,0,0.0,0.0,0.0,0,0.0,0.0,0.0,0.0,0.0,0,0,0
6906,932,2026-03-14 07:00:00,14,5,0,lunch,extreme,13,1,46,14,430.08,1,0.2,0.16532781590217627,0.034672184097823744,1,497.84,99.57,73.78,323.59,0.9,0,0,0
6907,932,2026-02-20 10:00:00,20,4,0,dinner,clear,5,1,398,136,562.98,1,0.15,0.08567144845655142,0.06432855154344858,1,636.95,95.54,85.3,414.02,42.09,0,0,0
6908,932,2026-05-04 08:00:00,4,0,1,dinner,clear,5,1,480,164,354.68,0,0.0,0.0,0.0,0,0.0,0.0,0.0,0.0,0.0,0,0,0
6909,933,2026-04-06 03:00:00,6,0,1,breakfast,rain,5,2,377,130,439.99,0,0.0,0.0,0.0,0,0.0,0.0,0.0,0.0,0.0,0,0,0
6910,933,2026-03-17 10:00:00,17,1,0,breakfast,clear,4,2,461,158,470.93,0,0.0,0.0,0.0,0,0.0,0.0,0.0,0.0,0.0,0,0,0
6911,933,2026-02-04 09:00:00,4,2,1,lunch,clear,12,4,430,147,329.56,0,0.0,0.0,0.0,0,0.0,0.0,0.0,0.0,0.0,0,0,0
6912,933,2026-01-17 08:00:00,17,5,0,lunch,clear,8,2,223,73,306.77,0,0.0,0.0,0.0,1,306.77,0.0,84.16,199.4,23.21,0,0,0
6913,934,2026-04-09 22:00:00,9,3,0,breakfast,rain,14,1,481,165,317.88,0,0.0,0.0,0.0,1,317.88,0.0,65.68,206.62,45.58,0,0,0
6914,934,2026-04-27 04:00:00,27,0,1,late_night,rain,4,1,16,4,481.46,1,0.05,0.03144439894872044,0.018555601051279562,1,519.48,25.97,71.5,337.66,84.34,0,0,0
6915,934,2026-04-28 06:00:00,28,1,1,lunch,clear,4,1,578,197,363.8,0,0.0,0.0,0.0,0,0.0,0.0,0.0,0.0,0.0,0,0,0
6916,934,2026-01-13 16:00:00,13,1,0,dinner,clear,6,3,221,72,545.2,0,0.0,0.0,0.0,0,0.0,0.0,0.0,0.0,0.0,0,0,0
6917,935,2026-02-05 14:00:00,5,3,1,dinner,clear,10,4,568,193,376.52,1,0.2,0.1272436324950994,0.07275636750490061,1,411.02,82.2,85.84,267.16,-24.19,0,0,0
6918,936,2026-03-06 00:00:00,6,4,1,dinner,clear,12,3,262,87,288.41,0,0.0,0.0,0.0,0,0.0,0.0,0.0,0.0,0.0,0,0,0
6919,936,2026-05-17 10:00:00,17,6,0,breakfast,clear,3,5,168,55,286.78,1,0.2,0.17518401811076917,0.024815981889230843,1,319.46,63.89,87.64,207.65,-39.72,0,0,0
6920,936,2026-02-02 02:00:00,2,0,1,lunch,clear,13,3,298,100,356.47,0,0.0,0.0,0.0,1,356.47,0.0,64.18,231.71,60.58,0,0,0
6921,936,2026-06-05 19:00:00,5,4,1,late_night,clear,2,2,295,99,382.6,1,0.15,0.1310807445894857,0.018919255410514285,0,0.0,0.0,0.0,0.0,0.0,0,0,0
6922,936,2026-03-06 19:00:00,6,4,1,lunch,extreme,5,1,273,91,373.55,0,0.0,0.0,0.0,0,0.0,0.0,0.0,0.0,0.0,0,0,0
6923,936,2026-01-10 13:00:00,10,5,0,breakfast,clear,10,1,542,186,379.72,1,0.1,0.05691865900306691,0.043081340996933094,1,407.02,40.7,75.46,264.56,26.3,0,0,0
6924,936,2026-04-05 10:00:00,5,6,1,breakfast,clear,3,1,240,78,339.14,0,0.0,0.0,0.0,0,0.0,0.0,0.0,0.0,0.0,0,0,0
6925,937,2026-05-29 04:00:00,29,4,1,breakfast,clear,4,2,273,91,373.55,0,0.0,0.0,0.0,0,0.0,0.0,0.0,0.0,0.0,0,0,0
6926,938,2026-01-11 04:00:00,11,6,0,dinner,clear,12,1,481,165,317.88,0,0.0,0.0,0.0,0,0.0,0.0,0.0,0.0,0.0,0,0,0
6927,938,2026-05-08 14:00:00,8,4,0,late_night,clear,2,2,137,45,494.46,1,0.1,0.05554052841263858,0.044459471587361424,1,553.66,55.37,67.96,359.88,70.45,0,0,0
6928,938,2026-01-01 15:00:00,1,3,1,dinner,clear,10,1,79,25,491.57,0,0.0,0.0,0.0,0,0.0,0.0,0.0,0.0,0.0,0,0,0
6929,938,2026-05-19 05:00:00,19,1,0,dinner,clear,4,1,52,17,309.09,0,0.0,0.0,0.0,0,0.0,0.0,0.0,0.0,0.0,0,0,0
6930,938,2026-02-28 23:00:00,28,5,1,late_night,rain,2,1,290,97,376.15,0,0.0,0.0,0.0,1,376.15,0.0,87.64,244.5,44.01,0,0,0
6931,938,2026-05-24 14:00:00,24,6,0,breakfast,extreme,5,1,539,184,302.3,0,0.0,0.0,0.0,1,302.3,0.0,62.86,196.5,42.94,0,0,0
6932,938,2026-06-16 06:00:00,16,1,0,dinner,clear,14,1,223,73,306.77,1,0.2,0.10033405623500191,0.0996659437649981,0,0.0,0.0,0.0,0.0,0.0,0,0,0
6933,938,2026-06-10 07:00:00,10,2,0,breakfast,clear,2,1,34,10,395.98,0,0.0,0.0,0.0,0,0.0,0.0,0.0,0.0,0.0,0,0,0
6934,938,2026-06-07 06:00:00,7,6,1,late_night,clear,2,2,206,68,536.05,1,0.05,0.02893121601372033,0.021068783986279673,1,573.59,28.68,48.76,372.83,123.32,0,0,0
6935,938,2026-06-29 16:00:00,29,0,1,late_night,clear,3,3,230,75,383.59,0,0.0,0.0,0.0,0,0.0,0.0,0.0,0.0,0.0,0,0,0
6936,938,2026-05-20 23:00:00,20,2,0,dinner,clear,13,4,219,72,521.25,1,0.2,0.10891929983303417,0.09108070016696584,1,620.16,124.03,54.64,403.1,38.38,1,0,0
6937,938,2026-04-27 07:00:00,27,0,1,lunch,clear,1,1,132,43,321.82,0,0.0,0.0,0.0,0,0.0,0.0,0.0,0.0,0.0,0,0,0
6938,938,2026-02-10 16:00:00,10,1,0,lunch,rain,14,2,406,139,391.84,0,0.0,0.0,0.0,0,0.0,0.0,0.0,0.0,0.0,0,0,0
6939,939,2026-01-31 12:00:00,31,5,1,dinner,clear,1,1,379,130,459.76,0,0.0,0.0,0.0,0,0.0,0.0,0.0,0.0,0.0,0,0,0
6940,939,2026-02-20 21:00:00,20,4,0,late_night,clear,8,1,500,172,443.27,0,0.0,0.0,0.0,1,443.27,0.0,65.98,288.13,89.16,0,0,0
6941,939,2026-06-10 09:00:00,10,2,0,breakfast,clear,9,4,63,21,314.23,1,0.15,0.07838529655189183,0.07161470344810816,1,369.73,55.46,84.88,240.32,-10.93,0,0,0
6942,939,2026-05-01 22:00:00,1,4,1,lunch,clear,11,1,191,64,343.36,1,0.05,0.03822956397583241,0.011770436024167594,1,370.19,18.51,56.5,240.63,54.56,0,0,0
6943,940,2026-02-16 13:00:00,16,0,0,lunch,clear,8,4,516,177,593.59,1,0.15,0.08273264391720334,0.06726735608279666,1,662.82,99.42,69.82,430.83,62.74,0,0,0
6944,940,2026-05-19 04:00:00,19,1,0,lunch,clear,4,1,51,16,606.47,1,0.05,0.03714042242108502,0.012859577578914982,0,0.0,0.0,0.0,0.0,0.0,0,0,0
6945,940,2026-04-11 12:00:00,11,5,0,lunch,clear,10,4,245,80,423.87,0,0.0,0.0,0.0,0,0.0,0.0,0.0,0.0,0.0,0,0,0
6946,940,2026-02-18 01:00:00,18,2,0,breakfast,clear,9,1,211,69,610.72,1,0.15,0.11751031278846555,0.032489687211534446,1,681.94,102.29,49.0,443.26,87.39,1,0,0
6947,940,2026-02-05 09:00:00,5,3,1,lunch,clear,7,1,82,26,413.45,1,0.05,0.04612865030038174,0.0038713496996182623,1,434.79,21.74,89.38,282.61,41.06,0,0,0
6948,940,2026-06-06 09:00:00,6,5,1,breakfast,clear,7,5,539,184,302.3,0,0.0,0.0,0.0,1,302.3,0.0,59.86,196.5,45.94,0,0,0
6949,940,2026-05-15 21:00:00,15,4,0,late_night,extreme,10,1,539,184,302.3,0,0.0,0.0,0.0,0,0.0,0.0,0.0,0.0,0.0,0,0,0
6950,941,2026-02-24 03:00:00,24,1,0,lunch,clear,12,2,476,162,284.54,1,0.15,0.1368762292817771,0.013123770718222905,1,322.51,48.38,76.3,209.63,-11.8,1,0,0
6951,941,2026-05-08 08:00:00,8,4,0,breakfast,clear,8,1,137,45,494.46,0,0.0,0.0,0.0,0,0.0,0.0,0.0,0.0,0.0,0,0,0
6952,941,2026-02-26 15:00:00,26,3,1,lunch,clear,8,1,134,44,288.98,0,0.0,0.0,0.0,0,0.0,0.0,0.0,0.0,0.0,0,0,0
6953,941,2026-05-01 16:00:00,1,4,1,dinner,clear,1,2,314,105,440.46,0,0.0,0.0,0.0,1,440.46,0.0,80.2,286.3,73.96,0,0,0
6954,941,2026-01-07 10:00:00,7,2,1,late_night,clear,7,1,424,145,401.06,1,0.1,0.06861888645723357,0.03138111354276643,1,441.55,44.15,48.22,287.01,62.17,0,0,0
6955,941,2026-02-03 18:00:00,3,1,1,late_night,clear,14,1,470,161,302.81,0,0.0,0.0,0.0,0,0.0,0.0,0.0,0.0,0.0,0,0,0
6956,942,2026-03-14 04:00:00,14,5,0,dinner,clear,9,2,556,190,360.31,0,0.0,0.0,0.0,1,360.31,0.0,83.62,234.2,42.49,0,0,0
6957,942,2026-06-05 10:00:00,5,4,1,breakfast,extreme,12,2,276,92,323.06,0,0.0,0.0,0.0,0,0.0,0.0,0.0,0.0,0.0,0,0,0
6958,942,2026-03-02 14:00:00,2,0,1,late_night,clear,6,2,421,144,346.22,0,0.0,0.0,0.0,0,0.0,0.0,0.0,0.0,0.0,0,0,0
6959,942,2026-03-08 18:00:00,8,6,0,late_night,clear,1,1,400,137,312.2,1,0.05,0.04394335805251618,0.006056641947483822,0,0.0,0.0,0.0,0.0,0.0,0,0,0
6960,942,2026-05-29 12:00:00,29,4,1,late_night,extreme,11,1,111,37,572.96,1,0.1,0.06098905875393376,0.039010941246066244,1,626.72,62.67,85.66,407.37,71.02,0,0,0
6961,942,2026-01-10 07:00:00,10,5,0,breakfast,rain,1,1,132,43,321.82,1,0.05,0.03570800497499218,0.014291995025007824,1,339.48,16.97,68.98,220.67,32.87,0,0,0
6962,942,2026-06-01 02:00:00,1,0,1,breakfast,rain,2,1,84,27,443.26,0,0.0,0.0,0.0,0,0.0,0.0,0.0,0.0,0.0,0,0,0
6963,942,2026-04-15 10:00:00,15,2,0,lunch,clear,3,1,73,23,424.13,0,0.0,0.0,0.0,0,0.0,0.0,0.0,0.0,0.0,0,0,0
6964,942,2026-02-20 05:00:00,20,4,0,late_night,clear,12,1,570,194,428.5,1,0.15,0.1465939019529617,0.0034060980470382862,1,481.65,72.25,80.32,313.07,16.01,0,0,0
6965,942,2026-02-09 17:00:00,9,0,0,breakfast,clear,3,1,405,139,290.6,1,0.2,0.1959483157954385,0.0040516842045615065,1,333.82,66.76,51.58,216.98,-1.51,0,0,0
6966,942,2026-06-22 12:00:00,22,0,0,dinner,rain,6,1,72,23,541.6,1,0.15,0.08727218705936324,0.06272781294063676,1,608.78,91.32,90.82,395.71,30.94,1,0,0
6967,942,2026-03-28 23:00:00,28,5,1,late_night,clear,1,1,338,114,376.41,0,0.0,0.0,0.0,0,0.0,0.0,0.0,0.0,0.0,0,0,0
6968,942,2026-02-11 18:00:00,11,2,0,lunch,clear,4,1,344,116,430.3,1,0.2,0.1396701348370256,0.06032986516297442,1,494.3,98.86,81.82,321.29,-7.68,0,0,0
6969,942,2026-04-28 05:00:00,28,1,1,breakfast,clear,9,1,459,157,423.51,0,0.0,0.0,0.0,0,0.0,0.0,0.0,0.0,0.0,0,0,0
6970,943,2026-06-12 23:00:00,12,4,0,breakfast,clear,6,3,306,102,364.7,0,0.0,0.0,0.0,0,0.0,0.0,0.0,0.0,0.0,0,0,0
6971,943,2026-04-15 04:00:00,15,2,0,lunch,rain,11,1,446,153,531.37,1,0.05,0.0305023408786097,0.0194976591213903,0,0.0,0.0,0.0,0.0,0.0,0,0,0
6972,943,2026-01-14 20:00:00,14,2,0,dinner,rain,4,2,379,130,459.76,0,0.0,0.0,0.0,1,459.76,0.0,74.38,298.84,86.54,0,0,0
6973,943,2026-01-15 14:00:00,15,3,0,late_night,clear,3,1,506,174,455.6,0,0.0,0.0,0.0,0,0.0,0.0,0.0,0.0,0.0,0,0,0
6974,943,2026-01-27 16:00:00,27,1,1,lunch,clear,8,1,363,123,366.41,0,0.0,0.0,0.0,0,0.0,0.0,0.0,0.0,0.0,0,0,0
6975,943,2026-06-06 13:00:00,6,5,1,dinner,rain,4,2,355,119,330.66,1,0.15,0.10479699681324596,0.045203003186754034,1,359.79,53.97,49.72,233.86,22.24,0,0,0
6976,943,2026-03-11 20:00:00,11,2,0,dinner,clear,4,1,44,13,374.19,0,0.0,0.0,0.0,0,0.0,0.0,0.0,0.0,0.0,0,0,0
6977,943,2026-04-03 08:00:00,3,4,1,late_night,clear,6,1,44,13,374.19,1,0.05,0.04465291793785325,0.005347082062146756,0,0.0,0.0,0.0,0.0,0.0,0,0,0
6978,943,2026-02-22 09:00:00,22,6,0,lunch,clear,4,4,129,42,337.95,1,0.05,0.03021977447840193,0.019780225521598072,1,351.13,17.56,50.92,228.23,54.42,1,0,0
6979,943,2026-04-19 14:00:00,19,6,0,lunch,clear,2,3,444,153,387.88,0,0.0,0.0,0.0,0,0.0,0.0,0.0,0.0,0.0,0,0,0
6980,943,2026-01-17 21:00:00,17,5,0,lunch,clear,5,2,511,175,535.27,0,0.0,0.0,0.0,0,0.0,0.0,0.0,0.0,0.0,0,0,0
6981,943,2026-06-26 21:00:00,26,4,1,lunch,clear,1,2,142,47,365.27,1,0.05,0.04289794919730999,0.00710205080269001,0,0.0,0.0,0.0,0.0,0.0,0,0,0
6982,943,2026-01-27 18:00:00,27,1,1,dinner,clear,10,2,219,72,521.25,0,0.0,0.0,0.0,0,0.0,0.0,0.0,0.0,0.0,0,0,0
6983,944,2026-04-15 07:00:00,15,2,0,breakfast,clear,7,2,212,69,631.29,0,0.0,0.0,0.0,0,0.0,0.0,0.0,0.0,0.0,0,0,0
6984,944,2026-05-09 04:00:00,9,5,0,late_night,rain,9,2,212,69,631.29,0,0.0,0.0,0.0,0,0.0,0.0,0.0,0.0,0.0,0,0,0
6985,944,2026-01-21 14:00:00,21,2,0,late_night,extreme,13,1,80,26,419.05,1,0.15,0.09851215259630508,0.051487847403694914,1,475.87,71.38,92.38,309.31,2.79,1,0,0
6986,944,2026-04-11 11:00:00,11,5,0,lunch,clear,6,1,3,0,415.4,0,0.0,0.0,0.0,0,0.0,0.0,0.0,0.0,0.0,0,0,0
6987,945,2026-05-06 22:00:00,6,2,1,late_night,rain,10,1,190,63,989.89,0,0.0,0.0,0.0,0,0.0,0.0,0.0,0.0,0.0,0,0,0
6988,945,2026-01-04 08:00:00,4,6,1,late_night,clear,5,1,82,26,413.45,0,0.0,0.0,0.0,0,0.0,0.0,0.0,0.0,0.0,0,0,0
6989,945,2026-06-26 18:00:00,26,4,1,lunch,clear,10,1,527,180,602.61,1,0.15,0.12316372567289324,0.02683627432710675,1,667.59,100.14,77.86,433.93,55.66,0,0,0
6990,945,2026-06-03 08:00:00,3,2,1,lunch,rain,14,1,269,90,408.04,1,0.15,0.10356998121188102,0.046430018788118976,1,452.04,67.81,71.26,293.82,19.15,1,0,0
6991,945,2026-03-01 02:00:00,1,6,1,late_night,clear,7,1,530,181,442.66,0,0.0,0.0,0.0,0,0.0,0.0,0.0,0.0,0.0,0,0,0
6992,945,2026-04-09 09:00:00,9,3,0,late_night,clear,4,3,442,152,349.53,1,0.1,0.0851962647188766,0.0148037352811234,1,378.04,37.8,69.88,245.73,24.63,0,0,0
6993,945,2026-06-23 23:00:00,23,1,0,late_night,clear,5,1,131,43,406.54,0,0.0,0.0,0.0,0,0.0,0.0,0.0,0.0,0.0,0,0,0
6994,945,2026-03-29 02:00:00,29,6,1,dinner,extreme,4,1,21,6,455.28,1,0.15,0.1179063096425464,0.03209369035745359,1,504.37,75.66,82.06,327.84,18.81,1,0,0
6995,945,2026-03-11 15:00:00,11,2,0,lunch,clear,12,2,62,20,305.62,1,0.2,0.17173989397245484,0.028260106027545168,1,345.13,69.03,57.52,224.33,-5.75,0,0,0
6996,945,2026-06-12 02:00:00,12,4,0,late_night,clear,12,1,394,135,359.67,1,0.2,0.18373983398739777,0.016260166012602245,0,0.0,0.0,0.0,0.0,0.0,0,0,0
6997,946,2026-05-02 02:00:00,2,5,1,late_night,rain,12,1,60,20,327.51,1,0.2,0.1677300285734649,0.03226997142653512,1,405.12,81.02,59.02,263.33,1.75,0,0,0
6998,946,2026-04-23 12:00:00,23,3,0,late_night,rain,9,1,196,65,501.99,0,0.0,0.0,0.0,0,0.0,0.0,0.0,0.0,0.0,0,0,0
6999,946,2026-03-13 02:00:00,13,4,0,lunch,clear,4,1,493,169,546.34,1,0.15,0.09855379482652289,0.0514462051734771,1,654.32,98.15,51.34,425.31,79.52,1,0,0
7000,946,2026-01-23 21:00:00,23,4,0,lunch,clear,14,2,499,171,410.77,0,0.0,0.0,0.0,0,0.0,0.0,0.0,0.0,0.0,0,0,0
7001,946,2026-06-05 12:00:00,5,4,1,dinner,rain,9,3,148,49,348.4,0,0.0,0.0,0.0,1,348.4,0.0,65.44,226.46,56.5,0,0,0
7002,946,2026-02-13 07:00:00,13,4,0,breakfast,clear,12,1,384,132,441.54,1,0.2,0.12157381160107379,0.07842618839892622,1,546.17,109.23,56.5,355.01,25.43,0,0,0
7003,947,2026-02-22 14:00:00,22,6,0,lunch,clear,7,1,187,62,507.74,1,0.05,0.03706318675939132,0.012936813240608684,0,0.0,0.0,0.0,0.0,0.0,0,0,0
7004,947,2026-06-06 21:00:00,6,5,1,lunch,rain,9,2,398,136,562.98,0,0.0,0.0,0.0,1,562.98,0.0,86.8,365.94,110.24,0,0,0
7005,947,2026-05-07 06:00:00,7,3,1,lunch,clear,11,2,279,93,516.93,1,0.2,0.1893413945326988,0.010658605467301213,1,582.91,116.58,72.76,378.89,14.68,0,0,0
7006,947,2026-02-24 15:00:00,24,1,0,lunch,clear,5,1,212,69,631.29,0,0.0,0.0,0.0,0,0.0,0.0,0.0,0.0,0.0,0,0,0
7007,947,2026-04-01 09:00:00,1,2,1,dinner,clear,10,4,266,88,603.82,1,0.05,0.049685760560300635,0.00031423943969936807,0,0.0,0.0,0.0,0.0,0.0,0,0,0
7008,947,2026-02-18 17:00:00,18,2,0,lunch,clear,12,2,176,58,380.02,0,0.0,0.0,0.0,0,0.0,0.0,0.0,0.0,0.0,0,0,0
7009,947,2026-05-09 03:00:00,9,5,0,breakfast,clear,13,3,471,161,556.82,0,0.0,0.0,0.0,0,0.0,0.0,0.0,0.0,0.0,0,0,0
7010,947,2026-06-12 14:00:00,12,4,0,breakfast,clear,12,4,7,2,414.56,0,0.0,0.0,0.0,0,0.0,0.0,0.0,0.0,0.0,0,0,0
7011,947,2026-02-19 11:00:00,19,3,0,late_night,clear,13,1,469,160,452.07,1,0.1,0.09691918498561755,0.003080815014382454,1,488.47,48.85,81.28,317.51,40.84,0,0,0
7012,947,2026-05-06 12:00:00,6,2,1,dinner,clear,3,1,276,92,323.06,0,0.0,0.0,0.0,0,0.0,0.0,0.0,0.0,0.0,0,0,0
7013,947,2026-01-15 09:00:00,15,3,0,late_night,clear,13,2,295,99,382.6,0,0.0,0.0,0.0,0,0.0,0.0,0.0,0.0,0.0,0,0,0
7014,947,2026-03-01 03:00:00,1,6,1,lunch,clear,6,1,120,39,415.81,0,0.0,0.0,0.0,0,0.0,0.0,0.0,0.0,0.0,0,0,0
7015,947,2026-04-06 17:00:00,6,0,1,lunch,rain,7,2,328,110,369.63,1,0.2,0.12583041518619803,0.07416958481380198,1,416.81,83.36,70.84,270.92,-8.32,0,0,0
7016,947,2026-04-17 09:00:00,17,4,0,breakfast,rain,6,3,557,190,488.12,0,0.0,0.0,0.0,0,0.0,0.0,0.0,0.0,0.0,0,0,0
7017,948,2026-02-11 16:00:00,11,2,0,late_night,clear,10,1,378,130,410.6,0,0.0,0.0,0.0,0,0.0,0.0,0.0,0.0,0.0,0,0,0
7018,948,2026-06-04 00:00:00,4,3,1,lunch,clear,5,1,41,13,378.71,1,0.1,0.07998583753411448,0.020014162465885527,1,420.86,42.09,45.22,273.56,60.0,0,0,0
7019,948,2026-03-16 04:00:00,16,0,0,lunch,clear,10,4,418,143,386.26,0,0.0,0.0,0.0,0,0.0,0.0,0.0,0.0,0.0,0,0,0
7020,949,2026-04-10 12:00:00,10,4,0,lunch,clear,6,1,439,151,283.62,0,0.0,0.0,0.0,0,0.0,0.0,0.0,0.0,0.0,0,0,0
7021,949,2026-03-22 00:00:00,22,6,0,lunch,clear,8,1,71,23,526.88,1,0.2,0.18056741385983388,0.01943258614016613,1,579.41,115.88,89.32,376.62,-2.41,0,0,0
7022,949,2026-03-16 00:00:00,16,0,0,breakfast,clear,4,1,510,175,422.52,0,0.0,0.0,0.0,0,0.0,0.0,0.0,0.0,0.0,0,0,0
7023,949,2026-05-22 10:00:00,22,4,0,lunch,extreme,6,1,29,9,439.47,0,0.0,0.0,0.0,0,0.0,0.0,0.0,0.0,0.0,0,0,0
7024,949,2026-06-11 04:00:00,11,3,0,breakfast,clear,1,3,317,106,383.97,0,0.0,0.0,0.0,1,383.97,0.0,53.32,249.58,81.07,0,0,0
7025,949,2026-04-17 12:00:00,17,4,0,breakfast,clear,14,1,239,78,297.85,0,0.0,0.0,0.0,0,0.0,0.0,0.0,0.0,0.0,0,0,0
7026,949,2026-05-08 15:00:00,8,4,0,breakfast,clear,4,1,294,99,361.09,0,0.0,0.0,0.0,0,0.0,0.0,0.0,0.0,0.0,0,0,0
7027,949,2026-03-23 08:00:00,23,0,0,lunch,extreme,7,1,347,117,386.51,1,0.05,0.034573041955567006,0.015426958044432997,0,0.0,0.0,0.0,0.0,0.0,0,0,0
7028,949,2026-02-28 23:00:00,28,5,1,dinner,extreme,4,2,306,102,364.7,1,0.2,0.12556043357331378,0.07443956642668623,1,401.06,80.21,63.46,260.69,-3.3,1,0,0
7029,949,2026-04-27 20:00:00,27,0,1,breakfast,clear,2,4,219,72,521.25,0,0.0,0.0,0.0,0,0.0,0.0,0.0,0.0,0.0,0,0,0
7030,949,2026-06-29 02:00:00,29,0,1,lunch,rain,9,1,212,69,631.29,1,0.2,0.10198911828355808,0.09801088171644193,1,694.23,138.85,50.5,451.25,53.63,0,0,0
7031,949,2026-02-20 21:00:00,20,4,0,dinner,clear,8,1,350,118,329.12,0,0.0,0.0,0.0,0,0.0,0.0,0.0,0.0,0.0,0,0,0
7032,949,2026-01-10 09:00:00,10,5,0,dinner,clear,3,4,478,163,234.55,1,0.05,0.04947412378597671,0.0005258762140232937,1,243.18,12.16,54.58,158.07,18.37,0,0,0
7033,949,2026-01-08 18:00:00,8,3,0,late_night,rain,6,4,518,177,457.29,0,0.0,0.0,0.0,0,0.0,0.0,0.0,0.0,0.0,0,0,0
7034,950,2026-05-14 20:00:00,14,3,0,breakfast,clear,8,2,138,45,433.17,0,0.0,0.0,0.0,1,433.17,0.0,67.96,281.56,83.65,0,0,0
7035,950,2026-02-10 06:00:00,10,1,0,late_night,extreme,2,1,498,171,395.71,0,0.0,0.0,0.0,1,395.71,0.0,62.08,257.21,76.42,0,0,0
7036,950,2026-06-05 02:00:00,5,4,1,late_night,rain,14,2,134,44,288.98,1,0.2,0.11661169273318261,0.0833883072668174,1,347.58,69.52,74.8,225.93,-22.66,0,0,0
7037,950,2026-06-27 23:00:00,27,5,1,lunch,clear,12,2,582,198,450.79,1,0.1,0.07761442394724752,0.022385576052752487,1,508.46,50.85,66.7,330.5,60.42,1,0,0
7038,950,2026-03-20 02:00:00,20,4,0,breakfast,clear,11,1,430,147,329.56,1,0.15,0.08510652044068127,0.06489347955931872,1,385.3,57.79,87.64,250.44,-10.58,1,0,0
7039,950,2026-01-28 19:00:00,28,2,1,lunch,extreme,2,1,280,93,389.78,1,0.2,0.17442786692211126,0.025572133077888748,1,468.82,93.76,75.76,304.73,-5.44,0,0,0
7040,950,2026-06-25 00:00:00,25,3,1,dinner,rain,1,1,470,161,302.81,0,0.0,0.0,0.0,0,0.0,0.0,0.0,0.0,0.0,0,0,0
7041,950,2026-04-21 12:00:00,21,1,0,dinner,clear,12,4,327,110,400.01,1,0.2,0.14689200521305007,0.05310799478694994,1,481.12,96.22,69.34,312.73,2.83,0,0,0
7042,950,2026-01-21 00:00:00,21,2,0,breakfast,rain,3,4,118,39,439.52,1,0.05,0.04480880130498757,0.005191198695012431,1,472.41,23.62,86.62,307.07,55.1,1,0,0
7043,950,2026-02-27 16:00:00,27,4,1,lunch,rain,5,1,367,125,391.67,0,0.0,0.0,0.0,0,0.0,0.0,0.0,0.0,0.0,0,0,0
7044,951,2026-03-20 12:00:00,20,4,0,late_night,clear,9,2,26,7,436.75,1,0.15,0.11511405313696386,0.03488594686303613,1,517.4,77.61,82.3,336.31,21.18,0,0,0
7045,951,2026-05-29 10:00:00,29,4,1,late_night,clear,11,2,188,63,387.99,0,0.0,0.0,0.0,0,0.0,0.0,0.0,0.0,0.0,0,0,0
7046,951,2026-04-25 06:00:00,25,5,1,lunch,clear,13,1,235,76,242.38,1,0.1,0.09174709503819373,0.008252904961806279,1,276.24,27.62,53.26,179.55,15.8,0,0,0
7047,951,2026-06-15 15:00:00,15,0,0,breakfast,clear,14,5,227,74,392.38,0,0.0,0.0,0.0,0,0.0,0.0,0.0,0.0,0.0,0,0,0
7048,951,2026-06-08 14:00:00,8,0,0,late_night,rain,10,2,179,59,330.4,0,0.0,0.0,0.0,1,330.4,0.0,59.98,214.76,55.66,0,0,0
7049,951,2026-01-20 23:00:00,20,1,0,dinner,clear,7,5,564,192,450.77,0,0.0,0.0,0.0,1,450.77,0.0,65.56,293.0,92.21,0,0,0
7050,951,2026-06-01 23:00:00,1,0,1,late_night,clear,12,1,300,101,352.16,0,0.0,0.0,0.0,0,0.0,0.0,0.0,0.0,0.0,0,0,0
7051,951,2026-01-07 22:00:00,7,2,1,lunch,rain,1,1,0,0,289.95,1,0.2,0.1354886856688005,0.0645113143311995,1,354.14,70.83,47.68,230.19,5.44,0,0,0
7052,951,2026-04-14 17:00:00,14,1,0,dinner,clear,8,1,0,0,289.95,0,0.0,0.0,0.0,0,0.0,0.0,0.0,0.0,0.0,0,0,0
7053,951,2026-06-28 18:00:00,28,6,1,lunch,rain,1,1,130,42,429.11,0,0.0,0.0,0.0,0,0.0,0.0,0.0,0.0,0.0,0,0,0
7054,951,2026-05-22 03:00:00,22,4,0,breakfast,clear,14,3,368,126,431.88,0,0.0,0.0,0.0,0,0.0,0.0,0.0,0.0,0.0,0,0,0
7055,952,2026-01-11 00:00:00,11,6,0,breakfast,clear,13,1,371,127,443.31,1,0.2,0.13603265075179746,0.06396734924820255,1,549.97,109.99,88.18,357.48,-5.68,0,0,0
7056,952,2026-06-23 15:00:00,23,1,0,dinner,clear,13,1,115,38,322.99,1,0.05,0.03600129448755326,0.013998705512446745,1,351.67,17.58,46.0,228.59,59.5,0,0,0
7057,952,2026-03-01 15:00:00,1,6,1,lunch,extreme,8,1,117,38,339.09,1,0.15,0.10310268985880323,0.04689731014119676,1,407.13,61.07,49.0,264.64,32.43,0,0,0
7058,952,2026-02-22 15:00:00,22,6,0,late_night,clear,13,1,468,160,412.07,1,0.2,0.1739828370743385,0.026017162925661502,1,511.21,102.24,81.28,332.29,-4.6,0,0,0
7059,952,2026-03-15 17:00:00,15,6,0,dinner,rain,10,1,496,171,425.35,0,0.0,0.0,0.0,0,0.0,0.0,0.0,0.0,0.0,0,0,0
7060,952,2026-06-08 10:00:00,8,0,0,breakfast,rain,1,1,497,171,461.55,1,0.2,0.15277393444084222,0.04722606555915779,1,572.6,114.52,60.58,372.19,25.31,0,0,0
7061,952,2026-03-06 13:00:00,6,4,1,breakfast,clear,8,1,61,20,226.19,0,0.0,0.0,0.0,0,0.0,0.0,0.0,0.0,0.0,0,0,0
7062,952,2026-01-07 14:00:00,7,2,1,lunch,clear,8,2,120,39,415.81,0,0.0,0.0,0.0,0,0.0,0.0,0.0,0.0,0.0,0,0,0
7063,952,2026-03-18 23:00:00,18,2,0,late_night,rain,14,2,556,190,360.31,1,0.2,0.17427088989668846,0.025729110103311553,1,447.0,89.4,85.12,290.55,-18.07,0,0,0
7064,952,2026-04-05 19:00:00,5,6,1,lunch,clear,10,1,147,49,505.44,1,0.05,0.028281917735166057,0.021718082264833946,1,550.32,27.52,63.94,357.71,101.16,1,0,0
7065,953,2026-05-17 04:00:00,17,6,0,dinner,rain,10,1,542,186,379.72,1,0.15,0.07849251200037635,0.07150748799962364,1,404.85,60.73,76.96,263.15,4.01,0,0,0
7066,953,2026-06-21 13:00:00,21,6,0,late_night,clear,3,1,337,114,325.94,1,0.1,0.06900361062232302,0.030996389377676986,1,342.26,34.23,79.0,222.47,6.56,1,0,0
7067,953,2026-02-15 13:00:00,15,6,0,late_night,extreme,5,2,588,199,334.13,1,0.05,0.049503593904053796,0.0004964060959462072,0,0.0,0.0,0.0,0.0,0.0,0,0,0
7068,953,2026-04-02 05:00:00,2,3,1,lunch,rain,9,1,10,3,499.79,0,0.0,0.0,0.0,0,0.0,0.0,0.0,0.0,0.0,0,0,0
7069,953,2026-06-03 11:00:00,3,2,1,breakfast,clear,3,2,21,6,455.28,1,0.05,0.03838361317077988,0.011616386829220123,0,0.0,0.0,0.0,0.0,0.0,0,0,0
7070,953,2026-06-12 15:00:00,12,4,0,breakfast,rain,2,2,496,171,425.35,0,0.0,0.0,0.0,1,425.35,0.0,60.58,276.48,88.29,0,0,0
7071,953,2026-03-15 02:00:00,15,6,0,dinner,clear,1,4,182,60,341.42,1,0.05,0.0399573039884409,0.010042696011559105,0,0.0,0.0,0.0,0.0,0.0,0,0,0
7072,953,2026-02-20 02:00:00,20,4,0,late_night,clear,2,1,297,100,435.63,1,0.05,0.045435437188609415,0.004564562811390588,1,448.39,22.42,64.18,291.45,70.34,1,1,0
7073,953,2026-05-04 04:00:00,4,0,1,dinner,clear,6,2,147,49,505.44,0,0.0,0.0,0.0,0,0.0,0.0,0.0,0.0,0.0,0,0,0
7074,954,2026-01-31 00:00:00,31,5,1,late_night,clear,6,1,135,44,274.41,1,0.05,0.02932084601272196,0.020679153987278043,1,296.97,14.85,73.3,193.03,15.79,1,0,0
7075,954,2026-04-13 23:00:00,13,0,0,lunch,clear,10,1,123,40,374.8,0,0.0,0.0,0.0,0,0.0,0.0,0.0,0.0,0.0,0,0,0
7076,954,2026-03-25 02:00:00,25,2,1,late_night,clear,13,2,24,7,471.83,1,0.2,0.1917644895866173,0.008235510413382718,1,576.91,115.38,82.3,374.99,4.24,0,0,0
7077,954,2026-04-07 04:00:00,7,1,1,dinner,clear,11,1,497,171,461.55,0,0.0,0.0,0.0,0,0.0,0.0,0.0,0.0,0.0,0,0,0
7078,954,2026-05-28 23:00:00,28,3,1,dinner,clear,14,3,269,90,408.04,1,0.05,0.0410997510401041,0.008900248959895905,1,441.58,22.08,69.76,287.03,62.71,1,0,0
7079,954,2026-03-19 00:00:00,19,3,0,breakfast,rain,9,1,568,193,376.52,1,0.2,0.14308886289169362,0.05691113710830639,1,460.38,92.08,87.34,299.25,-18.28,0,0,0
7080,954,2026-06-18 16:00:00,18,3,0,breakfast,clear,9,3,540,185,437.06,0,0.0,0.0,0.0,0,0.0,0.0,0.0,0.0,0.0,0,0,0
7081,954,2026-01-27 16:00:00,27,1,1,dinner,clear,12,1,474,162,409.77,0,0.0,0.0,0.0,0,0.0,0.0,0.0,0.0,0.0,0,0,0
7082,955,2026-04-18 10:00:00,18,5,0,late_night,rain,10,3,430,147,329.56,1,0.15,0.09093247463892154,0.059067525361078455,1,363.6,54.54,89.14,236.34,-16.42,0,0,0
7083,955,2026-03-26 09:00:00,26,3,1,late_night,clear,7,2,255,84,426.05,0,0.0,0.0,0.0,0,0.0,0.0,0.0,0.0,0.0,0,0,0
7084,955,2026-01-27 07:00:00,27,1,1,lunch,clear,5,5,565,193,359.54,1,0.1,0.07895625917697285,0.02104374082302715,1,387.63,38.76,85.84,251.96,11.07,0,0,0
7085,955,2026-06-10 14:00:00,10,2,0,dinner,clear,11,1,406,139,391.84,0,0.0,0.0,0.0,1,391.84,0.0,51.58,254.7,85.56,0,0,0
7086,955,2026-02-20 22:00:00,20,4,0,breakfast,clear,14,1,136,45,379.51,1,0.2,0.1443273041790594,0.055672695820940615,1,426.51,85.3,67.96,277.23,-3.98,1,0,0
7087,955,2026-05-02 21:00:00,2,5,1,breakfast,extreme,6,2,406,139,391.84,0,0.0,0.0,0.0,0,0.0,0.0,0.0,0.0,0.0,0,0,0
7088,955,2026-05-09 15:00:00,9,5,0,dinner,extreme,11,1,256,84,422.03,0,0.0,0.0,0.0,0,0.0,0.0,0.0,0.0,0.0,0,0,0
7089,955,2026-04-21 00:00:00,21,1,0,dinner,clear,10,1,294,99,361.09,1,0.15,0.12068429537064498,0.02931570462935501,1,398.39,59.76,68.08,258.95,11.6,0,0,0
7090,955,2026-06-29 01:00:00,29,0,1,late_night,rain,11,4,69,22,531.2,1,0.2,0.14983305486450416,0.050166945135495855,1,596.98,119.4,88.48,388.04,1.07,0,0,0
7091,955,2026-01-10 08:00:00,10,5,0,dinner,rain,1,1,265,88,547.4,0,0.0,0.0,0.0,0,0.0,0.0,0.0,0.0,0.0,0,0,0
7092,955,2026-04-26 22:00:00,26,6,1,lunch,clear,14,1,352,119,307.51,1,0.2,0.1798531812880759,0.020146818711924114,1,345.59,69.12,48.22,224.64,3.62,0,0,0
7093,956,2026-05-18 05:00:00,18,0,0,late_night,clear,8,1,514,176,436.88,1,0.15,0.11969349592937659,0.030306504070623408,1,475.07,71.26,64.06,308.8,30.95,0,0,0
7094,956,2026-06-13 08:00:00,13,5,0,dinner,rain,4,1,124,40,597.62,0,0.0,0.0,0.0,1,597.62,0.0,74.68,388.45,134.49,0,0,0
7095,956,2026-04-01 04:00:00,1,2,1,breakfast,clear,3,1,174,57,360.84,1,0.05,0.03821634939834722,0.011783650601652783,0,0.0,0.0,0.0,0.0,0.0,0,0,0
7096,956,2026-02-25 17:00:00,25,2,1,lunch,clear,8,1,91,31,333.01,0,0.0,0.0,0.0,0,0.0,0.0,0.0,0.0,0.0,0,0,0
7097,956,2026-04-03 20:00:00,3,4,1,breakfast,extreme,7,1,75,24,427.09,1,0.15,0.13545443366608403,0.01454556633391596,0,0.0,0.0,0.0,0.0,0.0,0,0,0
7098,956,2026-04-30 14:00:00,30,3,1,breakfast,clear,8,1,412,141,376.41,1,0.2,0.18318179745460378,0.016818202545396232,1,415.86,83.17,67.96,270.31,-5.58,1,0,0
7099,956,2026-06-17 13:00:00,17,2,0,dinner,clear,13,2,142,47,365.27,0,0.0,0.0,0.0,1,365.27,0.0,71.02,237.43,56.82,0,0,0
7100,956,2026-05-20 05:00:00,20,2,0,breakfast,clear,5,2,327,110,400.01,1,0.1,0.06329966249957596,0.03670033750042405,1,426.46,42.65,69.34,277.2,37.28,1,0,1
7101,956,2026-04-16 21:00:00,16,3,0,lunch,clear,10,1,67,22,343.91,0,0.0,0.0,0.0,0,0.0,0.0,0.0,0.0,0.0,0,0,0
7102,956,2026-01-05 05:00:00,5,0,1,breakfast,clear,10,3,242,78,538.55,0,0.0,0.0,0.0,0,0.0,0.0,0.0,0.0,0.0,0,0,0
7103,957,2026-06-05 04:00:00,5,4,1,breakfast,clear,1,1,438,150,397.96,0,0.0,0.0,0.0,0,0.0,0.0,0.0,0.0,0.0,0,0,0
7104,957,2026-03-24 03:00:00,24,1,0,breakfast,clear,9,1,310,104,391.76,0,0.0,0.0,0.0,0,0.0,0.0,0.0,0.0,0.0,0,0,0
7105,957,2026-05-21 14:00:00,21,3,0,late_night,clear,13,1,259,85,416.73,0,0.0,0.0,0.0,1,416.73,0.0,57.28,270.87,88.58,0,0,0
7106,957,2026-05-18 16:00:00,18,0,0,breakfast,clear,2,3,2,0,467.58,1,0.05,0.03125665254548465,0.01874334745451535,0,0.0,0.0,0.0,0.0,0.0,0,0,0
7107,957,2026-06-11 07:00:00,11,3,0,lunch,clear,6,1,450,155,358.65,0,0.0,0.0,0.0,0,0.0,0.0,0.0,0.0,0.0,0,0,0
7108,958,2026-05-17 22:00:00,17,6,0,dinner,clear,10,1,166,55,410.42,0,0.0,0.0,0.0,0,0.0,0.0,0.0,0.0,0.0,0,0,0
7109,958,2026-03-22 01:00:00,22,6,0,lunch,rain,8,2,190,63,989.89,0,0.0,0.0,0.0,0,0.0,0.0,0.0,0.0,0.0,0,0,0
7110,958,2026-01-31 19:00:00,31,5,1,dinner,rain,11,2,10,3,499.79,1,0.05,0.03056847501411767,0.019431524985882333,0,0.0,0.0,0.0,0.0,0.0,0,0,0
7111,958,2026-01-05 20:00:00,5,0,1,breakfast,clear,5,3,586,199,321.5,0,0.0,0.0,0.0,0,0.0,0.0,0.0,0.0,0.0,0,0,0
7112,958,2026-04-16 07:00:00,16,3,0,late_night,clear,4,2,552,189,364.68,1,0.05,0.047202387226590974,0.002797612773409029,0,0.0,0.0,0.0,0.0,0.0,0,0,0
7113,958,2026-01-31 01:00:00,31,5,1,lunch,clear,9,1,312,105,471.86,0,0.0,0.0,0.0,0,0.0,0.0,0.0,0.0,0.0,0,0,0
7114,958,2026-06-13 23:00:00,13,5,0,dinner,clear,5,1,81,26,550.99,1,0.05,0.030683611953473855,0.019316388046526148,1,570.86,28.54,89.38,371.06,81.88,0,0,0
7115,959,2026-06-20 14:00:00,20,5,0,breakfast,clear,7,1,209,68,405.41,1,0.1,0.08551899901183745,0.01448100098816256,1,455.57,45.56,48.76,296.12,65.13,0,0,0
7116,959,2026-03-15 05:00:00,15,6,0,breakfast,clear,10,3,191,64,343.36,0,0.0,0.0,0.0,1,343.36,0.0,56.5,223.18,63.68,0,0,0
7117,959,2026-03-26 13:00:00,26,3,1,lunch,rain,9,3,450,155,358.65,1,0.15,0.1478130651212863,0.0021869348787136866,1,417.31,62.6,73.54,271.25,9.92,1,0,0
7118,959,2026-06-22 18:00:00,22,0,0,late_night,rain,10,1,150,50,461.7,0,0.0,0.0,0.0,0,0.0,0.0,0.0,0.0,0.0,0,0,0
7119,959,2026-01-21 23:00:00,21,2,0,lunch,clear,2,1,512,175,411.67,0,0.0,0.0,0.0,0,0.0,0.0,0.0,0.0,0.0,0,0,0
7120,960,2026-01-01 19:00:00,1,3,1,lunch,rain,1,2,70,22,412.24,1,0.15,0.11198496940496341,0.03801503059503658,1,458.42,68.76,88.48,297.97,3.2,0,0,0
7121,960,2026-05-01 14:00:00,1,4,1,dinner,clear,4,2,89,30,399.84,0,0.0,0.0,0.0,0,0.0,0.0,0.0,0.0,0.0,0,0,0
7122,960,2026-04-28 20:00:00,28,1,1,late_night,rain,11,1,544,186,446.87,1,0.2,0.15562199092097784,0.044378009079022174,1,506.89,101.38,76.96,329.48,-0.93,0,0,0
7123,960,2026-03-21 15:00:00,21,5,0,dinner,clear,8,1,517,177,466.41,0,0.0,0.0,0.0,0,0.0,0.0,0.0,0.0,0.0,0,0,0
7124,960,2026-01-13 00:00:00,13,1,0,breakfast,rain,11,3,400,137,312.2,1,0.1,0.09193208182002001,0.008067918179979996,1,338.65,33.87,65.44,220.13,19.22,0,0,0
7125,960,2026-04-22 07:00:00,22,2,0,breakfast,rain,9,2,4,1,425.22,1,0.05,0.036185677131044175,0.013814322868955828,1,446.3,22.31,57.34,290.09,76.55,1,0,0
7126,961,2026-01-03 03:00:00,3,5,1,dinner,clear,3,3,534,182,526.78,1,0.15,0.09093797815112949,0.05906202184887051,1,604.69,90.7,46.72,393.05,74.22,0,0,0
7127,961,2026-05-26 21:00:00,26,1,1,dinner,clear,4,3,252,83,352.16,0,0.0,0.0,0.0,0,0.0,0.0,0.0,0.0,0.0,0,0,0
7128,961,2026-04-11 22:00:00,11,5,0,breakfast,rain,4,4,193,64,439.49,0,0.0,0.0,0.0,0,0.0,0.0,0.0,0.0,0.0,0,0,0
7129,961,2026-01-15 00:00:00,15,3,0,late_night,extreme,8,3,417,143,507.05,1,0.15,0.13064437129636033,0.01935562870363966,1,582.04,87.31,73.36,378.32,43.05,0,0,0
7130,961,2026-03-03 07:00:00,3,1,1,lunch,clear,10,3,275,92,337.39,0,0.0,0.0,0.0,1,337.39,0.0,90.04,219.3,28.05,0,0,0
7131,961,2026-03-19 14:00:00,19,3,0,breakfast,clear,1,3,480,164,354.68,1,0.1,0.053872797116486154,0.04612720288351385,1,394.36,39.44,89.32,256.33,9.27,0,0,0
7132,961,2026-04-19 16:00:00,19,6,0,breakfast,clear,5,2,312,105,471.86,1,0.2,0.18706010601810796,0.012939893981892048,1,555.53,111.11,80.2,361.09,3.13,0,0,0
7133,961,2026-02-06 19:00:00,6,4,1,dinner,clear,8,1,297,100,435.63,1,0.05,0.04315785151983498,0.006842148480165025,0,0.0,0.0,0.0,0.0,0.0,0,0,0
7134,961,2026-04-04 03:00:00,4,5,1,breakfast,clear,11,4,491,168,332.34,0,0.0,0.0,0.0,0,0.0,0.0,0.0,0.0,0.0,0,0,0
7135,961,2026-04-02 00:00:00,2,3,1,lunch,clear,10,1,190,63,989.89,0,0.0,0.0,0.0,0,0.0,0.0,0.0,0.0,0.0,0,0,0
7136,961,2026-05-26 00:00:00,26,1,1,breakfast,clear,7,4,505,173,326.67,0,0.0,0.0,0.0,0,0.0,0.0,0.0,0.0,0.0,0,0,0
7137,961,2026-01-05 01:00:00,5,0,1,late_night,clear,12,1,460,157,523.76,0,0.0,0.0,0.0,0,0.0,0.0,0.0,0.0,0.0,0,0,0
7138,961,2026-04-09 14:00:00,9,3,0,breakfast,clear,11,2,459,157,423.51,0,0.0,0.0,0.0,0,0.0,0.0,0.0,0.0,0.0,0,0,0
7139,961,2026-01-01 11:00:00,1,3,1,lunch,clear,11,3,468,160,412.07,1,0.1,0.08425142291804606,0.015748577081953943,1,458.17,45.82,81.28,297.81,33.26,0,0,0
7140,962,2026-03-26 00:00:00,26,3,1,late_night,extreme,6,4,79,25,491.57,1,0.1,0.08910012784660504,0.010899872153394968,1,527.32,52.73,85.3,342.76,46.53,0,0,0
7141,962,2026-02-23 17:00:00,23,0,0,breakfast,clear,4,1,163,54,346.38,1,0.15,0.14863757614481096,0.0013624238551890322,1,379.68,56.95,71.8,246.79,4.14,0,0,0
7142,962,2026-01-09 06:00:00,9,4,0,breakfast,clear,4,2,159,53,379.66,1,0.05,0.034968325174834974,0.015031674825165028,0,0.0,0.0,0.0,0.0,0.0,0,0,0
7143,962,2026-06-18 13:00:00,18,3,0,lunch,rain,14,1,494,170,372.46,1,0.2,0.17328653702351504,0.02671346297648497,1,415.39,83.08,61.66,270.01,0.65,0,1,0
7144,962,2026-02-17 19:00:00,17,1,0,late_night,clear,4,1,94,31,485.17,1,0.05,0.040737929758833974,0.009262070241166029,0,0.0,0.0,0.0,0.0,0.0,0,0,0
7145,962,2026-03-15 21:00:00,15,6,0,dinner,clear,4,2,253,83,398.87,1,0.1,0.09961434658554327,0.0003856534144567325,1,427.88,42.79,87.52,278.12,19.45,0,0,0
7146,962,2026-03-11 22:00:00,11,2,0,late_night,clear,12,5,580,197,288.97,1,0.15,0.11795242124126312,0.03204757875873687,1,316.75,47.51,64.06,205.89,-0.71,0,0,0
7147,962,2026-04-15 06:00:00,15,2,0,late_night,clear,4,1,281,94,499.39,1,0.15,0.14658361973617776,0.0034163802638222385,1,547.4,82.11,52.36,355.81,57.12,0,0,0
7148,962,2026-02-21 13:00:00,21,5,0,late_night,clear,11,1,365,124,467.16,0,0.0,0.0,0.0,0,0.0,0.0,0.0,0.0,0.0,0,0,0
7149,962,2026-05-21 15:00:00,21,3,0,breakfast,clear,13,1,27,8,409.25,0,0.0,0.0,0.0,1,409.25,0.0,57.04,266.01,86.2,0,0,0
7150,962,2026-01-02 21:00:00,2,4,1,lunch,clear,4,1,163,54,346.38,0,0.0,0.0,0.0,0,0.0,0.0,0.0,0.0,0.0,0,0,0
7151,962,2026-03-13 15:00:00,13,4,0,lunch,clear,1,1,492,169,517.7,1,0.2,0.12895865278226035,0.07104134721773966,1,577.38,115.48,51.34,375.29,35.27,0,0,0
7152,962,2026-01-17 09:00:00,17,5,0,breakfast,clear,13,3,330,111,302.15,0,0.0,0.0,0.0,0,0.0,0.0,0.0,0.0,0.0,0,0,0
7153,962,2026-01-22 09:00:00,22,3,0,dinner,clear,9,1,358,121,582.33,1,0.1,0.06279148802735161,0.03720851197264839,1,624.68,62.47,72.34,406.04,83.83,0,0,0
7154,963,2026-01-03 04:00:00,3,5,1,lunch,clear,10,3,502,173,311.01,0,0.0,0.0,0.0,1,311.01,0.0,70.12,202.16,38.73,0,0,0
7155,963,2026-05-15 07:00:00,15,4,0,lunch,clear,12,1,262,87,288.41,1,0.05,0.03657399933130411,0.01342600066869589,0,0.0,0.0,0.0,0.0,0.0,0,0,0
7156,963,2026-01-27 05:00:00,27,1,1,lunch,extreme,5,4,211,69,610.72,0,0.0,0.0,0.0,0,0.0,0.0,0.0,0.0,0.0,0,0,0
7157,963,2026-06-13 11:00:00,13,5,0,dinner,rain,7,1,381,131,606.56,0,0.0,0.0,0.0,0,0.0,0.0,0.0,0.0,0.0,0,0,0
7158,963,2026-05-26 00:00:00,26,1,1,dinner,clear,7,1,469,160,452.07,0,0.0,0.0,0.0,1,452.07,0.0,81.28,293.85,76.94,0,0,0
7159,963,2026-04-13 21:00:00,13,0,0,breakfast,rain,10,1,233,76,237.76,0,0.0,0.0,0.0,1,237.76,0.0,54.76,154.54,28.46,0,0,0
7160,963,2026-01-28 11:00:00,28,2,1,late_night,rain,8,4,182,60,341.42,1,0.05,0.029460555973137084,0.02053944402686292,0,0.0,0.0,0.0,0.0,0.0,0,0,0
7161,963,2026-06-18 06:00:00,18,3,0,breakfast,clear,13,1,92,31,500.94,0,0.0,0.0,0.0,0,0.0,0.0,0.0,0.0,0.0,0,0,0
7162,963,2026-02-02 02:00:00,2,0,1,dinner,extreme,10,2,303,102,431.39,1,0.15,0.1208673755317841,0.029132624468215892,1,463.76,69.56,63.46,301.45,29.29,1,0,0
7163,963,2026-06-24 15:00:00,24,2,0,lunch,clear,13,1,385,133,536.61,1,0.2,0.10484314659006828,0.09515685340993173,1,584.89,116.98,73.54,380.18,14.19,1,0,0
7164,963,2026-04-09 07:00:00,9,3,0,lunch,clear,4,4,158,52,277.26,0,0.0,0.0,0.0,0,0.0,0.0,0.0,0.0,0.0,0,0,0
7165,963,2026-01-12 21:00:00,12,0,0,lunch,clear,5,1,286,96,396.78,0,0.0,0.0,0.0,1,396.78,0.0,60.88,257.91,77.99,0,0,0
7166,963,2026-05-06 01:00:00,6,2,1,late_night,extreme,6,1,55,18,281.2,1,0.1,0.07290320116964875,0.02709679883035125,1,297.16,29.72,74.62,193.16,-0.33,1,0,0
7167,963,2026-02-20 07:00:00,20,4,0,breakfast,extreme,11,3,508,174,403.66,1,0.2,0.1538928884255133,0.046107111574486714,1,439.98,88.0,59.08,285.99,6.92,1,0,0
7168,964,2026-02-25 19:00:00,25,2,1,dinner,clear,13,1,589,199,395.45,0,0.0,0.0,0.0,0,0.0,0.0,0.0,0.0,0.0,0,0,0
7169,965,2026-04-19 02:00:00,19,6,0,breakfast,clear,3,1,380,131,355.04,0,0.0,0.0,0.0,1,355.04,0.0,67.6,230.78,56.66,0,0,0
7170,965,2026-05-23 18:00:00,23,5,0,late_night,clear,10,1,329,111,439.94,1,0.15,0.1028454922235758,0.0471545077764242,1,497.84,74.68,59.8,323.59,39.77,0,0,0
7171,965,2026-02-20 06:00:00,20,4,0,breakfast,rain,14,2,537,183,538.14,0,0.0,0.0,0.0,0,0.0,0.0,0.0,0.0,0.0,0,0,0
7172,965,2026-01-31 04:00:00,31,5,1,breakfast,clear,11,1,473,162,367.38,1,0.15,0.0981640117994416,0.05183598820055839,1,415.73,62.36,76.3,270.22,6.85,0,0,0
7173,965,2026-04-11 09:00:00,11,5,0,late_night,clear,11,2,16,4,481.46,1,0.05,0.030001672044158146,0.019998327955841857,1,509.5,25.47,70.0,331.17,82.85,0,0,0
7174,965,2026-04-06 21:00:00,6,0,1,dinner,extreme,4,2,124,40,597.62,0,0.0,0.0,0.0,1,597.62,0.0,76.18,388.45,132.99,0,0,0
7175,965,2026-01-27 03:00:00,27,1,1,breakfast,clear,11,2,50,16,341.45,0,0.0,0.0,0.0,1,341.45,0.0,53.62,221.94,65.89,0,0,0
7176,965,2026-05-09 16:00:00,9,5,0,late_night,clear,6,2,419,143,516.7,1,0.15,0.08764122829449855,0.06235877170550144,1,584.7,87.7,70.36,380.05,46.58,1,0,0
7177,965,2026-01-28 18:00:00,28,2,1,dinner,clear,7,1,108,36,342.36,1,0.1,0.07906778777590871,0.020932212224091293,1,376.44,37.64,69.58,244.69,24.53,0,0,0
7178,965,2026-03-25 19:00:00,25,2,1,breakfast,rain,6,1,90,30,431.25,1,0.2,0.11980380704482725,0.08019619295517276,1,499.3,99.86,83.38,324.54,-8.49,0,0,0
7179,965,2026-04-20 08:00:00,20,0,0,dinner,clear,7,1,174,57,360.84,1,0.15,0.14175037577977498,0.008249624220225016,1,408.33,61.25,56.14,265.41,25.53,0,0,0
7180,965,2026-06-09 07:00:00,9,1,0,breakfast,clear,3,4,434,148,284.36,0,0.0,0.0,0.0,1,284.36,0.0,79.36,184.83,20.17,0,0,0
7181,965,2026-02-17 13:00:00,17,1,0,breakfast,clear,9,4,291,98,373.77,1,0.05,0.04393748191378375,0.006062518086216252,1,395.54,19.78,49.48,257.1,69.18,0,0,0
7182,966,2026-01-12 01:00:00,12,0,0,dinner,extreme,6,1,352,119,307.51,0,0.0,0.0,0.0,0,0.0,0.0,0.0,0.0,0.0,0,0,0
7183,966,2026-05-19 20:00:00,19,1,0,dinner,rain,8,2,102,34,373.66,0,0.0,0.0,0.0,0,0.0,0.0,0.0,0.0,0.0,0,0,0
7184,966,2026-06-27 19:00:00,27,5,1,late_night,extreme,5,1,0,0,289.95,1,0.15,0.0824187176794818,0.06758128232051819,1,330.82,49.62,49.18,215.03,16.98,0,0,0
7185,966,2026-01-03 00:00:00,3,5,1,lunch,clear,11,1,293,99,379.55,1,0.15,0.10407387056187545,0.04592612943812455,1,433.05,64.96,68.08,281.48,18.53,0,0,0
7186,966,2026-04-17 16:00:00,17,4,0,breakfast,clear,11,1,446,153,531.37,0,0.0,0.0,0.0,1,531.37,0.0,78.88,345.39,107.1,0,0,0
7187,966,2026-04-24 05:00:00,24,4,0,dinner,clear,5,1,172,56,602.27,0,0.0,0.0,0.0,1,602.27,0.0,65.92,391.48,144.87,0,0,0
7188,966,2026-05-16 20:00:00,16,5,0,lunch,rain,14,1,377,130,439.99,0,0.0,0.0,0.0,1,439.99,0.0,74.38,285.99,79.62,0,0,0
7189,966,2026-05-13 12:00:00,13,2,0,dinner,clear,8,3,153,51,331.89,0,0.0,0.0,0.0,0,0.0,0.0,0.0,0.0,0.0,0,0,0
7190,966,2026-03-10 20:00:00,10,1,0,lunch,clear,5,2,293,99,379.55,1,0.2,0.16402598159289747,0.03597401840710254,1,443.69,88.74,68.08,288.4,-1.53,1,0,0
7191,966,2026-02-19 00:00:00,19,3,0,late_night,rain,10,2,501,172,342.17,1,0.1,0.0901395597573509,0.009860440242649107,0,0.0,0.0,0.0,0.0,0.0,0,0,0
7192,966,2026-01-21 06:00:00,21,2,0,dinner,clear,11,1,343,116,496.91,0,0.0,0.0,0.0,0,0.0,0.0,0.0,0.0,0.0,0,0,0
7193,966,2026-06-29 16:00:00,29,0,1,dinner,rain,5,1,517,177,466.41,0,0.0,0.0,0.0,0,0.0,0.0,0.0,0.0,0.0,0,0,0
7194,966,2026-03-15 20:00:00,15,6,0,breakfast,clear,14,1,182,60,341.42,0,0.0,0.0,0.0,0,0.0,0.0,0.0,0.0,0.0,0,0,0
7195,966,2026-06-06 06:00:00,6,5,1,breakfast,clear,11,3,173,57,323.74,1,0.05,0.048867170370531565,0.0011328296294684376,0,0.0,0.0,0.0,0.0,0.0,0,0,0
7196,967,2026-04-18 14:00:00,18,5,0,late_night,rain,1,1,534,182,526.78,1,0.05,0.04286910855806489,0.007130891441935114,1,542.09,27.1,48.22,352.36,114.41,0,0,0
7197,967,2026-05-16 02:00:00,16,5,0,dinner,clear,14,3,434,148,284.36,0,0.0,0.0,0.0,0,0.0,0.0,0.0,0.0,0.0,0,0,0
7198,967,2026-04-19 16:00:00,19,6,0,dinner,clear,4,2,190,63,989.89,0,0.0,0.0,0.0,0,0.0,0.0,0.0,0.0,0.0,0,0,0
7199,968,2026-06-29 22:00:00,29,0,1,dinner,clear,9,1,284,95,437.97,1,0.05,0.03503169180833071,0.014968308191669291,0,0.0,0.0,0.0,0.0,0.0,0,0,0
7200,968,2026-05-11 22:00:00,11,0,0,dinner,extreme,3,3,40,12,466.1,0,0.0,0.0,0.0,0,0.0,0.0,0.0,0.0,0.0,0,1,0
7201,968,2026-05-28 08:00:00,28,3,1,dinner,rain,13,4,372,128,353.88,0,0.0,0.0,0.0,0,0.0,0.0,0.0,0.0,0.0,0,0,0
7202,968,2026-06-14 12:00:00,14,6,0,dinner,clear,11,1,550,188,568.72,0,0.0,0.0,0.0,1,568.72,0.0,84.76,369.67,114.29,0,0,0
7203,968,2026-01-21 04:00:00,21,2,0,lunch,clear,9,4,475,162,365.58,0,0.0,0.0,0.0,1,365.58,0.0,76.3,237.63,51.65,0,0,0
7204,968,2026-02-02 07:00:00,2,0,1,dinner,extreme,9,1,166,55,410.42,0,0.0,0.0,0.0,0,0.0,0.0,0.0,0.0,0.0,0,0,0
7205,968,2026-02-15 01:00:00,15,6,0,late_night,extreme,6,4,1,0,430.92,0,0.0,0.0,0.0,1,430.92,0.0,49.18,280.1,101.64,0,0,0
7206,968,2026-03-24 16:00:00,24,1,0,dinner,clear,10,1,565,193,359.54,0,0.0,0.0,0.0,0,0.0,0.0,0.0,0.0,0.0,0,0,0
7207,969,2026-04-10 04:00:00,10,4,0,lunch,rain,8,3,380,131,355.04,0,0.0,0.0,0.0,0,0.0,0.0,0.0,0.0,0.0,0,0,0
7208,969,2026-06-13 20:00:00,13,5,0,lunch,clear,5,1,200,66,365.44,0,0.0,0.0,0.0,0,0.0,0.0,0.0,0.0,0.0,0,0,0
7209,969,2026-06-25 23:00:00,25,3,1,lunch,clear,2,1,131,43,406.54,1,0.2,0.16259806869239346,0.03740193130760655,1,473.0,94.6,67.48,307.45,3.47,0,0,0
7210,969,2026-02-07 21:00:00,7,5,1,breakfast,clear,5,1,480,164,354.68,0,0.0,0.0,0.0,1,354.68,0.0,89.32,230.54,34.82,0,0,0
7211,969,2026-03-19 12:00:00,19,3,0,late_night,clear,12,2,458,157,403.97,1,0.05,0.0462626504710158,0.0037373495289842046,1,428.34,21.42,67.24,278.42,61.26,0,0,0
7212,969,2026-01-13 20:00:00,13,1,0,dinner,clear,6,4,294,99,361.09,1,0.15,0.1244846079933599,0.02551539200664009,1,410.32,61.55,68.08,266.71,13.98,0,0,0
7213,969,2026-01-01 10:00:00,1,3,1,lunch,clear,11,2,237,77,366.32,1,0.05,0.03838360585263602,0.011616394147363984,1,388.42,19.42,71.56,252.47,44.97,0,0,0
7214,969,2026-02-03 20:00:00,3,1,1,dinner,rain,10,1,161,54,318.19,0,0.0,0.0,0.0,0,0.0,0.0,0.0,0.0,0.0,0,0,0
7215,969,2026-04-23 02:00:00,23,3,0,late_night,clear,5,1,201,66,380.12,0,0.0,0.0,0.0,0,0.0,0.0,0.0,0.0,0.0,0,0,0
7216,969,2026-06-11 05:00:00,11,3,0,lunch,extreme,12,1,127,41,443.42,0,0.0,0.0,0.0,0,0.0,0.0,0.0,0.0,0.0,0,0,0
7217,969,2026-05-17 12:00:00,17,6,0,dinner,clear,5,1,182,60,341.42,0,0.0,0.0,0.0,1,341.42,0.0,79.18,221.92,40.32,0,0,0
7218,970,2026-03-27 23:00:00,27,4,1,lunch,clear,8,2,373,128,361.15,0,0.0,0.0,0.0,0,0.0,0.0,0.0,0.0,0.0,0,0,0
7219,971,2026-06-12 10:00:00,12,4,0,dinner,clear,6,4,503,173,309.83,1,0.1,0.07442891017914237,0.025571089820857637,1,331.12,33.11,70.12,215.23,12.66,1,0,0
7220,971,2026-06-25 06:00:00,25,3,1,lunch,rain,9,1,278,93,308.37,1,0.2,0.19622442153161207,0.003775578468387941,1,341.96,68.39,74.26,222.27,-22.97,0,0,0
7221,971,2026-02-25 22:00:00,25,2,1,lunch,rain,9,5,407,139,299.82,1,0.15,0.1023857346071755,0.0476142653928245,1,327.06,49.06,53.08,212.59,12.33,0,0,0
7222,971,2026-05-18 12:00:00,18,0,0,late_night,rain,14,1,417,143,507.05,1,0.05,0.03591029216277682,0.01408970783722318,0,0.0,0.0,0.0,0.0,0.0,0,0,0
7223,971,2026-06-02 10:00:00,2,1,1,dinner,clear,8,1,67,22,343.91,0,0.0,0.0,0.0,1,343.91,0.0,86.98,223.54,33.39,0,0,0
7224,971,2026-03-31 20:00:00,31,1,1,late_night,extreme,10,4,119,39,470.25,1,0.1,0.05439168815752034,0.04560831184247967,1,502.57,50.26,88.12,326.67,37.52,0,0,0
7225,971,2026-02-01 05:00:00,1,6,1,dinner,clear,8,1,155,52,395.2,0,0.0,0.0,0.0,1,395.2,0.0,60.64,256.88,77.68,0,0,0
7226,971,2026-05-14 01:00:00,14,3,0,breakfast,clear,4,1,425,145,399.21,0,0.0,0.0,0.0,0,0.0,0.0,0.0,0.0,0.0,0,0,0
7227,971,2026-03-05 19:00:00,5,3,1,breakfast,rain,6,2,303,102,431.39,0,0.0,0.0,0.0,0,0.0,0.0,0.0,0.0,0.0,0,0,0
7228,971,2026-04-10 17:00:00,10,4,0,breakfast,clear,3,3,255,84,426.05,0,0.0,0.0,0.0,0,0.0,0.0,0.0,0.0,0.0,0,0,0
7229,971,2026-06-07 11:00:00,7,6,1,dinner,clear,5,1,119,39,470.25,0,0.0,0.0,0.0,0,0.0,0.0,0.0,0.0,0.0,0,0,0
7230,971,2026-06-16 01:00:00,16,1,0,breakfast,rain,10,1,321,108,326.88,1,0.05,0.03566732087951518,0.014332679120484824,0,0.0,0.0,0.0,0.0,0.0,0,0,0
7231,972,2026-03-12 22:00:00,12,3,0,late_night,rain,1,1,371,127,443.31,1,0.2,0.19189127181018112,0.008108728189818892,1,518.41,103.68,89.68,336.97,-11.92,1,0,0
7232,972,2026-02-23 09:00:00,23,0,0,dinner,clear,6,1,573,195,366.51,1,0.05,0.038095873837764575,0.011904126162235427,1,389.43,19.47,55.9,253.13,60.93,0,0,0
7233,972,2026-06-21 17:00:00,21,6,0,dinner,clear,8,1,136,45,379.51,0,0.0,0.0,0.0,1,379.51,0.0,67.96,246.68,64.87,0,0,0
7234,972,2026-02-11 11:00:00,11,2,0,dinner,clear,4,2,233,76,237.76,0,0.0,0.0,0.0,0,0.0,0.0,0.0,0.0,0.0,0,0,0
7235,972,2026-04-12 17:00:00,12,6,0,dinner,clear,3,1,329,111,439.94,1,0.1,0.08513666787958472,0.014863332120415282,1,486.96,48.7,59.8,316.53,61.94,0,0,0
7236,973,2026-04-28 09:00:00,28,1,1,dinner,clear,11,1,9,2,432.79,1,0.1,0.08059955869060642,0.019400441309393585,1,486.27,48.63,80.14,316.08,41.43,0,0,0
7237,973,2026-05-12 14:00:00,12,1,0,dinner,clear,3,1,150,50,461.7,0,0.0,0.0,0.0,0,0.0,0.0,0.0,0.0,0.0,0,0,0
7238,973,2026-03-05 18:00:00,5,3,1,dinner,clear,11,1,304,102,403.47,0,0.0,0.0,0.0,0,0.0,0.0,0.0,0.0,0.0,0,0,0
7239,973,2026-03-06 01:00:00,6,4,1,late_night,clear,4,4,567,193,277.06,1,0.15,0.13772579003412191,0.01227420996587808,1,322.32,48.35,85.84,209.51,-21.38,0,0,0
7240,973,2026-05-23 03:00:00,23,5,0,dinner,rain,3,3,347,117,386.51,0,0.0,0.0,0.0,1,386.51,0.0,78.7,251.23,56.58,0,0,0
7241,973,2026-05-25 09:00:00,25,0,1,breakfast,clear,3,1,16,4,481.46,0,0.0,0.0,0.0,0,0.0,0.0,0.0,0.0,0.0,0,0,0
7242,973,2026-04-02 01:00:00,2,3,1,breakfast,extreme,9,1,386,133,329.4,1,0.2,0.17632445186498866,0.023675548135011354,1,393.91,78.78,76.54,256.04,-17.45,0,0,0
7243,973,2026-05-19 02:00:00,19,1,0,breakfast,clear,8,1,558,191,360.12,0,0.0,0.0,0.0,0,0.0,0.0,0.0,0.0,0.0,0,0,0
7244,974,2026-02-04 20:00:00,4,2,1,lunch,clear,14,2,420,144,369.6,0,0.0,0.0,0.0,0,0.0,0.0,0.0,0.0,0.0,0,0,0
7245,974,2026-01-27 08:00:00,27,1,1,late_night,clear,14,1,146,48,348.11,0,0.0,0.0,0.0,1,348.11,0.0,73.18,226.27,48.66,0,0,0
7246,974,2026-01-15 09:00:00,15,3,0,lunch,clear,5,1,431,147,375.56,0,0.0,0.0,0.0,0,0.0,0.0,0.0,0.0,0.0,0,0,0
7247,974,2026-06-18 14:00:00,18,3,0,late_night,clear,11,1,280,93,389.78,1,0.1,0.09764984066273423,0.0023501593372657753,1,399.45,39.94,72.76,259.64,27.1,1,0,0
7248,974,2026-05-03 08:00:00,3,6,1,breakfast,clear,8,2,236,77,323.45,1,0.2,0.10160277962541148,0.09839722037458853,1,336.16,67.23,71.56,218.51,-21.14,1,0,0
7249,974,2026-02-14 15:00:00,14,5,0,lunch,extreme,14,1,167,55,394.06,0,0.0,0.0,0.0,0,0.0,0.0,0.0,0.0,0.0,0,0,0
7250,974,2026-04-22 15:00:00,22,2,0,breakfast,rain,11,1,325,109,468.54,1,0.15,0.11798375579012096,0.03201624420987903,1,483.9,72.58,69.16,314.53,27.62,1,0,0
7251,975,2026-01-24 17:00:00,24,5,0,lunch,clear,2,3,452,155,457.82,0,0.0,0.0,0.0,1,457.82,0.0,72.04,297.58,88.2,0,0,0
7252,975,2026-05-21 15:00:00,21,3,0,lunch,clear,6,1,86,28,398.14,0,0.0,0.0,0.0,1,398.14,0.0,50.56,258.79,88.79,0,0,0
7253,975,2026-04-04 15:00:00,4,5,1,lunch,clear,2,2,523,179,390.75,1,0.15,0.10362547144647043,0.04637452855352957,1,434.33,65.15,86.92,282.32,-0.05,0,0,0
7254,975,2026-01-24 11:00:00,24,5,0,dinner,clear,5,2,568,193,376.52,0,0.0,0.0,0.0,0,0.0,0.0,0.0,0.0,0.0,0,0,0
7255,975,2026-05-17 05:00:00,17,6,0,lunch,clear,13,1,426,146,402.47,1,0.2,0.1266593068938752,0.07334069310612482,1,456.29,91.26,50.62,296.59,17.82,1,0,0
7256,975,2026-02-21 03:00:00,21,5,0,late_night,rain,6,1,551,188,482.27,0,0.0,0.0,0.0,0,0.0,0.0,0.0,0.0,0.0,0,0,0
7257,975,2026-04-09 22:00:00,9,3,0,lunch,clear,10,1,430,147,329.56,0,0.0,0.0,0.0,0,0.0,0.0,0.0,0.0,0.0,0,0,0
7258,975,2026-03-01 17:00:00,1,6,1,dinner,rain,1,3,429,146,459.99,0,0.0,0.0,0.0,1,459.99,0.0,52.12,298.99,108.88,0,0,0
7259,975,2026-02-27 22:00:00,27,4,1,lunch,clear,6,1,5,1,485.29,1,0.05,0.045616122976674445,0.004383877023325558,1,509.24,25.46,55.84,331.01,96.93,1,0,0
7260,976,2026-06-29 18:00:00,29,0,1,breakfast,clear,7,2,296,100,352.66,1,0.1,0.07936027129349689,0.020639728706503116,1,389.49,38.95,64.18,253.17,33.19,0,0,0
7261,976,2026-05-16 08:00:00,16,5,0,breakfast,clear,11,3,120,39,415.81,0,0.0,0.0,0.0,0,0.0,0.0,0.0,0.0,0.0,0,0,0
7262,976,2026-05-06 00:00:00,6,2,1,late_night,clear,7,3,298,100,356.47,1,0.05,0.0360578411353613,0.013942158864638704,0,0.0,0.0,0.0,0.0,0.0,0,0,0
7263,976,2026-06-07 20:00:00,7,6,1,dinner,clear,7,1,152,50,315.22,0,0.0,0.0,0.0,0,0.0,0.0,0.0,0.0,0.0,0,0,0
7264,976,2026-04-28 17:00:00,28,1,1,lunch,extreme,2,2,588,199,334.13,1,0.05,0.025619591589131747,0.024380408410868255,0,0.0,0.0,0.0,0.0,0.0,0,1,0
7265,976,2026-06-11 10:00:00,11,3,0,dinner,rain,9,1,125,41,321.49,1,0.15,0.08342534620846653,0.06657465379153346,1,365.88,54.88,49.3,237.82,23.88,0,0,0
7266,976,2026-06-22 05:00:00,22,0,0,dinner,clear,10,1,62,20,305.62,1,0.1,0.0643452414145794,0.03565475858542061,1,337.54,33.75,57.52,219.4,26.86,0,0,0
7267,976,2026-03-23 05:00:00,23,0,0,lunch,rain,11,3,278,93,308.37,1,0.1,0.06636679756247117,0.033633202437528834,1,340.58,34.06,74.26,221.37,10.88,0,0,0
7268,976,2026-05-13 02:00:00,13,2,0,dinner,extreme,2,2,390,134,366.59,0,0.0,0.0,0.0,1,366.59,0.0,52.18,238.28,76.13,0,0,0
7269,976,2026-05-08 06:00:00,8,4,0,late_night,rain,9,2,51,16,606.47,0,0.0,0.0,0.0,0,0.0,0.0,0.0,0.0,0.0,0,0,0
7270,976,2026-03-17 08:00:00,17,1,0,lunch,clear,9,4,575,196,499.98,0,0.0,0.0,0.0,0,0.0,0.0,0.0,0.0,0.0,0,0,0
7271,976,2026-01-04 19:00:00,4,6,1,late_night,clear,13,1,245,80,423.87,0,0.0,0.0,0.0,1,423.87,0.0,73.0,275.52,75.35,0,0,0
7272,976,2026-06-25 13:00:00,25,3,1,lunch,clear,6,2,93,31,496.71,0,0.0,0.0,0.0,0,0.0,0.0,0.0,0.0,0.0,0,0,0
7273,977,2026-01-16 09:00:00,16,4,0,breakfast,rain,8,3,74,24,370.91,0,0.0,0.0,0.0,1,370.91,0.0,72.52,241.09,57.3,0,0,0
7274,978,2026-05-21 13:00:00,21,3,0,lunch,clear,9,1,371,127,443.31,1,0.2,0.17136110351620784,0.02863889648379217,1,529.59,105.92,88.18,344.23,-8.74,0,0,0
7275,978,2026-03-11 21:00:00,11,2,0,late_night,clear,11,1,468,160,412.07,0,0.0,0.0,0.0,0,0.0,0.0,0.0,0.0,0.0,0,0,0
7276,978,2026-03-04 03:00:00,4,2,1,breakfast,clear,12,1,290,97,376.15,0,0.0,0.0,0.0,0,0.0,0.0,0.0,0.0,0.0,0,0,0
7277,978,2026-02-17 20:00:00,17,1,0,lunch,clear,7,1,218,71,510.47,1,0.15,0.11376027095628989,0.0362397290437101,1,593.33,89.0,48.64,385.66,70.03,0,0,0
7278,979,2026-05-22 07:00:00,22,4,0,lunch,extreme,12,1,117,38,339.09,1,0.2,0.11851530932061949,0.08148469067938052,1,455.74,91.15,49.0,296.23,19.36,0,0,0
7279,980,2026-02-03 00:00:00,3,1,1,dinner,clear,10,1,93,31,496.71,0,0.0,0.0,0.0,1,496.71,0.0,55.78,322.86,118.07,0,0,0
7280,980,2026-01-17 07:00:00,17,5,0,lunch,clear,5,1,222,73,368.75,0,0.0,0.0,0.0,0,0.0,0.0,0.0,0.0,0.0,0,0,0
7281,980,2026-06-08 10:00:00,8,0,0,late_night,clear,12,2,189,63,421.89,0,0.0,0.0,0.0,0,0.0,0.0,0.0,0.0,0.0,0,0,0
7282,980,2026-02-05 13:00:00,5,3,1,dinner,extreme,4,1,18,5,453.72,1,0.2,0.1453598466920188,0.05464015330798122,1,514.58,102.92,48.88,334.48,28.31,0,0,0
7283,981,2026-06-20 01:00:00,20,5,0,late_night,clear,6,1,381,131,606.56,1,0.1,0.07948918280653053,0.020510817193469477,1,667.86,66.79,67.6,434.11,99.36,0,0,0
7284,981,2026-01-30 15:00:00,30,4,1,dinner,clear,9,5,532,181,329.51,1,0.2,0.13723813923914197,0.06276186076085805,1,382.29,76.46,65.44,248.49,-8.1,0,0,0
7285,981,2026-06-03 11:00:00,3,2,1,lunch,clear,8,1,153,51,331.89,0,0.0,0.0,0.0,1,331.89,0.0,72.04,215.73,44.12,0,0,0
7286,981,2026-06-25 10:00:00,25,3,1,dinner,clear,2,1,367,125,391.67,1,0.05,0.02524519335273593,0.024754806647264073,1,414.82,20.74,69.82,269.64,54.63,0,0,0
7287,981,2026-05-18 22:00:00,18,0,0,breakfast,clear,10,1,407,139,299.82,1,0.15,0.13276108311661958,0.017238916883380417,1,339.87,50.98,51.58,220.92,16.39,0,1,0
7288,981,2026-03-22 17:00:00,22,6,0,lunch,clear,14,2,559,191,467.99,1,0.2,0.1534300173174988,0.046569982682501204,1,542.95,108.59,87.64,352.92,-6.2,0,0,0
7289,981,2026-01-24 12:00:00,24,5,0,dinner,clear,8,2,442,152,349.53,1,0.1,0.0899653884988284,0.010034611501171603,1,384.85,38.49,69.88,250.15,26.33,0,0,0
7290,981,2026-03-20 23:00:00,20,4,0,lunch,clear,4,1,186,62,511.72,0,0.0,0.0,0.0,0,0.0,0.0,0.0,0.0,0.0,0,1,0
7291,981,2026-06-18 08:00:00,18,3,0,late_night,clear,3,3,392,135,314.54,0,0.0,0.0,0.0,0,0.0,0.0,0.0,0.0,0.0,0,0,0
7292,981,2026-04-15 09:00:00,15,2,0,late_night,clear,11,1,570,194,428.5,1,0.15,0.0881676173622157,0.06183238263778429,1,485.75,72.86,80.32,315.73,16.83,0,0,0
7293,981,2026-05-29 12:00:00,29,4,1,dinner,clear,9,1,241,78,460.55,0,0.0,0.0,0.0,1,460.55,0.0,78.7,299.36,82.49,0,0,0
7294,982,2026-04-06 20:00:00,6,0,1,dinner,clear,5,1,135,44,274.41,0,0.0,0.0,0.0,0,0.0,0.0,0.0,0.0,0.0,0,0,0
7295,982,2026-04-12 01:00:00,12,6,0,lunch,clear,1,1,260,86,580.54,1,0.05,0.038171698911086814,0.011828301088913189,1,608.91,30.45,73.0,395.79,109.67,0,0,0
7296,982,2026-01-17 21:00:00,17,5,0,lunch,rain,6,2,10,3,499.79,0,0.0,0.0,0.0,0,0.0,0.0,0.0,0.0,0.0,0,0,0
7297,982,2026-06-21 11:00:00,21,6,0,lunch,rain,1,2,450,155,358.65,0,0.0,0.0,0.0,0,0.0,0.0,0.0,0.0,0.0,0,0,0
7298,982,2026-05-27 05:00:00,27,2,1,breakfast,rain,4,3,424,145,401.06,1,0.15,0.10320987469540749,0.046790125304592506,1,445.35,66.8,49.72,289.48,39.35,0,0,0
7299,982,2026-05-18 17:00:00,18,0,0,lunch,clear,3,1,248,81,302.79,0,0.0,0.0,0.0,0,0.0,0.0,0.0,0.0,0.0,0,0,0
7300,982,2026-04-08 12:00:00,8,2,0,late_night,clear,8,2,156,52,461.21,1,0.05,0.028179933781636704,0.0218200662183633,1,483.75,24.19,60.64,314.44,84.48,0,0,0
7301,982,2026-06-26 13:00:00,26,4,1,dinner,clear,4,1,550,188,568.72,1,0.05,0.030634837686127615,0.019365162313872388,0,0.0,0.0,0.0,0.0,0.0,0,0,0
7302,983,2026-02-04 11:00:00,4,2,1,lunch,clear,6,1,226,74,412.77,0,0.0,0.0,0.0,0,0.0,0.0,0.0,0.0,0.0,0,0,0
7303,983,2026-03-28 09:00:00,28,5,1,lunch,clear,3,2,489,168,352.48,1,0.15,0.13411344252349286,0.015886557476507135,1,416.65,62.5,51.94,270.82,31.39,1,0,0
7304,983,2026-04-18 00:00:00,18,5,0,dinner,extreme,3,1,43,13,320.07,0,0.0,0.0,0.0,0,0.0,0.0,0.0,0.0,0.0,0,0,0
7305,983,2026-03-18 01:00:00,18,2,0,late_night,clear,11,1,195,65,438.04,0,0.0,0.0,0.0,0,0.0,0.0,0.0,0.0,0.0,0,0,0
7306,983,2026-03-10 18:00:00,10,1,0,breakfast,extreme,9,4,262,87,288.41,1,0.15,0.11098793945896647,0.039012060541033525,1,340.91,51.14,55.0,221.59,13.18,0,0,0
7307,983,2026-05-29 00:00:00,29,4,1,lunch,clear,12,2,425,145,399.21,0,0.0,0.0,0.0,0,0.0,0.0,0.0,0.0,0.0,0,0,0
7308,983,2026-01-26 22:00:00,26,0,1,breakfast,clear,14,4,278,93,308.37,1,0.1,0.054335773038788275,0.04566422696121173,1,350.84,35.08,72.76,228.04,14.95,1,0,0
7309,983,2026-01-03 12:00:00,3,5,1,late_night,rain,1,3,207,68,306.93,0,0.0,0.0,0.0,0,0.0,0.0,0.0,0.0,0.0,0,0,0
7310,983,2026-05-17 12:00:00,17,6,0,breakfast,clear,13,1,51,16,606.47,0,0.0,0.0,0.0,0,0.0,0.0,0.0,0.0,0.0,0,0,0
7311,983,2026-03-20 05:00:00,20,4,0,dinner,clear,4,2,439,151,283.62,1,0.2,0.1649761973662192,0.0350238026337808,1,345.52,69.1,51.64,224.59,0.19,1,0,0
7312,983,2026-04-13 22:00:00,13,0,0,breakfast,clear,1,2,38,12,516.36,1,0.05,0.04271584333602501,0.007284156663974993,1,557.96,27.9,79.96,362.67,87.43,0,0,0
7313,983,2026-06-06 22:00:00,6,5,1,late_night,clear,13,1,362,123,472.34,1,0.1,0.09769380271918751,0.002306197280812494,1,537.39,53.74,89.8,349.3,44.55,0,0,0
7314,983,2026-05-04 17:00:00,4,0,1,lunch,clear,6,4,125,41,321.49,0,0.0,0.0,0.0,0,0.0,0.0,0.0,0.0,0.0,0,0,0
7315,983,2026-02-28 04:00:00,28,5,1,dinner,clear,1,1,195,65,438.04,1,0.1,0.06562189501317979,0.034378104986820215,1,498.36,49.84,56.92,323.94,67.67,0,0,0
7316,984,2026-03-25 06:00:00,25,2,1,late_night,clear,3,1,568,193,376.52,0,0.0,0.0,0.0,0,0.0,0.0,0.0,0.0,0.0,0,0,0
7317,984,2026-04-29 22:00:00,29,2,1,breakfast,extreme,10,1,448,154,318.66,0,0.0,0.0,0.0,0,0.0,0.0,0.0,0.0,0.0,0,0,0
7318,984,2026-05-05 01:00:00,5,1,1,lunch,clear,9,2,527,180,602.61,1,0.15,0.10536150983665575,0.044638490163344244,1,694.84,104.23,77.86,451.64,61.11,1,0,0
7319,984,2026-01-21 13:00:00,21,2,0,breakfast,clear,1,3,218,71,510.47,0,0.0,0.0,0.0,0,0.0,0.0,0.0,0.0,0.0,0,0,0
7320,984,2026-06-01 16:00:00,1,0,1,lunch,clear,12,1,268,89,373.97,0,0.0,0.0,0.0,0,0.0,0.0,0.0,0.0,0.0,0,0,0
7321,984,2026-02-15 21:00:00,15,6,0,dinner,clear,11,1,60,20,327.51,0,0.0,0.0,0.0,0,0.0,0.0,0.0,0.0,0.0,0,0,0
7322,984,2026-05-05 04:00:00,5,1,1,late_night,clear,3,3,298,100,356.47,0,0.0,0.0,0.0,0,0.0,0.0,0.0,0.0,0.0,0,0,0
7323,984,2026-06-07 10:00:00,7,6,1,breakfast,clear,5,1,395,136,384.32,0,0.0,0.0,0.0,0,0.0,0.0,0.0,0.0,0.0,0,0,0
7324,984,2026-03-02 12:00:00,2,0,1,lunch,rain,7,1,463,158,372.27,1,0.1,0.07060305130190363,0.02939694869809638,1,415.37,41.54,84.64,269.99,19.2,0,0,0
7325,984,2026-01-31 20:00:00,31,5,1,lunch,extreme,5,2,401,138,355.52,1,0.2,0.17515637037052248,0.02484362962947753,1,420.76,84.15,53.2,273.49,9.91,0,0,0
7326,984,2026-02-18 22:00:00,18,2,0,dinner,clear,13,1,577,196,458.78,0,0.0,0.0,0.0,0,0.0,0.0,0.0,0.0,0.0,0,0,0
7327,985,2026-02-01 09:00:00,1,6,1,lunch,clear,3,1,517,177,466.41,1,0.15,0.14476160363910037,0.005238396360899622,1,547.76,82.16,69.82,356.04,39.73,0,0,0
7328,985,2026-03-04 09:00:00,4,2,1,breakfast,rain,13,3,433,148,337.93,1,0.1,0.0877377324961973,0.012262267503802701,1,382.52,38.25,80.86,248.64,14.77,1,0,0
7329,985,2026-05-23 21:00:00,23,5,0,breakfast,extreme,10,1,535,182,464.14,0,0.0,0.0,0.0,1,464.14,0.0,49.72,301.69,112.73,0,0,0
7330,985,2026-02-15 11:00:00,15,6,0,breakfast,clear,1,5,48,15,613.34,0,0.0,0.0,0.0,0,0.0,0.0,0.0,0.0,0.0,0,0,0
7331,986,2026-04-27 17:00:00,27,0,1,dinner,clear,8,2,142,47,365.27,1,0.1,0.08390211725233346,0.016097882747666548,1,432.17,43.22,71.02,280.91,37.02,1,0,0
7332,986,2026-03-02 11:00:00,2,0,1,breakfast,clear,13,1,280,93,389.78,1,0.15,0.07599224893962245,0.07400775106037755,1,484.15,72.62,72.76,314.7,24.07,1,0,0
7333,986,2026-03-17 06:00:00,17,1,0,dinner,clear,11,2,471,161,556.82,0,0.0,0.0,0.0,0,0.0,0.0,0.0,0.0,0.0,0,0,0
7334,986,2026-03-27 11:00:00,27,4,1,lunch,clear,6,3,314,105,440.46,0,0.0,0.0,0.0,0,0.0,0.0,0.0,0.0,0.0,0,0,0
7335,987,2026-03-05 17:00:00,5,3,1,breakfast,clear,2,2,249,81,432.79,1,0.05,0.03376754027733843,0.016232459722661574,1,459.72,22.99,52.72,298.82,85.2,0,0,0
7336,987,2026-01-29 17:00:00,29,3,1,lunch,clear,14,1,537,183,538.14,1,0.15,0.08308281680117136,0.06691718319882864,1,613.81,92.07,50.32,398.97,72.44,0,0,0
7337,987,2026-02-15 17:00:00,15,6,0,breakfast,clear,5,1,314,105,440.46,1,0.2,0.18151303578676795,0.018486964213232066,1,514.71,102.94,80.2,334.56,-2.99,1,0,0
7338,987,2026-04-23 17:00:00,23,3,0,breakfast,clear,13,1,264,87,368.04,1,0.05,0.042392009017479255,0.007607990982520747,0,0.0,0.0,0.0,0.0,0.0,0,0,0
7339,987,2026-04-02 05:00:00,2,3,1,lunch,clear,8,1,336,113,334.35,1,0.2,0.10432496681074732,0.09567503318925269,1,390.72,78.14,70.6,253.97,-11.99,1,0,0
7340,988,2026-01-28 04:00:00,28,2,1,dinner,extreme,11,2,272,91,541.4,0,0.0,0.0,0.0,0,0.0,0.0,0.0,0.0,0.0,0,0,0
7341,988,2026-01-10 01:00:00,10,5,0,late_night,clear,12,2,122,40,339.12,1,0.1,0.06519714070601,0.034802859293990004,1,370.25,37.03,73.18,240.66,19.38,0,1,0
7342,988,2026-01-15 13:00:00,15,3,0,lunch,clear,8,1,576,196,382.35,0,0.0,0.0,0.0,1,382.35,0.0,46.84,248.53,86.98,0,0,0
7343,988,2026-04-25 09:00:00,25,5,1,lunch,clear,3,1,323,108,364.56,1,0.05,0.04381719399541668,0.006182806004583326,1,384.14,19.21,88.6,249.69,26.64,0,0,0
7344,988,2026-02-16 17:00:00,16,0,0,breakfast,clear,12,3,524,179,239.99,1,0.05,0.025137474372502223,0.02486252562749778,1,252.88,12.64,86.92,164.37,-11.06,0,0,0
7345,988,2026-05-06 08:00:00,6,2,1,late_night,clear,7,2,59,20,453.76,1,0.1,0.06368071006125638,0.03631928993874363,0,0.0,0.0,0.0,0.0,0.0,0,0,0
7346,988,2026-06-16 11:00:00,16,1,0,lunch,clear,1,1,428,146,518.02,1,0.15,0.08371175747921965,0.06628824252078035,1,580.89,87.13,50.62,377.58,65.56,0,0,0
7347,988,2026-04-13 10:00:00,13,0,0,lunch,clear,1,1,165,55,393.95,0,0.0,0.0,0.0,0,0.0,0.0,0.0,0.0,0.0,0,0,0
7348,988,2026-01-25 12:00:00,25,6,1,dinner,rain,8,4,427,146,526.27,0,0.0,0.0,0.0,0,0.0,0.0,0.0,0.0,0.0,0,0,0
7349,988,2026-01-31 05:00:00,31,5,1,breakfast,clear,13,1,461,158,470.93,1,0.15,0.07598784841176764,0.07401215158823235,1,528.08,79.21,83.14,343.25,22.48,0,0,0
7350,989,2026-04-19 10:00:00,19,6,0,lunch,clear,6,2,292,98,326.18,1,0.1,0.05581068317704945,0.044189316822950554,0,0.0,0.0,0.0,0.0,0.0,0,0,0
7351,990,2026-04-30 10:00:00,30,3,1,lunch,rain,4,2,176,58,380.02,0,0.0,0.0,0.0,0,0.0,0.0,0.0,0.0,0.0,0,0,0
7352,990,2026-05-21 15:00:00,21,3,0,breakfast,extreme,13,1,581,197,473.43,1,0.2,0.11932484333045693,0.08067515666954309,1,514.51,102.9,67.06,334.43,10.12,1,0,0
7353,990,2026-06-16 06:00:00,16,1,0,dinner,clear,12,1,586,199,321.5,0,0.0,0.0,0.0,0,0.0,0.0,0.0,0.0,0.0,0,0,0
7354,990,2026-03-16 07:00:00,16,0,0,dinner,clear,12,1,61,20,226.19,0,0.0,0.0,0.0,0,0.0,0.0,0.0,0.0,0.0,0,0,0
7355,990,2026-04-29 04:00:00,29,2,1,late_night,clear,8,2,297,100,435.63,0,0.0,0.0,0.0,0,0.0,0.0,0.0,0.0,0.0,0,0,0
7356,990,2026-03-25 19:00:00,25,2,1,dinner,clear,1,1,293,99,379.55,0,0.0,0.0,0.0,1,379.55,0.0,68.08,246.71,64.76,0,0,0
7357,990,2026-06-08 16:00:00,8,0,0,lunch,clear,5,1,51,16,606.47,0,0.0,0.0,0.0,0,0.0,0.0,0.0,0.0,0.0,0,0,0
7358,990,2026-01-07 02:00:00,7,2,1,dinner,clear,13,1,131,43,406.54,1,0.2,0.15323634449349832,0.04676365550650169,1,441.81,88.36,67.48,287.18,-1.21,0,0,0
7359,990,2026-06-24 10:00:00,24,2,0,late_night,clear,14,1,511,175,535.27,1,0.15,0.0856577301817963,0.06434226981820369,0,0.0,0.0,0.0,0.0,0.0,0,1,0
7360,991,2026-01-18 16:00:00,18,6,0,late_night,extreme,14,1,14,4,405.99,0,0.0,0.0,0.0,1,405.99,0.0,73.0,263.89,69.1,0,0,0
7361,991,2026-06-17 13:00:00,17,2,0,dinner,clear,3,3,57,19,353.42,0,0.0,0.0,0.0,1,353.42,0.0,63.88,229.72,59.82,0,0,0
7362,991,2026-03-15 20:00:00,15,6,0,late_night,clear,13,1,498,171,395.71,1,0.2,0.14262940218225953,0.05737059781774048,1,469.95,93.99,59.08,305.47,11.41,0,0,0
7363,991,2026-01-01 03:00:00,1,3,1,late_night,extreme,9,1,221,72,545.2,1,0.1,0.09928255721267103,0.0007174427873289785,1,609.74,60.97,57.64,396.33,94.79,0,0,0
7364,991,2026-05-03 02:00:00,3,6,1,dinner,clear,8,2,6,2,546.89,1,0.1,0.06178227176784643,0.038217728232153574,1,611.63,61.16,80.14,397.56,72.77,0,0,0
7365,991,2026-05-21 16:00:00,21,3,0,breakfast,clear,14,1,266,88,603.82,1,0.1,0.07242895821186653,0.02757104178813348,0,0.0,0.0,0.0,0.0,0.0,0,0,0
7366,991,2026-02-08 01:00:00,8,6,0,breakfast,clear,13,2,5,1,485.29,1,0.05,0.033546153547394424,0.01645384645260558,1,518.89,25.94,55.84,337.28,99.83,1,0,0
7367,991,2026-03-28 05:00:00,28,5,1,late_night,clear,3,4,258,85,347.07,0,0.0,0.0,0.0,0,0.0,0.0,0.0,0.0,0.0,0,0,0
7368,991,2026-05-22 19:00:00,22,4,0,breakfast,clear,10,2,550,188,568.72,1,0.15,0.14992170320488193,7.82967951180602e-05,1,657.71,98.66,84.76,427.51,46.78,0,0,0
7369,991,2026-02-03 05:00:00,3,1,1,dinner,clear,14,1,575,196,499.98,0,0.0,0.0,0.0,0,0.0,0.0,0.0,0.0,0.0,0,0,0
7370,991,2026-05-02 05:00:00,2,5,1,lunch,clear,4,1,18,5,453.72,0,0.0,0.0,0.0,1,453.72,0.0,45.88,294.92,112.92,0,1,0
7371,992,2026-01-04 08:00:00,4,6,1,breakfast,rain,11,1,62,20,305.62,0,0.0,0.0,0.0,0,0.0,0.0,0.0,0.0,0.0,0,0,0
7372,992,2026-05-19 12:00:00,19,1,0,dinner,clear,14,3,488,167,559.81,1,0.05,0.02595616611480769,0.024043833885192312,0,0.0,0.0,0.0,0.0,0.0,0,0,0
7373,992,2026-01-12 23:00:00,12,0,0,dinner,clear,1,4,167,55,394.06,1,0.2,0.17053059111973545,0.029469408880264558,1,423.22,84.64,87.64,275.09,-24.16,0,0,0
7374,992,2026-03-24 10:00:00,24,1,0,breakfast,clear,6,2,40,12,466.1,1,0.1,0.09999215712577036,7.842874229641028e-06,0,0.0,0.0,0.0,0.0,0.0,0,0,0
7375,992,2026-02-18 16:00:00,18,2,0,late_night,clear,7,2,60,20,327.51,1,0.05,0.04181270484885229,0.00818729515114771,0,0.0,0.0,0.0,0.0,0.0,0,0,0
7376,992,2026-06-25 07:00:00,25,3,1,lunch,clear,1,1,8,2,501.52,0,0.0,0.0,0.0,1,501.52,0.0,80.14,325.99,95.39,0,0,0
7377,992,2026-04-21 16:00:00,21,1,0,breakfast,rain,13,1,302,101,453.97,1,0.1,0.05486274929587586,0.045137250704124145,1,475.16,47.52,73.9,308.86,44.89,1,0,0
7378,992,2026-05-22 12:00:00,22,4,0,dinner,clear,7,1,297,100,435.63,1,0.15,0.0809792221217893,0.06902077787821069,0,0.0,0.0,0.0,0.0,0.0,0,0,0
7379,992,2026-05-05 20:00:00,5,1,1,breakfast,clear,2,1,419,143,516.7,1,0.05,0.03391806723308775,0.016081932766912256,0,0.0,0.0,0.0,0.0,0.0,0,0,0
7380,992,2026-05-16 11:00:00,16,5,0,lunch,clear,1,3,10,3,499.79,0,0.0,0.0,0.0,0,0.0,0.0,0.0,0.0,0.0,0,0,0
7381,992,2026-01-05 08:00:00,5,0,1,breakfast,extreme,9,2,285,95,412.22,0,0.0,0.0,0.0,0,0.0,0.0,0.0,0.0,0.0,0,0,0
7382,992,2026-05-27 16:00:00,27,2,1,late_night,clear,14,4,188,63,387.99,0,0.0,0.0,0.0,1,387.99,0.0,87.88,252.19,47.92,0,0,0
7383,992,2026-02-05 03:00:00,5,3,1,dinner,clear,1,3,39,12,668.74,0,0.0,0.0,0.0,0,0.0,0.0,0.0,0.0,0.0,0,0,0
7384,992,2026-04-02 07:00:00,2,3,1,breakfast,clear,2,1,407,139,299.82,1,0.2,0.11946320623740458,0.08053679376259543,1,322.0,64.4,51.58,209.3,-3.28,0,0,0
7385,993,2026-06-27 22:00:00,27,5,1,dinner,clear,6,4,423,144,412.86,0,0.0,0.0,0.0,0,0.0,0.0,0.0,0.0,0.0,0,0,0
7386,993,2026-02-06 22:00:00,6,4,1,breakfast,clear,3,1,451,155,376.18,1,0.05,0.04045714643088636,0.009542853569113642,1,401.29,20.06,72.04,260.84,48.35,0,0,0
7387,994,2026-05-05 21:00:00,5,1,1,breakfast,clear,10,2,52,17,309.09,0,0.0,0.0,0.0,0,0.0,0.0,0.0,0.0,0.0,0,0,0
7388,994,2026-02-20 17:00:00,20,4,0,lunch,clear,3,1,533,181,346.99,0,0.0,0.0,0.0,0,0.0,0.0,0.0,0.0,0.0,0,0,0
7389,994,2026-04-08 19:00:00,8,2,0,lunch,rain,13,2,332,112,555.99,0,0.0,0.0,0.0,0,0.0,0.0,0.0,0.0,0.0,0,0,0
7390,994,2026-05-17 08:00:00,17,6,0,dinner,rain,8,2,46,14,430.08,0,0.0,0.0,0.0,0,0.0,0.0,0.0,0.0,0.0,0,0,0
7391,994,2026-01-05 19:00:00,5,0,1,lunch,clear,2,3,311,105,290.55,1,0.1,0.08122842994948816,0.018771570050511846,1,309.19,30.92,80.2,200.97,-2.9,1,0,0
7392,995,2026-04-06 04:00:00,6,0,1,lunch,clear,7,3,119,39,470.25,0,0.0,0.0,0.0,0,0.0,0.0,0.0,0.0,0.0,0,0,0
7393,995,2026-01-12 22:00:00,12,0,0,dinner,extreme,7,1,86,28,398.14,1,0.15,0.11599020213338085,0.034009797866619146,1,446.43,66.96,53.56,290.18,35.73,0,0,0
7394,995,2026-01-30 01:00:00,30,4,1,dinner,clear,10,1,68,22,418.77,1,0.2,0.1429063244785779,0.05709367552142211,1,479.67,95.93,86.98,311.79,-15.03,0,0,0
7395,995,2026-04-22 01:00:00,22,2,0,breakfast,clear,7,2,536,183,397.95,1,0.05,0.039605759975425564,0.010394240024574439,1,419.31,20.97,50.32,272.55,75.47,1,0,0
7396,995,2026-06-19 20:00:00,19,4,0,dinner,rain,9,2,69,22,531.2,1,0.05,0.03335354479881267,0.016646455201187335,0,0.0,0.0,0.0,0.0,0.0,0,0,0
7397,995,2026-05-30 01:00:00,30,5,1,lunch,clear,10,1,36,11,321.02,1,0.05,0.042294386020786126,0.007705613979213877,0,0.0,0.0,0.0,0.0,0.0,0,0,0
7398,995,2026-05-20 19:00:00,20,2,0,breakfast,extreme,13,2,246,80,447.69,1,0.2,0.16264269417774938,0.037357305822250636,1,512.8,102.56,76.0,333.32,0.92,1,0,0
7399,995,2026-04-30 21:00:00,30,3,1,dinner,clear,11,1,401,138,355.52,0,0.0,0.0,0.0,0,0.0,0.0,0.0,0.0,0.0,0,0,0
7400,995,2026-06-09 05:00:00,9,1,0,dinner,clear,2,1,27,8,409.25,0,0.0,0.0,0.0,0,0.0,0.0,0.0,0.0,0.0,0,0,0
7401,995,2026-06-26 08:00:00,26,4,1,breakfast,rain,6,2,531,181,439.88,0,0.0,0.0,0.0,0,0.0,0.0,0.0,0.0,0.0,0,0,0
7402,995,2026-03-16 14:00:00,16,0,0,lunch,clear,1,1,37,11,363.11,0,0.0,0.0,0.0,0,0.0,0.0,0.0,0.0,0.0,0,0,0
7403,995,2026-01-17 19:00:00,17,5,0,late_night,extreme,7,2,280,93,389.78,1,0.2,0.19269292205540484,0.007307077944595175,1,446.47,89.29,75.76,290.2,-8.79,0,0,0
7404,995,2026-01-20 11:00:00,20,1,0,late_night,clear,5,1,97,33,334.3,1,0.05,0.04083324223668208,0.00916675776331792,1,352.24,17.61,51.16,228.96,54.51,1,0,0
7405,996,2026-05-15 08:00:00,15,4,0,breakfast,clear,12,1,467,159,534.48,1,0.05,0.03118020022659256,0.018819799773407444,0,0.0,0.0,0.0,0.0,0.0,0,0,0
7406,996,2026-02-24 04:00:00,24,1,0,late_night,clear,7,2,18,5,453.72,0,0.0,0.0,0.0,0,0.0,0.0,0.0,0.0,0.0,0,0,0
7407,996,2026-01-30 03:00:00,30,4,1,breakfast,extreme,12,3,164,54,379.98,0,0.0,0.0,0.0,0,0.0,0.0,0.0,0.0,0.0,0,0,0
7408,996,2026-01-24 13:00:00,24,5,0,lunch,extreme,10,1,398,136,562.98,1,0.15,0.11659856908291133,0.033401430917088665,1,629.8,94.47,88.3,409.37,37.66,0,1,0
7409,996,2026-03-21 16:00:00,21,5,0,dinner,rain,8,1,253,83,398.87,0,0.0,0.0,0.0,0,0.0,0.0,0.0,0.0,0.0,0,0,0
7410,996,2026-06-02 07:00:00,2,1,1,breakfast,clear,13,4,338,114,376.41,1,0.15,0.12577252824692017,0.02422747175307982,1,421.08,63.16,79.0,273.7,5.22,0,0,0
7411,996,2026-03-13 17:00:00,13,4,0,late_night,clear,4,3,98,33,267.42,0,0.0,0.0,0.0,0,0.0,0.0,0.0,0.0,0.0,0,0,0
7412,996,2026-01-03 04:00:00,3,5,1,breakfast,extreme,10,1,161,54,318.19,1,0.15,0.12209293773912722,0.027907062260872778,1,355.95,53.39,74.8,231.37,-3.61,0,0,0
7413,996,2026-05-11 21:00:00,11,0,0,breakfast,rain,2,1,506,174,455.6,0,0.0,0.0,0.0,1,455.6,0.0,57.58,296.14,101.88,0,0,0
7414,996,2026-06-18 12:00:00,18,3,0,breakfast,extreme,1,3,222,73,368.75,0,0.0,0.0,0.0,0,0.0,0.0,0.0,0.0,0.0,0,0,0
7415,996,2026-02-10 20:00:00,10,1,0,dinner,rain,13,1,271,90,376.38,0,0.0,0.0,0.0,0,0.0,0.0,0.0,0.0,0.0,0,0,0
7416,996,2026-06-16 23:00:00,16,1,0,dinner,rain,5,2,240,78,339.14,1,0.05,0.044698442497031046,0.0053015575029689566,0,0.0,0.0,0.0,0.0,0.0,0,0,0
7417,996,2026-04-15 15:00:00,15,2,0,late_night,clear,10,2,27,8,409.25,1,0.15,0.14745321258921945,0.0025467874107805433,1,457.82,68.67,57.04,297.58,34.52,0,0,0
7418,997,2026-01-18 06:00:00,18,6,0,late_night,clear,2,2,342,116,418.51,1,0.05,0.039159845779330155,0.010840154220669848,1,441.76,22.09,81.82,287.15,50.71,0,1,0
7419,997,2026-06-02 00:00:00,2,1,1,dinner,clear,11,2,107,36,245.73,0,0.0,0.0,0.0,0,0.0,0.0,0.0,0.0,0.0,0,0,0
7420,997,2026-03-19 05:00:00,19,3,0,lunch,rain,8,3,24,7,471.83,1,0.1,0.08212234112920033,0.017877658870799673,1,516.64,51.66,83.8,335.82,45.36,0,0,0
7421,997,2026-02-02 20:00:00,2,0,1,late_night,rain,3,2,104,34,354.02,1,0.05,0.027865848152858197,0.022134151847141806,0,0.0,0.0,0.0,0.0,0.0,0,0,0
7422,997,2026-03-15 21:00:00,15,6,0,dinner,clear,4,1,440,151,317.0,1,0.2,0.13523396149208328,0.06476603850791673,1,364.72,72.94,51.64,237.07,3.07,0,0,0
7423,997,2026-03-26 20:00:00,26,3,1,breakfast,clear,5,2,365,124,467.16,0,0.0,0.0,0.0,0,0.0,0.0,0.0,0.0,0.0,0,0,0
7424,997,2026-04-28 07:00:00,28,1,1,lunch,extreme,5,2,269,90,408.04,1,0.2,0.15048485634316242,0.049515143656837596,1,469.47,93.89,72.76,305.15,-2.34,0,0,0
7425,997,2026-02-09 11:00:00,9,0,0,late_night,rain,5,3,461,158,470.93,1,0.05,0.02627271022631308,0.023727289773686922,1,497.09,24.85,84.64,323.11,64.49,0,0,0
7426,997,2026-03-13 17:00:00,13,4,0,dinner,clear,9,1,312,105,471.86,0,0.0,0.0,0.0,0,0.0,0.0,0.0,0.0,0.0,0,0,0
7427,997,2026-05-13 05:00:00,13,2,0,lunch,clear,14,1,317,106,383.97,0,0.0,0.0,0.0,0,0.0,0.0,0.0,0.0,0.0,0,0,0
7428,998,2026-02-08 06:00:00,8,6,0,breakfast,clear,10,2,466,159,288.17,0,0.0,0.0,0.0,1,288.17,0.0,51.7,187.31,49.16,0,0,0
7429,998,2026-04-05 15:00:00,5,6,1,late_night,clear,14,2,368,126,431.88,1,0.2,0.1945192712727055,0.00548072872729452,1,538.32,107.66,68.8,349.9,11.95,0,0,0
7430,998,2026-02-25 17:00:00,25,2,1,lunch,clear,10,2,51,16,606.47,1,0.2,0.17130397882824222,0.02869602117175779,1,755.93,151.19,53.62,491.36,59.77,0,0,0
7431,998,2026-01-24 15:00:00,24,5,0,lunch,clear,10,2,462,158,425.12,0,0.0,0.0,0.0,0,0.0,0.0,0.0,0.0,0.0,0,0,0
7432,998,2026-04-23 13:00:00,23,3,0,late_night,clear,12,1,328,110,369.63,0,0.0,0.0,0.0,0,0.0,0.0,0.0,0.0,0.0,0,0,0
7433,998,2026-06-27 16:00:00,27,5,1,breakfast,rain,13,2,88,29,328.27,0,0.0,0.0,0.0,0,0.0,0.0,0.0,0.0,0.0,0,0,0
7434,999,2026-05-13 11:00:00,13,2,0,lunch,clear,9,4,66,21,340.92,0,0.0,0.0,0.0,1,340.92,0.0,84.88,221.6,34.44,0,0,0
7435,999,2026-03-29 08:00:00,29,6,1,lunch,clear,14,1,450,155,358.65,0,0.0,0.0,0.0,0,0.0,0.0,0.0,0.0,0.0,0,0,0
