customer_id,locality_affluence,historical_avg_spend,budget_std_dev,paycheck_expansion_ratio,basket_discount_sensitivity,restaurant_offer_sensitivity,new_food_propensity,loyalty_score,pref_north_indian,pref_south_indian,pref_chinese,pref_italian,pref_mughlai,pref_continental,pref_desserts,pref_beverages
0,0.439,2810.84,316.83,1.48,0.154,0.684,0.248,0.978,0.0607,0.0023,0.2174,0.0813,0.3391,0.2104,0.0619,0.0267
1,0.522,4453.64,655.11,1.44,0.405,0.367,0.163,0.796,0.0127,0.0395,0.0002,0.1806,0.0982,0.2926,0.306,0.0701
2,0.612,2510.12,822.7,1.31,0.203,0.457,0.544,0.719,0.2212,0.0063,0.0066,0.0003,0.1598,0.2595,0.161,0.1854
3,0.514,2127.77,380.62,1.29,0.134,0.388,0.04,0.178,0.1299,0.127,0.5442,0.0392,0.0819,0.0156,0.0612,0.001
4,0.648,4365.97,866.51,1.26,0.158,0.628,0.094,0.554,0.4159,0.0061,0.0278,0.3702,0.0669,0.0027,0.0116,0.0988
5,0.72,3643.39,536.67,1.41,0.233,0.218,0.117,0.834,0.0139,0.0974,0.0003,0.0394,0.5663,0.0847,0.1833,0.0147
6,0.517,1960.88,506.0,1.28,0.152,0.361,0.135,0.54,0.0923,0.0326,0.0279,0.1236,0.225,0.0046,0.2097,0.2843
7,0.335,2014.47,574.48,1.2,0.402,0.248,0.17,0.815,0.0546,0.0185,0.096,0.2902,0.0034,0.2689,0.2219,0.0466
8,0.618,2543.13,840.04,1.5,0.241,0.555,0.193,0.634,0.0737,0.0131,0.3643,0.1496,0.0267,0.0298,0.205,0.1378
9,0.776,2938.09,706.66,1.24,0.206,0.666,0.518,0.516,0.0648,0.2057,0.3654,0.0014,0.0411,0.1308,0.0958,0.0951
10,0.376,1196.94,202.17,1.22,0.282,0.44,0.266,0.39,0.0055,0.1106,0.0145,0.219,0.1242,0.3812,0.0541,0.0909
11,0.525,1208.65,142.31,1.53,0.444,0.19,0.076,0.597,0.0988,0.1611,0.191,0.0232,0.1088,0.0897,0.2401,0.0872
12,0.774,1780.8,296.55,1.47,0.418,0.663,0.231,0.809,0.2756,0.0857,0.0373,0.1008,0.0108,0.2485,0.0479,0.1934
13,0.468,1475.58,375.67,1.49,0.26,0.409,0.111,0.473,0.0133,0.1037,0.1372,0.157,0.2335,0.1443,0.0185,0.1925
14,0.664,1860.13,639.0,1.31,0.28,0.428,0.146,0.671,0.0295,0.6089,0.0776,0.1032,0.0851,0.06,0.0043,0.0315
15,0.423,2729.06,326.94,1.43,0.49,0.432,0.547,0.934,0.0184,0.2205,0.0211,0.3055,0.259,0.0253,0.0913,0.0587
16,0.331,1874.19,369.39,1.57,0.803,0.695,0.336,0.916,0.1111,0.0004,0.1881,0.3441,0.1621,0.094,0.0886,0.0116
17,0.43,2298.89,613.36,1.28,0.685,0.427,0.525,0.645,0.018,0.0101,0.1973,0.2037,0.0747,0.0002,0.1514,0.3446
18,0.589,1419.63,345.88,1.18,0.185,0.271,0.237,0.966,0.0292,0.0321,0.2356,0.0153,0.0068,0.3483,0.135,0.1977
19,0.523,1860.18,489.09,1.23,0.213,0.705,0.056,0.788,0.3685,0.1183,0.0181,0.0,0.0389,0.2983,0.0112,0.1467
20,0.648,3019.42,651.6,1.55,0.235,0.313,0.104,0.727,0.2421,0.0709,0.0499,0.0511,0.214,0.0838,0.0973,0.1909
21,0.358,2586.31,431.29,1.28,0.117,0.344,0.519,0.834,0.0877,0.0397,0.0979,0.0273,0.138,0.3648,0.0203,0.2243
22,0.658,1795.76,396.3,1.37,0.285,0.5,0.435,0.493,0.1774,0.0302,0.1261,0.0751,0.064,0.401,0.0955,0.0306
23,0.42,2254.2,440.43,1.39,0.229,0.43,0.366,0.691,0.1044,0.0279,0.1073,0.3132,0.0069,0.3203,0.1044,0.0156
24,0.617,5663.65,1570.67,1.58,0.212,0.77,0.44,0.777,0.0859,0.0438,0.2931,0.1662,0.0435,0.177,0.108,0.0825
25,0.601,2314.24,330.72,1.29,0.836,0.583,0.35,0.72,0.0482,0.0835,0.0795,0.2964,0.0807,0.0699,0.2681,0.0739
26,0.246,1442.14,323.09,1.38,0.261,0.825,0.259,0.54,0.0095,0.1317,0.0074,0.0726,0.2603,0.1373,0.2424,0.1386
27,0.655,2235.74,759.63,1.58,0.784,0.665,0.27,0.523,0.2731,0.0011,0.374,0.0098,0.1278,0.1276,0.0222,0.0644
28,0.476,2262.61,527.07,1.24,0.341,0.669,0.064,0.544,0.0036,0.0546,0.2135,0.1228,0.1067,0.0643,0.3239,0.1105
29,0.825,2448.65,390.08,1.42,0.363,0.655,0.314,0.949,0.0425,0.4567,0.0158,0.1086,0.0279,0.0363,0.1669,0.1452
30,0.416,2081.55,695.16,1.18,0.375,0.252,0.177,0.803,0.0665,0.1179,0.0234,0.2633,0.4123,0.0249,0.0838,0.008
31,0.769,1422.42,229.07,1.27,0.297,0.095,0.017,0.619,0.1769,0.2488,0.031,0.3095,0.0037,0.0077,0.1702,0.0522
32,0.351,1381.17,397.49,1.18,0.188,0.614,0.217,0.675,0.2647,0.1199,0.0964,0.1512,0.0214,0.0091,0.0052,0.332
33,0.221,1765.1,224.84,1.3,0.179,0.272,0.306,0.57,0.1818,0.0232,0.0208,0.1862,0.1953,0.2821,0.0809,0.0296
34,0.686,2278.02,713.07,1.24,0.162,0.672,0.27,0.761,0.0911,0.2429,0.0039,0.3537,0.0369,0.1336,0.0823,0.0556
35,0.237,1508.88,219.0,1.51,0.681,0.616,0.609,0.604,0.0026,0.2382,0.2713,0.0378,0.0764,0.1185,0.1985,0.0567
36,0.271,1800.94,357.57,1.36,0.166,0.375,0.382,0.516,0.0025,0.0914,0.0073,0.2838,0.172,0.2284,0.0679,0.1465
37,0.761,2585.86,882.83,1.33,0.646,0.718,0.476,0.817,0.0094,0.1086,0.3217,0.0487,0.1016,0.0887,0.1527,0.1685
38,0.472,3105.38,760.35,1.46,0.617,0.368,0.588,0.487,0.0081,0.2146,0.2828,0.028,0.0749,0.3478,0.0232,0.0207
39,0.583,2219.76,368.48,1.58,0.372,0.159,0.161,0.121,0.0494,0.3798,0.0634,0.2347,0.015,0.1466,0.0371,0.074
40,0.648,2800.47,280.49,1.29,0.144,0.434,0.51,0.536,0.0858,0.2798,0.1801,0.2064,0.0715,0.0245,0.0017,0.1501
41,0.65,1924.77,195.74,1.18,0.2,0.415,0.151,0.709,0.1066,0.4179,0.0524,0.0878,0.0393,0.1876,0.0462,0.0622
42,0.466,2725.35,459.62,1.2,0.26,0.683,0.137,0.598,0.3756,0.0022,0.0114,0.0052,0.0773,0.1935,0.1467,0.1881
43,0.149,2075.67,480.96,1.54,0.472,0.519,0.31,0.629,0.0067,0.0025,0.3079,0.4389,0.1685,0.0179,0.0132,0.0444
44,0.314,2806.5,620.86,1.53,0.438,0.094,0.259,0.925,0.1702,0.3168,0.0544,0.0007,0.0569,0.0268,0.369,0.0052
45,0.374,2737.33,904.61,1.36,0.039,0.338,0.553,0.701,0.0295,0.0297,0.1006,0.057,0.2706,0.1156,0.2497,0.1473
46,0.749,3175.66,924.19,1.22,0.243,0.828,0.176,0.292,0.3168,0.1627,0.008,0.3055,0.015,0.0371,0.0908,0.0643
47,0.759,2424.53,802.96,1.39,0.224,0.299,0.158,0.705,0.022,0.1431,0.0022,0.64,0.0156,0.0286,0.0897,0.0588
48,0.243,2094.67,477.47,1.45,0.219,0.427,0.195,0.659,0.0354,0.0421,0.0623,0.124,0.2996,0.0418,0.1962,0.1985
49,0.449,3287.56,695.87,1.3,0.577,0.161,0.054,0.788,0.0117,0.0165,0.0837,0.2924,0.2964,0.1661,0.1284,0.0048
50,0.843,2020.69,488.04,1.19,0.312,0.158,0.046,0.596,0.1386,0.2697,0.1899,0.1763,0.1703,0.0062,0.0101,0.0388
51,0.506,1724.42,332.88,1.29,0.106,0.55,0.259,0.618,0.001,0.0259,0.0468,0.0002,0.8175,0.0405,0.0065,0.0616
52,0.621,2533.02,386.8,1.46,0.48,0.333,0.607,0.492,0.1443,0.0042,0.1571,0.0869,0.0863,0.4622,0.0385,0.0204
53,0.621,2780.51,859.64,1.59,0.304,0.448,0.078,0.878,0.0275,0.1251,0.0676,0.4048,0.0032,0.0103,0.3223,0.0391
54,0.601,1676.33,452.83,1.24,0.609,0.424,0.285,0.917,0.139,0.0087,0.0922,0.0731,0.0109,0.0169,0.2064,0.4527
55,0.439,2072.59,376.0,1.56,0.377,0.283,0.553,0.812,0.1371,0.0205,0.0845,0.1629,0.1479,0.0122,0.4198,0.0151
56,0.233,1818.47,384.73,1.36,0.333,0.515,0.14,0.682,0.091,0.0346,0.1719,0.0419,0.515,0.0193,0.0086,0.1177
57,0.62,970.57,151.76,1.45,0.162,0.76,0.17,0.243,0.1809,0.3451,0.2035,0.0421,0.0542,0.0001,0.135,0.0391
58,0.662,2202.06,530.06,1.54,0.563,0.43,0.404,0.767,0.4065,0.1384,0.0546,0.0659,0.0749,0.1959,0.0607,0.0031
59,0.27,1813.84,343.88,1.4,0.405,0.431,0.329,0.786,0.224,0.0203,0.1604,0.1161,0.2513,0.0198,0.0031,0.205
60,0.847,2464.09,785.78,1.18,0.247,0.166,0.155,0.728,0.2167,0.305,0.0453,0.1705,0.0066,0.0068,0.1615,0.0876
61,0.082,3005.05,697.45,1.27,0.359,0.687,0.255,0.767,0.1037,0.024,0.076,0.1154,0.0957,0.0879,0.0781,0.4192
62,0.104,1064.84,216.09,1.51,0.036,0.114,0.373,0.653,0.2015,0.0385,0.0505,0.2183,0.1075,0.0022,0.0143,0.3671
63,0.242,1365.17,392.36,1.4,0.275,0.268,0.481,0.88,0.0882,0.1899,0.0463,0.2779,0.099,0.0561,0.2395,0.0031
64,0.399,734.36,239.6,1.3,0.47,0.588,0.159,0.738,0.1451,0.0133,0.0056,0.1494,0.235,0.0052,0.0486,0.3977
65,0.517,1839.28,559.79,1.41,0.353,0.687,0.13,0.846,0.1439,0.0385,0.1878,0.0586,0.0307,0.1206,0.2613,0.1586
66,0.466,1850.89,414.1,1.27,0.354,0.534,0.383,0.738,0.0872,0.3717,0.0536,0.011,0.0052,0.1825,0.1084,0.1804
67,0.515,1816.77,343.57,1.26,0.393,0.618,0.6,0.886,0.0324,0.1737,0.3401,0.1086,0.0215,0.041,0.2225,0.0604
68,0.397,3247.86,862.41,1.52,0.485,0.322,0.371,0.459,0.368,0.0515,0.0366,0.0308,0.1174,0.2564,0.0483,0.091
69,0.793,3615.62,1099.93,1.33,0.401,0.212,0.349,0.711,0.1138,0.0999,0.2571,0.0418,0.0531,0.3013,0.0481,0.0848
70,0.378,2127.89,733.4,1.27,0.378,0.48,0.051,0.827,0.0169,0.0645,0.0302,0.2156,0.0054,0.2169,0.03,0.4205
71,0.44,1843.04,394.99,1.33,0.301,0.743,0.163,0.405,0.0676,0.2906,0.181,0.2982,0.0118,0.0207,0.1177,0.0124
72,0.283,2936.96,784.35,1.56,0.217,0.476,0.144,0.844,0.1388,0.0113,0.1703,0.063,0.1229,0.0163,0.1386,0.3389
73,0.493,2184.23,378.47,1.23,0.587,0.696,0.283,0.664,0.0285,0.0391,0.273,0.1584,0.3767,0.0025,0.098,0.0238
74,0.718,1782.42,217.22,1.23,0.262,0.908,0.53,0.649,0.0516,0.3027,0.0421,0.0308,0.0819,0.2926,0.1862,0.0121
75,0.819,1305.45,213.13,1.31,0.181,0.353,0.37,0.603,0.0698,0.1881,0.033,0.0312,0.1791,0.1653,0.1592,0.1742
76,0.603,1956.14,202.7,1.18,0.217,0.297,0.507,0.223,0.0308,0.2783,0.176,0.2923,0.1142,0.0033,0.0604,0.0447
77,0.543,3058.79,695.44,1.18,0.18,0.403,0.51,0.667,0.0754,0.1878,0.3483,0.1452,0.148,0.0172,0.0007,0.0773
78,0.423,5262.65,1017.21,1.15,0.326,0.436,0.584,0.443,0.1392,0.0534,0.4024,0.0038,0.0045,0.1342,0.0191,0.2433
79,0.609,2399.75,646.9,1.22,0.155,0.525,0.103,0.791,0.062,0.1146,0.032,0.0207,0.0015,0.0062,0.7597,0.0033
80,0.375,1515.7,384.73,1.44,0.285,0.265,0.203,0.534,0.1896,0.32,0.0493,0.1503,0.173,0.0584,0.0476,0.0117
81,0.599,1449.73,205.81,1.24,0.608,0.105,0.287,0.676,0.0642,0.0177,0.0317,0.0572,0.1886,0.1003,0.4288,0.1115
82,0.503,2759.26,740.74,1.32,0.379,0.392,0.237,0.748,0.0662,0.0703,0.1104,0.3033,0.0652,0.0107,0.3255,0.0485
83,0.573,1134.21,166.56,1.47,0.304,0.515,0.346,0.623,0.3243,0.4801,0.066,0.0225,0.0342,0.0204,0.0514,0.0011
84,0.743,3118.69,316.51,1.16,0.082,0.744,0.329,0.567,0.0298,0.0104,0.0121,0.279,0.0314,0.3714,0.1074,0.1585
85,0.261,2664.54,912.73,1.24,0.358,0.428,0.291,0.717,0.0077,0.1687,0.049,0.2541,0.3862,0.0698,0.0026,0.0618
86,0.543,2691.7,287.33,1.6,0.021,0.852,0.17,0.577,0.3526,0.0383,0.0223,0.228,0.0267,0.14,0.1197,0.0724
87,0.475,1996.45,370.22,1.42,0.484,0.677,0.073,0.747,0.0672,0.2434,0.0364,0.0578,0.0121,0.0627,0.2966,0.2238
88,0.577,2886.42,748.67,1.45,0.068,0.583,0.151,0.781,0.0555,0.3899,0.0887,0.0056,0.2893,0.0399,0.014,0.1172
89,0.58,2468.66,475.45,1.38,0.069,0.717,0.12,0.949,0.1232,0.0118,0.0798,0.0908,0.0161,0.2862,0.1262,0.2658
90,0.563,1673.97,326.93,1.58,0.391,0.843,0.183,0.961,0.3118,0.0794,0.0607,0.0147,0.0384,0.1238,0.11,0.2612
91,0.722,5193.37,1457.69,1.21,0.31,0.264,0.204,0.526,0.1386,0.0525,0.0005,0.011,0.1093,0.1902,0.0396,0.4584
92,0.793,2226.37,557.79,1.18,0.518,0.669,0.269,0.467,0.0073,0.3403,0.1152,0.1536,0.1367,0.0778,0.0569,0.1121
93,0.44,2913.91,669.02,1.52,0.496,0.689,0.127,0.965,0.0589,0.1059,0.19,0.0586,0.0054,0.0914,0.1876,0.3022
94,0.334,763.62,245.57,1.15,0.053,0.628,0.248,0.559,0.0613,0.1573,0.1441,0.0298,0.0237,0.2066,0.0764,0.3007
95,0.217,3113.13,395.46,1.4,0.308,0.469,0.304,0.817,0.2687,0.1192,0.019,0.0054,0.0113,0.0112,0.323,0.2422
96,0.831,4694.56,1020.79,1.15,0.204,0.694,0.22,0.608,0.0016,0.0676,0.199,0.1264,0.0825,0.424,0.0114,0.0875
97,0.302,1995.03,318.74,1.31,0.296,0.524,0.266,0.732,0.1739,0.4268,0.0222,0.0035,0.0304,0.2536,0.0826,0.007
98,0.441,2674.34,292.04,1.44,0.232,0.63,0.433,0.256,0.0488,0.0439,0.0445,0.0138,0.1658,0.1598,0.2475,0.2757
99,0.487,2742.26,945.42,1.4,0.336,0.514,0.446,0.79,0.0808,0.0315,0.0021,0.183,0.0063,0.0694,0.5498,0.0772
100,0.358,1576.17,446.85,1.4,0.774,0.486,0.296,0.267,0.1789,0.1872,0.0079,0.0239,0.1749,0.0734,0.2391,0.1147
101,0.479,2718.45,418.77,1.22,0.369,0.497,0.327,0.847,0.1797,0.1808,0.1374,0.1825,0.0445,0.0326,0.1835,0.059
102,0.801,1861.18,373.37,1.28,0.055,0.486,0.152,0.76,0.0578,0.0409,0.0517,0.037,0.1402,0.1768,0.4879,0.0075
103,0.086,1340.49,209.79,1.47,0.091,0.609,0.299,0.65,0.1732,0.1017,0.0559,0.1825,0.1774,0.1189,0.012,0.1784
104,0.354,3191.93,865.69,1.16,0.086,0.546,0.189,0.564,0.0533,0.0747,0.0723,0.1604,0.0132,0.1409,0.1721,0.3131
105,0.389,3065.09,575.05,1.42,0.337,0.217,0.279,0.696,0.0302,0.1054,0.2588,0.2264,0.2108,0.132,0.0048,0.0316
106,0.609,1764.79,582.32,1.38,0.17,0.601,0.763,0.885,0.0726,0.2214,0.0457,0.1539,0.2981,0.0752,0.058,0.0751
107,0.258,1430.19,217.23,1.3,0.298,0.803,0.432,0.595,0.1608,0.5494,0.0017,0.0928,0.0728,0.0835,0.0276,0.0113
108,0.431,1642.26,307.85,1.3,0.433,0.591,0.59,0.86,0.0894,0.1306,0.2968,0.0153,0.0189,0.3935,0.0299,0.0256
109,0.354,2725.73,907.54,1.51,0.171,0.374,0.541,0.701,0.0542,0.139,0.1162,0.0307,0.1276,0.0015,0.011,0.5198
110,0.521,1497.95,481.1,1.32,0.263,0.594,0.317,0.695,0.2937,0.1002,0.0148,0.0553,0.0436,0.3157,0.1627,0.014
111,0.418,2433.94,421.78,1.19,0.093,0.735,0.441,0.732,0.298,0.0497,0.0647,0.1609,0.3114,0.0477,0.0668,0.0008
112,0.308,2666.9,588.76,1.58,0.091,0.089,0.15,0.483,0.0426,0.0072,0.0048,0.1464,0.0211,0.1545,0.1293,0.4942
113,0.667,2327.5,746.96,1.21,0.072,0.305,0.332,0.554,0.1703,0.15,0.0003,0.3344,0.0779,0.0419,0.157,0.0681
114,0.724,3713.36,993.91,1.51,0.53,0.396,0.25,0.761,0.1731,0.031,0.0187,0.1956,0.0101,0.2032,0.2337,0.1346
115,0.598,2061.1,534.48,1.16,0.334,0.217,0.067,0.413,0.2364,0.2444,0.0226,0.0897,0.2974,0.0797,0.028,0.0018
116,0.796,2356.03,624.68,1.31,0.42,0.596,0.46,0.434,0.0898,0.127,0.0002,0.5835,0.0392,0.0613,0.0449,0.054
117,0.356,1377.4,454.88,1.38,0.546,0.816,0.608,0.835,0.0208,0.0695,0.0161,0.0398,0.2584,0.1631,0.0778,0.3544
118,0.6,3499.59,802.43,1.16,0.463,0.476,0.205,0.884,0.0805,0.0042,0.1739,0.3052,0.1617,0.008,0.2367,0.0298
119,0.369,1509.82,219.6,1.48,0.606,0.255,0.173,0.601,0.0284,0.0177,0.0328,0.0674,0.2806,0.1644,0.3622,0.0467
120,0.642,2738.54,597.5,1.27,0.292,0.457,0.378,0.922,0.1414,0.4484,0.0123,0.0659,0.0492,0.0681,0.0021,0.2126
121,0.52,2170.12,612.46,1.39,0.29,0.634,0.544,0.772,0.006,0.3844,0.0021,0.0065,0.1913,0.0727,0.0416,0.2953
122,0.619,1544.12,344.39,1.51,0.271,0.452,0.076,0.763,0.1755,0.2326,0.0096,0.0166,0.4858,0.0141,0.0255,0.0403
123,0.284,1527.35,272.35,1.42,0.32,0.663,0.17,0.379,0.0105,0.5276,0.0049,0.0953,0.1007,0.0544,0.0498,0.1567
124,0.686,4231.04,1127.92,1.36,0.206,0.53,0.388,0.503,0.0427,0.026,0.0934,0.0139,0.4634,0.0323,0.002,0.3262
125,0.77,2747.93,584.09,1.3,0.275,0.581,0.137,0.724,0.0322,0.0441,0.0437,0.2295,0.0967,0.2494,0.0547,0.2497
126,0.091,1146.42,390.59,1.17,0.582,0.721,0.225,0.417,0.0541,0.1175,0.0252,0.1647,0.0832,0.022,0.215,0.3183
127,0.157,2029.31,381.58,1.56,0.663,0.719,0.096,0.709,0.1709,0.0056,0.1466,0.2813,0.1832,0.1705,0.01,0.0318
128,0.687,2296.78,641.65,1.42,0.135,0.647,0.413,0.68,0.0596,0.0058,0.2501,0.0287,0.0009,0.2078,0.4007,0.0463
129,0.404,8336.02,1990.38,1.43,0.118,0.839,0.228,0.835,0.0371,0.1074,0.0009,0.1316,0.0291,0.2262,0.1404,0.3273
130,0.47,2435.45,290.77,1.35,0.744,0.43,0.289,0.794,0.32,0.0089,0.0217,0.0816,0.0202,0.1155,0.2621,0.1702
131,0.2,1587.05,345.09,1.32,0.255,0.512,0.198,0.834,0.0007,0.0109,0.0343,0.4382,0.2291,0.0051,0.1802,0.1016
132,0.494,3886.15,416.95,1.17,0.069,0.423,0.178,0.487,0.0563,0.4775,0.1644,0.0099,0.071,0.0026,0.0218,0.1966
133,0.595,1112.69,330.98,1.23,0.414,0.526,0.461,0.832,0.0395,0.0993,0.1139,0.1609,0.1314,0.1742,0.2046,0.0761
134,0.704,2549.85,723.22,1.34,0.235,0.762,0.366,0.924,0.2493,0.0304,0.0994,0.0581,0.0143,0.0646,0.3969,0.087
135,0.841,5817.78,655.24,1.26,0.118,0.562,0.082,0.836,0.128,0.0053,0.1868,0.3385,0.0053,0.0791,0.0225,0.2345
136,0.196,1758.91,395.62,1.17,0.333,0.687,0.462,0.695,0.061,0.012,0.063,0.0497,0.0964,0.0145,0.5489,0.1545
137,0.43,1062.41,361.63,1.4,0.277,0.339,0.044,0.707,0.0703,0.0659,0.2364,0.1091,0.0268,0.2057,0.2774,0.0083
138,0.544,1931.3,330.56,1.36,0.353,0.674,0.39,0.775,0.0629,0.0045,0.6331,0.2333,0.0112,0.0007,0.0019,0.0524
139,0.557,4076.7,1329.31,1.34,0.165,0.649,0.184,0.771,0.0257,0.1529,0.0228,0.0786,0.3849,0.1878,0.0576,0.0897
140,0.593,2698.93,371.84,1.5,0.591,0.261,0.106,0.516,0.0758,0.3104,0.1869,0.0366,0.18,0.1273,0.051,0.0321
141,0.428,1517.84,154.29,1.42,0.459,0.744,0.19,0.412,0.1471,0.0343,0.0083,0.0511,0.4059,0.0032,0.071,0.2791
142,0.383,1572.94,365.91,1.15,0.324,0.371,0.206,0.492,0.1193,0.1542,0.0031,0.062,0.2311,0.0077,0.0593,0.3633
143,0.397,1667.05,266.41,1.49,0.367,0.317,0.229,0.205,0.1171,0.0309,0.2892,0.0185,0.0804,0.1781,0.019,0.2668
144,0.23,2177.06,696.24,1.37,0.346,0.669,0.338,0.926,0.0572,0.197,0.0327,0.0141,0.1694,0.4981,0.0309,0.0007
145,0.352,3469.25,931.42,1.38,0.377,0.448,0.164,0.231,0.2803,0.1773,0.0075,0.2028,0.0991,0.1396,0.0363,0.0571
146,0.507,3378.18,917.93,1.55,0.275,0.548,0.261,0.786,0.1492,0.0961,0.0293,0.0778,0.0988,0.0956,0.143,0.3102
147,0.774,3048.13,817.88,1.2,0.408,0.262,0.319,0.838,0.0244,0.0052,0.3305,0.0129,0.1317,0.158,0.0499,0.2873
148,0.731,1460.75,394.02,1.42,0.407,0.316,0.092,0.895,0.1584,0.0072,0.0729,0.211,0.1884,0.0818,0.0305,0.2499
149,0.772,1491.68,427.78,1.28,0.087,0.458,0.546,0.615,0.26,0.045,0.0332,0.0337,0.0215,0.1267,0.477,0.0029
150,0.361,2526.91,675.88,1.17,0.37,0.331,0.417,0.414,0.0113,0.2183,0.0315,0.0317,0.2871,0.1199,0.0753,0.225
151,0.461,1262.54,389.58,1.35,0.414,0.398,0.367,0.903,0.1687,0.2998,0.0336,0.2309,0.0503,0.094,0.0379,0.0848
152,0.752,2296.69,550.13,1.28,0.297,0.596,0.056,0.797,0.0184,0.1562,0.0096,0.1181,0.0723,0.0723,0.4544,0.0988
153,0.845,2965.4,556.52,1.15,0.256,0.745,0.05,0.809,0.0286,0.156,0.1646,0.4102,0.0057,0.0823,0.0218,0.1307
154,0.579,1462.1,316.85,1.37,0.545,0.447,0.638,0.354,0.4678,0.0087,0.0148,0.1246,0.0355,0.1427,0.1601,0.0458
155,0.279,1290.17,271.01,1.29,0.037,0.578,0.113,0.383,0.0295,0.3722,0.1651,0.0171,0.259,0.0014,0.1525,0.0032
156,0.47,2093.3,383.34,1.35,0.302,0.729,0.3,0.685,0.0278,0.0852,0.1213,0.5424,0.0383,0.0043,0.0333,0.1473
157,0.471,2660.13,542.31,1.16,0.503,0.493,0.199,0.579,0.0651,0.0067,0.0375,0.0766,0.034,0.3332,0.3609,0.086
158,0.611,3583.36,703.22,1.33,0.379,0.441,0.519,0.829,0.0444,0.0311,0.1871,0.1726,0.2226,0.0715,0.1265,0.1441
159,0.752,3204.56,409.49,1.36,0.095,0.286,0.509,0.918,0.0787,0.0008,0.1455,0.0234,0.4921,0.0949,0.095,0.0696
160,0.481,2251.34,692.6,1.36,0.274,0.361,0.311,0.674,0.1284,0.0951,0.3614,0.0293,0.1152,0.2219,0.0405,0.0081
161,0.806,1913.28,553.16,1.47,0.242,0.632,0.513,0.537,0.02,0.2189,0.0234,0.1196,0.0109,0.1828,0.1257,0.2987
162,0.78,1659.22,305.94,1.6,0.356,0.457,0.506,0.908,0.1321,0.1789,0.028,0.206,0.1005,0.2339,0.0707,0.0499
163,0.778,2074.46,697.61,1.16,0.203,0.408,0.081,0.545,0.0117,0.0061,0.0185,0.0364,0.1382,0.2876,0.1319,0.3697
164,0.297,2315.01,780.95,1.33,0.304,0.636,0.307,0.901,0.3825,0.0992,0.0001,0.1339,0.0287,0.0142,0.3226,0.019
165,0.632,2709.41,851.24,1.54,0.323,0.677,0.147,0.923,0.0597,0.6065,0.1231,0.1127,0.0,0.0702,0.0081,0.0197
166,0.223,809.65,86.91,1.43,0.247,0.7,0.102,0.501,0.1892,0.1189,0.1099,0.1348,0.114,0.0779,0.0268,0.2284
167,0.341,1473.35,284.07,1.59,0.292,0.377,0.4,0.38,0.0147,0.1079,0.0332,0.3832,0.0511,0.038,0.0002,0.3716
168,0.76,4083.39,875.21,1.47,0.045,0.742,0.278,0.4,0.0237,0.0067,0.0125,0.4628,0.0732,0.032,0.2968,0.0923
169,0.313,2048.42,572.9,1.48,0.044,0.439,0.42,0.963,0.2886,0.0128,0.1176,0.0012,0.1803,0.0778,0.0206,0.3012
170,0.28,1102.98,285.34,1.18,0.208,0.422,0.053,0.476,0.0442,0.1782,0.1091,0.0216,0.0487,0.1625,0.0675,0.3682
171,0.723,6359.48,1714.48,1.27,0.327,0.598,0.236,0.688,0.4461,0.1087,0.0059,0.0736,0.0542,0.0784,0.1929,0.0403
172,0.445,2118.72,618.25,1.41,0.76,0.492,0.554,0.725,0.0067,0.0707,0.2652,0.5028,0.0192,0.0365,0.0789,0.0201
173,0.326,2331.46,785.96,1.39,0.423,0.508,0.245,0.316,0.0911,0.4045,0.0346,0.0968,0.0587,0.2146,0.0653,0.0344
174,0.382,2425.3,576.92,1.49,0.482,0.621,0.297,0.869,0.1151,0.0014,0.2498,0.0355,0.1366,0.1662,0.2434,0.0519
175,0.748,2165.16,705.87,1.6,0.113,0.424,0.066,0.705,0.0236,0.1121,0.0506,0.0436,0.5424,0.1174,0.0051,0.1052
176,0.213,1393.28,423.15,1.24,0.322,0.722,0.289,0.637,0.2309,0.2073,0.3864,0.0132,0.0163,0.0222,0.1136,0.01
177,0.79,5978.01,1102.83,1.34,0.321,0.437,0.065,0.524,0.0605,0.0352,0.3635,0.0379,0.1224,0.1058,0.1392,0.1356
178,0.768,3783.37,1147.94,1.54,0.249,0.509,0.474,0.737,0.0276,0.1409,0.079,0.2416,0.0986,0.0434,0.3514,0.0176
179,0.467,3014.93,389.94,1.53,0.204,0.189,0.266,0.485,0.0686,0.457,0.0823,0.0613,0.0109,0.0632,0.0513,0.2054
180,0.359,2568.06,358.73,1.52,0.321,0.616,0.156,0.999,0.1736,0.1654,0.0001,0.1837,0.0277,0.2166,0.1758,0.0572
181,0.283,1303.89,453.88,1.43,0.493,0.138,0.643,0.642,0.3104,0.0019,0.0202,0.3551,0.0344,0.0023,0.0047,0.271
182,0.861,4407.41,913.09,1.6,0.115,0.52,0.421,0.633,0.2075,0.2984,0.0269,0.0091,0.0306,0.3315,0.0739,0.0221
183,0.311,1414.54,304.34,1.31,0.551,0.371,0.32,0.599,0.1066,0.1898,0.0918,0.0011,0.2656,0.1722,0.0654,0.1076
184,0.258,2147.67,725.39,1.2,0.369,0.789,0.302,0.71,0.039,0.1678,0.2126,0.0248,0.094,0.1336,0.049,0.2792
185,0.538,1170.65,222.96,1.21,0.234,0.385,0.139,0.595,0.1408,0.0479,0.0658,0.0147,0.5066,0.0517,0.1173,0.0553
186,0.838,1156.94,184.23,1.35,0.158,0.485,0.638,0.529,0.0028,0.054,0.4015,0.0465,0.0619,0.2419,0.0114,0.18
187,0.779,2891.08,345.35,1.51,0.388,0.566,0.151,0.908,0.1501,0.1276,0.0078,0.4584,0.0427,0.0333,0.1358,0.0443
188,0.294,1418.62,327.21,1.35,0.11,0.555,0.154,0.756,0.1093,0.2783,0.0002,0.1611,0.099,0.0305,0.2221,0.0994
189,0.439,964.09,144.54,1.43,0.363,0.294,0.269,0.443,0.0252,0.0397,0.0064,0.2834,0.0096,0.3076,0.0847,0.2434
190,0.164,2240.11,260.3,1.31,0.409,0.497,0.259,0.848,0.1788,0.1758,0.0701,0.1136,0.0875,0.0442,0.2864,0.0436
191,0.27,4512.86,1368.6,1.47,0.027,0.314,0.255,0.818,0.0013,0.2811,0.2291,0.2521,0.0252,0.0639,0.1291,0.0182
192,0.565,3987.42,726.3,1.22,0.38,0.234,0.47,0.385,0.1028,0.0011,0.0174,0.1555,0.1073,0.4945,0.0365,0.085
193,0.538,2034.27,498.09,1.38,0.073,0.626,0.192,0.666,0.0321,0.2436,0.0563,0.0704,0.3368,0.0078,0.1434,0.1096
194,0.14,1781.87,224.8,1.23,0.015,0.656,0.046,0.806,0.2094,0.034,0.2909,0.0167,0.0168,0.0631,0.0713,0.2978
195,0.536,3213.47,727.52,1.36,0.261,0.426,0.505,0.796,0.1454,0.0923,0.1781,0.1732,0.1161,0.0291,0.0298,0.2361
196,0.311,3104.65,800.88,1.34,0.382,0.327,0.364,0.326,0.039,0.2275,0.1016,0.0814,0.1493,0.3205,0.0009,0.0798
197,0.275,1689.44,358.95,1.42,0.306,0.468,0.365,0.655,0.1232,0.3145,0.0158,0.0883,0.2337,0.153,0.067,0.0044
198,0.495,2233.73,411.83,1.38,0.398,0.454,0.677,0.723,0.522,0.0401,0.1227,0.011,0.116,0.0038,0.0842,0.1001
199,0.437,2406.08,427.65,1.59,0.535,0.694,0.201,0.906,0.1747,0.1148,0.1489,0.0038,0.2976,0.1293,0.0758,0.055
200,0.84,3268.85,416.27,1.56,0.553,0.419,0.336,0.785,0.0011,0.0524,0.0674,0.037,0.1713,0.6267,0.0148,0.0295
201,0.496,2090.51,269.51,1.28,0.217,0.349,0.095,0.832,0.092,0.0726,0.039,0.1604,0.1786,0.3893,0.0538,0.0144
202,0.316,1894.51,424.23,1.2,0.204,0.193,0.495,0.702,0.2192,0.0141,0.2198,0.2232,0.0023,0.0877,0.0006,0.233
203,0.686,4226.38,569.32,1.18,0.21,0.472,0.247,0.363,0.0276,0.0604,0.0421,0.1376,0.0228,0.0046,0.3099,0.395
204,0.481,3547.22,552.88,1.24,0.156,0.563,0.102,0.664,0.0003,0.033,0.1424,0.3603,0.2749,0.1309,0.0191,0.0392
205,0.637,2874.22,405.85,1.25,0.313,0.379,0.248,0.833,0.0622,0.2377,0.111,0.2574,0.0005,0.0213,0.1227,0.1871
206,0.397,4146.71,1246.59,1.55,0.597,0.326,0.396,0.582,0.2415,0.1979,0.2509,0.0156,0.0632,0.1294,0.0369,0.0647
207,0.623,2019.93,429.09,1.57,0.577,0.675,0.351,0.704,0.2029,0.0914,0.0085,0.1336,0.132,0.061,0.2693,0.1013
208,0.19,3512.6,836.52,1.25,0.26,0.318,0.186,0.846,0.1947,0.1344,0.0471,0.3659,0.0475,0.1114,0.084,0.0149
209,0.606,2903.77,713.57,1.49,0.161,0.902,0.475,0.621,0.0129,0.0085,0.146,0.001,0.2561,0.171,0.3774,0.0271
210,0.429,7860.6,1565.02,1.53,0.26,0.647,0.349,0.688,0.1201,0.1884,0.0308,0.0986,0.1702,0.2826,0.0535,0.0558
211,0.238,1175.49,205.25,1.32,0.357,0.693,0.224,0.295,0.01,0.2506,0.221,0.0192,0.161,0.1598,0.157,0.0214
212,0.517,1692.4,331.05,1.54,0.377,0.46,0.303,0.981,0.1164,0.0201,0.5334,0.0233,0.0553,0.1158,0.0761,0.0595
213,0.194,2177.01,508.78,1.59,0.35,0.179,0.53,0.217,0.1145,0.1762,0.0323,0.1317,0.0674,0.3795,0.0014,0.097
214,0.441,2506.39,475.32,1.59,0.303,0.748,0.293,0.61,0.0039,0.2496,0.0431,0.0175,0.0282,0.5465,0.0693,0.0418
215,0.585,5044.25,676.71,1.48,0.325,0.387,0.39,0.2,0.2865,0.0318,0.0977,0.0691,0.0372,0.0292,0.2243,0.2242
216,0.705,1880.04,617.45,1.32,0.723,0.249,0.157,0.761,0.0264,0.0428,0.3217,0.0271,0.0198,0.3085,0.0006,0.2531
217,0.604,3352.95,949.23,1.25,0.729,0.565,0.092,0.911,0.0087,0.1558,0.1223,0.1345,0.0126,0.0638,0.4628,0.0395
218,0.359,3247.12,378.51,1.6,0.268,0.606,0.498,0.816,0.221,0.1988,0.084,0.1622,0.0285,0.0663,0.1501,0.0891
219,0.438,2830.4,923.91,1.27,0.28,0.168,0.539,0.722,0.0039,0.3456,0.1089,0.0906,0.2216,0.1654,0.0471,0.0168
220,0.189,1249.1,178.14,1.35,0.231,0.748,0.409,0.899,0.0506,0.4441,0.0738,0.1349,0.0291,0.1667,0.0986,0.0023
221,0.45,3775.01,469.73,1.27,0.638,0.52,0.06,0.827,0.0824,0.0202,0.1483,0.0299,0.1321,0.4966,0.0423,0.0483
222,0.496,3605.78,516.72,1.37,0.527,0.521,0.136,0.558,0.0068,0.3913,0.3319,0.0352,0.1003,0.0033,0.0138,0.1172
223,0.775,3229.93,1076.4,1.2,0.106,0.367,0.537,0.988,0.0036,0.0388,0.0052,0.2622,0.1741,0.0854,0.1731,0.2576
224,0.484,2376.71,369.16,1.51,0.478,0.446,0.154,0.759,0.2571,0.1366,0.1335,0.0541,0.0485,0.1745,0.0145,0.1812
225,0.326,2189.32,649.68,1.38,0.581,0.298,0.388,0.588,0.0678,0.0754,0.013,0.3834,0.0969,0.1465,0.0388,0.1781
226,0.58,2233.91,582.51,1.34,0.584,0.403,0.561,0.778,0.0738,0.1197,0.2309,0.241,0.0932,0.0721,0.0674,0.1021
227,0.434,2751.9,631.71,1.31,0.166,0.487,0.031,0.588,0.1637,0.0615,0.1677,0.3208,0.0276,0.0708,0.0806,0.1073
228,0.632,2398.59,459.09,1.41,0.396,0.229,0.173,0.643,0.0871,0.1248,0.0988,0.0116,0.3714,0.1169,0.1348,0.0546
229,0.443,1524.69,187.89,1.5,0.223,0.329,0.181,0.961,0.007,0.0303,0.4014,0.2512,0.0066,0.0382,0.1958,0.0696
230,0.509,1459.38,405.22,1.56,0.238,0.465,0.221,0.482,0.1549,0.0333,0.1041,0.4081,0.0455,0.2219,0.0071,0.0252
231,0.432,1574.84,312.91,1.53,0.224,0.397,0.143,0.609,0.396,0.4054,0.0638,0.0755,0.0195,0.0165,0.008,0.0154
232,0.501,2415.45,564.6,1.35,0.072,0.771,0.234,0.964,0.0354,0.2389,0.1179,0.0263,0.0811,0.0229,0.0808,0.3968
233,0.463,2141.27,241.84,1.53,0.334,0.516,0.433,0.366,0.0145,0.0366,0.1329,0.219,0.0474,0.1925,0.324,0.0331
234,0.612,2555.46,751.27,1.39,0.331,0.283,0.448,0.62,0.1194,0.4288,0.0632,0.0233,0.0887,0.039,0.2019,0.0356
235,0.209,2271.2,620.19,1.44,0.343,0.811,0.383,0.424,0.1508,0.0166,0.2548,0.0457,0.0077,0.2008,0.1206,0.2031
236,0.46,1681.77,390.72,1.45,0.456,0.698,0.295,0.841,0.1585,0.0998,0.063,0.0017,0.0018,0.2115,0.454,0.0096
237,0.493,3956.4,886.54,1.33,0.564,0.499,0.398,0.533,0.0102,0.1088,0.0075,0.3251,0.0078,0.0596,0.4718,0.0093
238,0.821,2333.13,429.9,1.37,0.058,0.398,0.651,0.405,0.0363,0.0524,0.3033,0.0956,0.0727,0.0755,0.3324,0.0318
239,0.679,2039.35,378.5,1.46,0.139,0.572,0.525,0.598,0.0165,0.0652,0.2829,0.1727,0.0091,0.2191,0.0068,0.2277
240,0.423,2566.93,300.63,1.29,0.164,0.42,0.537,0.45,0.3266,0.1235,0.0504,0.0002,0.0279,0.136,0.3336,0.0018
241,0.824,1247.04,338.79,1.49,0.62,0.471,0.68,0.493,0.1345,0.2814,0.0627,0.2162,0.0094,0.1087,0.1372,0.0498
242,0.535,1640.93,182.54,1.31,0.443,0.335,0.529,0.361,0.1555,0.1308,0.0047,0.3758,0.0155,0.0115,0.039,0.2673
243,0.668,3570.07,358.27,1.41,0.381,0.713,0.433,0.559,0.071,0.2017,0.0006,0.2255,0.0193,0.1191,0.2445,0.1184
244,0.694,1219.31,131.37,1.53,0.314,0.171,0.141,0.275,0.1201,0.0614,0.1012,0.0105,0.1138,0.0406,0.4666,0.0858
245,0.837,4089.32,616.92,1.16,0.064,0.164,0.105,0.804,0.2164,0.0029,0.0265,0.2539,0.0789,0.3113,0.027,0.083
246,0.533,4117.44,998.68,1.26,0.443,0.379,0.223,0.628,0.0986,0.1925,0.0187,0.4837,0.0369,0.0342,0.0894,0.0459
247,0.775,2191.31,592.29,1.4,0.319,0.451,0.422,0.887,0.0334,0.1642,0.0156,0.0217,0.7138,0.0019,0.0185,0.0308
248,0.336,2260.6,463.84,1.2,0.119,0.481,0.408,0.95,0.0996,0.0206,0.0058,0.516,0.1567,0.1385,0.0389,0.0238
249,0.732,3894.1,787.23,1.24,0.233,0.425,0.198,0.889,0.0698,0.2989,0.3934,0.0912,0.0136,0.0083,0.1062,0.0187
250,0.588,1921.46,469.21,1.49,0.124,0.334,0.129,0.838,0.1319,0.0211,0.0066,0.0689,0.2483,0.4576,0.0513,0.0144
251,0.557,3223.31,803.27,1.16,0.439,0.401,0.148,0.695,0.2053,0.1389,0.1718,0.0118,0.0506,0.2132,0.1309,0.0775
252,0.405,1602.11,498.66,1.42,0.255,0.442,0.482,0.666,0.0317,0.0093,0.598,0.1045,0.0389,0.1872,0.0176,0.0129
253,0.786,2110.08,643.09,1.17,0.369,0.235,0.18,0.74,0.0108,0.0014,0.1489,0.1672,0.142,0.1131,0.2711,0.1454
254,0.598,1690.4,517.06,1.2,0.467,0.627,0.305,0.895,0.1243,0.154,0.0894,0.1365,0.0057,0.0047,0.2278,0.2577
255,0.561,2618.36,814.42,1.33,0.147,0.659,0.156,0.892,0.1874,0.0283,0.0185,0.2698,0.1613,0.0949,0.1958,0.044
256,0.49,3491.99,1117.29,1.58,0.077,0.505,0.252,0.88,0.0416,0.3535,0.0681,0.3515,0.0966,0.003,0.0004,0.0853
257,0.146,1656.58,395.64,1.4,0.074,0.528,0.173,0.749,0.0142,0.3984,0.175,0.0205,0.1779,0.0213,0.108,0.0846
258,0.726,1492.53,371.33,1.29,0.395,0.174,0.405,0.899,0.0902,0.132,0.2625,0.2255,0.0481,0.0166,0.2122,0.0128
259,0.291,1269.2,357.67,1.34,0.586,0.262,0.325,0.957,0.1579,0.2344,0.0266,0.0171,0.0036,0.3125,0.0185,0.2294
260,0.752,2942.21,440.6,1.41,0.39,0.424,0.148,0.818,0.0653,0.1268,0.0658,0.1197,0.3287,0.0098,0.0776,0.2063
261,0.712,5155.26,980.09,1.43,0.197,0.435,0.445,0.49,0.1099,0.082,0.0177,0.006,0.0436,0.2194,0.2489,0.2724
262,0.575,2692.05,883.43,1.27,0.36,0.778,0.063,0.521,0.3764,0.0001,0.229,0.151,0.0356,0.1516,0.0477,0.0085
263,0.28,1665.74,384.27,1.24,0.063,0.745,0.441,0.583,0.0011,0.0836,0.0575,0.0718,0.1568,0.0963,0.18,0.353
264,0.253,2597.96,293.43,1.37,0.224,0.199,0.293,0.643,0.1453,0.2373,0.0082,0.2268,0.0865,0.0363,0.1956,0.0641
265,0.542,2053.25,413.5,1.44,0.601,0.459,0.329,0.684,0.2099,0.256,0.0138,0.1907,0.0235,0.171,0.1058,0.0294
266,0.532,1932.69,270.96,1.52,0.245,0.353,0.347,0.557,0.1134,0.0104,0.0866,0.0044,0.0195,0.0156,0.6444,0.1057
267,0.18,1242.99,235.01,1.42,0.384,0.078,0.151,0.724,0.1139,0.0487,0.0288,0.0931,0.4247,0.0417,0.1815,0.0676
268,0.505,3892.03,919.47,1.46,0.748,0.599,0.233,0.811,0.2962,0.0552,0.1768,0.1309,0.0141,0.2218,0.0892,0.0156
269,0.209,672.93,152.27,1.37,0.147,0.414,0.182,0.689,0.038,0.4293,0.0486,0.0794,0.2284,0.1428,0.0256,0.0079
270,0.371,2825.99,629.11,1.41,0.546,0.658,0.092,0.831,0.0101,0.0,0.0376,0.0071,0.301,0.0482,0.5556,0.0402
271,0.547,1882.0,196.83,1.44,0.268,0.918,0.08,0.769,0.0469,0.2309,0.0438,0.3263,0.0049,0.1821,0.001,0.1642
272,0.2,1568.6,331.41,1.26,0.204,0.578,0.102,0.938,0.1844,0.2089,0.034,0.2233,0.153,0.1287,0.0543,0.0135
273,0.301,3876.9,415.76,1.57,0.137,0.488,0.224,0.467,0.434,0.0541,0.131,0.013,0.0289,0.1451,0.0112,0.1827
274,0.418,1586.4,319.21,1.31,0.414,0.244,0.324,0.446,0.1547,0.0044,0.0566,0.2197,0.024,0.1402,0.2502,0.1502
275,0.58,1756.83,459.85,1.42,0.082,0.807,0.246,0.52,0.285,0.1477,0.0002,0.1736,0.2162,0.0784,0.0823,0.0166
276,0.475,2068.95,272.02,1.4,0.082,0.32,0.479,0.492,0.0013,0.0765,0.0285,0.2586,0.1974,0.2471,0.0146,0.1759
277,0.268,2276.96,749.56,1.53,0.158,0.206,0.402,0.712,0.3708,0.0635,0.0512,0.072,0.0681,0.0556,0.0732,0.2456
278,0.495,1846.38,475.68,1.2,0.439,0.802,0.419,0.561,0.0603,0.0889,0.0307,0.2774,0.0052,0.205,0.2773,0.0551
279,0.569,1221.56,188.61,1.55,0.225,0.75,0.123,0.489,0.6535,0.0077,0.0102,0.0822,0.1158,0.0063,0.0748,0.0495
280,0.337,1423.54,282.6,1.21,0.179,0.554,0.552,0.73,0.1196,0.0635,0.0543,0.1398,0.0013,0.0512,0.0465,0.5238
281,0.506,3699.79,459.61,1.22,0.522,0.595,0.39,0.713,0.0424,0.0032,0.224,0.2948,0.0054,0.2024,0.1252,0.1025
282,0.834,2691.48,283.99,1.54,0.073,0.574,0.107,0.442,0.014,0.1271,0.0193,0.3972,0.1794,0.1945,0.0614,0.0072
283,0.287,2338.56,769.31,1.27,0.587,0.36,0.191,0.881,0.0989,0.1079,0.0204,0.1579,0.1805,0.0267,0.3705,0.0372
284,0.663,2167.24,582.54,1.43,0.315,0.445,0.471,0.324,0.0458,0.081,0.1178,0.049,0.0153,0.6125,0.0662,0.0124
285,0.873,2042.29,602.3,1.36,0.248,0.247,0.065,0.527,0.3006,0.0256,0.1652,0.2774,0.0151,0.0049,0.1622,0.049
286,0.321,3900.8,996.82,1.57,0.121,0.887,0.379,0.857,0.0314,0.1552,0.1313,0.0709,0.0659,0.3566,0.1784,0.0104
287,0.306,1832.66,598.71,1.5,0.317,0.636,0.293,0.82,0.0587,0.2221,0.2595,0.2038,0.1719,0.0055,0.0115,0.0669
288,0.712,2063.97,668.68,1.3,0.132,0.297,0.38,0.625,0.0295,0.0137,0.1814,0.2844,0.2451,0.0946,0.1242,0.0272
289,0.327,3102.11,355.31,1.52,0.522,0.702,0.365,0.334,0.1165,0.1154,0.0,0.1816,0.1939,0.1872,0.1984,0.0072
290,0.311,1484.69,218.79,1.25,0.394,0.717,0.06,0.492,0.0789,0.3227,0.4019,0.0784,0.0436,0.0643,0.0058,0.0044
291,0.372,1620.11,322.32,1.43,0.651,0.45,0.513,0.793,0.1524,0.2601,0.1077,0.2313,0.0358,0.183,0.0038,0.0259
292,0.763,2537.11,470.06,1.49,0.169,0.554,0.312,0.637,0.0708,0.2095,0.1503,0.1104,0.0192,0.1771,0.0033,0.2593
293,0.311,1981.42,458.49,1.47,0.103,0.541,0.424,0.928,0.3871,0.0149,0.2554,0.0092,0.1449,0.0345,0.1071,0.0468
294,0.218,2074.43,345.67,1.45,0.133,0.312,0.077,0.541,0.5048,0.0673,0.0622,0.0749,0.0076,0.0505,0.1785,0.0542
295,0.441,4936.63,1477.85,1.52,0.786,0.704,0.214,0.444,0.0684,0.1008,0.1211,0.0001,0.0235,0.377,0.3086,0.0004
296,0.795,2933.87,298.88,1.4,0.346,0.479,0.122,0.576,0.1924,0.1902,0.0761,0.2253,0.1195,0.0458,0.1149,0.0358
297,0.575,888.47,264.65,1.57,0.341,0.873,0.583,0.68,0.1904,0.1539,0.1435,0.1699,0.0967,0.1536,0.0252,0.0667
298,0.533,2563.26,508.4,1.22,0.255,0.518,0.492,0.807,0.0018,0.042,0.3106,0.0444,0.0013,0.179,0.3632,0.0576
299,0.837,2655.92,269.0,1.31,0.538,0.851,0.152,0.57,0.106,0.0192,0.3998,0.0948,0.0516,0.2141,0.0143,0.1003
300,0.397,2122.26,661.65,1.5,0.159,0.765,0.355,0.622,0.0209,0.1384,0.0014,0.0829,0.5416,0.1659,0.0192,0.0297
301,0.594,2562.91,542.54,1.29,0.297,0.923,0.073,0.82,0.0697,0.1931,0.1121,0.0719,0.3416,0.0551,0.0472,0.1093
302,0.316,1965.44,552.64,1.35,0.371,0.675,0.154,0.674,0.0033,0.0096,0.0431,0.4521,0.028,0.2768,0.024,0.1631
303,0.539,2209.54,706.2,1.5,0.512,0.6,0.463,0.766,0.002,0.0624,0.114,0.0575,0.4325,0.1204,0.1654,0.0458
304,0.701,3133.39,340.22,1.39,0.403,0.852,0.046,0.481,0.0996,0.0137,0.4153,0.0131,0.2182,0.1578,0.0201,0.0621
305,0.504,1782.75,295.12,1.23,0.622,0.097,0.256,0.535,0.0554,0.02,0.2325,0.1214,0.0011,0.1082,0.0188,0.4425
306,0.535,1541.1,199.92,1.23,0.146,0.437,0.262,0.789,0.0032,0.0726,0.2371,0.0007,0.2242,0.3539,0.0066,0.1016
307,0.331,6722.83,837.01,1.29,0.234,0.433,0.526,0.54,0.0522,0.0185,0.1778,0.1003,0.4734,0.019,0.0322,0.1264
308,0.303,1480.91,498.19,1.29,0.552,0.56,0.181,0.888,0.0835,0.3454,0.1716,0.0468,0.1958,0.1063,0.0155,0.0351
309,0.297,2045.52,616.5,1.21,0.311,0.388,0.704,0.562,0.0946,0.0568,0.224,0.1894,0.1914,0.0773,0.0585,0.108
310,0.819,1426.19,272.66,1.53,0.481,0.571,0.235,0.725,0.0155,0.0058,0.1357,0.2581,0.0288,0.0067,0.1993,0.3501
311,0.405,2194.57,596.54,1.28,0.321,0.139,0.116,0.713,0.0394,0.0314,0.2998,0.0138,0.1968,0.0668,0.0231,0.3289
312,0.442,1473.24,485.96,1.51,0.36,0.149,0.011,0.545,0.0326,0.155,0.0339,0.1197,0.0072,0.3503,0.0541,0.2473
313,0.652,2004.92,311.17,1.59,0.086,0.743,0.367,0.924,0.0851,0.1404,0.1915,0.1145,0.0718,0.0278,0.1538,0.2152
314,0.404,3180.55,329.31,1.3,0.435,0.575,0.24,0.59,0.035,0.1271,0.0561,0.0104,0.7191,0.0201,0.0153,0.017
315,0.409,2535.43,775.91,1.59,0.389,0.305,0.062,0.696,0.0267,0.3619,0.0578,0.0066,0.0605,0.1792,0.118,0.1893
316,0.446,2692.23,755.64,1.24,0.112,0.752,0.334,0.447,0.0964,0.107,0.0319,0.0132,0.147,0.3484,0.0738,0.1823
317,0.509,1093.41,153.15,1.44,0.289,0.708,0.199,0.742,0.1311,0.1264,0.1929,0.0844,0.0475,0.2623,0.1323,0.0231
318,0.636,4947.87,1100.46,1.6,0.188,0.392,0.352,0.863,0.107,0.3129,0.0022,0.0646,0.0491,0.0468,0.1971,0.2203
319,0.301,1222.67,171.31,1.51,0.684,0.511,0.15,0.551,0.0939,0.285,0.0178,0.0341,0.0206,0.0787,0.0842,0.3858
320,0.835,4815.5,1207.02,1.25,0.235,0.188,0.251,0.839,0.1663,0.2724,0.0395,0.0692,0.2451,0.041,0.1191,0.0475
321,0.575,3460.46,906.27,1.27,0.064,0.617,0.269,0.695,0.0983,0.1012,0.1608,0.0379,0.397,0.0241,0.1306,0.05
322,0.382,2604.32,440.58,1.27,0.536,0.489,0.253,0.615,0.2541,0.0243,0.0042,0.0912,0.0302,0.3694,0.0915,0.1352
323,0.807,1832.07,540.84,1.57,0.436,0.643,0.348,0.686,0.0102,0.2965,0.0803,0.0164,0.1077,0.2282,0.1516,0.1091
324,0.714,2620.98,572.42,1.26,0.241,0.384,0.27,0.877,0.0025,0.1234,0.0055,0.1352,0.1414,0.1047,0.1894,0.2979
325,0.732,2061.56,570.2,1.38,0.321,0.406,0.306,0.894,0.0055,0.1063,0.078,0.2209,0.0415,0.194,0.1014,0.2523
326,0.927,2756.31,716.51,1.31,0.384,0.362,0.179,0.857,0.018,0.0031,0.4875,0.0117,0.0242,0.0633,0.1659,0.2262
327,0.71,2227.99,473.87,1.31,0.42,0.609,0.116,0.722,0.2026,0.0179,0.1926,0.0034,0.0192,0.0497,0.3783,0.1364
328,0.554,1006.55,174.31,1.33,0.271,0.435,0.089,0.61,0.0192,0.0785,0.1503,0.0109,0.003,0.2252,0.2714,0.2415
329,0.675,3791.83,572.86,1.31,0.382,0.399,0.455,0.594,0.0,0.1433,0.0527,0.0204,0.4158,0.0508,0.2296,0.0874
330,0.734,2412.39,691.12,1.42,0.477,0.311,0.128,0.909,0.0066,0.0665,0.2164,0.2312,0.0382,0.2938,0.1346,0.0127
331,0.155,1477.8,384.95,1.34,0.092,0.831,0.103,0.491,0.2203,0.2944,0.0484,0.0099,0.0064,0.2302,0.0284,0.1621
332,0.168,1446.1,246.18,1.35,0.129,0.451,0.878,0.913,0.0725,0.043,0.0313,0.136,0.0415,0.0177,0.4433,0.2147
333,0.288,2255.47,770.86,1.38,0.203,0.541,0.316,0.739,0.0121,0.161,0.1261,0.2357,0.0019,0.3712,0.0073,0.0847
334,0.643,1665.62,503.99,1.31,0.104,0.36,0.596,0.411,0.1911,0.1654,0.0206,0.0608,0.0892,0.2558,0.1183,0.0987
335,0.405,849.93,111.94,1.49,0.703,0.377,0.241,0.764,0.1295,0.2271,0.0159,0.1515,0.0446,0.0501,0.2879,0.0934
336,0.182,2149.75,302.34,1.38,0.124,0.347,0.054,0.661,0.1256,0.3498,0.0532,0.0139,0.3261,0.0426,0.0253,0.0635
337,0.397,2566.45,605.71,1.38,0.499,0.605,0.023,0.721,0.0276,0.0263,0.3731,0.0644,0.3267,0.0077,0.0273,0.1468
338,0.529,2072.47,260.29,1.24,0.099,0.665,0.5,0.75,0.0331,0.0621,0.4776,0.1551,0.2352,0.0051,0.0064,0.0255
339,0.646,1506.93,513.99,1.16,0.178,0.357,0.094,0.933,0.237,0.1167,0.2462,0.1858,0.0516,0.0437,0.0081,0.1109
340,0.338,2086.6,541.48,1.51,0.465,0.54,0.177,0.881,0.0146,0.0565,0.3018,0.125,0.4324,0.04,0.0063,0.0234
341,0.566,1273.87,148.46,1.53,0.577,0.275,0.205,0.696,0.023,0.2531,0.3504,0.0905,0.05,0.2018,0.0169,0.0142
342,0.546,1501.47,316.62,1.26,0.111,0.662,0.438,0.929,0.0138,0.0187,0.0352,0.4951,0.0267,0.0274,0.0392,0.3438
343,0.84,1940.0,301.65,1.31,0.438,0.105,0.294,0.287,0.0004,0.1589,0.0055,0.2099,0.0971,0.0565,0.3614,0.1103
344,0.527,3142.44,699.55,1.31,0.065,0.73,0.153,0.546,0.0065,0.544,0.0295,0.0701,0.1676,0.1605,0.0012,0.0206
345,0.969,2399.58,388.15,1.46,0.113,0.459,0.136,0.424,0.2162,0.1721,0.0135,0.1008,0.2862,0.1448,0.0472,0.0191
346,0.46,1806.89,556.43,1.23,0.511,0.782,0.048,0.711,0.4924,0.1314,0.0752,0.0098,0.013,0.0535,0.2173,0.0074
347,0.467,4742.4,1329.17,1.59,0.674,0.703,0.577,0.769,0.2925,0.1292,0.2257,0.0158,0.0079,0.1541,0.0832,0.0917
348,0.627,2720.44,888.62,1.18,0.552,0.683,0.241,0.654,0.1187,0.279,0.0287,0.0051,0.062,0.0422,0.4183,0.046
349,0.747,2870.58,429.12,1.59,0.525,0.625,0.024,0.516,0.0357,0.3988,0.0523,0.1073,0.0134,0.154,0.0217,0.2168
350,0.307,1705.37,334.85,1.18,0.373,0.423,0.369,0.433,0.1826,0.3362,0.0399,0.1618,0.0105,0.0487,0.1091,0.1112
351,0.328,1577.67,475.46,1.29,0.241,0.738,0.23,0.754,0.0801,0.5215,0.2036,0.0299,0.0006,0.0564,0.0985,0.0095
352,0.519,930.95,180.1,1.26,0.602,0.493,0.671,0.599,0.1746,0.0523,0.0955,0.017,0.1743,0.2878,0.1317,0.0669
353,0.608,3446.55,671.29,1.27,0.393,0.37,0.413,0.541,0.0144,0.0412,0.1226,0.1745,0.0612,0.2307,0.2641,0.0913
354,0.244,2274.94,788.29,1.6,0.185,0.414,0.14,0.348,0.0047,0.0033,0.0805,0.098,0.0246,0.2831,0.3647,0.1411
355,0.537,2098.09,614.14,1.36,0.109,0.581,0.347,0.739,0.0231,0.163,0.0229,0.0161,0.0066,0.4503,0.1454,0.1726
356,0.798,2431.05,766.28,1.2,0.176,0.318,0.153,0.874,0.0767,0.047,0.0152,0.0476,0.175,0.3334,0.2887,0.0163
357,0.523,3003.06,605.85,1.59,0.288,0.49,0.412,0.487,0.1632,0.0129,0.0904,0.1109,0.0643,0.0119,0.1853,0.3611
358,0.643,1278.75,315.19,1.26,0.239,0.483,0.341,0.769,0.1951,0.2327,0.1653,0.1303,0.0064,0.2516,0.0061,0.0125
359,0.938,2162.25,459.78,1.18,0.491,0.873,0.123,0.58,0.1821,0.0911,0.0465,0.2052,0.0435,0.0361,0.2316,0.1639
360,0.6,1478.84,314.36,1.16,0.128,0.926,0.506,0.631,0.2363,0.0445,0.1693,0.0223,0.0711,0.1218,0.2774,0.0572
361,0.646,4844.13,639.06,1.36,0.36,0.42,0.246,0.396,0.3546,0.0826,0.0041,0.0062,0.0228,0.3311,0.1812,0.0175
362,0.768,3594.32,1116.16,1.56,0.048,0.397,0.108,0.565,0.0408,0.6173,0.032,0.0116,0.0023,0.1896,0.0011,0.1053
363,0.634,982.35,194.15,1.16,0.2,0.918,0.18,0.68,0.0393,0.1758,0.1556,0.0168,0.4073,0.0139,0.1878,0.0035
364,0.469,1185.23,290.92,1.48,0.599,0.649,0.04,0.727,0.2133,0.1108,0.005,0.0102,0.0848,0.2287,0.2814,0.0657
365,0.666,2285.54,718.27,1.27,0.176,0.495,0.313,0.344,0.0735,0.1658,0.0498,0.0197,0.1589,0.2425,0.0335,0.2562
366,0.561,1889.65,554.36,1.25,0.45,0.388,0.145,0.683,0.2482,0.0592,0.014,0.0625,0.0594,0.2317,0.3201,0.0051
367,0.591,1365.15,204.17,1.47,0.088,0.457,0.204,0.603,0.023,0.0929,0.1875,0.0499,0.5769,0.0227,0.0217,0.0254
368,0.673,5263.41,1340.21,1.49,0.185,0.151,0.143,0.229,0.4287,0.0971,0.2225,0.0236,0.0368,0.0275,0.1635,0.0004
369,0.124,1990.11,445.65,1.4,0.329,0.527,0.347,0.978,0.1513,0.359,0.0249,0.0253,0.0469,0.0779,0.2506,0.064
370,0.533,2719.18,448.77,1.24,0.517,0.523,0.116,0.748,0.1186,0.0702,0.0116,0.0694,0.1351,0.4933,0.0054,0.0965
371,0.609,1775.14,195.65,1.15,0.343,0.537,0.257,0.63,0.0112,0.0268,0.151,0.052,0.0586,0.0662,0.0795,0.5548
372,0.53,2998.28,771.9,1.48,0.364,0.657,0.675,0.821,0.0477,0.0426,0.2636,0.1135,0.1023,0.0189,0.3726,0.0388
373,0.506,1904.1,561.64,1.42,0.135,0.52,0.345,0.853,0.0631,0.2468,0.0293,0.1263,0.1716,0.0284,0.2513,0.0832
374,0.506,1979.46,663.97,1.34,0.319,0.392,0.156,0.527,0.3028,0.2687,0.1044,0.0794,0.0087,0.1717,0.0054,0.0589
375,0.353,2595.24,489.84,1.25,0.332,0.265,0.125,0.612,0.3627,0.2026,0.1144,0.0458,0.0048,0.1852,0.0229,0.0616
376,0.579,1200.99,239.96,1.49,0.267,0.658,0.211,0.431,0.0091,0.2999,0.1906,0.135,0.0503,0.0482,0.0315,0.2355
377,0.441,4049.82,570.02,1.18,0.573,0.18,0.474,0.239,0.0844,0.0987,0.3664,0.0255,0.0435,0.004,0.3015,0.076
378,0.155,1929.12,667.77,1.44,0.141,0.252,0.451,0.806,0.0017,0.1343,0.116,0.0001,0.1262,0.0087,0.2757,0.3374
379,0.696,4082.87,1275.47,1.46,0.083,0.783,0.731,0.763,0.1181,0.1912,0.1566,0.1263,0.1336,0.0731,0.0161,0.185
380,0.669,1569.4,532.66,1.25,0.347,0.473,0.162,0.658,0.1283,0.1166,0.0945,0.0171,0.4459,0.0551,0.0332,0.1093
381,0.543,1563.03,349.86,1.37,0.462,0.51,0.117,0.686,0.0408,0.0227,0.0094,0.0273,0.0779,0.3446,0.4762,0.0011
382,0.46,1357.8,206.99,1.38,0.33,0.316,0.319,0.185,0.1081,0.0901,0.1004,0.0343,0.4,0.0477,0.1122,0.1071
383,0.583,2552.36,620.98,1.42,0.437,0.74,0.089,0.802,0.3096,0.1425,0.286,0.0321,0.157,0.0002,0.0689,0.0037
384,0.521,2294.34,442.86,1.56,0.646,0.811,0.45,0.877,0.104,0.2189,0.4148,0.0478,0.0085,0.0005,0.0133,0.1923
385,0.316,1651.14,308.71,1.4,0.201,0.706,0.514,0.618,0.0145,0.0257,0.4277,0.0532,0.029,0.144,0.2055,0.1004
386,0.438,1423.27,171.63,1.18,0.109,0.635,0.204,0.796,0.2417,0.0276,0.2092,0.1233,0.0571,0.137,0.1643,0.0398
387,0.299,1185.49,140.23,1.31,0.498,0.638,0.225,0.892,0.1724,0.238,0.1033,0.1177,0.1208,0.1581,0.0637,0.026
388,0.456,2115.35,411.86,1.43,0.222,0.307,0.266,0.414,0.0913,0.0459,0.0471,0.0479,0.642,0.1004,0.009,0.0164
389,0.405,1739.17,576.62,1.3,0.32,0.328,0.279,0.924,0.1056,0.1593,0.0573,0.2046,0.2411,0.1431,0.0538,0.0352
390,0.781,1937.0,543.82,1.5,0.399,0.603,0.377,0.711,0.0216,0.0644,0.0511,0.0075,0.333,0.2975,0.214,0.0108
391,0.468,4029.81,1169.21,1.24,0.41,0.585,0.129,0.544,0.0059,0.3003,0.1062,0.0078,0.0365,0.4524,0.0858,0.005
392,0.188,1773.53,281.23,1.21,0.83,0.359,0.435,0.893,0.0127,0.0111,0.0633,0.1783,0.0035,0.3125,0.1967,0.222
393,0.574,3821.02,1083.76,1.25,0.386,0.327,0.525,0.549,0.1202,0.0151,0.2916,0.0879,0.1027,0.2233,0.004,0.1551
394,0.677,1957.46,394.58,1.54,0.094,0.485,0.209,0.705,0.0513,0.1566,0.0135,0.0637,0.0964,0.3606,0.0818,0.176
395,0.694,2695.06,309.52,1.46,0.755,0.325,0.309,0.664,0.2321,0.0676,0.1401,0.0168,0.0033,0.0573,0.3279,0.1547
396,0.369,2007.08,398.81,1.38,0.591,0.834,0.299,0.407,0.3343,0.0257,0.1993,0.0451,0.0912,0.0905,0.0182,0.1957
397,0.531,1139.07,151.28,1.29,0.372,0.482,0.588,0.437,0.1413,0.261,0.3025,0.0217,0.0023,0.1443,0.0396,0.0872
398,0.204,3280.46,1028.18,1.56,0.441,0.38,0.328,0.614,0.1461,0.0385,0.1443,0.1212,0.2631,0.0159,0.1959,0.0749
399,0.146,1689.52,523.88,1.55,0.191,0.496,0.059,0.633,0.1604,0.1687,0.1109,0.013,0.0038,0.1733,0.2951,0.0749
400,0.59,3123.55,536.84,1.33,0.459,0.55,0.713,0.568,0.0129,0.2267,0.1695,0.2298,0.0095,0.1608,0.1328,0.058
401,0.449,1589.57,402.13,1.49,0.147,0.355,0.187,0.769,0.3877,0.0609,0.2742,0.1471,0.0212,0.0128,0.0614,0.0348
402,0.84,2452.45,468.27,1.56,0.294,0.428,0.128,0.865,0.1572,0.1535,0.2975,0.1029,0.0339,0.0121,0.0035,0.2395
403,0.37,1450.86,201.03,1.29,0.199,0.783,0.303,0.74,0.0054,0.0417,0.1436,0.0799,0.1597,0.0783,0.1094,0.382
404,0.505,3632.99,953.12,1.3,0.33,0.283,0.293,0.739,0.0056,0.319,0.0252,0.1777,0.0221,0.2207,0.0893,0.1404
405,0.561,2586.31,750.1,1.4,0.372,0.635,0.113,0.477,0.0179,0.0023,0.5336,0.0003,0.2921,0.1074,0.0324,0.0139
406,0.367,2372.57,696.78,1.33,0.081,0.183,0.14,0.768,0.0196,0.0159,0.0205,0.0151,0.0743,0.1565,0.1526,0.5454
407,0.514,3832.84,526.27,1.49,0.415,0.869,0.435,0.783,0.0408,0.0271,0.2515,0.0545,0.2077,0.155,0.2455,0.0179
408,0.396,3310.38,755.25,1.39,0.101,0.376,0.429,0.759,0.061,0.0598,0.0357,0.1209,0.3372,0.0177,0.1289,0.2388
409,0.689,3309.35,350.71,1.25,0.47,0.327,0.071,0.684,0.1371,0.1347,0.018,0.1054,0.2067,0.0472,0.0602,0.2907
410,0.509,1257.52,154.1,1.31,0.385,0.308,0.068,0.63,0.0085,0.0091,0.1912,0.0744,0.0102,0.2496,0.017,0.4399
411,0.345,1531.71,184.21,1.45,0.186,0.593,0.402,0.688,0.171,0.0392,0.0131,0.2469,0.2205,0.05,0.0676,0.1916
412,0.407,1403.51,160.42,1.17,0.093,0.448,0.159,0.706,0.0487,0.055,0.0424,0.0014,0.042,0.6223,0.0612,0.1271
413,0.318,2662.47,488.41,1.3,0.438,0.189,0.114,0.836,0.0604,0.0772,0.1597,0.2808,0.1275,0.0063,0.0756,0.2125
414,0.328,2143.75,406.07,1.16,0.517,0.859,0.347,0.923,0.0851,0.2754,0.0565,0.0846,0.0949,0.2425,0.0795,0.0815
415,0.492,1261.0,346.1,1.52,0.197,0.719,0.203,0.69,0.0448,0.167,0.0377,0.0132,0.2072,0.1174,0.3337,0.079
416,0.466,2010.58,366.87,1.2,0.326,0.126,0.174,0.843,0.0774,0.1451,0.2406,0.0341,0.1573,0.0913,0.0261,0.2281
417,0.333,1104.79,149.26,1.18,0.24,0.692,0.218,0.456,0.1521,0.0079,0.1752,0.0185,0.1156,0.0733,0.0884,0.3691
418,0.649,2339.09,787.62,1.5,0.867,0.465,0.262,0.95,0.3045,0.0077,0.1134,0.0199,0.335,0.0,0.0816,0.1378
419,0.518,1150.48,366.85,1.19,0.241,0.45,0.175,0.638,0.0814,0.0306,0.2108,0.0325,0.1236,0.1889,0.3319,0.0002
420,0.435,2633.14,345.09,1.46,0.329,0.421,0.263,0.705,0.0295,0.0822,0.0832,0.0093,0.0554,0.4383,0.1389,0.1631
421,0.438,2482.79,473.45,1.32,0.653,0.453,0.455,0.545,0.2238,0.0311,0.0836,0.0629,0.0578,0.4621,0.067,0.0118
422,0.358,4371.12,620.79,1.52,0.192,0.22,0.641,0.695,0.0564,0.2442,0.0063,0.0811,0.1111,0.3914,0.0064,0.1031
423,0.743,3513.15,1193.69,1.23,0.351,0.192,0.358,0.889,0.041,0.2397,0.0595,0.0786,0.1907,0.1614,0.1502,0.0791
424,0.834,2205.21,416.77,1.19,0.346,0.331,0.33,0.636,0.0461,0.0226,0.1592,0.1776,0.0066,0.114,0.1799,0.294
425,0.696,3392.77,422.5,1.25,0.396,0.554,0.309,0.256,0.0822,0.3364,0.0867,0.1174,0.2554,0.0144,0.0819,0.0256
426,0.855,1507.59,424.71,1.57,0.239,0.48,0.419,0.847,0.1432,0.0116,0.0154,0.094,0.0313,0.1922,0.4293,0.0829
427,0.463,1473.4,409.5,1.52,0.783,0.365,0.356,0.399,0.0414,0.0528,0.6101,0.0108,0.0006,0.1084,0.1256,0.0503
428,0.649,2729.58,437.44,1.28,0.416,0.408,0.121,0.859,0.0891,0.0198,0.0307,0.0195,0.0142,0.0471,0.0323,0.7473
429,0.119,738.25,133.15,1.24,0.247,0.134,0.491,0.768,0.3698,0.0806,0.0209,0.2246,0.1219,0.0523,0.0315,0.0984
430,0.599,2294.61,467.54,1.22,0.136,0.931,0.139,0.963,0.4673,0.0017,0.0079,0.1285,0.0101,0.0258,0.2998,0.0589
431,0.51,1477.43,246.62,1.25,0.47,0.679,0.203,0.787,0.1569,0.208,0.0934,0.1601,0.0534,0.0459,0.1426,0.1395
432,0.174,1891.32,325.73,1.24,0.359,0.575,0.462,0.538,0.0268,0.1523,0.0974,0.0628,0.0028,0.0151,0.5303,0.1124
433,0.454,1399.4,420.38,1.55,0.353,0.673,0.516,0.584,0.3023,0.0194,0.1462,0.325,0.116,0.0123,0.0741,0.0047
434,0.849,3116.22,897.35,1.16,0.468,0.659,0.283,0.772,0.0834,0.0823,0.0237,0.0277,0.419,0.0682,0.1073,0.1885
435,0.331,2021.58,552.21,1.55,0.336,0.394,0.272,0.763,0.3785,0.0927,0.0295,0.0712,0.0042,0.1625,0.0204,0.241
436,0.712,4316.87,1172.87,1.17,0.29,0.23,0.274,0.665,0.0767,0.1111,0.1411,0.0919,0.014,0.2092,0.067,0.289
437,0.325,2004.05,461.87,1.52,0.211,0.329,0.165,0.805,0.0055,0.074,0.2406,0.2789,0.0972,0.0014,0.013,0.2894
438,0.75,1846.11,346.57,1.34,0.566,0.111,0.142,0.288,0.0482,0.0277,0.0071,0.1848,0.4111,0.2476,0.0683,0.0051
439,0.552,2058.95,576.79,1.18,0.436,0.656,0.322,0.833,0.3612,0.068,0.3508,0.0158,0.0522,0.0026,0.1373,0.0122
440,0.362,1193.55,154.08,1.51,0.141,0.778,0.085,0.948,0.4554,0.0029,0.2282,0.1079,0.0293,0.1267,0.0332,0.0164
441,0.826,3061.13,414.07,1.27,0.41,0.601,0.161,0.84,0.2939,0.0013,0.0402,0.1874,0.1112,0.0079,0.0333,0.3249
442,0.299,2490.45,327.66,1.55,0.321,0.312,0.166,0.855,0.0418,0.3469,0.1666,0.034,0.1263,0.0327,0.2234,0.0283
443,0.513,5972.86,1691.39,1.49,0.393,0.639,0.17,0.915,0.137,0.2125,0.1019,0.0009,0.022,0.2763,0.1683,0.0812
444,0.674,1886.26,467.58,1.59,0.291,0.513,0.484,0.883,0.4592,0.0252,0.01,0.0055,0.1277,0.1178,0.208,0.0466
445,0.208,1669.04,354.74,1.52,0.108,0.765,0.307,0.492,0.2866,0.2127,0.1692,0.1235,0.0456,0.0446,0.0782,0.0396
446,0.149,1418.73,310.78,1.26,0.219,0.911,0.115,0.78,0.2719,0.0219,0.4069,0.0106,0.1547,0.055,0.0759,0.0031
447,0.546,2465.63,756.68,1.33,0.317,0.41,0.222,0.364,0.0062,0.3136,0.1772,0.0186,0.0296,0.2326,0.0681,0.1541
448,0.471,2533.77,330.45,1.46,0.239,0.237,0.169,0.689,0.0578,0.0422,0.1784,0.2569,0.2069,0.0415,0.1679,0.0484
449,0.367,2006.21,392.84,1.29,0.4,0.58,0.049,0.305,0.1025,0.1834,0.065,0.0247,0.1449,0.051,0.3182,0.1104
450,0.774,3921.85,1137.5,1.4,0.266,0.399,0.337,0.765,0.0427,0.0242,0.0002,0.0098,0.0002,0.3663,0.0075,0.5492
451,0.824,2031.7,537.3,1.26,0.332,0.336,0.421,0.994,0.0126,0.6797,0.1549,0.0189,0.0182,0.0425,0.0021,0.0712
452,0.573,3407.86,711.52,1.45,0.389,0.535,0.41,0.778,0.0555,0.1625,0.3104,0.0069,0.2047,0.1428,0.0014,0.1159
453,0.665,2987.52,466.31,1.3,0.174,0.574,0.509,0.81,0.1494,0.0545,0.1077,0.1525,0.0111,0.2203,0.1338,0.1708
454,0.517,2218.8,746.87,1.17,0.166,0.144,0.264,0.916,0.1688,0.0337,0.0319,0.3104,0.3412,0.0817,0.0225,0.0097
455,0.629,2085.12,421.15,1.59,0.226,0.487,0.082,0.813,0.169,0.3092,0.081,0.0604,0.2752,0.0139,0.0836,0.0077
456,0.448,5666.75,1810.29,1.53,0.135,0.538,0.212,0.476,0.1884,0.0712,0.3529,0.019,0.2092,0.0003,0.1575,0.0014
457,0.554,1640.27,482.99,1.29,0.447,0.763,0.194,0.425,0.0212,0.0397,0.2883,0.1917,0.3331,0.0915,0.0033,0.0311
458,0.351,2286.27,721.05,1.21,0.569,0.472,0.177,0.705,0.0441,0.3561,0.1066,0.0727,0.0478,0.2078,0.032,0.1329
459,0.627,1749.92,182.39,1.48,0.145,0.567,0.132,0.363,0.547,0.0201,0.0331,0.0088,0.1976,0.0486,0.0842,0.0605
460,0.239,3870.95,849.09,1.25,0.618,0.362,0.242,0.67,0.0,0.0333,0.067,0.3716,0.3956,0.0509,0.0596,0.022
461,0.438,3044.47,501.91,1.42,0.489,0.11,0.37,0.737,0.1373,0.1108,0.1833,0.0304,0.0605,0.1231,0.2302,0.1246
462,0.262,1465.59,246.96,1.5,0.334,0.207,0.458,0.343,0.1736,0.1833,0.0138,0.0502,0.0205,0.5081,0.0329,0.0176
463,0.436,2617.93,438.4,1.27,0.177,0.736,0.206,0.877,0.001,0.0418,0.0014,0.2309,0.5112,0.0251,0.0647,0.1239
464,0.616,2604.94,514.03,1.28,0.293,0.585,0.105,0.525,0.0301,0.0996,0.0578,0.3053,0.0476,0.0001,0.2901,0.1695
465,0.562,1857.44,376.46,1.18,0.349,0.227,0.603,0.633,0.1543,0.206,0.0009,0.0971,0.1286,0.2065,0.1836,0.0231
466,0.616,3181.59,822.47,1.29,0.143,0.565,0.083,0.775,0.1484,0.001,0.0261,0.2787,0.2974,0.1973,0.0078,0.0433
467,0.088,2000.85,350.33,1.42,0.415,0.371,0.246,0.424,0.1155,0.1286,0.0176,0.2647,0.0182,0.0083,0.0266,0.4205
468,0.122,1911.77,321.55,1.22,0.124,0.068,0.226,0.605,0.1306,0.198,0.1939,0.2516,0.0663,0.0404,0.0567,0.0625
469,0.476,2143.79,407.65,1.58,0.408,0.399,0.108,0.593,0.1454,0.0018,0.0026,0.4382,0.0224,0.2208,0.0303,0.1384
470,0.451,2555.43,694.13,1.48,0.681,0.604,0.641,0.608,0.0545,0.1528,0.3918,0.0101,0.026,0.2246,0.0481,0.0921
471,0.772,2780.5,278.17,1.24,0.317,0.571,0.095,0.672,0.0078,0.0222,0.0134,0.2805,0.2198,0.0324,0.3899,0.034
472,0.344,2070.05,593.55,1.39,0.217,0.78,0.283,0.832,0.0467,0.0599,0.541,0.0164,0.04,0.2223,0.0372,0.0365
473,0.208,1437.38,265.55,1.33,0.524,0.401,0.194,0.65,0.1659,0.0444,0.0454,0.3815,0.2584,0.0471,0.0397,0.0176
474,0.675,4765.38,1163.04,1.32,0.587,0.5,0.258,0.625,0.0242,0.1977,0.0078,0.1848,0.2698,0.0419,0.027,0.2468
475,0.458,1418.55,411.92,1.4,0.406,0.443,0.377,0.575,0.0072,0.1213,0.1247,0.3487,0.0833,0.0561,0.0997,0.1588
476,0.961,3281.43,747.21,1.2,0.275,0.361,0.436,0.735,0.0252,0.3114,0.1523,0.0386,0.0107,0.3188,0.1277,0.0155
477,0.837,2301.21,602.43,1.25,0.622,0.265,0.224,0.888,0.0249,0.0611,0.0943,0.3582,0.0413,0.0838,0.1136,0.2228
478,0.487,4435.03,1463.49,1.22,0.144,0.465,0.052,0.693,0.0988,0.1895,0.1224,0.2264,0.0233,0.1095,0.1975,0.0326
479,0.465,1510.27,162.3,1.23,0.49,0.502,0.501,0.876,0.011,0.0185,0.0095,0.7956,0.0452,0.0171,0.0053,0.0978
480,0.663,1792.68,335.92,1.44,0.434,0.745,0.553,0.719,0.0012,0.1934,0.1246,0.0536,0.0467,0.0371,0.4618,0.0815
481,0.463,1469.03,487.3,1.6,0.214,0.624,0.255,0.638,0.0497,0.0285,0.0278,0.1095,0.4781,0.18,0.1163,0.0101
482,0.431,2420.5,748.8,1.44,0.202,0.814,0.346,0.814,0.0587,0.2019,0.0993,0.0033,0.0201,0.1108,0.4761,0.0298
483,0.861,1526.96,388.16,1.59,0.097,0.531,0.247,0.798,0.1056,0.2132,0.0172,0.2223,0.1323,0.1627,0.0517,0.095
484,0.318,1643.85,258.62,1.41,0.18,0.722,0.307,0.767,0.2974,0.0095,0.0321,0.0147,0.1909,0.0157,0.2334,0.2063
485,0.707,1039.52,189.85,1.28,0.163,0.41,0.26,0.682,0.1672,0.0747,0.1253,0.047,0.1828,0.0276,0.2342,0.1411
486,0.568,2522.77,793.38,1.54,0.098,0.426,0.587,0.857,0.0298,0.3265,0.1304,0.3233,0.0167,0.0336,0.0042,0.1355
487,0.386,1696.59,465.83,1.18,0.34,0.79,0.291,0.855,0.0295,0.0694,0.2578,0.0769,0.0083,0.0641,0.1477,0.3462
488,0.432,1173.42,201.14,1.2,0.261,0.49,0.409,0.373,0.2142,0.0485,0.3406,0.1594,0.046,0.0874,0.0234,0.0805
489,0.584,3566.61,474.58,1.58,0.59,0.264,0.424,0.887,0.088,0.4204,0.0676,0.1704,0.0288,0.0913,0.1099,0.0237
490,0.656,1421.01,419.47,1.44,0.335,0.842,0.159,0.839,0.1293,0.1148,0.1684,0.3158,0.0671,0.1069,0.0893,0.0084
491,0.612,3223.99,786.83,1.57,0.466,0.549,0.05,0.943,0.3915,0.0801,0.1143,0.0515,0.1609,0.0678,0.061,0.0728
492,0.461,1633.92,556.94,1.21,0.359,0.456,0.141,0.888,0.0333,0.1797,0.0746,0.5035,0.0004,0.1072,0.0179,0.0835
493,0.449,4075.37,821.69,1.5,0.522,0.216,0.09,0.454,0.2854,0.1259,0.1254,0.0533,0.1134,0.1991,0.0961,0.0013
494,0.581,3114.04,583.12,1.26,0.42,0.075,0.579,0.826,0.0226,0.0946,0.0845,0.3374,0.1557,0.1369,0.0868,0.0815
495,0.215,1247.12,215.36,1.3,0.216,0.91,0.18,0.512,0.0005,0.0037,0.3121,0.255,0.0592,0.0981,0.1328,0.1385
496,0.577,1594.87,351.62,1.55,0.388,0.782,0.372,0.365,0.0255,0.0513,0.0633,0.1752,0.1091,0.2324,0.1884,0.1548
497,0.236,2409.41,435.34,1.34,0.218,0.675,0.183,0.657,0.0944,0.0225,0.1663,0.0187,0.0673,0.4813,0.1244,0.0252
498,0.357,1834.05,216.96,1.45,0.052,0.523,0.234,0.861,0.0934,0.0691,0.0334,0.0364,0.3785,0.0694,0.174,0.1458
499,0.801,2403.33,427.87,1.55,0.151,0.466,0.521,0.516,0.034,0.1033,0.1042,0.0823,0.2555,0.0081,0.1332,0.2793
500,0.362,3398.01,525.75,1.54,0.323,0.649,0.669,0.904,0.2668,0.0047,0.0368,0.1664,0.0546,0.1398,0.2381,0.0928
501,0.474,1614.82,490.66,1.15,0.588,0.401,0.089,0.352,0.1151,0.1633,0.0903,0.1179,0.0946,0.0027,0.1364,0.2797
502,0.329,2077.8,330.16,1.22,0.296,0.534,0.369,0.206,0.142,0.1384,0.244,0.01,0.0744,0.1647,0.1222,0.1044
503,0.381,3027.01,649.95,1.56,0.534,0.602,0.059,0.709,0.0557,0.023,0.2224,0.0014,0.016,0.0277,0.5505,0.1032
504,0.769,3501.11,938.94,1.4,0.338,0.58,0.264,0.651,0.1828,0.5108,0.0037,0.1359,0.0776,0.0411,0.0257,0.0224
505,0.503,2075.71,285.01,1.37,0.345,0.689,0.345,0.762,0.0563,0.0784,0.0015,0.1636,0.2836,0.1823,0.1152,0.1191
506,0.338,1793.98,417.67,1.18,0.267,0.21,0.109,0.518,0.0613,0.0587,0.1892,0.1958,0.1173,0.1038,0.2094,0.0646
507,0.594,1158.56,361.23,1.16,0.451,0.136,0.292,0.87,0.0123,0.0488,0.171,0.1234,0.044,0.078,0.109,0.4135
508,0.708,1612.63,396.74,1.58,0.339,0.772,0.12,0.514,0.0262,0.3431,0.0602,0.0082,0.0108,0.1334,0.0452,0.3728
509,0.275,2201.05,485.55,1.36,0.138,0.807,0.118,0.728,0.1966,0.2518,0.1191,0.1053,0.0477,0.0933,0.1206,0.0656
510,0.52,2114.2,654.81,1.5,0.76,0.547,0.533,0.829,0.1174,0.0003,0.058,0.0576,0.3112,0.0015,0.1596,0.2943
511,0.793,2641.01,889.53,1.25,0.126,0.47,0.575,0.342,0.2861,0.2306,0.1583,0.0416,0.0628,0.1178,0.0586,0.0442
512,0.519,3382.78,1032.58,1.26,0.182,0.581,0.621,0.621,0.0922,0.0302,0.2518,0.21,0.1943,0.1212,0.0798,0.0205
513,0.229,1171.13,236.69,1.4,0.37,0.559,0.328,0.907,0.0863,0.1368,0.1067,0.0512,0.139,0.0338,0.3866,0.0596
514,0.324,1817.45,459.68,1.54,0.241,0.662,0.262,0.705,0.1557,0.1533,0.0681,0.2317,0.0079,0.0819,0.0795,0.222
515,0.628,2549.63,590.65,1.28,0.597,0.386,0.167,0.952,0.1677,0.0356,0.1339,0.0988,0.1085,0.1445,0.0583,0.2526
516,0.17,1367.01,240.36,1.3,0.409,0.464,0.081,0.765,0.0027,0.0994,0.2063,0.0119,0.2568,0.0542,0.1808,0.1879
517,0.848,4660.41,973.23,1.4,0.299,0.428,0.625,0.402,0.1892,0.0036,0.2163,0.0074,0.0402,0.3073,0.1747,0.0611
518,0.74,3593.42,1104.32,1.17,0.297,0.52,0.155,0.83,0.1687,0.0372,0.0005,0.1244,0.2396,0.1344,0.0128,0.2825
519,0.652,2686.92,470.53,1.32,0.086,0.166,0.386,0.513,0.2054,0.0072,0.3931,0.0676,0.1734,0.1091,0.0428,0.0014
520,0.371,4208.98,1356.93,1.4,0.77,0.468,0.291,0.673,0.0627,0.24,0.1058,0.0059,0.1091,0.2429,0.083,0.1506
521,0.506,1216.78,423.26,1.15,0.368,0.829,0.477,0.386,0.0463,0.1596,0.0483,0.4011,0.0406,0.0232,0.1286,0.1523
522,0.584,2303.05,406.93,1.44,0.113,0.515,0.372,0.669,0.1712,0.1787,0.027,0.0551,0.0758,0.0184,0.0405,0.4333
523,0.427,2455.55,320.9,1.17,0.502,0.747,0.171,0.445,0.0826,0.0308,0.1254,0.012,0.2788,0.1476,0.2514,0.0713
524,0.784,1769.75,600.46,1.47,0.267,0.464,0.125,0.703,0.2067,0.0303,0.0338,0.1952,0.0038,0.0191,0.4101,0.101
525,0.43,2396.72,342.17,1.51,0.187,0.245,0.059,0.92,0.0411,0.0588,0.3613,0.2084,0.0093,0.2283,0.0762,0.0167
526,0.562,1466.85,429.59,1.53,0.118,0.508,0.074,0.505,0.1622,0.3044,0.284,0.0349,0.0092,0.0501,0.0937,0.0615
527,0.452,2835.86,311.32,1.45,0.059,0.138,0.097,0.611,0.0893,0.0133,0.1893,0.0842,0.0058,0.0888,0.4939,0.0353
528,0.372,3137.38,498.5,1.4,0.144,0.221,0.126,0.775,0.0129,0.1667,0.0337,0.1812,0.3214,0.1268,0.1573,0.0
529,0.704,2738.12,451.9,1.29,0.22,0.552,0.451,0.329,0.1752,0.0978,0.1575,0.0197,0.0877,0.3949,0.0569,0.0103
530,0.575,1095.76,191.0,1.34,0.172,0.458,0.243,0.493,0.1217,0.1177,0.2415,0.1578,0.1212,0.1252,0.1014,0.0135
531,0.336,1366.28,450.64,1.19,0.259,0.317,0.496,0.437,0.0456,0.1582,0.1846,0.3933,0.1085,0.0251,0.033,0.0516
532,0.562,2862.53,411.71,1.47,0.462,0.296,0.314,0.752,0.1207,0.0299,0.1442,0.0222,0.4498,0.0012,0.0023,0.2297
533,0.858,2662.78,381.87,1.16,0.14,0.52,0.206,0.496,0.2466,0.068,0.1358,0.0304,0.1368,0.2244,0.0078,0.1504
534,0.399,710.71,193.97,1.34,0.341,0.757,0.267,0.592,0.1571,0.0606,0.1732,0.1934,0.1579,0.067,0.0026,0.1881
535,0.63,3888.86,1314.74,1.38,0.086,0.463,0.185,0.837,0.1174,0.1078,0.0029,0.1122,0.0344,0.2103,0.1153,0.2998
536,0.484,2313.59,456.52,1.44,0.363,0.871,0.347,0.764,0.0101,0.0056,0.0221,0.0773,0.4787,0.1359,0.2068,0.0634
537,0.674,1743.27,511.27,1.3,0.277,0.849,0.156,0.561,0.0024,0.0012,0.0037,0.2134,0.1303,0.2379,0.0335,0.3775
538,0.588,3447.99,371.55,1.35,0.127,0.525,0.173,0.586,0.0887,0.0143,0.7321,0.0408,0.0256,0.0248,0.0329,0.0408
539,0.521,1703.78,521.38,1.41,0.198,0.346,0.206,0.741,0.1352,0.0376,0.0341,0.0672,0.3786,0.1342,0.0326,0.1806
540,0.404,1589.95,446.54,1.57,0.207,0.412,0.064,0.54,0.2283,0.31,0.2084,0.0682,0.0315,0.0264,0.0025,0.1246
541,0.483,2526.55,818.99,1.45,0.167,0.457,0.556,0.693,0.0149,0.0909,0.2036,0.1715,0.2733,0.0173,0.1871,0.0414
542,0.917,5528.26,1433.83,1.26,0.625,0.207,0.309,0.786,0.1558,0.1609,0.0172,0.0411,0.4049,0.1346,0.0769,0.0084
543,0.248,3649.27,1223.72,1.53,0.28,0.624,0.495,0.61,0.6578,0.0326,0.0938,0.1547,0.0006,0.0031,0.0076,0.0499
544,0.75,2899.3,572.51,1.17,0.255,0.318,0.339,0.76,0.076,0.0862,0.0101,0.2418,0.3569,0.0451,0.0206,0.1633
545,0.554,2736.5,774.79,1.27,0.413,0.675,0.31,0.168,0.1413,0.1706,0.0156,0.0578,0.4911,0.0349,0.0734,0.0154
546,0.554,3121.0,878.22,1.2,0.172,0.778,0.337,0.503,0.3197,0.1141,0.0745,0.002,0.2597,0.1415,0.0139,0.0747
547,0.367,1239.75,207.23,1.35,0.661,0.459,0.108,0.381,0.35,0.1337,0.0097,0.1048,0.1342,0.033,0.0867,0.1478
548,0.344,2615.42,863.47,1.44,0.282,0.233,0.266,0.556,0.3568,0.0381,0.0261,0.254,0.1826,0.0491,0.0732,0.0201
549,0.437,1590.63,468.91,1.39,0.521,0.646,0.122,0.816,0.392,0.1354,0.0689,0.2788,0.0629,0.0128,0.0488,0.0004
550,0.356,2313.09,732.3,1.52,0.263,0.697,0.527,0.556,0.0834,0.1636,0.0408,0.2263,0.0674,0.143,0.1841,0.0914
551,0.382,1886.98,359.75,1.41,0.497,0.379,0.177,0.493,0.0229,0.2348,0.3012,0.0118,0.3635,0.0005,0.0006,0.0647
552,0.693,2984.31,926.07,1.25,0.302,0.645,0.145,0.849,0.0005,0.0541,0.3643,0.0373,0.0854,0.2934,0.1578,0.0071
553,0.266,2020.46,361.15,1.39,0.33,0.68,0.207,0.661,0.4548,0.1352,0.035,0.0744,0.056,0.005,0.0796,0.16
554,0.768,740.81,252.69,1.48,0.48,0.225,0.092,0.729,0.0327,0.1239,0.0256,0.3482,0.0622,0.2232,0.0441,0.1402
555,0.354,2183.98,231.47,1.38,0.358,0.194,0.092,0.405,0.1663,0.0167,0.0134,0.0001,0.04,0.4765,0.1148,0.1722
556,0.217,2415.72,615.52,1.35,0.302,0.412,0.508,0.442,0.0638,0.1627,0.1619,0.008,0.1248,0.1999,0.0569,0.222
557,0.216,2231.17,285.72,1.39,0.438,0.393,0.208,0.927,0.4335,0.0145,0.1602,0.0113,0.0639,0.1892,0.0852,0.0423
558,0.243,1823.3,509.95,1.4,0.23,0.65,0.107,0.84,0.1526,0.0027,0.2655,0.311,0.0946,0.0676,0.0124,0.0936
559,0.25,3679.43,702.48,1.29,0.487,0.595,0.225,0.841,0.0559,0.0294,0.2041,0.2847,0.07,0.1677,0.0812,0.107
560,0.593,2629.83,835.39,1.53,0.379,0.343,0.541,0.24,0.1817,0.0006,0.1931,0.1579,0.0566,0.1412,0.0144,0.2545
561,0.93,3250.01,1034.07,1.24,0.191,0.445,0.115,0.48,0.0226,0.0037,0.0784,0.1744,0.1921,0.1406,0.2276,0.1604
562,0.451,3266.02,627.15,1.16,0.338,0.57,0.506,0.63,0.0895,0.1019,0.151,0.1152,0.2204,0.0396,0.2423,0.0401
563,0.854,3048.15,922.05,1.48,0.19,0.53,0.144,0.837,0.2163,0.0074,0.1992,0.0066,0.1619,0.0124,0.3502,0.0459
564,0.47,1517.69,410.21,1.53,0.29,0.318,0.174,0.731,0.0236,0.1348,0.2135,0.1853,0.0285,0.2223,0.0899,0.102
565,0.728,936.62,193.54,1.44,0.318,0.315,0.33,0.215,0.0951,0.1442,0.0977,0.0312,0.0006,0.0058,0.2992,0.3263
566,0.263,1589.74,295.39,1.36,0.044,0.363,0.551,0.788,0.0409,0.1628,0.0213,0.3288,0.1324,0.049,0.1468,0.118
567,0.585,3133.72,478.13,1.59,0.361,0.251,0.13,0.6,0.0102,0.0177,0.1265,0.2269,0.0658,0.3165,0.118,0.1183
568,0.464,1881.01,217.82,1.32,0.212,0.63,0.206,0.79,0.1468,0.007,0.0835,0.1716,0.2225,0.1773,0.0784,0.1129
569,0.402,2881.47,660.84,1.33,0.218,0.046,0.224,0.558,0.2022,0.472,0.1059,0.0221,0.0493,0.0014,0.1226,0.0245
570,0.348,2150.9,505.48,1.42,0.404,0.581,0.23,0.992,0.2161,0.0703,0.3157,0.0472,0.08,0.176,0.0794,0.0153
571,0.497,3692.68,779.17,1.34,0.166,0.56,0.715,0.824,0.1475,0.0113,0.1967,0.2442,0.0696,0.1428,0.1641,0.0238
572,0.063,1494.81,504.72,1.4,0.216,0.657,0.283,0.637,0.3342,0.4258,0.0146,0.1391,0.0289,0.0091,0.0178,0.0305
573,0.574,2770.97,286.58,1.58,0.605,0.728,0.081,0.749,0.0194,0.1242,0.1315,0.1331,0.2518,0.314,0.0029,0.0231
574,0.433,2605.39,814.38,1.26,0.11,0.757,0.311,0.706,0.2589,0.1291,0.2768,0.0209,0.0475,0.0424,0.2148,0.0095
575,0.616,4282.61,1285.66,1.22,0.312,0.758,0.459,0.61,0.0945,0.0431,0.1808,0.1224,0.2485,0.162,0.0234,0.1254
576,0.707,1242.4,359.91,1.34,0.217,0.697,0.317,0.637,0.0612,0.0729,0.1188,0.0729,0.0354,0.1658,0.1822,0.2908
577,0.933,2273.25,525.64,1.38,0.382,0.568,0.325,0.83,0.0424,0.1929,0.0627,0.0175,0.1161,0.2693,0.2807,0.0184
578,0.129,2474.02,365.14,1.47,0.19,0.66,0.223,0.728,0.0205,0.0279,0.0106,0.0355,0.0316,0.817,0.0548,0.002
579,0.317,3691.82,1165.58,1.58,0.229,0.212,0.4,0.715,0.0048,0.0953,0.0744,0.1618,0.1116,0.3246,0.006,0.2215
580,0.16,1980.62,566.75,1.46,0.202,0.397,0.239,0.98,0.2137,0.1769,0.1777,0.3628,0.0105,0.0069,0.0224,0.0291
581,0.448,1909.39,588.48,1.59,0.548,0.511,0.13,0.706,0.1409,0.2542,0.0341,0.2909,0.1753,0.0917,0.0047,0.0083
582,0.11,2354.58,374.25,1.26,0.371,0.665,0.313,0.587,0.2564,0.0142,0.0869,0.0202,0.0687,0.3288,0.2229,0.0019
583,0.287,2763.27,659.3,1.24,0.162,0.256,0.031,0.264,0.0144,0.0674,0.4336,0.011,0.343,0.0402,0.0217,0.0686
584,0.598,2015.73,411.19,1.29,0.578,0.694,0.456,0.709,0.1576,0.0337,0.031,0.0659,0.2849,0.3051,0.0896,0.0322
585,0.285,2225.32,578.4,1.5,0.067,0.311,0.224,0.716,0.0053,0.0531,0.0538,0.0033,0.3816,0.0418,0.3253,0.1356
586,0.457,3459.91,996.98,1.23,0.069,0.254,0.224,0.409,0.0293,0.0147,0.0367,0.1206,0.5072,0.0385,0.0658,0.1873
587,0.186,3901.24,559.55,1.24,0.335,0.605,0.412,0.464,0.3426,0.0177,0.0146,0.1687,0.1876,0.014,0.2544,0.0005
588,0.771,3413.07,489.81,1.34,0.237,0.689,0.307,0.691,0.0244,0.0009,0.0619,0.1924,0.2451,0.158,0.2582,0.059
589,0.334,2044.57,226.75,1.29,0.348,0.483,0.112,0.665,0.0842,0.1222,0.4654,0.032,0.0458,0.077,0.0319,0.1416
590,0.373,2012.32,280.31,1.44,0.84,0.509,0.244,0.867,0.015,0.6657,0.0628,0.1011,0.1386,0.0059,0.0064,0.0044
591,0.549,2835.74,453.84,1.55,0.309,0.367,0.196,0.321,0.0203,0.0608,0.3629,0.0972,0.0398,0.0253,0.2686,0.1251
592,0.18,1741.04,205.67,1.21,0.58,0.794,0.186,0.611,0.2561,0.0035,0.0441,0.1073,0.0278,0.0118,0.384,0.1654
593,0.14,1915.77,361.93,1.4,0.353,0.053,0.13,0.84,0.1751,0.1315,0.0365,0.1179,0.2172,0.1411,0.0141,0.1666
594,0.427,1389.8,373.57,1.19,0.286,0.5,0.393,0.454,0.1663,0.0256,0.3498,0.0073,0.0018,0.3182,0.0619,0.0691
595,0.422,3553.3,1059.84,1.25,0.301,0.412,0.611,0.811,0.0187,0.0369,0.1257,0.0406,0.106,0.0824,0.2815,0.3082
596,0.466,1374.22,256.23,1.29,0.315,0.502,0.455,0.77,0.3721,0.134,0.0002,0.2873,0.0582,0.0054,0.1073,0.0357
597,0.679,2040.57,246.82,1.41,0.826,0.457,0.462,0.618,0.0161,0.1978,0.3592,0.0002,0.1223,0.0039,0.0735,0.227
598,0.897,2794.25,809.89,1.4,0.537,0.568,0.077,0.586,0.0455,0.0034,0.1179,0.1661,0.1928,0.1099,0.0041,0.3603
599,0.662,5331.91,1054.63,1.44,0.024,0.405,0.035,0.531,0.034,0.0582,0.0891,0.2814,0.1476,0.1901,0.0637,0.1359
600,0.752,2121.85,345.56,1.52,0.288,0.566,0.207,0.704,0.2948,0.3666,0.0258,0.0492,0.0539,0.0001,0.0132,0.1965
601,0.857,2022.14,440.16,1.23,0.296,0.503,0.293,0.951,0.0172,0.1894,0.0393,0.1142,0.2061,0.2004,0.1057,0.1278
602,0.682,1948.57,667.32,1.48,0.501,0.275,0.588,0.841,0.2863,0.0543,0.0065,0.1162,0.0216,0.0011,0.2249,0.2891
603,0.747,4868.33,940.37,1.45,0.258,0.806,0.112,0.711,0.0328,0.0363,0.016,0.2103,0.1872,0.1181,0.3629,0.0364
604,0.397,677.1,230.12,1.19,0.407,0.392,0.215,0.904,0.1584,0.1446,0.0,0.0798,0.1454,0.0115,0.0965,0.364
605,0.627,1581.91,258.31,1.31,0.296,0.578,0.387,0.768,0.3026,0.026,0.2607,0.0591,0.099,0.1434,0.0506,0.0586
606,0.625,7038.41,889.56,1.16,0.478,0.681,0.106,0.498,0.1757,0.0284,0.2331,0.3214,0.1387,0.0467,0.0077,0.0483
607,0.245,2408.77,335.53,1.19,0.133,0.476,0.174,0.856,0.0882,0.2967,0.1778,0.0001,0.0118,0.2864,0.114,0.0249
608,0.337,1293.27,379.5,1.28,0.569,0.705,0.205,0.79,0.0005,0.1562,0.2424,0.0147,0.1109,0.1228,0.2784,0.0741
609,0.34,1983.59,464.96,1.26,0.201,0.436,0.192,0.844,0.2703,0.0016,0.0248,0.1429,0.2409,0.0703,0.2025,0.0467
610,0.306,2029.94,498.31,1.56,0.079,0.569,0.457,0.971,0.0958,0.0988,0.2599,0.0085,0.036,0.0949,0.1472,0.2589
611,0.372,2882.89,985.74,1.55,0.285,0.327,0.163,0.825,0.1306,0.0958,0.0061,0.0352,0.0171,0.0384,0.1934,0.4834
612,0.591,4840.4,1094.94,1.41,0.434,0.091,0.411,0.437,0.1074,0.088,0.1766,0.3318,0.0048,0.0021,0.2116,0.0777
613,0.34,2355.81,304.5,1.48,0.195,0.048,0.333,0.845,0.0824,0.5182,0.1283,0.0378,0.1507,0.0722,0.0048,0.0056
614,0.38,1663.54,465.17,1.6,0.304,0.51,0.119,0.641,0.1094,0.1302,0.2205,0.0167,0.0684,0.035,0.4198,0.0
615,0.73,3405.92,517.57,1.33,0.077,0.4,0.149,0.384,0.0257,0.0935,0.1897,0.1955,0.007,0.0358,0.2726,0.1801
616,0.375,1556.74,382.0,1.39,0.357,0.244,0.114,0.66,0.2499,0.1285,0.0146,0.0684,0.4357,0.0001,0.0897,0.0131
617,0.548,1499.61,470.27,1.44,0.068,0.637,0.051,0.566,0.1277,0.1543,0.0328,0.192,0.0181,0.0244,0.3205,0.1303
618,0.337,995.41,218.26,1.56,0.029,0.698,0.295,0.411,0.0089,0.076,0.4699,0.1688,0.0198,0.0891,0.1161,0.0515
619,0.42,1129.58,201.71,1.51,0.079,0.783,0.275,0.959,0.1003,0.2537,0.0184,0.006,0.0126,0.0857,0.057,0.4664
620,0.458,1508.53,367.91,1.18,0.068,0.332,0.551,0.861,0.1196,0.1119,0.047,0.0712,0.052,0.0077,0.561,0.0297
621,0.57,1431.71,188.61,1.47,0.367,0.293,0.072,0.531,0.0528,0.0208,0.0081,0.0487,0.0577,0.0418,0.3064,0.4637
622,0.44,2422.5,428.52,1.26,0.35,0.43,0.216,0.436,0.0989,0.3151,0.046,0.3493,0.0463,0.008,0.0969,0.0395
623,0.464,1340.39,302.98,1.26,0.067,0.656,0.247,0.761,0.0919,0.0307,0.1476,0.0484,0.1185,0.387,0.1314,0.0445
624,0.711,700.71,114.59,1.4,0.494,0.738,0.309,0.686,0.0199,0.0484,0.4656,0.2469,0.061,0.0392,0.0747,0.0443
625,0.514,1466.08,161.0,1.46,0.138,0.478,0.429,0.536,0.0042,0.1308,0.24,0.0755,0.0002,0.029,0.5185,0.0018
626,0.422,1751.36,431.33,1.22,0.093,0.48,0.423,0.552,0.0288,0.0053,0.4619,0.0562,0.0373,0.0224,0.1188,0.2693
627,0.5,1733.98,347.34,1.29,0.716,0.373,0.447,0.611,0.0496,0.0325,0.6013,0.1257,0.011,0.1214,0.0204,0.0381
628,0.736,4578.83,905.02,1.47,0.116,0.675,0.13,0.938,0.2809,0.0205,0.1566,0.4419,0.0468,0.0229,0.0205,0.0099
629,0.492,1720.85,600.92,1.22,0.29,0.574,0.562,0.452,0.0116,0.0813,0.2673,0.3464,0.0296,0.0147,0.0065,0.2425
630,0.563,3251.57,416.02,1.53,0.272,0.565,0.627,0.774,0.3094,0.0047,0.004,0.132,0.1074,0.3094,0.1304,0.0025
631,0.65,2372.29,328.67,1.36,0.442,0.5,0.23,0.676,0.0212,0.3499,0.0286,0.0066,0.328,0.1632,0.0459,0.0567
632,0.531,2208.95,704.8,1.41,0.269,0.232,0.257,0.573,0.1574,0.2792,0.1445,0.0652,0.0,0.1305,0.0001,0.2231
633,0.682,1738.55,230.47,1.19,0.207,0.689,0.513,0.756,0.0415,0.0661,0.0554,0.1588,0.0413,0.2187,0.2383,0.1799
634,0.678,2367.59,779.9,1.58,0.729,0.57,0.34,0.662,0.093,0.3974,0.0155,0.1437,0.1369,0.0808,0.0271,0.1056
635,0.831,1921.09,514.83,1.56,0.113,0.769,0.336,0.875,0.0097,0.0629,0.1285,0.0036,0.2535,0.0731,0.1256,0.3431
636,0.328,2143.16,497.3,1.24,0.271,0.685,0.167,0.473,0.1218,0.0107,0.3888,0.0034,0.2063,0.0648,0.1294,0.0749
637,0.683,2211.08,375.0,1.45,0.515,0.043,0.824,0.858,0.1037,0.0439,0.1706,0.0793,0.0736,0.2045,0.0757,0.2487
638,0.821,1779.64,337.9,1.51,0.376,0.819,0.268,0.63,0.0312,0.2213,0.0839,0.4885,0.0476,0.0187,0.0584,0.0504
639,0.496,3277.89,1004.64,1.2,0.091,0.736,0.464,0.36,0.0775,0.1236,0.0083,0.1124,0.2022,0.326,0.0088,0.141
640,0.564,2712.57,310.25,1.41,0.338,0.639,0.161,0.853,0.0004,0.0025,0.2125,0.0674,0.2887,0.0488,0.0378,0.342
641,0.707,2055.66,600.53,1.53,0.476,0.488,0.483,0.953,0.0534,0.0966,0.0036,0.1108,0.0452,0.1783,0.1826,0.3294
642,0.55,2405.44,738.36,1.38,0.231,0.659,0.534,0.7,0.0562,0.0696,0.0114,0.0701,0.0765,0.1188,0.5475,0.0499
643,0.413,2034.71,562.58,1.57,0.101,0.629,0.551,0.665,0.0987,0.094,0.0305,0.0338,0.0495,0.0687,0.1794,0.4454
644,0.598,1645.45,186.97,1.17,0.484,0.383,0.412,0.769,0.3201,0.3495,0.0319,0.1787,0.0288,0.0282,0.0031,0.0598
645,0.665,2477.67,707.78,1.56,0.123,0.874,0.268,0.673,0.2096,0.095,0.228,0.0301,0.2087,0.1467,0.0763,0.0056
646,0.327,1560.71,438.23,1.59,0.499,0.74,0.689,0.975,0.0285,0.1477,0.063,0.1413,0.287,0.0369,0.2917,0.004
647,0.454,1476.36,152.47,1.22,0.559,0.386,0.32,0.629,0.0963,0.3813,0.0162,0.1044,0.2359,0.1047,0.0371,0.0241
648,0.675,1264.5,408.52,1.34,0.157,0.545,0.089,0.313,0.1462,0.0142,0.2799,0.4268,0.0301,0.002,0.0833,0.0175
649,0.696,2118.77,281.9,1.43,0.05,0.161,0.535,0.548,0.2947,0.3565,0.017,0.0893,0.0453,0.1279,0.054,0.0154
650,0.672,3031.68,1031.36,1.55,0.563,0.432,0.217,0.492,0.1186,0.0843,0.3065,0.2624,0.0836,0.0234,0.007,0.1143
651,0.275,1468.07,172.78,1.22,0.037,0.379,0.301,0.805,0.1448,0.022,0.0361,0.0348,0.4554,0.0276,0.2557,0.0235
652,0.79,7013.55,1118.75,1.3,0.23,0.616,0.03,0.573,0.0324,0.0343,0.2602,0.3579,0.0309,0.2555,0.0072,0.0216
653,0.556,3244.22,884.25,1.51,0.024,0.471,0.337,0.592,0.0942,0.1175,0.2677,0.0029,0.1532,0.0005,0.1262,0.2379
654,0.692,4113.49,552.48,1.33,0.133,0.52,0.254,0.3,0.0311,0.0739,0.0368,0.2369,0.0371,0.0108,0.1079,0.4657
655,0.337,2766.51,404.58,1.42,0.082,0.641,0.262,0.868,0.0025,0.0741,0.0169,0.0715,0.1884,0.1834,0.2347,0.2285
656,0.689,5113.73,525.66,1.4,0.653,0.916,0.119,0.79,0.0003,0.0342,0.001,0.0013,0.1106,0.7656,0.0164,0.0706
657,0.419,1541.38,472.62,1.59,0.209,0.415,0.379,0.685,0.0769,0.1254,0.1554,0.251,0.0347,0.2296,0.0074,0.1196
658,0.365,734.79,80.39,1.21,0.264,0.461,0.121,0.934,0.0074,0.0268,0.1362,0.1741,0.0761,0.4869,0.01,0.0824
659,0.179,1524.36,393.5,1.58,0.281,0.597,0.277,0.753,0.1839,0.2497,0.0245,0.0359,0.0445,0.3852,0.064,0.0123
660,0.286,2439.54,599.1,1.4,0.675,0.638,0.263,0.744,0.1228,0.3436,0.0212,0.2449,0.0105,0.0573,0.0498,0.15
661,0.566,2431.78,553.98,1.56,0.022,0.486,0.365,0.563,0.027,0.1126,0.0165,0.1436,0.1997,0.0391,0.0878,0.3737
662,0.674,2700.85,523.4,1.2,0.335,0.48,0.239,0.497,0.2554,0.2083,0.0064,0.0905,0.0361,0.106,0.1818,0.1154
663,0.249,3233.52,565.51,1.44,0.389,0.635,0.263,0.551,0.4781,0.0093,0.0137,0.1929,0.031,0.0649,0.1677,0.0425
664,0.565,2665.03,904.08,1.53,0.515,0.187,0.279,0.694,0.0507,0.2444,0.2919,0.1081,0.0107,0.2463,0.0459,0.002
665,0.62,3239.72,960.06,1.5,0.345,0.46,0.343,0.889,0.0313,0.1908,0.0035,0.053,0.1896,0.2104,0.1981,0.1234
666,0.48,1500.6,496.22,1.15,0.085,0.236,0.421,0.744,0.0615,0.051,0.135,0.2889,0.0029,0.0378,0.343,0.0799
667,0.6,1503.19,426.12,1.35,0.434,0.584,0.295,0.261,0.0721,0.0088,0.0749,0.6371,0.0521,0.0004,0.0725,0.0821
668,0.368,3910.47,1201.5,1.2,0.179,0.401,0.536,0.579,0.2732,0.0847,0.0623,0.3375,0.0625,0.1507,0.0186,0.0105
669,0.791,2665.66,909.11,1.22,0.027,0.321,0.242,0.828,0.0678,0.1097,0.1449,0.0644,0.2323,0.282,0.0117,0.0872
670,0.383,1612.0,344.02,1.47,0.257,0.528,0.148,0.51,0.099,0.125,0.1391,0.5115,0.0043,0.0045,0.114,0.0026
671,0.61,1826.29,596.69,1.58,0.545,0.275,0.624,0.724,0.0565,0.05,0.352,0.069,0.0368,0.3297,0.1051,0.0009
672,0.548,1748.61,193.69,1.44,0.141,0.341,0.401,0.61,0.2526,0.0187,0.296,0.1491,0.044,0.1751,0.0553,0.0092
673,0.681,1828.52,232.16,1.2,0.596,0.131,0.309,0.805,0.0944,0.1109,0.5912,0.0096,0.0058,0.0555,0.069,0.0637
674,0.072,1013.44,225.59,1.26,0.634,0.553,0.3,0.782,0.0053,0.0795,0.4743,0.1968,0.038,0.014,0.1818,0.0102
675,0.768,1389.79,296.71,1.32,0.564,0.746,0.2,0.576,0.0517,0.0126,0.1049,0.2285,0.1241,0.0645,0.4083,0.0053
676,0.486,2027.89,424.95,1.21,0.485,0.926,0.073,0.649,0.1767,0.4581,0.021,0.0044,0.073,0.0675,0.1614,0.0378
677,0.19,1447.75,339.2,1.53,0.642,0.32,0.572,0.16,0.1409,0.0011,0.1799,0.095,0.0114,0.484,0.0192,0.0685
678,0.585,3600.26,844.6,1.24,0.575,0.64,0.578,0.929,0.0688,0.0321,0.2318,0.0025,0.1452,0.0899,0.0047,0.425
679,0.688,2738.72,869.93,1.21,0.3,0.35,0.104,0.8,0.0007,0.0289,0.2447,0.0924,0.0426,0.5133,0.0134,0.0639
680,0.348,2252.63,420.07,1.48,0.7,0.208,0.522,0.365,0.0224,0.2518,0.4723,0.0016,0.0534,0.0557,0.0347,0.1082
681,0.473,1616.73,289.49,1.21,0.565,0.515,0.395,0.745,0.2584,0.3523,0.04,0.0011,0.0013,0.0642,0.0063,0.2763
682,0.593,2212.19,609.4,1.33,0.77,0.773,0.118,0.703,0.1777,0.0486,0.2664,0.0615,0.0676,0.0065,0.1335,0.2383
683,0.12,2024.1,530.55,1.38,0.295,0.263,0.253,0.775,0.0375,0.2773,0.1286,0.0786,0.0001,0.1032,0.1697,0.205
684,0.325,2661.89,818.43,1.19,0.449,0.459,0.21,0.557,0.3613,0.0046,0.3054,0.0464,0.2334,0.0108,0.0245,0.0137
685,0.421,2035.83,360.99,1.4,0.302,0.42,0.258,0.643,0.0364,0.0343,0.0069,0.0093,0.7889,0.0908,0.0208,0.0126
686,0.262,2959.74,300.71,1.37,0.203,0.562,0.195,0.42,0.0563,0.4435,0.1226,0.1452,0.0052,0.1807,0.0294,0.0171
687,0.845,2633.14,884.78,1.45,0.385,0.744,0.141,0.626,0.2934,0.0523,0.0833,0.321,0.0035,0.0686,0.0112,0.1667
688,0.723,3402.73,377.9,1.25,0.282,0.542,0.258,0.647,0.0158,0.1002,0.0443,0.3527,0.0329,0.4292,0.0067,0.0182
689,0.618,1932.83,521.87,1.31,0.051,0.564,0.355,0.554,0.1885,0.0046,0.1116,0.1402,0.3036,0.0527,0.1578,0.0409
690,0.607,1132.64,204.39,1.45,0.364,0.5,0.198,0.935,0.0313,0.0353,0.0966,0.2256,0.3286,0.1887,0.0059,0.088
691,0.831,2903.26,597.73,1.17,0.161,0.633,0.65,0.649,0.0005,0.1157,0.1364,0.0401,0.0138,0.2381,0.2998,0.1556
692,0.436,2849.6,881.97,1.2,0.328,0.774,0.321,0.742,0.1224,0.0688,0.1879,0.0174,0.2801,0.0002,0.3223,0.0008
693,0.63,2978.75,610.33,1.28,0.361,0.183,0.556,0.856,0.0548,0.0102,0.4021,0.0038,0.2988,0.0845,0.0404,0.1053
694,0.563,2705.98,368.26,1.2,0.379,0.201,0.117,0.593,0.0005,0.0632,0.0312,0.0874,0.3177,0.0401,0.2973,0.1627
695,0.566,1991.38,574.73,1.17,0.175,0.342,0.135,0.873,0.0162,0.0641,0.1312,0.0409,0.0009,0.5137,0.0249,0.2081
696,0.634,1717.02,180.38,1.59,0.252,0.739,0.231,0.685,0.0065,0.0699,0.0332,0.0024,0.5444,0.1688,0.1397,0.0351
697,0.276,2418.39,407.94,1.36,0.605,0.78,0.482,0.876,0.0,0.1172,0.0782,0.1018,0.1049,0.404,0.0191,0.1748
698,0.324,2368.34,555.42,1.39,0.281,0.52,0.317,0.739,0.0637,0.0406,0.1043,0.0339,0.2274,0.1,0.1958,0.2342
699,0.378,1647.76,345.11,1.26,0.443,0.107,0.522,0.565,0.1658,0.104,0.0861,0.0919,0.0964,0.0002,0.2072,0.2484
700,0.529,3497.09,891.96,1.15,0.13,0.462,0.039,0.64,0.0881,0.0391,0.0316,0.4738,0.201,0.0003,0.1543,0.0118
701,0.312,1392.99,272.1,1.49,0.285,0.551,0.303,0.364,0.0047,0.1343,0.4448,0.1019,0.1428,0.0451,0.1068,0.0195
702,0.574,1820.22,359.76,1.48,0.022,0.401,0.851,0.943,0.005,0.1433,0.267,0.0533,0.1201,0.0377,0.2102,0.1633
703,0.346,3894.3,728.87,1.59,0.641,0.672,0.091,0.595,0.127,0.2791,0.0671,0.0077,0.1145,0.2974,0.0674,0.0397
704,0.44,3025.21,973.57,1.16,0.334,0.285,0.269,0.618,0.1961,0.1059,0.0604,0.0174,0.1004,0.1065,0.1906,0.2227
705,0.774,2200.41,229.56,1.21,0.704,0.353,0.226,0.643,0.087,0.4128,0.0103,0.0719,0.0106,0.0461,0.1386,0.2227
706,0.449,2409.64,807.01,1.47,0.47,0.027,0.234,0.622,0.1649,0.0746,0.0797,0.0346,0.0483,0.0829,0.203,0.312
707,0.364,2175.62,412.4,1.3,0.118,0.168,0.056,0.454,0.0921,0.2212,0.0221,0.2513,0.1389,0.0568,0.1863,0.0313
708,0.757,840.12,160.65,1.18,0.686,0.561,0.606,0.574,0.0975,0.056,0.0505,0.3334,0.0001,0.0087,0.3301,0.1236
709,0.279,1351.78,380.49,1.29,0.069,0.677,0.182,0.199,0.0384,0.0175,0.0975,0.146,0.1462,0.3664,0.1604,0.0277
710,0.651,2343.2,461.77,1.19,0.414,0.651,0.093,0.526,0.0695,0.1234,0.2035,0.0125,0.4542,0.0047,0.0171,0.115
711,0.681,2105.24,535.07,1.53,0.361,0.602,0.132,0.512,0.0202,0.0063,0.2912,0.1728,0.0027,0.0317,0.0499,0.4252
712,0.276,2140.58,697.63,1.54,0.306,0.509,0.113,0.93,0.2259,0.003,0.1203,0.3001,0.0296,0.2625,0.0493,0.0094
713,0.913,4252.43,1324.84,1.44,0.145,0.282,0.101,0.731,0.5245,0.1857,0.0838,0.0631,0.0041,0.0077,0.0217,0.1095
714,0.619,2068.44,473.35,1.32,0.776,0.563,0.252,0.577,0.0863,0.0247,0.0431,0.0817,0.1572,0.2022,0.1016,0.3031
715,0.735,1632.86,455.83,1.5,0.629,0.773,0.456,0.698,0.2201,0.1012,0.3314,0.0496,0.0919,0.0244,0.1811,0.0002
716,0.184,2082.63,412.59,1.43,0.466,0.679,0.425,0.262,0.3738,0.0441,0.0262,0.0964,0.1162,0.1389,0.0533,0.1511
717,0.433,1868.03,549.22,1.51,0.62,0.479,0.177,0.768,0.2912,0.3744,0.0709,0.0455,0.0144,0.0927,0.0922,0.0187
718,0.61,2200.36,313.65,1.38,0.251,0.681,0.269,0.422,0.0265,0.0633,0.233,0.4796,0.0804,0.0211,0.0192,0.077
719,0.574,2044.9,227.82,1.58,0.277,0.537,0.206,0.898,0.3222,0.0753,0.0573,0.0471,0.0395,0.101,0.3468,0.0107
720,0.665,5902.98,1388.28,1.28,0.182,0.47,0.205,0.861,0.0576,0.0343,0.3861,0.1415,0.2388,0.1116,0.0058,0.0244
721,0.289,797.97,122.76,1.42,0.627,0.357,0.08,0.45,0.0229,0.0577,0.0398,0.1891,0.2253,0.0269,0.1103,0.328
722,0.814,2215.09,625.06,1.51,0.528,0.584,0.156,0.626,0.0035,0.1269,0.0743,0.0212,0.0279,0.348,0.089,0.3092
723,0.408,2095.08,262.58,1.55,0.764,0.61,0.26,0.99,0.1647,0.0904,0.1906,0.0777,0.1284,0.0354,0.1097,0.2032
724,0.425,1550.1,158.3,1.58,0.378,0.694,0.266,0.514,0.1223,0.1765,0.0017,0.1115,0.0089,0.3021,0.2655,0.0114
725,0.943,3931.71,1057.34,1.33,0.292,0.708,0.512,0.942,0.0629,0.0221,0.1613,0.1494,0.0062,0.2723,0.0004,0.3255
726,0.513,3079.77,693.56,1.46,0.179,0.564,0.458,0.758,0.0502,0.2147,0.5378,0.0627,0.0132,0.0085,0.0219,0.0909
727,0.593,2278.01,769.98,1.28,0.641,0.456,0.43,0.804,0.0285,0.1253,0.1514,0.0076,0.3003,0.01,0.2664,0.1105
728,0.283,1748.29,283.0,1.44,0.079,0.755,0.389,0.486,0.054,0.3978,0.1401,0.0855,0.1306,0.1307,0.0201,0.0412
729,0.59,2215.83,289.86,1.23,0.613,0.529,0.296,0.894,0.0424,0.0354,0.3197,0.0617,0.0461,0.2984,0.1518,0.0446
730,0.476,2091.13,221.19,1.34,0.239,0.582,0.68,0.796,0.0616,0.1029,0.1556,0.0181,0.1963,0.0711,0.2469,0.1476
731,0.78,2467.78,520.86,1.56,0.364,0.147,0.448,0.543,0.0378,0.015,0.2602,0.0683,0.2433,0.2067,0.1125,0.0562
732,0.706,2279.26,285.37,1.51,0.28,0.406,0.12,0.57,0.0035,0.1108,0.2845,0.2985,0.0087,0.0869,0.1772,0.0299
733,0.472,2406.82,707.39,1.37,0.336,0.528,0.184,0.681,0.021,0.0315,0.0065,0.1032,0.2084,0.2741,0.3467,0.0085
734,0.553,3072.31,362.52,1.22,0.551,0.518,0.454,0.527,0.1383,0.0488,0.0038,0.2741,0.0941,0.2337,0.0151,0.192
735,0.818,1584.85,523.3,1.33,0.028,0.401,0.08,0.68,0.1422,0.128,0.0418,0.0333,0.1217,0.391,0.0109,0.1311
736,0.549,1490.36,350.55,1.21,0.282,0.524,0.277,0.894,0.2735,0.0069,0.0965,0.0088,0.0053,0.232,0.1446,0.2324
737,0.253,950.17,260.44,1.18,0.118,0.569,0.323,0.697,0.1267,0.0134,0.1197,0.0492,0.0468,0.0177,0.2424,0.3841
738,0.323,2822.32,374.6,1.56,0.12,0.076,0.68,0.513,0.0376,0.0906,0.2855,0.067,0.0868,0.0384,0.3154,0.0787
739,0.615,2595.53,317.63,1.37,0.427,0.485,0.64,0.867,0.0283,0.0402,0.0186,0.1986,0.3051,0.2622,0.0587,0.0882
740,0.477,2670.75,503.23,1.19,0.251,0.34,0.232,0.518,0.1891,0.1024,0.1004,0.0455,0.0459,0.093,0.1561,0.2676
741,0.469,1226.11,282.14,1.47,0.074,0.659,0.026,0.654,0.1316,0.1565,0.0956,0.0023,0.0452,0.1039,0.3436,0.1215
742,0.517,4552.92,1110.34,1.18,0.117,0.585,0.324,0.26,0.3174,0.2288,0.0937,0.0707,0.1653,0.0205,0.0011,0.1026
743,0.153,1404.49,256.25,1.33,0.307,0.566,0.016,0.85,0.0654,0.0948,0.1465,0.0553,0.1056,0.4875,0.0415,0.0034
744,0.524,2393.79,402.55,1.25,0.075,0.142,0.036,0.813,0.3082,0.2907,0.045,0.0009,0.3044,0.0058,0.0189,0.026
745,0.418,2970.21,1025.77,1.22,0.507,0.651,0.172,0.583,0.4358,0.1882,0.0686,0.1892,0.0185,0.0933,0.0052,0.0011
746,0.157,1210.5,203.56,1.39,0.78,0.256,0.022,0.922,0.0085,0.2639,0.1622,0.1682,0.0823,0.0908,0.0235,0.2008
747,0.353,1633.3,219.65,1.47,0.146,0.588,0.136,0.817,0.1047,0.3343,0.0871,0.0424,0.1711,0.1285,0.075,0.057
748,0.301,2116.17,401.79,1.37,0.158,0.547,0.417,0.545,0.0286,0.0111,0.0243,0.0458,0.0695,0.0315,0.0157,0.7735
749,0.541,7085.43,1246.81,1.52,0.262,0.426,0.206,0.699,0.1265,0.0413,0.0011,0.0469,0.2222,0.3986,0.0192,0.1443
750,0.426,2392.25,491.45,1.56,0.121,0.859,0.266,0.542,0.2487,0.0315,0.2611,0.1646,0.084,0.0465,0.1592,0.0044
751,0.278,3691.82,944.84,1.51,0.117,0.553,0.116,0.56,0.0018,0.4282,0.319,0.0617,0.0759,0.0437,0.0094,0.0603
752,0.787,4139.66,1038.17,1.58,0.095,0.715,0.501,0.769,0.0525,0.0656,0.4049,0.0855,0.0355,0.2368,0.0192,0.0999
753,0.728,2877.51,790.08,1.57,0.135,0.359,0.355,0.459,0.2596,0.0031,0.028,0.2918,0.0085,0.0371,0.006,0.3658
754,0.458,1453.32,202.26,1.52,0.544,0.601,0.106,0.641,0.2792,0.0007,0.0733,0.2082,0.0196,0.0573,0.2465,0.1153
755,0.482,3342.13,372.6,1.28,0.361,0.218,0.233,0.355,0.0122,0.0325,0.0634,0.1029,0.4914,0.2536,0.0128,0.0312
756,0.496,1211.0,360.52,1.23,0.516,0.153,0.342,0.606,0.0606,0.0111,0.2741,0.0011,0.0375,0.2636,0.1822,0.1699
757,0.561,4330.28,668.11,1.48,0.285,0.542,0.098,0.977,0.4044,0.0794,0.1168,0.0862,0.2636,0.0193,0.0218,0.0083
758,0.368,2220.7,397.32,1.53,0.303,0.494,0.073,0.833,0.2026,0.063,0.0505,0.0109,0.2925,0.1506,0.2041,0.0259
759,0.802,891.55,190.72,1.52,0.248,0.449,0.105,0.481,0.0253,0.1437,0.0215,0.1935,0.0449,0.1885,0.0862,0.2964
760,0.678,2115.72,590.45,1.44,0.285,0.344,0.673,0.648,0.1641,0.1243,0.0658,0.2161,0.2979,0.0973,0.034,0.0006
761,0.474,2828.63,398.54,1.52,0.308,0.242,0.163,0.574,0.041,0.008,0.3626,0.0473,0.1619,0.1382,0.1855,0.0553
762,0.504,2014.21,655.83,1.47,0.515,0.805,0.129,0.736,0.2179,0.117,0.3471,0.0821,0.0166,0.0261,0.1185,0.0748
763,0.437,2840.08,512.3,1.45,0.214,0.331,0.106,0.608,0.0022,0.3146,0.0058,0.2449,0.0283,0.1703,0.0975,0.1363
764,0.333,1429.68,494.19,1.17,0.27,0.744,0.129,0.37,0.1878,0.1286,0.0346,0.1243,0.2102,0.0203,0.1528,0.1413
765,0.734,1477.7,253.21,1.36,0.275,0.884,0.183,0.49,0.0005,0.1962,0.0544,0.1336,0.2029,0.2547,0.1448,0.0129
766,0.132,1716.08,482.93,1.17,0.487,0.581,0.071,0.757,0.032,0.151,0.762,0.0023,0.0002,0.0287,0.0195,0.0044
767,0.394,2107.82,409.27,1.19,0.572,0.584,0.632,0.667,0.0388,0.0477,0.0298,0.1371,0.0035,0.1626,0.4335,0.1472
768,0.738,2171.33,671.26,1.39,0.323,0.747,0.097,0.894,0.2502,0.082,0.1789,0.1814,0.0823,0.0321,0.0188,0.1743
769,0.727,4056.68,874.63,1.17,0.559,0.769,0.214,0.837,0.2062,0.0026,0.2686,0.0069,0.0411,0.0624,0.389,0.0231
770,0.566,1629.25,517.5,1.56,0.386,0.768,0.066,0.785,0.3114,0.0382,0.1723,0.0083,0.1298,0.0132,0.2074,0.1194
771,0.316,2252.54,649.82,1.35,0.138,0.713,0.097,0.805,0.3156,0.1004,0.1464,0.1356,0.0015,0.0166,0.1351,0.1487
772,0.285,2003.48,493.87,1.46,0.264,0.829,0.126,0.927,0.1084,0.0337,0.2188,0.0046,0.0537,0.0947,0.2994,0.1865
773,0.487,1176.88,191.24,1.22,0.445,0.438,0.805,0.705,0.0588,0.1521,0.0612,0.0249,0.2194,0.0661,0.0896,0.3279
774,0.23,1111.48,183.36,1.53,0.122,0.272,0.19,0.596,0.0142,0.0145,0.1955,0.2357,0.1415,0.0696,0.3074,0.0217
775,0.504,2224.89,773.94,1.37,0.385,0.356,0.089,0.887,0.1099,0.1805,0.1767,0.1572,0.0268,0.1175,0.024,0.2074
776,0.687,5378.79,1782.25,1.4,0.312,0.756,0.374,0.609,0.0477,0.1392,0.2848,0.098,0.0364,0.2346,0.117,0.0422
777,0.449,2707.71,364.47,1.44,0.541,0.419,0.447,0.881,0.1767,0.0231,0.0013,0.1696,0.0577,0.2484,0.1249,0.1984
778,0.52,1120.0,169.14,1.39,0.105,0.682,0.337,0.479,0.0862,0.0925,0.0088,0.0869,0.1731,0.0014,0.1946,0.3566
779,0.659,691.94,87.67,1.4,0.153,0.079,0.101,0.92,0.0085,0.3771,0.0089,0.2306,0.129,0.0898,0.098,0.058
780,0.592,3111.65,467.79,1.49,0.368,0.771,0.058,0.644,0.0806,0.2768,0.112,0.2176,0.1088,0.1129,0.0765,0.0148
781,0.395,2004.76,345.94,1.51,0.53,0.468,0.395,0.419,0.068,0.3558,0.0093,0.0727,0.1636,0.0817,0.2347,0.0142
782,0.785,4029.12,1246.64,1.29,0.425,0.759,0.401,0.634,0.4366,0.0188,0.2306,0.0164,0.0004,0.1433,0.1449,0.0091
783,0.572,1614.46,199.86,1.56,0.549,0.413,0.053,0.723,0.0686,0.1034,0.0922,0.1413,0.0139,0.1804,0.0995,0.3007
784,0.681,2792.67,895.14,1.31,0.53,0.252,0.043,0.337,0.1406,0.641,0.1253,0.0274,0.0436,0.003,0.0138,0.0054
785,0.607,3280.15,1125.03,1.27,0.717,0.408,0.299,0.406,0.3794,0.0977,0.0244,0.0007,0.1818,0.0101,0.2117,0.0943
786,0.573,1921.21,327.44,1.29,0.161,0.39,0.134,0.65,0.2967,0.1095,0.1978,0.0109,0.0294,0.011,0.1004,0.2443
787,0.482,1845.22,394.99,1.31,0.5,0.379,0.302,0.469,0.0412,0.3789,0.0969,0.0044,0.3712,0.001,0.0783,0.0281
788,0.647,2411.18,560.19,1.29,0.423,0.36,0.311,0.649,0.0186,0.5551,0.0889,0.0161,0.0135,0.0095,0.0194,0.279
789,0.227,2335.56,353.66,1.53,0.308,0.781,0.419,0.561,0.2229,0.1462,0.0,0.1026,0.0617,0.0183,0.1235,0.3247
790,0.796,2551.29,721.74,1.4,0.156,0.609,0.214,0.81,0.1926,0.0405,0.07,0.4104,0.0196,0.1178,0.063,0.0863
791,0.471,3209.7,786.38,1.59,0.642,0.466,0.426,0.502,0.2195,0.1984,0.121,0.0564,0.0378,0.1092,0.1303,0.1274
792,0.194,1530.41,195.96,1.19,0.135,0.213,0.273,0.468,0.2242,0.1703,0.2179,0.0255,0.0961,0.0875,0.1483,0.0303
793,0.377,1211.44,392.5,1.43,0.437,0.416,0.297,0.803,0.1939,0.0774,0.1133,0.217,0.0,0.1943,0.0809,0.1231
794,0.395,4592.97,806.29,1.19,0.133,0.221,0.208,0.684,0.0606,0.1317,0.1639,0.0703,0.3832,0.0001,0.148,0.0422
795,0.196,1446.72,201.18,1.36,0.156,0.174,0.088,0.777,0.0394,0.0434,0.0771,0.1591,0.11,0.1613,0.2795,0.1303
796,0.535,1793.27,619.51,1.32,0.294,0.849,0.297,0.446,0.0677,0.1249,0.2848,0.0236,0.1891,0.0467,0.1014,0.1618
797,0.507,2160.62,271.65,1.46,0.542,0.497,0.55,0.353,0.0107,0.0656,0.065,0.0414,0.0017,0.4717,0.0607,0.2831
798,0.399,2145.11,246.53,1.49,0.51,0.426,0.236,0.867,0.2369,0.0803,0.1957,0.143,0.0275,0.136,0.1379,0.0426
799,0.421,1811.34,288.71,1.26,0.045,0.659,0.428,0.916,0.038,0.01,0.6108,0.1124,0.0086,0.0707,0.0265,0.123
800,0.273,1922.94,345.78,1.24,0.565,0.581,0.349,0.902,0.1681,0.1709,0.1329,0.0196,0.2197,0.0986,0.1203,0.0699
801,0.526,2205.11,459.66,1.34,0.489,0.223,0.287,0.602,0.0095,0.1356,0.3857,0.0562,0.1895,0.0244,0.1934,0.0058
802,0.813,2773.79,752.51,1.26,0.232,0.684,0.52,0.95,0.1342,0.1376,0.0273,0.0397,0.0001,0.028,0.1432,0.4899
803,0.414,820.09,156.99,1.45,0.292,0.223,0.166,0.667,0.0859,0.3825,0.0444,0.037,0.0036,0.1831,0.1632,0.1003
804,0.533,4772.45,1144.59,1.38,0.198,0.198,0.29,0.762,0.1684,0.0662,0.1884,0.184,0.1292,0.0015,0.1905,0.0717
805,0.578,2171.93,220.35,1.52,0.534,0.301,0.478,0.653,0.1134,0.0453,0.4656,0.0942,0.1489,0.0101,0.1186,0.004
806,0.474,2746.84,539.0,1.59,0.177,0.543,0.164,0.772,0.2519,0.002,0.1301,0.0972,0.265,0.0375,0.2126,0.0037
807,0.443,1233.34,414.7,1.32,0.376,0.464,0.413,0.772,0.0807,0.0117,0.0224,0.0408,0.1229,0.2127,0.4923,0.0166
808,0.489,1818.68,534.17,1.56,0.478,0.172,0.323,0.56,0.168,0.0104,0.286,0.0868,0.1114,0.1556,0.0382,0.1436
809,0.254,1461.65,416.86,1.5,0.512,0.717,0.159,0.704,0.0193,0.1396,0.1718,0.1782,0.2309,0.1085,0.0445,0.1071
810,0.362,3677.56,647.72,1.22,0.401,0.392,0.144,0.665,0.1697,0.1891,0.1319,0.1684,0.2186,0.0934,0.0066,0.0223
811,0.339,1594.8,354.12,1.53,0.782,0.543,0.226,0.513,0.3906,0.1427,0.2385,0.0799,0.0668,0.0033,0.0746,0.0036
812,0.632,3208.16,998.16,1.37,0.415,0.674,0.135,0.923,0.1409,0.0381,0.0726,0.0599,0.0617,0.2842,0.1387,0.2038
813,0.65,1842.98,589.82,1.47,0.29,0.567,0.306,0.575,0.0674,0.1769,0.0884,0.1633,0.1054,0.026,0.2033,0.1692
814,0.628,1972.43,547.62,1.47,0.225,0.374,0.075,0.555,0.2543,0.0045,0.065,0.3253,0.1878,0.0013,0.1007,0.0611
815,0.508,2011.9,430.82,1.55,0.271,0.834,0.232,0.871,0.0105,0.0625,0.0662,0.0197,0.5975,0.0028,0.0126,0.2282
816,0.711,4117.93,487.11,1.49,0.532,0.257,0.067,0.594,0.2352,0.1354,0.0034,0.3212,0.0208,0.117,0.0036,0.1634
817,0.333,943.23,122.47,1.52,0.127,0.19,0.043,0.959,0.0657,0.0599,0.0057,0.2453,0.1143,0.2933,0.1849,0.0309
818,0.537,1331.34,133.23,1.29,0.214,0.392,0.338,0.471,0.0472,0.1536,0.1861,0.0036,0.4097,0.0521,0.0679,0.0798
819,0.786,1172.09,222.46,1.59,0.491,0.605,0.048,0.704,0.044,0.2817,0.0158,0.0645,0.0773,0.2059,0.1639,0.1469
820,0.461,1399.68,148.15,1.45,0.246,0.651,0.719,0.51,0.1673,0.1225,0.2013,0.0249,0.0741,0.118,0.0712,0.2208
821,0.598,1681.9,351.11,1.5,0.295,0.744,0.279,0.492,0.1339,0.0113,0.0076,0.0275,0.5288,0.0033,0.1141,0.1734
822,0.388,1087.83,271.29,1.54,0.205,0.606,0.401,0.952,0.3791,0.1426,0.0133,0.1596,0.0453,0.0733,0.0418,0.145
823,0.474,1624.2,404.38,1.21,0.295,0.555,0.379,0.821,0.028,0.0355,0.2877,0.0292,0.0779,0.1039,0.4171,0.0207
824,0.341,901.5,215.3,1.3,0.706,0.48,0.281,0.647,0.2129,0.0381,0.0286,0.0509,0.143,0.1455,0.0034,0.3776
825,0.401,1390.59,217.69,1.53,0.634,0.345,0.06,0.842,0.1179,0.3683,0.0096,0.1362,0.1642,0.0858,0.0375,0.0805
826,0.293,3167.81,727.95,1.56,0.122,0.55,0.148,0.993,0.0418,0.0001,0.0358,0.3908,0.1547,0.0163,0.0112,0.3491
827,0.345,2377.07,819.99,1.49,0.424,0.09,0.394,0.844,0.2055,0.1145,0.1107,0.0091,0.1151,0.0719,0.0513,0.3219
828,0.532,2423.61,511.76,1.37,0.43,0.555,0.325,0.202,0.034,0.3224,0.0229,0.0054,0.0606,0.0654,0.409,0.0804
829,0.464,1450.55,462.18,1.26,0.082,0.393,0.569,0.533,0.0486,0.0003,0.1785,0.2212,0.0792,0.2405,0.0614,0.1703
830,0.481,1182.73,231.05,1.39,0.115,0.211,0.257,0.777,0.011,0.2334,0.5004,0.0641,0.037,0.0248,0.1278,0.0014
831,0.817,1643.11,420.24,1.33,0.517,0.588,0.425,0.645,0.2175,0.0715,0.2347,0.0799,0.093,0.0209,0.0463,0.2362
832,0.498,2168.73,478.12,1.55,0.058,0.297,0.21,0.471,0.0555,0.0036,0.0388,0.1,0.0194,0.2678,0.3418,0.173
833,0.437,3019.62,821.81,1.41,0.214,0.695,0.22,0.744,0.0851,0.0694,0.2883,0.1164,0.0007,0.0514,0.0121,0.3765
834,0.296,2816.27,913.44,1.33,0.34,0.631,0.482,0.704,0.0076,0.062,0.2039,0.0146,0.3054,0.1766,0.126,0.1037
835,0.866,3411.52,717.19,1.37,0.049,0.303,0.064,0.602,0.4197,0.0199,0.0544,0.0413,0.1857,0.027,0.0723,0.1796
836,0.8,1914.16,553.86,1.57,0.263,0.808,0.328,0.769,0.2829,0.0108,0.1541,0.0653,0.012,0.1824,0.2696,0.0228
837,0.459,2181.54,699.48,1.43,0.308,0.41,0.315,0.845,0.1071,0.041,0.0226,0.591,0.0494,0.026,0.0702,0.0928
838,0.566,2012.78,598.57,1.25,0.357,0.229,0.218,0.688,0.1856,0.183,0.0143,0.125,0.0217,0.0552,0.3997,0.0156
839,0.584,2132.34,226.32,1.38,0.18,0.738,0.207,0.315,0.1291,0.1356,0.0346,0.2252,0.1629,0.1664,0.0476,0.0985
840,0.255,4324.07,432.61,1.36,0.196,0.694,0.164,0.742,0.011,0.1657,0.0177,0.2374,0.0916,0.3217,0.111,0.0439
841,0.735,1231.67,395.05,1.29,0.445,0.66,0.669,0.65,0.0304,0.0125,0.4728,0.0126,0.0349,0.1339,0.1344,0.1686
842,0.302,1794.06,506.51,1.48,0.455,0.633,0.166,0.86,0.0897,0.098,0.0793,0.0105,0.5637,0.0071,0.0427,0.109
843,0.492,3572.25,1212.9,1.27,0.275,0.631,0.423,0.867,0.0025,0.1958,0.0572,0.497,0.1645,0.0102,0.0728,0.0001
844,0.402,1163.32,201.39,1.37,0.054,0.666,0.361,0.509,0.0218,0.2345,0.1452,0.1458,0.0166,0.1345,0.116,0.1855
845,0.295,1517.21,450.6,1.35,0.139,0.415,0.226,0.715,0.1005,0.1364,0.2789,0.0859,0.1383,0.1755,0.027,0.0574
846,0.694,1977.23,593.92,1.36,0.504,0.724,0.112,0.752,0.1224,0.0067,0.3264,0.0282,0.0632,0.1332,0.3188,0.0012
847,0.67,2207.65,693.94,1.41,0.304,0.728,0.221,0.541,0.1146,0.044,0.0914,0.2234,0.0868,0.1931,0.1304,0.1164
848,0.18,963.21,262.96,1.46,0.181,0.357,0.181,0.752,0.0225,0.0239,0.2794,0.0344,0.3006,0.317,0.0157,0.0064
849,0.373,2608.53,351.05,1.21,0.494,0.718,0.382,0.819,0.001,0.1,0.1195,0.0025,0.0336,0.6309,0.108,0.0044
850,0.656,3129.71,845.76,1.28,0.388,0.491,0.223,0.381,0.2532,0.0515,0.1962,0.0335,0.0859,0.3704,0.0018,0.0076
851,0.7,3002.52,754.0,1.5,0.3,0.694,0.411,0.436,0.0237,0.0316,0.45,0.2898,0.0685,0.1025,0.0004,0.0335
852,0.497,1557.1,285.6,1.56,0.077,0.162,0.391,0.628,0.1331,0.1181,0.0119,0.0346,0.0993,0.3469,0.235,0.0211
853,0.358,2109.81,321.01,1.17,0.304,0.686,0.459,0.634,0.1963,0.0391,0.0056,0.1054,0.0004,0.3182,0.2359,0.0991
854,0.757,1758.07,564.82,1.18,0.172,0.277,0.556,0.778,0.2404,0.0335,0.162,0.1514,0.1167,0.1785,0.0025,0.115
855,0.767,2215.51,300.17,1.57,0.464,0.487,0.309,0.936,0.1186,0.0111,0.0319,0.3276,0.0361,0.2267,0.1374,0.1107
856,0.382,4892.72,1005.7,1.22,0.327,0.442,0.65,0.661,0.1378,0.2579,0.1864,0.055,0.0562,0.1099,0.0786,0.1183
857,0.232,1959.71,501.1,1.59,0.46,0.538,0.41,0.7,0.0052,0.1581,0.0128,0.2711,0.1981,0.0945,0.119,0.1412
858,0.361,1269.68,435.44,1.52,0.901,0.663,0.239,0.511,0.2954,0.0432,0.1905,0.0022,0.0407,0.2409,0.1595,0.0277
859,0.52,2400.37,642.69,1.2,0.314,0.493,0.227,0.445,0.016,0.1949,0.0415,0.1017,0.3443,0.0136,0.2559,0.032
860,0.102,1007.6,177.56,1.2,0.17,0.558,0.674,0.335,0.0088,0.1315,0.0684,0.0006,0.3262,0.037,0.3727,0.0548
861,0.655,1483.48,170.85,1.59,0.241,0.445,0.41,0.426,0.1747,0.2334,0.0492,0.1861,0.0247,0.0137,0.022,0.296
862,0.449,1416.36,254.13,1.26,0.661,0.727,0.339,0.626,0.0929,0.0046,0.0435,0.227,0.0567,0.127,0.0294,0.4188
863,0.227,1574.38,272.68,1.39,0.289,0.225,0.293,0.418,0.1523,0.4765,0.1045,0.0263,0.0294,0.0493,0.0568,0.1049
864,0.493,3201.74,975.79,1.26,0.254,0.584,0.365,0.641,0.0159,0.2903,0.0653,0.2367,0.1125,0.2268,0.0243,0.0282
865,0.149,2251.45,437.11,1.42,0.385,0.489,0.398,0.575,0.1534,0.0193,0.0061,0.2699,0.0345,0.4135,0.007,0.0964
866,0.687,3001.61,374.04,1.53,0.152,0.287,0.279,0.899,0.0109,0.0202,0.1025,0.0493,0.6316,0.0104,0.1442,0.0309
867,0.721,1595.06,506.42,1.45,0.176,0.322,0.434,0.6,0.0528,0.0268,0.1581,0.0527,0.1325,0.2102,0.3271,0.0397
868,0.513,1791.81,187.27,1.17,0.237,0.563,0.329,0.794,0.0697,0.0105,0.3452,0.0691,0.0872,0.2885,0.1224,0.0074
869,0.59,2584.28,260.37,1.42,0.429,0.316,0.513,0.923,0.2357,0.0816,0.1891,0.2196,0.0432,0.014,0.0694,0.1471
870,0.337,1565.96,342.46,1.45,0.321,0.531,0.375,0.25,0.0021,0.2535,0.269,0.0664,0.1583,0.0011,0.1731,0.0765
871,0.553,2034.18,238.62,1.24,0.153,0.504,0.451,0.933,0.062,0.0242,0.051,0.0778,0.163,0.2075,0.3069,0.1076
872,0.502,2638.81,380.72,1.49,0.895,0.161,0.237,0.478,0.0406,0.1096,0.0169,0.0028,0.3949,0.2559,0.1252,0.0541
873,0.567,1991.72,689.78,1.43,0.366,0.906,0.296,0.774,0.07,0.0085,0.2724,0.1229,0.0219,0.0577,0.0352,0.4114
874,0.394,2278.83,708.92,1.15,0.324,0.571,0.192,0.64,0.0247,0.0116,0.2169,0.0171,0.2783,0.1279,0.3076,0.016
875,0.67,4564.93,1328.44,1.58,0.576,0.362,0.024,0.928,0.5738,0.0724,0.0773,0.0555,0.0372,0.042,0.0683,0.0735
876,0.487,2048.35,548.34,1.35,0.233,0.506,0.454,0.834,0.0027,0.1142,0.1089,0.1227,0.1438,0.1851,0.2619,0.0607
877,0.62,3773.11,422.41,1.25,0.326,0.274,0.19,0.849,0.2111,0.0113,0.0888,0.3776,0.0055,0.18,0.0015,0.1243
878,0.605,2921.85,902.78,1.19,0.133,0.169,0.278,0.748,0.1222,0.1779,0.0242,0.0384,0.2646,0.0054,0.1169,0.2505
879,0.796,1426.66,310.72,1.32,0.249,0.385,0.4,0.853,0.0517,0.0648,0.2393,0.0786,0.3171,0.2084,0.0225,0.0176
880,0.53,1445.04,180.02,1.29,0.223,0.393,0.295,0.734,0.2346,0.0426,0.0632,0.0802,0.0009,0.3319,0.0489,0.1976
881,0.438,1529.31,267.92,1.28,0.418,0.404,0.106,0.852,0.2603,0.0162,0.1505,0.1526,0.0087,0.3255,0.0024,0.0837
882,0.594,1649.98,372.06,1.51,0.435,0.708,0.196,0.568,0.1635,0.0986,0.052,0.1858,0.0525,0.0351,0.3464,0.0661
883,0.518,2151.92,222.56,1.44,0.433,0.188,0.142,0.759,0.001,0.0995,0.4193,0.1238,0.1214,0.0942,0.0064,0.1345
884,0.795,3280.17,535.01,1.21,0.169,0.543,0.093,0.924,0.0253,0.0972,0.0379,0.2985,0.2869,0.0654,0.094,0.0949
885,0.256,3164.13,582.14,1.47,0.119,0.863,0.466,0.565,0.3572,0.2357,0.0577,0.1612,0.0451,0.0242,0.0723,0.0466
886,0.658,2713.99,586.08,1.48,0.296,0.26,0.324,0.572,0.4797,0.1436,0.163,0.0423,0.0244,0.0095,0.013,0.1246
887,0.482,1830.04,183.91,1.38,0.148,0.566,0.567,0.889,0.0709,0.0237,0.0566,0.0045,0.2021,0.213,0.4229,0.0064
888,0.163,784.2,189.28,1.6,0.113,0.344,0.374,0.944,0.1424,0.0191,0.2279,0.2073,0.1302,0.1329,0.0649,0.0752
889,0.531,2310.95,345.28,1.28,0.344,0.454,0.347,0.475,0.0384,0.1865,0.4207,0.0088,0.2081,0.1035,0.0067,0.0274
890,0.55,2292.93,571.66,1.18,0.432,0.153,0.231,0.568,0.1581,0.0039,0.1845,0.0231,0.1373,0.1831,0.1044,0.2057
891,0.809,2777.59,443.82,1.16,0.401,0.648,0.507,0.339,0.079,0.2187,0.0501,0.0512,0.0176,0.007,0.2278,0.3485
892,0.744,5814.25,1166.8,1.29,0.414,0.599,0.324,0.6,0.1029,0.0398,0.088,0.2168,0.0246,0.0789,0.2283,0.2207
893,0.748,4120.19,1054.39,1.37,0.615,0.541,0.114,0.558,0.0177,0.0858,0.2494,0.067,0.0737,0.204,0.1432,0.1591
894,0.715,3378.98,892.54,1.19,0.175,0.424,0.136,0.898,0.0741,0.5442,0.0312,0.0497,0.0026,0.0538,0.0537,0.1908
895,0.253,1300.85,140.03,1.4,0.614,0.504,0.142,0.873,0.2597,0.1104,0.1105,0.0008,0.0746,0.1695,0.0039,0.2706
896,0.275,1578.29,368.95,1.56,0.076,0.718,0.209,0.349,0.2164,0.2426,0.3132,0.0658,0.0039,0.084,0.0003,0.0737
897,0.245,1831.58,557.1,1.51,0.543,0.802,0.656,0.656,0.2354,0.0629,0.0072,0.2099,0.3077,0.087,0.0197,0.07
898,0.58,1691.33,256.42,1.45,0.716,0.444,0.369,0.76,0.1546,0.0727,0.1477,0.0032,0.2947,0.0038,0.2711,0.0521
899,0.692,2981.99,694.79,1.45,0.332,0.205,0.214,0.987,0.4771,0.053,0.0158,0.1814,0.0976,0.008,0.0901,0.0769
900,0.447,2475.2,524.5,1.48,0.212,0.243,0.151,0.395,0.1021,0.1929,0.0716,0.1147,0.0223,0.0093,0.2804,0.2067
901,0.4,1351.55,422.34,1.37,0.217,0.302,0.153,0.49,0.0768,0.1153,0.0971,0.1193,0.0143,0.2505,0.1048,0.2221
902,0.426,3422.97,717.77,1.33,0.389,0.675,0.281,0.671,0.0347,0.0419,0.3161,0.0401,0.1805,0.0665,0.1109,0.2092
903,0.27,2012.88,676.25,1.29,0.559,0.844,0.489,0.598,0.2693,0.2392,0.0091,0.2156,0.0733,0.0676,0.02,0.1059
904,0.841,1312.13,345.23,1.19,0.355,0.616,0.536,0.781,0.0493,0.0589,0.2818,0.1118,0.0779,0.0197,0.1592,0.2416
905,0.428,2079.7,499.85,1.4,0.528,0.632,0.38,0.595,0.2565,0.0247,0.1896,0.0077,0.3624,0.0211,0.016,0.1221
906,0.698,2739.66,473.91,1.36,0.496,0.715,0.347,0.893,0.1182,0.2091,0.0311,0.0207,0.0441,0.4509,0.1203,0.0056
907,0.844,3871.93,964.62,1.2,0.115,0.514,0.051,0.761,0.1187,0.2331,0.1025,0.0301,0.0034,0.1158,0.1865,0.21
908,0.786,2231.89,296.42,1.27,0.223,0.412,0.144,0.647,0.0329,0.0526,0.2777,0.0436,0.1024,0.3703,0.1169,0.0035
909,0.305,2748.79,560.92,1.5,0.111,0.743,0.35,0.808,0.0505,0.0927,0.0701,0.3181,0.3785,0.046,0.0063,0.0377
910,0.47,2341.66,400.67,1.27,0.78,0.278,0.585,0.932,0.0004,0.5358,0.022,0.015,0.3384,0.0196,0.0563,0.0125
911,0.551,1342.03,359.09,1.34,0.647,0.64,0.749,0.441,0.0606,0.145,0.039,0.0085,0.0312,0.0024,0.2454,0.4679
912,0.729,1410.8,410.54,1.22,0.195,0.903,0.505,0.719,0.0971,0.2032,0.0746,0.4035,0.0426,0.027,0.0294,0.1226
913,0.513,3485.28,1157.66,1.23,0.596,0.36,0.069,0.835,0.1637,0.3202,0.0178,0.1199,0.1169,0.0938,0.0195,0.1482
914,0.4,3369.89,524.1,1.49,0.483,0.586,0.062,0.544,0.0118,0.0356,0.5064,0.1774,0.0046,0.0257,0.0869,0.1516
915,0.444,2437.67,782.95,1.18,0.068,0.524,0.227,0.891,0.0531,0.064,0.0059,0.022,0.101,0.6961,0.0317,0.0261
916,0.074,3086.0,961.25,1.28,0.492,0.641,0.516,0.432,0.3458,0.1246,0.0056,0.0238,0.1043,0.0111,0.1003,0.2845
917,0.575,3510.29,1107.88,1.59,0.123,0.619,0.194,0.962,0.369,0.0347,0.2172,0.0451,0.0062,0.0738,0.0825,0.1715
918,0.649,3139.86,895.23,1.36,0.295,0.656,0.345,0.771,0.201,0.0352,0.3591,0.0003,0.1435,0.0642,0.1896,0.0071
919,0.477,1515.4,252.97,1.42,0.182,0.517,0.665,0.827,0.0469,0.0561,0.1301,0.2678,0.1878,0.1493,0.1402,0.0218
920,0.686,4865.19,1554.27,1.44,0.159,0.567,0.508,0.84,0.082,0.1328,0.0835,0.039,0.0735,0.0531,0.1161,0.42
921,0.397,2584.79,645.91,1.24,0.313,0.714,0.422,0.396,0.1887,0.0499,0.1451,0.1642,0.1876,0.1595,0.0693,0.0358
922,0.682,2081.06,593.42,1.32,0.312,0.922,0.28,0.917,0.0101,0.1472,0.0033,0.4288,0.0133,0.0207,0.2142,0.1624
923,0.48,1672.38,253.06,1.33,0.368,0.624,0.224,0.81,0.056,0.0809,0.1276,0.3064,0.075,0.0893,0.2257,0.039
924,0.38,2287.83,318.82,1.25,0.578,0.405,0.329,0.394,0.0668,0.3071,0.3418,0.0508,0.0221,0.0692,0.0089,0.1334
925,0.364,1048.22,177.37,1.26,0.291,0.481,0.145,0.692,0.0555,0.0006,0.0519,0.0358,0.4325,0.1247,0.2144,0.0845
926,0.652,3165.56,721.25,1.42,0.494,0.572,0.36,0.786,0.0497,0.6798,0.0212,0.0351,0.0065,0.1519,0.0088,0.0469
927,0.523,1528.01,311.95,1.2,0.076,0.53,0.592,0.704,0.125,0.047,0.0045,0.0026,0.2807,0.0253,0.3323,0.1827
928,0.472,2523.01,812.16,1.21,0.521,0.22,0.05,0.734,0.3469,0.1422,0.1288,0.0055,0.0177,0.2268,0.1096,0.0225
929,0.595,1886.02,194.74,1.41,0.692,0.432,0.051,0.71,0.0142,0.0123,0.2072,0.0295,0.1255,0.1062,0.404,0.101
930,0.437,1919.23,230.33,1.35,0.564,0.472,0.349,0.546,0.4005,0.0287,0.0461,0.0927,0.0622,0.2265,0.0102,0.1331
931,0.512,1642.87,297.94,1.43,0.747,0.304,0.115,0.845,0.1891,0.0535,0.0183,0.0553,0.122,0.1949,0.2862,0.0808
932,0.755,2359.95,334.95,1.16,0.392,0.368,0.211,0.844,0.3336,0.1347,0.1623,0.0869,0.0536,0.0056,0.2146,0.0087
933,0.296,4180.04,843.06,1.47,0.196,0.114,0.636,0.406,0.0042,0.1187,0.1053,0.1851,0.145,0.0141,0.1402,0.2875
934,0.323,3474.0,970.63,1.53,0.551,0.472,0.224,0.712,0.0462,0.1288,0.1638,0.3346,0.0612,0.0327,0.0363,0.1963
935,0.754,2898.7,1009.77,1.39,0.05,0.481,0.468,0.432,0.0129,0.4064,0.0844,0.0106,0.1589,0.1485,0.0776,0.1008
936,0.68,2401.5,361.47,1.53,0.209,0.378,0.233,0.792,0.2707,0.0464,0.0396,0.1886,0.3587,0.0177,0.0165,0.0618
937,0.42,2961.35,493.05,1.33,0.115,0.472,0.344,0.736,0.0453,0.0151,0.4493,0.0597,0.2878,0.0114,0.0132,0.1182
938,0.386,3255.6,951.24,1.19,0.171,0.895,0.298,0.46,0.0214,0.2349,0.116,0.0438,0.0835,0.0997,0.0051,0.3955
939,0.364,1467.58,246.57,1.32,0.46,0.595,0.428,0.297,0.0549,0.1908,0.0229,0.0486,0.1745,0.4142,0.0799,0.0141
940,0.69,2364.52,652.46,1.35,0.217,0.523,0.115,0.651,0.1766,0.0796,0.0676,0.0144,0.3128,0.0096,0.0821,0.2573
941,0.412,1014.83,249.52,1.54,0.276,0.557,0.409,0.656,0.1654,0.3497,0.1043,0.0431,0.0473,0.1704,0.1044,0.0153
942,0.361,3200.39,1004.04,1.3,0.297,0.457,0.042,0.674,0.0521,0.167,0.0741,0.0234,0.2378,0.2021,0.2041,0.0395
943,0.704,5607.13,607.44,1.29,0.118,0.464,0.281,0.593,0.069,0.0519,0.0754,0.0537,0.0005,0.4621,0.0529,0.2345
944,0.242,1960.87,676.38,1.55,0.401,0.385,0.172,0.664,0.0055,0.0705,0.2822,0.098,0.1292,0.2364,0.1271,0.051
945,0.483,935.52,319.07,1.26,0.263,0.39,0.749,0.636,0.0913,0.0029,0.4292,0.088,0.2694,0.0072,0.0655,0.0464
946,0.192,2345.88,247.72,1.44,0.512,0.67,0.373,0.375,0.1229,0.0532,0.0276,0.0816,0.0769,0.0794,0.2454,0.3129
947,0.332,1398.28,314.44,1.3,0.335,0.272,0.096,0.878,0.0684,0.4478,0.0775,0.0167,0.1609,0.0402,0.1729,0.0155
948,0.337,1543.87,309.32,1.58,0.299,0.622,0.359,0.859,0.1714,0.0749,0.0409,0.004,0.123,0.2847,0.2108,0.0903
949,0.083,2193.48,358.72,1.24,0.298,0.158,0.404,0.54,0.0586,0.021,0.0004,0.0694,0.4516,0.0313,0.0788,0.2889
950,0.606,2587.54,891.29,1.48,0.561,0.389,0.222,0.827,0.3195,0.3842,0.0708,0.092,0.0059,0.0154,0.0822,0.0299
951,0.529,1846.56,265.26,1.4,0.531,0.547,0.449,0.6,0.1845,0.0123,0.3617,0.2177,0.0166,0.0098,0.1389,0.0585
952,0.296,1513.9,251.14,1.59,0.564,0.614,0.177,0.695,0.2864,0.1436,0.2363,0.0102,0.1134,0.0297,0.1655,0.015
953,0.64,2500.94,255.24,1.6,0.131,0.285,0.394,0.576,0.0792,0.2066,0.1534,0.002,0.1357,0.2627,0.1475,0.0129
954,0.334,1705.65,417.98,1.51,0.605,0.444,0.246,0.586,0.3472,0.0645,0.0686,0.001,0.1184,0.3137,0.0036,0.083
955,0.69,1564.72,493.2,1.2,0.065,0.654,0.745,0.567,0.0333,0.4179,0.0012,0.026,0.1556,0.096,0.0294,0.2407
956,0.293,1716.06,438.42,1.36,0.278,0.219,0.245,0.946,0.1086,0.1001,0.0994,0.2783,0.1034,0.2433,0.045,0.0219
957,0.631,2711.69,712.91,1.53,0.222,0.312,0.634,0.224,0.1027,0.1217,0.1841,0.5185,0.0011,0.0238,0.0278,0.0204
958,0.237,1761.98,205.41,1.44,0.158,0.356,0.094,0.775,0.0252,0.0404,0.3297,0.0477,0.1058,0.4133,0.0256,0.0123
959,0.528,1274.1,355.09,1.55,0.416,0.566,0.276,0.743,0.0306,0.0032,0.1427,0.203,0.1662,0.1205,0.0049,0.329
960,0.537,3347.22,676.98,1.51,0.182,0.542,0.056,0.971,0.3026,0.2135,0.0499,0.0559,0.0178,0.0032,0.344,0.0131
961,0.264,643.61,140.58,1.29,0.36,0.536,0.456,0.777,0.0337,0.0821,0.0428,0.056,0.0696,0.304,0.375,0.0368
962,0.368,1715.03,422.33,1.24,0.311,0.233,0.458,0.388,0.0017,0.0087,0.0369,0.5461,0.0516,0.0362,0.0144,0.3045
963,0.494,1718.11,590.76,1.3,0.252,0.168,0.373,0.841,0.2371,0.0418,0.0221,0.0858,0.364,0.028,0.013,0.2082
964,0.515,2362.96,678.28,1.46,0.333,0.808,0.201,0.295,0.0833,0.1321,0.195,0.2935,0.069,0.0484,0.0245,0.1541
965,0.581,2888.2,782.65,1.37,0.395,0.365,0.067,0.976,0.1633,0.1427,0.023,0.176,0.2772,0.0114,0.0569,0.1495
966,0.343,3170.79,659.44,1.17,0.559,0.187,0.628,0.417,0.0751,0.0029,0.1429,0.0671,0.2479,0.1037,0.2895,0.0708
967,0.503,1664.6,180.8,1.48,0.068,0.376,0.085,0.744,0.0043,0.0708,0.227,0.0369,0.1161,0.0554,0.2639,0.2254
968,0.521,2825.05,662.96,1.17,0.064,0.631,0.242,0.839,0.3341,0.1327,0.3832,0.0532,0.0596,0.0001,0.0163,0.0209
969,0.574,2486.06,659.35,1.33,0.154,0.761,0.51,0.908,0.0069,0.0195,0.0734,0.4914,0.2672,0.0013,0.13,0.0104
970,0.632,1194.3,329.68,1.36,0.302,0.692,0.225,0.537,0.5065,0.1726,0.0331,0.0246,0.1438,0.0004,0.0,0.1189
971,0.285,4171.59,1051.12,1.38,0.222,0.328,0.124,0.641,0.0218,0.6234,0.0429,0.0306,0.1559,0.0054,0.068,0.0521
972,0.628,1329.66,232.81,1.21,0.266,0.629,0.315,0.36,0.038,0.6069,0.081,0.1053,0.0096,0.101,0.0538,0.0044
973,0.874,3146.17,488.47,1.49,0.657,0.203,0.282,0.905,0.1707,0.2542,0.0908,0.1236,0.0779,0.0588,0.0139,0.2101
974,0.091,2006.55,245.85,1.53,0.031,0.192,0.138,0.65,0.0083,0.4205,0.1011,0.134,0.1326,0.1188,0.0029,0.0818
975,0.312,2214.52,610.56,1.46,0.165,0.564,0.568,0.372,0.2724,0.1962,0.2502,0.1132,0.0238,0.0481,0.0336,0.0625
976,0.341,1655.21,567.23,1.58,0.315,0.532,0.272,0.666,0.0093,0.3522,0.1572,0.0854,0.335,0.0046,0.0182,0.0382
977,0.358,2838.37,656.39,1.27,0.056,0.758,0.331,0.43,0.0379,0.2663,0.0262,0.2778,0.0117,0.231,0.0061,0.143
978,0.822,1391.35,373.29,1.22,0.622,0.248,0.17,0.734,0.3327,0.1672,0.0197,0.1161,0.0947,0.0247,0.0047,0.2402
979,0.282,1896.56,518.05,1.18,0.879,0.769,0.287,0.686,0.0716,0.0411,0.094,0.0597,0.0428,0.0659,0.3591,0.2658
980,0.618,1877.02,263.46,1.47,0.088,0.682,0.212,0.893,0.1922,0.2715,0.1088,0.0656,0.2236,0.0269,0.03,0.0814
981,0.373,1568.75,232.1,1.22,0.158,0.735,0.222,0.921,0.2906,0.2065,0.0311,0.0053,0.3045,0.0118,0.0311,0.119
982,0.423,2512.37,381.99,1.57,0.337,0.298,0.429,0.62,0.2107,0.093,0.0231,0.1323,0.0024,0.0996,0.1975,0.2413
983,0.491,3383.83,1127.53,1.42,0.461,0.633,0.596,0.624,0.0178,0.0185,0.2703,0.0372,0.1034,0.1472,0.2245,0.1812
984,0.61,2041.62,212.11,1.51,0.245,0.746,0.146,0.68,0.0585,0.1942,0.2393,0.1506,0.0078,0.0492,0.0719,0.2285
985,0.486,2995.89,704.91,1.35,0.614,0.348,0.344,0.667,0.1919,0.1541,0.1646,0.089,0.0199,0.035,0.1873,0.1584
986,0.477,2225.12,432.33,1.48,0.605,0.854,0.367,0.723,0.0168,0.1909,0.1064,0.0509,0.1951,0.0886,0.2027,0.1486
987,0.601,1631.12,431.98,1.35,0.43,0.378,0.353,0.677,0.0058,0.2185,0.0778,0.0367,0.1828,0.17,0.1811,0.1272
988,0.63,2133.7,330.99,1.39,0.41,0.268,0.118,0.48,0.2951,0.0288,0.1257,0.0002,0.1315,0.1667,0.0497,0.2023
989,0.679,2151.26,732.06,1.5,0.174,0.287,0.058,0.641,0.1235,0.1509,0.1273,0.3461,0.1416,0.0803,0.0199,0.0105
990,0.641,1800.8,329.19,1.26,0.243,0.162,0.186,0.882,0.0328,0.2071,0.1955,0.0399,0.3465,0.0016,0.1182,0.0584
991,0.441,2537.52,841.14,1.55,0.259,0.75,0.401,0.526,0.4525,0.1369,0.0208,0.1134,0.0023,0.0703,0.0738,0.1299
992,0.604,2564.26,634.14,1.47,0.166,0.2,0.563,0.874,0.0298,0.3557,0.485,0.0589,0.0096,0.0031,0.0206,0.0372
993,0.56,1207.88,245.94,1.49,0.465,0.4,0.063,0.22,0.0475,0.0432,0.1132,0.2333,0.2818,0.0011,0.2354,0.0445
994,0.619,1215.55,344.57,1.26,0.222,0.284,0.413,0.598,0.0151,0.004,0.1179,0.0022,0.2135,0.4552,0.1287,0.0634
995,0.368,2430.09,579.01,1.19,0.105,0.725,0.11,0.473,0.0353,0.1321,0.2042,0.1009,0.3165,0.1153,0.0009,0.0948
996,0.729,1793.82,241.53,1.18,0.181,0.592,0.666,0.152,0.0897,0.1218,0.049,0.13,0.0605,0.0739,0.3819,0.0933
997,0.497,2489.16,687.31,1.44,0.351,0.387,0.213,0.798,0.1134,0.0429,0.0225,0.0527,0.1288,0.2615,0.0606,0.3176
998,0.725,3390.16,830.16,1.22,0.707,0.435,0.459,0.747,0.0885,0.28,0.2154,0.1008,0.0538,0.1686,0.0343,0.0586
999,0.315,1194.85,288.45,1.6,0.604,0.704,0.206,0.893,0.1575,0.0649,0.0146,0.3299,0.1895,0.1568,0.0015,0.0853
