session_id,customer_id,bundle_id,tau_revenue,tau_margin,assigned_incentive
0,0,30,408.9086168566006,-0.0914074715098927,0.2
1,0,2,410.4271569599856,3.378673543997863,0.2
2,0,1,367.68063053311477,23.66522610662293,0.15
3,0,112,344.455282990389,-6.589493401922224,0.15
4,0,393,238.52824169731338,2.3682798839349157,0.1
5,0,210,424.0887027612411,30.409115552248203,0.15
6,0,228,237.59447120477546,-32.58642931928367,0.2
7,0,244,177.82964594982792,21.185532508696003,0.05
8,0,302,326.1095192992903,24.259901701448435,0.1
9,0,143,164.1420192603399,17.835020018376692,0.05
10,0,210,357.04168640510665,45.75741776087152,0.1
11,0,321,286.925080343642,-37.983237948453684,0.2
12,1,116,239.51215772569344,-11.148676341145977,0.2
13,1,344,370.60018737067344,-1.7448125258653349,0.15
14,1,215,426.91748761376425,2.285423142064648,0.2
15,1,257,147.47729184319064,17.356509716028626,0.05
16,1,436,167.32958751283465,26.65131832065076,0.05
17,1,451,323.98879499209835,-2.9931910015803407,0.15
18,1,329,190.6531097337524,28.068163198611625,0.05
19,1,154,137.65731760450618,8.861711406136543,0.05
20,1,215,414.3521964769486,28.226989295389696,0.15
21,2,43,107.10832371986622,13.706276434565414,0.05
22,2,552,122.03662790689789,6.567299319366086,0.05
23,2,373,212.86765643372175,10.850321642177924,0.1
24,3,374,139.2423096891822,1.8767883369864027,0.1
25,3,368,193.73077126562927,9.547150989140555,0.1
26,3,0,212.86842434340815,-12.449512572507121,0.2
27,3,350,147.63515661513364,-7.662844472136473,0.1
28,3,559,343.5774923554805,-28.573198543234177,0.2
29,3,59,333.13045776880455,-9.938624673907011,0.2
30,3,1,316.3623432249058,-5.915172654359019,0.2
31,3,584,318.2050738512274,-17.10115087861783,0.2
32,3,497,338.84953011105375,-11.450336694927714,0.2
33,3,247,127.1139640795858,14.143427547535424,0.05
34,4,108,289.81148816120276,-5.669602367759451,0.15
35,4,270,266.5048454530916,14.044438468275949,0.1
36,4,321,220.96411891365025,-6.053077042521078,0.1
37,4,238,117.60120482447026,6.337439534510549,0.05
38,4,159,145.1558029313644,11.66171097282987,0.05
39,4,133,174.132271880067,-7.754940906572818,0.1
40,4,175,236.02493808091685,16.617244970339662,0.1
41,4,135,238.65274304365454,-31.431588543451806,0.2
42,4,325,396.62423958128863,10.172797916257707,0.15
43,4,552,308.7056125208186,-12.188577495836288,0.15
44,4,214,304.6300788926716,10.761881469444525,0.1
45,4,309,159.53527337399362,24.13331914105226,0.05
46,5,501,198.47708435628465,-7.44522759128279,0.15
47,5,263,198.7963087853814,17.721803898021356,0.1
48,5,125,138.66570907227654,7.826520274609781,0.1
49,5,105,205.373926665652,-14.592456279270904,0.15
50,5,532,191.13360045076814,-8.158377077603244,0.15
51,5,363,90.3831808438341,1.8717191462959981,0.05
52,5,176,267.97039427276104,-28.620092517236102,0.2
53,5,295,221.92866842421748,-5.363025257407246,0.15
54,5,376,115.69668762092601,10.654310740087425,0.05
55,5,535,114.4904602954536,17.104744051745286,0.05
56,5,105,205.373926665652,-14.592456279270904,0.15
57,5,318,134.80537719197895,1.1139669455246501,0.1
58,5,153,81.86805461166477,3.8352830082457725,0.05
59,6,200,268.28983270237995,-10.473248565242397,0.2
60,6,467,239.75461384193187,25.46942072109791,0.1
61,6,35,140.26057599179626,5.479524081817319,0.1
62,6,393,85.1143209772665,2.9468484554152266,0.05
63,6,153,200.33692056902302,-12.877221776379157,0.15
64,6,559,119.95979844647178,8.491515025975286,0.05
65,6,281,224.01410082046542,22.142088430760428,0.1
66,7,87,170.35365949723217,23.81268826640663,0.05
67,7,369,316.28680676447976,-1.0092636471040635,0.15
68,7,455,112.94269096286433,0.1347411444151323,0.05
69,7,18,301.35174643576534,35.162176516850955,0.1
70,7,195,369.9796321070118,16.017826421402344,0.15
71,7,454,201.147496544345,-32.15272569113101,0.15
72,7,145,438.825731705448,-12.89204024418279,0.2
73,7,88,123.38002383487344,11.282847567699024,0.05
74,7,527,226.4904991718192,33.54886891852202,0.05
75,7,379,172.8004379270766,20.94582856395946,0.05
76,7,457,344.1714316724399,-17.297985249134012,0.2
77,7,97,289.98288582326455,-11.659367126510311,0.2
78,7,515,393.9416496462227,10.329354929244523,0.15
79,8,314,375.9095858331476,-0.9763328333704813,0.15
80,8,517,335.64126312403175,26.94265281608685,0.1
81,8,3,168.759599113828,28.27448666253167,0.05
82,8,18,387.2263026931294,25.84336053862586,0.15
83,9,138,333.39851346405413,26.591753034930996,0.1
84,9,138,333.39851346405413,24.56429753179315,0.1
85,9,86,172.6319072729149,26.82501421257438,0.05
86,10,31,131.51589095859038,17.91463432781579,0.05
87,10,578,245.3074183449487,13.912058348540878,0.1
88,10,358,222.10326773944652,34.038903792403914,0.05
89,10,154,121.15313138157947,7.167337801533041,0.05
90,10,493,462.33561309071524,34.50117261814302,0.15
91,10,143,351.8605465043944,-19.302018024340818,0.2
92,10,68,282.373247884316,7.196563202559371,0.1
93,10,330,255.69188691173915,-6.036247617652172,0.15
94,10,378,276.8642824970751,15.355273718191583,0.1
95,10,329,382.4711012999858,-8.28033480500211,0.2
96,10,54,276.94519753336266,24.81187782273407,0.1
97,10,379,389.06801895264346,7.37020379052867,0.15
98,11,321,123.61393681121822,2.247058500269304,0.05
99,11,203,323.46199877150445,0.25004975430086773,0.15
100,11,472,148.4763309783253,-7.546993649408602,0.1
101,11,383,302.312688075161,-14.402596788725827,0.2
102,11,119,314.3107708767331,15.426852803415564,0.1
103,11,116,234.34681535473948,-11.923477696789071,0.2
104,11,12,238.83914637769448,-3.590995724461118,0.15
105,11,436,326.3867322574956,16.21044645149911,0.15
106,11,479,240.97493295946532,-1.7661084396115285,0.1
107,12,205,205.4921334183174,22.1398997329714,0.05
108,12,326,427.0902137522888,-9.312667937156663,0.2
109,12,152,271.54358958258535,18.366197395646353,0.1
110,12,203,345.8313518869633,6.91392037739265,0.15
111,12,338,324.2551949583813,13.983548739595324,0.1
112,12,13,345.94629192459377,25.346822981148442,0.1
113,12,538,295.87931195333607,21.685277988334015,0.1
114,12,552,342.1901290780927,-27.159680638286076,0.2
115,12,142,213.20866801223912,22.24971515225575,0.05
116,12,177,353.28577350331216,19.74169337582805,0.1
117,13,291,321.0816274976074,-6.646655875358874,0.2
118,13,245,149.14227318046406,15.794743593514298,0.05
119,13,500,371.2923029272904,9.470435585458052,0.15
120,13,510,262.2164495914978,15.425883169091676,0.1
121,13,386,115.90219828165442,6.828654148327068,0.05
122,13,306,128.3228042298706,14.351069340421692,0.05
123,13,241,162.04844389379463,16.389585201521175,0.05
124,13,63,110.5645044506505,1.7431895125945704,0.05
125,13,272,335.99352884795246,40.56793045149408,0.1
126,13,200,306.100253077693,13.103850615538594,0.15
127,13,213,154.71219363826185,11.66970151343449,0.05
128,14,114,289.8380009170603,10.41810018341205,0.15
129,14,578,240.71017706678867,13.428793154800918,0.1
130,14,573,317.74533631783623,-11.470699552324547,0.2
131,15,294,320.3549889014715,0.8317227802942799,0.15
132,15,222,193.41178287984695,13.59151780134097,0.05
133,15,103,347.0327548774532,12.003850975490625,0.15
134,15,451,333.7426672711942,0.05258345423884414,0.15
135,15,164,199.30199120999117,20.356916003806038,0.05
136,15,77,235.28353686568067,0.047284216420173664,0.1
137,15,218,433.34242698738643,60.066656746846604,0.1
138,16,541,346.48613434249575,44.38066530274869,0.05
139,17,368,379.27824184659096,31.608560461647738,0.1
140,17,259,385.8559311122814,18.634411222456258,0.15
141,17,33,283.8241411506209,-33.30787882740685,0.2
142,17,520,265.9832151949011,-22.094717720764816,0.2
143,17,404,233.0896252464844,35.93373778683038,0.05
144,17,140,327.44004866111675,14.923509732223337,0.15
145,17,146,335.8899261463289,-21.538411078050665,0.2
146,18,191,192.0485423689082,-2.862370379681405,0.15
147,18,80,234.38356733367596,-13.758750523044043,0.15
148,18,461,112.1551003058763,9.269767646933012,0.05
149,18,226,230.8710299208243,-5.450615761694651,0.15
150,18,354,239.80193920660298,-11.63192626043881,0.2
151,18,126,129.19044382801195,21.345777304491286,0.05
152,18,353,207.11106347210807,3.301666503023597,0.15
153,18,314,104.89846788424241,7.793905481430997,0.05
154,18,365,111.25724982246443,9.607979483638715,0.05
155,18,436,262.4275848608495,-8.492521525919198,0.2
156,18,441,159.77735356776532,3.207288498960988,0.1
157,18,384,183.7381307800581,13.415228282666682,0.1
158,18,471,378.4443380353731,-10.797005649541507,0.2
159,18,262,68.68675276414284,5.436225015781783,0.05
160,19,352,266.9170682344128,4.461188646882555,0.15
161,19,523,178.51801204608245,11.94144874585718,0.05
162,20,570,294.99461619737406,-6.048278599765133,0.15
163,20,158,232.19848271609845,-23.300427592585226,0.2
164,20,166,119.38203442488556,6.631087522650702,0.05
165,20,321,273.75402160512976,-39.95889675923052,0.2
166,20,337,94.80868451938794,3.051230029583685,0.05
167,20,181,86.51576068172533,0.0616461246466784,0.05
168,20,191,287.55561936593654,-17.469657095109508,0.2
169,20,18,231.62678064333022,25.399735256190475,0.1
170,21,232,202.2583562126885,-25.902938621079304,0.2
171,21,337,73.39954229203288,1.305121918296729,0.05
172,21,146,78.39208034386564,3.7516780335605127,0.05
173,22,121,475.38053583564863,54.53130929440116,0.1
174,23,330,181.10066146614562,5.659684585581967,0.1
175,23,580,234.26168259397065,-9.386619924770335,0.15
176,23,3,336.75572879376887,17.980403747683624,0.15
177,23,67,206.13049308231723,-3.6993966847286766,0.1
178,23,47,123.39352819108723,10.28489591513469,0.05
179,23,415,321.4339106084001,14.901864211883105,0.15
180,23,477,204.44625393381526,12.51680826278617,0.1
181,23,215,411.3006461459689,1.0378969218953422,0.2
182,23,436,313.01907077961016,14.543697409183267,0.15
183,23,158,94.307935127659,5.337832532197414,0.05
184,23,333,311.3265119270077,34.61802795783534,0.1
185,23,413,258.2639881487588,17.35703760786422,0.1
186,23,452,391.39817463842746,-16.770473804235863,0.2
187,24,218,462.33658664806586,8.319787997209893,0.2
188,24,529,251.98868130102016,-1.3326296747449513,0.1
189,24,34,358.64211722706744,-27.176682415939865,0.2
190,25,25,453.6174531672431,13.241115633448612,0.15
191,25,116,277.1080040965611,-5.509299385515828,0.2
192,25,20,408.9975804333237,8.394216086664724,0.15
193,25,450,328.9454490953285,20.680912273832146,0.1
194,25,88,337.0243581370757,-11.616246279438624,0.2
195,25,258,318.32454208146015,27.994985520365038,0.1
196,25,425,335.13335873142876,58.15928261942861,0.05
197,25,147,518.9191567210027,5.889673508150423,0.2
198,25,490,395.40147025306476,24.89921905061295,0.15
199,25,147,494.0343586995008,30.986671739900153,0.15
200,25,125,294.8631602667146,29.689540066678653,0.1
201,25,417,520.5720924647522,1.370513869712866,0.2
202,25,227,402.84405411955333,-11.693991882066989,0.2
203,25,12,259.1482967848462,16.960124196211552,0.1
204,26,442,191.62604716562817,18.650497665219323,0.05
205,26,204,453.8733364084602,22.735692281692025,0.15
206,26,56,239.77241360652155,31.138405548503698,0.05
207,27,7,380.3937648333648,25.137241208341198,0.1
208,27,300,344.4029758689104,2.8225951737820605,0.15
209,27,510,387.6977361959506,35.30523404898765,0.1
210,27,498,406.51848144389703,-1.9361277834154222,0.2
211,27,209,371.99786810375923,47.26941702593982,0.1
212,27,243,466.19516029223547,-6.357325956164656,0.2
213,27,190,968.0857047446494,92.34386594892982,0.15
214,27,191,335.7968133642353,13.038362672847029,0.15
215,27,227,383.7370504073235,9.531560081464686,0.15
216,27,219,437.70916127949874,83.81492338384959,0.05
217,27,328,339.1667003458042,24.932725086451065,0.1
218,27,552,306.2326655835158,27.05709967505472,0.05
219,27,588,306.59245620361867,21.00546405090468,0.1
220,28,268,344.2939979316819,-6.985400310247705,0.2
221,28,528,396.77082196063037,-19.96567670590542,0.2
222,28,399,270.94719688031597,44.30055330991402,0.05
223,28,105,314.7618671810312,-9.834476563793764,0.15
224,29,147,466.88223651978365,-1.9158645220324289,0.2
225,29,347,344.5993051974942,-1.9302639605011827,0.15
226,29,298,303.79094051622565,20.18458512905641,0.1
227,29,246,413.5377264710786,-13.643841029338203,0.2
228,29,329,406.3789394082654,-4.694159088760173,0.2
229,29,145,467.2979080266567,-8.621213796001484,0.2
230,29,481,171.67902841962237,16.31591913514749,0.05
231,29,584,400.3655582755022,-10.30766625867466,0.2
232,29,220,617.5031163213743,19.31326744820616,0.2
233,30,26,366.7428462486608,-5.298555750267855,0.15
234,30,97,120.01224467502534,13.938511339697545,0.05
235,30,55,242.26462542407523,-30.00290618638871,0.2
236,31,448,74.75012391841896,3.1404625106211217,0.05
237,31,471,130.61684554149892,17.77817917218171,0.05
238,31,87,249.56799670408913,1.8741321293899702,0.15
239,31,136,89.024099442287,7.069656404915911,0.05
240,31,76,205.722217161791,-8.039326651490004,0.15
241,31,495,144.82586447702522,4.831509685522459,0.1
242,31,405,160.00983969599184,-4.440792211813891,0.15
243,31,87,185.71883738636768,11.61564486410461,0.1
244,31,455,70.49021602173127,-1.6580413933302927,0.05
245,31,70,96.70178586621799,4.466799490161076,0.05
246,32,474,358.42599182666623,-22.423601226000045,0.2
247,32,527,423.15691451490045,42.3682568560811,0.1
248,33,555,98.78482452935603,6.045798999034243,0.05
249,33,36,176.7596653104174,-2.3504383226674896,0.15
250,33,148,191.83560960111336,-7.1073744792004,0.15
251,33,300,193.90593650151578,-10.281284877542669,0.15
252,33,44,206.03606990999026,4.0367688141947795,0.15
253,33,49,335.75630600515433,-10.027522653199568,0.2
254,34,332,399.39562445803114,50.1912873079355,0.1
255,34,296,143.0245460241432,14.688296973123428,0.05
256,34,348,278.3320359224244,3.4373837383027066,0.1
257,34,453,99.85681314031797,-5.924576803819972,0.05
258,34,450,314.8117965774816,-25.489930513377743,0.2
259,34,338,270.3942642893712,8.084172125567164,0.1
260,34,201,324.3357497406655,16.20044994813308,0.15
261,34,567,236.40024945582655,-26.867900108834707,0.15
262,35,315,274.49397147257525,2.9563192945150405,0.15
263,35,587,382.8391003586927,16.365295071738522,0.15
264,35,277,251.1186104591982,22.86889556476626,0.05
265,35,568,337.6816572825657,12.344214320641427,0.1
266,35,467,403.5171514588186,79.05205254480282,0.05
267,35,566,299.04097245528726,-32.8425541317069,0.2
268,35,3,413.0944097566636,6.387761463499562,0.2
269,35,61,202.8583184445542,0.8802296111385566,0.1
270,36,75,274.2959786735663,-1.7634591585730988,0.15
271,36,24,303.0299740512511,-4.143923983293405,0.15
272,36,71,338.38550479647995,-3.150986059407746,0.15
273,37,167,377.2060625901939,-3.31323748196124,0.15
274,37,194,342.9480688355293,56.40096397894064,0.05
275,37,128,334.51006150243757,60.160988515419376,0.05
276,37,243,409.2789872013537,38.47314680033843,0.1
277,37,304,363.8867187442269,35.654129686056734,0.1
278,37,359,321.94483887835634,-20.574474168246546,0.2
279,37,43,320.8521751768449,-0.8862737234732538,0.2
280,37,357,373.89262807555525,46.22730740281713,0.05
281,37,55,281.8871861146898,-25.154522082796515,0.2
282,37,305,287.8199231071905,2.152684621438084,0.15
283,37,436,369.6056562130784,24.85423124261566,0.15
284,37,136,342.2773654314362,26.470791357859035,0.1
285,37,577,357.7808691567312,68.53400147614391,0.05
286,38,12,265.28480607536574,-15.097979088695137,0.2
287,38,444,227.06374472127484,21.90049944076805,0.05
288,38,353,319.1152273633543,35.32095684083856,0.1
289,38,579,336.255885499315,-14.232417175102734,0.2
290,38,417,296.8254918039662,45.80787544529444,0.05
291,39,448,269.5202815832038,-27.56855776251941,0.2
292,39,149,300.9837676652196,-14.284634850217039,0.2
293,39,138,366.3719964017962,-17.408500539730568,0.2
294,39,247,419.4285684965504,-16.26571472551742,0.2
295,40,404,286.9121827903321,-10.361891560690589,0.2
296,40,325,132.9971902920404,16.210457098123143,0.05
297,40,11,108.44093696860074,12.249487565875352,0.05
298,40,209,201.8495198913629,18.358523232173816,0.1
299,40,492,347.4452934417731,19.497770674982178,0.15
300,41,581,260.87327205521206,21.634417017333888,0.1
301,41,184,262.4808266264815,4.925188807433372,0.15
302,41,223,96.13743666890193,-0.2617362575653699,0.05
303,41,446,166.5239421154429,20.44714990941887,0.05
304,41,35,232.66479055866256,0.8576953178436213,0.15
305,41,526,446.71234142109995,-16.24894878683499,0.2
306,41,280,122.15161216808877,10.67956014527234,0.05
307,41,566,223.7579287734918,-22.762932688517058,0.15
308,42,179,158.5163628045474,16.677170371080496,0.05
309,42,402,364.4458257721816,43.6102064430454,0.1
310,42,511,256.80706270699176,39.92286338575329,0.05
311,42,48,536.3826682862914,43.07508365725827,0.15
312,43,236,178.96130677679054,14.043760024894919,0.05
313,43,59,387.9749024266147,42.56512560665368,0.1
314,43,454,213.20865600459607,-29.740493799080802,0.15
315,43,532,182.31423773696167,18.018624121356417,0.05
316,43,0,160.4261273765046,21.52865055733359,0.05
317,43,190,846.3779887232935,122.69484718082336,0.1
318,43,33,273.0169697090489,-34.92895454364265,0.2
319,43,28,357.7018866434486,-7.253417003482705,0.2
320,43,177,226.90932608511233,23.19571838240114,0.05
321,43,23,247.76831902215054,27.78815261315567,0.05
322,44,60,257.0851014857304,-0.44609191880238086,0.15
323,44,231,249.41372791051185,15.489766815151945,0.1
324,44,276,253.5919907360999,-24.388169303195923,0.15
325,44,296,116.31842519469483,10.94419182898356,0.05
326,44,419,439.8581848799427,-11.219072268008567,0.2
327,45,395,184.62611285268724,-28.678743662670954,0.2
328,45,413,206.99819360713573,-20.7515311537863,0.2
329,45,465,73.06151584284176,8.255805228487855,0.05
330,45,434,48.53245338504598,-1.7532263878436556,0.05
331,45,440,54.103206228230334,3.4841576129316607,0.05
332,45,101,59.33944082470386,4.526837768045315,0.05
333,45,97,57.05584177317793,4.713167141885744,0.05
334,45,101,103.07636074116074,1.400624016761462,0.1
335,45,380,105.25837297958385,-1.1401078945244727,0.1
336,45,105,170.08930452909675,-28.353097430007786,0.2
337,46,121,349.9933892359837,60.73770664962519,0.05
338,46,226,367.62265159855184,5.544055319710338,0.15
339,46,454,212.10198046901453,-29.9618289061971,0.15
340,46,105,190.03014781918785,13.166976977280587,0.05
341,47,397,104.29990262498949,4.62225047426406,0.05
342,47,388,108.57230858205392,15.011051073973867,0.05
343,47,76,244.51383847017112,-7.303353766917009,0.15
344,47,492,412.4931652635233,-0.8732027770680482,0.2
345,47,233,155.6009052905837,-8.78486312294038,0.15
346,47,452,299.6181294588452,0.8392898458930453,0.15
347,47,581,309.8340199853678,6.940212976823467,0.15
348,47,215,233.676825888708,24.32266270504697,0.1
349,47,160,113.72302367555768,9.063226911132091,0.05
350,47,224,268.1065901345619,-11.582116671723622,0.15
351,48,490,319.6193178039695,11.759739855365304,0.15
352,48,206,456.72008532516435,6.110712798774671,0.2
353,48,365,155.0465876631448,16.43773458736061,0.05
354,48,531,145.9925785197023,18.253111048251675,0.05
355,48,464,83.98190885838292,6.194369087130234,0.05
356,48,537,425.1846332361707,27.945498859557254,0.15
357,48,204,168.52471491076938,24.108987765520162,0.05
358,48,195,373.21456240245317,-8.566415639632018,0.2
359,49,317,333.3873849580585,13.35500199161168,0.15
360,49,354,161.5264251270504,22.729279745626474,0.05
361,49,175,303.16310996160036,6.5569219923200635,0.15
362,49,177,333.88514205524405,16.36844060431278,0.1
363,49,393,288.3071103870701,-12.241452922586003,0.15
364,49,458,184.93844049138266,22.445951220688208,0.05
365,49,76,324.4008510248972,-0.9751797950205638,0.15
366,49,228,242.46855310568526,-29.6653170341472,0.2
367,49,259,373.2965868765045,-7.751411968524323,0.2
368,49,100,195.0741858994061,31.902580573341574,0.05
369,49,23,401.1372940972991,-22.29890588540512,0.2
370,49,353,331.69676566242134,-3.960585150636792,0.2
371,49,412,172.32140600876636,18.70566972380273,0.05
372,49,545,283.262495686426,-12.331700862714825,0.15
373,50,269,195.21591102032824,7.682541532806798,0.1
374,50,347,184.9154537997918,3.0682510255913797,0.1
375,50,544,213.79309420070106,9.533664760771803,0.1
376,50,198,173.46678026112784,13.847671299942977,0.1
377,50,258,166.04643230522817,7.98048554175854,0.1
378,50,381,290.1925374681165,28.051809238965603,0.1
379,50,284,282.2541998980889,1.5270673435735667,0.15
380,50,272,424.7106318591867,-0.48714040140463055,0.2
381,51,154,98.67839370334724,4.9232112818326375,0.05
382,52,344,202.37401313480348,20.40001557232428,0.05
383,53,88,287.56202180507154,-21.225596729239257,0.2
384,53,546,267.8457208917474,-14.973305821650541,0.15
385,53,200,311.2686517925338,13.042530358506749,0.15
386,53,268,149.7519899465388,20.201208946142625,0.05
387,53,234,208.27595060277764,-19.526407409583342,0.2
388,53,112,286.2224216216675,8.728024294220681,0.1
389,53,506,182.43978559682083,28.481346809560126,0.05
390,53,164,332.85958828248425,-23.674061757627342,0.2
391,53,417,203.04234698610185,28.784792489963177,0.05
392,54,516,540.2584384165172,34.823462683303426,0.15
393,54,540,413.45915711523287,-14.262926432715055,0.2
394,54,517,404.04230779165,38.381726947912504,0.1
395,55,514,289.2477383339011,23.7139819673857,0.1
396,56,186,411.2902461232508,39.20242348588221,0.1
397,56,210,224.73230923255352,41.050944513155144,0.05
398,56,530,395.66619563018673,-10.554270655471974,0.2
399,56,523,338.6426322578517,-12.566198548429682,0.15
400,56,36,286.93977798130067,-11.933633302804889,0.2
401,56,29,380.8657136234372,22.652817724687424,0.15
402,56,292,291.5519805057026,-9.791602924144598,0.2
403,56,177,355.420933884242,-3.7169382231516312,0.15
404,56,11,331.08546334348574,10.032767668697122,0.15
405,56,527,484.3422481363483,51.26933018325299,0.1
406,56,158,125.36321762834797,9.199293772567945,0.05
407,56,104,306.8106581495192,6.447181629903838,0.15
408,56,236,280.3172345586746,-8.304728088265078,0.15
409,56,211,490.8605860869065,72.99045360250146,0.1
410,57,417,438.64835759280646,17.352496518561264,0.15
411,57,57,280.5443114054321,15.84666129835377,0.1
412,57,179,262.2710669694832,14.565234015562876,0.1
413,57,283,152.85674200179812,14.283560090150768,0.05
414,57,364,382.5726519638433,2.173305392768647,0.15
415,57,222,319.0051905381074,-11.463886892378538,0.15
416,57,325,209.31581101684156,29.421922782810242,0.05
417,57,266,522.3639705782238,32.43774411564472,0.15
418,57,393,148.3401951768093,8.345599232905897,0.05
419,57,285,367.6921994236279,-14.454770086455799,0.2
420,58,123,322.276339066704,17.77768476667599,0.1
421,58,271,339.36996859618296,2.834943719236591,0.15
422,58,524,224.58904018149485,-41.762743972775766,0.2
423,58,496,245.08706622650996,36.12845626793124,0.05
424,58,438,358.8279735972607,8.413894719452124,0.15
425,58,269,350.85815739801996,25.493739349505,0.1
426,58,379,414.5510833779188,12.46681667558375,0.15
427,58,371,414.86131673344084,-24.307702489983846,0.2
428,58,16,434.1172885921628,17.66870771843255,0.15
429,58,22,328.4415507825745,14.847337695643624,0.1
430,58,517,436.4789125840701,-11.007263112389456,0.2
431,58,419,465.89208452534086,22.439366905068145,0.15
432,59,2,385.54360550986326,51.45449741247459,0.1
433,59,58,336.14791581180384,6.106058162360764,0.15
434,59,481,147.32515272834223,13.199419280542962,0.05
435,59,390,302.2721894517746,31.00189335691792,0.1
436,59,103,322.5314100928998,30.874308430206078,0.1
437,59,560,337.0735035350108,-33.28517446974837,0.2
438,59,563,135.22417205092617,9.31441586693509,0.05
439,59,307,360.38278612341753,1.1044822246834833,0.15
440,59,453,114.11349913417774,-5.443584003583655,0.05
441,59,135,127.17847980427958,3.858583708618765,0.05
442,60,161,74.07065758028544,2.6250224841834573,0.05
443,60,400,126.92871821922297,0.1495903708416897,0.1
444,60,78,238.15260031126454,-31.61279025585325,0.2
445,60,426,219.85877915063156,3.994846161458799,0.15
446,60,187,277.36501236350955,0.9006288881248921,0.15
447,60,253,92.85195382962524,3.831307839524918,0.05
448,60,318,207.40717725438913,-21.636681352821995,0.2
449,60,213,291.79284519983,-31.427601116368876,0.2
450,60,372,234.8411463709708,-19.69467897405141,0.2
451,60,255,282.7344591707701,-7.773200275036082,0.2
452,60,137,328.13256819992716,-17.3273285440974,0.2
453,60,359,213.12756462219113,-26.72645866091902,0.2
454,61,289,180.9270826162071,7.382499997420219,0.05
455,61,481,175.6500657302016,16.085292576743495,0.05
456,62,346,50.97152730834826,-6.6197098459032,0.1
457,62,339,24.927617781411513,-2.5755792021178765,0.05
458,62,180,56.55790009081109,-10.681396557837889,0.15
459,63,559,330.04432192689035,-6.187441898679323,0.15
460,63,298,251.39618247671666,-4.042222675547704,0.15
461,63,579,106.61314351927925,9.831821527092927,0.05
462,63,49,421.5532214310836,-3.06371678533743,0.2
463,63,131,286.707448099656,0.02004093156751452,0.15
464,63,492,365.1017018772862,21.594260193765002,0.15
465,63,376,245.1845653830066,12.278844293056991,0.1
466,63,471,392.6906116270243,18.424497081305226,0.15
467,63,112,339.0668356711929,-30.76177464932104,0.2
468,63,122,239.16030353607354,-10.515292286479045,0.15
469,63,459,221.3890695378912,13.043306610083874,0.1
470,64,84,416.13884271695343,-25.296173592456974,0.2
471,64,219,471.29355413260976,34.82463582652194,0.15
472,64,303,252.4298690126807,38.63944007977223,0.05
473,64,326,411.5376001899255,12.430820037985093,0.15
474,64,272,489.5123840909256,38.1945768181851,0.15
475,64,263,269.69778304537556,47.886232904852086,0.05
476,65,387,424.89255173423635,39.004937933559106,0.1
477,65,404,192.4429235718788,28.58406221008181,0.05
478,65,510,391.44783349483663,-13.465024975774487,0.2
479,65,516,506.897599855144,60.916049963786,0.1
480,65,458,361.0910682177476,7.984138643549489,0.15
481,66,446,252.92357759674556,34.525229338956684,0.05
482,66,438,333.69569080104566,26.14172270026142,0.1
483,66,406,328.56397498110795,34.69159374527699,0.1
484,66,408,290.7804594833315,2.326014870832889,0.1
485,67,278,167.72712387930346,10.840280335156354,0.05
486,67,405,247.8920748654795,17.054618716369873,0.1
487,67,356,377.2759424899182,-4.371386502016392,0.15
488,67,470,270.3014980370806,-3.226675392583891,0.15
489,67,139,491.4808024973952,41.44103549947902,0.15
490,68,78,299.33953318294346,5.993342694128227,0.1
491,68,312,221.13969132214285,26.315699793689443,0.05
492,68,289,285.3101012750377,-18.098804744992478,0.15
493,68,496,382.5980964904634,-7.006185526430475,0.2
494,68,67,161.1752452901245,7.0406094061784135,0.05
495,68,310,183.60040154359916,27.72334986103634,0.05
496,68,301,378.33672196380485,6.533219392760948,0.15
497,68,15,235.3374832860831,-14.160503342783395,0.15
498,68,143,337.5921343805074,21.524531900976367,0.1
499,68,9,202.8293286299119,21.33649812387773,0.05
500,69,65,355.38692316921924,-30.378361524617095,0.2
501,69,360,212.6470074612566,36.47745271736582,0.05
502,69,380,305.8232905182016,-21.226506422269747,0.2
503,69,135,98.38554260233254,1.907835843508563,0.05
504,69,3,148.9353682336975,23.761059605644334,0.05
505,69,53,331.6401925068832,9.83216350137662,0.15
506,69,332,199.34177993320526,34.25594908611656,0.05
507,69,46,272.1175700481564,16.520490787494026,0.1
508,69,121,233.8005624101929,37.85079828972017,0.05
509,69,408,291.1475303347686,-14.28434393304628,0.15
510,69,499,353.82783079698527,-10.592725380452197,0.2
511,69,557,308.84028155670137,17.855823540718532,0.1
512,69,333,186.23016121316115,30.779588470103334,0.05
513,70,169,322.2055640456425,-18.804265393153607,0.2
514,70,346,193.95979385136923,20.228467211200805,0.05
515,70,257,283.1179529618094,19.613616977293027,0.1
516,70,511,466.2337606401983,21.022927128039633,0.15
517,70,217,494.7222294621656,72.42620094950178,0.1
518,70,146,162.7325054532312,13.401859003880169,0.05
519,70,364,367.90941300079623,23.502233492778757,0.1
520,70,511,445.3132340567944,46.1007575097736,0.1
521,70,264,172.0492697911787,23.66557268694494,0.05
522,70,208,556.6333307930289,15.84969961895436,0.2
523,70,83,359.92277626243015,15.083417908122545,0.1
524,70,95,438.47418145286633,9.395336290573255,0.15
525,70,470,251.92015320256678,9.74716513157085,0.1
526,70,511,481.2539338301506,-5.631609925477395,0.2
527,71,490,360.39289029248005,18.992503058496,0.15
528,71,462,392.3462152039706,-23.096267719404402,0.2
529,71,309,371.7428653804246,20.171548076084896,0.15
530,71,450,305.4660616191453,14.81106540478634,0.1
531,71,123,333.9066454443961,-0.6950709111208049,0.15
532,71,231,365.8012513726662,28.95606284316655,0.1
533,72,454,84.06906300184883,-6.490912823872864,0.05
534,73,528,406.12296500171254,7.13041800034248,0.15
535,73,55,250.4462076690063,3.298951917251575,0.1
536,74,298,209.97215553127296,24.6801730788469,0.05
537,74,503,280.4698441804965,-8.902256163900713,0.15
538,74,43,188.53139905432306,28.704537738861696,0.05
539,74,61,195.1029708985435,-1.0586072753641171,0.1
540,74,384,260.0810883195732,42.70075552671916,0.05
541,74,119,405.61993043476764,27.511132608691902,0.1
542,74,380,333.7753423038479,-17.033698654422807,0.2
543,74,536,374.11530382440355,-2.703804426339456,0.2
544,74,43,289.7394798013476,12.934670960269507,0.15
545,74,36,301.7929258291495,-8.610661125627562,0.2
546,74,138,392.1218810433647,10.379701208672916,0.15
547,75,409,237.0491997220024,-36.54976177386356,0.2
548,75,414,110.97985855865575,-7.486908713424309,0.1
549,75,466,78.47617376108342,6.469797655604232,0.05
550,75,294,172.3156051210226,3.9325278560667094,0.1
551,75,377,119.82070199236247,11.612355631900982,0.05
552,75,105,168.96082181491943,-1.8988907167197286,0.1
553,75,317,104.56500135004757,13.068560377091835,0.05
554,75,104,168.9417334319544,9.343310550005654,0.1
555,75,545,88.8436233050486,2.1306726000206524,0.05
556,75,494,177.74147797883091,9.082385372845046,0.1
557,76,182,92.66928286347395,3.54784213968939,0.05
558,76,24,367.8796795444607,-24.69337818830332,0.2
559,76,274,188.33126175461962,-24.7167515415493,0.15
560,76,272,346.811377938609,18.270070455383873,0.15
561,76,246,212.91758381911063,9.244352842486656,0.1
562,76,513,149.10357872479872,21.695449588622488,0.05
563,76,580,78.43314003004534,3.3703399355004766,0.05
564,76,33,139.89525627195468,-8.538305179511152,0.1
565,76,319,254.8301334646436,0.12492773526585665,0.15
566,76,105,226.80464808449187,-14.414593120933887,0.15
567,76,369,239.87893737840955,-5.309736989024426,0.15
568,76,118,209.0320008045199,4.5420719153640405,0.1
569,76,268,239.5586461169221,2.6874675850205136,0.15
570,77,577,319.6915117835027,17.84952640279733,0.15
571,77,366,369.5925044576835,-17.56372433134745,0.2
572,77,284,367.3196631962686,-15.798150520559702,0.2
573,77,442,243.56287134070294,-8.412252964771675,0.15
574,77,562,156.12468550305982,-17.605407616251696,0.15
575,77,492,267.4557374319296,29.272205662992405,0.1
576,77,279,433.5423738978632,-13.929943915320505,0.2
577,77,128,126.22859415920219,18.202562556949463,0.05
578,77,370,256.9629057179573,-16.813320620182754,0.15
579,77,359,223.79381386370312,-11.894186576220893,0.15
580,77,305,209.5227424104442,-8.504427543417076,0.15
581,77,240,99.80222274246242,4.225916825278977,0.05
582,77,391,129.03014266574297,19.80815188644371,0.05
583,77,483,254.04318943918997,-4.2902019623587915,0.15
584,78,149,258.66318468444365,18.235722917380166,0.1
585,78,59,399.029195788619,-4.823220631707137,0.2
586,78,412,331.0088583982592,-20.96997124026112,0.2
587,78,553,346.1014701416455,-8.411030971670904,0.15
588,78,522,180.3577137518996,-3.4561033808904655,0.1
589,78,543,210.9732831276526,-23.243768374469497,0.15
590,78,446,386.23575688690164,30.77641491329571,0.1
591,78,483,311.55883594543,-0.4010078109140096,0.15
592,78,574,329.012657158749,-3.5483014261876527,0.2
593,78,122,139.11372474245758,10.048576057233443,0.05
594,78,130,366.71424443191563,20.079623886383107,0.15
595,78,180,296.04797966979146,3.5284459339582774,0.15
596,79,214,264.12675034981885,7.363112035783658,0.1
597,80,448,169.70723467220597,0.9463998864649437,0.1
598,81,355,149.89720845025397,20.333472031960895,0.05
599,81,343,430.8132918085226,7.7999333617045075,0.15
600,81,320,180.35627043468676,22.544911326687735,0.05
601,81,170,325.86481225805744,2.9566124516114662,0.15
602,81,274,262.9069829318165,-43.1831525602275,0.2
603,81,554,144.25781670912664,5.263564459094882,0.05
604,81,167,317.5747955704242,7.762073866959792,0.1
605,82,394,153.5086626048261,11.491242736162562,0.05
606,82,28,341.11520755585354,-11.931418866621954,0.2
607,82,175,309.04742175510995,-12.083086736733492,0.2
608,82,329,333.1318902549828,32.47155412146162,0.1
609,82,434,244.37167465441038,-19.721965069117935,0.15
610,82,467,473.0772882909589,6.4965932436438365,0.2
611,82,248,229.27900406943274,12.653415472139645,0.1
612,82,317,163.8800043939586,23.598943036651157,0.05
613,82,113,395.0011252911356,-23.405131206329628,0.2
614,83,230,340.17245376796456,-18.815631934805314,0.2
615,83,279,458.4200488184622,-11.293292677230651,0.2
616,83,179,142.64073523393478,15.047697504198222,0.05
617,83,375,288.82600293982733,-30.67439955902589,0.2
618,83,89,306.37090421942935,11.48772675379222,0.1
619,83,118,378.3338011627355,-2.9528397674529163,0.15
620,83,158,245.8776676443751,-21.248549853343725,0.2
621,83,135,210.26220444891356,-3.6289642610993154,0.1
622,83,557,374.01402002698035,25.02040581823674,0.1
623,83,186,220.92045107115348,31.422520829695586,0.05
624,83,223,235.05752872997778,-5.548411798668711,0.1
625,84,216,397.84139094387905,1.3050086415818711,0.2
626,84,546,266.27854492604536,-16.381741014790947,0.15
627,84,23,171.62667725632502,16.958780306436726,0.05
628,85,392,239.39066041382432,0.3460864461012765,0.1
629,85,573,324.670554772066,-11.526916784190082,0.2
630,85,222,317.1177805276905,-11.841368894461917,0.15
631,85,234,210.61818532265534,-19.175072201601694,0.2
632,85,60,249.26189099043552,15.653340825704117,0.1
633,85,455,258.4241167418875,-23.035526651622522,0.15
634,86,438,155.56699303007287,18.468066960822405,0.05
635,86,402,300.3059798361717,31.641802548928265,0.1
636,86,428,358.27020030568997,45.61758814409158,0.1
637,86,308,265.69758474853654,8.477642731223419,0.1
638,86,366,384.5733811119812,-17.506592833202802,0.2
639,87,277,305.6700355528121,-4.454042889437592,0.15
640,87,139,526.6827749142058,15.264916237130869,0.2
641,87,169,342.8091793276375,-14.618723100854373,0.2
642,87,268,326.4591188460031,30.14452971150077,0.1
643,87,417,442.63201917497616,44.428954793744055,0.1
644,87,122,216.61005903075576,19.114290643494982,0.05
645,87,115,281.95585420239735,26.644213550599336,0.1
646,87,422,401.8593285036654,26.93329070073306,0.15
647,87,423,263.7108662757662,45.08817056440204,0.05
648,88,86,209.5916942346577,18.43824136602351,0.1
649,88,351,327.12395405559124,-7.720051840616309,0.15
650,88,72,455.2823724030669,-23.991244139539955,0.2
651,88,371,314.8785584027449,-8.995397284065204,0.15
652,88,305,158.2861069535261,3.3477669407733384,0.1
653,88,407,212.95907915524344,-1.9675819217492343,0.15
654,88,351,242.44601090011457,5.406121289767228,0.1
655,88,225,150.9411364745216,15.612564645964035,0.05
656,88,504,166.13513533811124,-1.0737676276142718,0.1
657,88,394,189.34004286276019,0.9760427852936857,0.1
658,88,279,272.1259720217049,20.561371638010236,0.1
659,88,572,172.26801130594612,8.344357562075393,0.1
660,89,336,120.95498575180292,8.619621768626793,0.05
661,89,584,276.7763220692768,20.424222165301867,0.1
662,89,7,149.97188243836518,13.148259258321247,0.05
663,89,336,281.0268697123598,-7.870751057528033,0.15
664,90,266,528.7383176006205,69.88727940015512,0.1
665,90,274,257.44272361727405,-9.813519095681482,0.1
666,90,6,356.43031351700427,52.77341500170495,0.05
667,90,336,217.90940650662915,20.27281348592089,0.05
668,91,503,99.07556510369228,5.123439976690744,0.05
669,91,142,205.48375995276234,6.352478983695818,0.1
670,91,516,451.10098836422117,21.322492295142624,0.15
671,91,16,270.8468011795575,20.303899670915364,0.1
672,91,150,259.7307525123618,23.809674720555613,0.1
673,91,113,339.14459151485204,-4.121098189736788,0.15
674,91,340,265.66181188384155,-38.96472821742375,0.2
675,92,44,246.90983023509847,42.003519106253286,0.05
676,92,536,262.58790171318697,42.540343743938756,0.05
677,92,431,329.49259020337536,7.911947550843841,0.1
678,92,470,199.8096306515144,19.26760798072267,0.05
679,92,245,371.87672864390436,29.082432160976097,0.1
680,92,586,282.06376544462984,16.28404136115746,0.1
681,93,370,340.37195504209785,-10.125508991580434,0.15
682,93,253,383.48310201983156,-26.310634697025243,0.2
683,93,551,422.47437800450587,31.687044501126472,0.1
684,93,230,368.79254670390645,-13.427617994414021,0.2
685,94,68,129.80526751925706,7.894701828269465,0.05
686,94,78,111.23818887369148,5.276463446016319,0.05
687,94,333,161.00353906643866,25.634774842371236,0.05
688,95,220,489.332117071228,70.3602430962715,0.1
689,95,483,311.85346990831937,1.8479189816638524,0.15
690,95,542,334.2875583773383,-23.92866624339925,0.2
691,95,428,213.95178977010096,38.60184357889302,0.05
692,95,110,125.90865818195297,2.758813081064254,0.05
693,95,315,254.2194728553249,-15.229179071701257,0.2
694,95,139,403.0237402217614,54.98331181041542,0.1
695,95,473,268.91672875037807,7.8387842347126835,0.1
696,95,46,314.8122018100131,22.275299075832613,0.1
697,95,507,313.2207163043116,-11.744792554353253,0.2
698,96,241,410.57848576327643,-18.89172713550852,0.2
699,96,40,415.5262885989863,-19.346856710152046,0.2
700,96,246,387.1151870696529,5.154662413930556,0.15
701,96,33,130.99392031879336,1.6433250361738239,0.05
702,96,33,254.34995706077504,-22.429633587844993,0.15
703,96,352,265.90227875491735,5.353230750983464,0.15
704,96,354,305.0902442622923,12.586323852458445,0.15
705,96,411,342.5931297807856,18.317924285949662,0.1
706,96,212,562.7925139018538,17.084377085278078,0.2
707,96,40,207.5684727540017,24.023301781871666,0.05
708,96,443,164.12649781911028,12.039788955998823,0.05
709,96,84,395.16451981202886,-26.25232202819565,0.2
710,96,154,283.1837064438274,-25.99414403342586,0.2
711,97,17,298.643387639794,34.100155230469106,0.1
712,97,256,363.10807305990625,19.93048961198123,0.15
713,97,398,429.92368213734426,36.172980576629186,0.1
714,97,254,375.31692919980173,22.93513583996033,0.15
715,97,559,357.38389286201243,18.84272171616627,0.1
716,97,553,174.27363412965252,13.646101422445671,0.05
717,97,556,310.00514135065004,-12.553196729870008,0.15
718,98,306,158.64540603871933,19.059768624992998,0.05
719,98,333,461.21540203749316,2.053910305624001,0.2
720,98,509,314.2648437253551,-1.8791062549289919,0.15
721,98,139,425.19365525116507,58.90992586044501,0.1
722,98,433,291.20491003347837,-13.459192993304331,0.15
723,98,116,239.6647205805317,-11.125791912920231,0.2
724,98,451,334.0264332110126,-21.29423501834808,0.2
725,98,104,305.07016911801855,6.099083823603706,0.15
726,98,204,392.1258692073668,40.853554309241645,0.1
727,98,470,268.8780483827602,-22.93039274258596,0.2
728,98,154,273.7289961593656,-10.850275768126894,0.15
729,98,404,311.6857849586093,-8.539132256208594,0.2
730,98,306,281.63992457200436,20.306771534153206,0.1
731,98,93,383.5847736061429,45.66529616399792,0.1
732,99,21,394.78204889022953,4.1696097780458885,0.15
733,99,193,381.0902360454379,18.492172209087563,0.15
734,99,269,353.8193358574268,4.53756717148535,0.15
735,99,170,336.1702869799735,-16.489056953003956,0.2
736,100,501,259.959313568328,28.64745536000456,0.05
737,100,571,571.4656952685651,-1.6022457097151985,0.2
738,100,463,334.2303981507052,13.558649537676292,0.1
739,101,473,330.5139881874128,-26.680901771888067,0.2
740,101,395,345.7540855250326,-29.621887171245092,0.2
741,101,132,268.71564071242653,9.997773060840167,0.1
742,101,189,352.27282847606,12.438810623145464,0.1
743,101,266,526.2272109595453,35.400392191909035,0.15
744,102,197,278.9378068549737,-13.450345993011084,0.2
745,102,395,94.97351921515853,3.6800556328636915,0.05
746,102,374,134.13530266247398,0.8851141527300435,0.1
747,102,112,174.4480580034172,0.3559153728509479,0.1
748,102,330,130.56596662306788,1.5233021612969058,0.1
749,102,491,193.1386394205906,-0.8911540546814365,0.15
750,103,290,216.72718910016394,0.26595831656617896,0.1
751,103,59,148.52244499606877,21.497919323617122,0.05
752,103,414,181.09529923520927,-20.974342946798643,0.15
753,103,585,440.80850959351267,21.37128271986991,0.15
754,103,152,103.17622776723556,9.770895789252586,0.05
755,103,374,178.8496258635701,5.8650044837489865,0.1
756,104,207,159.06818994395974,9.280244332220457,0.1
757,104,300,295.4656926974637,-26.140146095380434,0.2
758,105,365,147.99952915496857,14.942847402661599,0.05
759,105,285,349.01878602549465,-18.35078209617578,0.2
760,105,369,317.0565833850055,-22.484012492249157,0.2
761,105,264,205.07141536021732,16.025314266417176,0.1
762,105,528,240.13593054503002,10.267535113115429,0.1
763,105,61,191.51074477489362,-24.57248828376595,0.2
764,105,24,399.4894323672047,-23.74708514491928,0.2
765,105,53,220.09906472513705,16.55390253407886,0.1
766,106,442,303.47613045438123,-22.9674804318428,0.2
767,107,550,487.6010746070296,45.8074686517574,0.1
768,107,505,304.4139755273301,-21.859003670900478,0.2
769,107,550,510.9200889495325,18.98221778990648,0.15
770,107,486,194.12045411659045,9.974081888349392,0.05
771,107,225,431.760840415941,33.91366010398525,0.1
772,107,375,292.58961135527716,-13.599252728944588,0.15
773,107,391,408.5877237264308,3.463758558964628,0.2
774,108,363,328.7023152597915,-14.648911948041732,0.15
775,108,353,332.18301988905375,17.350128977810726,0.15
776,108,41,211.99786192039988,36.120752096098144,0.05
777,108,439,158.76748329292553,18.111135332231335,0.05
778,108,107,210.44263493011317,-4.325991267471708,0.1
779,108,314,395.1317425270264,3.96309850540527,0.15
780,108,438,370.2364333688535,-12.790734994671954,0.2
781,108,52,277.28118398419514,1.0873617968390068,0.15
782,108,228,231.80976039914958,-1.3161599002125994,0.1
783,108,577,411.566409745605,29.82083194912098,0.15
784,108,276,289.81351482718327,-19.88124703456335,0.15
785,108,111,320.736962229443,46.72833675908861,0.05
786,108,409,259.46284582581035,-2.218138543547403,0.1
787,109,101,225.800825240795,-0.8310582715581987,0.15
788,109,365,128.48566770203024,12.47950851821598,0.05
789,109,128,278.57514374938626,9.345627865943595,0.15
790,109,563,230.67924718319784,-26.43740164175193,0.2
791,109,82,199.31063712173477,0.42973068391228963,0.1
792,109,119,226.6920476635525,7.716828126048092,0.1
793,109,521,201.61009712674309,11.741153431165614,0.1
794,109,406,254.48054349503315,6.403243712488159,0.15
795,109,46,118.28734473261657,12.015597187914604,0.05
796,109,350,213.74703061220217,-21.021344577440786,0.15
797,109,202,233.0842572372233,17.505451817655178,0.1
798,109,79,135.19928862121543,13.375516306865737,0.05
799,109,209,263.2935819169084,9.286150481042782,0.15
800,110,314,344.1269967956221,20.069134962628357,0.1
801,110,90,336.9313158246198,16.32160507809023,0.1
802,110,561,178.19662495832878,-21.201667347292258,0.1
803,110,174,158.74387635072378,20.61162406447048,0.05
804,111,553,352.83873205624474,-27.577890191563277,0.2
805,111,308,148.57195564960568,12.842714434019307,0.05
806,111,474,357.00320312770043,-22.63701953084492,0.2
807,111,580,111.75479091044738,6.668097492753137,0.05
808,111,408,302.12453517979344,-31.529919723030964,0.2
809,111,392,121.6436029102402,5.187813773538521,0.05
810,111,427,458.5012951412132,5.5090942711819935,0.2
811,111,390,250.7483258535214,23.711519905104474,0.1
812,111,159,330.77052029056,-25.854821956415982,0.2
813,111,517,395.4179895013181,10.624622900263617,0.15
814,111,307,351.23114613859286,-0.725845772281442,0.15
815,111,559,396.7574985671874,-2.175325286562529,0.15
816,112,53,87.20870321938196,-9.169339634271823,0.15
817,112,450,34.47167282053995,-0.8655605171749006,0.05
818,112,461,78.09469320123917,-5.479205594955108,0.1
819,113,308,68.3603669359975,2.989293692879098,0.05
820,113,258,61.75868118925645,4.346101627227991,0.05
821,113,200,151.32881211745115,-1.844979011432013,0.15
822,113,113,138.03017794270832,-1.1710753463568189,0.1
823,113,452,141.60256361783394,3.332265551905099,0.1
824,113,565,180.35311802014087,-30.55253757868749,0.2
825,113,282,128.42906575663935,-5.758930712416541,0.15
826,113,146,61.94374192177966,1.7260521215710707,0.05
827,113,566,124.52409996672155,-18.856070729799697,0.15
828,113,388,196.5655360387506,-12.422457317503522,0.2
829,113,118,78.20951265249658,3.212535055907999,0.05
830,114,271,335.13681875092516,1.9883137501850072,0.15
831,114,489,188.9286407217416,27.190301677793045,0.05
832,114,41,349.30004174267026,-1.741093738599453,0.2
833,114,561,194.1768497265582,-22.229987568360443,0.1
834,114,175,187.14912674308698,24.669729920417993,0.05
835,114,59,404.0376291950151,21.801925839003,0.15
836,115,215,359.6184457495931,21.88234144949691,0.15
837,115,101,294.12133282923963,-14.90500007561404,0.2
838,115,353,116.55028405793097,16.29846346306273,0.05
839,115,157,242.28461197425818,-3.5928112513977872,0.15
840,115,66,288.40268289273,-37.93799756609048,0.2
841,115,373,199.89487180362156,11.004558664280218,0.1
842,115,323,114.74674324491427,4.0734412141950145,0.05
843,115,158,87.2687130570686,5.061107733342981,0.05
844,115,270,294.69875750733127,-2.7263455818407003,0.15
845,116,552,201.59793959609692,14.144579176516235,0.05
846,116,391,374.84838594533545,46.849196486333874,0.1
847,116,499,351.1756408675032,34.3962602168758,0.1
848,116,170,207.77833052700723,24.12075215441425,0.05
849,117,223,275.0482822216901,-0.34397944457747354,0.1
850,117,102,355.06140828153406,16.455831656306792,0.15
851,118,106,204.7210965625555,17.863813943776393,0.05
852,118,106,357.5674205569416,-25.32798691645875,0.2
853,119,518,419.78369222259823,-10.86554616661025,0.2
854,119,456,300.83283299418014,-16.006533401163992,0.15
855,119,210,440.7585867913493,33.74309235826985,0.15
856,120,427,208.5361745717795,37.61292119520426,0.05
857,120,509,318.93560083491104,-21.45035987476333,0.2
858,121,512,345.3595250215891,24.99193125539729,0.1
859,121,84,387.40421984951735,-2.5054060300965553,0.15
860,121,223,268.1135056698922,-19.31797386602156,0.15
861,121,471,266.09152920176507,45.59502550081436,0.05
862,121,482,294.92747820290487,-0.520279359419046,0.15
863,121,575,419.4448352328179,58.16850880820447,0.1
864,121,251,384.59652349257186,-26.102521476114212,0.2
865,122,157,281.5536839355,-18.240647409675002,0.2
866,122,48,232.65238783153072,41.960527729148005,0.05
867,122,573,318.3668302816774,-11.377475457748378,0.2
868,122,479,313.1723372389652,-38.44424941415521,0.2
869,122,350,285.8882190999035,-38.55736713501446,0.2
870,122,35,209.65117260681598,13.759428750958838,0.1
871,122,154,275.92486873202586,-27.082969690196105,0.2
872,122,101,294.01052707325954,3.029905414651905,0.15
873,122,187,340.43842388187517,29.40467372643446,0.1
874,123,29,388.47218070141815,25.2691111402836,0.15
875,123,118,401.98056838692384,-23.81651474196142,0.2
876,123,330,267.0873311009477,-1.5671587798104643,0.15
877,123,401,325.15501381716234,-6.743747927425643,0.2
878,123,278,272.5855379500223,-10.161567409995541,0.15
879,123,279,472.77897528270057,-10.234453707594884,0.2
880,123,375,275.68462645295347,3.065106613238372,0.1
881,123,232,278.9235030799042,-5.615049384019188,0.15
882,123,572,167.88828360272194,20.369319102885946,0.05
883,123,71,465.73878209653253,8.186156419306496,0.15
884,124,500,289.9379302125419,23.03203158649887,0.1
885,124,522,91.88280445805128,1.9973840320057699,0.05
886,124,306,135.04880016866684,14.367735627503535,0.05
887,124,89,337.06867251212054,-8.447665497575906,0.15
888,124,488,484.51283958466456,10.318025937699694,0.2
889,124,241,398.60379105538885,-20.68793134169166,0.2
890,125,519,133.9124621717243,10.39036724171881,0.05
891,125,463,331.48643754621486,-29.582734368067765,0.2
892,125,386,293.3130054200532,-27.25224918699201,0.2
893,125,72,467.8444905221113,8.055298104422224,0.15
894,125,285,356.08355960676647,5.665861921353272,0.15
895,125,29,379.62263340057655,23.499201680115284,0.15
896,125,514,343.21288523539283,30.76683247669147,0.1
897,125,103,348.30696782060716,-7.856154826908924,0.2
898,125,341,310.9171284229507,-33.96593073655738,0.2
899,125,452,407.66411700488385,-14.3305824492674,0.2
900,125,76,165.24332557170098,16.293790551524427,0.05
901,126,540,431.563810647986,-11.547228402802094,0.2
902,126,288,462.59320409618226,39.807101024045565,0.1
903,126,571,512.042022367209,55.032655591802275,0.1
904,126,151,341.1826640344185,58.703105889054335,0.05
905,126,494,367.7761792750397,-8.468373108744027,0.2
906,126,235,239.3319828510018,-15.09900257234972,0.2
907,126,411,427.55486663290606,-19.21637000506407,0.2
908,126,510,377.0639721327242,32.64679303318106,0.1
909,126,521,373.22657963019014,35.736944907547546,0.1
910,126,514,389.87907825746606,38.68896956436652,0.1
911,127,89,361.69247751574034,20.654719378935084,0.1
912,127,25,467.21026596624273,-13.20196010506357,0.2
913,128,122,286.36078865879074,-11.056242268241865,0.15
914,128,383,130.62532873193146,15.374216191988896,0.05
915,128,207,203.46925458515,13.599541734233556,0.1
916,128,22,331.2408918262358,-27.126166226064623,0.2
917,128,429,388.4262183744904,21.29301867489805,0.15
918,128,383,301.9471846610389,-14.457422300844156,0.2
919,128,110,114.3660974293613,2.027578140938756,0.05
920,128,141,128.86209875680277,9.90269051186418,0.05
921,128,268,247.9112407949974,20.419639614003,0.1
922,128,526,198.2170616295796,25.008989097812442,0.05
923,128,197,261.733069740035,22.046647513916202,0.1
924,129,187,229.93336233334173,32.85732839771944,0.05
925,129,404,282.58479644183666,26.51797483092416,0.1
926,129,548,311.79161205037707,12.461620703623073,0.1
927,129,259,361.2423394019099,14.806692880381952,0.15
928,129,401,286.20747202724,27.311143727274985,0.1
929,129,117,303.1735677149254,-5.058464842761175,0.2
930,129,67,298.11833307827806,-16.768358384344396,0.15
931,129,221,472.60654006652095,34.18910801330415,0.15
932,130,45,323.63087732779314,47.017511934306896,0.05
933,130,179,309.99385644709366,6.918371289418705,0.15
934,130,549,358.5424686708006,48.11238951845871,0.05
935,130,100,302.23848409526363,53.2755724655411,0.05
936,130,202,342.9521237354227,55.70792699141349,0.05
937,130,16,451.7240984413369,21.190069688267364,0.15
938,130,157,229.90439053248647,26.907565335066046,0.05
939,130,558,319.6158683591749,6.923767089793731,0.1
940,130,337,305.8093146802836,-8.730887063943296,0.15
941,130,294,320.47676859328686,21.393542148321718,0.1
942,130,95,357.0600382379097,49.7999982205658,0.05
943,131,199,228.5677823890838,18.831915354822176,0.1
944,131,282,271.2044592490606,-13.049131112640897,0.2
945,131,234,207.91117634312457,-20.676123548531304,0.2
946,131,25,394.70132504523616,0.36289000904720936,0.15
947,131,105,140.21512653455,7.528385435752437,0.05
948,131,329,174.22539334465893,24.535560550268915,0.05
949,131,235,211.95117312435448,-21.396124031346815,0.2
950,131,183,225.63644360622658,-36.85743345906601,0.2
951,131,453,97.50824282702624,-5.350164979395431,0.05
952,131,276,274.75750408135065,-25.082449183729878,0.15
953,131,571,501.73786865071736,-12.061419702392367,0.2
954,131,260,229.90591865324427,35.238762234172285,0.05
955,131,458,159.9805249566802,18.55735511101092,0.05
956,132,230,87.58075857761834,6.984238510738887,0.05
957,132,209,92.56267195430605,11.971803496695458,0.05
958,132,504,72.055089026071,2.7026178629646136,0.05
959,132,461,187.71491781454813,4.814202358078624,0.1
960,132,133,137.92637315007937,-17.43662962530086,0.15
961,132,255,97.27516930054044,13.396534198633638,0.05
962,132,119,107.36685450904619,7.840520747444533,0.05
963,132,223,122.27996801641203,-7.8127759218315065,0.1
964,132,190,226.01036812325302,36.6690933336387,0.05
965,132,439,184.43679311653176,-16.38505729848158,0.2
966,133,300,322.30948136887537,-22.11357779466869,0.2
967,134,47,306.01802261049033,14.670855652622588,0.1
968,134,360,500.31504592519184,65.10806148129795,0.1
969,134,47,181.19185151385796,17.83809517196942,0.05
970,134,318,275.07185626610175,-2.6812787467796664,0.15
971,135,2,151.6561459283567,25.814777924797497,0.05
972,135,340,266.1679080688051,-37.79381378967922,0.2
973,135,261,294.3778354045022,-4.867819031514621,0.15
974,135,528,139.7819607569697,13.217592885604962,0.05
975,135,166,316.5606854444159,-11.423061800049084,0.15
976,135,209,312.69642679699007,14.31911999170817,0.15
977,136,397,320.31114420798957,8.397786051997407,0.1
978,136,534,281.21693940352975,55.30407095306875,0.05
979,136,59,403.76259331644445,21.74691866328887,0.15
980,136,196,427.1410883034977,52.68392207587445,0.1
981,136,465,380.91213625463575,22.388427250927126,0.15
982,136,202,445.61007427524845,-5.2365888587127145,0.2
983,136,540,371.8924362117308,27.617809052932692,0.1
984,136,458,372.3048162498648,-13.43797756252027,0.2
985,137,433,287.8652436452793,-31.649513453208087,0.2
986,137,383,296.60521168540765,-14.16371824718884,0.2
987,137,66,112.99245326069006,3.6694557433482604,0.05
988,137,496,362.3338602211096,-10.045820966833546,0.2
989,137,418,304.7435308162732,-2.1788217292705276,0.15
990,137,309,355.4509224273243,-8.26526163590133,0.2
991,137,234,138.7608782248614,0.8923288439835257,0.1
992,138,2,417.13051045917496,32.18045209183497,0.15
993,139,136,266.6555230963436,14.945348610685386,0.1
994,139,279,452.20063008831244,-11.131205486753116,0.2
995,139,312,412.77424276685633,-20.222863584971527,0.2
996,139,187,431.9617507842801,14.587700156856002,0.15
997,139,86,279.7455402112678,27.632465402631098,0.1
998,139,55,245.98846493883786,-29.44433025917431,0.2
999,139,147,430.0050169701158,19.275803394023136,0.15
1000,139,132,127.74660320403122,8.68178835656039,0.05
1001,139,408,137.65448716392373,7.32911940214273,0.05
1002,140,120,352.1585533606139,15.506788340153467,0.1
1003,140,204,261.5982685228198,41.60125865466465,0.05
1004,140,37,332.36063509353494,-6.130004735969758,0.2
1005,140,376,429.3109765027696,-16.768653524584543,0.2
1006,140,11,337.9293016132577,12.496535322651521,0.15
1007,140,47,186.8956493530995,17.904266634798137,0.05
1008,140,143,208.51304176938544,23.753319268910946,0.05
1009,140,19,463.0594720349822,14.172219406996433,0.15
1010,140,431,193.4849355543459,12.574611685700777,0.05
1011,140,445,245.24487310492816,-20.02530037901438,0.15
1012,140,222,189.9764884057542,13.226346357331611,0.05
1013,141,201,350.8318344300583,21.499666886011635,0.15
1014,141,91,291.70383934998665,23.88130983749666,0.1
1015,141,403,346.9739025456069,18.65103050912138,0.15
1016,141,50,328.25057732614766,-6.977513401077845,0.2
1017,141,308,250.9452818076158,26.37332294859077,0.05
1018,141,511,494.02755975843763,26.581686951687516,0.15
1019,141,242,471.7489044831546,47.02247612078865,0.1
1020,142,258,131.409711991258,15.180678124060027,0.05
1021,142,402,377.0688660774059,-1.7961700883891005,0.2
1022,142,292,283.2553896435556,-9.941091553466652,0.2
1023,142,303,288.70059064451107,25.475517155215044,0.1
1024,142,132,215.37268847496824,4.821680433365614,0.1
1025,142,503,269.05701567619974,-26.32054764857003,0.2
1026,142,276,280.54597516171157,-40.895303725743254,0.2
1027,142,154,275.8479199223601,-27.094512011645964,0.2
1028,142,18,394.0113906097064,2.923308591455971,0.2
1029,142,220,253.11145436412244,48.06945713723886,0.05
1030,142,404,304.8264972490063,-8.473025412649044,0.2
1031,142,288,196.2645527063373,22.467628710442415,0.05
1032,142,271,142.50723888342316,13.285740496580793,0.05
1033,142,79,186.1211632337646,21.09382388364161,0.05
1034,143,527,524.3296265693756,-8.318856014593642,0.2
1035,143,40,405.55257785962067,-20.84291332105689,0.2
1036,143,240,295.08496300217064,-31.2402555496744,0.2
1037,143,346,351.3655729233631,-3.832010415327396,0.15
1038,143,527,510.31888337072576,22.628101674145135,0.15
1039,143,278,261.14242057886645,-12.45019088422672,0.15
1040,143,231,373.69829792947536,-14.98675531057868,0.2
1041,143,33,249.1002465002223,-22.384575699955537,0.15
1042,143,182,130.9309938881043,6.633085796451663,0.05
1043,143,403,327.1045615115764,-6.377315773263529,0.2
1044,143,351,312.29403223708294,13.031571012606044,0.1
1045,143,62,117.20206886556863,10.58061794429878,0.05
1046,144,139,468.5787666494509,66.07694166236274,0.1
1047,144,69,489.69057419801,-16.601813870298486,0.2
1048,144,44,344.94976648937,0.022364973405515798,0.2
1049,145,378,355.7902856525168,1.463157130503351,0.15
1050,146,269,350.65908751577444,2.8105175031548733,0.15
1051,146,230,163.71781880219436,17.876867493315423,0.05
1052,146,45,403.8522944329362,-13.905055835059546,0.2
1053,146,569,303.2817826075678,-11.211368478486452,0.15
1054,146,214,341.24172919809064,13.9386592732784,0.1
1055,146,38,220.38461095623214,28.520522349291767,0.05
1056,147,220,456.9729048557798,63.52051711960567,0.1
1057,147,362,182.56084092786006,15.977862662007475,0.05
1058,147,146,237.96086448667992,6.454243793138655,0.1
1059,147,346,283.6239759965768,13.764662914659123,0.1
1060,147,129,231.01569662828837,18.457296581657843,0.1
1061,147,10,423.6835784527275,24.13639069054546,0.15
1062,148,55,240.36826243367813,-14.753947513264386,0.15
1063,148,10,205.37333299755835,34.38757937780943,0.05
1064,148,209,356.6091969148096,-2.3739204627785497,0.2
1065,148,547,338.12258139497055,-3.9591837210059193,0.15
1066,148,208,529.2119308510472,47.030961170209444,0.15
1067,148,247,203.7748571069632,27.51027727774732,0.05
1068,148,481,130.6230118515053,11.103325088990669,0.05
1069,148,347,281.4359761347481,10.155036132209315,0.1
1070,148,506,187.21481124809932,28.838743497539493,0.05
1071,148,72,462.9567956403987,7.077759128079695,0.15
1072,148,506,389.4444536443235,18.770490728864683,0.15
1073,148,161,279.8882128371852,-27.435268074422197,0.2
1074,149,465,258.164338981679,6.892454304673368,0.15
1075,149,302,116.26397732373428,11.928754149912457,0.05
1076,150,151,182.4428151006631,28.425050957089027,0.05
1077,150,153,281.8872991011251,-8.657615179774982,0.15
1078,150,120,288.4603998640648,9.445240389809594,0.1
1079,150,245,294.0518739096731,18.084845133162126,0.1
1080,151,281,433.0979438978768,29.669663779575334,0.15
1081,151,566,269.00446991263374,-38.44302951310493,0.2
1082,151,342,190.116147310847,17.99798610008129,0.05
1083,151,282,277.44021249278126,-12.11376812608281,0.2
1084,151,137,399.34390147683223,39.47317361292793,0.1
1085,151,201,172.6767578213165,27.574743271447897,0.05
1086,152,126,472.094567405682,39.18266348113639,0.15
1087,152,278,268.3696526027544,-11.00474447944913,0.15
1088,153,3,210.3458930854637,36.77144438187994,0.05
1089,153,462,374.98575090501106,-1.6370498189978164,0.15
1090,153,397,332.0465658418384,-11.071186831632328,0.15
1091,153,70,348.3579644657619,13.288091116440466,0.1
1092,153,455,274.1548618748997,-37.35337071876503,0.2
1093,153,452,231.82608755991095,29.47400743463229,0.05
1094,153,187,463.22592202449783,-8.667511696325313,0.2
1095,153,262,243.71705931392,13.569014828480015,0.1
1096,153,209,342.5863632206106,39.916540805152664,0.1
1097,154,308,358.89610884127063,-20.810283673809387,0.2
1098,154,53,355.6359940073188,14.631323801463736,0.15
1099,154,49,286.7753661790795,49.28321505391095,0.05
1100,154,544,417.47118243980174,-14.808622634029733,0.2
1101,154,580,269.9591549883176,-20.71842675175235,0.2
1102,154,523,335.59299510910125,10.67789877727532,0.1
1103,154,159,326.0684236036376,13.34820590090941,0.1
1104,154,442,326.53501554855745,-21.698647667716365,0.2
1105,154,469,407.00833855064076,5.114642710128134,0.15
1106,155,103,310.8650667296268,-13.670375590918802,0.2
1107,155,40,370.4218417084545,-23.391555698036772,0.2
1108,155,284,212.1954967699291,12.626645638539522,0.1
1109,155,189,335.28700021107034,-31.963371330824668,0.2
1110,156,25,246.7499172048869,28.061882459179404,0.05
1111,156,101,320.17443705314935,-12.092034442027582,0.2
1112,156,151,413.77570764846143,22.571066529692267,0.15
1113,156,486,292.5163432687799,-0.9801141828050186,0.1
1114,156,272,287.85452212873736,53.71841491344895,0.05
1115,156,11,351.80694945758927,-7.093657581361603,0.2
1116,156,281,265.51841486123044,48.31910854080671,0.05
1117,156,456,288.502280179384,-0.9020299551540036,0.1
1118,156,494,342.99404862176715,-12.185692706734905,0.2
1119,156,358,536.2608718625187,-1.485569220622196,0.2
1120,156,522,211.0189564347086,-0.5627108913228422,0.1
1121,157,66,317.55548009565564,-31.375077985651636,0.2
1122,157,396,418.80605668091664,4.003711336183308,0.15
1123,157,142,313.07695792321397,17.292889480803495,0.1
1124,157,479,203.03738070902153,10.466223667523032,0.05
1125,157,169,333.80956647272114,-15.968665029091813,0.2
1126,157,146,196.0428885213921,17.445750633751654,0.05
1127,157,68,390.0701290615326,-25.923380640770098,0.2
1128,157,65,232.35004724413528,21.613955898904877,0.05
1129,157,414,199.32974877384578,-5.592362806538565,0.1
1130,157,54,352.03265572924806,36.057163932312015,0.1
1131,158,126,433.65108349771856,61.404077508971994,0.1
1132,159,486,179.42683170435396,-31.117295664669186,0.2
1133,159,321,140.71466204031327,-18.902136856612834,0.15
1134,159,384,141.9039507309164,7.21070080427279,0.1
1135,159,517,243.3029089871722,-19.693203284699138,0.2
1136,159,326,195.93638513909997,-5.106227292863981,0.15
1137,159,209,211.48224165967605,-11.502195382301926,0.2
1138,159,500,231.23192141408595,-18.539150816396035,0.2
1139,159,276,59.69665766473018,-1.7729642667252805,0.05
1140,159,532,171.88898509972583,-21.498383366075135,0.2
1141,160,103,233.96358443787813,18.99190762626243,0.1
1142,160,314,263.45127416276665,11.935526744630991,0.1
1143,160,399,436.1320633791985,-6.770890493120213,0.2
1144,160,42,298.7732990812099,13.91722197303232,0.15
1145,160,80,142.24837405255948,9.458743323757474,0.05
1146,160,421,117.52590875665709,15.047435347061928,0.05
1147,160,53,337.6051389512183,-10.792729157317243,0.2
1148,160,273,126.80319801296646,16.47481535834596,0.05
1149,160,332,188.7332621154577,31.55256024160127,0.05
1150,160,85,376.46720742571745,-2.462718886142376,0.2
1151,160,568,321.8021997364945,-33.21887003952581,0.2
1152,160,189,252.34404499053173,5.513327543919573,0.1
1153,160,78,121.8200071500824,5.829129627118363,0.05
1154,161,204,224.93246545438365,34.659027344227624,0.05
1155,161,492,461.1094501183366,4.708217517750512,0.2
1156,161,68,361.8261846823867,-6.834038063522669,0.15
1157,161,511,421.20052287186866,43.68206047864639,0.1
1158,161,517,206.61077104314768,27.985080334072812,0.05
1159,161,520,216.9150823600413,2.825230151838163,0.1
1160,162,479,320.88703780292894,-35.097044329560646,0.2
1161,162,218,454.3400166068321,7.120302491024823,0.2
1162,162,213,193.95273605593178,16.413629366414483,0.05
1163,162,431,165.66042654802305,9.78848054847877,0.05
1164,162,51,539.7841006749572,11.50151510124359,0.2
1165,162,558,158.8498051136278,7.938294118160204,0.05
1166,162,115,278.89620781310623,10.08711656262124,0.15
1167,162,479,320.88703780292894,-37.28704432956064,0.2
1168,162,44,293.1570991338913,32.872506318096384,0.1
1169,162,377,391.6098182201501,-16.460427266977465,0.2
1170,163,306,270.3421381921639,-0.058851156249616565,0.15
1171,163,341,191.68495083344862,-2.0459373650760826,0.1
1172,163,494,116.29928010048646,11.987495967616365,0.05
1173,164,274,257.8634761123498,-25.18150477753004,0.15
1174,164,382,299.03325612390086,-12.88651158141486,0.2
1175,164,469,380.3114632945774,24.441715823644344,0.1
1176,164,495,320.3506937137961,-15.726695942930563,0.2
1177,164,19,459.14609221106815,12.294543442213602,0.15
1178,164,279,434.87602521924896,41.585956304812235,0.1
1179,164,427,476.98672961029706,6.09190944154458,0.2
1180,164,298,174.23476707971395,18.069407732638687,0.05
1181,164,370,180.2418512310021,9.091478424726365,0.05
1182,165,159,322.0839141286082,14.542078532152065,0.1
1183,165,368,382.83913533627685,10.148327067255355,0.15
1184,165,313,181.78020582243187,12.410054356705366,0.05
1185,165,550,482.4726430048518,43.43036075121298,0.1
1186,165,567,254.2240530348028,-39.47759204477957,0.2
1187,165,2,429.040939572703,5.075740935905465,0.2
1188,165,230,325.41792293260505,21.102730733151255,0.1
1189,165,431,332.9143874846998,-11.47782250306006,0.15
1190,166,488,469.72317270229905,69.06714317557476,0.1
1191,166,370,332.94657267963396,-32.86741409805489,0.2
1192,166,563,255.0626253780867,-7.787649924382668,0.15
1193,166,447,308.79677393740747,17.03009348435188,0.1
1194,166,247,237.3314174703464,33.31499617032924,0.05
1195,166,168,258.92834936833015,-40.57194759475047,0.2
1196,166,521,365.6040414902952,10.323358298059016,0.15
1197,166,338,339.85361596252585,-25.512457605621115,0.2
1198,166,474,369.97374196478364,-20.691438705282426,0.2
1199,166,80,378.35248205174275,-30.54202769223857,0.2
1200,166,219,455.67191102007644,31.700307204015257,0.15
1201,166,511,256.1733975183552,39.15258380597032,0.05
1202,166,285,197.28323635738298,24.898758178031372,0.05
1203,166,212,302.1273453011797,60.82753347974947,0.05
1204,167,481,266.9480619946984,-7.572287601060349,0.15
1205,167,548,139.1282583240303,11.207728631181183,0.05
1206,167,74,319.58319425340864,-22.452620861988688,0.2
1207,167,548,325.24532657149456,-6.224884685701122,0.15
1208,167,439,179.80617386053603,8.688835335779821,0.1
1209,167,43,268.7871718970779,8.744209379415555,0.15
1210,168,198,312.083852219456,-5.728622167081594,0.2
1211,168,451,315.6283330385876,-3.570283392282489,0.15
1212,168,159,326.7851379933771,-27.547629300993417,0.2
1213,168,238,264.7522535831609,-27.905461962525862,0.2
1214,168,465,368.4617338466124,-3.875739923008126,0.2
1215,168,170,134.0662757252611,13.885106307084502,0.05
1216,168,462,267.5575270242472,9.611308045037052,0.1
1217,168,234,204.64740665149168,-20.07068900227624,0.2
1218,168,290,236.73730661970873,0.6055410519177009,0.1
1219,169,141,213.573322937584,-24.540341153673015,0.2
1220,169,221,338.9914572929948,-7.557708818393749,0.2
1221,169,553,88.58239608721743,4.611463364425028,0.05
1222,169,401,221.05327017022285,-12.468929604491818,0.2
1223,169,219,114.01163969594825,16.49978708773425,0.05
1224,169,520,105.17667551290616,-3.7139282228837405,0.1
1225,169,203,195.99710953971015,-5.514461993976925,0.15
1226,169,179,72.26752183317276,4.961619152474395,0.05
1227,169,525,165.73141884117496,-19.207806391088308,0.15
1228,169,7,257.76283663863524,-27.35738166387128,0.2
1229,169,414,144.59987767435598,-27.642172373478406,0.2
1230,169,150,287.0732865593831,-11.66975371363516,0.2
1231,169,48,314.15059626061213,13.713567554098859,0.15
1232,170,336,189.4681033043719,3.0891116706043977,0.1
1233,171,523,328.58563477758537,8.926058694396342,0.1
1234,171,54,360.0434039230858,14.92368078461714,0.15
1235,171,228,245.17880492502525,-29.258779261246204,0.2
1236,171,535,406.8721890749441,29.863587814988804,0.15
1237,171,426,364.552658556875,-4.583201216468748,0.2
1238,172,75,405.6593975758389,13.271404515167763,0.15
1239,172,425,396.6396794290781,2.144851914361748,0.2
1240,172,487,423.4785233437635,59.68923083594089,0.1
1241,172,303,428.6124879359486,-1.4134268096076923,0.2
1242,172,215,456.95927362789143,37.84340472557824,0.15
1243,172,282,233.2917546308967,31.463166594462017,0.05
1244,172,329,417.8646078566919,22.32617157133838,0.15
1245,172,126,538.9673617972941,18.828104269594135,0.2
1246,172,283,339.95699685241703,-15.112050472137433,0.2
1247,172,161,302.22380227740337,-3.9013645445193452,0.15
1248,172,431,373.1419503679382,-26.78390744480926,0.2
1249,172,25,349.09515188835,44.467942222108235,0.05
1250,172,258,261.0710301146106,36.07966648192814,0.05
1251,172,493,489.6784127235687,70.18790318089219,0.1
1252,173,250,167.45126842953988,6.499953886099686,0.05
1253,173,391,387.54985592818645,25.166321185637273,0.15
1254,173,415,362.60289278470617,-2.0805660822940695,0.2
1255,173,311,256.81387273624637,-18.078850452750743,0.15
1256,173,496,388.986482839785,-6.0479275740322365,0.2
1257,173,225,445.11752941402966,8.702080882805909,0.15
1258,173,475,187.47116651090585,16.326091450435744,0.05
1259,174,324,552.1589303525191,4.28053955287789,0.2
1260,174,538,312.9113804408532,6.004351088170626,0.15
1261,174,38,470.4193099963285,16.34956199926568,0.15
1262,174,318,190.6260601110513,18.960425301686822,0.05
1263,174,71,321.3574536101321,41.14673927787828,0.05
1264,174,117,293.9719399684412,31.435734992110294,0.1
1265,174,275,205.7827043606181,8.450579027209974,0.05
1266,174,275,205.7827043606181,8.450579027209974,0.05
1267,175,510,312.76964652664014,-19.813278970121118,0.2
1268,175,68,254.85192138816,-12.034828146336737,0.15
1269,175,51,369.0809866138391,21.098293881641617,0.15
1270,175,456,153.40266104111038,-5.887732206211905,0.1
1271,175,163,89.48868331945249,5.2386487044901,0.05
1272,175,105,91.47284258931045,3.398841260490938,0.05
1273,175,272,400.7703460889969,-2.150832798308219,0.2
1274,175,533,156.9071729591289,3.631149426999521,0.1
1275,175,137,366.0230981292305,-15.109288560936799,0.2
1276,175,153,150.0790271575702,-1.030588121855006,0.1
1277,176,499,350.29669767156713,34.176524417891784,0.1
1278,176,544,381.0820782639754,26.82296956599386,0.1
1279,176,43,173.70671704466855,25.28442764317036,0.05
1280,176,34,366.12417229652226,-26.054374155521643,0.2
1281,176,279,477.9548673802749,-9.458069892958743,0.2
1282,176,188,358.736596821374,-29.741410476793888,0.2
1283,176,123,346.541087369909,-20.18023689451364,0.2
1284,176,370,200.1314992888805,11.613606158020215,0.05
1285,176,369,203.23040063647653,22.673565868343683,0.05
1286,176,19,446.4221298149541,40.8044824537385,0.1
1287,177,81,397.4455300826674,27.72736383657599,0.1
1288,177,141,139.86566072873762,10.658196444277532,0.05
1289,178,170,327.9454520234053,-17.722782196489195,0.2
1290,179,279,193.14202856978747,10.39772965796378,0.1
1291,179,23,224.54563356751686,-9.212058266951905,0.15
1292,179,572,70.11904434198888,5.424733185919381,0.05
1293,179,572,164.08814704592172,-4.8080932871394655,0.15
1294,179,527,302.1670892658076,2.521056643219268,0.15
1295,179,265,333.12901409511403,-12.563601825446462,0.2
1296,179,543,52.89783790706147,-2.361740171513393,0.05
1297,179,376,285.4356987231117,-25.26144677354525,0.2
1298,179,137,184.74649845552995,10.507514830409832,0.1
1299,179,310,146.3744048759019,8.690368664948291,0.1
1300,179,69,198.47376932325676,6.494921157087699,0.1
1301,179,570,260.77051980225866,-25.988488847443364,0.2
1302,179,221,331.7901689526054,-7.205421506257807,0.2
1303,179,498,198.42109970523677,-1.9514609963195717,0.15
1304,180,310,192.50649848150437,29.367957418922344,0.05
1305,180,430,289.2968224962487,-19.571335500750273,0.15
1306,180,215,405.00305028794844,53.716062571987095,0.1
1307,180,74,336.5050809117987,-19.914337863230188,0.2
1308,180,137,416.2498612458511,42.09016531146276,0.1
1309,180,385,263.684174367368,38.337483746588035,0.05
1310,180,552,306.9975314467034,7.378182861675871,0.1
1311,180,406,192.5458095900364,28.577754430414277,0.05
1312,181,269,346.0973377356502,1.8981675471300328,0.15
1313,181,374,213.10835335655315,8.012966442094527,0.1
1314,181,552,250.36678683698267,3.2708435405464833,0.1
1315,181,80,365.2912260629651,-31.40621609055521,0.2
1316,181,220,582.7399704643651,14.098795569654783,0.2
1317,181,179,226.8322539512424,11.9660291643483,0.1
1318,181,179,128.23701158478207,13.000481446187049,0.05
1319,181,576,148.4001857731278,23.07521331196574,0.05
1320,182,277,239.06089866763674,-11.78136696763768,0.15
1321,182,373,109.47901355200855,11.016151408682585,0.05
1322,182,265,393.42774316236046,17.129252716806455,0.15
1323,182,197,119.6857375899322,14.14585880207461,0.05
1324,182,478,197.45263015408256,-23.04800547688761,0.2
1325,182,468,296.16326292457785,-9.698273061114454,0.15
1326,182,416,272.15715541468063,-11.9869266877979,0.2
1327,182,503,165.00468373341357,-0.8724958088011316,0.1
1328,182,266,433.9779683527521,22.171750757150498,0.15
1329,182,312,397.22872762526276,-23.64969085621057,0.2
1330,182,252,253.10470228727962,-18.119241703680125,0.15
1331,182,474,344.9591313504088,-24.443630297438656,0.2
1332,182,110,256.6336998613176,-37.08924502080234,0.2
1333,182,65,125.0695041154304,8.530605459096076,0.05
1334,183,29,374.43566095878134,45.58196523969535,0.1
1335,183,373,321.8918928636068,6.918453572721351,0.15
1336,183,344,383.5250768356916,-0.25483463286169084,0.15
1337,183,264,313.57612728802854,31.233031822007128,0.1
1338,183,420,199.2570514259596,29.063955773382894,0.05
1339,183,589,336.92989766343567,29.246824415858917,0.1
1340,183,116,240.56995930448875,3.317366860897746,0.15
1341,183,494,317.34203991332214,26.107209978330545,0.1
1342,183,411,399.8285055162516,-21.185324172562243,0.2
1343,183,134,266.8416663373819,-27.931750049392694,0.2
1344,183,510,359.9939824522818,28.379295613070454,0.1
1345,183,37,195.75819248722993,29.02766846832629,0.05
1346,183,375,175.5844942611493,9.488761020085292,0.05
1347,184,534,479.805808014152,41.00631160283037,0.15
1348,184,291,323.9804209440776,35.53045523601939,0.1
1349,184,130,371.9486273144264,45.08780682860659,0.1
1350,184,93,302.5932196525476,54.20597818787222,0.05
1351,184,251,369.3222509988832,19.190562749720797,0.1
1352,184,168,271.52570969358544,-38.68234354596217,0.2
1353,184,304,349.7241095815795,32.11347739539489,0.1
1354,184,551,418.0272296029651,30.5752574007413,0.1
1355,184,306,332.1788567955526,8.623721359110508,0.15
1356,184,262,175.69791322902955,20.79872977167789,0.05
1357,185,154,102.5919092597361,5.308603876270274,0.05
1358,185,182,110.26894273401258,4.736220077489067,0.05
1359,185,20,135.14421064266952,10.82422764908285,0.05
1360,185,239,252.83326694009256,-34.41850995898611,0.2
1361,185,293,122.58384750364503,11.714187734930668,0.05
1362,185,267,199.86324255850224,13.26850966802662,0.1
1363,185,291,212.42324955524037,18.519027433148015,0.1
1364,185,292,250.47358264851437,3.4825654176477627,0.15
1365,185,57,271.39117536218635,-4.078216700301953,0.15
1366,185,392,178.7612941517653,-2.5572447437303216,0.1
1367,185,350,106.2963928083247,1.2093629545888511,0.05
1368,185,468,349.7901772973105,-29.659373405403414,0.2
1369,185,426,129.98635517004877,18.858893734502246,0.05
1370,185,268,317.4485708832849,-11.012214367507259,0.2
1371,186,379,345.7487629130276,2.701777834836143,0.15
1372,186,495,299.2308112283524,-17.799678315747126,0.2
1373,186,118,244.7190638247634,6.0919124204104556,0.1
1374,186,260,183.78665195186488,26.508801597610535,0.05
1375,186,412,119.16342312536854,11.148896822254272,0.05
1376,186,403,318.27084785170973,-7.702372822243522,0.2
1377,186,233,201.28764373363435,-21.669653439954843,0.2
1378,186,334,335.18583095765285,40.530959074555085,0.1
1379,186,481,100.63406642515383,7.428293966634339,0.05
1380,187,117,310.4021095834,-3.974183562489996,0.2
1381,187,259,214.79477547266254,32.5669601232826,0.05
1382,187,579,184.59578357156758,21.083724211900716,0.05
1383,187,158,234.83166344576966,7.509215861442414,0.1
1384,187,65,364.9804633483138,-4.438057330337253,0.15
1385,187,258,178.8899832584575,22.66627245902109,0.05
1386,187,434,146.56742339981838,3.4757148155209165,0.05
1387,187,46,393.6941204094154,-16.30928193858768,0.2
1388,187,490,342.6258847786092,37.627021194652315,0.1
1389,187,554,269.5236671056511,-1.9237832235872139,0.1
1390,188,74,313.89264829748987,-25.496202755376505,0.2
1391,188,480,196.89739932492125,-4.967821564456731,0.1
1392,188,471,175.7693268124785,26.964103213427414,0.05
1393,188,35,264.6139313301316,-13.770510300480247,0.2
1394,188,246,141.3206600349817,15.488826928329367,0.05
1395,188,375,244.18789955171707,-17.513183659123683,0.15
1396,188,66,189.25865957441118,-3.569054640265474,0.1
1397,188,419,286.84133932329655,23.678553181401757,0.1
1398,188,331,376.57974241714794,19.285284030022865,0.15
1399,188,235,205.12064946845751,-20.230702579731364,0.2
1400,188,542,321.3483497655033,-25.869547535174494,0.2
1401,188,562,124.37933438239715,-7.225181397807931,0.1
1402,188,513,411.8707382472297,19.51163696506788,0.15
1403,188,398,476.4370956256796,-18.95243565614804,0.2
1404,189,236,211.4291589551476,2.3082820084684013,0.1
1405,189,507,232.56880650688504,16.65353630347651,0.1
1406,189,569,305.4133963963401,-32.65709054054897,0.2
1407,189,191,297.148688863017,-13.84069667054743,0.2
1408,189,450,302.32098241198094,-5.574378517603824,0.15
1409,189,383,227.60092396535123,15.357460025515255,0.1
1410,189,100,368.7617305784605,-3.3380404132309067,0.2
1411,189,446,447.9138447630122,12.0739939526024,0.15
1412,189,493,357.12538786073696,45.78383817960319,0.1
1413,189,340,115.97255257890538,1.4660301163094083,0.05
1414,189,579,309.9395137156364,-20.369872942654528,0.2
1415,189,354,297.4150626639321,11.051287532786404,0.15
1416,189,24,308.4205288910413,17.476300355730306,0.1
1417,190,131,202.28024436254594,25.218171016411976,0.05
1418,190,502,282.8142424233063,-24.315963636504044,0.2
1419,190,120,206.8926757721017,18.543280234224085,0.05
1420,190,231,213.69937066775685,28.167920926902532,0.05
1421,191,164,57.84306263287752,2.282824846675325,0.05
1422,191,343,131.1802639229178,0.2674503106239321,0.1
1423,191,516,90.36018618940409,9.652436927665505,0.05
1424,191,112,142.4385620963085,-13.50107740812472,0.15
1425,191,406,103.44262465145825,3.3903837201361,0.1
1426,191,422,115.44106097855293,5.4601481693369145,0.1
1427,191,419,78.65548308439341,7.0245328105171545,0.05
1428,191,464,108.00110820800637,-16.586815281207123,0.2
1429,191,33,44.777453743515224,-2.288831390025488,0.05
1430,192,314,275.1882194266322,11.418999136897753,0.1
1431,192,467,333.92952712878906,41.30847155729812,0.1
1432,192,584,363.3420150497936,7.723778009958693,0.15
1433,192,36,269.10932254639675,1.7650145092793448,0.15
1434,192,378,353.05144923447756,-20.774682614828343,0.2
1435,192,435,227.55540407657452,20.54299953378444,0.1
1436,192,191,121.60421551436974,13.77060665338944,0.05
1437,193,199,105.24328438268539,13.43878898298663,0.05
1438,193,154,102.5193329576498,5.301435838838433,0.05
1439,193,84,251.73334437256528,7.600349680141633,0.1
1440,193,104,201.0527423516121,13.097852000598838,0.1
1441,193,504,242.16227256344263,-10.658270637847586,0.15
1442,193,536,305.3597273887702,11.225672876487906,0.15
1443,193,250,105.3885187596127,2.0072089795234973,0.05
1444,193,505,185.52030773402947,2.4654671722223664,0.1
1445,193,263,391.2028461383461,-3.419573079248064,0.2
1446,193,351,148.63931620854908,12.287412226618045,0.05
1447,193,255,361.6228522396233,-2.829072164056498,0.2
1448,193,420,313.70920358588137,-8.463819462117783,0.2
1449,194,560,315.24363615648036,-36.55965457652793,0.2
1450,194,145,150.13666663040343,18.172303884539247,0.05
1451,194,168,240.77333007605046,-43.295200488592414,0.2
1452,194,123,263.4822920138545,-8.7198960641356,0.15
1453,194,444,272.67745844806257,-9.982516475915743,0.15
1454,194,526,275.3357878416217,19.007360774312826,0.1
1455,194,0,203.83321923537108,1.1832622274661624,0.15
1456,194,584,128.63218371111458,14.822071454046682,0.05
1457,194,269,286.849825062255,-2.234109407498538,0.15
1458,194,569,296.2944274954285,-31.83493587568571,0.2
1459,194,70,289.8024014402117,-12.506824296256497,0.15
1460,194,564,378.4552409456074,-13.629013858158876,0.2
1461,194,169,251.93209442103787,-4.035135118922845,0.15
1462,195,287,189.78246963432352,30.172235738818564,0.05
1463,195,509,131.42639635969283,11.686441159970833,0.05
1464,195,494,236.90712219905902,15.82574769208221,0.1
1465,195,394,310.0438071084528,-27.832928933732067,0.2
1466,195,380,127.94874486151348,11.53940518907254,0.05
1467,195,347,245.84377329420158,6.3530381509084215,0.1
1468,195,55,178.8602340180836,-2.898258371596539,0.1
1469,195,281,179.96936597676662,29.895583077218017,0.05
1470,196,305,255.9464123274875,-4.222017534502505,0.15
1471,197,380,258.6725744090807,12.355936903045098,0.1
1472,197,47,149.15377103333736,13.043900610969306,0.05
1473,197,66,140.17009019677857,5.8860078042767014,0.05
1474,197,230,279.47333488502494,16.649612791117427,0.1
1475,197,58,339.94509793742736,-14.962135309385877,0.2
1476,197,582,396.5630274544236,-11.746045881836443,0.2
1477,197,500,322.95457429673615,27.26161372189304,0.1
1478,197,504,129.75559886542692,8.62606985586332,0.05
1479,198,60,273.6092825708091,17.21863716962527,0.1
1480,198,208,290.5879501235539,58.01952121054048,0.05
1481,198,559,390.9694609334462,22.197077964970003,0.1
1482,199,286,385.54270380043465,-6.449994429934788,0.2
1483,200,193,376.73652180152163,41.95188045038042,0.1
1484,200,44,210.91063849118513,34.18573444740537,0.05
1485,200,295,215.6509000420306,24.68976062823482,0.05
1486,200,312,404.48450517023366,29.683626292558426,0.1
1487,200,413,369.3644903844403,31.958072596110064,0.1
1488,200,64,286.57794682687506,-16.611935634625013,0.15
1489,200,192,359.9581400627032,15.717753012540612,0.15
1490,201,233,199.46377243536887,-21.943234134694656,0.2
1491,201,437,218.2674996166461,13.715124084188155,0.1
1492,202,198,222.5679343224843,-10.58631291224688,0.2
1493,202,339,176.642746933255,-15.948078392983494,0.15
1494,203,159,325.4055825828138,-26.659562612577915,0.2
1495,203,521,358.455256671191,-15.351911499321334,0.2
1496,203,430,282.4650049939212,-38.085449250911815,0.2
1497,203,441,317.21435898874404,-1.3475501244802093,0.15
1498,203,195,361.8933686098278,14.90597744530162,0.15
1499,203,464,216.87991523140494,-17.861012715289256,0.2
1500,203,223,253.4426734737395,-21.504867336946333,0.15
1501,203,18,157.14190664664602,26.830716275071765,0.05
1502,204,82,145.0955102934828,8.992138875223464,0.05
1503,205,229,247.17943286389544,12.526965730296638,0.1
1504,205,237,242.5316597383141,9.387946948200593,0.1
1505,205,369,324.67648498571236,-21.34102725214313,0.2
1506,205,11,331.2312269583456,-10.180015956248162,0.2
1507,205,122,294.02699705812154,-26.273350441281764,0.2
1508,205,454,206.483042431563,-44.38664363526554,0.2
1509,205,222,138.1679591697613,7.886846692550307,0.05
1510,205,67,227.69453783741972,-3.712334202393513,0.1
1511,205,24,409.0904636174023,-22.306930457389633,0.2
1512,206,51,333.94855606072605,66.04701256152572,0.05
1513,206,423,227.33853423125854,37.91052482580135,0.05
1514,206,65,382.57197228174715,-25.205604157737916,0.2
1515,206,246,415.12832970773036,-13.405250543840438,0.2
1516,207,102,264.0149081085328,38.905454727282454,0.05
1517,207,169,335.9708870636688,4.5387024127337305,0.15
1518,207,462,300.3747196250588,32.86759230727985,0.05
1519,207,260,568.2236104717765,2.9165415707664977,0.2
1520,207,186,453.8780394176861,47.912109854421544,0.1
1521,207,122,239.61016870354237,20.997503762708643,0.05
1522,208,281,367.6457722932179,20.83432569222457,0.15
1523,208,515,343.3662361186242,4.915174885661386,0.15
1524,208,215,354.18086275309304,21.240508662180478,0.15
1525,208,213,371.2559341726191,-32.20100987410712,0.2
1526,208,567,85.94282405352224,-2.3224311989867514,0.05
1527,208,406,330.8458613741166,-8.713520793882498,0.2
1528,208,23,244.18019397122515,9.46122131706717,0.1
1529,208,539,222.55014510550825,-7.60563004606981,0.15
1530,208,6,169.64293310701933,21.051021507343666,0.05
1531,208,44,116.07213359051285,17.162991487588798,0.05
1532,208,65,303.73714478210576,-9.78884922718548,0.15
1533,208,233,200.7500816667772,-20.655287749983408,0.2
1534,208,438,292.9740514263581,1.6074082185296916,0.15
1535,208,477,185.9937566458652,11.18590219607334,0.1
1536,209,227,346.8731144164989,1.0637728832997588,0.15
1537,209,275,285.6054356354772,-3.8575910911306885,0.1
1538,209,532,278.9349035129852,13.724775878246316,0.1
1539,209,317,339.4384773497709,12.375220469954161,0.15
1540,209,332,285.3795534907952,51.82796660431538,0.05
1541,209,292,276.1160111312723,24.75410278281808,0.1
1542,209,114,314.0247390103043,-4.737289148454348,0.2
1543,210,242,443.3602259066416,38.65086721279822,0.1
1544,210,234,206.77474657823683,-6.440850684352647,0.15
1545,210,488,259.0541802656799,49.661625838926966,0.05
1546,210,190,888.3979232361013,19.612788485415223,0.2
1547,210,65,358.81193196184785,-5.671763607630448,0.15
1548,210,42,304.0501944742363,33.1972604005953,0.1
1549,210,255,350.74482266739335,40.73587754169485,0.1
1550,210,121,536.8400395761231,65.30619232573903,0.1
1551,210,263,413.6445492120529,1.0416823818079521,0.2
1552,210,565,312.6841873516961,-13.609112529660798,0.15
1553,210,352,253.15700133423337,20.94127167623356,0.1
1554,211,251,364.3730077855702,15.763251946392561,0.1
1555,211,72,300.0522343431936,37.25979641105761,0.05
1556,211,232,292.9466556656037,-21.40200165015944,0.2
1557,211,182,291.9738835855928,6.656570896398193,0.1
1558,211,361,377.2173279568088,-7.7811008064786655,0.2
1559,211,537,499.6080157187297,11.30060235780946,0.2
1560,212,475,297.3147182479477,9.887194222910306,0.1
1561,212,410,331.9683425434001,-30.437348618489963,0.2
1562,212,497,211.08118735104262,32.98925321431312,0.05
1563,212,496,369.2588630011086,14.772747600221695,0.15
1564,212,190,886.5594954952959,18.24202432429442,0.2
1565,212,34,354.6452929378287,-27.77620605932568,0.2
1566,212,184,286.88048269041946,25.64005869992625,0.1
1567,212,211,546.9694764962642,15.73942147443966,0.2
1568,212,366,201.53668647352924,25.921037960819866,0.05
1569,213,375,238.2994880213738,-15.552606860152615,0.15
1570,213,582,139.0118031138054,17.029321945728153,0.05
1571,213,452,386.25961557266055,-17.5412576641009,0.2
1572,213,585,414.1870311619617,17.6157225810649,0.15
1573,214,314,375.5035553767874,24.318388844196857,0.1
1574,214,143,374.05104011765275,-17.068443982352072,0.2
1575,215,499,158.8591046208411,21.042696206333385,0.05
1576,215,518,312.78731533745275,24.442682474078076,0.1
1577,215,543,215.080119960308,-35.167282005953794,0.2
1578,215,288,200.4679150650223,23.11741904083026,0.05
1579,215,347,327.6795247146384,-5.314220057072349,0.15
1580,216,386,311.3999121566592,-23.4442131765011,0.2
1581,216,192,347.0162546469808,35.48981366174522,0.1
1582,216,59,412.7470986830836,23.543819736616715,0.15
1583,216,243,412.7834833003864,11.94259666007726,0.15
1584,216,150,279.24308230412004,47.160847047622,0.05
1585,217,549,386.9588773374374,51.762303757388295,0.05
1586,217,19,470.61171813120444,46.85187953280112,0.1
1587,217,252,269.58285671952353,17.61881808094943,0.05
1588,218,236,258.15158184908444,6.453220323474476,0.1
1589,218,499,366.7305162794851,-8.65732255807722,0.2
1590,218,34,316.0391509680027,10.559868141229877,0.1
1591,218,444,309.57438728589545,12.583743622084835,0.1
1592,218,92,399.80971838454275,47.40783132964225,0.1
1593,218,347,345.0714800184624,-23.92077799723063,0.2
1594,218,448,275.88699967962765,-8.83595006407448,0.15
1595,218,527,270.6272373732554,41.22041354467697,0.05
1596,218,493,473.0060359159221,35.5402571831844,0.15
1597,218,549,227.01143728083986,27.142645840497956,0.05
1598,218,297,388.9252253251992,-12.484116201220104,0.2
1599,218,254,348.15545844553293,40.849400532159784,0.1
1600,219,555,107.75624353491506,7.126737564551732,0.05
1601,219,412,168.54567013703894,3.8049618619299004,0.1
1602,219,446,237.93234170377613,14.04967105963376,0.1
1603,219,445,124.14464824392033,-8.655608118584063,0.1
1604,219,223,78.49634980339545,-0.3505988360306569,0.05
1605,219,295,97.89974063558725,7.6409917786911095,0.05
1606,219,359,82.17846498307686,2.6769676429400064,0.05
1607,219,229,95.53029056165745,7.804061634257135,0.05
1608,220,27,359.0855224750901,14.831029495018,0.15
1609,220,459,371.5975800205874,9.352691004117446,0.15
1610,220,420,181.0909458811843,26.52413502688934,0.05
1611,220,342,205.05511840025548,18.6436085309522,0.05
1612,221,540,295.07092264429264,38.40613310706318,0.05
1613,222,128,388.8993725104113,24.52302450208224,0.15
1614,222,69,315.5993431748093,41.786666734532815,0.05
1615,222,154,188.7238918664875,13.540361398011349,0.05
1616,222,3,358.7528123548084,45.59180308870211,0.1
1617,222,137,293.77118077224435,45.811685659942306,0.05
1618,222,367,232.70104431716408,27.786432193350265,0.05
1619,223,491,215.89812155080705,-15.980463074716985,0.2
1620,223,294,82.36295259332182,5.675522819434519,0.05
1621,223,32,65.57513429076985,5.257359705306202,0.05
1622,223,93,322.6778478531063,-8.667414982997204,0.2
1623,223,288,336.74234304349864,-25.184375842603323,0.2
1624,223,210,322.8857295372137,-4.734273697549792,0.2
1625,223,123,149.24806524002327,1.260923695809618,0.1
1626,223,495,80.62030406300256,6.93736346350871,0.05
1627,223,320,90.74773793030295,8.499247149242471,0.05
1628,223,289,130.38498933175248,-6.995751885248005,0.1
1629,223,262,154.2667211231174,-6.470321648495847,0.15
1630,223,330,68.91901222983796,4.145004786430695,0.05
1631,224,209,372.0933476113584,-2.241297858296221,0.2
1632,224,370,338.45524990790693,-32.04111251381395,0.2
1633,224,436,327.6232582985999,37.665414574649965,0.1
1634,225,205,298.94798808975366,18.033147022438413,0.1
1635,225,390,192.71718852577516,29.200759179233515,0.05
1636,225,235,222.7156086852237,-18.686458697216437,0.2
1637,225,53,362.9626726080956,-6.989099108785647,0.2
1638,225,389,220.49003849390493,37.583526335571186,0.05
1639,225,334,511.19638923457376,71.59169730864346,0.1
1640,225,501,303.6845988315882,-0.25985523368238184,0.15
1641,226,460,450.6015598065092,50.47118995162732,0.1
1642,226,455,258.52636459801437,-6.332508850496404,0.1
1643,226,417,457.4983203999994,21.12248907999985,0.15
1644,226,539,260.0749418235599,13.763435455889987,0.1
1645,226,370,213.28241757930135,13.645970248811611,0.05
1646,226,135,236.08059803441307,-2.4441004913967257,0.1
1647,226,492,484.85369115713826,9.36485367357077,0.2
1648,226,310,337.0392299331718,35.936407483292946,0.1
1649,226,170,323.3601311075198,23.321932776879944,0.1
1650,226,255,246.41765378474167,43.18876734517572,0.05
1651,226,159,342.5575630077186,-3.3081373984562887,0.15
1652,226,3,357.3772108286695,45.247902707167384,0.1
1653,227,98,205.35178573752438,-3.4596841607089113,0.15
1654,227,200,280.6213319120519,9.61793782041822,0.15
1655,227,94,156.69610141837296,23.402941481327808,0.05
1656,227,281,423.91272512074124,0.3946087681112047,0.2
1657,227,167,223.95458629568458,1.4270462603757785,0.1
1658,227,3,134.16237716510113,21.275070431898136,0.05
1659,227,11,324.29039103281366,-11.221141345077944,0.2
1660,227,236,248.377215977871,-11.724863645279974,0.15
1661,227,88,186.56441162077948,5.69251997361863,0.1
1662,227,372,271.7444093066904,0.5070807451898744,0.15
1663,227,563,224.050147799856,-12.36752237691578,0.15
1664,227,450,275.407291731221,-6.950970716377407,0.15
1665,228,392,264.4821445115981,-16.349821097680397,0.15
1666,228,55,102.05158060639083,2.199945541850539,0.05
1667,228,138,277.5173338354797,19.781613051197176,0.1
1668,228,472,80.61784536238852,0.4123390411341781,0.05
1669,228,507,227.9425911427969,16.099493717684393,0.1
1670,228,241,295.0587716091377,17.35573070269871,0.1
1671,229,119,136.3587848111887,11.726469728074171,0.05
1672,229,589,114.66896640847331,12.433593363282323,0.05
1673,229,235,202.62114314293157,-22.735388332230677,0.2
1674,230,328,310.7549914317649,-2.32832671364703,0.15
1675,230,143,146.69574284577206,15.279177367945618,0.05
1676,230,307,357.4285803756277,-22.536412943655822,0.2
1677,230,60,209.55020137989408,11.4268035161593,0.1
1678,230,397,136.44193767910076,7.297308026255919,0.05
1679,230,452,384.89800659386583,5.032151318773149,0.15
1680,230,13,337.6243730462421,-0.8247503907515821,0.15
1681,230,210,180.15018670875418,31.5008573882456,0.05
1682,231,321,105.12488604844393,1.1190209265781608,0.05
1683,231,505,105.05734986981516,6.593750553005425,0.05
1684,231,254,333.4870990933623,17.428755601948403,0.15
1685,231,552,206.35457345364802,0.5349774116666897,0.1
1686,231,550,321.81082871163403,22.407995220099558,0.1
1687,231,373,116.14614719895843,12.449560757211518,0.05
1688,231,13,307.01270946977064,-0.6719605585087933,0.15
1689,232,169,246.48935524829014,12.499590388804844,0.1
1690,233,369,334.86659149141957,-18.717511276287055,0.2
1691,233,261,341.29618743454796,-21.178571884817785,0.2
1692,233,260,503.31920956817066,25.603591913634112,0.15
1693,233,410,298.7166262146207,7.946707305701246,0.1
1694,233,129,292.99742803865934,8.754760607731857,0.15
1695,233,114,297.6531350620877,11.981127012417517,0.15
1696,233,25,415.0085092136964,-21.03222361794552,0.2
1697,233,27,329.81648755822994,32.01362575237284,0.1
1698,233,116,122.35757434466838,13.127854571046342,0.05
1699,233,196,448.90025973449855,0.683938960174796,0.2
1700,233,283,296.6474329862633,-4.689113402747347,0.15
1701,233,414,105.425799301975,0.6968890948621214,0.05
1702,233,588,289.68554706482394,0.3078344129647608,0.15
1703,233,438,180.40613643882853,21.1729731977117,0.05
1704,234,504,190.72988808468915,1.0958467857795622,0.1
1705,234,55,240.67518172874964,-31.33632274068754,0.2
1706,234,516,203.53987239047686,31.57477390253971,0.05
1707,234,29,265.59797178801085,28.80796583738617,0.1
1708,234,231,351.13196057328923,4.551662505242096,0.15
1709,234,212,516.1146834392226,44.5513790385452,0.15
1710,234,118,376.1790749410386,-27.6867387588442,0.2
1711,235,158,251.9012111308881,-4.284207773822396,0.15
1712,235,150,419.4719367349457,24.94143734698911,0.15
1713,235,511,505.32857874103604,-3.1154131888445846,0.2
1714,235,401,307.5456649039976,30.257416225999403,0.1
1715,235,523,368.8926002635302,-27.655209960470444,0.2
1716,236,331,460.15371992065013,32.038218984130005,0.15
1717,236,7,260.536572380676,27.231770803539103,0.05
1718,236,186,445.6137702533219,45.84604256333047,0.1
1719,236,382,314.48514557072434,-10.568728164391336,0.2
1720,236,425,365.7354939166637,22.97612378333274,0.15
1721,237,248,275.8914753532761,5.338070070655203,0.15
1722,237,425,243.682695677011,41.81787919815099,0.05
1723,237,502,294.5924441326853,-22.549233380097206,0.2
1724,237,196,475.4910164630291,4.672552469454384,0.2
1725,237,170,229.4295683904746,28.18111091601305,0.05
1726,238,185,85.99076490153571,10.071080335302472,0.05
1727,238,588,163.9542098136346,-7.194127123637967,0.15
1728,238,169,75.19523307247903,4.525787125098574,0.05
1729,238,171,86.03063178292581,7.72085847052999,0.05
1730,238,62,181.9642092690461,-18.63457534907507,0.2
1731,238,227,233.62056289833228,-22.896830528740225,0.2
1732,239,207,262.74670000341257,-12.624294999488102,0.2
1733,239,175,298.8975915459275,-15.795561268110855,0.2
1734,239,190,847.392991452051,11.272048717807692,0.2
1735,239,438,325.8109381111515,2.7946470796794856,0.15
1736,239,336,273.73325750694414,-8.282116584292304,0.15
1737,239,418,233.76119116635715,10.718941086902952,0.1
1738,239,387,425.93506028637785,-14.6719409570433,0.2
1739,239,364,267.63374817350524,13.048658298709118,0.1
1740,239,98,228.9242580227172,-16.379161296592407,0.2
1741,239,12,170.9968015431425,5.47593363777986,0.1
1742,240,398,163.88599679177076,19.094157338928024,0.05
1743,240,171,119.35574539876004,12.880577508585535,0.05
1744,240,155,331.0022656807052,-14.376860147894202,0.2
1745,240,254,222.8707068806658,22.192011629773198,0.1
1746,240,420,188.83364646988687,13.160091781599618,0.1
1747,240,111,166.79121944263204,20.553879105866493,0.05
1748,240,497,318.00549438007897,10.239425887558472,0.15
1749,240,8,345.5446117246174,1.3965172028285515,0.15
1750,240,196,146.13153492042522,22.193922223085426,0.05
1751,240,299,278.6914579607802,-3.612156433644726,0.15
1752,240,81,281.5082545141856,13.95637789282133,0.1
1753,240,301,299.1545999455887,-0.6332780366830377,0.15
1754,240,438,274.19232270284084,0.3463786981245036,0.15
1755,241,57,225.39784162305926,26.91414582748245,0.05
1756,241,422,278.8869395148763,48.52467921061659,0.05
1757,241,542,348.8515463441089,0.44500926882175484,0.15
1758,241,418,337.1090262158073,21.06795655395184,0.1
1759,241,27,357.17358509506334,37.42294627376584,0.1
1760,241,148,222.19627644579774,25.130257952627122,0.05
1761,241,527,576.249370920686,-0.5308943618970758,0.2
1762,241,196,480.030901758144,4.2585352637216225,0.2
1763,241,171,376.67919128976104,9.64886325795219,0.15
1764,241,250,299.99469067524836,-14.734311864950339,0.15
1765,241,158,241.9791037347764,9.296075933694105,0.1
1766,241,456,296.0722468116048,2.0854617029012115,0.1
1767,241,70,394.20693428310784,-24.976359857533808,0.2
1768,241,67,219.33272512191246,12.091378036923079,0.05
1769,242,557,435.1176159453373,-20.180957608199385,0.2
1770,242,105,157.59046089326273,9.206505849476567,0.05
1771,242,202,382.34836093106765,38.03776440341746,0.1
1772,242,469,201.21425649894735,21.773676064646104,0.05
1773,242,290,167.4226172541399,10.615609146010907,0.05
1774,242,542,328.31631261308837,-3.662037477382361,0.15
1775,242,217,514.1593238662675,45.024914773253485,0.15
1776,242,74,320.69894530527915,-1.6139359389441736,0.15
1777,243,126,489.8497286918853,42.73369573837704,0.15
1778,243,26,409.4276276506275,-20.502355852405845,0.2
1779,243,43,300.0469393981371,-5.102059090279425,0.2
1780,244,284,215.2148770240288,11.651034902852928,0.1
1781,245,150,88.5763349552801,0.32193379224381147,0.1
1782,245,575,154.28839188288453,-15.235081113883027,0.2
1783,246,465,199.40891003330893,32.59725616592071,0.05
1784,246,74,333.27045478948696,-20.39953178157694,0.2
1785,246,479,167.94266103137,8.084627612844127,0.05
1786,246,417,441.41438474386183,17.905701948772336,0.15
1787,246,449,301.795261262012,-22.493310810698176,0.2
1788,246,567,129.06053217582826,-1.0642381595365684,0.05
1789,247,501,250.0254606701747,11.442500687819326,0.1
1790,247,153,136.84441044351885,9.754276045305396,0.05
1791,247,500,182.76845285274823,24.42313046507262,0.05
1792,247,405,255.76012233716247,-13.819381649425624,0.2
1793,247,240,290.0321069867621,-12.162328602647593,0.15
1794,247,337,134.39111494760476,6.469578863344852,0.05
1795,247,212,260.29259052363443,51.729541075749886,0.05
1796,247,422,373.96986514195083,21.355398028390148,0.15
1797,247,441,280.56163859754,15.519101982771833,0.1
1798,247,242,460.5672914363411,14.466833287268205,0.15
1799,247,349,323.47893043504973,-14.473188912990068,0.15
1800,248,390,304.4337350776073,-8.297061417600979,0.2
1801,248,228,136.8607384054866,-5.42864567509045,0.1
1802,248,47,301.26142577294416,-25.318661794400338,0.2
1803,248,359,218.94453238702533,-11.969202505715462,0.15
1804,248,426,115.97481011642506,16.22556546700644,0.05
1805,248,163,99.81204742745373,6.4142398825875055,0.05
1806,248,493,157.4320514796324,26.671831824034562,0.05
1807,249,137,168.41378625959334,23.00172180330261,0.05
1808,250,311,65.49478414452666,-0.892956625184893,0.05
1809,250,444,87.43457881252456,4.750668025419916,0.05
1810,250,270,88.8704823575276,6.708429033288617,0.05
1811,251,574,326.5153731228935,17.079624624578678,0.15
1812,251,345,202.4513180799018,20.240443547408645,0.05
1813,251,147,455.4545207108887,-3.6300218933666812,0.2
1814,251,166,369.83152182289274,-31.213471726566063,0.2
1815,251,525,291.57055093863215,-35.89451735920517,0.2
1816,251,179,297.72509821715255,-14.551635267427105,0.2
1817,251,379,414.2920434513259,-14.046593482301091,0.2
1818,251,371,209.8550139546877,18.889472693005278,0.05
1819,251,219,246.75041398543,44.03668618493057,0.05
1820,251,331,438.33558683497006,25.484592366993986,0.15
1821,252,128,370.2410439764101,-3.0824434035384733,0.2
1822,252,533,222.74082936350732,9.611507132554419,0.1
1823,252,1,371.950087821874,-0.5598868267188806,0.2
1824,252,580,185.4964623221785,2.5395851657351276,0.1
1825,252,282,267.6984132485751,-13.575038012713716,0.2
1826,252,86,343.65591749141583,-5.267412376287616,0.2
1827,252,38,331.4633120555078,24.259699978157812,0.1
1828,252,38,434.28757863986084,8.028215727972132,0.15
1829,252,52,266.7921021184049,-17.118684682239262,0.2
1830,253,533,287.2691069131431,-2.838392259267952,0.15
1831,254,424,364.48624135789436,22.656898271578854,0.15
1832,254,424,378.75542852202057,-0.6302857216969038,0.2
1833,254,121,392.4971944691672,70.20841248917571,0.05
1834,254,464,152.30407926464966,13.89306144947199,0.05
1835,254,275,306.62248284979796,-17.05682843004041,0.15
1836,254,230,230.88176480053335,27.922144624337342,0.05
1837,254,116,254.89921137081376,-8.840618294377924,0.2
1838,254,140,321.39060089215025,14.808620178430026,0.15
1839,254,199,282.1534400431001,27.97391001077502,0.1
1840,254,23,422.90547161633174,-19.033679257550222,0.2
1841,255,98,184.04642008689154,8.137795140048436,0.1
1842,256,385,416.9230183343552,-14.423450803065755,0.2
1843,256,405,225.7837705744649,-15.82394917144569,0.2
1844,256,555,327.19222802587296,-30.002527102211058,0.2
1845,256,230,103.76895016510078,9.252774387972437,0.05
1846,256,282,83.89922105426197,8.119706342211348,0.05
1847,256,501,92.56399196536024,6.892091839246028,0.05
1848,256,492,140.04845147285556,22.626598389362165,0.05
1849,256,572,208.89958917741922,-2.2739966757665186,0.15
1850,256,581,128.07250991074756,16.386952134057957,0.05
1851,256,254,206.75698841254263,18.418660175188457,0.1
1852,256,103,105.81679018374,12.882167384386797,0.05
1853,256,241,357.8276515418783,-23.00227067554909,0.2
1854,256,73,114.73585034418048,6.647013088668849,0.05
1855,256,309,266.37187255855554,7.6182372057398275,0.15
1856,257,571,160.01153013120006,20.021048207564682,0.05
1857,257,243,221.88888897500834,12.272340444420347,0.1
1858,257,165,316.051170218587,-33.814265912711875,0.2
1859,257,68,116.78552115489245,6.876553129370496,0.05
1860,257,230,187.5591866944104,7.225707488749634,0.1
1861,257,430,217.14367282059624,-20.243842350667933,0.15
1862,257,279,340.5998264083954,6.133398858585572,0.15
1863,257,324,285.0768597159522,26.72542679574577,0.1
1864,257,92,244.93834297739238,24.004949665834147,0.1
1865,257,569,98.41865050212074,3.915296012719214,0.05
1866,257,30,306.94374312257173,15.08887217216244,0.15
1867,257,361,267.7134534037396,2.9764056962858234,0.15
1868,257,224,328.66273106599454,-30.265525667043697,0.2
1869,258,537,319.4197175796294,38.072656617802096,0.1
1870,258,550,485.5655657293067,-17.47596514060398,0.2
1871,258,460,447.1793161949319,-8.196302570760206,0.2
1872,258,513,326.067617451209,33.748498434419616,0.1
1873,258,374,104.58708196899623,8.798933027945989,0.05
1874,258,563,173.18372727953405,0.37288394980329365,0.1
1875,258,232,106.31554345703124,6.381656064784739,0.05
1876,258,126,463.14512727795704,7.454769091693592,0.2
1877,258,524,204.90026747674835,-44.71605987848774,0.2
1878,258,128,366.2232623504164,-4.780110647437525,0.2
1879,259,370,312.0666521704272,4.426263042606797,0.1
1880,259,446,485.81402568333885,-13.468796147499157,0.2
1881,259,504,161.61026019406552,12.09818859101837,0.05
1882,259,557,249.96102603354748,30.201211550118863,0.05
1883,259,571,293.8214740376722,43.12146519038881,0.05
1884,259,152,278.55572018232147,0.06119403646427202,0.15
1885,259,432,285.07943680619326,-2.224090798451697,0.1
1886,259,290,343.90151073788115,-30.104473389317818,0.2
1887,259,264,311.4573453324765,30.703336333119125,0.1
1888,259,444,342.76439548353164,-3.575020903293691,0.15
1889,260,209,362.0106448322104,-3.753703275168423,0.2
1890,260,131,363.0196777338665,-15.13444833992001,0.2
1891,260,295,172.0025191273908,18.965754597173348,0.05
1892,260,336,298.55765545904035,-24.566851681143937,0.2
1893,260,350,284.98730862244724,-21.424138275510554,0.15
1894,260,71,456.22907500910003,6.284215001819984,0.15
1895,260,461,376.2652875798134,24.146160993873718,0.1
1896,260,418,308.6153568058495,18.288575056646852,0.1
1897,260,540,390.272495573286,-17.740925664007097,0.2
1898,260,396,209.65785368596434,22.17040682066823,0.05
1899,260,303,344.6734810036644,32.04969434965445,0.1
1900,260,431,325.2000292484392,-13.020694150312181,0.15
1901,260,28,173.256797821498,22.59644212981786,0.05
1902,261,203,122.62682166990321,12.568660303111763,0.05
1903,262,374,185.40203010567552,19.590798800511163,0.05
1904,262,473,317.5245110752146,12.307627768803652,0.1
1905,262,43,290.4723794605504,13.081250892110067,0.15
1906,262,468,356.1498319961992,17.211307999049808,0.1
1907,262,100,368.28452668697173,41.88158167174295,0.1
1908,262,361,242.68128878656307,34.67802934379998,0.05
1909,262,135,163.89991005862709,6.5681072023232066,0.05
1910,262,28,363.3656307221396,-6.40385539167905,0.2
1911,262,527,520.8325048152732,57.21007620381832,0.1
1912,263,120,359.91511389852656,-28.94083291522101,0.2
1913,263,511,350.3389391262371,33.505104539438896,0.1
1914,263,290,325.58637380758216,-32.85174392886266,0.2
1915,264,299,163.9671633760126,4.031177952194216,0.1
1916,264,145,275.53061887980664,0.2612754451367074,0.15
1917,264,279,342.0098455828023,-17.31026427864768,0.2
1918,264,240,184.7110124471677,-14.355510630761847,0.15
1919,264,215,195.0223795401608,18.690741693637083,0.1
1920,264,379,250.40613045559297,-2.8866825772402223,0.15
1921,264,558,238.2616323124578,-34.65946533848462,0.2
1922,264,431,152.2398770735872,-4.941401070188306,0.1
1923,264,568,152.6290300238232,-3.0881108729513613,0.1
1924,264,434,115.27034680116427,-7.720779033050871,0.1
1925,265,337,283.1196098977935,4.9614024744483824,0.1
1926,265,67,212.52497072289646,11.477379598899827,0.05
1927,265,157,200.30158692801146,22.58768772460202,0.05
1928,265,11,362.81974245943337,-5.441738631084981,0.2
1929,265,373,223.17871878274562,27.597956376477743,0.05
1930,265,581,449.62372241072575,-2.9917416383911224,0.2
1931,265,453,233.8389052911072,-40.686764206333905,0.2
1932,265,258,301.4736546825403,22.68726367063508,0.1
1933,265,164,347.0175673405183,2.7402634681036595,0.15
1934,265,541,253.9287479856514,29.912322950124278,0.05
1935,265,225,478.26713636401865,-15.971229545397183,0.2
1936,265,540,399.1460023734064,9.010650474681253,0.15
1937,266,484,185.31562984017864,-6.078505386640523,0.1
1938,266,398,312.7649167713637,21.516839224320453,0.1
1939,266,17,123.53683407233082,18.769401656917374,0.05
1940,266,306,273.64229748268093,1.1372749203513983,0.15
1941,266,268,316.5124536296288,-11.15263195555567,0.2
1942,266,415,220.27654534769562,20.83524546392336,0.1
1943,267,102,187.25683439049686,11.615435270467124,0.1
1944,267,392,258.825721803698,-33.448496504735175,0.2
1945,267,355,272.0903960437807,-10.365145895395749,0.2
1946,267,327,270.24355481897675,-2.5039460098973247,0.15
1947,267,396,383.7539378787201,-27.04231417628889,0.2
1948,268,2,449.72295305379316,38.698940610758605,0.15
1949,268,524,230.8246963158814,-28.476285736823733,0.15
1950,268,121,657.2741703144853,10.374725547172822,0.2
1951,268,253,361.1198366422094,16.418609160552343,0.1
1952,268,111,577.506223927906,-2.363866410814076,0.2
1953,268,52,246.3487551544494,30.19631029114278,0.05
1954,268,473,332.610137602765,16.079034400691253,0.1
1955,268,333,523.5414039944026,11.402810599160418,0.2
1956,268,362,376.46113109337927,42.27774347018854,0.05
1957,268,300,280.6761060376942,29.279717154987715,0.05
1958,268,368,391.00567866482163,36.73041966620541,0.1
1959,269,488,366.05415865593613,24.84628175305216,0.15
1960,269,337,213.1289052934314,-16.398579725932912,0.15
1961,269,420,179.3699519824104,11.967534638454172,0.1
1962,269,362,130.76408877992208,10.222345157678784,0.05
1963,269,175,228.31223100035135,-0.9421698946558301,0.15
1964,269,272,431.00609605761326,-2.1381055395299846,0.2
1965,269,230,186.15941526226408,6.427852922635218,0.1
1966,269,418,187.4551884543448,6.26283641003274,0.1
1967,269,279,250.87042553643775,17.794371153999286,0.1
1968,269,420,241.67774251841522,4.975999047638581,0.15
1969,269,13,111.17743662008066,10.324623209400063,0.05
1970,269,69,347.3463658706227,-2.763881340161614,0.15
1971,269,56,212.24959009606923,10.630036444021584,0.1
1972,269,194,121.74453927649265,15.996787942799461,0.05
1973,270,465,414.6081518115461,0.8562227717319217,0.2
1974,270,318,290.33219758190427,0.370789516380837,0.15
1975,270,287,489.2005563786472,33.64946127572943,0.15
1976,270,103,264.0826021634135,39.27731583690511,0.05
1977,271,331,455.9592261181317,31.199320223626323,0.15
1978,271,135,249.10858948190526,-13.977657103618963,0.15
1979,271,401,335.3174794738882,-5.219378078916749,0.2
1980,271,344,257.42807666423613,28.058468207329604,0.05
1981,271,52,267.2077730301006,17.391693257525148,0.1
1982,271,161,190.35798213756283,14.701658555209441,0.05
1983,272,566,262.44840225983137,-38.331439661025286,0.2
1984,272,179,288.3607199848635,-15.956292002270468,0.2
1985,272,584,368.01247425872833,8.657869851745648,0.15
1986,272,120,287.75626681502354,9.387208503567784,0.1
1987,272,213,373.3361440868487,-7.725921182630268,0.15
1988,273,128,308.7707263192164,11.405559455692416,0.15
1989,273,436,277.9469222883756,9.096033233367997,0.15
1990,273,369,113.68716583200151,9.657614060747694,0.05
1991,273,38,371.6996601906808,4.166040138660197,0.15
1992,273,108,246.44646305461586,-7.763652966434709,0.15
1993,273,271,114.26703200750055,9.959541541732836,0.05
1994,273,585,301.938157152931,27.8279186788657,0.1
1995,274,403,254.12766417155422,24.034886021434065,0.1
1996,274,290,143.81382097832986,7.704529098970362,0.05
1997,274,580,110.4822008456945,7.0649432297295505,0.05
1998,274,426,350.02576251878446,-5.667235622182314,0.2
1999,274,485,127.33535312197996,3.6153933287275883,0.05
2000,274,242,468.3737282393503,-14.12244076409743,0.2
2001,274,344,290.8738998058727,12.90396845036446,0.1
2002,274,306,308.72254273977876,2.837458547955748,0.15
2003,274,322,259.87039593003755,-25.31104581399249,0.15
2004,274,258,132.69563431330306,15.380654489534063,0.05
2005,274,25,392.85726586263763,1.0890781725275076,0.15
2006,274,125,279.5979387088827,-9.02880919366758,0.2
2007,274,308,325.20411089756186,-4.8017528204876445,0.15
2008,275,557,429.63897051442086,-21.002754422836855,0.2
2009,275,16,352.01079230775946,30.84231662248743,0.1
2010,275,484,137.61491515870125,3.8410852879084327,0.05
2011,275,241,190.00074699865058,21.001328546239595,0.05
2012,275,431,274.5839179975536,0.8279992846516997,0.1
2013,275,373,264.0483064884878,17.235633329528564,0.1
2014,275,110,222.88557727541328,-5.184713410075797,0.1
2015,275,553,346.37422025051933,-6.166480949896146,0.15
2016,275,518,334.33933289248404,25.210853972932057,0.1
2017,275,294,308.82803819911607,-1.4736673601768118,0.15
2018,275,363,151.1631173765618,6.906797174423275,0.05
2019,275,349,276.5506629635069,1.3297907514905205,0.1
2020,276,445,149.84400983610155,-30.505658427656964,0.2
2021,276,358,111.33939370589306,13.128906868966638,0.05
2022,276,413,232.8811015267008,-19.687463945077813,0.2
2023,276,142,162.85706887493222,-9.954421950535764,0.15
2024,276,23,85.61965534222169,5.305459772661749,0.05
2025,276,579,119.16119032755304,1.166264866593412,0.1
2026,277,92,166.6739450569175,12.016945133115634,0.1
2027,277,179,109.93147172676478,1.2657534579096925,0.1
2028,277,446,101.59602567873955,9.39874327596958,0.05
2029,277,483,162.54497111652756,-8.431871012410932,0.15
2030,277,374,59.3492713757599,2.8492229080123685,0.05
2031,277,340,59.91712465363756,-0.9404696853837988,0.05
2032,277,158,92.2506048757954,-2.48922192896685,0.1
2033,277,278,58.95923074044998,0.7639171413191228,0.05
2034,277,558,194.6323708644792,-31.464239143968904,0.2
2035,277,374,103.28035150939787,-0.873740755574044,0.1
2036,277,352,102.31545663044017,2.1632857830018324,0.1
2037,277,482,150.45341224805173,-9.833182786106093,0.15
2038,278,567,184.79638750400636,0.2545086783668684,0.05
2039,278,414,204.37702900537215,-4.3305427486569705,0.1
2040,278,399,448.45009516318953,51.58407379079739,0.1
2041,278,143,269.9510644427073,32.981170893586196,0.05
2042,278,143,355.68246882242977,26.957767205607457,0.1
2043,278,443,323.88697127592843,14.175592818982103,0.1
2044,278,142,321.00446071892105,18.17976517973027,0.1
2045,278,343,436.6915612446658,35.92654031116648,0.1
2046,279,542,332.81718575961344,-3.856862848077329,0.15
2047,280,430,277.08957312361235,-20.917785375277546,0.15
2048,280,341,301.2745135660563,-33.222322965091536,0.2
2049,280,574,322.81939028440104,-4.477291457339831,0.2
2050,280,113,161.85497004613762,15.411415063549612,0.05
2051,281,513,478.1499591633452,59.04018979083631,0.1
2052,281,170,235.480185566019,28.276167112642607,0.05
2053,281,157,203.07080441524434,22.988173398047493,0.05
2054,281,345,267.9396875459462,29.32066747340884,0.05
2055,281,331,314.67736073070915,56.623584007512136,0.05
2056,281,462,370.0278709715683,20.091767742892078,0.1
2057,281,416,281.39421905908523,25.62030476477131,0.1
2058,281,167,360.8050198276747,-6.593446034465074,0.15
2059,281,527,524.5165960815223,59.22609902038057,0.1
2060,281,139,479.23796922806685,69.83674230701672,0.1
2061,281,235,210.9695035897834,7.803075897445847,0.1
2062,281,63,287.7119255454759,-16.203639890904842,0.15
2063,282,353,194.47648348567685,15.80622048319865,0.1
2064,282,387,148.79461323105232,17.62264344886522,0.05
2065,282,580,204.76566595208936,-10.003040667599347,0.15
2066,282,63,93.9700364088624,0.32417995042376635,0.05
2067,282,493,459.1345861941253,4.074987929118805,0.2
2068,282,176,269.28417612594035,-11.373490595021122,0.15
2069,282,432,283.0996596464015,-38.35575105303977,0.2
2070,282,379,137.49057677286882,15.30254497841674,0.05
2071,282,26,130.60946886538727,10.9152221250603,0.05
2072,282,580,204.76566595208936,-10.003040667599347,0.15
2073,282,355,173.66278870445842,10.882897641024954,0.1
2074,283,404,314.8961182895991,12.074973657919802,0.15
2075,283,160,381.8563274606642,-19.731450880900347,0.2
2076,283,148,298.36899853355885,19.206049633389707,0.1
2077,283,558,201.59137607872626,11.894792370077148,0.05
2078,283,112,345.727797669339,13.807649417334758,0.1
2079,283,22,213.82277552146803,19.60665102639784,0.05
2080,283,418,346.50952837599147,3.4543556751982862,0.15
2081,283,512,230.44852213242592,28.810297745151793,0.05
2082,283,65,383.8379427061051,-25.015708594084224,0.2
2083,283,389,376.2569937126763,23.621748742535253,0.15
2084,283,209,347.1922379319463,38.878009482986585,0.1
2085,283,27,350.4808055392048,35.749751384801215,0.1
2086,283,370,206.4279569110049,12.96615770779232,0.05
2087,283,340,268.37794707361275,-1.6950132315968123,0.1
2088,284,379,392.44305421674426,8.045210843348826,0.15
2089,284,266,435.0392589361229,52.542977016362684,0.1
2090,284,332,226.13445419237104,39.91629859317189,0.05
2091,284,186,208.12878450928991,29.152946324888624,0.05
2092,284,311,255.15304483422983,-34.80054327486552,0.2
2093,284,66,138.66033224206035,5.760031262435328,0.05
2094,284,42,266.0942822411949,27.57815077728833,0.1
2095,284,228,110.0920413331013,2.8888484972401773,0.05
2096,284,446,216.12091031169658,28.849665103461632,0.05
2097,285,77,214.77430783011073,-29.93836612029185,0.2
2098,285,585,267.62078026642905,24.135019478674636,0.1
2099,285,427,335.08032380775904,16.86853566387773,0.15
2100,285,318,84.3369260259518,5.587424644929818,0.05
2101,285,339,222.38937332467003,-16.830762192624682,0.15
2102,285,185,317.5739891576562,-8.502651196808618,0.2
2103,285,184,273.34982352096824,-14.322899062368485,0.2
2104,285,77,131.0305530289773,-4.643068343280033,0.1
2105,285,49,319.5701167126235,12.229759524560578,0.15
2106,285,318,84.3369260259518,5.587424644929818,0.05
2107,286,117,284.45320179038646,27.96105044759661,0.1
2108,286,239,142.26519717907988,4.210628819035353,0.05
2109,286,400,149.11933711367715,13.13196954931524,0.05
2110,286,344,360.966742547416,19.755585636854015,0.1
2111,286,40,420.68250886801684,-18.57342366979746,0.2
2112,286,39,603.5769598377979,-1.271256024330306,0.2
2113,286,410,177.04219569044068,12.51186807264531,0.05
2114,286,472,186.34708851843592,-5.993327870391016,0.1
2115,286,489,318.13381404376435,-7.82012789343533,0.2
2116,286,141,310.01981328271853,-22.5161280075922,0.2
2117,286,368,389.7969575840358,-13.348456362394613,0.2
2118,286,454,113.750064489501,-6.509030212889532,0.05
2119,286,438,190.08177898065009,23.30892738617454,0.05
2120,287,229,339.55377951534837,-18.395933072697733,0.2
2121,288,144,209.49275084417627,-26.04113176894422,0.2
2122,288,98,99.91689644658383,0.7403262817098017,0.1
2123,288,82,88.59161130422719,2.8682093811871994,0.05
2124,288,355,201.22842491905448,-12.571403119132059,0.2
2125,289,516,552.0515721858154,34.99208943716307,0.15
2126,290,34,234.58917718284982,20.983810469075795,0.05
2127,290,254,410.58630660816556,4.006945991224846,0.2
2128,290,229,221.1766336922197,24.880063826125642,0.05
2129,290,324,548.7692777537909,3.7720916630686787,0.2
2130,290,371,417.25967535295456,-23.9479486970568,0.2
2131,290,138,392.5303010797241,12.651385215944785,0.15
2132,291,59,435.77933037023246,-1.5007004444651066,0.2
2133,291,414,223.3445898071696,-29.927111528924566,0.2
2134,291,224,358.6045708377359,16.877592709433973,0.1
2135,291,526,507.42323473734143,-7.142314789398771,0.2
2136,291,247,322.4674607046245,48.31858191109769,0.05
2137,291,362,307.1471675523742,32.5647536264399,0.05
2138,291,548,251.84845237124642,25.748782481449012,0.05
2139,291,358,559.2546223873799,1.9634933581069802,0.2
2140,291,330,264.48695554622475,14.91398888655619,0.1
2141,292,150,387.2582624771548,18.498702495430948,0.15
2142,292,224,343.6172674659216,-10.265971506815685,0.15
2143,292,296,295.799217771699,-0.9163064456602203,0.15
2144,292,186,440.28799465310595,-12.307200802034089,0.2
2145,292,175,219.16705810269167,13.800714209536654,0.1
2146,292,339,292.9641886896699,-15.46016226206602,0.15
2147,292,130,369.2096876916952,-3.2456468462457124,0.2
2148,292,122,291.78156950434084,-26.61016457434888,0.2
2149,292,414,195.0634210996039,-19.319115780079237,0.15
2150,292,371,381.4274816494731,-29.322777752579015,0.2
2151,292,28,137.1105715594755,17.64015468140221,0.05
2152,293,529,252.42659919130637,-33.957810121304036,0.2
2153,293,361,342.243231171315,-13.027215324302736,0.2
2154,293,153,177.56869611100475,1.3656024594682012,0.1
2155,293,323,307.076351445484,-36.84454728317738,0.2
2156,294,481,165.04578603714987,-10.397447206946918,0.15
2157,294,310,246.95745664379683,-13.046494780715378,0.2
2158,294,526,117.09760449502355,12.376975286707253,0.05
2159,295,397,370.2777490524195,-3.4249501895161067,0.15
2160,295,524,202.12753304199362,-8.003215087401934,0.05
2161,295,535,456.54211679202524,39.79757335840503,0.15
2162,295,399,429.7831527813614,75.88012083440839,0.05
2163,295,172,507.2517576782427,95.43055230347277,0.05
2164,295,52,319.6290355839375,-9.193144662409367,0.2
2165,295,41,349.1190520917291,43.706413022932274,0.1
2166,295,406,361.2231242154238,40.66638105385596,0.1
2167,295,50,353.092413860479,-3.251237920928146,0.2
2168,295,301,365.6892102650243,51.42738807950726,0.05
2169,295,63,289.67727215754553,2.6011680393863834,0.1
2170,295,139,569.3634562818601,21.667018442279023,0.2
2171,295,33,247.74288030460608,9.471989091381815,0.05
2172,295,121,674.3346407333969,15.123796110009557,0.2
2173,296,541,355.2010197920156,1.2022789584031024,0.15
2174,296,474,323.5059932385763,17.850892692673707,0.1
2175,296,269,352.72011904293896,2.1277238085877848,0.15
2176,296,460,452.7514203262663,21.824084065253246,0.15
2177,296,418,304.94527405210846,15.832239901481294,0.1
2178,296,140,157.15424231531875,22.654925471154982,0.05
2179,296,187,438.9033262495388,14.88101524990774,0.15
2180,296,323,287.8135170828889,1.5493647535062998,0.1
2181,297,493,520.9850276309677,13.352554144645175,0.2
2182,297,90,411.23621401664695,-19.649467897502944,0.2
2183,297,451,327.67924573323586,17.736111433308988,0.1
2184,297,526,503.83945747903886,-7.679881378144149,0.2
2185,297,261,363.94762537181083,-19.970856194228354,0.2
2186,297,485,290.1099813691696,0.8810453422923974,0.1
2187,298,43,272.4732260654216,7.291420213084308,0.15
2188,298,207,216.70045898907483,16.06689494731402,0.1
2189,298,168,114.37085154432881,-1.2727278848782402,0.05
2190,298,188,273.9308998246217,2.0575841559117407,0.1
2191,298,378,359.45038934781974,-19.814841597827023,0.2
2192,298,333,454.71437222368354,1.078755833552563,0.2
2193,298,275,134.5546467764178,3.2734944931050975,0.05
2194,298,275,287.21761409133194,-23.127802181733628,0.15
2195,298,110,259.5165525230225,-22.060364495395515,0.15
2196,298,41,331.53301741332876,-2.2161473880006746,0.2
2197,298,470,265.0880964403636,-23.498885533945455,0.2
2198,298,491,234.64057127172038,16.995515129054397,0.1
2199,298,588,235.90435722158006,12.061058455493438,0.1
2200,299,170,375.0182159261258,-10.661867611081117,0.2
2201,299,533,346.21287379398285,-13.188768930902562,0.2
2202,299,190,757.5244095226566,155.80538806129252,0.05
2203,299,331,384.3677430532126,71.12986432162447,0.05
2204,299,288,494.16496380185185,16.51229276037036,0.15
2205,299,431,287.4014963686156,20.59219834316864,0.05
2206,299,10,449.28021788673345,57.96710447168337,0.1
2207,299,577,457.75250652527,11.530675978790512,0.2
2208,299,333,466.92637062511665,62.58869265627918,0.1
2209,300,492,411.17313042729194,54.14005474000057,0.1
2210,300,444,308.0661267725285,12.452718016954641,0.1
2211,300,407,238.12618884433198,16.15838177729452,0.1
2212,300,370,328.9565037683444,-33.465924434748324,0.2
2213,300,532,147.28293392995363,13.439500776026708,0.05
2214,300,37,314.1504876862475,11.384872537249493,0.15
2215,300,351,410.838805213448,-26.3862792179828,0.2
2216,300,29,392.03415422246,0.8864231333690213,0.2
2217,300,100,338.42955883015907,38.36911501594191,0.1
2218,301,137,470.2350620447887,-4.893540693281675,0.2
2219,301,508,251.0242737748215,39.143917787433466,0.05
2220,301,73,263.75396431678894,24.262771975197882,0.05
2221,301,250,203.06561551412136,7.675655214718741,0.05
2222,301,371,385.43147820290596,19.80871955072649,0.1
2223,301,325,291.371236274228,43.17918921142143,0.05
2224,301,417,463.61089891899854,22.34500478379969,0.15
2225,301,344,267.59090572587246,29.49832190126812,0.05
2226,301,529,274.0063389962439,-13.274532200751235,0.15
2227,301,15,167.9548032034479,8.168910929812741,0.05
2228,301,94,461.40020436894827,3.137130655342272,0.2
2229,301,36,305.2923585681715,-8.085746214774264,0.2
2230,302,575,464.4225883152276,10.47118824728416,0.2
2231,302,365,399.64640149796406,30.47500037449101,0.1
2232,302,306,326.72618483703764,6.438186967407525,0.15
2233,302,443,330.1753096289834,-5.3679630742033355,0.15
2234,302,100,381.7419649599949,23.02246799199896,0.15
2235,302,409,259.1850121196981,-3.3825969700754634,0.1
2236,302,263,394.2910918109676,47.99527295274189,0.1
2237,303,566,274.9278466098115,-21.14425567803772,0.15
2238,303,401,325.03856880955135,15.029713761910248,0.15
2239,303,313,318.4558795222292,-9.01182409555417,0.15
2240,303,532,286.4724107177646,15.609152679441149,0.1
2241,303,73,368.73400976518315,16.37665244129579,0.1
2242,304,102,248.49140382670453,37.07697263805841,0.05
2243,304,369,328.9369283647228,21.5534820911807,0.1
2244,304,81,366.4194149613979,50.25420294863551,0.05
2245,304,82,363.1772185552771,14.115654638819283,0.1
2246,304,343,330.4551289287795,44.605550209344145,0.05
2247,304,325,411.56863945311295,40.69185986327825,0.1
2248,304,368,416.85875294445316,-9.289187058332008,0.2
2249,304,544,431.327384755691,-13.825192286646342,0.2
2250,304,301,381.3953719301385,30.54709298253463,0.1
2251,304,586,213.8039563514572,22.75180453759737,0.05
2252,304,311,280.444361091069,-33.19684583633965,0.2
2253,304,12,261.69297423961683,0.9797698479233503,0.15
2254,304,5,322.7275955763567,56.88944728902687,0.05
2255,304,412,348.6244998532443,4.903724970648842,0.15
2256,305,214,368.25824463061224,16.34366387287264,0.1
2257,305,342,341.99435917088107,16.621138409903097,0.1
2258,305,508,329.85936542237425,30.193671865287552,0.1
2259,305,510,345.27121606862596,24.750816400577932,0.1
2260,305,207,141.01968096013104,18.10568625654458,0.05
2261,305,564,207.1072934753796,29.117801780415455,0.05
2262,305,513,448.9048798521703,51.68670893080727,0.1
2263,305,486,281.07423903948825,-0.2577342751506855,0.1
2264,305,284,380.4801218469314,10.674549369386256,0.15
2265,305,189,378.1572566591657,-28.52331150112513,0.2
2266,305,202,420.0423401470644,17.974243029412847,0.15
2267,305,439,231.76612302703708,13.983086740520221,0.1
2268,305,150,377.2879874535752,42.056268228880356,0.1
2269,306,377,126.08871064607627,12.542765643670933,0.05
2270,306,51,500.7165280358142,6.1405995629122145,0.2
2271,307,381,209.24070635383174,33.224382953454565,0.05
2272,307,132,195.69968037108964,2.5786576766542932,0.1
2273,307,104,303.2580878991064,-12.756486815134032,0.2
2274,307,292,112.52000395425488,13.949818963709944,0.05
2275,307,563,249.93393680109114,-27.147209479836327,0.2
2276,307,182,280.8929314978214,-13.505353417875492,0.15
2277,307,243,388.7309199723589,-16.881962004146146,0.2
2278,308,421,218.6030201562703,32.697416222334404,0.05
2279,308,390,349.7842155462203,-1.7632676680669341,0.2
2280,308,337,284.0329092525817,2.9997273131454314,0.1
2281,308,567,264.358587957216,-37.957411806417596,0.2
2282,308,557,465.74284975700675,-15.587172536448985,0.2
2283,308,405,277.27786638405746,-10.591720042391369,0.2
2284,308,587,254.29601515781258,36.48553702939946,0.05
2285,308,231,374.26917283822576,32.168043209556444,0.1
2286,308,417,320.1509484438705,49.26538846907117,0.05
2287,309,260,219.13571962118198,32.6719557379118,0.05
2288,309,41,328.71965039388056,-2.6381524409178994,0.2
2289,309,2,311.93532464941745,37.165299170877255,0.1
2290,309,533,301.1867431284429,-19.942688530733548,0.2
2291,309,72,470.10789958893554,-21.767415061659666,0.2
2292,309,184,133.15210854785536,16.85459867571184,0.05
2293,309,97,290.1718442255929,-11.631023366161052,0.2
2294,310,128,387.80162925635267,23.208475851270517,0.15
2295,310,347,333.05421041327065,17.24480260331767,0.1
2296,310,320,373.4751581116078,-9.846626283258825,0.2
2297,310,140,319.7234302471594,13.38018604943187,0.15
2298,310,461,442.07780874575707,-17.92702868813642,0.2
2299,311,91,157.838120011143,7.143423294307006,0.1
2300,311,300,273.6132575550708,-25.92028954532327,0.2
2301,311,105,95.7804804490617,3.42130104749425,0.05
2302,311,130,273.9301513015596,9.743411576718568,0.15
2303,311,412,101.82661313289081,8.744727812334581,0.05
2304,311,124,381.5015660805808,11.42962196924357,0.15
2305,311,539,234.87417014680233,-20.689773535576776,0.2
2306,311,322,83.0470815484874,-1.968995257084016,0.05
2307,311,44,290.72962529683076,-5.92602939933675,0.2
2308,311,354,274.13381889810205,-9.392467134501745,0.2
2309,311,92,237.43259313048247,22.843791574141882,0.1
2310,312,193,369.7300812288948,-7.759987815665763,0.2
2311,312,229,112.58008832136612,9.300265418815169,0.05
2312,313,175,238.0885629360771,16.86075820511327,0.1
2313,313,526,460.108842124754,-14.239473681286885,0.2
2314,313,298,302.0918600693942,-0.8956529861211759,0.15
2315,313,205,135.74188139062124,13.120966433567997,0.05
2316,313,13,154.84329540593546,15.622826700047312,0.05
2317,313,504,215.197530006291,2.6207611670474815,0.1
2318,314,119,260.29726462917154,28.352988400483184,0.05
2319,314,582,418.43966326893735,-8.464550509659377,0.2
2320,314,348,346.90758026303786,-10.132833947392445,0.15
2321,315,403,147.83200265902724,21.56551222029214,0.05
2322,315,363,144.08449245702553,6.294256516949101,0.05
2323,315,146,295.78080786213957,-7.319363427572095,0.15
2324,315,296,245.39804948785314,13.007036068015598,0.1
2325,315,519,264.4750604958119,-22.5819409256282,0.2
2326,315,507,247.57605633551657,17.53797216145303,0.1
2327,315,573,311.4148513100823,6.636845262016468,0.15
2328,315,145,429.84273042824907,12.481271085649787,0.15
2329,315,370,145.0085899360081,7.125725073301528,0.05
2330,315,413,169.4401543484286,20.96294063279165,0.05
2331,315,246,380.39157126138656,5.999939252277297,0.15
2332,315,61,192.18827649403164,-12.034069701193681,0.15
2333,315,136,322.4606428765637,0.6497035753127172,0.15
2334,316,492,442.07394839617274,30.427839679234516,0.15
2335,316,294,260.92626941230395,11.833470995583866,0.1
2336,316,573,312.96991081066494,8.042857162132972,0.15
2337,316,270,346.3787164937531,-18.68049252593702,0.2
2338,316,462,173.40173671622634,15.133439604614853,0.05
2339,317,171,362.3479951515077,8.972624030301517,0.15
2340,318,344,222.6541031168311,6.681260019966249,0.1
2341,318,311,243.7273759872163,-37.609393601917546,0.2
2342,318,207,257.4677112777707,-12.321143308334374,0.2
2343,319,556,352.46221828236395,-26.18876725764541,0.2
2344,319,223,271.9850370487692,-1.1097907378076952,0.1
2345,319,508,357.88858120124587,37.34724530031147,0.1
2346,319,570,401.51556030012995,5.600762060025982,0.15
2347,319,572,230.64744946434718,29.332062234591064,0.05
2348,319,186,500.5744118660355,-4.359238220094657,0.2
2349,319,257,318.8792539690484,9.199825793809673,0.15
2350,319,203,358.56229709322696,9.460109418645374,0.15
2351,319,307,405.26649943715285,-15.360725084427063,0.2
2352,319,296,248.5641410832926,29.22922478705127,0.05
2353,320,132,215.28380466334357,-23.86804938835311,0.2
2354,320,566,123.2156902161161,-8.87344447176408,0.1
2355,321,150,144.26937227993113,21.019490360472176,0.05
2356,321,166,346.8650891550001,-33.563436626749976,0.2
2357,321,102,315.7974982058801,-11.857575269117973,0.2
2358,321,212,533.5326303120218,10.505394546803288,0.2
2359,322,269,238.76650768894558,29.95662930416183,0.05
2360,322,26,394.89200914612445,2.521276829224881,0.15
2361,322,390,315.9078978936488,33.910824473412205,0.1
2362,323,419,467.4580118708255,21.657552374165075,0.15
2363,323,352,288.8934431093442,-7.242083533598354,0.2
2364,323,161,274.329019361061,8.213504840265266,0.1
2365,323,29,378.89114723468845,47.79083680867211,0.1
2366,323,354,319.204974508193,15.409269901638584,0.15
2367,323,419,467.4580118708255,20.562552374165076,0.15
2368,324,378,319.7356805382566,-1.234308588164584,0.15
2369,324,539,174.17686897508855,4.279475793899671,0.1
2370,324,138,368.3657203173488,-16.014441952397675,0.2
2371,324,91,283.1901297940308,-14.891380530895374,0.2
2372,325,314,306.12044888619675,15.259376593123253,0.1
2373,326,1,369.0156116284827,23.93222232569652,0.15
2374,326,415,339.5402627185867,17.488302543717328,0.15
2375,326,169,306.887878815788,-2.372899236842416,0.15
2376,326,445,115.41521517447396,0.017824449663256914,0.05
2377,326,315,120.21082663997416,12.174626200653202,0.05
2378,327,197,338.06264120200655,33.093560300501636,0.1
2379,328,343,184.58037438906462,21.245844261856853,0.05
2380,328,404,230.3356026765619,18.652651347930743,0.1
2381,328,263,302.43769378846616,33.75618912017445,0.1
2382,328,150,399.7855172426235,-4.75637241360646,0.2
2383,328,331,186.57138041978527,30.45624579382668,0.05
2384,329,181,263.81271199230326,-33.10099320115451,0.2
2385,329,412,162.6806147932171,17.31520213585113,0.05
2386,329,397,324.08596138021863,-11.568307723956273,0.15
2387,329,23,193.5389764101659,20.028643320872273,0.05
2388,329,371,191.59412168640864,17.18405784346803,0.05
2389,329,375,140.75994110677948,6.998355885519242,0.05
2390,330,117,303.74856536355406,-6.067215195466879,0.2
2391,330,391,200.72804569114447,34.26845917913968,0.05
2392,330,331,229.9404176191469,38.61351933632504,0.05
2393,330,444,315.7869081475411,10.990831277314378,0.1
2394,330,12,129.35207159155425,12.032583792332229,0.05
2395,330,80,363.84609127451205,-8.192556745097598,0.15
2396,330,81,493.563425726694,-19.857386140995878,0.2
2397,330,312,384.1580140210857,27.179453921519762,0.1
2398,330,195,356.623948759794,36.63824695699623,0.1
2399,331,328,159.23081248084853,15.316138081882034,0.05
2400,331,586,138.49716260204204,13.257303067436808,0.05
2401,331,3,178.947811337133,29.758576913535123,0.05
2402,331,34,340.7483931012443,-8.968571379751147,0.15
2403,331,376,358.58086912382606,24.81805788483438,0.1
2404,331,557,432.7133183101869,-22.731602253471948,0.2
2405,331,371,190.97100203145027,17.104383686679444,0.05
2406,331,437,322.23578561499573,26.471286775054793,0.1
2407,331,545,280.7357840430071,-12.837043191398607,0.15
2408,331,400,238.68184836888582,8.919546119693642,0.1
2409,331,540,334.13929739944024,22.529383234569565,0.1
2410,331,208,473.31940789129055,69.09448957402302,0.1
2411,331,561,98.25329034610809,-7.808391146454518,0.05
2412,332,462,209.76333224267827,4.671421687284209,0.1
2413,332,458,199.32746830559552,9.024166056354254,0.1
2414,332,320,264.5731396902712,0.8024531939358184,0.15
2415,332,174,292.2115228464674,-13.960514082445828,0.2
2416,332,196,406.5160801288609,-4.42461387372315,0.2
2417,332,240,95.42220943130891,3.429367402900567,0.05
2418,332,262,233.5570482877443,-16.20583499926138,0.2
2419,332,403,304.43964055786756,-9.737529472728909,0.2
2420,332,135,135.39978359219361,-6.425959270693773,0.1
2421,332,422,215.76827144429996,20.342567282706298,0.1
2422,332,450,176.9656076139362,3.09248080246552,0.1
2423,332,202,391.5508075919949,-11.90548864865843,0.2
2424,333,355,218.08755488215485,17.995771237637946,0.1
2425,333,406,330.66766354228747,13.786132708457483,0.15
2426,333,573,136.82017566774482,16.786766713150435,0.05
2427,333,352,202.81891974176324,13.878278540794884,0.1
2428,334,437,220.88945202863198,-2.284726778509249,0.15
2429,334,516,231.65732285593626,17.029492226782452,0.1
2430,334,193,171.51750673352893,11.147617863584188,0.1
2431,334,422,170.65892402444848,13.584612428240519,0.1
2432,334,181,66.51477552600561,-0.3294816083606289,0.05
2433,334,18,237.7801660168234,7.4307750607761704,0.15
2434,334,232,70.56474555181323,2.705305958147349,0.05
2435,334,19,117.0689568641653,12.036129192581342,0.05
2436,334,130,224.88285074380477,4.8096627301724375,0.15
2437,334,494,237.0133190923691,-18.875391846719975,0.2
2438,335,517,448.3046789047441,-7.043398164288362,0.2
2439,335,265,505.1492139256849,33.30054278513695,0.15
2440,335,68,402.5139906625923,-24.056801400611143,0.2
2441,335,389,403.13875865917925,3.5984137988769014,0.2
2442,335,90,281.48673232356015,31.530334708278197,0.05
2443,335,541,394.9591038115572,-15.7304344282664,0.2
2444,335,225,484.0414083095132,-14.010088753573,0.2
2445,335,109,274.5518931462685,-23.892616028059713,0.2
2446,336,430,76.20180391975832,-0.1990936098340539,0.05
2447,336,225,116.4415172835025,10.449518300412542,0.05
2448,336,60,132.24049401069263,3.6217563375174713,0.1
2449,336,186,337.1984064768846,-18.20888164114566,0.2
2450,336,473,242.08541892339142,-26.734441855817096,0.2
2451,336,9,100.07093918689226,7.292118739968515,0.05
2452,336,410,201.07378663135137,-13.497971580178872,0.15
2453,336,533,140.10603956144922,2.1751189430780897,0.1
2454,336,497,304.1388347326782,-13.80826130941342,0.2
2455,336,423,95.46266769726734,12.512481630157588,0.05
2456,337,55,266.7420583320881,-26.33129125018677,0.2
2457,337,59,393.8236049180302,42.932301229507544,0.1
2458,338,527,505.9357899966403,21.751482999328047,0.15
2459,338,35,269.3353607459195,-13.062295888112066,0.2
2460,338,184,303.8507371853752,-11.421489422193718,0.2
2461,338,128,369.4790509094113,-4.291742363588291,0.2
2462,338,475,314.9022041112103,-26.74266938331844,0.2
2463,338,162,237.6918429928957,-15.492256401420876,0.15
2464,338,500,158.92773393584758,20.37421497862773,0.05
2465,338,168,181.44967619608045,-11.225106229606467,0.1
2466,339,29,119.57989127264759,17.922368781688746,0.05
2467,339,530,284.29571734210793,1.12776835019406,0.15
2468,339,581,304.0575644089688,5.572947163631913,0.15
2469,339,200,99.43631070761676,12.956475748655205,0.05
2470,339,322,197.16247744737205,-22.73804542921289,0.15
2471,339,565,230.91239825866694,-16.380613716890974,0.15
2472,339,285,264.7458107865263,-0.8859826108921673,0.15
2473,339,57,276.2808329909708,-22.07739352781524,0.2
2474,340,404,314.75427664923734,13.141605329847444,0.15
2475,340,250,292.8034342688222,-16.172563146235586,0.15
2476,340,30,433.17123181425495,3.547984772138264,0.2
2477,340,11,355.23109518085175,-6.580035722872223,0.2
2478,340,369,348.2014192926565,-16.717287106101512,0.2
2479,341,190,506.67601556555894,97.60327264680342,0.05
2480,341,587,368.1884901724677,-12.198626474129824,0.2
2481,341,222,337.1061595309683,-31.498376070354748,0.2
2482,341,228,247.45191935414908,-28.917812096877626,0.2
2483,341,37,320.85102153080743,12.724979306161483,0.15
2484,341,217,525.4530816102833,47.28366632205663,0.15
2485,341,368,381.61752410763995,9.904004821527977,0.15
2486,341,567,244.815576616798,-25.18483467664042,0.15
2487,341,64,281.9364254353632,-17.540239912927373,0.15
2488,341,279,456.7693496734331,18.85419493468661,0.15
2489,341,389,354.9167903916379,41.24729759790947,0.1
2490,342,577,167.66218940567086,28.32515493615277,0.05
2491,342,391,369.0055639706805,20.362462794136086,0.15
2492,342,76,314.4365707492717,-2.9680358501456823,0.15
2493,343,420,315.2909600713007,-8.226555989304892,0.2
2494,343,198,289.1654785307148,11.322559539525606,0.15
2495,343,376,374.06168127106054,2.0229489645904053,0.15
2496,343,261,225.11476826178233,7.387919772238046,0.1
2497,343,236,257.95844787566796,-10.5018461818273,0.15
2498,343,19,308.7704502367563,22.347597894746286,0.1
2499,343,102,298.00202081688695,6.809374280179952,0.15
2500,343,92,427.3318548109236,-1.6666217783614456,0.2
2501,343,146,116.57139695009869,8.010028387176725,0.05
2502,343,37,121.59443838599964,15.928920666350088,0.05
2503,343,276,275.5895496770411,-40.543767548443824,0.2
2504,343,303,254.44704679675695,20.101093426878656,0.1
2505,343,432,112.80746456746357,2.5537232693942187,0.05
2506,344,246,288.50822257388916,18.203148395927364,0.1
2507,344,63,202.50159436081486,-6.776130645271866,0.1
2508,344,176,328.19969198214443,-29.19304620267832,0.2
2509,344,375,118.87383929283958,4.058060534554798,0.05
2510,344,327,145.9999522721875,15.534739063284093,0.05
2511,344,70,265.6629133415088,6.219801524753599,0.1
2512,344,568,325.17695917350943,-33.80765612397358,0.2
2513,344,431,324.3478667459981,-34.103019988100286,0.2
2514,345,584,280.52964687194157,1.4405264180284263,0.15
2515,345,174,98.9178789500261,10.858436865170425,0.05
2516,345,108,269.74020092891476,-24.700416814776545,0.2
2517,345,582,123.57607430407457,14.058212536806426,0.05
2518,345,558,233.0810890605717,-17.359170045387597,0.15
2519,345,29,211.14219229042288,20.3477366057757,0.1
2520,345,134,187.03702409397988,-16.50582180992545,0.15
2521,345,534,415.04189462943606,3.6581602838636016,0.2
2522,345,585,366.38493528659455,13.637209100959033,0.15
2523,345,58,185.65926540329968,8.271726815866636,0.1
2524,345,492,335.0718643970288,18.034495738783313,0.15
2525,346,321,306.8013310002872,-17.765733799942566,0.15
2526,346,479,353.3470043267764,-30.22804935098353,0.2
2527,347,397,361.70869074659964,-4.043761850680083,0.15
2528,347,481,287.56822751032985,14.903656877582467,0.1
2529,347,313,315.10559017993614,11.522397544984031,0.1
2530,347,33,296.1514422015566,-33.64878366976649,0.2
2531,347,179,262.1642640658524,32.83514684581803,0.05
2532,347,318,314.666570612526,-14.402414408121091,0.2
2533,347,117,325.82031650532474,18.868188301064936,0.15
2534,348,487,417.6533132183987,58.23292830459967,0.1
2535,348,317,265.6822351232432,42.23813279527433,0.05
2536,348,523,345.4072810279573,12.036470256989336,0.1
2537,348,399,497.03290345332755,2.3642355179991625,0.2
2538,348,159,354.4216263523557,-0.9353247295288689,0.15
2539,348,558,249.17958828185098,16.559048789835384,0.05
2540,349,136,331.66264968696123,23.817112421740312,0.1
2541,349,566,262.79748988792414,-4.481577528018961,0.1
2542,349,421,222.75711119360363,33.43959769369189,0.05
2543,349,289,210.66767060863504,9.773371450022825,0.05
2544,349,298,328.0437692637837,5.389728852756722,0.15
2545,349,224,358.0201778536993,17.82649446342483,0.1
2546,349,324,536.5370404069454,36.05198308138905,0.15
2547,349,306,335.61747875137286,8.21644575027457,0.15
2548,349,545,312.57482070897504,-27.27097689365374,0.2
2549,349,481,292.5310779969466,-0.26568440061069865,0.15
2550,349,310,342.36821069632924,37.26865267408232,0.1
2551,349,589,363.9153604941882,12.854297098837613,0.15
2552,350,383,300.25732186799735,4.654339373599459,0.15
2553,350,327,355.47681722690857,-17.297177415963702,0.2
2554,350,60,254.18800800156998,15.165622469185877,0.1
2555,350,74,319.84963167827595,-1.7837986643448165,0.15
2556,350,578,313.7184114867671,1.242382297353398,0.15
2557,350,225,220.12576529817596,25.618525899216934,0.05
2558,350,67,150.32755206357496,6.149214230131168,0.05
2559,350,318,269.51498715248545,-3.7926525695029296,0.15
2560,351,417,445.2390148786546,17.5756279757309,0.15
2561,351,274,258.1604780087259,-26.217104398254826,0.15
2562,351,298,313.01518910126026,2.3840128202520248,0.15
2563,352,72,517.4708669703379,-14.662969954449308,0.2
2564,352,328,234.8310262380933,26.58046183910468,0.05
2565,353,169,271.0580517022987,12.968313240592998,0.1
2566,353,98,229.77785402274742,-3.609479195450514,0.15
2567,353,568,323.5208944605672,-13.173521107886586,0.15
2568,353,112,305.3440172788403,11.268427985400944,0.1
2569,353,19,395.9488224059948,31.32392409903793,0.1
2570,353,44,159.5307318417586,25.589285217516753,0.05
2571,354,141,182.64955135218543,3.0344510621778547,0.1
2572,354,248,91.65005387932202,8.087416471647941,0.05
2573,354,303,229.39005490063536,17.583604017062406,0.1
2574,354,252,296.4040878522906,-37.03698682215639,0.2
2575,354,516,425.9576957754283,17.742489424477085,0.15
2576,354,477,244.77193016896948,1.580427091048282,0.15
2577,355,96,260.9192845979006,11.886007769027184,0.1
2578,355,459,360.08250680844765,-16.248323978732856,0.2
2579,355,62,99.89420913424183,8.784520918087424,0.05
2580,355,312,271.48263204049704,14.687102320788544,0.1
2581,355,94,158.58148499986947,24.218777183292474,0.05
2582,355,395,125.61789953037042,7.131963523360252,0.05
2583,355,196,288.81779862249203,30.28124317386504,0.1
2584,355,113,347.00404740784205,-3.7231861855379034,0.15
2585,356,534,233.3375915044232,25.71238767498427,0.1
2586,356,379,333.18483169214517,-19.609189860290943,0.2
2587,356,500,196.34677509807824,10.177607530774988,0.1
2588,356,65,245.8719258763487,-13.162117203682914,0.15
2589,356,333,230.07747404842146,21.789519172843,0.1
2590,356,116,68.33662407467533,6.27200034813081,0.05
2591,356,380,257.29498574034113,-22.380675134476007,0.2
2592,356,530,112.07398767328287,12.292398717990217,0.05
2593,356,50,86.44933603904225,9.013391057398465,0.05
2594,357,303,379.14837676283366,-9.92804348557493,0.2
2595,357,100,363.97828221121824,19.46973144224362,0.15
2596,357,390,265.5251978005271,25.78651142070884,0.1
2597,357,470,219.32863729500974,7.050888729785548,0.1
2598,357,440,278.61108378455293,-13.945537432317053,0.2
2599,357,329,386.6629659311552,-7.651555110326692,0.2
2600,358,43,269.9296331305411,8.972701626108204,0.15
2601,359,459,419.244332045932,-7.374050193110191,0.2
2602,359,381,542.2623331949097,69.95858329872745,0.1
2603,359,337,241.50546911354894,16.822299505557503,0.05
2604,359,391,324.8772411717698,58.90885243430632,0.05
2605,359,217,588.6704788421382,21.965371826320755,0.2
2606,359,316,269.137555078356,20.834538769588995,0.1
2607,359,21,450.69433896217794,-13.968649155673294,0.2
2608,359,417,375.6990492545407,60.45492877841579,0.05
2609,359,543,182.91849776051367,0.5869849890569805,0.05
2610,359,472,198.5923151805547,-4.027021204861325,0.1
2611,359,306,345.294743398467,10.151898679693389,0.15
2612,359,315,285.86145726170287,-10.482881410744552,0.2
2613,360,319,362.226904025306,-13.721864396204097,0.2
2614,360,101,316.5809054360584,-10.441064184591227,0.2
2615,360,35,284.71156670428763,-10.755864994356841,0.2
2616,360,130,362.1327804003937,42.633845100098426,0.1
2617,360,6,481.5851632326344,16.21145764652685,0.15
2618,360,287,444.42302629734877,52.402856574337214,0.1
2619,360,79,414.8437716702512,31.342692917562818,0.1
2620,360,89,337.43136005987606,12.399440014969016,0.1
2621,360,471,507.0138626464163,2.279479396962472,0.2
2622,361,52,131.84857501425455,13.464972138219208,0.05
2623,361,191,259.8522441231763,18.782757957222646,0.1
2624,361,323,275.8962433525896,0.9037342484406974,0.1
2625,361,355,284.1384354528209,9.22733709056416,0.15
2626,361,550,488.705047513241,14.539209502648205,0.15
2627,361,156,408.18753020242195,-7.194570469636684,0.2
2628,361,352,232.7212359923053,18.405944233339792,0.1
2629,361,186,452.8907069560145,-10.416793956597818,0.2
2630,361,142,155.81328737732292,14.533824514468709,0.05
2631,361,317,163.7901496270449,23.582796306359235,0.05
2632,361,47,274.54158492708723,11.46949514933388,0.1
2633,362,360,280.8667350944154,8.001564103839662,0.15
2634,362,225,289.25870284466714,-25.926937908888444,0.2
2635,362,430,189.29704344702736,-33.239880162037394,0.2
2636,362,231,87.06559262443952,7.838975873116535,0.05
2637,362,279,182.5429184154717,8.083962146633056,0.1
2638,362,511,189.0193023044697,11.136558799995385,0.1
2639,362,432,159.52719111660042,-18.389631335420425,0.15
2640,362,263,264.73785448699755,-10.90015206806623,0.2
2641,362,488,113.48387484478678,18.09465702455153,0.05
2642,362,191,162.60057690443173,-4.636214577680965,0.15
2643,362,370,74.7544947174284,1.0482631089618497,0.05
2644,362,420,130.51643867904423,6.894244625145205,0.1
2645,362,193,155.19661697795766,9.44454368042171,0.1
2646,362,417,102.78844382924412,10.548040513621014,0.05
2647,363,530,395.7637985532301,14.781809710646002,0.15
2648,363,193,375.37070757248966,41.610426893122415,0.1
2649,363,406,363.11896490631926,-2.77755526405209,0.2
2650,363,505,179.32884719525083,15.086061261072068,0.05
2651,364,20,297.1100970167925,34.295758540756545,0.05
2652,364,253,374.3156052451776,-3.984103950964487,0.15
2653,364,485,312.54747744103696,-15.490079511792624,0.15
2654,364,180,339.4621785344843,-9.092073219827357,0.2
2655,364,239,211.48609692297978,8.459446359947613,0.05
2656,364,362,419.28622966300617,25.26905741575152,0.1
2657,364,95,472.4107495685872,13.992649913717429,0.15
2658,364,57,250.94314713620787,30.783224704405434,0.05
2659,365,365,274.38380503541623,15.292021320093781,0.1
2660,365,210,165.75696716170597,27.97294028727989,0.05
2661,365,499,326.19050813900725,6.659780194028041,0.15
2662,365,438,316.01814791488994,2.143003674206607,0.15
2663,365,412,125.53081304818166,12.03956367545807,0.05
2664,365,584,254.57267877493888,17.716635733733316,0.1
2665,365,532,280.93214275182413,-22.10687858722637,0.2
2666,366,178,285.9733287525894,19.17968218814736,0.1
2667,366,589,331.51042961689524,27.891957404223817,0.1
2668,366,429,385.61507780876383,47.951419452190954,0.1
2669,366,489,317.82073142585074,-10.05709028612237,0.2
2670,366,558,301.8928711939217,2.4930177984804285,0.1
2671,366,443,175.07511835471144,13.917638252004362,0.05
2672,366,319,358.6934440777284,-12.061883388340732,0.2
2673,366,459,355.03346073347154,29.085415183367886,0.1
2674,366,496,356.5759545771815,35.38183864429537,0.1
2675,366,587,363.1476951366358,-10.764745729504615,0.2
2676,366,449,293.2838683732117,-4.907326325357666,0.15
2677,367,71,386.811917289377,-26.11963363503257,0.2
2678,367,106,234.85216694022057,-11.615647664298384,0.15
2679,367,381,366.1344497886246,12.378405937909164,0.15
2680,367,153,148.87771064960106,-0.48913851835988176,0.1
2681,367,55,126.13942039431082,-4.734990332655526,0.1
2682,367,10,301.6854666642323,11.458386071281133,0.15
2683,367,134,129.6293375019486,-4.742894053853753,0.1
2684,367,31,154.6777913953281,8.721252717198073,0.1
2685,367,107,148.3286374745429,-17.910685240622634,0.15
2686,367,250,239.73117877253497,-35.75759699910397,0.2
2687,367,92,302.37963478817204,11.586476410533514,0.15
2688,368,337,104.75194478696129,-5.870105936289562,0.1
2689,368,366,141.627560375278,3.652402854960531,0.1
2690,368,178,146.84897412448626,-6.383616412103013,0.15
2691,368,180,180.71009140313498,-17.744260075331532,0.2
2692,369,8,405.6973814137185,32.19877959482909,0.1
2693,369,403,326.1114010106749,14.478530202134973,0.15
2694,369,565,163.58189640023397,8.441023265788669,0.05
2695,369,471,498.24625253190334,-0.1306621202144811,0.2
2696,369,246,400.59600013650345,-15.585099979524463,0.2
2697,369,219,466.4179791175868,4.0129968676380265,0.2
2698,369,397,171.27098259137807,11.380604494493653,0.05
2699,369,437,340.95826545714675,28.83730808143593,0.1
2700,369,441,310.5989124414008,17.559607024139744,0.1
2701,369,406,178.2776055111189,26.621990912217473,0.05
2702,369,561,103.77081529444669,-9.224515637267967,0.05
2703,369,464,226.42188093220938,-16.429717860168584,0.2
2704,370,52,181.68923284371402,20.580197964754603,0.05
2705,370,498,358.07842091103106,13.648159182206197,0.15
2706,370,523,229.69060058132345,18.259734359402007,0.05
2707,370,413,389.912842198464,12.213393439692773,0.15
2708,371,79,428.46790460088226,6.085705920176423,0.15
2709,371,94,422.8894628948268,25.664617578965363,0.15
2710,371,205,165.32277355861868,17.219345723233864,0.05
2711,372,260,314.51025486633426,50.757124343368176,0.05
2712,372,535,428.9951779809294,7.03667669713942,0.2
2713,372,169,319.67957538954465,2.375440077908916,0.15
2714,372,570,365.32917617884647,21.98619404471163,0.1
2715,372,261,206.7660865268287,21.651535629097708,0.05
2716,372,472,205.31949161176297,-26.240676258235553,0.2
2717,372,400,278.49419158025455,-2.684861683949107,0.15
2718,373,493,173.08430250562023,30.056062676863682,0.05
2719,373,417,381.5989283075035,8.739619516267584,0.15
2720,373,69,295.98395782889753,16.405308275004867,0.1
2721,373,126,171.85509158618947,30.772837234787318,0.05
2722,373,181,165.72761403811927,-5.657098479712278,0.1
2723,373,277,250.32528455505732,-10.576772201954197,0.15
2724,373,399,432.05277842159455,-9.572783236760806,0.2
2725,373,266,454.42671312619416,25.435875947883694,0.15
2726,373,32,243.41228177786002,-13.807857733320992,0.2
2727,374,284,371.0708572987901,8.792696459757998,0.15
2728,375,487,158.43563455765957,27.05955653523206,0.05
2729,375,529,100.49100695106547,2.3137634242184504,0.05
2730,375,133,152.1539387380247,-7.961088463283243,0.1
2731,375,525,191.11975915164072,-6.278803500938177,0.1
2732,376,342,197.91722453365304,19.027890638679402,0.05
2733,376,216,399.0108123648791,27.146962472975783,0.15
2734,376,209,353.75037928806336,19.95240085761266,0.15
2735,376,580,252.14781851180703,-8.265611297638609,0.15
2736,376,401,320.3034412296293,-6.376483815555597,0.2
2737,376,503,279.13933167241237,-25.903200249138138,0.2
2738,376,502,271.3793578411499,-8.574603431770038,0.15
2739,376,92,419.7142595142068,50.590664878551706,0.1
2740,376,278,277.82395412910887,-27.954706880633648,0.2
2741,377,382,296.2359313102518,-14.401110303462218,0.2
2742,377,566,261.6222646936397,-21.61537206127208,0.15
2743,377,466,133.69170202247034,14.082597477208257,0.05
2744,377,589,355.0647077763133,-13.802193833552991,0.2
2745,377,20,345.3887456574552,18.921361783539304,0.1
2746,377,38,426.2138722581101,34.95037984764206,0.1
2747,377,368,356.482390484996,27.670585079546985,0.1
2748,377,274,255.78446283771763,-26.692307432456484,0.15
2749,378,507,71.25704989637298,6.108553360235518,0.05
2750,378,116,94.14568842855324,1.0462599158511168,0.1
2751,378,336,66.96308112328146,2.6414740578501554,0.05
2752,378,289,185.7169158082433,-32.37703601877469,0.2
2753,378,118,88.02635984837644,4.917044388508543,0.05
2754,378,461,164.26226909584148,2.581620343682463,0.1
2755,378,587,80.66212329116675,7.271856836307286,0.05
2756,378,219,295.65080281295786,-9.537938900440931,0.2
2757,379,258,304.2268551999582,-14.62887172000626,0.2
2758,379,245,361.2370505164823,3.062285103296457,0.15
2759,379,121,464.27677407533326,53.734200082743875,0.1
2760,379,191,138.05379673274257,16.334422432961755,0.05
2761,379,409,265.5706639004563,-35.91750041493155,0.2
2762,380,553,360.62183990609384,-26.410424014085898,0.2
2763,380,106,172.0764966548411,13.316661857600902,0.05
2764,380,136,167.84833383575892,17.025837805836126,0.05
2765,380,50,294.95107328060357,5.948239656120698,0.15
2766,380,177,322.18237585581153,15.270370225437066,0.1
2767,380,431,295.03989923778647,4.018414128050784,0.1
2768,380,17,337.81378306588266,19.40523161317651,0.15
2769,380,56,377.7913366503792,5.780042330075826,0.15
2770,380,501,304.6840044462039,-21.761299333069402,0.2
2771,381,191,306.29008847212106,7.137017694424209,0.15
2772,381,64,284.62249105545106,-18.09802678890979,0.15
2773,382,278,265.4983245618397,-29.80355131572402,0.2
2774,382,532,276.5371262782385,-4.820399744352316,0.15
2775,382,274,185.40325242792875,-11.614485296625574,0.1
2776,382,56,376.54665579375614,-19.858101630936563,0.2
2777,382,37,129.76934218430657,16.858594608622496,0.05
2778,382,105,223.27848828106278,1.1422766031165956,0.1
2779,382,199,280.75477075062526,-9.698484387406209,0.2
2780,382,351,396.52123545401724,-28.533914681897404,0.2
2781,382,350,117.62189391561503,1.8999254924917874,0.05
2782,382,221,469.4026220161333,2.1681933024200077,0.2
2783,382,21,391.9839063673975,-21.68021404489036,0.2
2784,382,103,246.67461299220616,19.825052837769583,0.1
2785,383,475,232.16852810048533,21.90824202690041,0.05
2786,383,325,447.627971371714,-5.674604294242883,0.2
2787,383,106,247.08629910841904,21.438854019520672,0.05
2788,383,180,318.0019571126422,5.729241422528418,0.15
2789,383,50,216.8443129271588,30.445548818619365,0.05
2790,383,39,583.2691249646755,70.72798124116886,0.1
2791,383,487,300.05740510125645,57.472107162555375,0.05
2792,384,166,339.3871170840901,33.433652632439845,0.05
2793,384,542,346.0649953912656,21.93744884781639,0.1
2794,384,553,369.0952872735401,20.799871818385036,0.1
2795,384,70,399.7724743475994,-0.09490513048013582,0.15
2796,384,283,282.94112368181925,32.16296096447416,0.05
2797,384,469,438.3978810360937,10.297551207218717,0.15
2798,385,128,371.3354804454741,18.820246089094805,0.15
2799,385,339,156.77665408479,8.556737174452532,0.05
2800,385,60,147.00504460407,16.51036771520152,0.05
2801,385,517,209.351234630345,27.840590592502153,0.05
2802,385,310,339.14857047446947,14.60931409489389,0.15
2803,386,327,343.5904140006988,-19.08013789989517,0.2
2804,386,105,296.54428000343364,-13.477993999313284,0.15
2805,386,117,291.2629021361889,-7.940064679571652,0.2
2806,386,157,201.02028463990402,7.758696768679993,0.1
2807,386,266,505.7317040944283,29.111290818885635,0.15
2808,386,184,218.76995466857784,16.860420665990027,0.1
2809,387,213,403.0080074211374,-2.8865485157725335,0.15
2810,387,532,287.04317963750293,14.656844909375732,0.1
2811,387,22,364.27408196508134,-22.171187705237788,0.2
2812,387,122,213.62254305593703,18.752130710053766,0.05
2813,388,393,162.62771711227674,-2.5567579123741373,0.1
2814,388,349,185.2550338735693,-2.6330272202133305,0.1
2815,389,201,238.75939801773055,23.78548336642321,0.1
2816,389,55,100.10754242034734,2.5619948925700484,0.05
2817,390,393,296.1340532197416,-9.581064356051701,0.15
2818,391,305,162.4618786101887,15.562759059593054,0.05
2819,391,504,268.96825622095787,8.164714055239457,0.1
2820,391,409,279.8822340832479,-32.675764887512806,0.2
2821,391,557,416.0105999130959,30.757049978273976,0.1
2822,391,284,373.26920110615964,33.370450276539906,0.1
2823,392,479,356.57844494036124,-29.7433332589458,0.2
2824,392,194,324.6313404810056,54.87356752286085,0.05
2825,392,20,373.8492708837853,24.192517720946334,0.1
2826,392,53,291.59683873795257,45.40552611393196,0.05
2827,392,96,405.1731295903753,30.533782397593832,0.1
2828,392,412,372.28439369817045,-12.58864094527442,0.2
2829,392,414,220.01347150930604,-14.329105698138807,0.15
2830,392,456,335.5217919772783,-31.180331203408247,0.2
2831,392,325,345.8767697584373,52.92696605720708,0.05
2832,392,41,279.5641598907623,49.725820936632154,0.05
2833,392,493,516.8651531836698,43.21708063673395,0.15
2834,392,577,338.67192647324845,64.42813388715285,0.05
2835,392,228,256.07691119770794,-12.53171776045843,0.15
2836,393,379,391.73089081239266,7.902778162478512,0.15
2837,393,408,295.4681536365094,-13.42021927269813,0.15
2838,393,429,391.92685850181084,24.183146700362144,0.15
2839,394,289,89.3894469771516,0.8598045709597377,0.05
2840,394,477,163.1902442138858,8.587245883505357,0.1
2841,394,53,254.5681930309019,3.3483179116314368,0.15
2842,394,364,284.99960002039376,-4.966778609804122,0.15
2843,394,196,137.04489047448413,20.010360110930197,0.05
2844,394,192,191.7377724233333,12.097540071517052,0.1
2845,394,512,112.38723891239046,10.818044905877905,0.05
2846,394,119,303.0573726558356,-5.847562071635078,0.15
2847,394,341,225.02614101060732,-16.844476640902336,0.15
2848,394,41,181.18375076587705,16.206771385388897,0.1
2849,394,46,117.41322834173216,11.50177522571925,0.05
2850,395,309,366.5752485977193,42.682662149429824,0.1
2851,395,320,368.53544921528055,12.81231484305609,0.15
2852,395,318,274.5690516853146,13.758362921328644,0.1
2853,395,210,479.82303481367984,11.351955222051991,0.2
2854,395,118,424.3040063201588,-20.46799905197616,0.2
2855,395,10,439.06977136303624,55.41449284075907,0.1
2856,395,108,317.1340866993678,-0.20508266012645748,0.15
2857,395,168,276.8517995369839,-36.7884300694524,0.2
2858,396,324,464.5351305238615,83.8264601456917,0.05
2859,396,498,380.5710439564336,15.956683791286704,0.15
2860,396,201,302.8645075120153,53.22286010350999,0.05
2861,396,524,217.26445400533697,-16.230236498665757,0.1
2862,396,156,417.5363091453871,47.49162728634677,0.1
2863,396,551,486.0576902591188,-14.174646461132163,0.2
2864,396,135,276.56518295561574,-25.744722556657628,0.2
2865,396,329,443.3952355580831,0.8582853337124732,0.2
2866,396,583,356.15183325757863,54.727948653317085,0.05
2867,397,47,325.7514425043047,-20.945183624354286,0.2
2868,397,445,248.95825849524067,-34.10116122571388,0.2
2869,397,311,252.80247824568602,-21.07112935086281,0.15
2870,397,504,274.58934472399255,-8.10435605520151,0.15
2871,397,583,388.9268896087477,12.331877921749513,0.15
2872,397,135,226.6227346627909,-3.0445622027480224,0.1
2873,397,407,247.60769762981658,16.14248196956737,0.1
2874,397,406,351.85501896762895,-4.467147154855642,0.2
2875,397,3,343.059961294863,41.00876245185361,0.1
2876,397,285,358.66541931659503,7.27723386331898,0.15
2877,397,307,360.4664901476691,1.1212230295337982,0.15
2878,398,497,401.67984291209035,19.899443582418062,0.15
2879,398,240,304.6149004804157,-29.810764927937623,0.2
2880,398,515,385.79486971168575,34.384516531138196,0.1
2881,398,350,295.6149556115895,-37.098356658261565,0.2
2882,398,258,302.0496654306125,4.485408086122476,0.15
2883,399,195,150.80576782258038,21.706854978147273,0.05
2884,399,587,330.65682996166373,6.732135584950239,0.15
2885,399,45,157.08188221260326,18.48844806778049,0.05
2886,399,364,152.2482757377859,15.043695227207941,0.05
2887,399,109,98.338415489092,3.854929457882637,0.05
2888,399,551,292.66789519170317,14.32386348825937,0.1
2889,399,490,245.49099807555876,23.08788400203281,0.1
2890,399,44,320.4453241817609,-3.65330137273585,0.2
2891,399,369,320.6851079567707,-20.84473380648438,0.2
2892,400,227,335.9534131457734,21.67725328644335,0.1
2893,400,188,347.9569716155364,-9.11063067689272,0.15
2894,400,493,508.1031953202987,11.420279298044832,0.2
2895,400,282,173.3142467457985,21.823979458256417,0.05
2896,400,570,398.5104865006187,-21.37702702490718,0.2
2897,400,566,269.68257154696755,-20.003310690606504,0.15
2898,400,298,331.52166423074806,-14.946650365387779,0.2
2899,400,400,174.46542798103525,14.82196656823265,0.05
2900,400,459,236.6683324927875,31.940812360840717,0.05
2901,400,556,201.35053925639602,13.909953763822934,0.05
2902,400,416,289.9327543328095,10.312175866561876,0.15
2903,400,235,217.3710940492634,-4.49483119014733,0.15
2904,400,244,393.2373847624434,9.702876952488658,0.15
2905,400,259,373.73156210557613,17.3045374211152,0.15
2906,401,299,177.0590696487535,5.271708357541584,0.1
2907,401,24,277.81860632981335,-5.5287772567686595,0.15
2908,401,368,108.08363143506259,10.972441754040865,0.05
2909,401,7,296.7926526000689,-26.877727072367414,0.2
2910,401,367,98.02055182960767,8.218130799293824,0.05
2911,401,310,171.48671444435132,12.023409247769358,0.1
2912,401,49,295.53003561239564,10.522141276513679,0.15
2913,401,391,258.1699894694487,9.257888843489653,0.15
2914,401,448,228.13572625805182,-25.856431863303882,0.2
2915,402,557,187.5282673658929,20.69354186630376,0.05
2916,402,469,393.45461717735276,-24.014707423397066,0.2
2917,402,554,216.18458371632897,-3.626902109207893,0.1
2918,402,418,327.18142753626495,-0.41126449274702637,0.15
2919,403,219,456.4442169717073,31.854768394341438,0.15
2920,403,489,308.6569929941245,9.502198598824883,0.15
2921,403,172,544.8483320784362,3.492149811765451,0.2
2922,403,462,357.1844998953202,17.975924973830036,0.1
2923,403,317,185.76406373748512,27.54821349242551,0.05
2924,403,345,359.32700195293455,18.31640048823366,0.1
2925,403,150,223.36971176809874,36.22702378797099,0.05
2926,403,289,296.2121463337745,-34.82187804993381,0.2
2927,403,211,513.1250418142406,75.05326045356013,0.1
2928,403,424,351.19715617970826,17.80908123594164,0.15
2929,403,59,410.4975827517745,-5.292962587233806,0.2
2930,404,24,403.71845803693475,-23.112731294459778,0.2
2931,404,245,145.05161148659735,15.189123096084103,0.05
2932,405,529,266.92222551883003,-14.691354896234,0.15
2933,405,212,582.4690209849116,20.035853147736752,0.2
2934,405,369,318.8828921312149,20.134973032803718,0.1
2935,405,190,842.9486636893963,121.83751592234907,0.1
2936,405,39,595.6405802638228,35.67956605276453,0.15
2937,405,80,356.845343946339,12.392685986584763,0.1
2938,405,73,227.7396176725188,18.363241536564548,0.05
2939,405,101,309.6753849719262,8.352876994385223,0.15
2940,406,507,107.14631997472723,-7.559771407201106,0.15
2941,406,345,55.75984496956282,1.0950475609630885,0.05
2942,406,306,82.29832942001094,-1.6204007341292463,0.1
2943,406,203,86.35118929493113,-1.8286775037178469,0.1
2944,406,205,128.0963892827579,-20.339732345027528,0.2
2945,406,443,134.10005473699886,-24.700016406477953,0.2
2946,406,303,156.96492365484718,-18.75208175186218,0.2
2947,406,208,225.26844359848965,-14.48037385294154,0.2
2948,406,79,64.09116139006242,2.7364297069118706,0.05
2949,406,480,106.81204297095552,-17.277827545661786,0.15
2950,406,314,99.39435748927342,-3.090188609418009,0.1
2951,406,208,139.70857890656148,8.841352440330276,0.1
2952,406,207,92.43210879969372,-6.62800657830423,0.15
2953,407,369,348.5930748992028,3.261989979840539,0.15
2954,407,344,293.5885189741749,33.21706179287342,0.05
2955,408,325,251.3772658564905,0.00219136173377521,0.15
2956,408,402,173.42339302154323,14.14571434056818,0.1
2957,408,208,247.27241853842068,27.963532611522815,0.1
2958,408,152,205.40556990335847,-18.00587022331552,0.2
2959,408,102,200.4730207878436,-0.7625361159045667,0.15
2960,408,272,290.4675198162462,10.250099249844318,0.15
2961,408,483,83.4009770414023,6.736167150674177,0.05
2962,408,94,110.99007606543914,15.302012751912507,0.05
2963,409,365,405.9643614059767,5.916772281195328,0.15
2964,409,6,475.25012759935487,14.944450519870944,0.15
2965,409,569,289.0003934342905,4.899220371128633,0.1
2966,409,310,320.8149220249288,32.654724454199766,0.1
2967,409,305,269.6088950295074,-18.72846574557389,0.2
2968,409,496,381.3959807795695,-7.186502883064561,0.2
2969,409,36,287.84703832104714,-10.702544251842923,0.2
2970,409,556,295.0603036420311,4.941607720455622,0.1
2971,409,564,369.13861139773627,31.97252268787014,0.1
2972,409,495,289.4426030980986,20.490274891798776,0.1
2973,409,56,380.05932327447545,7.328639654895056,0.15
2974,409,401,163.67973536119308,23.026573044311657,0.05
2975,410,65,350.39272020464443,-7.355605959071123,0.15
2976,410,209,281.07394231133367,29.284560883161525,0.1
2977,410,79,429.1429271122775,-21.381060933158363,0.2
2978,410,576,324.71922189695533,14.222519379391045,0.15
2979,410,166,284.54741472439645,7.084514241364843,0.1
2980,410,344,375.65392830403204,-24.895510754395172,0.2
2981,410,329,384.0696937440759,-10.230545938388595,0.2
2982,410,34,274.5360491266666,7.2995950629339745,0.1
2983,410,401,301.9332490357147,9.313649807142923,0.15
2984,410,411,367.7348583271391,-2.2001283345721916,0.15
2985,410,312,184.89348912363616,20.774840608062515,0.05
2986,411,402,367.9729193501042,20.665708870020833,0.15
2987,411,198,307.2698028556707,13.445010571134137,0.15
2988,411,84,302.25437165495913,10.204787051684931,0.1
2989,411,264,320.49825546141733,-9.382261680787387,0.2
2990,411,474,347.26114820499805,-1.6131453590003915,0.15
2991,411,552,317.5722850822456,-30.852357237663135,0.2
2992,411,386,224.61442499468373,3.4692401785650038,0.1
2993,411,89,338.84593186003474,-6.99721362799307,0.15
2994,411,269,278.23822093148385,17.19391317343949,0.1
2995,411,173,274.354696829651,0.6534893659301879,0.15
2996,411,580,244.88872781511162,-9.71742943697769,0.15
2997,411,31,292.21902316921063,7.377854633842112,0.15
2998,411,540,298.02665630897536,18.51428517886066,0.1
2999,412,65,105.47826716497151,5.552269350420968,0.05
3000,412,66,87.15800776063331,1.6665737821601496,0.05
3001,412,412,226.58987217841047,-5.381682470491386,0.15
3002,412,374,79.35796429947844,5.596505508868557,0.05
3003,412,438,178.03519466954742,7.544560591858133,0.1
3004,412,412,275.57970506169613,-21.347287784252863,0.2
3005,412,221,139.38327417311183,21.98414681655335,0.05
3006,412,342,306.40222726646596,-27.77463466708963,0.2
3007,412,52,186.06483247422995,-5.923507676751498,0.15
3008,413,160,355.70648632142024,-24.748927051786943,0.2
3009,413,149,132.9267445607624,15.86371398577841,0.05
3010,413,172,397.48181551771916,44.77844633473441,0.1
3011,413,552,240.6788790459459,1.771452421584378,0.1
3012,413,74,244.79050956162052,8.519363248335253,0.1
3013,413,293,328.92775461882104,-20.431736807176836,0.2
3014,414,247,373.644481050668,57.51510581339635,0.05
3015,414,332,418.9203368004858,80.36725625268795,0.05
3016,414,583,400.7549502188773,40.32273755471931,0.1
3017,414,223,304.91871131145405,-31.037493303281877,0.2
3018,414,544,424.5973506055092,13.076045121101792,0.15
3019,414,586,305.4759733695956,3.9395446739191122,0.15
3020,414,250,310.2647724544565,-12.680295509108717,0.15
3021,414,105,336.41313571147435,-5.504222857705146,0.15
3022,414,73,402.9907452107203,-1.6053259578559622,0.15
3023,414,330,287.0904054545048,2.4334560909009557,0.15
3024,415,11,341.4728159684639,-8.643777604730403,0.2
3025,415,470,136.91566013864258,11.407786402695663,0.05
3026,415,518,396.3093776204555,11.144900524091085,0.15
3027,415,22,331.033464474809,-5.830982105038219,0.15
3028,415,384,394.665097407836,-4.122235388824588,0.2
3029,415,43,286.09063216769954,-6.100505174845056,0.2
3030,415,400,270.5674466817691,-6.460210663646185,0.15
3031,416,521,321.8027431799967,-17.260287182340292,0.2
3032,416,271,237.97896566003286,-6.674806563305095,0.15
3033,416,571,362.7854591815639,5.778886812071505,0.15
3034,417,533,302.47078879852216,-0.2891672402955816,0.15
3035,417,441,334.6974957983819,1.5285991596763644,0.15
3036,417,494,335.17444428942395,-13.358633356586394,0.2
3037,417,123,176.0947341582504,16.92854293232914,0.05
3038,417,316,141.444289536663,15.926553519326534,0.05
3039,417,132,280.5301283931537,-5.222624321369277,0.15
3040,417,204,456.93907420082917,-4.75023886987562,0.2
3041,417,79,411.0967373323104,30.472528699069752,0.1
3042,417,293,341.55469132269474,-17.442696301595774,0.2
3043,418,359,326.01632438632964,-19.963751342050543,0.2
3044,418,509,331.8283121893369,22.783628047334236,0.1
3045,418,531,400.2430501682128,41.2925625420532,0.1
3046,418,242,521.2106068110384,26.59549636220765,0.15
3047,418,286,402.7797894819027,-4.959431577714572,0.2
3048,418,530,428.40792351865986,19.120634703731945,0.15
3049,418,391,359.34378029145194,67.11694756084663,0.05
3050,418,533,335.8181570093069,6.380306401861372,0.15
3051,418,14,369.4068289938,31.10195724845,0.1
3052,418,450,364.07321815032105,-18.100717277451817,0.2
3053,418,400,284.0681100811949,15.440827520298736,0.1
3054,418,134,293.3497241909377,-23.955541371359335,0.2
3055,419,244,276.6990079927136,17.75854764738386,0.1
3056,419,285,147.41537249514036,16.49348449307491,0.05
3057,419,416,115.61281784958011,14.618719009183955,0.05
3058,419,313,219.80432052550168,1.1314673820188847,0.1
3059,419,367,337.24902379173125,-19.964746431240286,0.2
3060,419,516,374.57983067504745,38.68849668018199,0.1
3061,420,584,311.1701806399574,22.775143325431063,0.1
3062,420,405,255.0561612451157,-13.924975813232633,0.2
3063,420,145,205.05058073706593,28.05656319003517,0.05
3064,420,316,216.13128505562418,11.757099907084163,0.1
3065,420,21,399.59383720466707,-20.53872441929992,0.2
3066,421,353,341.7592338501166,19.265371770023293,0.15
3067,421,496,392.5768725003296,19.43634950006592,0.15
3068,421,210,324.6670313060346,62.72662479092803,0.05
3069,421,107,226.79655549431294,-14.648963901137426,0.15
3070,421,324,380.8434486094548,67.66628518292421,0.05
3071,421,122,221.51798413878927,19.71134604587006,0.05
3072,421,14,265.19841466297197,33.826635683345394,0.05
3073,421,191,330.08674251195225,-8.899988623207161,0.2
3074,421,15,236.57960100791087,1.2929002519777137,0.1
3075,422,303,165.6198378637728,9.331108769322825,0.1
3076,422,331,258.8856153539571,6.698478567554467,0.15
3077,422,420,81.33577234040632,9.32949551273449,0.05
3078,423,66,188.837891022738,-3.5859952791548686,0.1
3079,423,415,124.89040894231067,18.323263358135822,0.05
3080,423,106,291.0468768833978,-11.037372661818665,0.15
3081,423,557,365.14200926394767,-0.3277341202196382,0.15
3082,423,393,183.92473810307456,-0.7676919149665231,0.1
3083,423,126,405.7914741156295,29.34668104042035,0.15
3084,423,342,131.82316531260136,10.042235601539737,0.05
3085,423,401,300.7823207590823,-9.30465188613764,0.2
3086,423,177,306.78601454404156,-6.624477870232976,0.15
3087,423,336,250.11315003974622,-10.970414958727087,0.15
3088,423,398,421.1416216819988,6.958902146759922,0.15
3089,423,141,108.19320698006129,7.474316267939024,0.05
3090,423,477,255.16254068657824,2.3082481946363664,0.15
3091,423,34,296.2159567900066,-11.763730831638501,0.15
3092,424,74,246.03879596005225,10.393733141150857,0.1
3093,424,465,371.26162886920383,-5.645755669619415,0.2
3094,425,230,351.1372945680981,-16.07590581478528,0.2
3095,425,573,335.5023067132971,-8.807153993005413,0.2
3096,425,566,275.26915678086704,-36.40832648286994,0.2
3097,425,211,517.263195194404,77.18279879860101,0.1
3098,425,513,283.1458305333248,48.258738300427865,0.05
3099,425,484,305.34911585046666,-34.19633262243,0.2
3100,426,203,331.1594748378439,-17.361678774323405,0.2
3101,426,383,301.3286404217553,-13.45520393673669,0.2
3102,426,158,239.94479693080177,-22.138480460379725,0.2
3103,426,494,137.83629119133036,15.731816829850494,0.05
3104,426,378,346.1117952833107,-0.4725409433378829,0.15
3105,426,147,437.41505504113275,-6.335941743830077,0.2
3106,426,127,164.09646200950357,27.435025430343398,0.05
3107,426,55,183.81165403675226,-2.7029105894351444,0.1
3108,426,91,123.23702767981774,13.84425983611106,0.05
3109,426,428,191.70368781327642,33.825942540795914,0.05
3110,426,478,153.31800659431093,0.7436421916822562,0.1
3111,427,208,437.1337110944901,92.9645864137974,0.05
3112,427,268,350.5454722673613,16.154219453472226,0.15
3113,427,415,371.6642504853564,23.913100097071254,0.15
3114,427,111,537.071245795939,25.58644915918778,0.15
3115,427,345,418.5277419919122,-18.332938701213152,0.2
3116,427,283,241.58820013905563,26.302247644165988,0.05
3117,427,226,403.94625777352064,-12.54816133397188,0.2
3118,427,62,215.78847827477844,24.07521070973624,0.05
3119,427,59,425.33763001320375,26.061926002640735,0.15
3120,428,83,375.9576198199069,-4.39610103601863,0.15
3121,428,342,363.687269654969,-2.6852710690062214,0.15
3122,428,365,405.9643614059767,5.916772281195328,0.15
3123,428,94,223.36998538813577,37.605787886798566,0.05
3124,428,152,282.64638782493455,-16.09824182625981,0.2
3125,428,288,424.4885209843835,29.39880210137873,0.1
3126,428,495,162.72671710006102,19.22654023730994,0.05
3127,428,84,362.9886214436644,17.575194479589545,0.1
3128,428,508,350.7825458625237,11.890859172504715,0.15
3129,428,41,339.5755774797949,-1.0097633780307547,0.2
3130,428,440,145.9453085888226,17.585191424743133,0.05
3131,429,493,279.5390124138686,11.68717874777925,0.15
3132,429,468,210.83874665113814,-11.5514765225741,0.15
3133,429,474,156.18341917247858,2.1200477703124783,0.1
3134,429,314,225.364705875119,-8.518256498263199,0.15
3135,429,328,80.76584938961113,5.425387241090281,0.05
3136,429,234,121.6517106408489,-9.206087461347254,0.15
3137,429,150,236.2323132691787,2.8715044643816015,0.15
3138,429,4,162.0721709752333,10.360699439043543,0.1
3139,430,171,346.72419443102825,28.30919860775707,0.1
3140,430,554,290.6296791551069,-32.57074812673396,0.2
3141,431,120,396.4791897386071,-23.45622153920893,0.2
3142,432,395,349.6642526721788,-29.035362099173167,0.2
3143,432,567,233.68832100733357,-11.167619748166612,0.1
3144,432,74,185.0811078737711,18.823464404804444,0.05
3145,432,250,162.94083460974696,6.153350324529521,0.05
3146,432,418,325.79387451199256,19.334168627998142,0.1
3147,433,393,306.88026059611735,-26.92646091058239,0.2
3148,433,99,244.28268397692185,42.70175728877308,0.05
3149,433,16,260.7176542917,38.067020812505234,0.05
3150,433,531,375.00909035812845,34.98407258953212,0.1
3151,433,87,245.44152537638234,37.40583265901043,0.05
3152,433,81,469.7332424670938,38.41116061677346,0.1
3153,434,529,260.3247868112946,0.7513967028236541,0.1
3154,434,182,296.5833179161512,7.808929479037808,0.1
3155,434,388,372.1870859356634,0.33366289034952246,0.2
3156,434,110,264.81584109524545,-1.759089726188627,0.1
3157,434,171,253.4725758048756,33.71172896330668,0.05
3158,434,273,354.7963199899634,-4.863452001505481,0.2
3159,434,252,321.6346084506177,-12.76867830987647,0.15
3160,434,186,467.3638739105807,21.51887478211613,0.15
3161,434,570,264.9032919499261,29.791108450277598,0.05
3162,434,181,271.64863014387555,-14.62529897122491,0.15
3163,435,149,302.8211574468244,5.5802814893648645,0.15
3164,435,93,349.6360486914777,40.27121491386232,0.1
3165,435,203,269.3558220939398,16.92753796995239,0.1
3166,435,298,250.92058198355392,12.00246192005309,0.1
3167,436,316,153.56514830702167,6.287562977896995,0.1
3168,436,469,131.3945890414451,11.851626061057509,0.05
3169,436,510,353.81606960465786,-19.1097895593013,0.2
3170,436,233,121.28101531797864,-0.1735636968594232,0.1
3171,436,66,173.9027748242147,-4.1721375300885475,0.1
3172,436,13,336.2893955139036,-20.736090672914443,0.2
3173,436,289,225.23137099572165,-19.720324423876082,0.15
3174,436,306,250.86852457667192,-2.1708386314136465,0.15
3175,436,303,361.24376187341045,-11.518735718988424,0.2
3176,436,78,104.30591759971557,4.614997645708883,0.05
3177,436,323,250.7722218800974,-19.331489265362805,0.15
3178,436,96,231.3296620403067,8.974165479186269,0.1
3179,437,139,272.1200616389975,32.07291075919773,0.1
3180,437,394,177.76098833923288,0.9071708948366926,0.1
3181,437,336,222.717347486413,-9.752131622905978,0.15
3182,437,493,270.0195689639295,29.533235956486863,0.1
3183,437,214,222.7263585928081,4.021674772157606,0.1
3184,437,78,291.1090547435664,-33.704266458160234,0.2
3185,437,520,77.68587477404479,2.968104913315681,0.05
3186,437,216,226.0031271659143,23.30595658577632,0.1
3187,437,88,266.2868710136554,-23.047719327731876,0.2
3188,438,377,187.68661076230825,22.437823032926367,0.05
3189,438,344,369.75977975971944,-1.9128940480561383,0.15
3190,438,349,334.7649298563911,-33.68236052154131,0.2
3191,438,453,211.57855675676996,-30.369138648646025,0.15
3192,438,349,286.25673153422485,2.8721293506477465,0.1
3193,438,540,375.5686947287543,2.105188945750829,0.15
3194,438,292,246.85055040801967,20.63309200766308,0.1
3195,438,378,310.7389662074097,18.92383769341197,0.1
3196,439,128,403.8726470698571,-0.2277029395214143,0.2
3197,439,7,390.33301759985073,-20.680247360022378,0.2
3198,439,384,415.73630015206027,-0.9615549771909464,0.2
3199,439,1,405.73693541134617,5.603140311701946,0.2
3200,439,369,222.20948469126432,25.438211143806637,0.05
3201,439,39,577.4431822312608,68.17649555781523,0.1
3202,440,413,189.76316310521705,24.276746976378057,0.05
3203,440,121,580.2387745648944,-1.180583815265834,0.2
3204,440,344,336.55987578637485,17.264656307469842,0.1
3205,440,5,379.57039767689946,42.403809506171235,0.1
3206,440,308,169.18776107621716,15.486488726383342,0.05
3207,440,18,403.72019137491776,4.379628706237668,0.2
3208,440,134,257.13449022199535,-29.387826466700684,0.2
3209,440,550,490.96485345245,14.991170690489973,0.15
3210,440,468,181.47486973651462,16.079610489077048,0.05
3211,440,550,250.46324147972575,33.421794130874254,0.05
3212,440,469,390.2631897950644,1.7656129590128558,0.15
3213,440,484,296.81068552616443,-36.572097171075335,0.2
3214,440,302,199.9275526349541,25.256201538638948,0.05
3215,441,98,146.5458580078456,15.396795966484223,0.05
3216,441,401,194.82455851824568,29.252479868205388,0.05
3217,441,274,272.3554682842566,-39.57587975736149,0.2
3218,442,104,123.6693983547656,14.323715936720092,0.05
3219,442,464,88.39417140186964,5.756261408935458,0.05
3220,442,247,413.40115861285426,11.007382933394467,0.15
3221,442,556,221.9562839662372,-1.1607433754520073,0.1
3222,442,345,356.52202763452186,-4.222634718717709,0.15
3223,442,279,180.57856079184504,23.819786048096383,0.05
3224,443,353,343.7764376193712,-2.1486343570943056,0.2
3225,443,574,347.3507693184032,-0.7975846022395032,0.2
3226,443,193,375.84090591363184,40.63297647840796,0.1
3227,444,559,401.4851828353853,-2.3247884329229542,0.15
3228,444,106,333.7802946339951,-7.3436660732010015,0.15
3229,444,490,347.04331505459174,16.322588010918338,0.15
3230,444,153,284.7259927161606,-10.279876456767877,0.15
3231,445,542,276.65375719529106,10.219988595089578,0.1
3232,445,197,347.3258379723497,-11.38372430414753,0.2
3233,445,6,224.85515847622972,29.93470963101274,0.05
3234,445,283,140.67991922365877,12.698839428981689,0.05
3235,445,39,487.22593907821266,52.74607060211416,0.1
3236,445,420,269.2805979652891,25.47729256944828,0.1
3237,446,328,343.82032649983535,-18.621651025024683,0.2
3238,446,558,201.41786033187336,11.124411605845761,0.05
3239,446,171,381.38076473283417,-12.509985290074866,0.2
3240,446,155,367.60488335020136,-9.98146749746978,0.2
3241,446,239,166.58977479686905,6.7012335210052,0.05
3242,446,584,371.1443413661377,33.25933534153444,0.1
3243,446,427,450.6428547418436,62.55136368546092,0.1
3244,446,81,308.17290587653804,40.644432508885146,0.05
3245,447,446,451.2777636704201,12.746777734083992,0.15
3246,447,78,313.29520160461993,-31.02821975930699,0.2
3247,447,361,354.7105452224291,-11.157118216635613,0.2
3248,447,208,242.59188753302752,46.99337336657951,0.05
3249,447,251,361.8578947714259,-8.284421045714836,0.15
3250,447,251,371.9698484122286,-27.996522738165687,0.2
3251,447,348,329.0590027885296,-13.70254944229409,0.15
3252,447,284,303.6480464569073,23.76572529296982,0.1
3253,447,556,306.00126282644686,-14.448972434710644,0.15
3254,447,556,141.18376863081704,7.828384872170933,0.05
3255,447,362,185.08157218806065,16.83992870653929,0.05
3256,447,80,290.5306616155605,7.296595582764507,0.1
3257,448,20,189.89005715704985,3.1396781665783813,0.1
3258,448,276,197.3164293160928,-21.78189195681003,0.15
3259,449,534,447.88590301015523,63.60137575253882,0.1
3260,449,423,219.11621786451198,35.57994860722038,0.05
3261,449,73,225.09751848780573,19.492581268000638,0.05
3262,449,348,329.43139826932446,7.686749567331123,0.1
3263,449,86,353.9224881303037,18.945447626060727,0.15
3264,449,65,366.7587787029706,-5.177394259405897,0.15
3265,449,273,198.25331391582733,28.262278221295833,0.05
3266,449,528,228.7276956185359,25.97915797114477,0.05
3267,449,304,371.4204765848937,-8.59622851226593,0.2
3268,449,517,247.53668355904432,34.307909685589635,0.05
3269,449,376,248.9271900038562,30.271444452308238,0.05
3270,449,105,314.7380221716365,-9.839245565672723,0.15
3271,449,517,429.36085578595754,-9.884971632106351,0.2
3272,450,445,232.19310456447295,-21.540654087105416,0.15
3273,450,53,244.81417832281153,19.744488780744533,0.1
3274,450,481,111.70254656783595,8.771108960921946,0.05
3275,450,312,405.2681974656457,-21.34877038015312,0.2
3276,450,208,518.4962054712745,44.88781609425488,0.15
3277,450,66,285.51586369024386,-17.643727261951227,0.15
3278,450,347,323.69686869328916,-6.110751261342179,0.15
3279,450,91,286.0135685119202,-14.467864723211953,0.2
3280,451,251,368.4261221635219,-29.6230816754717,0.2
3281,451,266,508.61896795836356,30.783743591672675,0.15
3282,451,67,223.50374664053822,-3.00362477196221,0.1
3283,451,2,404.31066044221643,3.556199066332475,0.2
3284,451,422,160.91897515103227,25.651435691079165,0.05
3285,451,250,282.3551115548171,-36.46173326677743,0.2
3286,451,555,273.6817707692811,9.552996015475795,0.1
3287,451,376,172.5990233371187,19.18206841431134,0.05
3288,451,279,190.22581313275649,24.987276423537978,0.05
3289,451,186,188.30857774997418,25.146783451024447,0.05
3290,451,407,259.250657029354,-13.756801445596896,0.2
3291,452,442,294.99175504988517,13.9972887624713,0.1
3292,452,105,311.8050860160808,-10.425832796783856,0.15
3293,452,292,275.28512763474254,23.451381908685633,0.1
3294,452,102,340.26723259926626,-9.28211511011005,0.2
3295,452,563,246.24422616343378,6.408006540858441,0.1
3296,452,406,345.07627211359966,15.572854422719917,0.15
3297,452,188,353.3166075474745,-30.5544088678788,0.2
3298,452,138,394.4590192822999,-14.290447107655012,0.2
3299,452,533,173.97055641995138,16.815381135190272,0.05
3300,452,185,360.9104681441288,16.357243628825746,0.15
3301,452,176,346.058860280397,-25.419170957940427,0.2
3302,452,95,458.41279476120167,-15.83008078581972,0.2
3303,453,236,279.73546253975684,-26.45098061903646,0.2
3304,453,142,315.90345463563756,-22.722581804654343,0.2
3305,454,295,112.38986782924269,-0.012990843330104695,0.1
3306,454,536,116.898975176809,5.568481506772105,0.1
3307,454,498,155.53663995123338,-5.00663839032949,0.15
3308,454,350,55.6647525141783,-1.5997142877955088,0.05
3309,454,160,195.336125450495,-25.926518297340806,0.2
3310,454,236,54.70577358018649,0.9656794015213812,0.05
3311,454,31,164.10233348237227,-14.532879875762971,0.2
3312,454,390,107.68688355337709,3.951392137808515,0.1
3313,454,345,203.53124807263538,-26.827608514592647,0.2
3314,454,106,65.80422113724889,1.8878597052744777,0.05
3315,455,74,238.5619083170344,9.705966736717201,0.1
3316,455,315,185.7310999021596,8.685715042221007,0.1
3317,455,550,365.7893518591136,28.700883914738846,0.1
3318,455,105,128.98355776461398,6.967113433064721,0.05
3319,455,206,344.77665998044347,43.158266792774306,0.1
3320,455,26,367.4193674050261,-2.9732515189947915,0.15
3321,455,123,136.53911046200454,11.26534222867571,0.05
3322,455,71,338.8786990215391,19.54963090422157,0.1
3323,456,134,165.30843038510406,-3.5204856158240627,0.1
3324,456,588,108.60174031096764,9.404272466867106,0.05
3325,456,130,364.56661775318923,-3.942107337021607,0.2
3326,457,165,257.5272821743292,21.3944415183603,0.05
3327,458,339,317.3341088645913,-10.58617822708175,0.15
3328,458,294,312.36404179844874,18.270360449612188,0.1
3329,458,437,253.2839030868193,35.868676914344164,0.05
3330,458,406,338.96459646709735,37.29174911677434,0.1
3331,458,337,296.1288348698033,-11.76198302603935,0.15
3332,458,495,212.39696207747818,26.968332535273547,0.05
3333,458,358,503.74962602257244,56.38095650564311,0.1
3334,458,204,439.25085021462326,49.215862553655825,0.1
3335,458,66,321.84994313971265,-30.730908529043088,0.2
3336,458,142,219.49989627398628,23.114820945566517,0.05
3337,458,568,342.08268057059075,-9.461163885881874,0.15
3338,458,203,229.94998304871353,28.934669582290503,0.05
3339,458,505,308.3970460091809,-21.26154309862286,0.2
3340,458,85,400.1927630344572,24.421752606891417,0.15
3341,459,404,300.71659345606236,-9.089510981590635,0.2
3342,459,241,379.16791792328354,1.9910313551365668,0.15
3343,459,429,378.7068734459477,22.1045710823495,0.15
3344,459,5,399.53620429701505,21.569394239372457,0.15
3345,459,0,100.08859173165415,11.712927435280955,0.05
3346,459,157,111.8872744886396,10.225738786461623,0.05
3347,459,583,382.9420468202948,-13.599692976955764,0.2
3348,459,550,196.31793029703863,24.825292988243497,0.05
3349,459,6,188.78237603767664,24.307065393611037,0.05
3350,459,498,325.78555379746507,6.771259564266462,0.15
3351,460,163,202.0148045083234,18.748814504064768,0.05
3352,460,116,157.4161784307454,19.809330409058095,0.05
3353,460,118,397.15972904095366,-1.3776541918092917,0.15
3354,460,129,291.0897202579848,27.152080064496218,0.1
3355,460,415,371.9837516844519,0.42156275266779986,0.2
3356,460,211,551.8597327081618,51.699946541632315,0.15
3357,460,199,305.9273179994525,-4.827602300082118,0.2
3358,460,104,304.93144774591445,24.648161936478616,0.1
3359,460,224,384.3394288841599,-24.269385667376,0.2
3360,460,385,503.4305195243221,-5.000122071351669,0.2
3361,460,456,318.2642318321146,-33.7689652251828,0.2
3362,460,228,253.94340959885858,-27.9440885601712,0.2
3363,460,19,491.1217507422288,-11.315037388665665,0.2
3364,460,173,292.5384298319038,5.38523596638073,0.15
3365,461,443,310.91431236057446,-9.220162527885119,0.15
3366,462,343,419.5605782345148,-22.73501326482275,0.2
3367,462,334,328.2563515121983,39.34570414575103,0.1
3368,462,53,333.5224165511173,-13.595137517332397,0.2
3369,462,116,198.70496085156378,-0.22238938536473718,0.15
3370,463,574,323.5924811539196,16.495046230783913,0.15
3371,463,463,321.9751241758958,-12.447300164820863,0.15
3372,463,30,369.18762886981597,44.38633349193376,0.1
3373,463,532,284.99213787627104,-3.129397424745804,0.15
3374,463,392,272.0446330842837,-13.742323383143276,0.15
3375,463,149,317.3339738029532,-11.832103929557002,0.2
3376,463,577,409.11167453863567,4.234551180795357,0.2
3377,463,236,279.75086339133827,-10.608002321732345,0.15
3378,463,177,325.01349892841085,13.452530611780613,0.1
3379,463,27,353.9590070889015,11.61572641778028,0.15
3380,464,169,311.06328165967454,0.6521813319348979,0.15
3381,464,579,163.61981019624815,17.37563440535768,0.05
3382,464,493,489.22160549507157,7.49304082426076,0.2
3383,464,115,280.353627098413,8.188600419682587,0.15
3384,464,487,410.11016356995015,29.93563271399002,0.15
3385,464,382,295.4366956492092,-13.42599565261861,0.2
3386,465,181,172.60071458020843,-5.47555836937861,0.1
3387,465,35,266.1540767545329,-13.539488486820048,0.2
3388,465,524,79.1013732159833,-5.719354946374633,0.05
3389,465,144,270.0214545410839,-8.774986700356285,0.15
3390,465,105,301.3768466665919,-34.196073000011204,0.2
3391,465,473,312.7148673342725,-28.25576989985911,0.2
3392,466,427,180.4560869336347,31.55949125947709,0.05
3393,467,24,407.57582341773957,1.5525396835478915,0.15
3394,467,519,261.547183973938,-6.159013205212407,0.15
3395,467,200,161.62550424742363,24.930264641783626,0.05
3396,467,488,439.7866812022186,63.530167939987365,0.1
3397,467,439,222.81184423746132,12.018039852047053,0.1
3398,467,461,369.96256190236113,22.43075496585337,0.1
3399,467,164,328.23402789621827,-1.0164444207563506,0.15
3400,467,87,200.4617989277166,29.22355629644065,0.05
3401,467,512,355.6084590347813,4.627866806956238,0.15
3402,467,569,304.8504415623306,-10.897636687533879,0.15
3403,467,87,403.5947774943505,-7.879683375847403,0.2
3404,467,179,146.12813759672932,15.54672277638921,0.05
3405,468,30,87.25889771532832,1.4993103674560793,0.1
3406,468,226,44.76126425170139,0.8618474294250547,0.05
3407,468,173,97.50787582113693,-17.645117755812237,0.2
3408,468,269,101.84292837046037,-11.16870645561536,0.15
3409,468,82,103.19321325058043,-15.667841016071566,0.15
3410,468,485,62.38397742640355,-8.0016465996086,0.1
3411,468,357,51.99103746114231,0.5784308713943958,0.05
3412,468,129,101.78781316412314,-15.838427811082479,0.2
3413,469,261,305.60008895769266,15.70218087255753,0.1
3414,470,43,303.7292409431903,15.732623188638044,0.15
3415,470,354,264.25479161480763,43.085054512100285,0.05
3416,470,589,392.4887748825372,-5.998583767619413,0.2
3417,470,379,436.2875490237796,16.8141098047559,0.15
3418,470,244,392.71429854437974,34.71497463609494,0.1
3419,470,406,350.94227956036707,40.28616989009177,0.1
3420,470,587,399.73411071928655,-5.276783392107008,0.2
3421,470,447,329.6084568288238,22.233014207205954,0.1
3422,470,516,589.1450547035662,7.723658205534953,0.2
3423,470,312,447.76979920471695,12.218209840943377,0.15
3424,470,527,598.0975107648646,2.746326614729732,0.2
3425,471,480,294.9186614656534,0.0718555620049699,0.1
3426,471,31,286.7200091535655,27.341863744178788,0.1
3427,471,114,160.41222879092948,24.313483798059895,0.05
3428,471,281,448.9543919685541,4.150858795283131,0.2
3429,471,241,401.11972664986996,4.407320329973974,0.15
3430,472,190,490.18247098153665,95.28963771850792,0.05
3431,472,190,870.0193025231994,72.73058550463983,0.15
3432,472,40,423.4676205461793,-20.34565691807309,0.2
3433,473,390,326.2220819516934,15.595891390338664,0.15
3434,473,295,325.57215323952596,22.12963830988149,0.1
3435,473,531,234.9315227590357,33.485530094962535,0.05
3436,473,47,308.6978829866775,16.435820746669368,0.1
3437,473,537,496.00135609127574,10.759603413691366,0.2
3438,473,64,294.0854660275083,-33.80308009587374,0.2
3439,473,90,383.76189432790795,0.8081038655815682,0.15
3440,473,514,233.32927994672983,33.70653342625842,0.05
3441,473,397,346.9631517579065,-29.046527236314006,0.2
3442,473,154,292.77665804882315,-25.650201292676506,0.2
3443,473,50,290.55570236182984,24.960075590457464,0.1
3444,474,132,294.7697691509018,-2.3746961698196554,0.15
3445,474,475,229.48630224301627,21.567629085889465,0.05
3446,474,200,229.3984197485854,37.02554946858048,0.05
3447,474,578,228.36893909953858,28.10594382338441,0.05
3448,474,494,324.28706029256057,26.748465073140153,0.1
3449,474,203,364.65402434543057,-12.33749634818541,0.2
3450,475,260,272.7589033303914,43.43282255684278,0.05
3451,475,527,283.12819570731926,44.19470570239439,0.05
3452,475,231,359.1796442355188,29.54560343373837,0.1
3453,476,505,195.79729631357208,3.1877820656752025,0.1
3454,476,319,322.4958990646346,3.881047999298488,0.15
3455,476,376,400.9817960129781,-21.01803059805327,0.2
3456,476,344,367.8708543683442,-27.157971844748353,0.2
3457,477,238,284.0508188296809,-26.105677175547854,0.2
3458,477,402,400.9808707826514,0.6956306173977254,0.2
3459,477,400,266.0154352179391,12.022658804484784,0.1
3460,477,74,200.0522634815356,20.15291713573578,0.05
3461,477,175,188.32128634227428,23.4047965234491,0.05
3462,477,147,430.6689352227904,48.355033805697616,0.1
3463,478,18,381.11517223478427,0.988875835217641,0.2
3464,478,21,321.33618584154016,-2.138727555094036,0.15
3465,478,232,165.0768908701756,1.32966640317008,0.1
3466,478,371,231.9206328568725,4.565468151286691,0.1
3467,478,587,210.70139379464797,13.444385501651468,0.1
3468,479,240,315.32238770453614,-27.10964184431958,0.2
3469,479,329,376.60676120155955,39.4991903003899,0.1
3470,479,548,360.10013787216735,-22.100179319174895,0.2
3471,479,87,252.96030596726143,38.784664758594566,0.05
3472,479,236,180.51850185352606,14.220767716553361,0.05
3473,479,88,183.2085596025878,19.42139084919249,0.05
3474,479,233,132.6946328665771,8.61860520303461,0.05
3475,479,214,404.0606269807246,-3.0866496038551094,0.15
3476,479,23,401.5142335920078,2.335971718401545,0.15
3477,479,216,425.16548165810656,5.403622248716001,0.2
3478,479,77,257.6952083982698,-27.048318740259518,0.2
3479,480,127,386.769600503232,50.71290012580802,0.1
3480,480,32,250.76088685371474,19.557771713428686,0.1
3481,480,569,224.2085801198104,16.53868245295073,0.05
3482,480,94,423.18570898054463,52.94777724513615,0.1
3483,480,268,326.19238532360674,32.267846330901676,0.1
3484,480,349,329.9255815938558,6.945545398463953,0.1
3485,480,129,294.77422418940796,28.073206047351988,0.1
3486,480,247,432.54486691974375,41.35371672993595,0.1
3487,480,283,298.4463635113118,17.05999087782795,0.1
3488,480,576,351.01024395047943,21.67072379009587,0.15
3489,480,433,214.69157994924348,13.565176584684409,0.05
3490,481,132,239.4166926296749,7.607647859163791,0.1
3491,481,446,455.53634186171314,11.408493372342605,0.15
3492,481,50,301.36845677012883,-11.009831484480664,0.2
3493,481,479,151.26232824959735,6.64781790875011,0.05
3494,481,348,288.24930621556723,4.065582451185019,0.1
3495,482,297,383.5521855528932,12.42791211057861,0.15
3496,482,416,294.3203190587701,-7.567452141184477,0.2
3497,482,568,331.50854831938875,-12.670990336122271,0.15
3498,482,285,206.38075511964087,25.683167978459274,0.05
3499,482,267,296.74409536868114,25.46327384217029,0.1
3500,482,277,292.85661675872484,-7.016726648255032,0.15
3501,482,411,394.19931996797743,-23.124702004803357,0.2
3502,482,118,400.1350695434768,-24.093339568478477,0.2
3503,483,350,276.2146341538553,-40.00840487692169,0.2
3504,483,351,322.7312321070475,-7.905266522237852,0.15
3505,483,378,213.2986545440717,8.885206385773156,0.1
3506,483,278,258.80015415053583,-31.903276877419604,0.2
3507,483,247,347.5028075168491,5.653751855130583,0.15
3508,484,117,301.8592873752028,-6.35060689371957,0.2
3509,484,114,305.62485045756176,-4.902272431365725,0.2
3510,484,178,150.6334549676136,17.404004764295934,0.05
3511,484,156,203.65742023748442,29.734731987081748,0.05
3512,484,36,141.75344212969637,17.67017035196114,0.05
3513,484,551,378.24752248990546,24.223984838409507,0.1
3514,484,340,245.78598834239452,-3.8027701745427556,0.1
3515,484,449,299.0017324119942,-22.91234013820085,0.2
3516,484,429,203.11870240246412,34.22195701761845,0.05
3517,484,73,377.56223879927086,-29.775764180109363,0.2
3518,484,169,281.0719402714401,14.950608017815341,0.1
3519,485,531,125.75829762963662,14.862724085366402,0.05
3520,485,386,94.17291815768459,4.618557246400773,0.05
3521,485,117,279.26060859594065,-9.219891499939587,0.2
3522,485,380,292.39637404790113,-22.499765715104402,0.2
3523,485,383,235.4285703804892,0.14484502944048927,0.15
3524,485,57,177.25745727860868,6.498754999918358,0.1
3525,485,501,231.35814907691775,-6.128761683704104,0.15
3526,485,18,227.5628247310575,24.73356379720728,0.1
3527,485,490,333.1543071022911,-7.60038206261077,0.2
3528,485,447,184.58007307926425,4.589142617289205,0.1
3529,485,37,245.51672417605172,4.409629277727433,0.15
3530,485,107,70.2523108041525,-0.4608573831619527,0.05
3531,485,396,315.32918258032964,-5.578121310126523,0.15
3532,486,505,191.4523311685905,-10.775084172477927,0.15
3533,487,539,273.6126849237259,-2.501513015254835,0.15
3534,487,223,288.3468688619702,-33.52326967070445,0.2
3535,488,34,336.0814561596975,-8.806958768060522,0.15
3536,488,439,195.67565772820788,10.275897295824095,0.1
3537,488,385,370.21900674682183,32.37285448285416,0.1
3538,488,270,153.75069461454635,16.26363908682098,0.05
3539,488,185,282.7438052682257,28.411346973890932,0.1
3540,488,161,219.52625884119055,2.139837442956363,0.1
3541,488,226,360.0835128466115,-19.127573073008268,0.2
3542,489,248,256.48572971211934,16.97108242802983,0.1
3543,489,46,380.51941013914717,8.30648202782941,0.15
3544,489,505,168.53115370097385,13.10968782222211,0.05
3545,490,14,351.99115733909025,24.558039334772573,0.1
3546,490,314,401.301817515185,5.197113503036981,0.15
3547,490,387,471.2546897566111,-7.8739965365083116,0.2
3548,490,396,424.89923174949297,5.222346349898565,0.15
3549,490,169,310.7048721781566,20.595368044539153,0.1
3550,490,300,214.87704691041097,19.774688855902824,0.05
3551,490,165,358.9266925716458,-6.964986485670858,0.15
3552,490,44,340.92341437589585,21.14195787517916,0.15
3553,491,429,394.2859525920389,50.11913814800972,0.1
3554,491,469,254.6983749791542,29.62929491793078,0.05
3555,491,537,501.3027112063286,11.554806680949305,0.2
3556,491,297,405.80982659310394,-7.761426011034402,0.2
3557,491,292,183.77135388479775,26.01626405604771,0.05
3558,491,501,192.7801954710934,20.16970402577309,0.05
3559,491,197,338.4247044552899,33.18407611382247,0.1
3560,492,280,306.54728051790516,15.702312604050864,0.1
3561,492,330,133.77574626837801,12.242392889701932,0.05
3562,492,492,461.06764687707124,5.796947031560698,0.2
3563,492,546,271.6789485916403,-15.301660281671957,0.15
3564,492,69,458.9323204600883,6.181064092017635,0.15
3565,492,359,142.19235039401713,9.473181600223509,0.05
3566,492,60,291.68295350339883,-15.707656974490162,0.2
3567,492,235,215.86551332830695,-18.618973000753954,0.2
3568,492,421,272.28898214610587,24.439894178593704,0.1
3569,492,581,421.6404405273552,-7.189233920896704,0.2
3570,492,159,298.58828190627503,11.814838153414716,0.1
3571,492,451,166.5522430290863,16.214369905748345,0.05
3572,492,302,404.30921315971403,-15.99911802604288,0.2
3573,493,136,299.94381117093286,17.400345634201102,0.1
3574,493,261,169.7854113982894,16.595519480482718,0.05
3575,493,322,265.41128755388155,-23.107867489223697,0.15
3576,493,427,454.9920137495724,33.215677749914455,0.15
3577,493,49,223.27987170496107,37.84852026056514,0.05
3578,493,343,221.05556982110778,26.963315956067746,0.05
3579,493,35,270.33063419768615,4.512026839537215,0.15
3580,493,322,273.63078135622357,-38.98288279656644,0.2
3581,493,54,366.088910122897,-7.3056634815654355,0.2
3582,494,59,246.3070150847733,22.124526563998653,0.1
3583,494,382,179.09042993414857,8.914572413883128,0.1
3584,494,260,179.2876847157965,25.662293625952273,0.05
3585,494,531,238.7727648878043,16.717707417381895,0.1
3586,494,318,229.03052735377645,-6.5982776861158925,0.15
3587,495,206,298.3967624111957,56.9206012126913,0.05
3588,495,26,373.7424849792112,22.437871244802817,0.1
3589,495,490,375.92409468181444,-1.7540857977278215,0.2
3590,495,522,222.37740766256942,-11.943593467486117,0.15
3591,496,439,259.1502936905357,2.4021087381071116,0.15
3592,496,37,331.78218440861156,14.911211881722295,0.15
3593,496,262,250.62297024285817,16.39049256071455,0.1
3594,496,75,264.65670719980943,34.78046314216654,0.05
3595,496,536,378.1641459773148,0.09352189659723109,0.2
3596,496,280,356.1511934091283,3.4986886818256586,0.15
3597,496,400,296.67758857675,-17.784561713487488,0.2
3598,496,381,554.2282002007308,37.65664004014616,0.15
3599,496,75,371.1333322735768,30.26148306839421,0.1
3600,496,453,233.97807770457206,-41.76088834431418,0.2
3601,496,287,457.62306643075476,56.7978666076887,0.1
3602,496,466,263.30773617093877,3.0191722341877476,0.15
3603,497,437,334.2141699460416,27.982741972628517,0.1
3604,497,572,283.0508609393342,2.436672187866831,0.15
3605,497,435,324.8183156143957,-5.1706526578406375,0.2
3606,497,411,343.3408517085482,18.391844051571812,0.1
3607,497,410,330.56162996439485,-28.458355505340755,0.2
3608,497,102,323.2024957174906,10.084049143498106,0.15
3609,498,209,304.22721909287804,-6.830986588537957,0.2
3610,498,442,160.16662665121657,2.1926945513092377,0.1
3611,498,202,126.54908311574124,15.93027107789365,0.05
3612,498,393,152.15669149868813,-3.0470376744786414,0.1
3613,498,116,123.68201355943658,4.385134252824109,0.1
3614,498,583,275.72331137564345,1.6510905937089788,0.15
3615,498,500,273.42253296080867,1.7273072362386017,0.15
3616,498,530,273.04626624953545,0.3202296985373003,0.15
3617,498,183,193.63052056568733,-36.1367826462082,0.2
3618,498,316,137.9514289284146,4.749484023962426,0.1
3619,498,346,255.92921503997366,-6.886606336916829,0.15
3620,498,46,197.07739762010482,7.781969617016834,0.1
3621,498,293,234.1180823996096,-6.552605598268675,0.15
3622,498,32,131.73777213961105,5.234722165268975,0.1
3623,499,571,173.93264185445372,21.612695737092317,0.05
3624,499,288,372.5560923376711,0.41418954431370025,0.15
3625,499,491,176.99272695337015,9.568238764117886,0.1
3626,499,136,272.76171503022914,-2.8020313046352445,0.15
3627,499,194,316.0646407253921,9.65260773998737,0.15
3628,499,259,299.51250165884267,7.929170644955526,0.15
3629,499,349,318.42446112036544,-36.13343083194517,0.2
3630,499,124,429.5218996505113,17.0586270673059,0.15
3631,499,79,413.8213148788845,-22.58430276816732,0.2
3632,499,458,215.14037403668817,9.970332870119627,0.1
3633,499,526,160.1670541335712,19.583728267839927,0.05
3634,499,537,286.59465030597164,34.04134003439272,0.1
3635,499,297,132.05688127830953,16.15093456641332,0.05
3636,500,382,301.2444747861187,-13.649828782082185,0.2
3637,500,319,202.29179304313755,26.080246654323066,0.05
3638,500,100,360.2740033002143,42.06895082505359,0.1
3639,500,426,355.25080493934735,17.909935987869453,0.15
3640,500,582,381.14082736313077,33.13445684078269,0.1
3641,500,377,223.74089646074782,28.127132199265084,0.05
3642,500,561,192.84056856847502,-22.56405785788124,0.1
3643,500,299,205.68866385465094,23.375817873455503,0.05
3644,501,522,224.01507611918683,-11.616059776162635,0.15
3645,501,401,206.31277497878966,31.335203461757576,0.05
3646,501,262,260.38039778960496,3.3007045579209926,0.15
3647,501,32,166.8341012563351,20.841379609375878,0.05
3648,501,149,206.51008130049527,27.8318970997423,0.05
3649,501,365,271.09888602354687,34.331013436500484,0.05
3650,501,538,321.89986976233723,-13.681319535649404,0.2
3651,502,128,369.63108960364633,20.669367920729254,0.15
3652,502,538,265.24503672263876,17.14553833736437,0.1
3653,502,90,187.59482137153196,18.41872698670479,0.05
3654,502,6,471.27231452729563,15.243887905459093,0.15
3655,502,175,151.88546743207905,18.939110906153594,0.05
3656,502,348,333.8864689183308,-12.737056216333846,0.15
3657,502,360,511.09292498699745,35.92913499739946,0.15
3658,502,0,223.91416542268348,16.40761745309284,0.1
3659,502,321,142.19361208098866,3.4382076346376564,0.05
3660,502,478,208.26705276634328,-21.4258420850485,0.2
3661,502,246,345.7290316195246,25.753458095984435,0.1
3662,502,2,402.92839296142347,29.34002859228466,0.15
3663,502,302,197.47807781573187,24.858949341883125,0.05
3664,502,69,410.2197091654751,28.277670417334125,0.1
3665,503,424,383.6455324417287,2.29322986625931,0.2
3666,503,315,276.23128809454437,-11.927406785818334,0.2
3667,503,326,435.39645077090023,-8.066732384364965,0.2
3668,503,115,308.96541795081515,-4.479687307377718,0.2
3669,503,38,474.5228175036078,17.170263500721525,0.15
3670,503,366,421.54518834194624,-10.865821748708035,0.2
3671,503,93,433.60566067331104,55.26426516832778,0.1
3672,503,467,466.57718491005085,65.54129622751272,0.1
3673,503,117,311.61581491071803,13.83728798214359,0.15
3674,503,94,309.89827300056555,55.173425146596045,0.05
3675,503,316,276.65794060241143,5.118613120482264,0.15
3676,503,267,224.6262663934474,30.168347474843156,0.05
3677,503,127,407.4926557778483,29.97628115556964,0.15
3678,503,283,314.4370734313937,1.0588146862787244,0.15
3679,504,430,277.0799740856556,-2.9462064785861037,0.1
3680,504,124,502.4533745389898,57.25144363474744,0.1
3681,504,428,435.52909387016416,57.884173467541025,0.1
3682,504,242,261.9540492201157,35.845834991675645,0.05
3683,504,68,367.01554728618527,-5.796165542762962,0.15
3684,505,577,249.31709986192533,44.678968296421765,0.05
3685,505,99,417.2067971675514,2.6787195751327353,0.2
3686,505,489,300.6419876662886,28.432296916572163,0.1
3687,505,408,295.78026691703235,3.5759667292580968,0.1
3688,505,578,336.45858617533463,-14.48501207369979,0.2
3689,505,298,318.1527548437204,3.4115259687440656,0.15
3690,505,233,129.20710070877408,9.735676257447247,0.05
3691,505,91,307.98261072635563,-13.362508391046646,0.2
3692,505,295,207.918223129109,24.288663047088075,0.05
3693,505,95,273.5651686439976,35.95668724449372,0.05
3694,505,321,278.80689096787455,-5.338277258031347,0.1
3695,506,166,313.28610161582543,-32.308478345228224,0.2
3696,506,356,112.42921496875445,6.38024047133327,0.05
3697,506,195,334.36928987816424,-9.923010021314022,0.2
3698,506,161,84.6417885032722,3.642044548679177,0.05
3699,506,69,333.22777328518265,-1.930665220525242,0.15
3700,506,189,112.2270472096719,6.64098606871854,0.05
3701,506,282,236.73931961193918,-15.114100783070409,0.2
3702,506,59,284.6487846496319,7.737328241062816,0.15
3703,506,466,180.77230313929044,-4.411754536389855,0.15
3704,506,354,164.38192917745386,11.869650717413823,0.1
3705,506,58,294.97380304907995,-18.92597875255837,0.2
3706,507,430,283.82218190287284,-37.881872714569056,0.2
3707,507,463,320.604696131152,-31.214995580327184,0.2
3708,508,34,370.9523360379227,-25.330149594311578,0.2
3709,508,41,341.77691753292186,21.143158506584356,0.15
3710,509,41,304.220826719407,33.75024669623047,0.1
3711,509,512,367.93292382233494,-17.54476142664974,0.2
3712,509,376,406.4522349885037,5.988021997700709,0.15
3713,509,564,362.10721148189145,33.17862550475771,0.1
3714,509,226,186.53697315158826,19.99873680342029,0.05
3715,509,160,366.84254034269526,-21.983518948595687,0.2
3716,509,440,143.2570692856881,17.783267548442932,0.05
3717,510,424,361.7131569126816,44.1061892281704,0.1
3718,510,207,276.81798047975207,25.936445119938014,0.1
3719,510,101,313.57011518326715,26.966328795816793,0.1
3720,510,365,468.30162825511565,-11.965355761732626,0.2
3721,510,454,227.9643298123501,-27.884359037529993,0.15
3722,511,157,163.75408485992043,4.450713952783399,0.1
3723,511,179,225.0592421470598,-4.50196378550365,0.15
3724,511,225,254.41927496562283,12.572127975611131,0.1
3725,511,266,411.3053014323174,20.573800888017736,0.15
3726,511,58,263.22531157048525,-1.3248337108083206,0.15
3727,511,167,326.9745181297353,-34.10691134561711,0.2
3728,511,40,386.75029919370047,-23.182335559598393,0.2
3729,511,108,172.9640838325436,2.8989907955410086,0.1
3730,511,180,175.0152410365398,8.380582407617993,0.1
3731,512,416,121.95706893425454,15.682782927079415,0.05
3732,512,46,363.43020388061944,4.888640776123861,0.15
3733,512,34,149.3784532666835,10.84659442522263,0.05
3734,512,135,103.51770635110513,2.243800974955036,0.05
3735,512,417,338.05329819068334,30.18763492460595,0.1
3736,512,29,165.78450643241928,27.19177988727367,0.05
3737,512,381,404.3972163505391,44.143797018442356,0.1
3738,512,70,155.51233288210915,11.382378606458825,0.05
3739,512,512,347.8732143590369,3.0808178718073727,0.15
3740,512,184,306.15792969429674,-9.980410545855484,0.2
3741,513,391,369.8446913075887,45.59827282689718,0.1
3742,513,167,346.79247843833787,-9.395954312332442,0.15
3743,513,489,297.3198394200129,27.60175985500323,0.1
3744,513,368,380.07596708102665,8.50069341620532,0.15
3745,513,464,222.6878362280795,-2.6924327543841056,0.15
3746,514,519,138.18538310142944,9.642201363865212,0.05
3747,514,70,188.14169472796516,15.193370470215068,0.05
3748,514,563,261.21910250754684,-25.45443462386797,0.2
3749,514,475,317.27228216742037,-5.953793566515951,0.15
3750,514,428,463.7787280424973,6.7132092063746,0.2
3751,514,420,320.7610796243738,12.157015924874731,0.15
3752,515,577,414.1000150656935,31.422553013138696,0.15
3753,515,346,357.06134437858094,22.53658609464524,0.1
3754,515,244,254.1372392878497,33.39028547431403,0.05
3755,515,508,347.3798709885468,34.72006774713671,0.1
3756,515,570,401.48613116717223,-19.83568032492415,0.2
3757,515,47,210.2567193405702,21.76485252121649,0.05
3758,515,287,475.3331660793747,30.87598321587491,0.15
3759,515,547,357.0369282867295,-1.2713143426541293,0.15
3760,515,87,390.055805691817,40.42630142295424,0.1
3761,516,298,322.2531387231579,-16.336929191526306,0.2
3762,516,440,152.76316633195302,19.305519807720597,0.05
3763,516,189,354.2987140196393,13.875028504909821,0.1
3764,516,512,345.7160672224156,25.081066805603903,0.1
3765,516,500,387.92046189506317,12.796067379012602,0.15
3766,517,444,328.945488555053,-6.338802288989411,0.15
3767,517,152,216.14406912660468,11.501235827135586,0.1
3768,517,8,343.8886287303304,24.745620791192724,0.1
3769,517,115,273.9148792110874,9.090850842217463,0.15
3770,518,304,347.0034734144321,9.039769682886408,0.15
3771,518,262,248.04637709732162,0.8339004194643103,0.15
3772,518,270,339.0738329829723,2.105591596594458,0.15
3773,518,206,461.02860664685426,35.41404632937084,0.15
3774,518,214,387.5805271624007,-6.38266956751988,0.15
3775,518,545,289.0239743677985,-29.708603844830222,0.2
3776,518,554,136.56252754009873,4.091318001766121,0.05
3777,518,53,169.5165734511168,23.56403535207653,0.05
3778,518,287,401.026872901914,46.34827648514993,0.1
3779,518,341,149.8445658386534,7.9004518347468675,0.05
3780,518,53,339.7274692875178,9.259618857503547,0.15
3781,518,72,465.8018717655747,7.646774353114903,0.15
3782,518,90,185.0687888934309,18.075910781423183,0.05
3783,518,264,280.2664735536448,26.065471041218586,0.1
3784,519,415,115.54089822836187,-4.924461153797683,0.15
3785,519,180,121.93957450291201,-17.98288358374996,0.2
3786,519,124,130.53100847583406,2.421803842914585,0.1
3787,519,82,120.48016235186937,-15.568271886025167,0.15
3788,519,23,130.49273552495015,-13.345951077670971,0.15
3789,519,38,65.18721069608594,3.358052835410909,0.05
3790,519,243,132.238233583936,-10.010243966947632,0.15
3791,519,285,120.12173787565027,-10.387742729979607,0.15
3792,519,366,155.1190222618303,-21.88029004692927,0.2
3793,520,535,440.28764076126254,36.54667815225247,0.15
3794,520,138,387.84817985815204,36.52199496453802,0.1
3795,521,213,419.04552555421884,-25.032571166867143,0.2
3796,521,118,276.0082259186704,29.64575238260855,0.05
3797,521,225,461.2952045258423,11.937615905168435,0.15
3798,521,512,258.5190807333888,31.56729211516609,0.05
3799,521,278,193.6491095434574,13.498341274760204,0.05
3800,521,145,440.4853687098048,44.05269217745117,0.1
3801,521,120,362.0514759398761,15.79001898496902,0.1
3802,521,281,313.6051782433674,56.840495153507504,0.05
3803,521,389,365.1947525040351,44.91178812600878,0.1
3804,521,83,271.6814679177156,27.49313849430253,0.05
3805,521,107,213.9604847952328,-3.4465288011918043,0.1
3806,521,359,294.18687401560703,-8.204325196878608,0.15
3807,522,209,213.25303970760348,20.043377136152415,0.1
3808,522,471,468.03171921419676,-3.5678421178704625,0.2
3809,522,476,149.673219502236,-6.608124392698375,0.1
3810,522,133,135.5022891114641,-8.053979255111503,0.1
3811,522,47,257.4681023697585,-6.503541728453385,0.15
3812,522,202,254.33506136756205,20.361999678869317,0.1
3813,522,565,107.6833046220694,3.9866334062575017,0.05
3814,522,84,372.5795407113337,-29.64006889329992,0.2
3815,522,574,265.5377121058011,9.69919730162568,0.15
3816,522,403,197.75128326305827,16.22146671208179,0.1
3817,522,401,298.8302087120276,-9.59746869319585,0.2
3818,522,4,223.67346031046878,18.794060831608306,0.1
3819,522,130,360.6858428792141,-4.524223568117872,0.2
3820,523,482,231.6562981654459,26.24463849206075,0.05
3821,523,18,422.8861445059402,32.97532890118801,0.15
3822,524,148,235.3642070243845,11.816558094331125,0.1
3823,524,322,117.30068889254446,-0.22943352718835186,0.05
3824,524,493,369.0840438165966,47.84826158606946,0.1
3825,524,204,429.7986670983262,19.01575841966521,0.15
3826,524,534,445.88955994654333,34.223061989308626,0.15
3827,524,544,388.6040942816991,-19.138685857745116,0.2
3828,524,460,353.8299571500908,35.071550691697254,0.1
3829,524,213,382.36896693817687,-32.724054959273445,0.2
3830,524,484,290.07690766788187,-36.48716384981771,0.2
3831,524,171,156.66456709610134,18.24187754344035,0.05
3832,524,92,435.6240852808968,-0.4227872078654684,0.2
3833,524,518,174.73022581736103,21.70352927457617,0.05
3834,525,86,212.744249075252,2.5511486290812293,0.15
3835,525,527,391.0729039250647,-16.4197586053801,0.2
3836,525,128,97.74344021438564,13.111660187607693,0.05
3837,525,228,61.68040844227609,-0.20350954455282277,0.05
3838,525,184,140.32739213350362,7.169173663173453,0.1
3839,525,164,151.15975184376668,2.137371005952435,0.1
3840,526,82,217.65129346792395,1.6384292930441724,0.1
3841,526,208,185.5659703384521,34.38813821165804,0.05
3842,526,444,116.25935387068338,7.287660270655898,0.05
3843,526,271,112.81245645521247,9.763593466550226,0.05
3844,526,589,332.4250630849202,-15.008140537261948,0.2
3845,526,513,289.18747503608506,28.14730801415225,0.1
3846,526,423,123.74661451750629,17.453908740666073,0.05
3847,527,34,38.2306393907713,-1.3143265307170022,0.05
3848,527,281,133.56430306478788,-17.963890922232803,0.2
3849,527,415,87.9371631511095,-7.388508102252564,0.15
3850,527,271,36.33832025329184,-0.2098621297906451,0.05
3851,527,115,31.18368154155567,1.0931885010877345,0.05
3852,527,61,21.837942127881604,-1.6962620907787085,0.05
3853,527,52,68.55106622541344,-9.731187233855543,0.15
3854,527,248,67.15383008959508,-9.487979466957313,0.15
3855,527,366,42.5462855869617,0.8432671994911303,0.05
3856,527,274,28.38478706219192,-3.4286436240068188,0.05
3857,527,33,49.00024336237372,-8.260107849460724,0.1
3858,528,169,67.56785503040771,4.110481921246091,0.05
3859,528,501,150.37860863198887,-9.775930756063541,0.15
3860,528,375,61.40629713662831,0.3422609186357324,0.05
3861,528,248,133.0716863187302,-5.850380043239144,0.15
3862,528,29,144.15803099368395,10.137699894793748,0.1
3863,528,286,211.35302259194316,-17.36414316181655,0.2
3864,529,528,297.51800439307505,16.005087478322306,0.1
3865,529,572,277.7615602280367,0.28381204560733586,0.15
3866,529,437,367.7245154452253,-14.344022683216204,0.2
3867,529,90,366.04532712486497,-2.735209575027014,0.15
3868,529,421,302.0559959606299,-10.137800605905507,0.2
3869,529,32,250.8176254367786,-12.6970561844832,0.2
3870,529,530,305.58813797860313,23.4893426355558,0.1
3871,529,411,168.96301603774612,16.123204040677603,0.05
3872,529,379,401.11277425584655,-16.023483861623,0.2
3873,529,559,323.07457798899037,15.489671023678266,0.1
3874,530,243,383.74741160740933,-17.629488258888593,0.2
3875,530,422,325.88145102739134,15.489219523007286,0.15
3876,530,588,249.003565669881,-3.260805919296484,0.15
3877,530,236,101.51219579576504,5.635734213195807,0.05
3878,530,580,215.34899701201783,-10.778142190871888,0.15
3879,530,344,135.04621379167628,10.51076400117297,0.05
3880,530,46,320.5083456238662,1.5374475953034903,0.15
3881,530,100,235.14899572863632,21.999689473905796,0.1
3882,530,369,279.06612766408387,-3.3666139518896188,0.15
3883,530,526,446.7976694510595,-18.426149582341054,0.2
3884,530,549,278.9548845388946,15.035644137352811,0.1
3885,530,380,264.5863165697021,-4.746674173939688,0.15
3886,530,191,107.76079007090394,11.63355153786349,0.05
3887,530,318,232.91405864323656,-7.440455567484499,0.15
3888,531,206,291.1951237741642,34.81962016195886,0.1
3889,531,239,218.4336684627494,-20.297043503700724,0.15
3890,531,245,357.7189117904487,-20.82566323143269,0.2
3891,531,238,225.5766730987312,-12.678759427544993,0.15
3892,531,102,315.3449137226486,-11.9254629416027,0.2
3893,531,411,317.5483580472402,-5.4258708267618605,0.15
3894,531,238,225.5766730987312,-12.678759427544993,0.15
3895,531,547,122.25054494256231,9.063615062809319,0.05
3896,531,129,285.2079794266688,-11.287903085999659,0.2
3897,531,213,135.8923162383574,9.446342254723628,0.05
3898,531,279,436.2555431425593,-13.522968528616074,0.2
3899,532,509,324.47182282204136,-20.61992657669378,0.2
3900,532,461,368.13579282504577,23.266352437016874,0.1
3901,532,181,232.50722795309997,-5.645187121858739,0.1
3902,532,146,300.493110664779,-6.376902867044226,0.15
3903,532,303,337.22655100927204,32.07519367956692,0.1
3904,532,47,283.58486731179124,13.305679919755239,0.1
3905,532,537,464.52949519733454,35.99204903946686,0.15
3906,532,101,309.33769327035935,-11.527546009446084,0.2
3907,532,205,303.8941702609389,-1.4206409478122488,0.15
3908,532,11,339.8995598253434,-8.879766026198483,0.2
3909,532,420,162.68440359772586,23.236820301470495,0.05
3910,532,131,317.80078825960146,23.027634609901288,0.1
3911,532,50,266.91857910965933,19.37910734110708,0.1
3912,532,426,347.41737453464015,17.438249906928007,0.15
3913,533,284,246.74238128360696,15.255804701271487,0.1
3914,534,569,329.92062531754016,-27.88600620236895,0.2
3915,534,528,388.2437525560878,4.649575511217538,0.15
3916,534,495,318.40906406698656,6.5106378133973095,0.15
3917,534,208,590.3026290202406,23.39214985606354,0.2
3918,534,89,343.5628431448594,16.122310786214857,0.1
3919,534,7,387.55460154611495,-21.09700976808274,0.2
3920,534,208,578.7797408414108,19.17166112621163,0.2
3921,534,436,360.9672490085535,0.2516873512830209,0.2
3922,534,574,337.04786314902356,19.18612262980468,0.15
3923,535,161,193.11670525051358,-12.256271282647376,0.15
3924,535,75,110.05221565905494,10.629729566834104,0.05
3925,535,8,129.2312795835286,12.903898390895836,0.05
3926,535,278,227.64381957337062,-30.544600321776038,0.2
3927,535,306,269.2275545559174,-18.148317120891026,0.2
3928,535,544,201.53310634525766,8.247033929242765,0.1
3929,535,538,253.55521843520967,-19.047440454062276,0.2
3930,535,353,95.41603628366728,12.42168159741857,0.05
3931,535,265,404.09970760600265,-8.808516045585325,0.2
3932,535,334,365.36741117197016,19.101816958355364,0.15
3933,536,365,408.4048316040342,31.569607901008553,0.1
3934,536,457,346.86785049133624,27.712512622834055,0.1
3935,536,241,296.9943309505952,38.17267206169524,0.05
3936,536,104,228.2964565044614,31.32638546687224,0.05
3937,536,479,315.1857906032247,4.579597650806171,0.1
3938,536,104,228.2964565044614,32.1872892576629,0.05
3939,536,288,477.233525489458,12.031005097891576,0.15
3940,536,532,303.3668087507356,0.5455367501470967,0.15
3941,537,29,251.09914162841955,43.82143016277709,0.05
3942,537,199,280.0601913630885,27.45059784077213,0.1
3943,537,71,452.50732504947734,34.75123126236933,0.1
3944,537,365,420.59418992040463,8.842737984080912,0.15
3945,537,143,231.249813619292,27.903110199806594,0.05
3946,537,411,404.5136661589146,-22.672550076162793,0.2
3947,537,37,207.46947303955997,30.36423616277608,0.05
3948,537,35,178.65537944427206,23.119449027993852,0.05
3949,537,43,274.88995507247614,26.61513876811903,0.1
3950,537,492,466.09643831191346,34.13733766238267,0.15
3951,538,38,436.6084007248355,-20.88753989127465,0.2
3952,538,82,349.59280982199095,-33.480978526701335,0.2
3953,538,588,282.52375268066714,-20.522337097899914,0.2
3954,538,173,241.07756612937033,-2.6972767174393084,0.15
3955,538,3,130.2752627198738,20.49278586152485,0.05
3956,538,129,285.75375518041324,-11.206036722938007,0.2
3957,538,34,218.35893337560918,3.129890859426599,0.1
3958,538,215,150.8797036459588,25.13919683861595,0.05
3959,539,576,188.19403545367922,16.613468901653704,0.1
3960,539,176,252.08173239659772,-10.909481274227513,0.15
3961,539,380,235.51154747141743,-6.0399164899440585,0.15
3962,540,544,248.99539012612834,12.535618962549123,0.1
3963,541,188,120.26445481958248,5.589327956759018,0.05
3964,541,432,104.41889454643868,1.5435078501726327,0.05
3965,541,383,293.9623408448323,-14.560148873275136,0.2
3966,541,330,164.63118794051047,4.2780294964071715,0.1
3967,541,547,122.61091200400536,9.107467070909248,0.05
3968,541,282,168.9846653247391,8.079634526126526,0.1
3969,542,102,316.34657991416924,28.10594497854231,0.1
3970,542,546,287.67812712278953,-29.32148093158156,0.2
3971,542,498,362.00824169611093,-8.612663745583344,0.2
3972,542,532,278.96847815532277,13.733169538830705,0.1
3973,542,54,347.7221733724445,33.88454334311112,0.1
3974,542,501,289.68663825197046,13.51200956299262,0.1
3975,542,131,359.4456450183119,5.193479003662361,0.15
3976,542,256,386.08662465697023,1.0414936985455547,0.2
3977,542,272,458.35796811414446,60.55409202853612,0.1
3978,543,165,354.0041912110872,-31.669071318336908,0.2
3979,543,524,111.84918095530153,-6.23884110682871,0.05
3980,543,25,417.0321236175998,-20.728681457360015,0.2
3981,543,14,189.21475468162373,22.05816130394244,0.05
3982,543,84,206.58472415620218,18.42182680359048,0.05
3983,543,587,350.64273100731305,9.926021201462603,0.15
3984,543,428,429.61047149448314,56.73570625660191,0.1
3985,543,485,155.220508009347,5.685502012500596,0.05
3986,543,157,282.1944839265062,0.016821785301230463,0.15
3987,543,550,495.1397491706495,14.731149834129887,0.15
3988,543,391,381.7326178459751,24.002873569195003,0.15
3989,543,158,129.21915042988002,9.630745190435022,0.05
3990,543,46,386.47067535490385,-15.202798696764415,0.2
3991,543,485,276.2089639999182,-2.043033245227986,0.1
3992,544,200,308.1126789642186,-6.467298155367194,0.2
3993,545,29,378.77920034333397,46.66785008583349,0.1
3994,545,98,251.12251071160466,-14.144423393259286,0.2
3995,545,137,464.3259167095207,-4.684912493571879,0.2
3996,545,37,340.9808348832951,-5.931974767505734,0.2
3997,545,367,337.5803795446188,22.539744886154708,0.1
3998,545,29,412.6871953572242,3.984379303583637,0.2
3999,545,176,327.5392443499528,12.96231108748821,0.1
4000,546,45,396.74672596318936,10.569820192637863,0.15
4001,546,326,374.314249455285,32.40647514579368,0.1
4002,546,560,173.57763235934982,10.565568998519812,0.05
4003,546,349,339.40745555335536,-32.98598166699668,0.2
4004,546,412,174.0075545871494,18.31964513622075,0.05
4005,546,533,285.3574598349797,15.672119609051759,0.1
4006,546,430,286.5668376365501,-19.02233247269,0.15
4007,546,187,234.7190450999687,33.70689286742637,0.05
4008,546,378,368.4354296105955,-19.56208555841066,0.2
4009,546,35,257.1416194737642,19.256438043546495,0.1
4010,546,576,314.43679866251034,34.337472507862195,0.1
4011,546,9,200.07101179504366,20.317578941228323,0.05
4012,546,294,313.98355201535946,-0.442564596928122,0.15
4013,546,285,369.8890715881142,-16.315239261782857,0.2
4014,547,360,392.6713071363363,74.90005055488156,0.05
4015,547,149,235.60278428180172,32.685813258247194,0.05
4016,547,434,188.26506979815977,4.486869745802819,0.05
4017,547,5,449.07509634875964,30.853444269751897,0.15
4018,547,569,309.7827279783987,9.989331994599695,0.1
4019,547,155,261.64845823685727,37.89050774324464,0.05
4020,547,468,272.81751059124946,28.89140429418549,0.05
4021,548,211,504.22543242375133,9.784021456614994,0.2
4022,548,19,354.8336977896985,3.8139484660869094,0.15
4023,548,17,265.07634184916117,10.772284651210846,0.15
4024,548,413,292.06726401765684,1.4052243048934159,0.15
4025,548,242,444.64010779377,-16.949760180460707,0.2
4026,548,334,172.5162022067272,28.43566477565055,0.05
4027,548,24,389.55443702596693,-24.471093576549773,0.2
4028,548,536,200.07708484658627,15.825674581795255,0.1
4029,549,39,642.3485431618685,4.544481474280282,0.2
4030,549,99,433.30719159277226,3.9987787389158527,0.2
4031,549,561,148.424921646327,-9.917884030329349,0.05
4032,549,447,239.49201887180487,25.099034667888283,0.05
4033,549,582,394.64488862890965,37.60547215722741,0.1
4034,549,433,311.66497803966297,-8.272179392067418,0.15
4035,549,302,295.42468291732314,41.04755548711002,0.05
4036,549,427,342.47449804810816,66.86504542928105,0.05
4037,549,89,384.06053398606554,-22.15531990209016,0.2
4038,549,250,212.49857030161184,10.122417670314483,0.05
4039,549,8,462.54022959326426,15.198845918652825,0.15
4040,549,270,363.607603918377,7.012345783675396,0.15
4041,550,193,385.4412148267146,18.2673679653429,0.15
4042,550,54,372.2244018009429,-6.3853397298585595,0.2
4043,550,448,268.06183055454824,8.080357638637068,0.1
4044,550,379,224.61158628164173,29.382326622848026,0.05
4045,550,112,339.5988231810428,14.465405795260708,0.1
4046,550,91,301.79793543955003,-13.195209684067487,0.2
4047,550,232,265.43723722206164,6.713809305515397,0.1
4048,550,230,347.6372182674904,-16.600917259876432,0.2
4049,550,269,369.79559045300147,-15.857461432049767,0.2
4050,550,395,187.7560571597367,13.108160782515665,0.05
4051,550,65,347.06881958888937,14.490304897222348,0.1
4052,550,492,252.91764881243677,46.68274904695786,0.05
4053,551,587,367.1478099070056,-10.164728513949145,0.2
4054,551,93,452.8019581847518,2.3653937277127888,0.2
4055,551,380,179.02054731000356,17.0784108998263,0.05
4056,551,210,250.61565634714697,46.63049171483016,0.05
4057,551,176,334.97403760230867,-5.5829424795382945,0.15
4058,551,202,408.3620386833406,42.100159670835154,0.1
4059,552,171,345.1784454495762,27.92276136239406,0.1
4060,552,116,132.6948445147031,15.95534667408376,0.05
4061,552,371,217.94283843434124,20.58367980049258,0.05
4062,552,61,198.57102975852195,-10.75751904829562,0.15
4063,553,458,213.43105588107272,26.945109968020034,0.05
4064,553,131,373.9183390855234,-13.499649137171467,0.2
4065,553,155,208.79756735450633,28.09443807038831,0.05
4066,553,16,427.66470082055037,15.283190164110046,0.15
4067,553,38,272.8105057671379,37.293988428054966,0.05
4068,553,301,399.349642464563,-14.65905363031554,0.2
4069,553,16,254.371651767461,36.943740388341766,0.05
4070,553,469,238.84391769724613,27.27876062441169,0.05
4071,553,448,283.05494446781995,-6.307361106436021,0.15
4072,554,304,356.108160061631,-10.893075990755339,0.2
4073,554,550,501.9600782964056,-15.016788255539142,0.2
4074,554,318,232.5128740118035,8.078765461583387,0.1
4075,554,164,325.751734536413,-1.5129030927174139,0.15
4076,554,163,257.68800569593805,8.731772075811666,0.1
4077,554,564,386.4390477840383,12.525134556807629,0.15
4078,554,52,129.6803956360581,13.16179918985493,0.05
4079,554,557,418.4586995681717,3.2496399136343292,0.15
4080,554,223,262.98978789340333,-20.342717421319342,0.15
4081,554,77,244.62522032042443,-31.19881695193632,0.2
4082,554,571,491.885290607289,18.227083121457767,0.15
4083,554,506,338.941784730843,35.629159332184386,0.1
4084,554,209,357.82043069022683,-2.192235396465957,0.2
4085,554,69,395.184100195399,28.542030080826446,0.1
4086,555,491,106.57721900210176,12.424159710864604,0.05
4087,555,54,231.72895878710398,18.732207065485824,0.1
4088,555,444,124.38819193156178,9.088320450613395,0.05
4089,555,443,312.5501471682414,-29.12737792476378,0.2
4090,555,443,280.9172364210246,-11.476386955295693,0.15
4091,555,57,269.38480449306337,-4.173083253387826,0.15
4092,555,443,118.18930632251492,7.4702797678993385,0.05
4093,555,179,105.95508563006086,10.323346438315308,0.05
4094,555,353,118.74730223352067,16.70339905807097,0.05
4095,555,395,292.9374909817614,-12.959168986148358,0.15
4096,555,540,246.5900339099427,12.94215816244197,0.1
4097,555,122,287.59193028814,-29.428610456778983,0.2
4098,556,288,350.4006383996566,22.994000714494003,0.1
4099,556,322,266.9873750481816,-41.07439374277274,0.2
4100,556,555,284.6684096821965,8.704148825760495,0.1
4101,556,379,310.78825046420644,21.606874110159474,0.1
4102,556,407,253.80091243279537,0.7685324865590673,0.15
4103,556,371,375.2667683629595,-8.132171327408116,0.15
4104,556,540,167.1016046704476,18.517002532763065,0.05
4105,556,527,407.3518957983197,40.09002380076625,0.1
4106,556,501,130.82221221362522,11.82855018856272,0.05
4107,556,264,248.7874275727479,21.81809671160064,0.1
4108,556,79,187.94246970176158,21.373257596862285,0.05
4109,556,64,121.9903651722869,2.8389997562548945,0.05
4110,556,436,335.806264873787,-3.522460268931951,0.2
4111,556,575,423.2385437867688,31.70525875735374,0.15
4112,557,511,466.4500547967606,22.161185959352082,0.15
4113,557,446,463.051479846348,12.911520969269588,0.15
4114,557,429,383.885632898368,46.53848562126843,0.1
4115,557,314,383.8298263227552,1.7027152645510206,0.15
4116,557,157,270.5033809242549,15.388527950450882,0.1
4117,557,449,302.14784257317933,-22.440423614023082,0.2
4118,557,21,379.95489238020167,26.06649619522767,0.1
4119,558,128,337.5301292444175,38.540453149162516,0.1
4120,558,537,423.45890742665836,56.67193439453129,0.1
4121,558,394,283.0220114359576,8.520345331457754,0.1
4122,558,258,309.1312668583564,-12.798209971246534,0.2
4123,558,234,105.32316400424259,7.13785290172113,0.05
4124,558,80,185.63119059546545,14.391963172745427,0.05
4125,558,259,327.92215871689774,31.022814362277416,0.1
4126,558,436,303.835346444385,33.62872976324068,0.1
4127,558,359,142.2677799108452,9.481144782311649,0.05
4128,558,581,209.7204977057898,31.154049960454948,0.05
4129,559,332,524.8895632003075,8.681534480046153,0.2
4130,559,384,265.33245051829033,42.102567108043445,0.05
4131,559,183,243.59656467306132,-34.16341529904081,0.2
4132,559,483,219.07924873273794,26.673493648646026,0.05
4133,560,189,370.08343096585384,-29.73438535512191,0.2
4134,560,206,383.4755202530159,50.713178358913574,0.1
4135,560,1,174.06122130565615,29.764595213542293,0.05
4136,560,354,252.4049394848832,23.81491262324438,0.1
4137,560,438,160.7477110154992,19.286152343377772,0.05
4138,560,92,427.18873445270265,25.933096890540497,0.15
4139,560,234,170.08700624075564,2.9278888906073313,0.1
4140,560,42,314.95511497468095,16.130547994936187,0.15
4141,561,313,295.42214937509203,-31.648677593736185,0.2
4142,561,159,289.60095843191914,-10.193093277630803,0.15
4143,561,115,273.93890682895324,-8.638663975657009,0.2
4144,561,24,359.9073387160417,-0.8751042279088992,0.15
4145,561,82,132.68258501833753,7.236952523937173,0.05
4146,561,215,154.3925302994853,25.877495668939776,0.05
4147,561,397,120.80549595913165,6.236362710369754,0.05
4148,561,332,178.42590505344174,28.965923511645464,0.05
4149,561,36,181.25240515978032,9.491824037331414,0.1
4150,561,586,181.52341990801,6.018599072834817,0.1
4151,562,578,328.85017017060545,-15.626274474409172,0.2
4152,562,526,477.60108826646797,-11.615636760029775,0.2
4153,562,322,268.6365826782086,-22.46280846435829,0.15
4154,562,295,321.28389978009216,21.057574945023045,0.1
4155,562,89,335.7609892526713,14.171847313167834,0.1
4156,562,480,170.8372375004722,7.8128847477913865,0.05
4157,562,253,349.0376681092448,-9.039691378151058,0.15
4158,562,518,384.00395852179395,31.410139630448484,0.1
4159,562,580,242.65919633939689,6.676749084849218,0.1
4160,562,309,200.98470196183047,32.03125265534215,0.05
4161,562,415,190.98050261908548,31.07129641196322,0.05
4162,563,433,291.1669915452653,-31.15425126821019,0.2
4163,563,337,273.7166582564237,-15.149418348715262,0.15
4164,563,116,226.66399714668756,1.6311744293375057,0.15
4165,563,373,129.73449649812434,14.525857512850735,0.05
4166,563,39,576.1992540643942,-5.3779118903408545,0.2
4167,563,383,292.4016789541148,4.178210790822959,0.15
4168,563,80,150.53368616236747,9.890315593441183,0.05
4169,563,490,339.714670689302,14.856859137860397,0.15
4170,563,300,303.4278334050858,-24.945824989237124,0.2
4171,563,61,194.88965708171384,-24.06565143774291,0.2
4172,563,50,286.74158729108393,4.306342458216761,0.15
4173,563,108,294.9839648016957,-24.758805279745626,0.2
4174,564,330,237.8672350343575,-5.017199874982578,0.15
4175,564,547,230.36455084644888,7.126535563614414,0.1
4176,564,59,386.42496219332986,-6.713855671000498,0.2
4177,564,379,267.75307386278524,17.40529387673208,0.1
4178,564,432,111.41879427897928,1.9989640019121566,0.05
4179,564,529,255.20943377577817,-33.54038493363326,0.2
4180,565,421,212.84382410434108,16.700587976328862,0.1
4181,565,317,133.86699109498355,17.756215325115313,0.05
4182,565,518,392.3113029555823,-16.081404556662655,0.2
4183,565,512,342.4734846717741,0.12434911589731712,0.15
4184,565,146,214.00572933095194,2.977952178413126,0.1
4185,565,346,355.9532959594582,-25.89850560608125,0.2
4186,565,396,286.70165157789995,13.189052929078418,0.1
4187,565,430,274.165136173221,-21.12601880058498,0.15
4188,565,538,285.73704127144134,0.8267459919786084,0.15
4189,566,99,83.45803694855022,10.499533859245986,0.05
4190,567,438,244.81756451412593,14.81355934154167,0.1
4191,567,355,275.27040281049943,6.549635224989359,0.15
4192,567,53,243.00277957263262,19.509321965254657,0.1
4193,567,324,485.36533886955027,26.077429770915295,0.15
4194,567,446,442.35902117406124,11.265896487602305,0.15
4195,568,75,377.1624162598123,-16.624737561028134,0.2
4196,568,351,193.87198174425527,17.610558419794987,0.05
4197,568,477,292.55826749091284,5.8770034981825425,0.15
4198,568,500,391.45094536394436,-11.611258195408336,0.2
4199,568,310,292.45380213119125,28.637526368721517,0.1
4200,568,292,279.76152357134544,7.600154714269074,0.15
4201,569,244,163.1648668755089,-8.39058840467141,0.15
4202,570,2,249.72556472599325,46.847081909877566,0.05
4203,570,54,365.4926034512658,14.918520690253139,0.15
4204,571,588,287.56907444955937,-18.670538832566077,0.2
4205,571,158,174.38310037978044,2.660027066358646,0.1
4206,571,110,255.75940781912848,-20.621793436174315,0.15
4207,572,513,488.0488080672534,-1.0234787899119873,0.2
4208,572,376,404.3674311871027,5.571061237420508,0.15
4209,572,119,364.36471154304843,21.45525294867555,0.1
4210,572,469,197.28760786972612,21.20537124963981,0.05
4211,572,23,346.97748320274854,18.567016010651262,0.1
4212,572,550,490.3137229275931,14.860944585518602,0.15
4213,572,14,314.574012204917,20.8953361621778,0.1
4214,572,330,260.4942526771913,-3.9807744645617493,0.15
4215,572,474,353.2772792306228,-0.4099191538754461,0.15
4216,572,256,363.84706092124793,18.98328718424957,0.15
4217,572,366,341.4529315955142,24.830279786582473,0.1
4218,572,107,107.23888752146303,1.423812016493974,0.05
4219,572,366,379.92588869695413,7.396077739390805,0.15
4220,572,557,420.8255985993402,4.818019719868012,0.15
4221,573,407,298.05907274761205,-7.935539087858182,0.2
4222,573,199,324.1747816432153,-2.090482753517703,0.2
4223,573,2,444.33811471207366,37.62197294241472,0.15
4224,573,124,535.8532271927486,63.41140679818715,0.1
4225,573,142,347.1136129878933,3.8804975975786498,0.15
4226,573,225,500.63227418107516,-13.711458872838717,0.2
4227,573,218,507.4718660045144,13.995079900677183,0.2
4228,574,157,276.8681340806884,-1.0484481838623285,0.15
4229,574,189,360.373606538431,-7.898553692313803,0.15
4230,574,577,187.5589471825229,33.022323372745774,0.05
4231,574,467,387.1297845561137,48.46267712297647,0.1
4232,574,428,442.4867516628458,29.92900033256914,0.15
4233,574,395,278.3672331997561,4.511516698598815,0.1
4234,574,210,360.00433471397463,46.260330355156455,0.1
4235,575,143,346.0119218256069,22.350130456401747,0.1
4236,575,188,360.05243236763863,-29.544035144854185,0.2
4237,575,537,481.7083515793046,39.427820315860856,0.15
4238,575,211,546.6773041894542,50.663460837890796,0.15
4239,575,447,341.52039011298837,-18.14154148305172,0.2
4240,575,38,441.44668285985813,39.08187071496453,0.1
4241,575,42,330.60048591218737,19.259622182437468,0.15
4242,575,482,288.4928792529614,16.83556981324035,0.1
4243,576,126,439.75515241386597,62.49937308000891,0.1
4244,576,295,174.43408000623114,19.322567989265412,0.05
4245,576,580,250.74659993228408,-9.640855013543195,0.15
4246,576,27,355.1166073373957,14.037246467479129,0.15
4247,576,383,302.1332962951932,6.124534259038622,0.15
4248,576,116,241.60444830633298,-10.834832754050037,0.2
4249,576,382,150.420899154354,16.956036509951492,0.05
4250,576,182,276.7783875993476,4.540826783573866,0.1
4251,576,263,399.93462265560333,24.74317453112065,0.15
4252,576,132,288.0706292984479,-22.140805605232803,0.2
4253,576,141,278.45647108107295,8.565711493357533,0.1
4254,576,304,361.1579665746218,-12.325605013806715,0.2
4255,577,254,223.3835916912933,38.89317877816861,0.05
4256,577,283,312.8255773337058,-19.181763399944124,0.2
4257,577,105,312.87811143884505,-12.401227712230998,0.15
4258,577,223,259.60702594186444,-4.204293514533881,0.1
4259,577,398,288.2960305588105,39.29478141874027,0.05
4260,577,322,271.28297867765644,-21.93352926446872,0.15
4261,577,530,404.70940513952013,-9.19778922907197,0.2
4262,578,446,222.9391822094931,30.01561176029235,0.05
4263,578,95,374.50240218065494,25.7565677180636,0.1
4264,578,377,184.600204716779,21.38040888470811,0.05
4265,578,435,152.81048787914557,22.561314276054567,0.05
4266,578,443,315.9529495325939,-8.212435093481247,0.15
4267,578,54,362.5071095757134,-8.93793356364299,0.2
4268,578,172,531.5717688064007,1.500665320960131,0.2
4269,578,437,176.8384287962799,21.789022116199256,0.05
4270,578,450,316.5494128587105,-23.039288071193404,0.2
4271,579,482,191.31695920099594,-7.822070422005025,0.15
4272,579,578,250.66936334967346,-19.68407633185892,0.2
4273,579,64,219.84902079158962,-34.7766391262854,0.2
4274,579,80,288.73830871819865,-33.10392069542486,0.2
4275,579,65,173.99370285751667,0.5014539073460682,0.1
4276,579,141,194.7413315037786,-11.608751804426308,0.15
4277,579,154,218.8705972183171,-27.016418679876335,0.2
4278,579,438,225.6230466250654,-2.802418355884008,0.15
4279,579,378,232.78928270241195,-5.935527132925692,0.15
4280,580,135,199.54159842356103,-17.396932767750705,0.15
4281,580,269,219.81581451055263,10.905190506534908,0.1
4282,580,297,133.54349971737145,16.401749468344022,0.05
4283,580,25,250.01059052103312,10.240384018611891,0.1
4284,580,58,325.77873123646077,-17.08709031453087,0.2
4285,580,57,256.9949772779962,-2.827110910885482,0.15
4286,580,523,284.1400808425585,-13.575902121639414,0.15
4287,580,16,405.89350708047095,-14.288973937929333,0.2
4288,581,550,537.5963297027604,-10.766350544585912,0.2
4289,581,261,347.138122197994,-0.36462556040121896,0.15
4290,581,561,207.4497272727518,-32.13525454544964,0.15
4291,582,354,315.61688651638997,14.691652303277987,0.15
4292,582,583,399.85474101642814,13.422448203285608,0.15
4293,582,446,292.59525489140105,41.3261963638599,0.05
4294,582,133,230.43083061707355,-17.082833876585294,0.15
4295,582,338,207.2675911204476,18.348377601358578,0.05
4296,583,183,158.3904354714287,-32.55000706663941,0.2
4297,583,226,155.53006504654343,2.649903464627865,0.1
4298,583,165,85.11478547372148,2.574623933472303,0.05
4299,583,81,338.22247816301405,-25.814917489764547,0.2
4300,583,210,305.0993998463908,-6.771070391333396,0.2
4301,583,132,162.7552932262372,-10.371009349599696,0.15
4302,583,285,155.32282727302407,4.790890812774318,0.1
4303,583,527,304.76032332068485,1.3826466430442181,0.15
4304,583,61,85.22747634972906,-4.242923999645953,0.1
4305,583,429,232.63255028008467,4.760262043513912,0.15
4306,583,360,299.95079365011895,10.159706332141795,0.15
4307,583,511,115.64764873846656,13.852663020658525,0.05
4308,583,430,124.17687389281893,-7.507743560027795,0.1
4309,584,5,476.6010116583983,6.462451748759754,0.2
4310,584,71,377.6445074708739,50.17395230610077,0.05
4311,584,65,387.93184589435344,0.15221917887066638,0.15
4312,584,292,306.6935127583019,10.796552551660362,0.15
4313,584,122,243.0663630684838,20.464222768948698,0.05
4314,584,379,329.53583122306594,46.985735626720924,0.05
4315,584,113,319.86679006420223,38.063582768919865,0.05
4316,584,179,324.4842759008732,-10.537758614869011,0.2
4317,584,543,242.44985832823423,-31.06182125076487,0.2
4318,584,273,332.10627264466257,34.28241816116564,0.1
4319,584,524,235.69304289785282,-41.19214356532207,0.2
4320,584,408,248.5567155723308,17.686330249205984,0.05
4321,584,103,367.79150913770735,18.345601827541458,0.15
4322,584,55,201.5518438749046,11.620032524806149,0.05
4323,585,117,60.11438666625661,5.870368630517763,0.05
4324,586,154,48.77238833441402,0.21862146657410264,0.05
4325,586,441,136.6719680095183,-9.954973090849684,0.15
4326,586,585,86.91664910544654,9.330577862517742,0.05
4327,586,304,173.7424560751803,-19.03629365112191,0.2
4328,586,90,66.21467800792081,2.170101882877219,0.05
4329,586,356,112.55311347302523,-4.145173890021503,0.1
4330,586,79,174.97614156276416,-10.397981673331556,0.15
4331,586,386,50.576498401876194,0.17811815836675393,0.05
4332,586,575,133.14635200341456,8.80843034264791,0.1
4333,587,515,231.40433866001894,31.564744650376895,0.05
4334,587,8,440.9235560592224,10.875511211844458,0.15
4335,587,126,269.13573368820107,52.49525548087624,0.05
4336,587,374,272.90453229451117,-2.07126854109778,0.15
4337,587,121,323.53244836130943,56.046814711316635,0.05
4338,587,351,388.1727685286555,20.54484213216389,0.1
4339,587,260,510.39591887585937,27.01893377517186,0.15
4340,587,76,328.47714750128944,-0.1599204997421264,0.15
4341,587,330,254.66594726073882,12.458736815184714,0.1
4342,587,140,310.91124255220814,11.617748510441608,0.15
4343,587,396,410.0117833860643,2.244856677212841,0.15
4344,588,424,187.01177521956816,30.668712078567324,0.05
4345,588,437,349.73834577596614,28.86769189949834,0.1
4346,588,492,241.40027933768124,44.205917401094034,0.05
4347,588,439,254.88435297671796,-13.645547053492294,0.2
4348,588,520,228.73347504472906,3.5654102308598237,0.1
4349,588,363,304.03479863287805,1.833947395700827,0.1
4350,589,420,165.46286523511603,24.34269348719949,0.05
4351,589,360,513.2498861062703,34.170527221254034,0.15
4352,589,3,370.66286827813553,0.0230302417203454,0.2
4353,589,7,369.91333334950383,-23.743199997574422,0.2
4354,590,488,509.56597333990373,76.83784333497594,0.1
4355,590,418,317.2493504614113,38.80369273757677,0.05
4356,590,573,372.25923543190123,-3.293614685214793,0.2
4357,590,294,349.63441642391,4.497608284781986,0.15
4358,590,246,433.48703062621587,15.524031125243155,0.15
4359,590,418,392.3190425306981,-12.922943620395268,0.2
4360,590,573,372.25923543190123,-3.293614685214793,0.2
4361,590,136,311.70533058978464,38.94630443907277,0.05
4362,590,421,284.36304591919907,44.58699680917247,0.05
4363,590,138,394.2921574670801,38.13298936677002,0.1
4364,591,41,138.75003771617355,21.663809032177234,0.05
4365,591,489,304.58587530495674,-12.042318704256477,0.2
4366,591,258,299.9109729405678,-14.181254058914824,0.2
4367,591,477,287.1598034295391,4.797310685907799,0.15
4368,591,188,142.1500016727791,7.192305876679207,0.05
4369,591,440,205.08422227470794,11.8920623726939,0.1
4370,591,451,243.37092345520387,9.104287605517737,0.1
4371,591,69,194.6186264815595,21.950941372794492,0.05
4372,591,167,254.93844993555655,3.432381083889897,0.1
4373,591,382,277.7561827778007,0.8388615555601238,0.15
4374,592,577,437.73669884456814,33.9598897689136,0.15
4375,592,524,215.88284743672227,-15.48063814081943,0.1
4376,592,45,410.43737989063413,37.34319497265854,0.1
4377,592,550,511.59170379687777,51.80512594921945,0.1
4378,593,523,233.07699486588695,-14.430350443269786,0.15
4379,593,199,144.57274269265417,7.746497886780478,0.1
4380,593,248,180.6100659640228,-4.17195943558667,0.15
4381,593,279,308.3416275266102,3.448575303519263,0.15
4382,593,289,145.16683473843347,-6.673775478116759,0.1
4383,593,335,103.62854299714344,9.302263060748821,0.05
4384,593,179,83.72590259269379,7.175764056146747,0.05
4385,593,158,165.3817724798869,-10.48745879484208,0.15
4386,594,444,341.34595493642735,-25.774506759535882,0.2
4387,594,40,192.07296771710926,21.676540563951292,0.05
4388,594,243,187.0043182793911,23.338179499513007,0.05
4389,594,479,148.56912046996223,5.8542982420103975,0.05
4390,595,383,234.92858124693208,16.210303953369557,0.1
4391,596,328,160.18345445034984,15.443953357311322,0.05
4392,596,473,282.6039325169263,9.927975064364201,0.1
4393,596,547,304.2811572388137,13.670101669299878,0.1
4394,596,329,338.4200938306292,33.21330219580844,0.1
4395,596,494,320.7849077110876,6.2729315422175205,0.15
4396,596,108,148.36568315781125,12.737355411842522,0.05
4397,596,359,284.9902729620381,-27.21265905569428,0.2
4398,596,468,365.6617940573765,-27.27863089139352,0.2
4399,596,384,391.81281954059756,-4.550077068910362,0.2
4400,596,561,175.4485952650132,-22.05141879714483,0.1
4401,596,223,272.22090558153076,-37.037164162770374,0.2
4402,597,342,328.2749190417257,34.92303111584797,0.05
4403,597,365,447.74589316331065,14.273078632662099,0.15
4404,598,305,286.19166349130654,-17.33605047630401,0.2
4405,598,128,373.1561535074547,45.39393837686369,0.1
4406,598,495,220.66308049989198,27.441955089636053,0.05
4407,598,462,369.83294628407043,20.043036571017605,0.1
4408,598,131,371.985409901836,9.891431980367177,0.15
4409,598,494,324.0214037753219,26.682050943830482,0.1
4410,598,24,410.46828906006056,30.742322265015144,0.1
4411,598,332,529.1994911019408,8.233023665291128,0.2
4412,598,1,269.0285320385159,48.76876598851538,0.05
4413,598,81,524.4404172777536,-14.130837408336935,0.2
4414,598,228,168.98877529978995,7.260429624983301,0.05
4415,598,306,227.6865906303879,30.07667071996871,0.05
4416,598,440,301.72528045345274,-10.478407931982083,0.2
4417,598,161,276.8092425153565,8.83356062883913,0.1
4418,599,520,91.28664917258065,-3.798289800557278,0.1
4419,599,363,69.73201852651893,0.28233243967775756,0.05
4420,600,462,335.6245402191072,13.68985231760998,0.1
4421,601,547,339.21481832815664,-3.740736334368691,0.15
4422,601,382,282.93342352869024,2.9693097057380378,0.15
4423,601,264,324.95602972702096,-7.618595540946838,0.2
4424,601,204,448.32877734618364,-6.04178339807244,0.2
4425,601,286,166.84206577059797,21.716443885980453,0.05
4426,602,37,315.275394828035,11.609853965606995,0.15
4427,602,462,346.105317086941,16.742923880299916,0.1
4428,603,132,286.6421203165707,-5.0952259366858845,0.15
4429,603,218,434.69476846268384,59.30974211567097,0.1
4430,603,43,295.31730194782216,-5.8115047078266695,0.2
4431,603,343,442.5931763299581,9.060910265991613,0.15
4432,603,351,424.93324401558885,-24.27211339766167,0.2
4433,603,100,379.5322661366414,22.580528227328266,0.15
4434,603,303,367.35356860759146,36.91784215189786,0.1
4435,603,249,385.4820808271973,22.38119116543944,0.15
4436,603,26,234.51601635930626,25.08528427981067,0.05
4437,603,196,269.5470980016214,47.05591917394095,0.05
4438,604,208,552.1840520248437,16.277307803726572,0.2
4439,604,269,352.9674428261987,3.272188565239734,0.15
4440,604,299,320.90893394014523,19.805667972814916,0.1
4441,604,223,265.36570541072683,-19.867533917854644,0.15
4442,604,256,188.43870496542212,31.338776716583318,0.05
4443,604,15,233.62770061390972,-14.502459877218067,0.15
4444,604,274,254.31925348226252,-25.890349303547495,0.15
4445,604,407,259.3537366634421,2.9740973326884017,0.15
4446,604,487,210.96490610161044,38.24645129752639,0.05
4447,605,122,274.7669295182683,6.248093215779189,0.1
4448,605,283,155.91617786374917,14.684309305667917,0.05
4449,605,551,219.76179301598756,24.776861445156804,0.05
4450,606,393,317.3638990131993,-25.353915148020107,0.2
4451,606,392,274.41913479770335,4.385283699425841,0.1
4452,606,542,241.61314183810106,24.963679464567058,0.05
4453,606,258,318.71550659817206,7.818576319634396,0.15
4454,606,40,406.6470360819278,31.63845902048194,0.1
4455,606,175,320.6347603763441,8.956252075268807,0.15
4456,606,2,297.5178364601793,57.23391952602959,0.05
4457,606,56,418.0066292227758,-13.639105616583617,0.2
4458,606,86,380.5308319624007,0.26382479436011863,0.2
4459,606,33,281.1401623090876,-33.710475653636834,0.2
4460,606,128,272.9314786159145,47.65418952456923,0.05
4461,606,218,468.76625652798833,39.10342630559764,0.15
4462,606,263,402.11031737858923,51.04507934464734,0.1
4463,607,0,150.38657737524522,7.320789475183114,0.1
4464,607,64,267.7286225371372,-37.756606619429405,0.2
4465,607,123,110.72158564400614,8.488082512231205,0.05
4466,607,185,121.06702302194925,16.839955013356015,0.05
4467,607,435,254.8195516117164,7.979601353471871,0.15
4468,608,115,231.10328772657834,36.22541225259107,0.05
4469,608,298,335.05390569742076,6.791756139484132,0.15
4470,608,139,393.95386603107454,79.96068320838825,0.05
4471,608,147,496.1861649154506,2.4797247373176035,0.2
4472,608,573,359.79976120441944,-7.352535819337058,0.2
4473,608,351,329.52914691623783,36.84858470964649,0.05
4474,608,82,367.4742245921039,15.18990614802599,0.1
4475,608,314,432.39584955416933,-15.709622566874584,0.2
4476,608,20,299.3989278810781,34.62979101412487,0.05
4477,609,452,148.1766702469318,16.739546837002138,0.05
4478,609,299,230.38298561637805,10.472902698096235,0.1
4479,609,581,401.99097756553493,-10.136653365169753,0.2
4480,609,477,110.39941946884895,12.534990210253763,0.05
4481,609,459,325.93507980226815,3.8669917121801944,0.15
4482,609,549,287.9089604173724,15.244219205456197,0.1
4483,609,359,103.94569790857675,5.53734175617136,0.05
4484,609,73,241.56922467669025,4.129025370557002,0.1
4485,609,4,242.19004955325545,20.60503112999975,0.1
4486,609,134,93.53041406657277,2.527937307029589,0.05
4487,610,305,252.88045071006422,-21.237732393490354,0.2
4488,610,207,218.87133056809625,1.5480350543678743,0.15
4489,610,487,397.36914777002517,0.5179721655037959,0.2
4490,610,58,204.21753363982344,10.952342107714482,0.1
4491,610,196,422.1878989355633,-3.322915159665481,0.2
4492,610,346,124.83251984516424,10.743320340708433,0.05
4493,610,401,253.5207879437317,4.803748887694329,0.15
4494,610,365,392.894876126492,-22.181368581026184,0.2
4495,610,399,153.5291666910628,21.438249793532506,0.05
4496,611,547,336.9572863502107,-25.984607047468398,0.2
4497,611,346,137.51524927370912,12.450911444093215,0.05
4498,611,574,124.00268820531085,18.194603278266385,0.05
4499,611,577,152.05525550551266,25.093488332225505,0.05
4500,611,338,296.9722788654103,-9.336886445642905,0.15
4501,611,207,261.45793280278633,-12.817610079582037,0.2
4502,611,79,162.92297386295144,17.554769358121103,0.05
4503,611,262,95.58885792829876,8.704629190872485,0.05
4504,611,472,175.25948308270833,-16.77755157842257,0.15
4505,611,84,258.694258420054,8.197439861834347,0.1
4506,612,150,392.36652797864144,-6.964220803203766,0.2
4507,612,174,306.65267046959707,-14.121299429560432,0.2
4508,612,116,209.10483986082647,-0.5953238727393106,0.15
4509,612,269,346.7646482053387,-19.312102769199175,0.2
4510,612,348,300.17324757317556,-15.018705591331374,0.15
4511,613,154,46.40779859539916,0.005809553467555517,0.05
4512,613,185,138.64136838323452,-3.99485875948222,0.15
4513,613,187,128.57135179588326,2.390057018168612,0.1
4514,613,375,82.47213842990747,-6.53771389536521,0.1
4515,613,13,101.69175004472517,-1.4920004599359888,0.1
4516,613,90,63.004448746311624,2.2062856447227155,0.05
4517,613,106,56.842065794150656,0.9345226720263273,0.05
4518,614,532,291.9475544114125,-21.549566838288108,0.2
4519,614,472,191.06597198099686,-16.04865560380064,0.15
4520,614,39,287.14302509372123,45.87746220364596,0.05
4521,615,162,148.21595386096104,-14.888011457592711,0.15
4522,615,421,181.2557929629541,-0.6990224469535811,0.15
4523,615,238,161.031914266868,-13.129455887063848,0.15
4524,616,70,141.35561076542754,9.762779926646342,0.05
4525,616,302,155.66467741893354,18.14203047750931,0.05
4526,616,584,261.9476390017009,18.6126009930852,0.1
4527,616,131,347.9519501422685,-17.394607478659715,0.2
4528,616,229,319.5365303933549,-20.303520440996756,0.2
4529,616,492,443.09225313290796,3.1006379699362085,0.2
4530,616,501,206.7937697833837,5.873730930383925,0.1
4531,616,0,237.050250222881,3.5529235191753497,0.15
4532,616,350,269.0739036156393,-22.109631918517515,0.15
4533,617,398,478.164557038024,-18.693316444296386,0.2
4534,617,395,219.3707897965893,1.5409865723442184,0.1
4535,617,472,126.79805174181502,-6.852215138211614,0.1
4536,617,303,139.91818467862998,18.466923701222676,0.05
4537,618,226,236.46232056544108,11.060753004798933,0.1
4538,618,34,226.84388327035242,2.9699463045306054,0.1
4539,618,259,135.63962227825596,18.26139349098574,0.05
4540,618,570,245.47351881748068,8.602966038973168,0.1
4541,618,359,104.53296160795882,5.145216915810501,0.05
4542,618,110,259.04607068182963,-36.72738939772553,0.2
4543,618,40,151.70884732055552,15.64624007829682,0.05
4544,618,267,272.24598794804274,4.096774690256215,0.15
4545,618,253,228.49946896319378,2.1705823594057936,0.1
4546,618,98,153.19609895489072,5.318889403575891,0.1
4547,618,206,174.47656641532672,30.982534989788938,0.05
4548,618,213,340.3945770203725,-10.767881235825994,0.15
4549,619,289,286.6939916041588,-36.24960125937616,0.2
4550,619,202,423.35586806501175,-9.669719790248223,0.2
4551,619,522,211.26465742123688,-14.16614351575263,0.15
4552,619,207,122.54963702498658,15.105179585270248,0.05
4553,619,376,399.34494930190925,4.566564860381828,0.15
4554,619,247,422.22280101233764,11.463310202467532,0.15
4555,619,416,228.52551431510506,18.617853253293955,0.1
4556,619,495,249.84485457228453,16.032653097259736,0.1
4557,619,83,378.8059175631653,-28.174612365525178,0.2
4558,619,4,169.77993892993447,25.207715448441284,0.05
4559,619,246,381.175490593292,6.15672311865838,0.15
4560,619,576,270.2735327364918,28.740620119531748,0.1
4561,620,265,238.83283413527832,1.5257131412810807,0.15
4562,621,468,153.44695390804975,13.084653109353756,0.05
4563,621,208,522.2904895551627,45.646672911032546,0.15
4564,621,29,163.65018767192623,26.761117829319822,0.05
4565,621,79,323.3894252514517,20.439794381032502,0.1
4566,621,112,340.5673800026154,-8.462073999476942,0.15
4567,621,402,285.65397062154494,31.207826385910085,0.1
4568,621,462,358.6376135415205,-7.096677291695899,0.15
4569,621,150,171.92821272926096,26.298973760744218,0.05
4570,621,306,239.92538883415267,15.514720362870285,0.1
4571,621,103,338.8313511390862,-11.467497329137053,0.2
4572,621,457,147.74952775522823,16.36849311790418,0.05
4573,622,386,139.7415929842834,9.328879527272957,0.05
4574,622,258,147.23774947497037,17.65303531271505,0.05
4575,622,387,211.08022770267166,28.047641175424474,0.05
4576,622,302,341.61545063803356,25.136096965080533,0.1
4577,622,99,387.3381466339465,23.204204326789274,0.15
4578,622,278,264.776804498925,-11.723314100215003,0.15
4579,622,580,217.45185093920867,4.733839725532231,0.1
4580,622,453,211.41273406532838,-30.40230318693433,0.15
4581,623,114,292.56759795478376,-6.860860306782428,0.2
4582,623,297,371.23157024654097,-12.948164463018836,0.2
4583,623,442,297.85958439105076,-23.809962341342363,0.2
4584,623,373,307.761819880491,-15.810027017926343,0.2
4585,623,12,223.56527953793704,-5.629162735337474,0.15
4586,623,408,202.9611414258173,-1.4620668541562214,0.1
4587,623,354,300.67175109631347,-8.836337335552967,0.2
4588,623,148,203.90928448225029,7.952820413957486,0.1
4589,623,472,189.30142785062233,-28.643385822406646,0.2
4590,623,389,139.39414774077926,21.49029877855518,0.05
4591,623,297,254.96269115672416,19.19612304361388,0.1
4592,623,342,139.09170943444164,10.478929899978326,0.05
4593,623,28,328.41846258823864,-11.64593061176419,0.2
4594,623,531,348.05130123216327,6.713696792344898,0.15
4595,624,87,439.13243801121746,-2.549034298317359,0.2
4596,624,467,517.8323341825384,13.209850127380776,0.2
4597,624,360,551.1165368668397,43.9338573733679,0.15
4598,624,31,233.13760865781228,35.20312251052484,0.05
4599,624,213,297.28729924841963,29.550568023678352,0.05
4600,625,229,196.53630161643423,7.5612603154946605,0.1
4601,625,126,385.3037892020325,26.71640040665102,0.15
4602,625,409,159.49162506222498,-6.407514073527767,0.1
4603,625,425,119.65529715044731,17.0970524001647,0.05
4604,625,415,118.84302828123634,16.33731441327431,0.05
4605,625,249,227.83239400165155,19.68216828336478,0.1
4606,625,196,421.9852254848884,-3.3533161772667235,0.2
4607,625,163,103.82055015398399,6.874424634111335,0.05
4608,625,140,186.16568731889376,14.150053223018745,0.1
4609,625,371,132.8733994132532,9.829214259386056,0.05
4610,626,93,235.026090373815,22.386579634706656,0.1
4611,626,507,96.08793106083463,9.91573548529459,0.05
4612,626,40,125.8792677350545,11.852726988054634,0.05
4613,626,455,81.1558033777813,-1.619342786768966,0.05
4614,626,339,270.8990970705775,-35.70019749919919,0.2
4615,627,436,357.1236565147152,22.35783130294302,0.15
4616,628,330,261.9973195741385,-21.651902063879206,0.2
4617,628,545,122.31521753023267,5.855357237894712,0.05
4618,628,307,274.46575021561404,12.687144858388237,0.1
4619,628,270,147.81380122392787,15.401841562738262,0.05
4620,628,199,122.25897892482091,16.37410088585644,0.05
4621,628,76,315.4682260303339,-4.951704793933235,0.15
4622,628,388,339.7857674940325,-4.5265348758950985,0.2
4623,628,155,148.1699790582024,18.63628758928915,0.05
4624,628,28,334.17556508580924,-10.782365237128605,0.2
4625,628,199,216.0335428994414,17.2323733706524,0.1
4626,628,443,244.16315199972132,5.407581287349689,0.1
4627,628,58,144.8818952617944,16.64415024958715,0.05
4628,628,392,272.7408138303807,-32.266877925442884,0.2
4629,629,483,291.28540524700605,17.771461331201703,0.1
4630,629,364,198.80991644983283,21.745976987250202,0.05
4631,629,247,396.2159049345538,35.60133435513458,0.1
4632,629,262,230.43482383983599,14.030409690339795,0.1
4633,630,43,245.79847174364852,22.95004354962426,0.1
4634,630,541,177.78373420366853,18.78351671899052,0.05
4635,630,384,339.0816296862892,34.614839433852346,0.1
4636,630,499,315.45173942618334,28.74823008560627,0.1
4637,630,354,303.80708696721035,10.139692393442058,0.15
4638,630,144,264.35987725508033,9.585793995013699,0.1
4639,630,90,371.331253732986,-2.7730242534028076,0.15
4640,631,138,397.57202679956623,-11.63349598006505,0.2
4641,631,149,326.6153737721763,-10.43989393417353,0.2
4642,631,223,160.31616620041848,4.5740785715059715,0.05
4643,631,246,410.89877110117914,-14.0396843348231,0.2
4644,631,223,271.997614306908,-18.541152138618408,0.15
4645,631,103,359.0144146707259,-6.250037799391107,0.2
4646,631,393,294.4121257965538,-9.92544984068926,0.15
4647,631,567,144.78989799357157,-0.5046408373741715,0.05
4648,631,531,403.730598029857,-9.205610295521435,0.2
4649,631,39,613.7828501556937,0.2596275233540766,0.2
4650,631,444,356.0039655447416,-25.765805168288722,0.2
4651,631,503,274.71076324513257,-7.864072350973511,0.15
4652,631,170,196.4221867460615,23.143439729310334,0.05
4653,632,560,182.52795391189574,-2.3599962356919413,0.1
4654,632,563,191.1095219324942,-10.895239566052213,0.15
4655,632,506,298.41826847326445,9.94311490790695,0.15
4656,632,58,308.1644849300366,-17.695806092070022,0.2
4657,632,372,282.20699202194794,-17.364744661134598,0.2
4658,632,567,181.47446326427269,-24.079726274646717,0.15
4659,632,89,194.3698122193789,2.5287197326749116,0.1
4660,632,430,262.81263787372325,-38.2435574310154,0.2
4661,632,1,209.47839005996087,21.254536879697078,0.1
4662,632,562,178.67208252096037,-30.1735888773051,0.2
4663,632,66,223.3028008953146,-17.54979809873656,0.15
4664,632,556,287.3346933859729,-33.29611330419464,0.2
4665,632,88,215.0170434409976,-5.805453315246167,0.15
4666,633,182,269.98692351571856,4.105278819071549,0.1
4667,633,358,503.4984681448956,23.864118628979092,0.15
4668,633,306,325.0991447497839,-13.6059282875324,0.2
4669,633,128,382.363660951391,-1.264050857291327,0.2
4670,633,264,318.21746469535725,10.786992939071432,0.15
4671,633,579,309.65765353221184,1.7374807064423408,0.15
4672,633,267,278.09238296752613,22.835152540640845,0.1
4673,633,113,198.63270344810587,19.29666094446666,0.05
4674,633,395,171.0590462929976,11.336939689802495,0.05
4675,633,208,275.56298436318104,54.56153331360472,0.05
4676,634,313,347.8492826868976,-25.974607596965356,0.2
4677,634,274,225.7994634632821,3.3336507302772675,0.05
4678,634,356,380.1729984322923,19.404799608073073,0.1
4679,634,132,321.3850946092598,-17.143635808611027,0.2
4680,634,25,417.44821209616117,32.6808030240403,0.1
4681,634,348,348.5196497635773,11.363812440894343,0.1
4682,634,509,328.03807121323246,20.741067803308116,0.1
4683,635,295,282.5077272543326,16.774623554292138,0.1
4684,636,220,326.58962378040184,64.77502874294709,0.05
4685,636,130,388.89076026685495,-0.293485959971747,0.2
4686,637,94,407.4668992779185,22.580104855583677,0.15
4687,637,337,280.86249579895974,-31.837625630156026,0.2
4688,637,539,108.66370387300172,9.027245373560735,0.05
4689,638,97,306.3133474215939,11.379619484318773,0.15
4690,639,327,272.93162444162635,15.390684489075547,0.1
4691,639,341,238.24288219365178,-0.574057229863989,0.1
4692,639,203,324.31244652819817,2.6101393056396063,0.15
4693,639,389,355.4673243162517,19.46381486325032,0.15
4694,639,149,309.92034782134476,-14.03914782679828,0.2
4695,640,563,258.0297665887785,-7.194221682244306,0.15
4696,640,357,246.65971870943804,25.88786003366447,0.05
4697,640,92,443.0113831956086,29.0976266391217,0.15
4698,640,143,342.71280131496377,23.71535032874095,0.1
4699,641,160,379.3043150807887,-21.209252737881684,0.2
4700,641,446,473.93053673839086,17.277332347678133,0.15
4701,642,406,349.6718384345682,-5.889624234814757,0.2
4702,642,111,456.0522965289848,42.07840268446315,0.1
4703,642,516,529.71035773881,-1.1915463391784726,0.2
4704,642,515,416.2169307989662,-11.856560380155047,0.2
4705,642,291,323.473848753703,14.557994750740587,0.15
4706,642,142,325.96118932471086,-21.21392160129335,0.2
4707,642,518,204.82752465902007,26.043770394821074,0.05
4708,642,472,176.81418799034603,-5.202644116549828,0.1
4709,643,489,121.02595977598924,14.989870710813875,0.05
4710,643,276,195.5131010671655,-8.72149054825962,0.1
4711,643,115,276.4948249897443,-8.25527625153834,0.2
4712,644,390,182.14108868722252,27.945633221580422,0.05
4713,644,300,320.1483288910922,-22.43775066633616,0.2
4714,644,375,274.5563224289811,1.6880306072452882,0.1
4715,644,303,379.35421279733316,15.557917559466603,0.15
4716,644,217,540.6048536414609,15.850528046219146,0.2
4717,644,159,320.05297483308357,14.0343437082709,0.1
4718,644,426,365.8851031599213,-4.383334526011801,0.2
4719,644,70,204.82239668409017,16.507730988386896,0.05
4720,644,504,277.52241826818045,-7.5177413463639216,0.15
4721,644,452,416.20373674727347,-13.049639487908955,0.2
4722,644,527,507.99958690450524,55.09684672612633,0.1
4723,644,448,158.32695742128897,12.119519828830434,0.05
4724,644,544,406.2491019183393,-18.681934712249102,0.2
4725,644,300,174.97150983958176,14.859519470359082,0.05
4726,645,567,131.02421980190178,-0.9972087449145934,0.05
4727,645,105,167.4382273264323,10.818571921592934,0.05
4728,645,379,401.17479682662,7.6015593653239755,0.15
4729,645,375,293.4282959441887,-31.079055608371686,0.2
4730,645,524,209.40912539242328,-31.664399921515358,0.15
4731,645,327,335.1497204221621,23.16898010554052,0.1
4732,645,239,140.85600183352503,3.4692760066728976,0.05
4733,646,487,416.57011298847544,57.96212824711887,0.1
4734,646,37,337.8713556761131,16.12904613522261,0.15
4735,647,435,325.9527544624924,16.944900892498467,0.15
4736,647,171,380.3875400688628,-11.563968989670554,0.2
4737,647,120,229.56293181362383,19.920377311798347,0.05
4738,648,547,338.6182017181438,-25.735469742278433,0.2
4739,648,225,431.0970275135,-21.951745872974993,0.2
4740,648,160,140.9302802713765,12.18565911004297,0.05
4741,648,1,368.8880460217983,0.0758069032697577,0.2
4742,648,300,301.4657344449932,-26.335139833251006,0.2
4743,648,489,288.5763379872819,6.278854474243911,0.15
4744,648,492,177.75516164329787,30.133260581133506,0.05
4745,649,538,79.46798261505336,-9.93093099454625,0.15
4746,649,113,103.25261770058478,-13.959381147508415,0.15
4747,649,45,105.56629815637578,-11.302659057209286,0.15
4748,649,322,53.33367472277311,-8.834761605942953,0.1
4749,649,427,91.42940485473082,1.1746690856976016,0.1
4750,649,96,126.5621239118448,-24.795462923453133,0.2
4751,649,337,56.62587686615417,-6.915066817821075,0.1
4752,649,120,116.04365323877438,-25.453227224881203,0.2
4753,649,121,150.87510252213085,-10.103510254591797,0.15
4754,649,358,101.16876380765652,-1.3450081718468176,0.1
4755,649,371,77.0166824370584,-6.253304928834535,0.1
4756,649,296,35.495797277695544,0.09912003265050195,0.05
4757,649,559,108.2779316505628,-15.170083447953317,0.15
4758,649,7,41.726132023596264,-0.3327382011751716,0.05
4759,650,236,186.68501820758917,14.924626838891594,0.05
4760,650,428,298.98461317636526,57.02042617739591,0.05
4761,650,211,550.8314730814341,51.49429461628678,0.15
4762,650,15,243.595369809133,-14.69892603817342,0.15
4763,650,200,329.6041615189927,17.80463230379853,0.15
4764,650,175,201.52400976151444,27.03597447098028,0.05
4765,650,358,525.2254580159672,30.399516603193426,0.15
4766,650,138,250.01190087179293,34.414465995952966,0.05
4767,650,17,352.7208281666826,22.386640633336498,0.15
4768,650,79,422.78261868253657,32.232404670634125,0.1
4769,650,130,247.66859843270558,42.58172389114797,0.05
4770,650,151,419.6987316102038,24.850671322040732,0.15
4771,650,128,368.91668827977134,44.334072069942835,0.1
4772,650,109,164.86229278347744,9.098870792698118,0.05
4773,651,90,80.83210252343488,4.433830370981436,0.05
4774,651,203,124.774766438665,1.8642554437309542,0.1
4775,651,400,101.79972320637437,-1.6120356484201643,0.1
4776,651,448,139.20154135181224,-11.906761241450118,0.15
4777,652,464,223.99041643885664,-16.794437534171497,0.2
4778,652,329,333.3205406557685,32.49799162095931,0.1
4779,652,331,380.5448651069983,44.02476245956153,0.1
4780,652,2,401.8577233496195,29.12589466992388,0.15
4781,652,85,378.5668548292066,22.286570965841292,0.15
4782,652,528,370.39356480599156,1.0795379611982874,0.15
4783,652,231,380.18354393109604,-15.108968410335578,0.2
4784,652,208,469.06869101557675,69.30968263423128,0.1
4785,652,379,406.97847716538394,-15.143628425192393,0.2
4786,652,144,295.8541911242419,-6.677761775151636,0.15
4787,652,493,233.30805906853786,43.15843563764884,0.05
4788,652,44,159.79343014030854,25.64059200879875,0.05
4789,653,111,294.7035196499044,-0.9457761616549902,0.15
4790,653,266,310.57644379189696,9.433627885827065,0.15
4791,653,529,114.8161215947204,-6.149968416867347,0.1
4792,653,570,164.1708092076138,2.1036964598180177,0.1
4793,653,204,317.0620226771667,-14.37930235830248,0.2
4794,653,226,212.30936157129827,-6.428114809989701,0.15
4795,654,195,138.17456990018667,19.371477260500715,0.05
4796,655,148,297.31861940224314,-21.688407089663514,0.2
4797,655,248,179.09692040740316,9.285842511482876,0.1
4798,655,305,100.96414421417835,7.801726050981705,0.05
4799,655,55,224.9058785498289,-15.701127343690045,0.15
4800,655,154,254.05886316270684,-11.53142479115823,0.15
4801,655,263,368.631292402618,20.04011028462714,0.15
4802,655,74,124.54639726779594,10.262636335375653,0.05
4803,655,483,122.41751382254556,12.286747659039808,0.05
4804,655,54,328.49695034845575,10.324756666120237,0.15
4805,655,91,266.34390688434763,1.7323338505790673,0.15
4806,655,490,345.2190043248835,-6.3598493512674565,0.2
4807,655,566,256.6207865684516,-39.20558201473226,0.2
4808,655,504,252.4112596427472,-10.439606946378612,0.15
4809,656,355,342.60201081362555,-1.4382983779561496,0.2
4810,656,413,424.5618956389592,16.953204127791814,0.15
4811,656,344,362.73351495286425,43.71270448585926,0.05
4812,657,119,264.34679611878596,11.348447814948731,0.1
4813,657,558,115.07477976868282,4.133714059259093,0.05
4814,658,526,458.82892167536033,-14.431461748695929,0.2
4815,659,505,263.689142877219,8.252891032875421,0.1
4816,659,65,357.7838433974369,-6.9723813205126355,0.15
4817,659,118,381.1458501382555,-2.390429972348926,0.15
4818,659,432,152.95030203036558,5.481856736130036,0.05
4819,659,69,460.64951673061825,8.714503346123617,0.15
4820,659,314,199.98364363788647,21.369452840191062,0.05
4821,659,271,303.8152251389099,17.29581094352225,0.1
4822,659,386,149.55867096744268,10.380566015028311,0.05
4823,659,411,375.4917935699505,-0.6487412860099084,0.15
4824,660,404,349.80868565867553,-2.820697151198658,0.2
4825,660,482,321.358246046674,4.7658742093348,0.15
4826,660,281,497.66668432307563,11.45770264846136,0.2
4827,660,452,456.24013579925594,-7.04417963011158,0.2
4828,660,250,293.2896710070828,1.575917751770703,0.1
4829,660,371,422.17017055845633,1.2485091116912557,0.15
4830,660,306,347.3087934011618,11.649708680232337,0.15
4831,660,232,283.40975926249433,13.396939815623583,0.1
4832,660,198,361.3287939323189,1.6581190898478404,0.2
4833,661,94,190.50008861705322,14.35005588341356,0.1
4834,661,91,130.75506422566295,4.2970299456978225,0.1
4835,661,149,227.86686100045264,-16.99129504344166,0.2
4836,661,424,256.8096534391096,-9.025620870553627,0.2
4837,662,258,299.2915037787582,5.0287757557516315,0.15
4838,662,297,190.41956181982246,26.113141043736412,0.05
4839,662,436,168.77809427695487,25.737074449160687,0.05
4840,662,196,432.884841622436,26.200743324487167,0.15
4841,662,161,139.08500419036642,9.145198403281611,0.05
4842,663,549,451.9715180762026,9.563628615240518,0.15
4843,664,324,500.9624644038682,28.937067880773625,0.15
4844,664,191,295.0285093009145,3.7897018601828982,0.15
4845,664,231,183.1071221003151,22.56387390674754,0.05
4846,664,513,472.01468225583767,27.038886451167507,0.15
4847,664,99,387.6115762777713,23.25889025555425,0.15
4848,664,265,233.37642002773637,37.43129010375841,0.05
4849,664,266,257.4303067978585,44.52577179163973,0.05
4850,664,588,252.72379611934335,13.73938284384965,0.1
4851,664,164,326.49386347903516,-2.459477304192978,0.15
4852,664,523,295.54910763365575,6.310232267981455,0.1
4853,664,334,455.3309348572252,61.285821014955374,0.1
4854,664,421,261.86823300044614,23.065666970135176,0.1
4855,665,292,141.8126385413537,18.855532318070928,0.05
4856,665,497,356.23394746263386,37.49000198529524,0.1
4857,665,296,313.1135350424348,-17.517369743634774,0.2
4858,665,431,289.8650662096561,3.6966645734865686,0.1
4859,665,111,508.7096099299989,-12.683358510500142,0.2
4860,665,246,385.7584036105856,7.073305722117105,0.15
4861,665,411,373.10055789359507,-1.1269884212809984,0.15
4862,665,316,232.35668916396043,14.43588329605158,0.1
4863,665,272,466.5049469828922,33.59308939657842,0.15
4864,665,363,159.3033566985634,7.619357552388376,0.05
4865,666,90,116.83854667346648,-2.579954762767956,0.1
4866,666,453,89.18147019598706,-20.34754647647391,0.15
4867,666,68,151.6794909998112,-15.337766659680032,0.15
4868,666,401,155.80399420766855,-15.65058502957135,0.2
4869,666,204,137.5701074652431,5.164727277547875,0.1
4870,666,127,69.24978072982309,7.966026475839147,0.05
4871,666,236,50.51382792174748,0.5640406565081797,0.05
4872,666,356,153.0848362372429,-14.422809878568854,0.15
4873,667,574,335.3596410634955,18.84847821269907,0.15
4874,667,164,211.70205980356513,22.807060409794264,0.05
4875,667,200,327.56141345550805,17.396082691101586,0.15
4876,667,281,447.6272281784867,32.575520635697316,0.15
4877,667,553,225.63613137492985,20.54548412099743,0.05
4878,667,235,207.43787019839075,6.920167549597691,0.1
4879,667,24,422.92387727318396,4.6221504546367775,0.15
4880,667,199,303.0835574315933,-5.254166385260996,0.2
4881,667,282,277.9933690047375,4.650623800947486,0.15
4882,667,163,192.98215557334302,16.85996502795726,0.05
4883,667,458,225.06784856794093,28.800339341928947,0.05
4884,668,202,335.02921748762026,8.619193453296845,0.15
4885,668,493,159.90939513007433,27.2068691326644,0.05
4886,668,554,93.1404761106495,1.5581760626303804,0.05
4887,668,298,104.3359484606977,9.422677985812555,0.05
4888,668,326,315.3852011988692,3.4714564761847697,0.15
4889,668,524,123.29903831834142,-15.51126270990871,0.1
4890,668,28,198.00081827370136,13.39535595599159,0.1
4891,668,307,287.065943854204,-4.708583849680583,0.15
4892,669,325,72.76186567033342,5.6147752202793875,0.05
4893,669,537,234.46782728364232,-11.721330494682853,0.2
4894,669,55,101.26531291177189,-14.015281729028587,0.15
4895,669,410,161.49671992595768,-27.279747393295715,0.2
4896,670,100,373.9228603260866,-2.56387095108699,0.2
4897,670,210,356.4072899002247,45.6497649524222,0.1
4898,670,555,359.23373884934756,-4.987852230130505,0.15
4899,670,387,201.4424735843781,26.974586725387724,0.05
4900,670,57,143.0858570105935,14.291753543507912,0.05
4901,670,201,272.5741686354413,28.791967942187558,0.1
4902,670,391,314.40826575790703,36.50028472594332,0.1
4903,670,23,321.11290765189153,16.971444073936613,0.1
4904,670,174,146.0899231614016,17.96706038097805,0.05
4905,670,566,215.63132234653153,-7.962944673426332,0.1
4906,670,215,194.77846700185765,33.84831635504091,0.05
4907,670,330,265.14466275733275,-21.179800586400077,0.2
4908,670,81,223.07417903419986,26.929208120426424,0.05
4909,671,341,170.74953382237476,9.872187490930251,0.05
4910,671,142,307.3081178606102,15.850679465152563,0.1
4911,671,411,364.29056597487954,19.64304149371989,0.1
4912,671,34,358.9298885758926,-27.133516713616096,0.2
4913,671,228,245.3536598811117,-29.232551017833234,0.2
4914,671,88,297.55521623013345,-17.53661756547997,0.2
4915,672,474,171.8264582592539,3.4922253079235688,0.1
4916,672,61,54.27381799567031,0.5691703560452428,0.05
4917,672,5,332.4282456491443,-8.294210037701394,0.2
4918,672,360,142.31310603135447,21.090788438373266,0.05
4919,672,582,308.7954189374967,-18.526922436767887,0.2
4920,672,307,283.7925732860434,-24.23992501089805,0.2
4921,672,61,154.9422919973211,-23.89230994605032,0.2
4922,672,475,87.72015731401542,4.653611463073872,0.05
4923,672,379,110.31845157473529,10.685967127970962,0.05
4924,673,280,316.8268641043288,16.702278656991147,0.1
4925,673,565,321.98008100719056,-33.4381878489214,0.2
4926,673,59,406.3572385765778,-4.819014213513309,0.2
4927,673,271,172.04161231635132,17.915356604739195,0.05
4928,673,283,306.4157104005683,-20.143243439914748,0.2
4929,673,336,290.23656514950494,-8.218811970099017,0.15
4930,673,165,180.07278062603382,12.674123061345618,0.05
4931,673,278,267.6843116349719,-11.14181267300563,0.15
4932,673,285,357.83256134568245,6.015662269136477,0.15
4933,674,119,323.7528915729846,39.33990470863625,0.05
4934,674,40,434.67595065165733,11.085640130331427,0.15
4935,674,198,338.13517740244134,19.61808548048825,0.15
4936,674,130,379.0099158516924,45.758128962923095,0.1
4937,674,68,288.3104697586789,28.216413852318464,0.05
4938,674,587,355.7275374828578,32.66873437071447,0.1
4939,674,75,294.03853793068794,39.56355388453224,0.05
4940,674,61,220.0579876698131,-21.38540184952803,0.2
4941,674,309,287.27776516036,48.78118014556082,0.05
4942,674,38,481.54746594827236,18.57519318965445,0.15
4943,674,383,239.7182760591122,33.10830479113427,0.05
4944,674,284,301.5290886171612,44.05301522859346,0.05
4945,674,395,358.409485849485,-4.999102830103029,0.15
4946,675,477,304.3338801497043,27.712570037426083,0.1
4947,675,489,332.8941041577866,15.444620831557309,0.15
4948,675,479,340.4967980367873,-10.624115392642565,0.15
4949,676,271,358.58390621717433,5.582731243434857,0.15
4950,676,62,274.59329649828885,19.01822412457222,0.1
4951,676,242,513.0861435072513,24.970603701450234,0.15
4952,676,550,541.8296379824417,22.974127596488316,0.15
4953,676,361,310.01481584368173,45.46011827979562,0.05
4954,676,109,284.79269082595533,-22.35649637610669,0.2
4955,676,419,515.1672852183558,0.07729278275338203,0.2
4956,676,421,311.07156309677896,32.07219077419473,0.1
4957,677,125,290.2454633521033,11.099217670420643,0.15
4958,677,126,314.79643315423687,62.01174147472423,0.05
4959,677,529,280.8599090761266,-29.692813638581,0.2
4960,677,523,336.32956423485723,10.862041058714311,0.1
4961,677,43,299.96940435796796,-4.018689346304793,0.2
4962,677,446,479.7279288979662,18.436810779593202,0.15
4963,677,413,370.8791962460848,32.33674906152119,0.1
4964,677,333,301.42602829512543,54.60552094237515,0.05
4965,677,510,363.67490078186023,29.299525195465066,0.1
4966,678,92,442.37695051496996,55.1613376287425,0.1
4967,678,289,305.2888046362499,-16.293064072750038,0.15
4968,678,481,280.71782055675067,15.381055139187666,0.1
4969,678,92,344.5102215551541,63.1095087618104,0.05
4970,678,93,463.1218952169063,32.18335404338126,0.15
4971,678,347,375.9380817239482,-19.29078774140776,0.2
4972,678,243,400.74791420867444,36.340378552168616,0.1
4973,678,248,282.3149899392545,6.622772987850887,0.15
4974,679,60,281.3955456538151,-17.250768151927723,0.2
4975,679,144,288.38905317314624,-7.075789365370767,0.15
4976,679,227,243.8389200334499,9.605760594321602,0.1
4977,679,142,128.69142499515686,10.518088786543782,0.05
4978,679,120,357.26262354832784,-29.33870646775082,0.2
4979,679,343,308.79758844442017,19.406005260373277,0.1
4980,679,446,456.5514063511579,-15.668189047326313,0.2
4981,679,63,269.98541208145804,-38.27108818778129,0.2
4982,679,35,194.31049879213805,12.02551518074142,0.1
4983,679,342,147.44886871279627,12.463161497510857,0.05
4984,680,369,212.78486886250204,24.061418365945737,0.05
4985,680,502,279.73669420327496,-6.903136159345018,0.15
4986,680,483,327.91102088578486,5.059429177156957,0.15
4987,680,285,370.7696218271889,9.698074365437765,0.15
4988,680,351,414.239846034913,0.5927442069825872,0.15
4989,680,474,351.6568019448459,19.780950486211477,0.1
4990,680,360,508.98711285230274,68.37107821307569,0.1
4991,680,116,242.76946443010178,4.852267886020343,0.15
4992,681,306,346.4789712071841,-10.398954318922367,0.2
4993,681,296,335.04050996963406,-14.228323504554877,0.2
4994,682,89,337.8309331839806,36.578879955194154,0.05
4995,682,165,332.85438207240185,29.859739621720525,0.05
4996,683,194,135.9108596519901,18.993971221390975,0.05
4997,683,231,233.30919449634507,14.385907317491963,0.1
4998,683,247,153.26131367432666,18.039415935754434,0.05
4999,683,298,300.8376636372974,-20.644250454405388,0.2
5000,684,361,343.49179631620035,31.666999079050086,0.1
5001,684,240,172.29568319174334,11.311262168335535,0.05
5002,684,463,339.84313399203666,-28.329229901194495,0.2
5003,684,153,302.9804650941978,-23.736630235870308,0.2
5004,684,108,302.14700733244183,-3.202498533511635,0.15
5005,684,484,304.5141273960396,-34.32158089059406,0.2
5006,684,529,264.4801237217729,-16.274775255645437,0.15
5007,684,60,289.0412617462555,2.442027349251081,0.15
5008,684,210,438.64974604055243,33.32132420811047,0.15
5009,684,124,505.224009535792,57.944102383948,0.1
5010,685,102,255.11056232515602,20.827915262843668,0.1
5011,685,536,271.69418261867963,27.52528362686708,0.1
5012,685,442,238.6361795469458,8.635184781353665,0.1
5013,685,96,384.3813874311565,0.4480274862312754,0.15
5014,685,37,316.2637314044932,-8.544540289326,0.2
5015,686,370,312.23388223585334,-15.753123552829338,0.15
5016,686,555,356.56777439842324,-5.52104512031536,0.15
5017,686,332,483.6758776409403,3.5944816461410696,0.2
5018,687,476,268.4398653559499,-30.755020196607504,0.2
5019,687,107,223.12261779108866,-15.383751441782275,0.15
5020,687,554,190.60782150374348,7.370370564306116,0.05
5021,687,494,322.0479553615492,27.283688840387313,0.1
5022,687,404,210.25440734160026,31.7903007561601,0.05
5023,687,378,355.0257489970793,25.289037249269818,0.1
5024,687,554,288.9434722397764,-14.39875555204474,0.15
5025,687,234,215.88586499820633,-4.618627000358742,0.15
5026,687,474,386.58397282247694,-20.389904076628433,0.2
5027,687,539,285.19495078759985,-16.033557381860014,0.2
5028,688,514,375.70824666288115,11.994849332576216,0.15
5029,688,63,239.15472506465318,-5.8455303196178905,0.1
5030,688,238,131.92869737962553,7.7341789874351115,0.05
5031,688,77,210.9414237944158,-2.70133141190602,0.1
5032,689,364,355.6941334644782,-24.431051821297306,0.2
5033,689,46,284.09249813646767,-0.8491650230212393,0.15
5034,689,132,157.74794879568202,1.4330144967699407,0.1
5035,689,1,211.22598376432563,21.531387621796995,0.1
5036,689,35,206.54306714404458,-0.8292265285139333,0.15
5037,689,436,189.2661673885673,15.296798297433092,0.1
5038,689,338,105.22760304755379,6.346824176547045,0.05
5039,689,462,280.81613376063785,-8.572326780327495,0.15
5040,689,532,161.51739049053873,3.08880488954736,0.1
5041,689,464,167.14742775402664,-6.401428300865671,0.15
5042,689,102,246.82385336140374,2.7569714397506218,0.15
5043,689,530,123.74817556661658,14.596408379904751,0.05
5044,690,506,396.7778008763761,21.332160175275195,0.15
5045,690,164,341.57345414101604,-20.176981878847588,0.2
5046,690,144,299.79541302388867,-5.889517395222267,0.15
5047,690,102,335.8922492613612,-8.84336261079581,0.2
5048,690,380,319.1542690621252,-19.226859640681205,0.2
5049,690,134,259.77129527256915,-30.08730570911462,0.2
5050,690,53,328.2814933668712,30.795798947286173,0.1
5051,690,278,268.556563775786,-10.967362244842816,0.15
5052,690,401,295.4624858150175,28.58101752029609,0.1
5053,691,169,138.5941946173548,13.72477007949075,0.05
5054,691,362,323.0815467788327,12.71049766241859,0.1
5055,691,222,312.6227645818294,-12.740372083634135,0.15
5056,691,403,318.7183786220825,12.999925724416496,0.15
5057,691,52,119.53589757590812,11.750669837754744,0.05
5058,691,325,181.20078116476105,24.512653171261988,0.05
5059,691,248,263.79920412679417,-14.055219380980875,0.2
5060,691,434,109.97194291204903,1.2976746220734983,0.05
5061,691,253,272.8279132905809,5.18434935598593,0.1
5062,691,456,232.04086871586406,-3.15796746205349,0.1
5063,691,516,503.2399913983136,27.419773279662714,0.15
5064,691,384,374.3334385720975,17.06393771441948,0.15
5065,691,318,213.7780129361401,5.636750557844646,0.1
5066,692,434,265.7213235572749,-32.29260146640877,0.2
5067,692,131,232.5785725896452,30.053067340047658,0.05
5068,692,135,235.71711337886393,-1.4399716552840127,0.1
5069,692,393,299.01884072092616,-10.099106855814785,0.15
5070,692,398,506.9767413012107,18.014598260242142,0.15
5071,693,368,137.21676027617812,15.555876490137113,0.05
5072,693,243,253.60411551162252,15.938874161761905,0.1
5073,693,343,157.87806878956115,16.235367321545695,0.05
5074,693,352,232.12458687971684,1.8865393516700877,0.15
5075,693,589,334.9476751168244,-14.62974873247632,0.2
5076,693,144,291.5726076171846,-26.415708857422295,0.2
5077,693,202,364.9785665578742,11.302078386940607,0.15
5078,693,561,172.16668002837577,-32.29970894700607,0.15
5079,694,483,311.4416429810721,-18.363653552839178,0.2
5080,694,445,236.84668380969975,-35.91789742854502,0.2
5081,694,274,251.15572602363113,-42.75584109645531,0.2
5082,694,384,377.19489547100034,-6.742765679349937,0.2
5083,694,126,437.2760909271643,32.352242279298736,0.15
5084,694,391,374.5637402459908,-1.6398389631013615,0.2
5085,694,94,164.13675104160666,25.772739062036592,0.05
5086,694,51,518.0898406855495,8.24737610283244,0.2
5087,694,483,293.87926200884175,-0.1479239908419565,0.15
5088,695,412,99.11116785257023,8.3709807681909,0.05
5089,695,52,233.41606231578328,-18.36283608997521,0.2
5090,695,344,113.30075058303704,8.55709388951075,0.05
5091,695,412,99.11116785257023,8.3709807681909,0.05
5092,695,149,164.0711532449609,8.22110218545053,0.1
5093,695,44,282.5777487396647,-6.353942919814523,0.2
5094,695,363,96.47810369772391,2.3529976342627545,0.05
5095,695,283,258.3895948816475,-22.92469971266431,0.2
5096,695,436,178.022687829327,15.000097998006432,0.1
5097,695,446,401.27565768138015,-18.76223716386291,0.2
5098,696,35,284.66107013299586,-10.763439480050605,0.2
5099,696,291,329.0872997592105,15.680684951842085,0.15
5100,696,181,270.77760678539386,-32.05625898219091,0.2
5101,696,533,305.50874105318366,-0.7765767893632791,0.15
5102,696,169,302.3976496638162,18.51856241595406,0.1
5103,696,182,310.82570859923067,-28.24854371011539,0.2
5104,696,530,373.5227379529115,33.44798448822788,0.1
5105,696,287,444.36936759761954,51.294441899404895,0.1
5106,696,445,233.94745198898636,-7.1217870027534005,0.1
5107,697,345,409.40736608913494,5.020248217826978,0.15
5108,697,141,328.8220735098487,1.0389397019697277,0.15
5109,697,331,503.53798606851365,9.259797910277065,0.2
5110,698,134,254.89437265690617,-29.72384410146406,0.2
5111,698,353,317.2700616892738,14.367537337854735,0.15
5112,698,146,257.9331956101813,7.044524997815298,0.1
5113,698,290,331.7825395352455,-33.01731906971315,0.2
5114,698,348,331.9815768779227,-15.30803462441547,0.15
5115,698,146,307.0498998740245,-24.769415018896318,0.2
5116,698,299,169.044575771484,17.446262724369653,0.05
5117,698,379,405.530613788979,-15.360807931653131,0.2
5118,698,113,393.6317796580992,-24.70553305128509,0.2
5119,698,112,356.0829754363382,-27.11435368454925,0.2
5120,699,521,141.87070118327472,16.67506986198655,0.05
5121,699,101,297.12530066540165,-15.549404900189737,0.2
5122,699,448,272.32497788206655,-26.05285331769001,0.2
5123,699,401,120.60129043249441,15.56378282193661,0.05
5124,699,39,540.6012294404181,26.5173086487964,0.15
5125,699,540,353.31395361310706,1.565212301395075,0.15
5126,699,10,169.5412886623999,27.147347680959676,0.05
5127,699,194,262.8500015431249,24.279787591051512,0.1
5128,699,562,191.47182355638301,-31.43552646654254,0.2
5129,699,111,463.17384995690713,12.714903343063718,0.15
5130,699,402,351.0100485021443,16.311081159532403,0.15
5131,699,211,365.03491209390864,49.78733858317926,0.1
5132,700,261,192.1975529444934,5.263856309287828,0.1
5133,700,418,110.8662044538128,9.688370406879613,0.05
5134,700,416,92.79225194913566,10.82332953222268,0.05
5135,700,174,103.57003369521517,11.605343170405167,0.05
5136,700,74,186.7840338590422,4.397817432786415,0.1
5137,701,116,239.68651527408002,-11.122522708887981,0.2
5138,701,227,303.18458219566367,17.207299945400887,0.1
5139,701,294,311.18692895466137,-2.0968892090677436,0.15
5140,701,349,325.9753963751438,-13.973895724971253,0.15
5141,701,534,229.27411698963795,43.66143683787042,0.05
5142,701,112,311.9313314450008,10.809274379717603,0.1
5143,701,98,237.4753359067633,-16.191499613985492,0.2
5144,701,86,353.5578125716802,-3.7821281142479535,0.2
5145,701,224,178.30351856020536,14.979901854893715,0.05
5146,702,521,78.29735662738494,6.90423334266686,0.05
5147,702,575,162.83412532947477,14.118347283525004,0.1
5148,702,111,186.60234499135134,7.460319307670922,0.1
5149,702,502,135.69492097992855,-13.601534192567287,0.15
5150,702,375,142.0998643579079,-15.233206372113715,0.15
5151,702,130,139.75309316398838,8.892469666592302,0.1
5152,702,93,262.649350207165,-12.033875031392949,0.2
5153,702,311,54.39552620172802,-1.426160064380856,0.05
5154,703,577,435.8519436674291,34.67793873348581,0.15
5155,704,92,173.26597351839928,27.46315952106535,0.05
5156,704,443,315.82371159266455,-28.636343261100304,0.2
5157,704,395,132.92925089350263,7.89004272285241,0.05
5158,704,207,253.2222732604909,4.017407488357703,0.15
5159,705,503,284.976950999477,-6.905834800104619,0.15
5160,705,461,433.1542960145361,7.183784202907191,0.15
5161,705,16,442.8396308563025,18.318176171260475,0.15
5162,705,102,239.77078823991718,35.530465736977746,0.05
5163,705,148,320.4530540238769,4.349410804775378,0.15
5164,705,298,228.74027962287448,25.786252225408887,0.05
5165,705,534,504.4170685736047,15.217960286040707,0.2
5166,705,418,247.85597780214744,29.331851606499175,0.05
5167,705,557,426.4053890646268,33.355747266156705,0.1
5168,705,186,489.99639760523377,-4.850940359214931,0.2
5169,705,549,464.9420616490516,12.157737329810296,0.15
5170,705,346,266.24015883055193,29.724336101734988,0.05
5171,706,538,291.3364323975299,-19.360835140370504,0.2
5172,706,269,131.039619481672,13.506585815231695,0.05
5173,706,507,301.7864421425952,-13.459933678610716,0.2
5174,706,584,244.8993772240542,16.54659910348256,0.1
5175,706,287,401.99946519719833,19.81791625768269,0.15
5176,706,554,269.9190017106063,-35.67734974340904,0.2
5177,707,125,110.25969590491604,-5.114486278353489,0.15
5178,707,355,84.87422441942248,1.4209289237784297,0.1
5179,707,477,141.48251577983737,-16.519601889873762,0.2
5180,707,492,177.55278413006636,-0.6069899579062117,0.15
5181,707,455,44.49394073459476,-2.5669121625043454,0.05
5182,707,232,108.2190564118237,-12.127687710898163,0.15
5183,707,544,66.1664136308431,3.70829210429741,0.05
5184,707,114,88.12380913226919,2.4477065275809657,0.1
5185,707,516,152.36342730637207,6.195943190043344,0.1
5186,708,460,516.8351858446729,1.1570778767009529,0.2
5187,709,60,198.2062023478839,10.245401529927793,0.1
5188,709,581,405.2786309015593,-9.643505364766083,0.2
5189,709,76,305.88371368250193,-3.6250196139964412,0.15
5190,709,441,314.3490999023966,-1.5044043655178374,0.15
5191,709,273,305.82640449145816,8.55255372031614,0.15
5192,709,19,179.74319020407574,22.35956829681463,0.05
5193,709,260,351.3377567434292,33.827838852683584,0.1
5194,709,214,385.77786582132035,-30.57022012680194,0.2
5195,709,198,124.49385070238928,17.897720745067947,0.05
5196,709,195,374.9831051689142,-9.396134224662847,0.2
5197,709,386,199.3500139030654,1.0057603387614744,0.1
5198,709,62,104.93631929964207,9.457549259045756,0.05
5199,709,72,463.63539804466245,-22.738290293300626,0.2
5200,710,60,281.53003018854037,20.205157547135094,0.1
5201,710,392,294.22792531477535,-27.948811202783688,0.2
5202,710,2,268.85488224728385,50.99430497740777,0.05
5203,710,533,298.2751829718837,18.122845742970927,0.1
5204,710,103,224.91397352292137,33.16621979390149,0.05
5205,710,526,303.80291198121154,44.37995265475571,0.05
5206,710,47,311.8397882553107,17.22129706382767,0.1
5207,710,128,386.61722206118424,21.876594412236823,0.15
5208,710,285,371.54695593337385,8.75854118667474,0.15
5209,710,62,175.72913536168122,17.685202716582175,0.05
5210,711,220,565.8947619144508,84.8739904786127,0.1
5211,711,339,295.6704898152271,2.040622453806778,0.1
5212,711,439,145.5769869261306,15.489519559232772,0.05
5213,711,494,340.6782427233424,-11.438063591498622,0.2
5214,711,149,182.65646487389054,23.206656447503647,0.05
5215,711,576,323.6647153597461,37.16422883993651,0.1
5216,711,535,424.5352509735601,5.272687646034029,0.2
5217,711,463,191.0794193744822,13.427169733405137,0.05
5218,711,209,208.08957855483607,34.7517062057574,0.05
5219,711,85,389.3946415163348,24.45212830326693,0.15
5220,711,188,354.8830784358848,-30.31943823461726,0.2
5221,711,151,393.90846606080976,45.20466651520244,0.1
5222,711,209,208.08957855483607,34.7517062057574,0.05
5223,711,402,367.564943262339,44.38998581558475,0.1
5224,712,216,405.3001292199248,2.4238193829887464,0.2
5225,713,296,216.7114495864019,-20.345496437055985,0.2
5226,713,365,287.0723098417272,-23.714794561311624,0.2
5227,713,523,197.8258348458274,-14.870131242878054,0.15
5228,713,46,162.2225211278764,5.297682040672655,0.1
5229,713,155,85.4728439306618,8.420444803436826,0.05
5230,713,119,101.70446573480189,7.39387631435816,0.05
5231,714,574,360.1538281106532,23.807315622130623,0.15
5232,714,576,346.3970871677144,42.847321791928586,0.1
5233,714,261,367.39271405546566,3.6862928110931215,0.15
5234,715,1,414.20181957387047,30.779463914774077,0.15
5235,715,396,448.2668722186721,9.895874443734414,0.15
5236,715,474,325.6600129555268,39.472539416095245,0.05
5237,715,173,257.28865606125936,34.06748144645913,0.05
5238,715,153,319.01383527887276,-3.4223079442254534,0.15
5239,715,253,316.9973628317616,29.201089151446514,0.05
5240,715,417,487.37824332806787,24.908473665613553,0.15
5241,716,259,381.56188375574,18.870601751147973,0.15
5242,716,203,333.07034509310387,24.70348627327597,0.1
5243,716,269,255.6412890926366,31.77672144177138,0.05
5244,716,5,422.40032344700876,52.7046308617522,0.1
5245,716,307,360.6013517708201,24.356887942705015,0.1
5246,716,496,370.2280648234771,38.79486620586927,0.1
5247,716,149,325.82874271906894,10.181798543813777,0.15
5248,716,438,379.07341409293036,-11.465187886060423,0.2
5249,717,427,459.73195956535517,64.82363989133879,0.1
5250,717,81,527.5993025805278,-13.657004612920794,0.2
5251,717,330,193.884129065704,18.510702535738634,0.05
5252,717,419,451.37192602166004,48.56268150541503,0.1
5253,717,188,248.96608716267582,19.634077504734144,0.05
5254,717,486,316.36920913333154,-12.94485817333371,0.15
5255,717,572,313.34796598205406,-12.35680510269188,0.2
5256,717,247,318.20996062777635,47.55931356365142,0.05
5257,717,232,202.4762471798519,18.007331249628542,0.05
5258,717,515,299.2867669618898,44.06771553657706,0.05
5259,717,435,335.00405090865803,18.75516018173159,0.15
5260,717,418,337.4238826110439,22.241670652760977,0.1
5261,717,90,412.9425202596284,-20.48852196105572,0.2
5262,718,80,351.05975018713616,12.041287546784044,0.1
5263,718,76,176.51166437955206,17.188170719561278,0.05
5264,719,374,232.92084319905393,10.750963800445277,0.1
5265,719,22,286.61697263858326,9.907787329092326,0.1
5266,719,274,220.6073512468086,-11.644613149378491,0.1
5267,719,418,289.83603909044996,16.349241340564138,0.1
5268,719,252,302.2577790956747,-17.739044180865065,0.15
5269,719,48,542.0851924585077,9.444578868776162,0.2
5270,719,499,308.22748867908695,27.781665675095542,0.1
5271,719,585,424.766698618345,48.002821266046936,0.1
5272,719,552,322.31328135417317,-30.14120779687401,0.2
5273,719,585,485.8646171924113,27.253923438482232,0.15
5274,719,554,273.12718782322133,-17.562012435355744,0.15
5275,719,301,183.68904113264415,21.718058019546092,0.05
5276,719,320,298.53277106647215,23.106117782956776,0.1
5277,719,486,145.51620854461015,5.855896151252702,0.05
5278,720,482,193.73214034734087,6.943548852920614,0.1
5279,720,198,208.159429388469,18.69786348506155,0.1
5280,721,79,444.75603007098874,10.438331014197718,0.15
5281,721,465,251.4264297151036,42.878025363804326,0.05
5282,721,519,261.05864021587786,9.485960053969471,0.1
5283,721,335,352.5903967563283,26.38609918908209,0.1
5284,721,247,465.9184157939667,-8.197237630904976,0.2
5285,721,251,385.5028770930831,-2.4604245813833927,0.15
5286,721,103,229.74201608895515,34.81401192132167,0.05
5287,721,424,345.7962158827531,40.12695397068828,0.1
5288,721,518,268.58248935811,36.548676806196575,0.05
5289,721,365,438.91600548963396,-15.278199176554892,0.2
5290,721,263,417.00684390772153,28.157618781544294,0.15
5291,721,22,224.34440608829692,20.93594412396572,0.05
5292,721,373,212.1160883283724,27.470818275847858,0.05
5293,722,129,321.8022437152322,-5.798763442715158,0.2
5294,722,571,525.1946082281795,24.88894664563589,0.15
5295,722,142,334.34622679384967,1.3270203587699214,0.15
5296,722,296,220.6005366944823,25.964606129931067,0.05
5297,722,62,265.95182792963135,16.857856982407842,0.1
5298,722,341,218.4174258424896,13.737403708415972,0.05
5299,722,376,446.61904533142575,-14.172443200286123,0.2
5300,722,415,345.03599166971674,40.79549791742919,0.1
5301,722,345,267.5217816824399,29.261646024647774,0.05
5302,722,41,360.61466997305985,2.146100495959004,0.2
5303,722,445,173.42907842835936,4.554369815368725,0.05
5304,722,444,337.5348308924331,14.91430772310828,0.1
5305,722,40,291.56102238217613,37.03077441365635,0.05
5306,723,463,377.3280277616038,-22.706495835759426,0.2
5307,723,292,330.61180351701705,-3.932629472447429,0.2
5308,723,402,419.67436832429246,29.91099866485848,0.15
5309,723,92,507.7462654172988,10.39553981259484,0.2
5310,723,306,352.4912879202908,12.686207584058149,0.15
5311,723,276,327.4494121166458,-32.76478818250311,0.2
5312,723,188,393.26161520193585,-24.56265771970959,0.2
5313,723,60,316.5462618776376,9.03802737552752,0.15
5314,723,53,400.3769958527712,-1.3769506220843049,0.2
5315,723,115,327.3784610275349,-0.6227308458697465,0.2
5316,723,268,361.45096502207616,18.335318004415203,0.15
5317,724,141,320.69822395836036,-20.914366406245936,0.2
5318,725,391,401.2235316723917,2.359129750858777,0.2
5319,725,363,335.2924194683233,-33.580637079751504,0.2
5320,725,437,385.69471870774163,-10.55349219383875,0.2
5321,725,31,291.98287290150427,28.43001822537606,0.1
5322,725,150,422.4898612715943,-1.3507208092608423,0.2
5323,725,341,179.63910808813296,10.030751245623591,0.05
5324,725,549,462.56097027112463,-18.860154459331277,0.2
5325,725,44,316.85247726644,36.84776931661002,0.1
5326,725,352,260.38992299153637,22.209130747884085,0.1
5327,726,40,392.51836330951096,2.654122661902175,0.15
5328,726,483,307.01656235088706,0.88053747017738,0.15
5329,726,375,211.2527479570428,-2.681377993332929,0.1
5330,726,368,363.7005594209646,5.225611884192922,0.15
5331,726,567,179.70980487266502,-13.263729053020898,0.1
5332,726,59,382.1264375355583,17.41968750711165,0.15
5333,726,433,284.5821293996633,-13.68874912006735,0.15
5334,726,128,370.79522075240925,-2.999316887138594,0.2
5335,726,40,302.3270773520146,17.78874891382396,0.1
5336,726,188,142.50825621001596,8.238734007300668,0.05
5337,726,118,370.1344583604297,-4.5927083279140835,0.15
5338,727,105,309.6016810206074,7.94432025515184,0.1
5339,727,466,251.9853031116433,18.051075777910825,0.1
5340,727,351,424.1342150274159,0.3816180054831655,0.15
5341,727,290,328.9179018129736,9.943525453243414,0.1
5342,727,172,388.97600506946185,69.55287770280871,0.05
5343,727,568,329.24144195299965,9.139160488249921,0.1
5344,727,491,318.6876685883055,-6.7300497117541624,0.2
5345,727,102,344.114625528486,14.266475105697182,0.15
5346,727,170,346.1406710676464,7.011784213529264,0.15
5347,727,457,365.3973129875752,9.115387597515017,0.15
5348,727,380,340.45516596134075,-16.031725105798873,0.2
5349,728,407,261.1632364689936,-13.469914529650946,0.2
5350,728,485,227.52543024004444,-3.9628451968746874,0.1
5351,728,73,369.44554560601114,-30.993268159098317,0.2
5352,728,223,118.49639991510293,1.907030328693219,0.05
5353,728,552,249.1336853323507,2.283221544193495,0.1
5354,728,224,356.84992023298184,-30.58281196505271,0.2
5355,728,568,319.1593818773376,-12.950823624532495,0.15
5356,728,566,205.43213369609293,-8.132751676865354,0.1
5357,729,95,441.7795523323017,38.43788808307544,0.1
5358,729,118,423.6651797974272,-20.56382303038591,0.2
5359,729,13,387.10343000284126,-13.113985499573797,0.2
5360,729,497,405.05234878620155,46.595937196550395,0.1
5361,729,66,225.37594464792647,13.499883566421818,0.05
5362,729,343,459.6940882346558,13.576092646931144,0.15
5363,729,168,265.30170578964925,-21.671108842070172,0.15
5364,729,355,290.18439963090765,29.078999907726917,0.1
5365,729,39,644.6165187880677,4.884677818210157,0.2
5366,730,127,391.04633090226133,-0.5980503646607822,0.2
5367,730,293,334.7202085922,-18.46786871116999,0.2
5368,730,115,239.04437003852473,21.698716037066273,0.1
5369,730,460,461.897132004349,-5.988630199347639,0.2
5370,730,241,406.15305511036144,-19.55554173344577,0.2
5371,730,472,190.30298421131212,-16.20125315773759,0.15
5372,730,118,387.6069716254609,-25.97255425618085,0.2
5373,730,463,328.3000712755059,-30.060689308674114,0.2
5374,730,244,375.63722209856917,6.18284441971382,0.15
5375,730,396,399.5214716700618,-0.9482056659876541,0.15
5376,730,416,285.10524630686956,-11.139713053969562,0.2
5377,730,115,276.6992026218228,9.64771552436454,0.15
5378,730,140,302.95645690325205,10.026791380650412,0.15
5379,730,532,137.55500509085064,11.620731333531907,0.05
5380,731,418,325.19875707957823,-21.895986438063254,0.2
5381,732,33,107.15842940874768,-0.599896940385142,0.05
5382,732,67,296.9304156391245,-36.151337654131325,0.2
5383,732,253,344.3826433833781,-33.27070349249326,0.2
5384,732,414,149.57794990215825,-7.329301779305748,0.1
5385,732,115,117.66480066201402,14.851270413034346,0.05
5386,732,259,151.81415022100094,21.15123587614842,0.05
5387,732,34,341.8874298065788,-31.87988552901316,0.2
5388,732,346,349.0462958901417,-2.1058658219716726,0.15
5389,732,201,319.7789351757265,15.28908703514529,0.15
5390,733,223,251.21603438224275,-5.067236655273907,0.1
5391,733,147,232.70219802250625,36.73760634591787,0.05
5392,733,273,305.9026294731779,28.523507847856596,0.1
5393,734,287,498.7783276783233,4.043349151748522,0.2
5394,734,300,214.87704691041097,19.774688855902824,0.05
5395,735,570,81.92765305406758,4.794883751141498,0.05
5396,735,311,157.03219858567832,-30.734854637142018,0.2
5397,735,191,185.57417210937362,-16.82959046281241,0.2
5398,735,339,155.72786436508974,-15.846479444372996,0.15
5399,735,192,178.68488376545184,-2.8350723116841863,0.15
5400,735,327,216.1915324600144,-21.318524941635136,0.2
5401,736,379,342.8232426807762,26.372622176503313,0.1
5402,736,145,433.8289625948812,14.373517518976207,0.15
5403,736,483,312.6391604760241,0.9100570952047846,0.15
5404,736,444,289.2254205912204,10.831704374172745,0.1
5405,736,111,505.8874219986792,-13.106686700198093,0.2
5406,737,171,348.7036732881761,-16.316549006773574,0.2
5407,737,399,294.2258441356233,27.73661731305365,0.1
5408,737,26,143.05471303381233,12.109468769783419,0.05
5409,737,356,138.43634679734583,9.738697331552498,0.05
5410,737,460,301.99245159512054,27.635129448825495,0.1
5411,737,508,343.3031505560966,-11.815927416585483,0.2
5412,737,207,176.97140516284242,11.356400323729817,0.1
5413,737,189,358.80732841527913,-33.6158007377081,0.2
5414,737,290,216.8826574528497,0.2749715556709056,0.1
5415,737,398,184.40055487985273,22.48163086762248,0.05
5416,738,171,103.16684379287267,-10.556744454022091,0.15
5417,738,126,164.72135035343507,-16.702030538655762,0.2
5418,738,396,88.05946464969753,-4.780250190027028,0.1
5419,738,169,67.66847574086995,-3.7393501732654784,0.1
5420,738,500,48.452810739532225,2.1463057366176344,0.05
5421,738,526,132.94610762274633,-11.839787590723184,0.15
5422,738,361,44.412799268119514,1.9817290368847118,0.05
5423,738,367,42.81253498398853,0.700634590079872,0.05
5424,738,116,50.965198781198794,-2.1689515029742186,0.1
5425,738,466,72.50942507693013,-8.4317810791148,0.15
5426,738,72,136.277560542962,-14.358174104223172,0.15
5427,739,331,253.49696150345932,44.04164524510962,0.05
5428,739,334,508.4974571043289,69.82196427608224,0.1
5429,739,53,348.2403922145015,13.152203442900294,0.15
5430,739,191,302.70580762707596,6.420161525415164,0.15
5431,739,71,265.91769183296356,31.05898515238483,0.05
5432,739,527,509.0127120027237,54.25512800068093,0.1
5433,739,50,172.3306936614892,22.961543595043622,0.05
5434,739,29,221.8016398987104,37.8918682862361,0.05
5435,740,179,246.41071009245312,-2.4860660985915732,0.15
5436,740,230,211.84204244733883,9.648907676080164,0.1
5437,740,27,128.53314779840903,16.873300961832832,0.05
5438,740,478,73.66511867102464,3.311310968517887,0.05
5439,740,146,192.24779946386278,1.5251681038776113,0.1
5440,740,221,406.60750345764353,25.004121706577536,0.15
5441,740,332,174.61977970540602,28.621007303965946,0.05
5442,740,322,169.5388008313787,-9.29234979374372,0.1
5443,740,560,207.36320054779003,-1.0717255079645316,0.1
5444,741,576,326.6614585062931,-4.311481224056013,0.2
5445,741,407,101.50017113813787,10.598605828752628,0.05
5446,741,29,354.50751976335954,19.68039911180967,0.15
5447,741,368,368.9775093492817,-16.471373597607723,0.2
5448,741,266,487.0838295754244,29.153049698388045,0.15
5449,741,2,158.2931426214746,27.225421193267373,0.05
5450,741,517,376.23922518676704,8.496397484774192,0.15
5451,741,497,372.31880616829045,14.413788980217102,0.15
5452,741,533,279.90662453111275,-3.201590524037897,0.15
5453,742,542,323.83194193981285,-25.497008709028073,0.2
5454,742,222,217.0415892794682,-0.1130306638176517,0.1
5455,742,277,283.6642276625423,-27.196165850618634,0.2
5456,742,487,376.00349515433777,22.58499682322557,0.15
5457,742,496,250.35563389836423,20.811819981991338,0.1
5458,742,55,165.51076584511588,-3.405962953751377,0.1
5459,742,512,327.6103937736755,0.30226833712442414,0.15
5460,742,260,194.0060798411813,28.435070278067457,0.05
5461,742,46,366.7798419611154,-18.156423705832683,0.2
5462,742,537,428.25626668293955,29.360801092178804,0.15
5463,742,496,250.35563389836423,20.811819981991338,0.1
5464,742,527,201.3814789215115,28.8732037986455,0.05
5465,743,66,277.5551013861496,-1.6622138981021992,0.1
5466,743,41,339.239196640513,-3.2502205039230354,0.2
5467,743,54,188.02860677431664,27.508994830984932,0.05
5468,743,447,299.61817556063227,16.02602603557527,0.1
5469,744,73,79.60455259062755,-6.458691972000951,0.1
5470,744,559,141.24306338968967,-27.136301691868795,0.2
5471,744,89,120.67485729552662,-24.784159638589852,0.2
5472,745,567,178.12388886451282,0.8464828912270064,0.05
5473,745,9,398.2194368294962,4.912062365899224,0.15
5474,745,282,199.39126143232514,25.974267384740394,0.05
5475,745,328,354.0876547434591,-15.986551788481117,0.2
5476,745,217,519.6266664707209,79.53296661768024,0.1
5477,745,327,383.190224748887,-13.140166287666936,0.2
5478,745,414,203.21591759060783,-5.715820602348046,0.1
5479,745,271,328.8889192584837,20.79292981462094,0.1
5480,745,315,265.70352081437557,3.3882291628751027,0.15
5481,745,227,375.8810539410721,-15.738441908839174,0.2
5482,745,277,306.05085394354546,-5.472879211290913,0.15
5483,745,486,221.1343853816423,12.398299246280644,0.05
5484,745,124,549.8830838005581,34.14446676011158,0.15
5485,745,427,484.232406063585,40.15875621271697,0.15
5486,746,347,371.16296538326134,-22.197055192510792,0.2
5487,746,23,391.967599640261,26.717649910065266,0.1
5488,746,11,352.26019603529886,14.267714207059747,0.15
5489,746,215,461.9971091197822,8.642366367967352,0.2
5490,746,588,292.4636208834113,19.66325522085282,0.1
5491,746,548,357.1195296821487,-2.0400440635702886,0.15
5492,746,196,326.30434547264315,58.705669184078076,0.05
5493,747,35,111.17047273234981,12.486601884657711,0.05
5494,747,589,140.59857823336228,16.53057801285337,0.05
5495,747,224,352.45027564741423,-31.24275865288785,0.2
5496,747,572,205.2712128961486,11.868032817643295,0.1
5497,748,508,345.78035071847154,-9.254347392229246,0.2
5498,748,507,122.73435589822905,14.54596089150731,0.05
5499,748,451,309.49066537065914,-3.960131036052056,0.15
5500,748,483,125.76313030106904,12.76997758982921,0.05
5501,748,463,128.41934475458478,6.96667209415979,0.05
5502,748,483,299.9388906219927,-0.8662654868851796,0.15
5503,748,150,395.4981616378098,-7.5894757543285145,0.2
5504,748,264,223.80619714056257,16.8620428593958,0.1
5505,748,203,327.7914804685387,-17.866877929719198,0.2
5506,748,306,300.04584417215,2.90015171752664,0.15
5507,748,146,286.39692573284105,-8.345197968135523,0.15
5508,748,537,327.24450312254737,39.38207736935112,0.1
5509,748,575,172.47455876218152,30.602900868245875,0.05
5510,748,263,394.81287134257434,-2.878069298613834,0.2
5511,749,122,292.41138454991346,-26.515692317512972,0.2
5512,749,521,151.0066675978463,18.14395628873354,0.05
5513,750,556,313.5237012658588,-11.84948474682826,0.15
5514,750,321,284.4345909627374,-22.23908180745252,0.15
5515,750,587,187.03927990171263,25.013264399245024,0.05
5516,751,256,237.24035803511163,24.016411177919828,0.1
5517,751,506,145.58499850775272,20.972442498559378,0.05
5518,751,70,131.72949908875327,8.673581533909697,0.05
5519,751,407,168.5411087981593,8.594057948403908,0.1
5520,751,182,109.09927609858853,4.630667023778102,0.05
5521,752,225,425.78571638733507,3.7407182774669856,0.15
5522,752,144,230.5219466476138,6.812065967315977,0.1
5523,752,409,256.16135843418436,-19.63870331316313,0.15
5524,752,41,328.9031308516706,-3.705630372249402,0.2
5525,752,0,251.81659525875176,-10.436410711187216,0.2
5526,752,363,318.22079209780736,-38.331381185328894,0.2
5527,752,343,420.1377714609716,5.664829292194298,0.15
5528,752,341,132.28565065466142,6.289261624468713,0.05
5529,752,586,271.82848709968073,-3.8849525800638744,0.15
5530,752,40,312.12607289232153,18.852896584961357,0.1
5531,752,369,316.61466116397344,-2.038692767205335,0.15
5532,752,412,318.25493259468374,-0.07518848106326992,0.15
5533,753,499,100.22015159844221,11.480756152915117,0.05
5534,753,93,346.2480436282657,-7.307346684621006,0.2
5535,753,469,315.1302632985647,-25.473219136298322,0.2
5536,753,13,279.9415188755516,-22.194534374898023,0.2
5537,753,236,225.47146164072103,-28.345667608389263,0.2
5538,753,303,183.9960177315663,11.683092934560193,0.1
5539,753,335,99.77366602884088,8.405439552235112,0.05
5540,753,94,338.2037070466181,-7.936997171868146,0.2
5541,753,217,341.0357290429379,19.33875802786701,0.15
5542,753,448,77.74704459517396,2.762031688229065,0.05
5543,753,498,168.77782094290103,9.307642693194374,0.1
5544,753,5,118.40162954745487,16.741345990195768,0.05
5545,754,227,361.3280054465929,5.049751089318558,0.15
5546,754,109,273.8830122167394,-23.992948167489068,0.2
5547,754,327,383.5455248453226,-13.086871273201602,0.2
5548,754,132,296.35195145731825,-3.153259708536379,0.15
5549,754,207,268.37402569046156,23.825456422615396,0.1
5550,754,389,402.15660616140894,2.356090924211358,0.2
5551,755,130,143.2042851912306,20.992706138497677,0.05
5552,755,0,96.76325998274872,10.721511253507975,0.05
5553,755,99,384.6417459997972,-4.396038100030413,0.2
5554,755,132,107.39904234401861,7.416446119647549,0.05
5555,755,73,337.04177543423623,-10.656345379026913,0.15
5556,755,101,276.2895444391466,2.524471756464994,0.15
5557,755,512,241.96261467210138,13.379320530573981,0.1
5558,755,500,377.95692125940474,-13.635361811089274,0.2
5559,755,24,402.3087828136913,-25.51418257794628,0.2
5560,755,42,314.91152058279596,-4.240371912580596,0.2
5561,755,101,296.451513487197,-13.460472976920428,0.2
5562,755,242,179.7270345359866,22.95051136663449,0.05
5563,755,379,270.2279294620578,17.695650094175356,0.1
5564,756,274,251.3294343920772,-26.48831312158456,0.15
5565,756,340,275.68251634611954,-35.27162254808205,0.2
5566,756,185,360.52143994181745,-4.679384008727379,0.2
5567,756,341,254.39585062646097,1.21700171896296,0.1
5568,756,484,243.030111101952,-3.3162868560324723,0.1
5569,756,413,368.3514965483066,7.901124309661302,0.15
5570,756,314,320.9072840362316,17.683016611456548,0.1
5571,756,468,352.2629932991267,-4.334426340174664,0.15
5572,756,94,426.8073471684436,-2.051797924733446,0.2
5573,756,151,339.0268957012661,36.4725681542544,0.1
5574,756,440,230.9576557223935,16.633264315983233,0.1
5575,756,369,329.42380463377185,-19.533929304934205,0.2
5576,756,276,284.19807815041617,-39.252488277437564,0.2
5577,757,532,292.13380533319304,-20.42662920002104,0.2
5578,757,270,339.28624658414464,2.1480743168289216,0.15
5579,757,58,295.59780144308075,21.31094484437306,0.1
5580,757,544,396.181704923201,-20.192044261519836,0.2
5581,757,270,301.57967346979945,18.65951644472186,0.1
5582,757,561,98.30671512423902,-8.399778827518839,0.05
5583,757,167,169.84717713897595,11.577257410368528,0.05
5584,757,540,188.38097558838967,21.741624309018754,0.05
5585,757,550,489.4327816292575,14.684756325851488,0.15
5586,757,526,454.69950854837964,14.288601709675927,0.15
5587,757,270,301.57967346979945,18.65951644472186,0.1
5588,757,333,460.5023858643656,1.9469578796548674,0.2
5589,758,113,394.13627541763896,-23.534858687354138,0.2
5590,758,50,143.81574557339474,18.255223088741765,0.05
5591,758,46,379.8376080211939,-16.19775879682091,0.2
5592,758,162,211.46634612830664,-1.4160807025708992,0.1
5593,758,457,167.11604443155903,18.738907881977255,0.05
5594,758,107,217.02356635753335,-31.621365046369988,0.2
5595,758,120,175.13552545577176,14.030396437115257,0.05
5596,758,176,283.8523572310377,8.932326256946887,0.1
5597,758,103,345.4642828161509,-8.282557577577355,0.2
5598,758,242,226.83253705828588,31.051152465790995,0.05
5599,758,291,279.183978638611,25.948763371709806,0.1
5600,758,393,293.25957436625146,-30.064563845062274,0.2
5601,758,348,163.19475407780794,9.8795392516287,0.05
5602,758,253,352.27359261396384,-30.992061107905396,0.2
5603,759,412,316.40436630931237,-0.44530173813754104,0.15
5604,759,83,276.4466151363771,8.900294885287028,0.1
5605,759,67,124.49272353351019,4.094443520286328,0.05
5606,759,245,356.29850096312066,2.074575192624117,0.15
5607,759,510,364.46077525627686,-17.513083711558444,0.2
5608,760,476,230.0186527274825,-18.604385717105004,0.15
5609,760,500,264.94797203934183,19.069432409196654,0.1
5610,760,105,120.10602185679842,6.105269261627331,0.05
5611,760,30,376.58743717262143,21.979077910744458,0.15
5612,760,154,271.4618377714129,-28.847424334288043,0.2
5613,760,541,332.17461373532655,-1.6820306741610125,0.15
5614,760,380,303.4151137489767,-21.587732937653477,0.2
5615,760,259,249.0846851534165,21.2216937956957,0.1
5616,760,133,208.24068652069823,-20.88935150900048,0.15
5617,761,165,288.24367744180114,-13.658208209621247,0.15
5618,761,391,135.2095547666965,21.043811522210227,0.05
5619,761,466,88.86406376207391,8.29946168183093,0.05
5620,761,589,121.94639974567836,13.149510012617682,0.05
5621,761,427,385.05901796496187,23.655699239514547,0.15
5622,761,54,300.51388043887954,7.86735473160585,0.15
5623,761,362,145.65725744309952,12.159747470418178,0.05
5624,761,398,305.13106759867424,19.85198350775588,0.1
5625,761,368,315.996140153738,1.655400161417404,0.15
5626,761,535,143.1285926867092,23.800723591040082,0.05
5627,762,121,472.7557389487944,85.90855986816405,0.05
5628,762,170,370.13187486336756,-11.39481877049484,0.2
5629,763,74,249.75660414217032,-8.178947834173819,0.15
5630,763,98,133.58051122311622,3.5887886439237437,0.1
5631,763,23,223.68816367819784,6.854892526987392,0.1
5632,763,44,251.96523065961742,8.44938598038281,0.15
5633,763,472,149.58057761759378,-16.900031190142418,0.15
5634,763,312,386.9809301224376,-22.992736501005282,0.2
5635,763,504,212.50623251254353,-11.224578087089586,0.15
5636,763,260,289.9888938204617,24.992690249184278,0.1
5637,763,28,109.74368014423933,13.026449235520502,0.05
5638,763,548,317.6317429670243,-28.479471170594145,0.2
5639,763,548,110.28757186191622,7.693422465752537,0.05
5640,763,255,286.8857706580347,12.126622829691406,0.15
5641,764,135,232.44575147892152,-2.257812130269613,0.1
5642,764,199,168.2319279711959,23.733078927078846,0.05
5643,764,571,486.0260151818841,47.433653795471024,0.1
5644,764,451,332.8306168762658,-0.1298266247468458,0.15
5645,764,494,341.0090721374031,-11.388439179389522,0.2
5646,764,8,424.82487256918023,35.166018142295044,0.1
5647,764,24,399.67522655989046,28.04405663997262,0.1
5648,764,567,142.9370356763456,-0.5732277842218902,0.05
5649,764,13,355.31247655733847,3.8078703114676813,0.15
5650,764,348,328.2075393317406,7.380784832935149,0.1
5651,764,579,327.89826852625663,-15.48605972106149,0.2
5652,764,72,479.18831968787697,9.229063937575365,0.15
5653,765,153,286.12363083934383,10.644457709835955,0.1
5654,765,394,337.86665078423135,-23.659502382365286,0.2
5655,765,127,382.2740678742409,49.589016968560244,0.1
5656,765,392,295.47245068443885,-27.762132397334167,0.2
5657,766,243,391.91628850893625,34.13247212723405,0.1
5658,766,3,358.7528123548084,45.59180308870211,0.1
5659,766,356,398.052620557119,-26.49680691643215,0.2
5660,766,375,281.27636845411064,4.463042113527665,0.1
5661,767,494,326.62104255115696,28.42696063778925,0.1
5662,767,462,409.3383728121603,-20.547444078175957,0.2
5663,767,408,228.14099177037042,16.444378017197465,0.05
5664,767,535,305.3502506496907,58.48704355003419,0.05
5665,767,111,529.5467128533575,24.08154257067148,0.15
5666,767,117,223.08186429267806,35.79062273677263,0.05
5667,767,114,330.57501447560895,-1.1597478286586451,0.2
5668,767,518,401.0109449289014,37.85188623222535,0.1
5669,767,471,488.2917062592902,62.22082656482257,0.1
5670,767,492,453.9862367200075,60.88585918000188,0.1
5671,767,466,266.33530480827983,4.7196859616559586,0.15
5672,767,522,238.91872987834333,-23.682890518248485,0.2
5673,768,73,393.96686343881254,-27.315070484178104,0.2
5674,768,205,327.01302495375,-16.453146256937494,0.2
5675,768,542,210.9172873653564,20.849223232874365,0.05
5676,769,194,393.054150940285,44.62293773507126,0.1
5677,769,427,389.4138492592248,76.27473717165188,0.05
5678,769,5,459.3375597936098,32.90593695872192,0.15
5679,769,477,304.87259160844826,26.752247902112074,0.1
5680,769,68,309.86915015920636,29.078491235438886,0.05
5681,769,197,373.70573339181317,16.1937966783626,0.15
5682,769,496,380.17460228863524,40.186500572158806,0.1
5683,769,465,316.75809107661263,54.02377900075585,0.05
5684,769,142,361.47295637938606,-16.98215654309207,0.2
5685,769,113,330.2177941150251,37.655046318930836,0.05
5686,769,189,417.5043818734066,-22.621242718989,0.2
5687,769,13,397.41540381744375,-11.567189427383425,0.2
5688,769,491,297.0429700825321,25.846042520633027,0.1
5689,770,501,296.74672038043184,17.46703009510796,0.1
5690,771,459,372.0858597901569,-14.447821031476458,0.2
5691,771,523,333.6689112146117,-11.370942757077678,0.15
5692,771,107,177.56629145832184,-6.122523492911647,0.1
5693,772,204,280.4549097453194,44.4511958047263,0.05
5694,772,522,222.07661141543562,-12.003752716912878,0.15
5695,772,170,321.2920733437934,21.70991833594834,0.1
5696,772,317,328.2246512047474,33.53331280118684,0.1
5697,772,415,338.9355267408452,38.175381685211306,0.1
5698,772,139,470.65450609897084,66.59587652474272,0.1
5699,772,167,365.62171746194537,-28.83694238070818,0.2
5700,772,453,210.4734057859543,-16.988748553511417,0.1
5701,772,361,224.4158465025912,30.785233015002696,0.05
5702,772,554,284.8072352582111,-15.226002948357781,0.15
5703,772,497,254.92637137474088,41.36381014331006,0.05
5704,773,83,364.5523419661681,16.95833549154204,0.1
5705,773,495,297.8319239718515,20.60993099296288,0.1
5706,773,8,440.7884518496347,10.848490369926918,0.15
5707,773,500,389.5922337122898,12.035421742457945,0.15
5708,773,306,331.3422896657189,-13.764456550142143,0.2
5709,773,589,347.5629950628849,7.393824012576957,0.15
5710,773,347,325.68967869390383,15.403669673475967,0.1
5711,773,470,149.94812962846288,12.995947570844663,0.05
5712,773,10,421.14419941120855,50.93309985280213,0.1
5713,773,517,423.7492660350643,-10.726710094740334,0.2
5714,773,467,264.66852588692853,49.54546306447668,0.05
5715,773,494,338.39251222619595,-11.780923166070595,0.2
5716,773,376,232.25841695993506,28.376663103287193,0.05
5717,773,102,185.0322582377446,25.943584729989368,0.05
5718,774,169,199.2873905856981,-20.976728953541098,0.2
5719,774,80,192.18423804890887,-14.54114724500319,0.15
5720,774,29,244.38661032088834,-10.678840776660788,0.2
5721,774,81,188.5094696593398,5.163777190541161,0.1
5722,774,459,194.22967821523298,-5.0688712660576964,0.15
5723,774,74,126.89894079991602,0.05355789264688404,0.1
5724,774,131,226.07443638895472,-20.14696708554922,0.2
5725,774,349,74.32997171626664,1.1478672295560806,0.05
5726,774,97,185.90220909339195,-14.402945769149724,0.2
5727,774,386,112.69718017711125,-4.200040721748663,0.1
5728,774,215,164.59809770251437,13.781845543220332,0.1
5729,774,41,173.68355277771684,1.682312118159441,0.15
5730,774,533,68.18706380919329,4.045939455815766,0.05
5731,775,298,313.96327739959895,-17.580408390060153,0.2
5732,775,53,163.60722453080336,22.53209652151773,0.05
5733,775,136,157.18735672941241,16.689357953470406,0.05
5734,775,167,163.21374876233102,9.730982496803726,0.05
5735,776,550,527.5851147458206,-11.173032788126879,0.2
5736,776,143,375.45632910936126,-15.76265063359579,0.2
5737,776,138,239.0429585684323,32.57044226416391,0.05
5738,776,1,237.80130596834692,43.03525227096358,0.05
5739,776,420,330.74260621419967,15.248321242839914,0.15
5740,776,410,204.547090110061,15.52893998424717,0.05
5741,776,572,292.83606725523464,4.393713451046915,0.15
5742,776,196,465.6816214503701,1.0111432175555244,0.2
5743,776,3,355.0492697844343,44.66591744610858,0.1
5744,776,588,184.3881703406752,20.47907362240154,0.05
5745,777,483,202.32664946371932,24.11987517858672,0.05
5746,777,90,400.51086048933473,-21.25827092659977,0.2
5747,777,78,199.16330113022175,14.201603021186479,0.05
5748,777,278,171.1371448422172,10.436361651622974,0.05
5749,777,9,240.18693425515835,26.66237056020599,0.05
5750,778,90,282.25693107812833,12.137251653935621,0.1
5751,778,440,274.3875594762822,-12.389066078557654,0.2
5752,778,375,281.9094140247014,-31.711887896294773,0.2
5753,779,170,85.96430151423658,-2.0014874924056762,0.1
5754,779,336,123.32889909835583,-22.14605064366691,0.2
5755,779,239,39.353039845093505,-1.9491091117517287,0.05
5756,779,421,79.18522979369709,0.29077361843708616,0.1
5757,779,277,43.94698040381064,-0.07491220940239529,0.05
5758,779,575,152.62482531853175,-1.8888278287524258,0.15
5759,779,281,184.20582898378322,-15.0845758680258,0.2
5760,779,250,99.6802081273518,-16.506247505569583,0.15
5761,779,533,45.84559777018296,1.2306774169413082,0.05
5762,779,359,118.46361368155515,-22.80606754662118,0.2
5763,780,240,320.03258668803653,-26.403111996794504,0.2
5764,780,339,209.4667443694521,13.682090085572632,0.05
5765,780,112,242.10296811139432,23.24330869209807,0.05
5766,780,296,332.79085929528503,-14.565771105707233,0.2
5767,780,198,342.1519587230886,-1.218406191536694,0.2
5768,780,98,160.3744754331164,16.521171029427737,0.05
5769,780,257,204.08734475597873,25.440953157560564,0.05
5770,781,431,214.31091333855375,14.718116901346892,0.05
5771,781,278,288.00816118570106,-25.33207582214483,0.2
5772,781,555,393.31321736395375,-24.19661739540693,0.2
5773,781,103,223.21295361995067,33.6322170382196,0.05
5774,781,444,362.26807264231184,-22.636189103653198,0.2
5775,781,71,492.0898270438828,-17.734125943417567,0.2
5776,781,239,255.76093524979868,-2.052016187550335,0.1
5777,781,218,459.4839774641269,37.24697049282534,0.15
5778,781,135,156.59031241141906,6.0098604914988645,0.05
5779,781,296,302.82575600199425,20.038539000498563,0.1
5780,781,395,345.9339083962098,-7.49421832075806,0.15
5781,781,424,344.3863712985874,39.774492824646856,0.1
5782,781,120,388.3538395519225,-24.67502406721162,0.2
5783,781,422,408.41550346951783,2.3576255204276784,0.2
5784,782,374,270.7684904726692,16.015072618167316,0.1
5785,782,152,301.20190590845067,-12.219914113732388,0.2
5786,782,134,276.1288204093143,-26.538676938602844,0.2
5787,782,301,275.9531581468868,34.66467787419792,0.05
5788,782,449,213.47139906118596,20.308599839467313,0.05
5789,782,45,398.00115701158074,36.424139252895195,0.1
5790,782,448,277.96490826333167,10.556127065832921,0.1
5791,782,307,395.866181076112,-16.77077283858318,0.2
5792,782,354,323.9336467622911,16.355004352458206,0.15
5793,782,123,326.9354409624575,18.942460240614373,0.1
5794,782,589,377.8640114570674,-8.192298281439882,0.2
5795,782,39,425.02341136172896,73.02251277640386,0.05
5796,782,443,321.48360930286475,13.574752325716194,0.1
5797,783,125,179.34719384167943,25.820639577303197,0.05
5798,783,335,366.63517459442744,6.453784918885486,0.15
5799,783,253,357.6069156611711,-7.325841867765802,0.15
5800,783,262,246.8761462282215,14.358786557055382,0.1
5801,783,519,281.4914812640084,-20.029477810398717,0.2
5802,784,190,889.9965560541929,18.757583408128966,0.2
5803,784,572,294.2170069433716,-13.036448958494246,0.2
5804,784,118,205.46433827469536,20.009991550139773,0.05
5805,784,107,214.0370691466287,-17.200861170674266,0.15
5806,784,573,304.9148157269336,26.497920950947318,0.1
5807,785,176,257.78113551474075,24.523642372933118,0.05
5808,785,46,291.73862102568216,38.668625083849406,0.05
5809,785,381,588.1080357026683,6.350205355400277,0.2
5810,785,534,357.33368392835945,72.51292534482607,0.05
5811,785,275,297.2938047793882,0.15950119484705372,0.1
5812,785,464,171.6460673929004,16.33062186273593,0.05
5813,785,57,311.4187631083653,22.386790777091335,0.1
5814,785,489,239.09977013377147,36.08163211972413,0.05
5815,785,508,391.38039054955675,-2.414341417566476,0.2
5816,785,101,323.2796935505889,11.07373871011777,0.15
5817,785,22,259.10389014411226,24.499098819744773,0.05
5818,785,205,327.34300539140827,4.3641260782816325,0.15
5819,786,373,286.02663099728636,-16.890928753688733,0.2
5820,786,226,113.71296304403697,10.15498365135523,0.05
5821,786,529,144.70863239113265,-6.052495099610154,0.1
5822,786,20,115.27497699965316,8.340430333784642,0.05
5823,786,288,410.5351362141862,-24.099392665589562,0.2
5824,786,149,171.8366721927005,8.43839614576326,0.1
5825,786,402,343.88930761548306,-4.954541604431878,0.2
5826,786,386,260.88099750936215,-28.357965351609902,0.2
5827,786,357,132.0797126773581,11.190585253097804,0.05
5828,786,570,118.04638094912383,9.49163063406618,0.05
5829,787,357,422.89981279144354,2.6237625582886857,0.15
5830,788,137,388.87415548484626,36.97583872690709,0.1
5831,788,375,144.19799040922732,7.308509068695379,0.05
5832,788,219,464.229304490387,2.589695673558051,0.2
5833,788,521,185.16529076406107,23.69219452632217,0.05
5834,788,220,577.5531931994899,49.45968863989795,0.15
5835,788,207,241.38887785253382,19.062001149913094,0.1
5836,788,297,192.8735010653434,25.932197234711758,0.05
5837,788,100,335.11945636380665,36.82673978057054,0.1
5838,789,521,389.25388874496883,-9.637116688254652,0.2
5839,789,67,308.63362393336575,-16.855300213326863,0.15
5840,789,364,378.8374554083347,25.89601385208367,0.1
5841,789,473,314.71701234179955,13.795753085449878,0.1
5842,790,75,360.270771725755,4.1936793451509935,0.15
5843,790,257,126.6462523209194,13.64858017324978,0.05
5844,790,514,162.5847454202441,21.418261688253438,0.05
5845,790,326,299.24503600905524,22.915297105741388,0.1
5846,790,13,264.0254284446711,14.187507376507355,0.1
5847,790,150,303.54476035983123,31.0139019939434,0.1
5848,790,261,330.5714249826194,-22.787286252607075,0.2
5849,790,46,362.79297924047097,3.666195848094162,0.15
5850,790,335,344.96038162806497,2.1188263256129893,0.15
5851,790,261,321.9484013600217,-3.2125697279956675,0.15
5852,790,545,214.48655538183095,0.040363133954222974,0.1
5853,790,365,307.1344384875433,17.119998849713625,0.1
5854,790,328,137.55768048362214,12.946025792473069,0.05
5855,791,224,393.60183853798634,-22.880024219302033,0.2
5856,791,407,195.33118008554885,24.096540361717658,0.05
5857,791,523,375.4239226907466,-26.675511596387985,0.2
5858,791,256,369.5313992894504,46.0620998223626,0.1
5859,791,86,348.6132059642721,40.29100149106803,0.1
5860,792,284,136.31578970781587,3.366955342229229,0.1
5861,792,45,81.69321110426631,6.627522346438745,0.05
5862,792,555,175.49661166365237,-12.528383647485684,0.15
5863,792,51,108.58588497688737,15.708782619734102,0.05
5864,792,168,119.5120590162002,-20.21803374933284,0.15
5865,792,371,137.97783577727205,-1.984365043309893,0.1
5866,792,414,72.38304005856487,-7.290900318758565,0.1
5867,792,532,102.55820231208165,-1.4450930685022705,0.1
5868,793,331,453.57139299105904,-0.42519105134113033,0.2
5869,793,100,357.58212010249633,41.3959800256241,0.1
5870,793,445,242.40672028926406,-19.497930942147192,0.15
5871,793,580,260.9523272993138,-24.259450905102923,0.2
5872,793,550,272.4514256403085,37.8019487155723,0.05
5873,793,86,334.1103125897255,36.66527814743136,0.1
5874,793,235,218.87955528535028,-18.16686670719745,0.2
5875,794,536,125.41057080258607,6.737203344757514,0.1
5876,794,106,70.51979153633054,2.3935591456420937,0.05
5877,794,154,57.57475976434935,1.019121393103637,0.05
5878,794,241,145.13843041369773,1.8322953556409658,0.1
5879,795,533,60.979478273357586,2.88260007260898,0.05
5880,795,347,67.924661077943,2.5267008880729804,0.05
5881,795,393,164.424391016347,-27.887193212430365,0.2
5882,795,324,102.46077759507673,12.00923579280466,0.05
5883,795,477,59.94437891305881,4.442262502733648,0.05
5884,795,219,258.11237409206706,-13.181840912272516,0.2
5885,795,206,94.20458609306704,13.494395530007637,0.05
5886,795,267,174.13981505411454,-15.98091735546221,0.2
5887,796,516,556.9832146524764,0.7093821978714772,0.2
5888,796,360,510.9209535607873,68.85453839019682,0.1
5889,796,20,392.63474172270793,-21.930588741593795,0.2
5890,796,284,395.8181079442151,13.742146588843,0.15
5891,796,30,437.12095983061727,6.330443974592612,0.2
5892,796,129,317.10857223303015,-7.597814165045463,0.2
5893,796,419,301.59859490766814,47.21903121392775,0.05
5894,796,526,455.1512308605253,42.64600771513133,0.1
5895,796,325,273.48752788472785,40.79994607858637,0.05
5896,796,16,435.12246558171057,17.869743116342086,0.15
5897,796,89,233.38723086487715,22.190836122516657,0.05
5898,796,279,485.0508484817881,-7.298672727731773,0.2
5899,796,22,358.41385215520205,-23.05022217671968,0.2
5900,796,72,489.47436414043636,12.381272828087244,0.15
5901,797,467,461.5124443564978,64.27511108912445,0.1
5902,797,412,354.41251243429133,-17.45942313485629,0.2
5903,797,306,343.38684754598984,-10.862772868101505,0.2
5904,797,577,415.86117973941367,29.5847859478827,0.15
5905,797,274,266.4963312336798,-23.45493375326405,0.15
5906,797,166,243.54211741124442,21.381584905647923,0.05
5907,797,401,210.96460596960577,31.38444641404006,0.05
5908,797,220,396.6860910516468,80.83029468385203,0.05
5909,797,64,275.51035702145595,-1.0615607446360071,0.1
5910,797,63,295.86632603338745,-33.29395109499187,0.2
5911,797,438,374.70312544393227,-13.215731183410133,0.2
5912,797,411,407.69537972967817,-20.00529304054825,0.2
5913,797,451,340.9884009642369,1.5017301928473756,0.15
5914,798,59,404.0376291950151,21.801925839003,0.15
5915,798,498,212.0998423172956,30.15331729803552,0.05
5916,798,411,368.63633782707694,19.63448445676924,0.1
5917,798,252,313.570811656639,-14.381437668672199,0.15
5918,798,340,167.971111635779,5.426823271403659,0.05
5919,798,550,304.8328885362826,43.40950448805638,0.05
5920,798,174,321.29966969042937,9.746233938085862,0.15
5921,798,88,302.7771241923012,-18.943331371154812,0.2
5922,798,117,288.6856715791767,30.114167894794182,0.1
5923,798,589,352.11715546801986,10.494656093603961,0.15
5924,799,450,303.89377427709326,-24.937633858435994,0.2
5925,799,188,217.4656722576625,0.41281108805841527,0.1
5926,799,511,453.54864228997553,-10.882403656503637,0.2
5927,799,188,293.754575006462,-15.297654667941176,0.15
5928,799,39,374.8240770782474,36.7219479924849,0.1
5929,799,130,324.88730555174857,13.990617050591087,0.15
5930,799,141,109.44709434359464,7.620113421176292,0.05
5931,799,303,326.6135367201156,8.89825414194365,0.15
5932,799,227,219.92623645058276,8.199844966035005,0.1
5933,799,357,152.76518941480975,14.020406877246362,0.05
5934,799,426,225.58161064342232,20.84286704247595,0.1
5935,800,50,298.95778691986015,27.060596729965035,0.1
5936,800,166,394.2892812874018,-25.354807806889703,0.2
5937,800,195,404.05310395401455,22.832520790802885,0.15
5938,800,179,317.41430373119624,-11.598254440320556,0.2
5939,800,183,225.9191031159218,-7.7723742210195494,0.1
5940,800,193,405.39060053134375,21.162245106268742,0.15
5941,800,566,263.287732038867,-4.359016990283251,0.1
5942,800,40,447.7808927636519,-14.508666085452207,0.2
5943,800,177,378.29015264035456,1.9519055280708884,0.15
5944,800,284,285.2276393211623,41.217299203038415,0.05
5945,800,559,304.7781421693512,33.95306396684116,0.05
5946,801,382,283.35560195902036,1.9587453918040545,0.15
5947,801,276,137.27866551408795,2.2253727276988204,0.05
5948,801,308,163.24628530473336,14.720149665159418,0.05
5949,801,31,259.92256156981705,23.714252893611125,0.1
5950,801,565,271.01837998611455,0.8600873980526025,0.1
5951,801,176,161.4828157885956,12.707187401732465,0.05
5952,801,587,345.89600427058906,8.976675854117804,0.15
5953,801,190,420.63634682641145,79.15326818949345,0.05
5954,801,266,455.1546926717908,55.82389847917442,0.1
5955,801,165,338.33825172538434,-12.177674654923154,0.15
5956,801,228,204.03642180186205,-3.4405149580803553,0.1
5957,801,40,400.30323424089784,4.211096848179537,0.15
5958,802,341,285.937682059027,3.0252916715451423,0.1
5959,802,306,167.90616417143087,20.51421736125061,0.05
5960,802,404,161.60795653264512,23.088949383098715,0.05
5961,802,83,375.9576198199069,-4.39610103601863,0.15
5962,802,251,196.16522739282505,17.70510493965873,0.05
5963,803,555,350.58904398963057,-29.191042682895876,0.2
5964,803,298,180.67313851320387,6.851165650350016,0.1
5965,803,374,157.32810313878753,3.3209959283482533,0.1
5966,803,565,103.84863573559663,3.2521345203065337,0.05
5967,803,138,125.11574106243641,13.905972136943518,0.05
5968,804,582,226.03989673276828,-1.949358602369415,0.15
5969,805,559,424.92022468836393,-24.73366629674539,0.2
5970,805,40,230.03244682852417,27.45555301970687,0.05
5971,805,87,411.53676753776995,-7.783384869334503,0.2
5972,805,357,403.8254485132154,24.993162128303855,0.1
5973,805,242,473.08041572119186,16.969458144238356,0.15
5974,805,175,306.71387606203945,7.267075212407882,0.15
5975,805,153,279.54619578477195,9.000098946193003,0.1
5976,806,197,140.64731467782258,18.5995131119285,0.05
5977,806,197,339.7700583609975,-10.327091245850369,0.2
5978,806,46,360.7944110509143,2.1714822101828304,0.15
5979,806,267,295.01620752947133,4.789616505894259,0.15
5980,806,496,356.82641076196614,12.286257152393208,0.15
5981,806,322,257.534124461775,-24.683300107645014,0.15
5982,806,16,403.8971287773744,10.529675755474855,0.15
5983,806,275,120.18894052771026,1.8307980153680905,0.05
5984,806,168,240.57994140899643,-26.61546171820072,0.15
5985,806,116,96.15043995919937,10.391604152109057,0.05
5986,806,467,335.9386769877892,41.6494983304909,0.1
5987,806,24,296.56104243965837,16.22280913168709,0.1
5988,806,218,428.23363794912626,29.90190258982524,0.15
5989,807,158,226.08789185703256,6.3811194742867166,0.1
5990,807,4,369.2891934129577,17.14888868259151,0.15
5991,807,478,203.69874492029822,-7.899276015940361,0.15
5992,807,312,422.79500375273676,-19.814749437089464,0.2
5993,808,536,338.1554742608913,13.784369852178244,0.15
5994,808,306,253.93056383216344,17.10921473895521,0.1
5995,808,43,222.85592422747618,19.847312372994523,0.1
5996,808,187,443.54640627084024,-11.61943905937395,0.2
5997,808,128,364.48902909779304,19.640955819558588,0.15
5998,808,146,136.9691783051471,9.820339122386862,0.05
5999,808,264,312.7396425354403,8.596428507088042,0.15
6000,808,360,412.9591922370611,51.230316781401726,0.1
6001,808,142,319.0888955342297,-22.24476566986553,0.2
6002,808,270,344.4049526771158,-18.976557098432608,0.2
6003,809,244,407.79590857668825,11.519581715337637,0.15
6004,810,272,425.32378700430695,55.623066495693976,0.1
6005,810,394,159.07356915682703,12.127751792346473,0.05
6006,810,350,145.56202374647566,3.6947174756585284,0.05
6007,810,242,465.209841895648,15.395343379129596,0.15
6008,810,132,142.3334056942477,11.494331318853764,0.05
6009,810,155,174.78765126582147,23.068709351079267,0.05
6010,810,540,389.1784521824178,-17.90503217263732,0.2
6011,810,551,416.5940960932396,2.2638942186479127,0.15
6012,810,41,337.2209116048218,-1.362963259276711,0.2
6013,810,238,265.7021544307537,-10.632994113849268,0.15
6014,810,92,446.06016070164367,1.142624105246572,0.2
6015,810,342,361.516982511833,-3.1193284976334024,0.15
6016,810,102,293.5472594237705,24.765190925467763,0.1
6017,810,302,356.6387875625144,27.952786081260072,0.1
6018,811,161,320.45778691701014,-20.254831962448463,0.2
6019,811,89,402.6897184729166,-20.455942229062504,0.2
6020,811,58,307.01318062241734,40.73993815237493,0.05
6021,811,325,423.9573706842033,42.69404267105081,0.1
6022,811,558,325.8537762641296,8.483244066032384,0.1
6023,811,117,341.5067442901693,-0.4034883564746039,0.2
6024,811,469,455.29196936287366,-13.64410459556894,0.2
6025,811,3,399.25596489201723,30.562292978403427,0.15
6026,811,245,426.89098381631436,-10.44985242755283,0.2
6027,811,361,409.20583111427254,-5.172825332859102,0.2
6028,811,121,518.084245746651,96.35698049890925,0.05
6029,811,133,247.5886773138749,-13.651264537225032,0.15
6030,812,261,329.03053706391864,19.42613426597967,0.1
6031,812,332,326.2830140099236,61.29687999908023,0.05
6032,812,263,270.47939919274415,48.046923099386994,0.05
6033,812,71,476.6323644690766,9.2698728938153,0.15
6034,812,340,183.90721223480617,7.360173363145197,0.05
6035,812,424,345.7553508223424,41.2117377055856,0.1
6036,812,117,292.33077821360416,31.02544455340104,0.1
6037,812,194,413.10156073309867,-1.5743658900351853,0.2
6038,812,96,390.9640741982055,26.981518549551367,0.1
6039,813,371,197.8361410689737,17.9840462612482,0.05
6040,813,195,378.8888862176567,17.799677243531317,0.15
6041,813,525,279.8764425930215,-19.6101864813957,0.15
6042,813,176,338.9090557898595,-26.491641631521063,0.2
6043,814,385,167.3099409810441,22.269918562542962,0.05
6044,814,366,241.5593473700394,14.939412874136096,0.1
6045,814,473,114.54562180655591,7.759769758800193,0.05
6046,814,493,299.4770215170812,35.89119097743261,0.1
6047,814,25,392.11168697693705,-24.466746953459428,0.2
6048,814,544,244.95240437335374,11.371901873077682,0.1
6049,814,213,371.50446845172104,-32.16372973224183,0.2
6050,814,388,122.17825510674777,17.567365819099933,0.05
6051,814,393,182.01366364305528,-0.8708837935967502,0.1
6052,814,156,389.67836228023253,-8.8759456579651,0.2
6053,814,29,137.0226044295474,20.975503673846234,0.05
6054,814,176,118.48665468704712,7.745521295039307,0.05
6055,814,268,276.791154196487,5.673191030950559,0.15
6056,815,555,377.7820447100336,-1.2781910579933147,0.15
6057,815,182,317.6352474640516,-27.22711288039225,0.2
6058,815,473,329.572491417107,-4.656251716578614,0.15
6059,815,404,300.6127608072612,29.73169020181531,0.1
6060,815,241,413.1542569605005,6.814226392100068,0.15
6061,815,589,367.9012905209396,-9.686706421859052,0.2
6062,815,295,327.657803785705,22.651050946426256,0.1
6063,815,519,271.62055351753406,-6.334339296493198,0.15
6064,815,29,408.8546722600515,3.409500839007727,0.2
6065,815,91,186.41548413855554,23.705825594162484,0.05
6066,815,247,424.68767615611887,39.389419039029725,0.1
6067,815,219,467.60754845437157,32.992434690874276,0.15
6068,816,417,238.94955624869613,35.24914799276138,0.05
6069,816,24,411.48433402689,3.4292418053779805,0.15
6070,816,289,285.55266831363963,-18.05029133727209,0.15
6071,816,66,306.95696553179687,-32.96485517023045,0.2
6072,816,509,171.86177629097125,17.081975594846668,0.05
6073,816,448,150.1699351034602,11.20113012127985,0.05
6074,816,256,379.98664837317915,0.1264972559768971,0.2
6075,816,213,395.8963327007247,-29.599950094891273,0.2
6076,816,352,276.8753269702067,-9.044800954468982,0.2
6077,816,337,284.25323492089206,-14.137103015821591,0.15
6078,816,498,331.40583122502284,29.83030780625572,0.1
6079,816,540,366.03632103107964,26.153780257769895,0.1
6080,817,540,166.06371195367603,-9.172248975793137,0.15
6081,817,451,173.0086262193273,-23.59904217024328,0.2
6082,817,331,82.18909072658096,9.680075494424152,0.05
6083,818,202,265.6326942068904,21.890104826033593,0.1
6084,818,283,253.82720311998986,-5.916081763381471,0.15
6085,818,212,346.82067284206704,46.70643516329395,0.1
6086,818,56,240.273125294996,13.738928959624552,0.1
6087,818,131,127.03329132918181,12.652707474477097,0.05
6088,818,73,358.4520497619759,-32.64229253570359,0.2
6089,818,165,292.2469799775543,-13.580281180143693,0.15
6090,818,349,118.19339411930687,4.99451193813063,0.05
6091,818,284,370.14887943378824,-15.373768084931754,0.2
6092,818,182,106.68496660995042,4.847069446601928,0.05
6093,818,408,108.35982871829009,4.606041983434013,0.05
6094,818,473,310.48997722763,-27.494503415855483,0.2
6095,818,104,299.1988179490598,-13.365377307641024,0.2
6096,819,267,332.907312731718,-9.76840309024228,0.2
6097,819,274,178.96017662170942,0.22156873758186402,0.05
6098,819,516,540.5782522136508,34.88742544273014,0.15
6099,819,422,398.23693780304137,26.208812560608244,0.15
6100,819,493,517.1910633202912,11.688459498043692,0.2
6101,819,457,375.60108758939845,-12.583536861590229,0.2
6102,819,254,378.0670627464126,47.841265686603144,0.1
6103,819,221,331.8676472590339,63.02488015802926,0.05
6104,819,457,241.51710638842053,30.921556721003782,0.05
6105,819,225,476.7219086602948,-15.108013700955768,0.2
6106,819,416,196.7892363946682,28.50618466733054,0.05
6107,819,512,250.5868568362555,31.987616960531092,0.05
6108,820,338,336.7837860175398,-25.97293209736901,0.2
6109,820,347,175.76156496787826,15.969150017494165,0.05
6110,820,46,373.0465029955876,6.8119005991175,0.15
6111,820,82,358.62183003981977,-11.21740899203606,0.15
6112,820,81,477.92246253147977,9.674967506295928,0.15
6113,820,194,199.976471010515,30.955285870567433,0.05
6114,820,471,498.2012904287519,0.9575935643128233,0.2
6115,820,79,426.38222999800274,4.573570999600523,0.15
6116,820,511,243.40869028060388,36.78597621446893,0.05
6117,820,253,181.38215160988747,13.232738096107152,0.05
6118,820,204,454.31498373084185,-5.143852440373717,0.2
6119,820,576,342.0984580213234,-1.99593129680148,0.2
6120,820,447,319.2163644727403,-0.9260771054519559,0.15
6121,820,321,283.5319961383874,-20.229600772322513,0.15
6122,821,51,323.7587555337308,63.75100877181373,0.05
6123,821,131,361.74551456026825,7.843452912053639,0.15
6124,822,122,243.1741346618197,5.978693165325215,0.1
6125,822,74,316.4024175451451,-2.473241490970997,0.15
6126,822,153,237.98968964647125,5.585168453851434,0.1
6127,822,551,345.8232776697209,18.830319454443313,0.1
6128,822,6,466.52103780233585,14.293632560467142,0.15
6129,822,99,384.8165176964503,21.604878539290056,0.15
6130,822,107,209.6184143413995,-18.0845921317201,0.15
6131,822,328,315.31052168238114,-1.4172206635237963,0.15
6132,822,499,350.4047371465295,10.453672429305879,0.15
6133,822,238,124.5310926316803,7.009174344566887,0.05
6134,822,429,186.23185831674186,31.370420408902895,0.05
6135,822,327,341.2259875501698,2.6266225100339575,0.15
6136,822,447,263.8975732432262,10.665001192475792,0.1
6137,823,517,415.61434398007844,-11.946948402988207,0.2
6138,824,5,454.8599881632134,32.01042263264265,0.15
6139,824,484,235.44025346730575,12.335754128623641,0.05
6140,824,40,456.09859115383995,-13.261011326924004,0.2
6141,824,583,315.5013739241708,47.4413917253076,0.05
6142,824,461,460.8249507231878,-15.11495739152181,0.2
6143,824,174,338.21360038083185,10.93902007616635,0.15
6144,824,103,382.76662715240514,-2.6872059271392246,0.2
6145,824,31,323.1981312585036,14.668676251700717,0.15
6146,825,251,385.41679099239747,-1.3826418015205153,0.15
6147,825,208,560.0248532465808,53.19354564931616,0.15
6148,825,497,417.5016895478339,21.968812909566754,0.15
6149,826,305,229.86772948372874,-6.916837059748575,0.15
6150,826,506,257.80175404596366,24.567486893198247,0.1
6151,826,346,317.19575508877847,-3.9706674012462635,0.15
6152,826,570,363.5293614089249,-25.529195788661248,0.2
6153,826,38,394.75356124856387,4.875327717175203,0.15
6154,826,214,382.3209024945904,-31.088764625811415,0.2
6155,826,163,111.39610263540138,7.749695429952581,0.05
6156,826,100,241.11480556743984,23.63273803965145,0.1
6157,827,551,270.11029907178306,12.817486220332313,0.1
6158,827,301,328.48737582998496,0.2550695939239205,0.15
6159,827,440,268.5770139127825,-13.260647913082614,0.2
6160,827,430,279.21842493721323,-38.57243625941801,0.2
6161,828,41,322.7636120074747,38.21255300186868,0.1
6162,828,297,371.2748865855568,35.07657164638919,0.1
6163,828,316,256.57623351601563,17.694208379003904,0.1
6164,828,399,275.7172809498245,45.226032470024066,0.05
6165,828,471,496.47946853883036,30.29354370776604,0.15
6166,828,472,205.211867443155,-26.25681988352674,0.2
6167,828,107,209.42859279817475,-4.579501800456306,0.1
6168,828,316,256.57623351601563,15.5042083790039,0.1
6169,829,413,225.81569191349078,-3.8363426030669423,0.15
6170,829,146,221.51830131891913,-26.5126475125131,0.2
6171,829,258,220.8565017918395,-16.69613686899728,0.2
6172,829,94,308.73584283961964,-9.568909800401133,0.2
6173,829,546,200.10526854369965,-29.776767288111415,0.2
6174,829,192,89.62487505482724,9.429247767311299,0.05
6175,829,96,101.4169744176564,7.412004674818828,0.05
6176,829,355,129.0449811747905,6.748189857651738,0.1
6177,829,575,318.16012264351264,-4.678151309128765,0.2
6178,830,325,217.28239615873628,-19.972980502813414,0.2
6179,830,555,69.46534797658731,2.339796027145155,0.05
6180,830,527,230.85804204570601,-3.7860756040160837,0.15
6181,830,128,198.91815214993022,-14.326733638522008,0.2
6182,830,255,197.5779333321159,-12.310382822689396,0.2
6183,830,3,68.52181219005118,8.183244428466516,0.05
6184,830,265,156.76959177337656,7.920618145192215,0.1
6185,831,578,345.682688976435,-13.101396653534747,0.2
6186,832,479,103.39159956912638,-6.939522076082301,0.1
6187,832,435,104.44980555034871,4.395887036253974,0.1
6188,832,191,56.71400978442719,3.9252319498134156,0.05
6189,832,65,68.14732687808414,2.0712507669563784,0.05
6190,832,335,67.54609494770405,4.159757217455628,0.05
6191,832,312,181.01520989793946,-9.710530431794105,0.15
6192,833,571,497.37244037778373,18.22951307555671,0.15
6193,833,401,286.20747202724,26.254787424101632,0.1
6194,833,128,371.8265761117635,21.108465222352674,0.15
6195,834,530,226.68144674262504,31.502351044543737,0.05
6196,834,291,316.30641225116756,33.6119530627919,0.1
6197,834,212,557.8625740558901,52.129139811177986,0.15
6198,834,480,181.6278306842142,8.03827598918868,0.05
6199,834,351,421.0656407558983,-25.94725388661523,0.2
6200,834,421,177.29555525963866,25.38678175094075,0.05
6201,834,232,161.58465572938127,13.118183479753249,0.05
6202,834,410,327.54731058555694,-7.899887882888619,0.15
6203,835,560,105.49939644733618,-5.883554105624971,0.1
6204,835,242,151.3175134673295,3.4358413056706567,0.1
6205,835,15,122.83284814834128,-24.03299964559684,0.2
6206,836,165,351.39174772584914,-8.471975454830195,0.15
6207,836,403,320.49858468044647,31.89014617011163,0.1
6208,837,233,162.1260646227565,0.5826027058093368,0.1
6209,837,581,182.54304475717032,26.195627739394425,0.05
6210,837,204,195.78371002333682,29.18701502338267,0.05
6211,837,309,284.532061680424,28.79974867846621,0.1
6212,837,215,185.50040942203626,32.43894329410254,0.05
6213,837,453,214.41441272609006,-44.69543809108649,0.2
6214,837,213,382.90154039339524,-30.45416894099069,0.2
6215,837,20,161.34024385482616,15.218678854636394,0.05
6216,838,447,123.66031906647441,10.855176513060673,0.05
6217,838,318,105.0181949922176,8.07628932480068,0.05
6218,838,140,301.81890177841933,-9.712164733237094,0.2
6219,838,359,107.91464613713639,5.936079884884547,0.05
6220,838,24,279.2778454215201,14.412034447396199,0.1
6221,838,170,222.47286306536793,11.289981358391877,0.1
6222,839,413,343.9014843189117,27.71998842974721,0.1
6223,839,379,410.46819914953875,-15.715170127569163,0.2
6224,839,72,243.22814384320728,29.079507305631598,0.05
6225,839,199,260.2586159380676,21.879969154175026,0.1
6226,840,287,454.5143473947892,26.7122194789578,0.15
6227,840,514,388.6301227874868,-10.313281581876966,0.2
6228,840,298,156.73772238955698,16.854964086145664,0.05
6229,840,87,403.19218813731084,-7.940071779403354,0.2
6230,840,25,412.83499744654085,-21.358250383018866,0.2
6231,840,345,333.950061101608,15.73577846815843,0.1
6232,840,145,222.43680079572746,31.091541866699004,0.05
6233,840,52,266.7689028830188,-1.0150944233962491,0.15
6234,841,52,291.90025283466645,-13.352462074800023,0.2
6235,841,11,360.78376392127734,-5.747135411808387,0.2
6236,841,462,367.8403828118701,19.54489570296752,0.1
6237,841,369,324.0148385198555,21.417959629963885,0.1
6238,841,332,505.2877507918408,39.050525158368146,0.15
6239,841,11,360.78376392127734,-5.747135411808387,0.2
6240,841,206,463.82394901746073,66.9599372543652,0.1
6241,841,537,489.06554112685694,40.899258225371355,0.15
6242,841,3,250.02811621299188,44.15193975316964,0.05
6243,841,40,423.5950658178691,8.869463163573787,0.15
6244,841,472,133.70545434654315,3.4678860445879547,0.05
6245,842,239,257.35424312835323,-1.653689217911693,0.1
6246,842,316,179.44599446087358,21.630353211389462,0.05
6247,842,475,217.9102031390339,20.105703558357206,0.05
6248,842,423,246.0922546856544,41.60275080109172,0.05
6249,842,562,211.1554736078054,-28.48297895882919,0.2
6250,843,238,267.7736921474499,-11.313686570510031,0.15
6251,843,36,279.4652318123943,6.026196362478837,0.15
6252,843,126,252.68958450913112,48.80180958587975,0.05
6253,843,493,254.4969723126474,47.79774187223415,0.05
6254,843,233,197.07855857209296,4.802730487007466,0.1
6255,843,67,160.20070605857632,6.959851767333426,0.05
6256,844,435,309.81919637121115,-6.325520544318326,0.2
6257,844,455,255.6165738003101,-42.32411392995348,0.2
6258,844,548,223.63178191168674,5.1964834850068335,0.1
6259,844,221,425.4803383052907,27.251671845624053,0.15
6260,844,225,428.37254708851304,-22.360417936723024,0.2
6261,844,440,269.652092827615,-13.099386075857748,0.2
6262,844,564,147.853097579816,18.410008132093857,0.05
6263,844,86,338.6728209412827,-6.01487685880759,0.2
6264,844,539,174.5517368239166,4.30939548960794,0.1
6265,844,509,284.6082622460683,-4.625996769883317,0.15
6266,844,259,136.6879369843528,18.448150175156393,0.05
6267,844,196,164.65331866382377,25.881052355870114,0.05
6268,845,60,156.02592550225208,5.9598949731717035,0.1
6269,845,335,262.4127469333158,-3.186993968778461,0.15
6270,845,564,214.74705028441934,14.08397094139734,0.1
6271,845,2,127.12308824229585,20.617526357955505,0.05
6272,845,242,420.63572110977515,-18.76791974469593,0.2
6273,845,74,289.7001119985641,-23.73810099635927,0.2
6274,846,410,359.17476242245954,-24.16638563663106,0.2
6275,846,65,363.40091808662964,18.573329521657413,0.1
6276,846,471,517.4796711978906,36.68358423957811,0.15
6277,846,10,440.2155820701844,55.70094551754609,0.1
6278,846,111,504.66379860127813,51.500149650319536,0.1
6279,846,166,397.70276262187946,-25.937785606718066,0.2
6280,846,425,351.6246073715726,40.535301842893155,0.1
6281,847,558,191.8155839260098,10.24967404947698,0.05
6282,847,162,240.82493967328665,-1.4755150816783393,0.1
6283,847,574,344.66198516319866,-1.2009022255201849,0.2
6284,847,446,489.50403339971376,-10.72529499004293,0.2
6285,847,526,469.96489687599944,17.341679375199877,0.15
6286,847,198,193.1258869818189,30.77498386222251,0.05
6287,847,214,383.34131278925713,17.569678197314282,0.1
6288,847,305,255.77069994335704,12.289874985839264,0.1
6289,847,66,290.00048897395664,2.0147222434891674,0.1
6290,847,260,493.8310567550767,55.65426418876919,0.1
6291,847,411,398.8844806106404,-21.32692790840392,0.2
6292,847,300,299.56169247057545,13.23442311764386,0.1
6293,848,193,211.1518012372129,15.879941631878658,0.1
6294,848,244,345.47167689949333,-20.798130261152913,0.2
6295,848,363,176.0407096664934,-4.270814251153578,0.1
6296,848,66,93.4571646481623,2.1452698349937975,0.05
6297,848,228,175.1926835135942,-16.52988039805181,0.15
6298,848,334,389.6334988738869,21.15542728529236,0.15
6299,848,443,238.5372525082575,-11.539277125000176,0.15
6300,849,414,204.34148477838954,-4.339428805402617,0.1
6301,849,53,347.0800219397646,35.211755484941165,0.1
6302,850,426,337.80546624566443,36.3420165614161,0.1
6303,850,14,340.75991065440235,22.845227663600582,0.1
6304,850,361,355.32924960283543,11.78102492056707,0.15
6305,850,62,276.06202737893284,-15.861295893160063,0.2
6306,851,0,245.4615725087644,20.405243127191106,0.1
6307,851,198,186.19220855489579,29.45942534199433,0.05
6308,851,227,332.1752433902017,20.73271084755042,0.1
6309,851,163,293.2332453374231,10.04481133435577,0.1
6310,851,297,223.70487013285137,31.896059309546395,0.05
6311,851,526,467.1182044139723,16.772340882794442,0.15
6312,851,237,335.09174433606586,-20.29103834959012,0.2
6313,851,62,279.56633245246894,-15.33565013212964,0.2
6314,852,132,88.01901389367039,-11.622632579121795,0.15
6315,852,352,84.10517358288041,-6.971522381168587,0.15
6316,852,256,50.067501818752305,4.062788886874895,0.05
6317,853,15,138.43389636068736,5.741288166039528,0.05
6318,853,334,308.56489043666244,58.93820689895075,0.05
6319,854,31,139.7788753129043,8.064365391863209,0.1
6320,854,58,255.66878422332292,-18.517136221565135,0.2
6321,854,11,154.8626058111154,8.457545321858813,0.1
6322,854,509,147.83353064747712,1.9050207743953003,0.1
6323,854,550,132.00950571336648,14.107387642672236,0.05
6324,854,552,147.82947697091214,-2.7682477889005295,0.1
6325,855,362,251.3625693770769,26.43058379742518,0.05
6326,855,408,308.40666882118165,-10.832516235763682,0.15
6327,855,416,172.04345398212138,23.492717005460076,0.05
6328,855,236,297.9135499215956,-23.72426751176065,0.2
6329,855,154,282.50008175514256,-8.001058648971494,0.15
6330,855,581,251.94262865772436,38.93755941885842,0.05
6331,855,342,385.46854159124126,-23.9288187613138,0.2
6332,856,155,348.0111542751616,-12.920526858725752,0.2
6333,856,279,455.2059867901297,-10.680401981480518,0.2
6334,856,581,195.8666705285487,28.62128273387068,0.05
6335,856,456,290.2547083909562,-18.12215832180877,0.15
6336,856,498,338.5706009237863,7.556595184757249,0.15
6337,856,360,245.37634347312635,43.38482753076039,0.05
6338,856,122,140.30016118463433,10.181967465301302,0.05
6339,856,361,297.9330543151026,25.32416651285017,0.1
6340,856,2,400.06277723571304,28.766905447142598,0.15
6341,857,410,344.0900147667434,-27.524097784988474,0.2
6342,857,163,296.19790530975126,11.880976327437835,0.1
6343,857,494,333.50259760822536,8.816469521645061,0.15
6344,857,118,243.39305562087895,25.14171936360262,0.05
6345,857,555,233.20368489048175,23.061774873618717,0.05
6346,857,127,379.1791534512672,46.62528836281682,0.1
6347,857,352,275.3460339110385,6.1469817822076855,0.15
6348,857,309,231.07166981917578,37.07900857411221,0.05
6349,858,109,267.1484417126485,7.757710428162113,0.1
6350,858,550,483.4523738091406,76.05191214274217,0.05
6351,858,560,396.2566995390267,-24.407695069145976,0.2
6352,858,428,518.7154671635608,47.36474343271214,0.15
6353,858,167,334.9789745801624,30.495742374048685,0.05
6354,858,379,390.82863866663826,58.29919159999143,0.05
6355,858,13,341.3800091398453,46.294127741953574,0.05
6356,858,323,365.04943961458576,-5.339112077082869,0.15
6357,858,108,320.1965428677437,20.696735716935937,0.1
6358,858,51,640.0282320481344,25.44313480722019,0.2
6359,858,244,410.0939949662585,39.05989874156464,0.1
6360,858,374,327.5861353571676,-10.299379696424845,0.2
6361,859,252,150.8803599601788,6.653308751845639,0.05
6362,859,125,244.40428909914965,21.124154712329585,0.1
6363,859,589,300.6304274604458,23.990338831457798,0.1
6364,859,176,162.81677189932742,12.864399268918206,0.05
6365,859,231,369.29514130315516,8.18615326063102,0.15
6366,860,336,280.68910582102205,-7.938303835795602,0.15
6367,860,51,383.46835176213773,50.488931309553905,0.1
6368,860,424,336.69260589376125,17.098171178752224,0.15
6369,860,146,124.72935848127264,8.449683380011887,0.05
6370,860,153,278.6239190397457,-9.310291192050865,0.15
6371,860,239,188.32926372673458,-4.713639436801387,0.1
6372,860,55,236.06931824995172,-15.613736350009662,0.15
6373,860,115,115.72875095764633,15.517666174264757,0.05
6374,860,223,264.2198516036783,-37.142322259448235,0.2
6375,860,101,219.83655669803954,14.968757520562512,0.1
6376,860,210,417.2600755681846,29.043390113636917,0.15
6377,860,127,381.91598460769643,-1.9676023088455175,0.2
6378,860,20,360.40080420198564,-24.57567936970213,0.2
6379,860,555,362.7090781606448,-29.882238275903266,0.2
6380,861,278,265.27422220607116,-29.837166669089314,0.2
6381,861,68,262.51125605759705,6.534725980842861,0.1
6382,861,574,132.9358673166661,19.396462342622222,0.05
6383,861,6,458.6390748632556,10.527239972651085,0.15
6384,862,152,317.5938862181686,-10.856117067274699,0.2
6385,862,98,212.79927774649997,24.849165435346652,0.05
6386,862,480,321.021752635572,6.184838158892999,0.1
6387,862,360,570.2495808692792,46.66546617385579,0.15
6388,862,77,250.85820728678,3.9409518216950072,0.1
6389,862,337,259.36652676947944,17.64396907399143,0.05
6390,862,221,493.4618798266434,69.84826995666084,0.1
6391,862,261,345.4414179285339,23.52885448213349,0.1
6392,862,336,336.8679520875727,-18.820307186864078,0.2
6393,862,462,408.7413620285753,5.114072405715021,0.15
6394,862,574,338.6350471723043,41.11206179307609,0.1
6395,862,80,379.28320018590404,18.002150046476018,0.1
6396,862,83,391.5744920568611,23.71387301421529,0.1
6397,862,89,402.85114988094824,-19.336727517857742,0.2
6398,863,200,184.47560633015053,15.466441679221798,0.1
6399,864,456,291.7397582812576,-17.825148343748488,0.15
6400,864,472,169.06670472539875,-5.373195698452955,0.1
6401,864,311,221.13230871506534,-5.6254125663095085,0.1
6402,864,101,298.99799304099645,5.12239860819928,0.15
6403,864,342,370.73442437493475,-25.043936343759768,0.2
6404,864,214,399.20543916409247,-30.746084125386112,0.2
6405,865,584,363.50408613714075,31.349271534285183,0.1
6406,865,574,326.86813594673515,17.15017718934702,0.15
6407,865,493,458.19814599858216,63.41283649964556,0.1
6408,865,205,167.82004314021782,17.569427291802736,0.05
6409,865,89,335.33321136302135,14.064902840755341,0.1
6410,865,410,334.4226070429413,-27.879208943558794,0.2
6411,866,105,137.89625291444332,-3.4776962234012343,0.1
6412,866,334,314.83852245549343,13.787561687620268,0.15
6413,866,35,163.52775614847786,-4.181109009422361,0.15
6414,866,182,178.5584191640441,-14.455794744335924,0.15
6415,866,545,127.061157856883,-4.141620371395277,0.1
6416,866,280,247.51779710986972,-23.52787094711772,0.2
6417,866,176,84.81499239954766,4.009966718875489,0.05
6418,866,320,88.79439167980644,8.200831565972486,0.05
6419,867,558,160.6725809678075,-4.4328422359524575,0.1
6420,867,113,325.82084472647426,-26.655790274874136,0.2
6421,867,318,139.44409767765904,1.4660404924588537,0.1
6422,867,424,292.8131131064149,-8.140112787688714,0.2
6423,867,410,270.6181332070607,-30.42178004946433,0.2
6424,867,437,253.03248819751855,-0.014979918562360695,0.15
6425,867,226,301.36256095580427,-21.735262596021467,0.2
6426,867,239,217.45969615206124,-32.93956682844443,0.2
6427,867,412,167.94059258606137,4.361340293762776,0.1
6428,867,206,239.16621411694217,25.366206862686838,0.1
6429,867,148,254.3661512149677,-22.36016578737259,0.2
6430,868,89,351.1930993108239,-27.08543510337639,0.2
6431,868,320,349.44521448782336,-14.546117826826478,0.2
6432,868,129,243.77342037321438,20.076097595571362,0.1
6433,868,413,378.465372554124,-15.4804941168814,0.2
6434,868,377,317.3779175322107,20.99027950714293,0.1
6435,869,358,248.26834248219163,39.057951333894906,0.05
6436,869,293,161.81589371853732,17.31429317023751,0.05
6437,869,337,288.4423689995118,-32.89064465007321,0.2
6438,869,403,284.3473615452247,28.30158945499336,0.1
6439,869,1,370.26352873937003,23.086805747873996,0.15
6440,869,510,180.1355589881607,21.549446336637118,0.05
6441,869,53,168.40705092282815,23.37009093962778,0.05
6442,869,292,288.65475829987355,-9.13118625501896,0.2
6443,869,310,167.02145836694552,24.09214160773098,0.05
6444,869,201,162.05890533603062,24.359516911347807,0.05
6445,869,558,318.6901451926864,-35.27467822109702,0.2
6446,870,40,416.4672047064737,-19.205719294028942,0.2
6447,870,67,155.1753143124164,5.313921985807603,0.05
6448,871,532,252.09511317217198,-5.919777405300709,0.15
6449,871,169,304.0616500262453,-20.43085249606319,0.2
6450,871,404,112.96850958243232,14.572888303503284,0.05
6451,871,195,335.12713839925414,12.343038265704688,0.15
6452,871,143,309.6429703322302,-2.9975675539878246,0.15
6453,872,559,436.40701062980696,4.659577125961388,0.15
6454,872,448,219.30892266593594,19.24598251914432,0.05
6455,872,37,249.90040453532922,38.840904300693545,0.05
6456,872,266,415.5623978037578,76.78872251203954,0.05
6457,873,364,388.3901712141005,28.28419280352513,0.1
6458,873,528,286.28534600443993,33.679909326211956,0.05
6459,873,576,253.9879853465383,43.78368146315223,0.05
6460,873,108,317.01880147346833,-0.22813970530633476,0.15
6461,873,388,378.1357654933065,-0.9640351760039998,0.2
6462,873,23,414.6634813875273,6.060821277505447,0.15
6463,874,334,525.1681472519804,39.11122945039604,0.15
6464,874,19,456.6781950248159,12.895964004963169,0.15
6465,874,65,371.61133360770094,-29.03969995884485,0.2
6466,874,442,292.80146127646725,12.354715319116814,0.1
6467,874,172,504.5218896317281,60.76212240793204,0.1
6468,874,33,256.6083231132392,-20.882960377352155,0.15
6469,874,317,334.96480647897494,12.57548629579496,0.15
6470,875,304,223.041353210588,30.323050840749296,0.05
6471,875,132,288.07258651141296,-3.7141326977174156,0.15
6472,875,299,362.073458821706,4.394316764341188,0.15
6473,875,122,303.55843495665385,-5.426713008669232,0.15
6474,875,58,330.3668790331067,26.29856975827669,0.1
6475,876,332,371.38439107544093,45.513717425666144,0.1
6476,877,336,285.2745927802257,-25.46431108296612,0.2
6477,877,161,271.48653410121136,-27.600519884818276,0.2
6478,877,409,101.59423510399199,1.4713131184957087,0.05
6479,877,160,242.43627389371983,9.423757374821065,0.1
6480,877,219,307.88136866147266,35.04156440072626,0.1
6481,877,582,360.0300035540522,8.46941615519772,0.15
6482,877,338,300.62533250023466,-10.2702596877615,0.15
6483,877,42,123.84658167791316,18.547643643433084,0.05
6484,877,89,319.3380434815595,-9.419836397346074,0.15
6485,877,149,210.19216086690008,13.484721335041755,0.1
6486,877,378,327.9316743035423,-0.7637470345397297,0.15
6487,878,542,60.134581828747514,2.0191022328094306,0.05
6488,878,194,120.84140105809749,4.294437185281396,0.1
6489,879,72,180.4967832613785,19.909090166869728,0.05
6490,879,102,318.54317740415155,-11.445723389377251,0.2
6491,879,451,320.69146410077,-24.38948038488447,0.2
6492,879,438,339.25879912154403,-16.34238013176838,0.2
6493,880,204,385.01797318717,14.219828719323033,0.15
6494,880,47,307.4433467998862,-23.691397980017058,0.2
6495,880,506,255.73598394275152,23.50844182298108,0.1
6496,880,271,211.2684583765865,7.473721061071135,0.1
6497,880,399,162.82796427096093,23.609007399741046,0.05
6498,880,254,244.857662237724,25.599951440420362,0.1
6499,880,332,421.58091835345664,25.88356568131161,0.15
6500,880,93,420.9559356864445,-3.5065096470333046,0.2
6501,880,466,218.50568039338043,-3.568341378207025,0.15
6502,880,494,209.06809609156545,12.618967259632576,0.1
6503,880,328,207.47956923783855,7.663436758190276,0.1
6504,880,553,129.22788463441663,8.47375479996606,0.05
6505,880,409,96.67441716508853,1.1687675410853737,0.05
6506,881,301,199.6942934460754,24.215213318153523,0.05
6507,881,4,195.5687773996181,30.012335262385946,0.05
6508,881,15,234.66448372363192,-14.29510325527363,0.15
6509,881,135,238.42669201200323,-16.11403659759936,0.15
6510,881,551,419.0300672593156,3.8460884518630962,0.15
6511,881,96,394.0326694633703,2.378283892674041,0.15
6512,881,327,347.55679848300497,2.7977846966009885,0.15
6513,881,569,162.31169096491044,10.70559912424467,0.05
6514,881,98,122.99280949204147,12.168446473943511,0.05
6515,881,4,347.8465301621099,36.42592848262363,0.1
6516,881,65,189.75534118699602,16.286581750214935,0.05
6517,881,307,338.9053642370079,19.02777654915038,0.1
6518,882,103,241.72390319551096,36.16239461134403,0.05
6519,882,170,343.2549683157198,6.434643663143952,0.15
6520,882,424,348.3707146886208,41.8655786721552,0.1
6521,882,465,406.55413279594336,-0.3518800806084741,0.2
6522,882,490,351.3848431979947,39.81676079949869,0.1
6523,882,152,273.8079506411686,17.837287660292148,0.1
6524,882,109,176.51604384079593,11.00153039898182,0.05
6525,883,204,187.6758796947588,27.672594328404266,0.05
6526,883,41,247.23280597353386,26.08975475801236,0.1
6527,883,34,342.62284547579867,-29.57957317863018,0.2
6528,883,511,451.1292187069399,18.002018741387964,0.15
6529,883,577,299.50481034178625,36.21557841285075,0.1
6530,883,128,280.0243980731632,29.722991429721656,0.1
6531,883,588,281.60705036065883,-1.307864927868252,0.15
6532,883,216,385.39871304259435,23.329542608518853,0.15
6533,883,138,282.7858640214298,18.67417221186046,0.1
6534,883,79,320.9110676570729,19.29171491461987,0.1
6535,883,236,119.54972386566702,7.012294491054757,0.05
6536,883,185,345.3991002867303,15.44497005734603,0.15
6537,883,253,260.39383517378326,4.320406752762956,0.1
6538,883,38,190.85081284673308,22.62943360777276,0.05
6539,884,460,323.95391962976834,30.771832028234492,0.1
6540,884,131,340.31090630374587,3.5683019363087958,0.15
6541,884,531,368.2195145985431,9.38861775386129,0.15
6542,884,530,380.0818503888061,-12.891922441679066,0.2
6543,884,450,221.8307493417145,6.718749155504252,0.1
6544,884,359,275.7581147401368,-27.50248278897947,0.2
6545,885,518,212.58379782591408,28.57459318496553,0.05
6546,885,328,171.8326427221077,16.38082104038508,0.05
6547,885,301,389.98862900156786,-16.063205649764814,0.2
6548,885,180,311.15378258072076,-13.338332612891875,0.2
6549,885,425,358.56965978883875,-1.3756510316741597,0.2
6550,885,88,152.60531241075205,14.575523933350762,0.05
6551,885,250,151.80107446494344,5.310384835380706,0.05
6552,885,373,314.3032721648823,5.400729432976444,0.15
6553,885,580,259.552302269935,-22.27945465950974,0.2
6554,885,374,270.1450331239128,-1.5281683752174402,0.15
6555,885,585,492.65068893007503,28.61113778601497,0.15
6556,885,58,179.64258346753257,22.086392823413327,0.05
6557,885,253,358.2642724380004,-31.18845913429993,0.2
6558,886,551,406.88791403221137,-24.955112895168277,0.2
6559,886,17,211.95709724291015,20.82420308928797,0.1
6560,886,483,307.58522574226737,-21.13211613865989,0.2
6561,886,429,336.56354660859023,17.40970798109933,0.15
6562,887,66,282.04793088100536,-19.827533883274334,0.15
6563,887,315,100.145626635144,9.397976133853257,0.05
6564,888,107,95.41242094991264,-7.589725731144008,0.1
6565,889,226,365.9829853785742,-19.337652193213863,0.2
6566,889,65,315.77830608498255,9.543715520465884,0.1
6567,889,325,358.6086759732845,32.4472809037358,0.1
6568,889,31,305.73504135048563,-8.420943797427142,0.2
6569,889,119,359.9174667615082,19.98392017367766,0.1
6570,889,368,330.55003837312097,24.57411020371703,0.1
6571,889,154,243.12128297032015,4.4027775416677475,0.1
6572,889,173,287.04443560932145,-16.302534658601772,0.2
6573,890,589,339.8332401912717,-14.99191397130923,0.2
6574,890,377,378.1090589246622,-19.58054116130065,0.2
6575,890,559,165.09694054198297,14.728536213448717,0.05
6576,890,559,392.12436798435346,-5.291951403129319,0.15
6577,890,182,293.4021111799317,-30.862083323010232,0.2
6578,891,77,237.61338330220053,0.62974582555014,0.1
6579,891,369,211.24905552189358,23.837790358984837,0.05
6580,891,23,402.26820422248477,3.5817658444969496,0.15
6581,891,289,294.13072086056184,-16.334680827887638,0.15
6582,891,296,302.34065433451445,19.91726358362862,0.1
6583,891,270,337.9963788674143,23.71804471685359,0.1
6584,891,318,280.75501785957306,-1.5446464280854109,0.15
6585,891,340,281.50959076224797,-17.499831847550414,0.15
6586,891,359,299.25343875430127,-23.978184186854797,0.2
6587,891,124,512.3484995275692,59.72522488189228,0.1
6588,891,320,224.4383708691894,30.450913721195892,0.05
6589,891,398,317.5928466304794,45.02517992397159,0.05
6590,891,479,309.08772218914106,3.055080547285268,0.1
6591,891,316,258.0946350235513,18.073808755887818,0.1
6592,892,581,404.4555171426519,42.51432928566299,0.1
6593,892,145,278.1999600494437,40.194599201141465,0.05
6594,892,187,279.21731545494976,41.663882659333986,0.05
6595,892,538,318.4053206625498,-13.11050190061752,0.2
6596,892,538,318.4053206625498,-14.20550190061752,0.2
6597,892,219,445.3085742572447,58.40869356431115,0.1
6598,892,339,192.07670055954787,11.952279604885636,0.05
6599,893,173,312.8459565095278,-10.242306523570816,0.2
6600,893,1,416.4192857820651,7.205492867309772,0.2
6601,893,37,350.8911326007742,-4.445430109883855,0.2
6602,893,151,449.67136882244574,2.545005323366876,0.2
6603,893,347,373.5037086875196,-19.65594369687205,0.2
6604,893,79,475.0283772205739,-13.40324341691389,0.2
6605,893,336,309.9844939963908,-2.079226200721859,0.15
6606,893,495,327.6925957919076,8.367344158381513,0.15
6607,893,260,538.233582008867,30.39646640177336,0.15
6608,893,250,218.28181132447162,10.6079087000263,0.05
6609,893,358,389.2694530182506,66.57528615075809,0.05
6610,893,306,338.12276046204187,9.812502092408373,0.15
6611,893,363,244.93366352483508,14.722719701552432,0.05
6612,894,423,217.84726916492215,19.995914619314163,0.1
6613,894,423,217.84726916492215,19.28214631013256,0.1
6614,894,375,171.85166180866025,-4.227219515463187,0.1
6615,894,503,220.5911631521716,-12.55177790141742,0.15
6616,895,246,391.8169474584611,33.47198686461528,0.1
6617,895,207,268.62421694347756,23.888004235869396,0.1
6618,895,558,345.76266711785115,-30.118799932322315,0.2
6619,896,325,404.9894259270985,-12.070386110935205,0.2
6620,896,568,138.2084162651422,6.7861200695406545,0.05
6621,896,475,134.19269313239852,9.9484841328403,0.05
6622,896,245,274.7575408903341,15.993648064094685,0.1
6623,896,67,297.26365618856113,-38.29135157171582,0.2
6624,896,353,240.02635198594334,22.940938533714167,0.1
6625,896,361,351.2000120554049,-11.683698191689261,0.2
6626,896,308,249.0235319410188,8.857152371341805,0.1
6627,896,41,245.48429544572252,25.82501976133659,0.1
6628,896,499,345.8954597218528,10.646816944370542,0.15
6629,896,237,316.6340686080478,-24.154689708792816,0.2
6630,896,184,228.65671679775716,18.11489622891896,0.1
6631,896,213,285.01873387944386,7.332799341010222,0.1
6632,896,28,333.1175030051745,-13.131074549223808,0.2
6633,897,215,358.15598363961396,69.55271844131107,0.05
6634,897,90,385.843448308976,25.90721207724401,0.1
6635,897,333,514.7754992777175,10.087924891657643,0.2
6636,897,494,369.1295723325606,-7.170364150115891,0.2
6637,897,452,433.89159970679333,17.020869941358654,0.15
6638,897,173,289.6532358389517,22.24260895973791,0.1
6639,898,294,352.11725211833436,-14.935312182249826,0.2
6640,898,10,467.03706783894756,33.90208856778949,0.15
6641,898,71,366.393637896841,47.43274155134614,0.05
6642,899,293,277.2794718023047,-2.631124976811778,0.15
6643,899,195,369.5006225928849,-8.028506611067257,0.2
6644,900,480,86.45573629267922,0.8447655203906255,0.05
6645,900,228,115.34187740066047,-5.898023121548662,0.1
6646,900,498,275.57694621033005,-15.785714171505877,0.2
6647,900,569,245.77053925118793,-30.282861505808253,0.2
6648,900,290,160.28464306287287,-2.8286078871380713,0.1
6649,900,366,187.7820989098679,8.778628949170876,0.1
6650,900,375,79.3892205739334,1.7621850903953575,0.05
6651,900,267,85.72202769269909,8.878347174826914,0.05
6652,900,496,243.7047063154154,2.420886200733893,0.15
6653,900,120,101.3566023115455,5.847456102247975,0.05
6654,900,279,220.27366885149772,13.852036063793584,0.1
6655,901,411,207.68311628571877,4.9862420428003205,0.1
6656,901,236,208.98845056814758,-11.476712281374361,0.15
6657,901,252,227.53863889961008,-18.019859665728344,0.15
6658,901,305,144.21745820967647,2.240296270668553,0.1
6659,901,545,210.7911334467537,-14.774130349324519,0.15
6660,901,365,301.842771888749,-4.366681922945,0.15
6661,901,534,340.3646189219007,20.593503004795352,0.15
6662,901,541,197.08791989137342,5.264519156889445,0.1
6663,901,520,132.2169234072084,-1.9089328416180322,0.1
6664,902,483,327.93557371602566,3.9693397432051114,0.15
6665,902,102,212.41479104865812,29.182022645638945,0.05
6666,902,403,213.71090442335952,33.79807383159077,0.05
6667,903,119,471.0574337457206,-14.991484938141902,0.2
6668,903,523,352.2354758964515,14.838518974112866,0.1
6669,903,317,367.3148773423608,19.045500468472127,0.15
6670,903,554,318.76639354931035,-28.35024096760343,0.2
6671,903,549,506.35794191201336,-11.195608713197968,0.2
6672,903,430,315.2649711616752,-13.282705767664982,0.15
6673,903,27,318.2270174389506,51.44007489956624,0.05
6674,904,117,299.99187389519574,12.607499779039127,0.15
6675,904,443,337.39947711727126,-25.399978432409306,0.2
6676,904,537,476.09079305777425,38.30430861155483,0.15
6677,904,527,310.74655314125243,49.43375489745473,0.05
6678,904,361,359.46119992437707,12.607414984875398,0.15
6679,904,562,189.77565817475335,-7.111135456311658,0.1
6680,904,491,304.25001282093046,-8.89569807686042,0.2
6681,904,446,470.10139500336254,16.51150400067248,0.15
6682,904,236,296.11141194839604,-23.99458820774058,0.2
6683,904,459,218.39045605093145,28.911162076511296,0.05
6684,904,439,250.9177365128887,1.850597302577734,0.15
6685,904,565,318.0839256252874,-12.529164874942543,0.15
6686,905,574,344.8842373072207,19.658397461444117,0.15
6687,905,80,366.7086071077843,15.95350177694608,0.1
6688,905,482,295.3008458859844,18.53756147149611,0.1
6689,905,191,316.51106997863724,9.181213995727429,0.15
6690,905,440,205.7455852764857,26.21300594893484,0.05
6691,905,273,326.8917794657268,31.88379486643169,0.1
6692,906,377,386.60220969919,32.4484024247975,0.1
6693,906,309,386.60884272920845,23.144743545841678,0.15
6694,906,438,384.27919910129566,-9.589320134805625,0.2
6695,906,246,298.27413394522404,40.70124291429093,0.05
6696,906,42,324.51599833678455,37.79014958419614,0.1
6697,906,437,370.34697462694965,34.71629365673741,0.1
6698,906,192,352.14111134604053,36.77102783651013,0.1
6699,906,55,187.34992174361048,9.434115422679293,0.05
6700,906,251,394.77148060023757,0.48829612004749734,0.15
6701,906,474,360.0490635433466,24.069015885836667,0.1
6702,906,190,869.7780889545926,126.35487223864814,0.1
6703,906,332,370.4291713735065,70.82595725394515,0.05
6704,906,334,581.3048493792844,15.938327406892675,0.2
6705,907,113,134.06483981233765,11.632517427135657,0.05
6706,907,436,324.67556929000546,-6.2870646064991735,0.2
6707,907,407,252.10874646361088,-15.923088030458356,0.2
6708,907,170,267.60286151236244,-3.927172543313919,0.15
6709,907,415,333.40376883737486,-5.365434674393761,0.2
6710,907,268,112.34505600784257,13.803048521973619,0.05
6711,907,424,120.48321566570941,16.87453567190623,0.05
6712,907,422,367.7027341107078,-3.7492898833938106,0.2
6713,907,496,224.4376687964435,16.648944418963172,0.1
6714,908,443,120.80053367691902,7.757910114443195,0.05
6715,908,408,294.9560762855526,-33.700188557167095,0.2
6716,908,82,351.6626960616579,-33.170495590751294,0.2
6717,908,352,239.80924683696185,3.447212435981939,0.15
6718,909,47,309.26318945306485,-3.420637109387039,0.15
6719,909,577,327.41840302207123,40.85635157942719,0.1
6720,909,102,266.6706492724773,22.312782103771056,0.1
6721,909,291,266.74915318357284,26.149987287503723,0.1
6722,909,234,169.6826354734898,1.0093781543063072,0.1
6723,909,29,177.10560320734862,29.48004576301232,0.05
6724,910,37,318.6437441232813,30.564586030820344,0.1
6725,910,277,291.8875331725534,11.541583293138348,0.1
6726,911,457,294.1854219815218,38.408674593208936,0.05
6727,911,140,316.1888483852415,32.90321209631038,0.1
6728,911,118,435.1640572065975,-18.838991419010355,0.2
6729,911,341,330.6381077323556,-7.92125345352889,0.15
6730,911,365,462.5301259661314,-12.83108110508028,0.2
6731,911,279,462.186125426374,49.508481356593514,0.1
6732,911,517,461.78755897735977,-5.020966153396021,0.2
6733,912,330,269.22397688642434,-3.329829622715157,0.15
6734,912,169,319.31754624123073,2.303034248246142,0.15
6735,913,210,281.4675659831166,51.78782602541777,0.05
6736,913,473,208.04690741178078,18.26415971837196,0.05
6737,914,519,285.1099155652915,-19.48671266520626,0.2
6738,914,513,517.280801296774,3.361320194516125,0.2
6739,914,326,412.6104841832154,14.835396836643064,0.15
6740,915,256,271.9815055437369,9.6034772020097,0.15
6741,915,53,188.98205325982707,12.593994604713757,0.1
6742,915,444,249.9731923567156,-9.796271622982967,0.15
6743,915,568,180.13600337558563,-1.6258451471239148,0.1
6744,915,409,82.71178801779809,0.3349106316154682,0.05
6745,915,74,101.25962733498856,7.715134582367575,0.05
6746,915,443,289.1154476758465,-29.308427217290962,0.2
6747,915,311,227.92699314127583,-35.4945007038488,0.2
6748,915,377,345.15779629058665,-20.347687168842523,0.2
6749,915,89,191.29283860005887,2.298647793715279,0.1
6750,915,352,147.11999999475816,8.16910328751759,0.1
6751,915,159,103.64840558087342,6.327358756801942,0.05
6752,915,193,119.98218871816377,15.779404470257887,0.05
6753,915,43,153.12899872629265,10.659083375492788,0.1
6754,916,572,284.8656742096604,22.228418552415107,0.1
6755,916,299,253.61483476663437,30.546851222514398,0.05
6756,916,540,380.4650763050794,29.760969076269845,0.1
6757,916,178,296.95705733755483,23.020614334388718,0.1
6758,917,49,431.52316608357916,-1.5682250874630945,0.2
6759,917,65,354.720622945873,-29.38330655811903,0.2
6760,917,361,340.5801024285912,6.64119548571821,0.15
6761,917,439,237.7380046043588,-1.880349079128253,0.15
6762,917,6,458.4180852481411,12.67304204962819,0.15
6763,917,126,466.3865168530183,7.940977527952768,0.2
6764,917,459,264.4214768035122,18.068720806724492,0.1
6765,917,133,221.47470180536354,-34.26279472919545,0.2
6766,917,91,207.91715895808272,10.916885551413213,0.1
6767,917,562,79.29787584302288,-0.8588210824040237,0.05
6768,917,527,518.1012036293871,-11.443119455591916,0.2
6769,918,584,364.9173125378801,30.607578134470028,0.1
6770,918,473,333.36184752391523,-25.158722871412706,0.2
6771,918,72,455.9887789735733,34.15859474339332,0.1
6772,918,72,491.44966143761906,-18.566150784357127,0.2
6773,918,589,358.83265992523343,-11.047001011214977,0.2
6774,918,275,284.0584456017243,-3.1493385995689134,0.1
6775,918,273,314.5026004165035,29.881500104125873,0.1
6776,918,458,354.67037750694266,4.510000501388504,0.15
6777,918,328,335.40350509081816,-18.789174236377264,0.2
6778,918,4,385.8460580437673,-6.337291293434895,0.2
6779,918,130,376.74234644157775,22.08524428831552,0.15
6780,918,348,326.2138336430958,6.882358410773961,0.1
6781,918,397,330.5000789878295,-12.475484202434114,0.15
6782,919,0,100.82136417118294,11.349298931223016,0.05
6783,919,451,322.6051384833333,-23.007429227499983,0.2
6784,919,105,123.11368235367833,6.396077371851213,0.05
6785,919,587,345.3910881071893,-15.618236783921585,0.2
6786,919,386,273.2744852283888,-10.93097908772228,0.15
6787,919,122,117.91874812116419,7.695794513378424,0.05
6788,919,175,299.43327702918987,-13.525208445621505,0.2
6789,919,210,172.8271861838353,29.939726520283536,0.05
6790,919,385,328.99471458944345,27.742554748278422,0.1
6791,919,513,455.73954376248673,24.176567168249207,0.15
6792,919,2,387.9103940591685,25.5337225561835,0.15
6793,920,221,468.91836009123966,3.1905540136859614,0.2
6794,920,483,313.56120054743803,-18.04571991788429,0.2
6795,920,300,302.88754528564004,-26.121868207153987,0.2
6796,920,440,265.80342572666336,3.5759851453326554,0.15
6797,920,520,237.09104024715907,-26.428543962926128,0.2
6798,920,210,416.7579706275188,27.847969125503745,0.15
6799,920,93,416.4896517119588,22.856905342391734,0.15
6800,920,202,405.42149644510715,12.860074289021398,0.15
6801,920,145,316.700949954134,25.669394141128485,0.1
6802,920,146,299.40420090124985,-25.916269864812516,0.2
6803,920,290,323.52098523169434,-33.161552215245834,0.2
6804,920,207,257.35976485263336,4.36727797052666,0.15
6805,920,399,319.4554700668031,31.406993867710952,0.1
6806,921,59,403.579236064064,21.710247212812792,0.15
6807,921,580,153.84878156096624,11.08236630924927,0.05
6808,921,53,363.8557681331177,-7.950134780032334,0.2
6809,921,294,332.61102077210063,-18.9562468841849,0.2
6810,921,26,388.45035117899323,1.2329452357986241,0.15
6811,921,173,275.369985286359,17.576796321589747,0.1
6812,921,381,539.4812707753408,35.802254155068155,0.15
6813,921,50,303.6894617288317,8.790917345766317,0.15
6814,921,328,340.4774754437717,-19.123078683434223,0.2
6815,921,459,225.47841464125963,30.083328068187967,0.05
6816,921,443,313.48492023626244,9.385080059065611,0.1
6817,922,195,418.1001778152347,-2.9285733277147763,0.2
6818,922,534,459.1576535458609,66.41931338646523,0.1
6819,922,245,404.5752040237046,-14.8922193964443,0.2
6820,922,515,406.53730435917277,39.00547608979319,0.1
6821,922,221,475.2130922077593,64.19107305193982,0.1
6822,922,94,306.81060200816745,54.54114281737016,0.05
6823,922,388,247.80345549584777,41.72511076545858,0.05
6824,922,389,384.7027969049739,25.310909380994765,0.15
6825,922,91,210.58803836745847,25.88558422434643,0.05
6826,922,390,336.2457639535415,17.600627790708295,0.15
6827,922,117,214.43289369695054,34.1658040966491,0.05
6828,922,254,400.1121884170705,27.89418768341409,0.15
6829,922,229,356.3453574685867,-14.78219637971198,0.2
6830,923,386,303.021418594849,-25.795987210772623,0.2
6831,923,26,371.1613916819712,21.792597920492813,0.1
6832,923,456,179.3943768882603,8.13201308308636,0.05
6833,923,556,190.53645777800102,12.784791341554737,0.05
6834,923,233,125.73047709277432,9.351338858211454,0.05
6835,923,384,375.2320569736865,40.42951424342162,0.1
6836,923,541,217.29437391567927,24.499718505103154,0.05
6837,923,389,372.6131522016182,20.702980440323635,0.15
6838,923,258,308.3373390267885,5.742942805357696,0.15
6839,923,477,180.37796827197732,23.824424615353884,0.05
6840,923,185,377.0013289876777,-3.3024006518483304,0.2
6841,923,276,287.00683074306136,-20.442583851387734,0.15
6842,924,94,417.0557379822727,49.22528449556819,0.1
6843,924,244,410.1642420424197,-13.99596369363704,0.2
6844,925,262,246.18170625250394,0.46096625050078543,0.15
6845,925,84,378.3589442581218,-4.314461148375658,0.15
6846,925,435,262.4126376895676,26.36575436419342,0.1
6847,925,343,202.10520267042767,23.42395960018075,0.05
6848,925,440,228.39164831034242,14.42391899231832,0.1
6849,925,331,204.28524309286536,34.033035263320194,0.05
6850,925,287,214.18897150449905,33.909672011640986,0.05
6851,926,52,266.98731506706224,17.336578766765555,0.1
6852,926,231,404.5985877019033,-11.446711844714498,0.2
6853,926,247,467.15974677262295,-8.011037984106526,0.2
6854,926,138,408.06531056563244,-10.059503415155131,0.2
6855,926,370,318.5293678350314,6.041941958757857,0.1
6856,926,236,279.3912681045691,9.52276702614229,0.1
6857,926,446,500.5740565488379,-9.064791517674305,0.2
6858,926,144,297.34935888797924,13.886739721994815,0.1
6859,926,555,396.7136772754326,-22.591548408685103,0.2
6860,926,378,386.8033716975983,-15.71189424536023,0.2
6861,926,246,421.7437931692591,-13.50793102461111,0.2
6862,926,296,319.81119880401326,3.8860897608026335,0.15
6863,927,153,163.6269019713217,0.451771553255659,0.1
6864,927,499,272.93645581228026,4.32082621565948,0.15
6865,927,123,303.25914234883874,-25.02644069904177,0.2
6866,927,372,235.13584970384827,-2.628355382850458,0.15
6867,927,394,177.3228715297999,0.8779081359872851,0.1
6868,927,470,85.13170764394242,5.324746489388005,0.05
6869,927,21,368.37732745085185,-23.442850059485103,0.2
6870,927,114,96.5206494776207,12.261517186257446,0.05
6871,927,117,274.36537507755526,-9.406243648724182,0.2
6872,927,32,191.02296097931315,-2.5175118816671294,0.15
6873,927,172,169.3215995598468,25.66342618086187,0.05
6874,927,500,358.65976528540483,-16.107061269313956,0.2
6875,927,286,263.6407890965663,1.9241536561281727,0.15
6876,928,196,397.8286955379604,46.35302510874564,0.1
6877,928,10,432.2667615222043,26.948027304440828,0.15
6878,928,549,450.7647682168686,-19.534584767469692,0.2
6879,928,191,272.1139084442202,20.222917185865693,0.1
6880,928,8,397.4562190206934,31.19391648252424,0.1
6881,929,19,351.614308338032,51.81824247427329,0.05
6882,929,85,295.85869937675284,53.11614549008111,0.05
6883,929,470,292.93813039126536,-19.32138044131019,0.2
6884,929,106,261.32796986585817,24.94634800868042,0.05
6885,929,395,356.6494458768237,-5.3511108246352785,0.15
6886,929,269,358.98631837982697,28.62077959495675,0.1
6887,929,262,279.0075829270659,-10.5293625609401,0.2
6888,929,128,288.1075883369604,50.72049004293254,0.05
6889,930,300,304.36994888194124,14.436487220485315,0.1
6890,930,2,424.34178519750105,33.62270703950019,0.15
6891,930,54,387.2480652071854,-6.321790218922176,0.2
6892,930,156,418.56083397694385,21.054591795388756,0.15
6893,930,543,147.45078822263497,0.02170562582476432,0.05
6894,930,488,483.8407004872771,72.59652512181928,0.1
6895,931,362,413.36648966394324,25.979122415985813,0.1
6896,932,14,305.8580582851703,19.92935524822103,0.1
6897,932,122,144.02375433556125,10.601754900212523,0.05
6898,932,516,252.09678089185488,39.98233273870711,0.05
6899,932,430,283.0156378190558,-19.73257243618884,0.15
6900,932,503,131.58433535558783,8.422185614875797,0.05
6901,932,123,282.3606498812331,12.727530266560034,0.1
6902,932,542,161.26651331770267,13.801861442986628,0.05
6903,932,567,245.02914386678566,-39.76182841998214,0.2
6904,932,19,449.55654885877397,11.471634771754772,0.15
6905,932,167,348.50279517846513,-31.40478072323021,0.2
6906,932,46,380.358529539548,-18.309620569067793,0.2
6907,932,398,483.4693038577864,13.313110771557238,0.15
6908,932,480,313.6755098053546,-35.8862735291968,0.2
6909,933,377,134.37555122802587,1.5591725926665951,0.1
6910,933,461,233.19493588715045,-25.833418894313024,0.2
6911,933,430,163.1913937760799,-31.282502372968256,0.2
6912,933,223,151.9062503601409,-30.275920213416576,0.2
6913,934,481,186.85616919460287,17.503064390124152,0.05
6914,934,16,283.01173782695827,41.24077568227816,0.05
6915,934,578,329.2030262753864,5.434305255077252,0.15
6916,934,221,320.47937411884203,60.56104659677398,0.05
6917,935,568,259.6862976353108,-32.3065680004578,0.2
6918,936,262,153.36096278052867,6.205804376557651,0.1
6919,936,168,241.37540979747808,-42.10988853037827,0.2
6920,936,298,300.0317048975069,-19.670144265373956,0.2
6921,936,295,274.55215620829006,-2.5735807558158132,0.15
6922,936,273,268.0579141442936,3.5000727874947586,0.15
6923,936,542,201.9147213585602,4.8168515011855675,0.1
6924,936,240,285.4454860126813,-31.591177098097802,0.2
6925,937,273,184.3175874088551,12.625980194343416,0.1
6926,938,481,281.3559028060064,-2.5007194387987575,0.15
6927,938,137,418.9704802046447,42.770320051161185,0.1
6928,938,79,254.19081420559706,31.68731943718591,0.05
6929,938,52,283.11489592400636,-14.67026561139904,0.2
6930,938,290,344.5393513274936,-31.103797300875954,0.2
6931,938,539,256.1476684986937,10.59161712467343,0.1
6932,938,223,280.9898625727375,-34.62682061408936,0.2
6933,938,34,204.76123158274982,17.352980042351927,0.05
6934,938,206,277.1914192381762,53.69109458138859,0.05
6935,938,230,351.3541134539765,-16.043382981903516,0.2
6936,938,219,477.44553204693875,5.667129807040826,0.2
6937,938,132,294.7751004764429,-21.13513492853356,0.2
6938,938,406,358.9108053281007,-4.503779200784873,0.2
6939,939,379,395.8221131802593,34.259128295064826,0.1
6940,939,500,415.5755401821398,-7.992568972679026,0.2
6941,939,63,283.77568869806714,-16.99088726038658,0.15
6942,939,191,199.58854330264907,26.14678247937169,0.05
6943,940,516,501.1612017169457,27.004015343389128,0.15
6944,940,51,227.2399246038919,42.14383070756688,0.05
6945,940,245,158.82102468687927,17.233220877290023,0.05
6946,940,211,515.6238634622771,44.4527726924554,0.15
6947,940,82,154.91672601691613,10.556852853817315,0.05
6948,940,539,255.22840896752422,-3.9883682064951635,0.15
6949,940,539,262.1029759691854,-21.68735360462218,0.2
6950,941,476,244.92878545423366,-17.383492909153276,0.15
6951,941,137,213.46894050778275,31.103630258967833,0.05
6952,941,134,256.2711115771172,-29.517333263432405,0.2
6953,941,314,190.15598741264807,19.96577530195759,0.05
6954,941,424,307.30570939937064,34.345653457593514,0.1
6955,941,470,268.5357301428018,-20.79174047857972,0.2
6956,942,556,144.03056537062378,8.106039024332876,0.05
6957,942,276,275.10561993674565,-25.012826012650883,0.15
6958,942,421,138.3982191518897,18.62431286973593,0.05
6959,942,400,124.79904112766432,10.13950362957577,0.05
6960,942,111,405.4974443462553,33.464434879758485,0.1
6961,942,132,128.6445464948909,9.328606649002953,0.05
6962,942,84,177.1890549975929,15.304147935307139,0.05
6963,942,73,361.17299134455493,-8.873876731089023,0.15
6964,942,570,364.89431728748684,-1.7234865425026502,0.15
6965,942,405,254.49299237147832,-14.009451144278241,0.2
6966,942,72,461.20597956336724,5.632595912673413,0.15
6967,942,338,150.4663903615123,11.52614356311183,0.05
6968,942,344,376.83528774069896,-24.71830683889514,0.2
6969,942,459,169.2941765149812,20.889092787547675,0.05
6970,943,306,178.9146063482945,8.748329645078236,0.1
6971,943,446,148.66773355791466,17.06718113255473,0.05
6972,943,379,370.10920423228424,-19.850794647114245,0.2
6973,943,506,127.46865537946428,17.970228842444815,0.05
6974,943,363,102.51490346266353,2.8350445788985024,0.05
6975,943,355,218.60374183972465,2.1183362719350285,0.15
6976,943,44,183.57021263906864,16.446225121112974,0.1
6977,943,44,104.69160701589495,14.977287371843055,0.05
6978,943,129,94.55230923066274,10.9070501707786,0.05
6979,943,444,190.286255855159,2.8276007685433555,0.1
6980,943,511,353.8741453291883,9.623479468192187,0.15
6981,943,142,102.19595204226715,7.634590014883521,0.05
6982,943,219,255.71493983835632,26.62053175233422,0.1
6983,944,212,277.1299740584848,55.64829208925891,0.05
6984,944,212,492.13288861225806,72.71959262513403,0.1
6985,944,80,361.5883380831039,-10.834107383379234,0.15
6986,944,3,358.43883937411135,22.39886787482225,0.15
6987,945,190,848.0324445792877,12.462966686893182,0.2
6988,945,82,251.59218270706606,3.959278850484136,0.1
6989,945,527,496.1250222988815,20.659019496746602,0.15
6990,945,269,335.9367652359497,0.6620216065850641,0.15
6991,945,530,379.223996522308,-13.020600521653781,0.2
6992,945,442,212.69564789358037,6.436737428523614,0.1
6993,945,131,247.387316381015,14.989462061940532,0.1
6994,945,21,374.8291600740691,-1.0943642806680494,0.15
6995,945,62,261.8227032420996,-17.997194513685052,0.2
6996,945,394,308.12699324352445,-28.120451013471325,0.2
6997,946,60,315.14035906273256,-12.189046140590102,0.2
6998,946,196,329.2638604224135,58.44198654337764,0.05
6999,946,493,504.64935877688106,42.9639217553762,0.15
7000,946,499,269.43109612883677,41.24758843050135,0.05
7001,946,148,321.8139557745458,3.5265911549091484,0.15
7002,946,384,424.8635893272235,0.40753839908353484,0.2
7003,947,187,172.93697333544867,22.836056548746576,0.05
7004,947,398,457.0405713674461,8.697253758078123,0.15
7005,947,279,442.0158101543759,-12.658928476843597,0.2
7006,947,212,512.496256169944,44.05218481399864,0.15
7007,947,266,205.66195934811245,33.84548172641658,0.05
7008,947,176,129.4353578739851,8.989142536436635,0.05
7009,947,471,189.6536918356729,30.17691841632451,0.05
7010,947,7,336.54968074547673,-5.108791001884454,0.15
7011,947,469,271.3342511428063,12.897255089287455,0.1
7012,947,276,110.03470005465407,0.6966533466674258,0.05
7013,947,295,327.1530941618096,-19.755435875728548,0.2
7014,947,120,337.5644605142239,-8.486852563880955,0.15
7015,947,328,316.0627239807362,-22.785291402889555,0.2
7016,947,557,417.3809940466872,-23.936450892996923,0.2
7017,948,378,370.7231335889405,-18.12392996165889,0.2
7018,948,41,317.76649708666804,36.96327427166702,0.1
7019,948,418,184.85911133715672,20.08969738169898,0.05
7020,949,439,74.74285049311209,6.20998314739672,0.05
7021,949,71,398.2428934019605,-25.975036012126417,0.2
7022,949,510,319.36225956611815,-19.708011864098058,0.2
7023,949,29,332.17393782903054,-6.869270431458752,0.2
7024,949,317,238.53783271865467,3.750435340495308,0.15
7025,949,239,137.4454121581093,-6.088060242063632,0.1
7026,949,294,224.32384305122537,-6.416655570480385,0.15
7027,949,347,101.85762338372734,6.0523395046019495,0.05
7028,949,306,275.6589417394758,-19.065509921599954,0.2
7029,949,219,323.82177072323026,14.927473162935716,0.15
7030,949,212,477.1613197990504,6.444346020325142,0.2
7031,949,350,86.73354119699965,0.06888748520766441,0.05
7032,949,478,61.81135174938099,2.2227077364854058,0.05
7033,949,518,211.0203542916965,11.414508137815261,0.1
7034,950,138,240.39782414405818,32.79779177999597,0.05
7035,950,498,354.4540171975539,10.733278439510773,0.15
7036,950,134,268.3817471633808,-28.79573792549287,0.2
7037,950,582,385.5962489372143,36.43831223430357,0.1
7038,950,430,295.20069219283283,-17.29556156143346,0.15
7039,950,280,361.99680742384436,-20.494278886423327,0.2
7040,950,470,271.23959704731067,-4.134055590537881,0.15
7041,950,327,371.49762157527834,-14.894056763708235,0.2
7042,950,118,243.92190518225277,24.46570403371873,0.05
7043,950,367,217.36642838262867,24.730735671396083,0.05
7044,951,26,397.8628194414681,3.1154388882936033,0.15
7045,951,188,353.44429379529527,-8.013166240940958,0.15
7046,951,235,210.11746616318865,7.590066540797167,0.1
7047,951,227,371.57204333675554,-16.384793499486644,0.2
7048,951,179,286.4213665332021,19.55994163330053,0.1
7049,951,564,410.63451200831275,17.364227401662518,0.15
7050,951,300,320.80451172182575,-1.8970976556348749,0.15
7051,951,0,274.57391805263336,-8.11781229210498,0.2
7052,951,0,176.77725229746295,24.252597915952414,0.05
7053,951,130,390.9030668586797,23.822388371735922,0.15
7054,951,368,393.4264326511304,12.26578653022607,0.15
7055,952,371,428.1417801340318,-22.31563297989521,0.2
7056,952,115,215.35169405648713,33.337096556401804,0.05
7057,952,117,314.2192123090865,14.357967461817282,0.15
7058,952,468,397.97068268216486,-20.242297597675257,0.2
7059,952,496,283.59962558260884,43.900921350961426,0.05
7060,952,497,445.75768338377753,-0.4372474924333538,0.2
7061,952,61,218.45072127521746,-20.531491808717366,0.2
7062,952,120,401.5827154756983,-22.690692678645256,0.2
7063,952,556,347.98169407433403,-27.955845888849883,0.2
7064,952,147,336.9991648159722,56.93060848663502,0.05
7065,953,542,184.8995589558291,-11.213877478938546,0.15
7066,953,337,118.30787671288148,-4.937809849509104,0.1
7067,953,588,69.58923062384389,4.053050885039777,0.05
7068,953,10,104.09122668868686,13.785421689175031,0.05
7069,953,21,94.82113224919536,7.3203412730129465,0.05
7070,953,496,251.2933344682548,-15.619218303239794,0.2
7071,953,182,71.10751838982667,1.6060793412558496,0.05
7072,953,297,90.72862818862455,9.243259024206427,0.05
7073,953,147,298.6098577022093,-14.303618723245439,0.2
7074,954,135,168.3721820898857,6.914148965485797,0.05
7075,954,123,341.83256870498235,0.8901137409964317,0.15
7076,954,24,447.4183899574771,-16.557741506378417,0.2
7077,954,497,437.670258111764,-0.555361283235392,0.2
7078,954,269,250.36472861760484,31.781408695174505,0.05
7079,954,568,357.03955277703676,-29.02826708344447,0.2
7080,954,540,398.6161752353243,8.904685047064842,0.15
7081,954,474,388.5692593791734,-17.902111093123967,0.2
7082,955,430,258.88211576431604,-21.96321096034235,0.15
7083,955,255,247.5923103818223,25.72272239210642,0.1
7084,955,565,208.9410615530581,-1.4672997271536694,0.1
7085,955,406,307.80546255944165,11.349492135411513,0.15
7086,955,136,323.10124607548863,-20.121113088676694,0.2
7087,955,406,307.80546255944165,9.283714680401232,0.15
7088,955,256,331.52087424449047,14.67124062871985,0.15
7089,955,294,283.65014923333194,-3.690221532366973,0.15
7090,955,69,452.244688981317,-23.31369665280245,0.2
7091,955,265,180.67511678364858,27.200618013438778,0.05
7092,955,352,261.8030201593463,-11.305646976098041,0.2
7093,956,514,286.3992967036685,3.5651957361997404,0.15
7094,956,124,391.7733649882035,12.423338576994496,0.15
7095,956,174,100.1407286975854,11.054570705669274,0.05
7096,956,91,92.4173153297387,9.178256986467712,0.05
7097,956,75,279.9814036558546,-3.1555564918637753,0.15
7098,956,412,300.43172532860706,-21.240576764403635,0.2
7099,956,142,291.5403318476669,-24.155361078258977,0.2
7100,956,327,194.61461141971773,8.085445836912523,0.1
7101,956,67,167.3205945185249,-5.112004332974943,0.1
7102,956,242,149.4590107529226,17.81100207671719,0.05
7103,957,438,264.86776499509824,-0.27087473127490824,0.15
7104,957,310,193.46186087435842,14.974586436069345,0.1
7105,957,259,117.34761765309295,15.015008597806876,0.05
7106,957,2,131.66654443460567,21.57798907376109,0.05
7107,957,450,100.99278446783717,6.974449720018804,0.05
7108,958,166,303.53466301083245,-32.08625246884688,0.2
7109,958,190,601.8753909876077,34.68865028787869,0.15
7110,958,10,129.01034631375273,18.668852899864966,0.05
7111,958,586,195.47923325068024,-6.52920910906885,0.15
7112,958,552,94.13452268692721,3.835872422292157,0.05
7113,958,312,286.90149611715697,-3.891955177478806,0.15
7114,958,81,142.2265565845948,14.289992457292726,0.05
7115,959,209,345.10616911649834,40.546492279124585,0.1
7116,959,191,316.63980983540876,-10.917028524688677,0.2
7117,959,450,319.30133848569744,-3.2733073028605286,0.15
7118,959,150,247.2490300219875,40.15770536650042,0.05
7119,959,512,379.6339425528388,-14.69460861707416,0.2
7120,960,70,346.1893452771312,-10.811530944573782,0.15
7121,960,89,335.77612025909207,-7.6111759481816,0.15
7122,960,544,385.0317921221339,-20.769531181679895,0.2
7123,960,517,391.68002263416156,9.87702952683231,0.15
7124,960,400,197.92499640102727,4.708214631144919,0.1
7125,960,4,152.7501110367782,21.56154733241189,0.05
7126,961,534,460.8964353990521,38.31943707981042,0.15
7127,961,252,318.27153858143845,-33.756869212784224,0.2
7128,961,193,384.5236614782821,18.083857295656415,0.15
7129,961,417,443.6340361613756,16.159632232275104,0.15
7130,961,275,295.19315148503404,-19.342694702993203,0.15
7131,961,480,297.80226525218234,0.37996631304558903,0.1
7132,961,312,426.45277202134696,-18.17108419679794,0.2
7133,961,297,209.62170098455246,29.440655608466685,0.05
7134,961,491,300.3588230695004,-9.479376539574936,0.2
7135,961,190,492.06490485979253,70.6588000304383,0.1
7136,961,505,157.19101315479594,12.481943348972884,0.05
7137,961,460,473.3584196030616,-4.269437059540742,0.2
7138,961,459,370.54225550676296,9.141626101352557,0.15
7139,961,468,345.98900260084235,16.861100650210595,0.1
7140,962,79,264.61283726578273,12.50570389246224,0.1
7141,962,163,251.68056103621623,-8.673015139477517,0.15
7142,962,159,116.29934468203312,8.1973178038558,0.05
7143,962,494,313.97128638826234,-16.53910704176063,0.2
7144,962,94,148.61969409308858,22.700801038600318,0.05
7145,962,253,214.71229407857024,1.2716867704393788,0.1
7146,962,580,209.96631365158328,-9.902072476242287,0.15
7147,962,281,362.85800385667767,20.284576358044443,0.15
7148,962,365,143.10278107163936,14.65109497370598,0.05
7149,962,27,125.36350105652969,16.315578345299357,0.05
7150,962,163,251.68056103621623,-8.673015139477517,0.15
7151,962,492,436.4037345304286,2.097360179564305,0.2
7152,962,330,92.55609491565167,7.029307456020167,0.05
7153,962,358,313.46907566569007,28.73450312074886,0.1
7154,963,502,210.3385559577278,-26.060659356389515,0.2
7155,963,262,68.36397817876521,5.392103104222549,0.05
7156,963,211,413.0348313382321,0.2274246008698455,0.2
7157,963,381,251.19782186852098,21.483982750656303,0.1
7158,963,469,187.21808119906075,4.741674751357046,0.1
7159,963,233,98.46477533543185,-2.052185991816615,0.1
7160,963,182,80.9293347310912,2.149793411824323,0.05
7161,963,92,207.45686640532995,18.23030924786046,0.1
7162,963,303,240.11168103580715,0.09650703193672427,0.15
7163,963,385,362.91364429592727,-16.50585680453532,0.2
7164,963,158,187.51316042840944,-22.11046359065804,0.2
7165,963,286,164.32054827385878,8.120092076005438,0.1
7166,963,55,116.45480662989335,-6.1568612094338455,0.1
7167,963,508,272.99849361080487,-14.671909610302771,0.2
7168,964,589,234.17926091189412,32.55825632312717,0.05
7169,965,380,151.03411661045277,14.627694930618652,0.05
7170,965,329,377.8953547320972,15.427320946419432,0.15
7171,965,537,228.92490849692715,41.83249672775507,0.05
7172,965,473,315.5684762046594,-6.362054759068134,0.15
7173,965,16,204.81322043507367,28.249417259572354,0.05
7174,965,124,254.2277173522385,39.222487377257956,0.05
7175,965,50,145.2529267593485,18.490708092657044,0.05
7176,965,419,443.82990814673514,18.026931629347,0.15
7177,965,108,258.3616625334913,9.851974995004685,0.1
7178,965,90,381.49773378182687,-25.20523993272595,0.2
7179,965,174,309.95081102316215,7.476462204632412,0.15
7180,965,434,120.9668245813101,1.9253891115563162,0.05
7181,965,291,159.00186391811883,23.818673202084316,0.05
7182,966,352,250.0882132732272,18.42597826602525,0.1
7183,966,102,334.65518500719503,-10.123922248920742,0.2
7184,966,0,251.7141350115703,3.568302002314054,0.15
7185,966,293,329.4985340356666,1.9681818071332913,0.15
7186,966,446,432.14651194105795,38.682704417830514,0.1
7187,966,172,522.8483258955628,33.862940179112556,0.15
7188,966,377,394.06127188169916,-17.18770921774511,0.2
7189,966,153,269.9157006381952,7.974027038378097,0.1
7190,966,293,339.93035237777895,-17.686347143333155,0.2
7191,966,501,278.27610138109384,13.048477521611623,0.1
7192,966,343,404.12127754414274,30.448077863628903,0.1
7193,966,517,417.72339784618583,-12.725590323072105,0.2
7194,966,182,296.3967579777559,-11.325298404448832,0.15
7195,966,173,148.05638304198143,17.026902058587655,0.05
7196,967,534,108.89320450909415,16.73758120152585,0.05
7197,967,434,58.78141090057713,-1.3010225780106244,0.05
7198,967,190,204.62487985782914,31.98161212848798,0.05
7199,968,284,139.6514672685583,16.63564245369553,0.05
7200,968,40,148.62102174549634,14.305677360637915,0.05
7201,968,372,299.88060031229463,-17.723709953155797,0.2
7202,968,550,181.3425176723851,22.308784498234203,0.05
7203,968,475,116.56913351151799,7.909799960184699,0.05
7204,968,166,230.20660051941837,1.6160225856464407,0.1
7205,968,1,326.50195846152184,16.379961145578278,0.15
7206,968,565,201.66775778653982,-1.8278816962912146,0.1
7207,969,380,278.4601994418398,13.225751445181274,0.1
7208,969,200,161.36807018838772,24.88170486186718,0.05
7209,969,131,361.90354976411857,-15.301867535382208,0.2
7210,969,480,306.3077412906108,-17.242551741877858,0.15
7211,969,458,178.38183919112032,21.419560679096634,0.05
7212,969,294,311.84352741239053,-0.8705695175219184,0.15
7213,969,237,161.75665354479588,15.165033592308262,0.05
7214,969,161,249.5585028740395,4.033648890146246,0.1
7215,969,201,328.2781623417926,16.988932468358502,0.15
7216,969,127,195.80185443009765,32.7649598570697,0.05
7217,969,182,294.8561774879902,-11.633414502401983,0.15
7218,970,373,305.7738114983913,23.497902874597823,0.1
7219,971,503,157.03413612799375,-0.6141164468722451,0.1
7220,971,278,256.7228901383985,-30.83639547508263,0.2
7221,971,407,204.89873319004192,-2.412370025640408,0.15
7222,971,417,146.45505576496151,18.33901804550901,0.05
7223,971,67,99.33410556775057,2.189634947078142,0.05
7224,971,119,238.3413565961626,7.455123515867751,0.1
7225,971,155,114.14858108335035,13.05230017810121,0.05
7226,971,425,202.33546617066253,18.51064533486268,0.1
7227,971,303,218.64556687297946,15.488410775991198,0.1
7228,971,255,291.16504994869376,12.578394475066716,0.15
7229,971,119,135.82583566408277,12.056407107792456,0.05
7230,971,321,94.41520289606672,0.09064034381935482,0.05
7231,972,371,397.2136928614964,-28.049846070775523,0.2
7232,972,573,168.04828540548556,22.53297709118838,0.05
7233,972,136,309.46626213179843,19.453557235151806,0.1
7234,972,233,193.87815468487364,4.574843307170292,0.1
7235,972,329,358.74308282328104,36.07646366920598,0.1
7236,973,9,368.34730817566054,22.764877043915146,0.1
7237,973,150,246.9170738002016,40.81656531258746,0.05
7238,973,304,343.393073845592,31.625718461398016,0.1
7239,973,567,246.6068657685791,-23.73157684628419,0.15
7240,973,347,206.7054758382411,19.25510913783057,0.05
7241,973,16,428.54017755338214,16.553285510676417,0.15
7242,973,386,303.6863784013419,-26.7912432397987,0.2
7243,973,558,192.59210876527746,11.042830203921682,0.05
7244,974,420,104.27999380557415,-16.13284655435812,0.2
7245,974,146,81.42086435268027,-12.762368277878286,0.15
7246,974,431,105.96156513425707,-25.847113093322683,0.2
7247,974,280,68.45095157017167,-4.660125349980753,0.1
7248,974,236,91.2591017218965,-21.23371658915147,0.2
7249,974,167,69.2025808808606,-7.5350609961447415,0.1
7250,974,325,109.58872707995981,-10.766408667423395,0.15
7251,975,452,288.90334756254356,20.258633867398437,0.1
7252,975,86,342.82004323139347,-5.392793515290961,0.2
7253,975,523,327.9583426094101,-12.513056478117983,0.15
7254,975,568,324.2040555520276,-32.85859166719584,0.2
7255,975,426,346.5484070913221,-5.093838936301683,0.2
7256,975,551,404.77151603388415,-0.10062179322318698,0.15
7257,975,430,283.76895927899244,-37.88985610815112,0.2
7258,975,429,164.4985619184891,26.45039275137082,0.05
7259,975,5,173.54617951134497,27.624418070172823,0.05
7260,976,296,280.3979747979651,16.59661981393647,0.1
7261,976,120,370.9951368803691,-27.278829467944625,0.2
7262,976,298,159.5010043182882,17.254573279231728,0.05
7263,976,152,250.6296421930885,15.061878350826715,0.1
7264,976,588,149.50506514677153,14.29066770711994,0.05
7265,976,125,278.1855747367013,7.592239947340243,0.15
7266,976,62,242.9967363969662,13.059444057217366,0.1
7267,976,278,245.1832458698137,1.8818228457441766,0.1
7268,976,390,327.07993369321207,-7.35890994601818,0.2
7269,976,51,271.3624543128798,51.37805296952672,0.05
7270,976,575,397.5312749942909,54.27020324842645,0.1
7271,976,245,189.6588512368301,21.867132191139483,0.05
7272,976,93,222.25080330725427,37.74774646511662,0.05
7273,977,74,321.2005073145645,-23.30502390281531,0.2
7274,978,371,408.167390437186,-25.311791434422084,0.2
7275,978,468,366.36092307040843,-1.514840385918335,0.15
7276,978,290,334.42536756603033,-10.10275148679394,0.15
7277,978,218,453.8458524031145,36.1193454806229,0.15
7278,979,117,361.8507087154594,1.5531063073189273,0.2
7279,980,93,417.0583376083606,24.065642521672103,0.15
7280,980,222,233.46744691994166,1.6632046232224624,0.1
7281,980,189,151.3594637205978,11.129543323935295,0.05
7282,980,18,390.8606099840152,0.2606914976022914,0.2
7283,981,381,465.2878829387215,55.61321031219194,0.1
7284,981,532,292.26684170589334,-20.40667374411598,0.2
7285,981,153,254.5904699758182,6.814205647267173,0.1
7286,981,367,169.27583325644736,18.369969196569294,0.05
7287,981,407,258.1220192886441,2.7277538577287928,0.15
7288,981,559,415.0950176017148,-25.11244735974277,0.2
7289,981,442,268.1219891248538,11.211361803055294,0.1
7290,981,186,221.1602353869054,31.46514910640711,0.05
7291,981,392,135.94102329124763,6.4251040191105915,0.05
7292,981,570,368.9056275938362,-0.9212244812327803,0.15
7293,981,241,408.4959301619046,-19.204110475714295,0.2
7294,982,135,235.92730171742943,-31.84040474238558,0.2
7295,982,260,205.4701577411671,30.601538673711687,0.05
7296,982,10,176.89036093543587,28.138865048946798,0.05
7297,982,450,223.92567508578233,6.05752469193855,0.1
7298,982,424,336.179409514929,15.900531902985783,0.15
7299,982,248,189.04908729743215,10.330446819304864,0.1
7300,982,156,163.2357657556821,23.449625487616462,0.05
7301,982,550,201.2867125616781,25.66295043893362,0.05
7302,983,226,389.61420585971297,-14.697969121043041,0.2
7303,983,489,320.1939528624299,12.904590572485965,0.15
7304,983,43,192.18252324470546,27.757883782475318,0.05
7305,983,195,263.0163166873209,42.86116155476334,0.05
7306,983,262,261.9925611241869,1.4331372248373704,0.15
7307,983,425,345.2994024416539,41.1440006104135,0.1
7308,983,278,266.726727113381,5.857631778345263,0.1
7309,983,207,265.4811893274639,22.00724733186597,0.1
7310,983,51,524.5703479341446,76.83823698353616,0.1
7311,983,439,267.709332233282,-11.721800165007698,0.2
7312,983,38,310.0427022296251,43.616709355173974,0.05
7313,983,362,408.5536929167377,24.775923229184414,0.1
7314,983,125,278.07496027395945,26.587490068489863,0.1
7315,983,195,378.885674821628,42.218818705407,0.1
7316,984,568,187.88045276922242,12.90212927688134,0.05
7317,984,448,159.00877796515573,10.842216716038642,0.05
7318,984,527,530.2863087415599,26.621586748311948,0.15
7319,984,218,449.204712871184,35.191117574236756,0.15
7320,984,268,315.42778245547004,29.57669561386751,0.1
7321,984,60,288.20309814962957,3.3693946299259068,0.15
7322,984,298,177.8756639717538,19.930491355687785,0.05
7323,984,395,338.1949091046553,-9.042018179068958,0.15
7324,984,463,313.99390479102016,7.404526197755043,0.1
7325,984,401,323.4612695410413,-8.09280956884379,0.2
7326,984,577,417.4098819758071,5.479282296371089,0.2
7327,985,517,420.2016521751546,15.581355435030893,0.15
7328,985,433,290.38384189926427,5.119910474816077,0.1
7329,985,535,418.15654647322367,29.930459294644713,0.15
7330,985,48,573.4351379840905,14.147070697613593,0.2
7331,986,142,332.20717593726766,22.07544398431693,0.1
7332,986,280,377.02046604851876,7.672543209703743,0.15
7333,986,471,538.5923749426247,40.90612498852491,0.15
7334,986,314,400.5912686870778,30.59031717176946,0.1
7335,987,249,197.41853159782852,31.947913208398475,0.05
7336,987,537,466.9939724841994,36.484944496839844,0.15
7337,987,314,394.3043792068754,-21.423343118968678,0.2
7338,987,264,167.8826136677484,24.195162209402582,0.05
7339,987,336,299.3136021155583,-23.358459682666243,0.2
7340,988,272,459.6136544101216,30.024830882024297,0.15
7341,988,122,234.39682280202558,5.331462775914677,0.1
7342,988,576,149.37612066111424,23.263537857210856,0.05
7343,988,323,142.42594101795686,6.449706130674539,0.05
7344,988,524,93.75905635533101,-5.99175110814125,0.05
7345,988,59,313.6350032868811,31.859694617531776,0.1
7346,988,428,439.7655435122483,31.574758702449635,0.15
7347,988,165,272.2948464934476,4.584990730888311,0.1
7348,988,427,459.22371441931534,4.522457162897318,0.2
7349,988,461,399.78917301691655,1.6057596033832802,0.15
7350,989,292,135.60317795818446,6.951580962775971,0.1
7351,990,176,86.76566092616213,3.9023895931462214,0.05
7352,990,581,307.8693708665102,-16.27989732113439,0.2
7353,990,586,172.14025220400043,-7.432543964294976,0.15
7354,990,61,90.16040018786792,-4.106113250320963,0.1
7355,990,297,173.64417142155222,9.098315900938474,0.1
7356,990,293,86.65835115132056,6.719590354554143,0.05
7357,990,51,138.46842371951357,22.512995031410043,0.05
7358,990,131,264.3711087849758,-19.70307276875774,0.2
7359,990,511,286.5987956368128,3.5061848283604604,0.15
7360,991,14,343.4694747717028,22.427618692925705,0.1
7361,991,57,298.9950042459548,19.28085106148871,0.1
7362,991,498,361.62480818787435,-8.670178771818819,0.2
7363,991,221,461.2417981859956,59.6032495464989,0.1
7364,991,6,462.67154623980036,43.493436559950084,0.1
7365,991,266,510.8345975434114,65.41134938585286,0.1
7366,991,5,247.93324672696428,42.536875109638125,0.05
7367,991,258,317.1745019781294,-11.591724703280583,0.2
7368,991,550,502.37878853523426,17.273957707046826,0.15
7369,991,575,441.6573123713715,35.38901247427429,0.15
7370,991,18,414.6380126127779,6.017301891916702,0.2
7371,992,62,59.24516805659712,3.2084831614149323,0.05
7372,992,488,108.52050759035282,16.987432794015987,0.05
7373,992,167,216.05250552523881,-30.525913230728218,0.2
7374,992,40,157.27282344683957,2.7803080593595197,0.1
7375,992,60,63.48859691844814,4.480967570281088,0.05
7376,992,8,274.96993496172604,-23.361721933165267,0.2
7377,992,302,153.17988341592314,3.9463349411031814,0.1
7378,992,297,197.0057704849888,-3.3395559910880444,0.15
7379,992,419,100.1635309693205,10.78100156288193,0.05
7380,992,10,168.64060165307012,12.28670339871968,0.1
7381,992,285,186.41902235686723,-7.022832976064635,0.15
7382,992,188,75.21278958929102,1.7150709852423738,0.05
7383,992,39,129.63684865574493,15.974780066819818,0.05
7384,992,407,164.38324673038903,-15.776736400867634,0.2
7385,993,423,374.56387723503065,-1.4986184147453905,0.2
7386,993,451,184.85066009488543,18.695295267512513,0.05
7387,994,52,83.12707351229552,6.789677469462335,0.05
7388,994,533,267.94004041137987,-21.516591039455164,0.2
7389,994,332,352.7730897015818,16.982454975255784,0.15
7390,994,46,202.63003295884033,8.993389783601533,0.1
7391,994,311,136.8911739122746,-7.340235716451345,0.1
7392,995,119,324.83374504433857,17.384079092910447,0.1
7393,995,86,337.9683476906721,13.564619538134401,0.15
7394,995,68,365.38529490725654,-29.626105763911504,0.2
7395,995,536,155.3783475191409,23.63347801393975,0.05
7396,995,69,207.40539817104576,23.92144413583905,0.05
7397,995,36,125.34126679380478,15.047244359480741,0.05
7398,995,246,390.6185798338699,-19.2717130249195,0.2
7399,995,401,310.1983906331109,-7.89224140503336,0.2
7400,995,27,159.79039759318613,22.411272759028662,0.05
7401,995,531,303.85511487528686,24.019420943474195,0.1
7402,995,37,316.8208191460084,-8.46097712809874,0.2
7403,995,280,340.0909335648457,-23.780159965273114,0.2
7404,995,97,130.52640174808096,16.67294799798119,0.05
7405,996,467,203.97686149933259,36.41089990178237,0.05
7406,996,18,173.15593024898436,30.21181381003307,0.05
7407,996,164,321.5804580658123,-4.53715838683755,0.15
7408,996,398,476.4549878464419,9.72024756928835,0.15
7409,996,253,269.12307418927537,4.027647348707948,0.1
7410,996,338,318.5591352717311,-8.073547945653791,0.15
7411,996,98,226.31992761713644,-2.1110644765727162,0.15
7412,996,161,269.28703076993736,-12.678718846012544,0.15
7413,996,506,173.87340611266265,26.30716285517516,0.05
7414,996,222,248.80069598439417,0.8133234156567735,0.1
7415,996,271,143.64019445277427,13.437819783961508,0.05
7416,996,240,129.4280661743819,6.509616360032286,0.05
7417,996,27,346.351919741654,12.284308948330782,0.15
7418,997,342,169.4382378402566,15.294592126744913,0.05
7419,997,107,176.20659386190414,-6.1489582166642265,0.1
7420,997,24,338.33702511643776,19.7271885159109,0.1
7421,997,104,143.32877341092836,17.44620088159016,0.05
7422,997,440,278.1759327952159,-11.820810080717605,0.2
7423,997,365,398.50786816313934,4.425473632627835,0.15
7424,997,269,358.0659546301574,-19.80690680547637,0.2
7425,997,461,190.6610340161813,19.961674478478127,0.05
7426,997,312,338.3585373364184,22.011300388895503,0.1
7427,997,317,336.9438893229623,-7.580516601555642,0.2
7428,998,466,268.4119063736356,5.1350062747271075,0.15
7429,998,368,419.57888185954664,-8.881167721067971,0.2
7430,998,51,589.1960833596352,18.913312503945306,0.2
7431,998,462,290.8948660888103,31.540602855370384,0.05
7432,998,328,344.2866813092512,4.378011261850229,0.15
7433,998,88,224.62377138448852,24.36673283564627,0.05
7434,999,66,304.7985520676269,5.7142380169067195,0.1
7435,999,450,265.8316402576528,28.23873979243523,0.05
