session_id,customer_id,timestamp,day_of_month,day_of_week,is_paycheck_week,daypart,weather,location_zone,group_size_estimate
0,0,2026-02-07 13:00:00,7,5,1,lunch,extreme,7,1
1,0,2026-02-18 09:00:00,18,2,0,lunch,rain,2,1
2,0,2026-06-10 03:00:00,10,2,0,breakfast,clear,1,1
3,0,2026-02-05 01:00:00,5,3,1,breakfast,clear,6,1
4,0,2026-03-29 01:00:00,29,6,1,late_night,clear,5,2
5,0,2026-04-24 03:00:00,24,4,0,dinner,clear,2,3
6,0,2026-06-11 22:00:00,11,3,0,late_night,extreme,8,1
7,0,2026-03-13 15:00:00,13,4,0,breakfast,clear,10,2
8,0,2026-03-01 11:00:00,1,6,1,dinner,clear,12,1
9,0,2026-04-30 09:00:00,30,3,1,dinner,clear,2,1
10,0,2026-04-04 10:00:00,4,5,1,breakfast,clear,11,1
11,0,2026-02-19 00:00:00,19,3,0,lunch,clear,8,1
12,1,2026-03-23 22:00:00,23,0,0,breakfast,clear,12,2
13,1,2026-06-16 17:00:00,16,1,0,late_night,clear,5,2
14,1,2026-01-18 01:00:00,18,6,0,late_night,extreme,13,1
15,1,2026-04-10 23:00:00,10,4,0,dinner,clear,12,1
16,1,2026-01-11 15:00:00,11,6,0,breakfast,clear,7,2
17,1,2026-06-19 13:00:00,19,4,0,dinner,rain,5,2
18,1,2026-02-13 21:00:00,13,4,0,dinner,clear,10,2
19,1,2026-03-11 08:00:00,11,2,0,late_night,clear,6,2
20,1,2026-04-23 07:00:00,23,3,0,late_night,rain,8,2
21,2,2026-01-27 22:00:00,27,1,1,breakfast,rain,6,1
22,2,2026-06-11 10:00:00,11,3,0,lunch,clear,8,1
23,2,2026-04-09 18:00:00,9,3,0,late_night,extreme,8,1
24,3,2026-05-19 18:00:00,19,1,0,breakfast,rain,14,2
25,3,2026-06-06 08:00:00,6,5,1,dinner,clear,4,1
26,3,2026-06-22 19:00:00,22,0,0,breakfast,clear,9,3
27,3,2026-05-13 17:00:00,13,2,0,late_night,clear,2,4
28,3,2026-04-24 12:00:00,24,4,0,dinner,clear,13,4
29,3,2026-06-21 00:00:00,21,6,0,dinner,clear,7,2
30,3,2026-06-18 15:00:00,18,3,0,breakfast,extreme,1,2
31,3,2026-05-11 23:00:00,11,0,0,lunch,clear,5,1
32,3,2026-02-18 07:00:00,18,2,0,lunch,rain,14,1
33,3,2026-03-23 14:00:00,23,0,0,breakfast,rain,10,1
34,4,2026-05-21 05:00:00,21,3,0,breakfast,clear,4,2
35,4,2026-02-09 18:00:00,9,0,0,lunch,rain,13,1
36,4,2026-06-06 06:00:00,6,5,1,lunch,clear,6,1
37,4,2026-01-06 03:00:00,6,1,1,lunch,clear,1,3
38,4,2026-06-03 12:00:00,3,2,1,dinner,clear,6,2
39,4,2026-01-04 23:00:00,4,6,1,breakfast,rain,5,4
40,4,2026-06-13 18:00:00,13,5,0,breakfast,clear,9,1
41,4,2026-03-11 17:00:00,11,2,0,breakfast,clear,14,1
42,4,2026-04-02 03:00:00,2,3,1,dinner,extreme,6,1
43,4,2026-01-26 07:00:00,26,0,1,lunch,clear,8,1
44,4,2026-04-03 01:00:00,3,4,1,late_night,clear,8,1
45,4,2026-04-29 12:00:00,29,2,1,breakfast,clear,11,2
46,5,2026-04-10 19:00:00,10,4,0,late_night,clear,6,2
47,5,2026-02-04 21:00:00,4,2,1,lunch,clear,7,3
48,5,2026-01-05 14:00:00,5,0,1,late_night,clear,7,1
49,5,2026-02-24 00:00:00,24,1,0,breakfast,clear,11,2
50,5,2026-02-23 03:00:00,23,0,0,late_night,clear,4,2
51,5,2026-02-28 07:00:00,28,5,1,lunch,clear,11,2
52,5,2026-01-31 02:00:00,31,5,1,breakfast,clear,3,1
53,5,2026-05-15 19:00:00,15,4,0,late_night,clear,13,1
54,5,2026-01-24 03:00:00,24,5,0,late_night,clear,5,1
55,5,2026-02-26 02:00:00,26,3,1,late_night,extreme,5,1
56,5,2026-05-05 13:00:00,5,1,1,breakfast,clear,4,4
57,5,2026-01-12 01:00:00,12,0,0,dinner,clear,10,1
58,5,2026-05-21 04:00:00,21,3,0,dinner,clear,5,1
59,6,2026-02-23 03:00:00,23,0,0,breakfast,extreme,13,1
60,6,2026-01-31 18:00:00,31,5,1,late_night,clear,3,1
61,6,2026-04-29 02:00:00,29,2,1,late_night,rain,6,2
62,6,2026-01-21 10:00:00,21,2,0,lunch,clear,7,4
63,6,2026-04-29 03:00:00,29,2,1,breakfast,extreme,6,1
64,6,2026-03-01 19:00:00,1,6,1,dinner,extreme,7,3
65,6,2026-01-06 10:00:00,6,1,1,dinner,clear,1,1
66,7,2026-02-13 01:00:00,13,4,0,lunch,clear,1,1
67,7,2026-06-04 22:00:00,4,3,1,lunch,clear,6,1
68,7,2026-04-22 16:00:00,22,2,0,breakfast,clear,2,1
69,7,2026-06-10 20:00:00,10,2,0,lunch,extreme,2,3
70,7,2026-01-22 07:00:00,22,3,0,dinner,clear,2,1
71,7,2026-06-20 13:00:00,20,5,0,late_night,clear,14,1
72,7,2026-03-05 11:00:00,5,3,1,lunch,clear,2,1
73,7,2026-02-15 15:00:00,15,6,0,lunch,clear,12,2
74,7,2026-05-04 14:00:00,4,0,1,dinner,clear,10,1
75,7,2026-01-19 18:00:00,19,0,0,dinner,clear,13,1
76,7,2026-04-24 03:00:00,24,4,0,lunch,clear,11,4
77,7,2026-05-05 01:00:00,5,1,1,dinner,rain,12,4
78,7,2026-04-26 13:00:00,26,6,1,late_night,clear,13,4
79,8,2026-03-06 14:00:00,6,4,1,late_night,rain,7,1
80,8,2026-04-29 19:00:00,29,2,1,late_night,rain,8,2
81,8,2026-06-09 06:00:00,9,1,0,breakfast,clear,14,2
82,8,2026-01-30 06:00:00,30,4,1,dinner,rain,6,2
83,9,2026-06-19 13:00:00,19,4,0,late_night,clear,10,4
84,9,2026-06-05 01:00:00,5,4,1,late_night,extreme,8,2
85,9,2026-05-06 07:00:00,6,2,1,dinner,clear,1,1
86,10,2026-03-02 10:00:00,2,0,1,late_night,clear,5,2
87,10,2026-01-01 11:00:00,1,3,1,lunch,clear,8,2
88,10,2026-05-09 04:00:00,9,5,0,dinner,clear,8,5
89,10,2026-03-25 01:00:00,25,2,1,breakfast,clear,13,1
90,10,2026-02-24 21:00:00,24,1,0,dinner,clear,10,2
91,10,2026-03-29 03:00:00,29,6,1,lunch,clear,1,1
92,10,2026-02-03 04:00:00,3,1,1,late_night,rain,6,1
93,10,2026-05-19 09:00:00,19,1,0,lunch,extreme,2,1
94,10,2026-02-16 08:00:00,16,0,0,lunch,clear,14,1
95,10,2026-03-12 17:00:00,12,3,0,late_night,clear,1,2
96,10,2026-04-03 23:00:00,3,4,1,lunch,clear,14,1
97,10,2026-04-16 13:00:00,16,3,0,breakfast,clear,14,1
98,11,2026-06-24 02:00:00,24,2,0,late_night,clear,13,3
99,11,2026-04-29 00:00:00,29,2,1,breakfast,extreme,8,1
100,11,2026-02-02 13:00:00,2,0,1,late_night,extreme,11,3
101,11,2026-01-05 20:00:00,5,0,1,dinner,rain,2,5
102,11,2026-03-25 18:00:00,25,2,1,dinner,rain,12,1
103,11,2026-03-18 15:00:00,18,2,0,breakfast,clear,2,2
104,11,2026-06-12 09:00:00,12,4,0,dinner,clear,5,1
105,11,2026-05-14 10:00:00,14,3,0,late_night,clear,12,1
106,11,2026-02-14 02:00:00,14,5,0,breakfast,clear,5,1
107,12,2026-04-14 19:00:00,14,1,0,lunch,rain,14,2
108,12,2026-04-12 10:00:00,12,6,0,lunch,clear,8,1
109,12,2026-04-28 00:00:00,28,1,1,breakfast,clear,7,1
110,12,2026-03-03 19:00:00,3,1,1,dinner,clear,6,1
111,12,2026-03-07 11:00:00,7,5,1,dinner,clear,4,1
112,12,2026-02-03 11:00:00,3,1,1,dinner,clear,10,5
113,12,2026-01-04 03:00:00,4,6,1,lunch,clear,7,4
114,12,2026-05-22 04:00:00,22,4,0,lunch,clear,8,4
115,12,2026-04-05 13:00:00,5,6,1,lunch,clear,7,2
116,12,2026-02-09 00:00:00,9,0,0,lunch,clear,4,1
117,13,2026-04-14 00:00:00,14,1,0,late_night,clear,4,1
118,13,2026-02-02 07:00:00,2,0,1,lunch,clear,11,2
119,13,2026-04-25 21:00:00,25,5,1,late_night,clear,14,3
120,13,2026-05-18 22:00:00,18,0,0,breakfast,rain,5,1
121,13,2026-01-19 06:00:00,19,0,0,lunch,clear,1,1
122,13,2026-04-27 07:00:00,27,0,1,breakfast,clear,8,1
123,13,2026-04-02 18:00:00,2,3,1,late_night,extreme,7,5
124,13,2026-03-03 13:00:00,3,1,1,late_night,clear,1,2
125,13,2026-06-15 03:00:00,15,0,0,late_night,clear,5,1
126,13,2026-05-21 13:00:00,21,3,0,dinner,clear,2,3
127,13,2026-05-22 09:00:00,22,4,0,dinner,clear,1,1
128,14,2026-05-27 23:00:00,27,2,1,breakfast,rain,11,3
129,14,2026-06-23 14:00:00,23,1,0,late_night,clear,7,1
130,14,2026-05-29 19:00:00,29,4,1,breakfast,clear,13,1
131,15,2026-04-15 23:00:00,15,2,0,dinner,clear,11,2
132,15,2026-02-05 04:00:00,5,3,1,late_night,clear,6,1
133,15,2026-04-22 04:00:00,22,2,0,late_night,extreme,6,1
134,15,2026-04-16 13:00:00,16,3,0,late_night,clear,5,1
135,15,2026-03-30 01:00:00,30,0,1,breakfast,rain,10,2
136,15,2026-02-15 06:00:00,15,6,0,late_night,clear,2,1
137,15,2026-01-20 07:00:00,20,1,0,late_night,clear,1,2
138,16,2026-04-18 16:00:00,18,5,0,late_night,clear,9,1
139,17,2026-02-11 03:00:00,11,2,0,dinner,extreme,12,2
140,17,2026-05-22 21:00:00,22,4,0,dinner,rain,2,3
141,17,2026-04-01 18:00:00,1,2,1,dinner,clear,7,1
142,17,2026-04-12 18:00:00,12,6,0,dinner,rain,14,1
143,17,2026-05-11 20:00:00,11,0,0,dinner,clear,8,1
144,17,2026-04-27 18:00:00,27,0,1,dinner,rain,12,2
145,17,2026-01-25 01:00:00,25,6,1,dinner,rain,1,1
146,18,2026-05-27 03:00:00,27,2,1,dinner,clear,10,3
147,18,2026-01-28 19:00:00,28,2,1,breakfast,clear,11,1
148,18,2026-01-05 21:00:00,5,0,1,dinner,clear,7,2
149,18,2026-02-01 02:00:00,1,6,1,dinner,clear,11,5
150,18,2026-02-01 13:00:00,1,6,1,lunch,rain,3,3
151,18,2026-04-19 04:00:00,19,6,0,lunch,clear,1,2
152,18,2026-02-24 04:00:00,24,1,0,breakfast,clear,8,3
153,18,2026-04-28 19:00:00,28,1,1,dinner,rain,2,1
154,18,2026-01-17 11:00:00,17,5,0,late_night,rain,3,3
155,18,2026-02-05 04:00:00,5,3,1,lunch,clear,1,5
156,18,2026-06-03 16:00:00,3,2,1,late_night,rain,4,1
157,18,2026-06-28 12:00:00,28,6,1,late_night,clear,1,2
158,18,2026-02-05 19:00:00,5,3,1,dinner,extreme,11,1
159,18,2026-01-30 14:00:00,30,4,1,lunch,clear,9,1
160,19,2026-06-01 11:00:00,1,0,1,breakfast,extreme,3,1
161,19,2026-06-01 20:00:00,1,0,1,breakfast,rain,14,2
162,20,2026-01-04 06:00:00,4,6,1,breakfast,clear,13,2
163,20,2026-06-16 23:00:00,16,1,0,breakfast,clear,11,3
164,20,2026-02-02 23:00:00,2,0,1,dinner,rain,12,1
165,20,2026-01-17 20:00:00,17,5,0,dinner,clear,13,2
166,20,2026-06-12 14:00:00,12,4,0,late_night,clear,8,2
167,20,2026-03-13 09:00:00,13,4,0,dinner,extreme,8,1
168,20,2026-05-29 22:00:00,29,4,1,dinner,extreme,8,1
169,20,2026-05-28 01:00:00,28,3,1,breakfast,clear,9,2
170,21,2026-04-19 17:00:00,19,6,0,dinner,extreme,2,1
171,21,2026-02-28 15:00:00,28,5,1,late_night,clear,9,2
172,21,2026-04-12 00:00:00,12,6,0,lunch,clear,13,1
173,22,2026-04-10 07:00:00,10,4,0,breakfast,rain,1,3
174,23,2026-02-01 20:00:00,1,6,1,dinner,clear,14,1
175,23,2026-01-24 21:00:00,24,5,0,dinner,clear,2,2
176,23,2026-06-10 21:00:00,10,2,0,dinner,rain,7,2
177,23,2026-01-20 04:00:00,20,1,0,breakfast,clear,7,1
178,23,2026-03-06 22:00:00,6,4,1,dinner,clear,2,3
179,23,2026-01-23 22:00:00,23,4,0,breakfast,clear,9,1
180,23,2026-01-05 06:00:00,5,0,1,late_night,rain,1,1
181,23,2026-05-14 01:00:00,14,3,0,late_night,rain,14,1
182,23,2026-06-10 19:00:00,10,2,0,dinner,clear,4,3
183,23,2026-04-04 23:00:00,4,5,1,dinner,rain,6,1
184,23,2026-02-27 15:00:00,27,4,1,late_night,clear,14,1
185,23,2026-01-16 23:00:00,16,4,0,late_night,clear,4,2
186,23,2026-01-08 19:00:00,8,3,0,dinner,clear,9,1
187,24,2026-04-15 09:00:00,15,2,0,late_night,clear,6,3
188,24,2026-05-17 22:00:00,17,6,0,dinner,clear,3,1
189,24,2026-04-17 09:00:00,17,4,0,breakfast,clear,9,1
190,25,2026-01-26 15:00:00,26,0,1,dinner,clear,11,1
191,25,2026-01-11 15:00:00,11,6,0,breakfast,clear,3,2
192,25,2026-01-22 22:00:00,22,3,0,dinner,clear,14,2
193,25,2026-03-07 04:00:00,7,5,1,late_night,clear,4,3
194,25,2026-03-19 07:00:00,19,3,0,dinner,clear,3,1
195,25,2026-05-13 20:00:00,13,2,0,breakfast,rain,10,1
196,25,2026-04-27 23:00:00,27,0,1,breakfast,extreme,4,1
197,25,2026-05-12 12:00:00,12,1,0,breakfast,clear,14,1
198,25,2026-01-04 17:00:00,4,6,1,late_night,rain,2,1
199,25,2026-06-27 17:00:00,27,5,1,breakfast,extreme,3,2
200,25,2026-06-05 18:00:00,5,4,1,breakfast,rain,7,4
201,25,2026-01-04 14:00:00,4,6,1,dinner,clear,13,1
202,25,2026-01-30 11:00:00,30,4,1,late_night,clear,11,1
203,25,2026-04-04 17:00:00,4,5,1,dinner,clear,13,1
204,26,2026-06-16 08:00:00,16,1,0,dinner,clear,14,1
205,26,2026-01-09 12:00:00,9,4,0,late_night,rain,3,1
206,26,2026-05-10 23:00:00,10,6,0,lunch,clear,9,1
207,27,2026-02-02 20:00:00,2,0,1,breakfast,rain,14,1
208,27,2026-06-26 21:00:00,26,4,1,late_night,clear,13,5
209,27,2026-05-22 20:00:00,22,4,0,late_night,clear,9,2
210,27,2026-04-05 14:00:00,5,6,1,breakfast,clear,7,1
211,27,2026-05-29 07:00:00,29,4,1,lunch,clear,7,1
212,27,2026-04-15 12:00:00,15,2,0,late_night,rain,11,1
213,27,2026-01-15 12:00:00,15,3,0,breakfast,clear,1,1
214,27,2026-03-18 18:00:00,18,2,0,dinner,clear,6,4
215,27,2026-03-01 02:00:00,1,6,1,late_night,clear,6,1
216,27,2026-04-19 09:00:00,19,6,0,late_night,rain,6,2
217,27,2026-04-29 10:00:00,29,2,1,late_night,clear,1,1
218,27,2026-05-08 04:00:00,8,4,0,breakfast,clear,4,1
219,27,2026-02-18 20:00:00,18,2,0,breakfast,extreme,5,1
220,28,2026-02-18 06:00:00,18,2,0,breakfast,clear,14,1
221,28,2026-01-21 11:00:00,21,2,0,late_night,rain,10,1
222,28,2026-02-12 00:00:00,12,3,0,lunch,clear,6,3
223,28,2026-04-19 06:00:00,19,6,0,late_night,clear,12,1
224,29,2026-05-15 00:00:00,15,4,0,late_night,clear,4,1
225,29,2026-06-28 01:00:00,28,6,1,late_night,clear,9,3
226,29,2026-01-04 18:00:00,4,6,1,breakfast,clear,2,1
227,29,2026-05-29 18:00:00,29,4,1,dinner,clear,5,1
228,29,2026-02-16 10:00:00,16,0,0,lunch,clear,9,2
229,29,2026-03-08 04:00:00,8,6,0,lunch,clear,8,1
230,29,2026-05-27 15:00:00,27,2,1,late_night,clear,1,3
231,29,2026-06-18 13:00:00,18,3,0,lunch,clear,13,1
232,29,2026-01-26 12:00:00,26,0,1,lunch,clear,8,3
233,30,2026-01-16 01:00:00,16,4,0,dinner,extreme,11,1
234,30,2026-03-22 10:00:00,22,6,0,lunch,extreme,9,3
235,30,2026-05-28 09:00:00,28,3,1,breakfast,clear,14,1
236,31,2026-04-02 01:00:00,2,3,1,late_night,clear,10,1
237,31,2026-05-14 09:00:00,14,3,0,lunch,extreme,2,1
238,31,2026-04-29 22:00:00,29,2,1,dinner,clear,11,1
239,31,2026-01-20 01:00:00,20,1,0,late_night,clear,2,2
240,31,2026-01-10 06:00:00,10,5,0,lunch,clear,6,4
241,31,2026-03-29 06:00:00,29,6,1,lunch,clear,8,1
242,31,2026-04-07 20:00:00,7,1,1,breakfast,clear,12,2
243,31,2026-04-14 17:00:00,14,1,0,lunch,clear,11,3
244,31,2026-03-01 04:00:00,1,6,1,dinner,clear,4,1
245,31,2026-04-21 08:00:00,21,1,0,late_night,rain,9,1
246,32,2026-02-26 00:00:00,26,3,1,lunch,clear,1,1
247,32,2026-02-03 16:00:00,3,1,1,late_night,clear,7,1
248,33,2026-01-07 18:00:00,7,2,1,dinner,clear,1,1
249,33,2026-03-05 22:00:00,5,3,1,late_night,clear,5,1
250,33,2026-03-19 19:00:00,19,3,0,breakfast,rain,8,1
251,33,2026-04-30 18:00:00,30,3,1,lunch,clear,9,5
252,33,2026-03-09 19:00:00,9,0,0,lunch,rain,5,2
253,33,2026-02-06 17:00:00,6,4,1,lunch,extreme,2,2
254,34,2026-03-09 01:00:00,9,0,0,breakfast,clear,7,1
255,34,2026-06-18 17:00:00,18,3,0,breakfast,clear,7,1
256,34,2026-04-13 16:00:00,13,0,0,late_night,clear,2,3
257,34,2026-04-14 05:00:00,14,1,0,late_night,rain,13,1
258,34,2026-01-21 01:00:00,21,2,0,breakfast,extreme,11,1
259,34,2026-06-09 21:00:00,9,1,0,lunch,clear,3,3
260,34,2026-01-30 07:00:00,30,4,1,breakfast,clear,11,1
261,34,2026-05-15 22:00:00,15,4,0,dinner,rain,4,4
262,35,2026-05-22 01:00:00,22,4,0,late_night,extreme,8,2
263,35,2026-01-21 10:00:00,21,2,0,lunch,clear,9,1
264,35,2026-05-14 21:00:00,14,3,0,late_night,clear,6,1
265,35,2026-04-29 21:00:00,29,2,1,lunch,clear,12,3
266,35,2026-04-08 04:00:00,8,2,0,late_night,rain,8,4
267,35,2026-05-18 07:00:00,18,0,0,breakfast,clear,14,1
268,35,2026-01-15 14:00:00,15,3,0,late_night,rain,6,2
269,35,2026-04-15 03:00:00,15,2,0,breakfast,extreme,3,1
270,36,2026-04-08 03:00:00,8,2,0,lunch,clear,14,1
271,36,2026-06-20 09:00:00,20,5,0,breakfast,clear,1,1
272,36,2026-01-19 12:00:00,19,0,0,dinner,clear,3,1
273,37,2026-04-06 20:00:00,6,0,1,late_night,clear,10,1
274,37,2026-03-30 03:00:00,30,0,1,late_night,extreme,4,1
275,37,2026-01-26 06:00:00,26,0,1,breakfast,clear,14,1
276,37,2026-01-29 01:00:00,29,3,1,breakfast,clear,7,1
277,37,2026-03-10 11:00:00,10,1,0,lunch,rain,6,1
278,37,2026-03-05 14:00:00,5,3,1,late_night,clear,2,2
279,37,2026-01-22 11:00:00,22,3,0,lunch,clear,14,2
280,37,2026-05-19 12:00:00,19,1,0,late_night,clear,7,1
281,37,2026-01-31 20:00:00,31,5,1,lunch,rain,12,1
282,37,2026-05-04 01:00:00,4,0,1,late_night,clear,1,1
283,37,2026-06-29 23:00:00,29,0,1,dinner,clear,11,2
284,37,2026-04-16 05:00:00,16,3,0,dinner,clear,3,1
285,37,2026-06-07 02:00:00,7,6,1,dinner,rain,6,1
286,38,2026-05-06 03:00:00,6,2,1,late_night,clear,4,2
287,38,2026-03-07 04:00:00,7,5,1,late_night,clear,7,4
288,38,2026-04-27 17:00:00,27,0,1,dinner,clear,3,3
289,38,2026-05-30 13:00:00,30,5,1,breakfast,clear,5,1
290,38,2026-06-24 21:00:00,24,2,0,dinner,clear,13,2
291,39,2026-05-31 17:00:00,31,6,1,breakfast,rain,11,1
292,39,2026-03-17 23:00:00,17,1,0,late_night,clear,14,1
293,39,2026-02-22 10:00:00,22,6,0,dinner,rain,14,2
294,39,2026-02-07 23:00:00,7,5,1,late_night,rain,13,5
295,40,2026-01-29 00:00:00,29,3,1,lunch,clear,11,4
296,40,2026-01-02 20:00:00,2,4,1,dinner,clear,13,2
297,40,2026-05-02 07:00:00,2,5,1,breakfast,extreme,7,2
298,40,2026-03-28 15:00:00,28,5,1,lunch,clear,2,1
299,40,2026-02-24 01:00:00,24,1,0,lunch,clear,14,1
300,41,2026-03-26 21:00:00,26,3,1,lunch,clear,9,1
301,41,2026-05-28 12:00:00,28,3,1,breakfast,clear,10,1
302,41,2026-05-09 22:00:00,9,5,0,lunch,extreme,8,1
303,41,2026-04-12 01:00:00,12,6,0,late_night,clear,4,1
304,41,2026-05-31 03:00:00,31,6,1,breakfast,clear,4,1
305,41,2026-03-28 07:00:00,28,5,1,lunch,clear,8,1
306,41,2026-03-18 07:00:00,18,2,0,breakfast,clear,1,5
307,41,2026-06-06 18:00:00,6,5,1,breakfast,clear,13,2
308,42,2026-03-24 08:00:00,24,1,0,breakfast,extreme,13,1
309,42,2026-04-21 08:00:00,21,1,0,late_night,clear,8,2
310,42,2026-03-30 02:00:00,30,0,1,lunch,clear,1,1
311,42,2026-06-28 16:00:00,28,6,1,lunch,clear,5,1
312,43,2026-05-22 12:00:00,22,4,0,lunch,clear,11,3
313,43,2026-02-14 18:00:00,14,5,0,lunch,rain,1,1
314,43,2026-06-20 05:00:00,20,5,0,late_night,clear,12,1
315,43,2026-05-06 14:00:00,6,2,1,dinner,clear,11,1
316,43,2026-01-24 10:00:00,24,5,0,breakfast,clear,14,2
317,43,2026-04-17 17:00:00,17,4,0,lunch,clear,2,1
318,43,2026-06-24 07:00:00,24,2,0,dinner,clear,7,2
319,43,2026-04-22 21:00:00,22,2,0,breakfast,clear,3,1
320,43,2026-01-26 10:00:00,26,0,1,dinner,clear,1,1
321,43,2026-04-10 23:00:00,10,4,0,lunch,clear,5,1
322,44,2026-01-07 06:00:00,7,2,1,breakfast,clear,13,1
323,44,2026-03-09 12:00:00,9,0,0,late_night,rain,11,2
324,44,2026-03-26 07:00:00,26,3,1,lunch,rain,3,3
325,44,2026-04-25 21:00:00,25,5,1,dinner,clear,13,1
326,44,2026-05-31 16:00:00,31,6,1,dinner,clear,10,2
327,45,2026-06-29 08:00:00,29,0,1,breakfast,clear,4,1
328,45,2026-03-12 00:00:00,12,3,0,late_night,rain,4,3
329,45,2026-02-09 17:00:00,9,0,0,lunch,clear,1,3
330,45,2026-05-04 23:00:00,4,0,1,breakfast,clear,1,3
331,45,2026-05-01 18:00:00,1,4,1,late_night,extreme,11,1
332,45,2026-01-14 03:00:00,14,2,0,lunch,clear,3,1
333,45,2026-05-26 03:00:00,26,1,1,breakfast,clear,9,1
334,45,2026-01-02 03:00:00,2,4,1,dinner,rain,6,2
335,45,2026-02-27 21:00:00,27,4,1,dinner,clear,4,1
336,45,2026-04-09 06:00:00,9,3,0,late_night,rain,6,1
337,46,2026-04-29 04:00:00,29,2,1,late_night,rain,14,3
338,46,2026-04-23 11:00:00,23,3,0,late_night,clear,12,1
339,46,2026-05-02 10:00:00,2,5,1,dinner,clear,6,1
340,46,2026-01-19 09:00:00,19,0,0,dinner,clear,9,1
341,47,2026-05-05 12:00:00,5,1,1,dinner,clear,11,1
342,47,2026-06-13 07:00:00,13,5,0,lunch,clear,5,1
343,47,2026-02-28 02:00:00,28,5,1,late_night,rain,3,1
344,47,2026-03-16 22:00:00,16,0,0,breakfast,rain,1,1
345,47,2026-06-08 12:00:00,8,0,0,late_night,clear,6,1
346,47,2026-04-20 18:00:00,20,0,0,dinner,clear,13,2
347,47,2026-04-26 06:00:00,26,6,1,breakfast,clear,7,2
348,47,2026-05-05 14:00:00,5,1,1,late_night,rain,13,1
349,47,2026-03-26 14:00:00,26,3,1,dinner,clear,14,1
350,47,2026-03-07 00:00:00,7,5,1,breakfast,rain,1,3
351,48,2026-06-12 21:00:00,12,4,0,dinner,rain,12,1
352,48,2026-01-16 06:00:00,16,4,0,late_night,clear,10,1
353,48,2026-06-21 22:00:00,21,6,0,late_night,clear,10,2
354,48,2026-03-17 19:00:00,17,1,0,dinner,clear,13,1
355,48,2026-02-24 18:00:00,24,1,0,breakfast,clear,10,2
356,48,2026-06-06 12:00:00,6,5,1,lunch,extreme,14,1
357,48,2026-01-29 10:00:00,29,3,1,dinner,clear,3,1
358,48,2026-03-25 12:00:00,25,2,1,breakfast,rain,1,1
359,49,2026-02-19 21:00:00,19,3,0,breakfast,clear,11,3
360,49,2026-01-14 03:00:00,14,2,0,lunch,extreme,8,1
361,49,2026-01-09 09:00:00,9,4,0,late_night,clear,9,1
362,49,2026-01-11 15:00:00,11,6,0,late_night,clear,2,3
363,49,2026-03-15 02:00:00,15,6,0,dinner,rain,1,2
364,49,2026-03-26 04:00:00,26,3,1,dinner,clear,3,4
365,49,2026-04-14 18:00:00,14,1,0,lunch,clear,12,2
366,49,2026-03-16 06:00:00,16,0,0,dinner,clear,11,1
367,49,2026-01-09 00:00:00,9,4,0,lunch,rain,4,1
368,49,2026-03-13 06:00:00,13,4,0,lunch,clear,8,2
369,49,2026-05-10 09:00:00,10,6,0,late_night,clear,10,1
370,49,2026-05-14 16:00:00,14,3,0,breakfast,clear,7,1
371,49,2026-01-03 12:00:00,3,5,1,breakfast,clear,8,3
372,49,2026-02-07 14:00:00,7,5,1,lunch,clear,5,2
373,50,2026-01-11 16:00:00,11,6,0,breakfast,rain,3,1
374,50,2026-01-25 23:00:00,25,6,1,late_night,clear,8,2
375,50,2026-01-25 00:00:00,25,6,1,late_night,clear,11,1
376,50,2026-01-16 00:00:00,16,4,0,breakfast,clear,1,1
377,50,2026-04-19 16:00:00,19,6,0,breakfast,clear,2,3
378,50,2026-04-17 05:00:00,17,4,0,breakfast,clear,12,3
379,50,2026-02-18 17:00:00,18,2,0,lunch,clear,3,1
380,50,2026-06-23 03:00:00,23,1,0,breakfast,clear,6,2
381,51,2026-02-06 20:00:00,6,4,1,dinner,clear,4,1
382,52,2026-05-27 08:00:00,27,2,1,late_night,clear,1,1
383,53,2026-06-16 03:00:00,16,1,0,dinner,extreme,4,3
384,53,2026-01-07 06:00:00,7,2,1,breakfast,clear,8,1
385,53,2026-01-19 03:00:00,19,0,0,breakfast,rain,2,1
386,53,2026-05-16 14:00:00,16,5,0,late_night,clear,13,1
387,53,2026-01-08 02:00:00,8,3,0,breakfast,clear,5,1
388,53,2026-01-20 12:00:00,20,1,0,late_night,rain,8,1
389,53,2026-06-28 05:00:00,28,6,1,breakfast,clear,13,1
390,53,2026-04-19 07:00:00,19,6,0,late_night,extreme,13,4
391,53,2026-03-01 06:00:00,1,6,1,breakfast,clear,10,2
392,54,2026-04-15 01:00:00,15,2,0,breakfast,clear,8,1
393,54,2026-04-15 16:00:00,15,2,0,dinner,clear,5,5
394,54,2026-06-11 21:00:00,11,3,0,late_night,clear,14,1
395,55,2026-05-22 02:00:00,22,4,0,late_night,clear,1,1
396,56,2026-05-25 18:00:00,25,0,1,dinner,clear,8,1
397,56,2026-05-08 03:00:00,8,4,0,lunch,clear,10,1
398,56,2026-04-22 15:00:00,22,2,0,breakfast,clear,8,1
399,56,2026-03-18 10:00:00,18,2,0,breakfast,extreme,6,4
400,56,2026-04-27 12:00:00,27,0,1,lunch,rain,4,1
401,56,2026-03-17 11:00:00,17,1,0,dinner,rain,14,4
402,56,2026-05-09 02:00:00,9,5,0,breakfast,rain,7,1
403,56,2026-04-18 18:00:00,18,5,0,lunch,rain,5,1
404,56,2026-01-14 06:00:00,14,2,0,breakfast,rain,13,1
405,56,2026-01-03 23:00:00,3,5,1,breakfast,clear,9,1
406,56,2026-05-30 20:00:00,30,5,1,lunch,clear,9,4
407,56,2026-06-29 06:00:00,29,0,1,breakfast,rain,12,1
408,56,2026-04-09 17:00:00,9,3,0,breakfast,clear,12,1
409,56,2026-05-13 01:00:00,13,2,0,late_night,clear,1,2
410,57,2026-04-13 22:00:00,13,0,0,dinner,clear,9,3
411,57,2026-05-03 06:00:00,3,6,1,late_night,rain,12,4
412,57,2026-02-22 15:00:00,22,6,0,late_night,extreme,12,1
413,57,2026-04-22 13:00:00,22,2,0,lunch,clear,14,1
414,57,2026-03-05 08:00:00,5,3,1,late_night,clear,12,2
415,57,2026-03-14 14:00:00,14,5,0,lunch,clear,6,1
416,57,2026-05-12 15:00:00,12,1,0,breakfast,clear,5,1
417,57,2026-01-29 07:00:00,29,3,1,dinner,extreme,9,1
418,57,2026-02-13 16:00:00,13,4,0,dinner,rain,5,2
419,57,2026-04-04 12:00:00,4,5,1,late_night,clear,4,1
420,58,2026-02-04 19:00:00,4,2,1,lunch,clear,9,1
421,58,2026-05-28 13:00:00,28,3,1,dinner,clear,4,2
422,58,2026-03-08 09:00:00,8,6,0,lunch,clear,6,3
423,58,2026-02-09 09:00:00,9,0,0,breakfast,extreme,9,1
424,58,2026-04-10 05:00:00,10,4,0,lunch,rain,13,1
425,58,2026-03-21 02:00:00,21,5,0,lunch,rain,8,1
426,58,2026-06-08 20:00:00,8,0,0,lunch,clear,5,1
427,58,2026-05-23 12:00:00,23,5,0,breakfast,clear,13,2
428,58,2026-02-12 07:00:00,12,3,0,lunch,clear,5,1
429,58,2026-05-17 23:00:00,17,6,0,lunch,clear,3,1
430,58,2026-01-02 13:00:00,2,4,1,lunch,extreme,3,2
431,58,2026-03-08 15:00:00,8,6,0,dinner,clear,1,3
432,59,2026-04-02 20:00:00,2,3,1,dinner,clear,3,1
433,59,2026-06-17 00:00:00,17,2,0,late_night,clear,14,2
434,59,2026-04-11 18:00:00,11,5,0,lunch,clear,4,1
435,59,2026-03-20 12:00:00,20,4,0,lunch,clear,6,1
436,59,2026-03-29 12:00:00,29,6,1,breakfast,clear,7,2
437,59,2026-02-26 10:00:00,26,3,1,late_night,rain,13,1
438,59,2026-04-01 21:00:00,1,2,1,dinner,clear,9,1
439,59,2026-02-23 16:00:00,23,0,0,late_night,clear,6,1
440,59,2026-03-04 18:00:00,4,2,1,breakfast,clear,13,2
441,59,2026-03-24 18:00:00,24,1,0,late_night,clear,12,2
442,60,2026-04-02 04:00:00,2,3,1,dinner,clear,12,2
443,60,2026-06-26 00:00:00,26,4,1,dinner,clear,7,1
444,60,2026-04-01 16:00:00,1,2,1,lunch,rain,12,3
445,60,2026-01-17 19:00:00,17,5,0,lunch,clear,12,2
446,60,2026-01-15 05:00:00,15,3,0,breakfast,clear,14,1
447,60,2026-03-08 10:00:00,8,6,0,breakfast,clear,12,1
448,60,2026-03-01 10:00:00,1,6,1,breakfast,clear,11,1
449,60,2026-04-28 17:00:00,28,1,1,lunch,clear,10,1
450,60,2026-01-08 10:00:00,8,3,0,late_night,extreme,10,5
451,60,2026-04-10 16:00:00,10,4,0,dinner,clear,6,2
452,60,2026-03-17 11:00:00,17,1,0,late_night,extreme,10,1
453,60,2026-06-03 08:00:00,3,2,1,lunch,clear,9,1
454,61,2026-04-18 05:00:00,18,5,0,breakfast,clear,4,1
455,61,2026-06-25 03:00:00,25,3,1,breakfast,rain,9,1
456,62,2026-02-19 23:00:00,19,3,0,breakfast,clear,11,2
457,62,2026-05-05 11:00:00,5,1,1,late_night,clear,13,2
458,62,2026-04-15 03:00:00,15,2,0,dinner,clear,4,2
459,63,2026-04-12 04:00:00,12,6,0,lunch,clear,14,1
460,63,2026-03-23 11:00:00,23,0,0,late_night,rain,11,4
461,63,2026-04-18 11:00:00,18,5,0,dinner,clear,3,1
462,63,2026-04-18 04:00:00,18,5,0,breakfast,clear,9,3
463,63,2026-01-21 02:00:00,21,2,0,breakfast,clear,7,1
464,63,2026-03-29 22:00:00,29,6,1,breakfast,clear,11,1
465,63,2026-01-20 13:00:00,20,1,0,breakfast,clear,7,3
466,63,2026-05-29 12:00:00,29,4,1,lunch,clear,13,1
467,63,2026-06-28 14:00:00,28,6,1,late_night,rain,12,1
468,63,2026-02-01 20:00:00,1,6,1,late_night,clear,6,1
469,63,2026-01-11 09:00:00,11,6,0,breakfast,clear,4,2
470,64,2026-03-23 05:00:00,23,0,0,dinner,extreme,12,1
471,64,2026-03-18 23:00:00,18,2,0,dinner,clear,9,1
472,64,2026-05-11 12:00:00,11,0,0,dinner,clear,13,2
473,64,2026-01-13 19:00:00,13,1,0,dinner,extreme,14,1
474,64,2026-06-01 01:00:00,1,0,1,dinner,clear,3,3
475,64,2026-03-05 15:00:00,5,3,1,breakfast,clear,14,1
476,65,2026-02-20 15:00:00,20,4,0,lunch,rain,10,2
477,65,2026-05-06 17:00:00,6,2,1,late_night,clear,13,2
478,65,2026-02-12 15:00:00,12,3,0,lunch,clear,4,4
479,65,2026-01-12 02:00:00,12,0,0,late_night,clear,3,1
480,65,2026-04-26 02:00:00,26,6,1,breakfast,clear,12,5
481,66,2026-03-28 00:00:00,28,5,1,dinner,rain,8,1
482,66,2026-03-09 13:00:00,9,0,0,dinner,clear,6,1
483,66,2026-03-29 19:00:00,29,6,1,late_night,clear,7,1
484,66,2026-02-03 19:00:00,3,1,1,lunch,extreme,10,2
485,67,2026-01-31 09:00:00,31,5,1,breakfast,clear,2,1
486,67,2026-03-22 01:00:00,22,6,0,dinner,clear,12,1
487,67,2026-06-27 06:00:00,27,5,1,dinner,clear,11,5
488,67,2026-05-04 09:00:00,4,0,1,breakfast,clear,13,3
489,67,2026-05-06 18:00:00,6,2,1,dinner,clear,3,2
490,68,2026-05-09 01:00:00,9,5,0,breakfast,clear,9,1
491,68,2026-02-08 05:00:00,8,6,0,late_night,clear,11,1
492,68,2026-02-12 16:00:00,12,3,0,breakfast,clear,3,5
493,68,2026-05-30 13:00:00,30,5,1,dinner,clear,4,1
494,68,2026-05-14 17:00:00,14,3,0,dinner,clear,6,4
495,68,2026-01-11 16:00:00,11,6,0,late_night,clear,12,4
496,68,2026-05-03 08:00:00,3,6,1,dinner,clear,3,1
497,68,2026-01-25 20:00:00,25,6,1,lunch,clear,9,1
498,68,2026-05-01 16:00:00,1,4,1,dinner,rain,6,4
499,68,2026-04-28 18:00:00,28,1,1,dinner,clear,3,2
500,69,2026-06-02 05:00:00,2,1,1,breakfast,rain,7,1
501,69,2026-04-18 15:00:00,18,5,0,lunch,clear,9,1
502,69,2026-05-26 20:00:00,26,1,1,lunch,clear,5,2
503,69,2026-03-01 23:00:00,1,6,1,lunch,clear,9,1
504,69,2026-01-18 02:00:00,18,6,0,dinner,rain,8,1
505,69,2026-02-02 10:00:00,2,0,1,lunch,clear,5,4
506,69,2026-03-11 21:00:00,11,2,0,lunch,clear,8,2
507,69,2026-06-22 06:00:00,22,0,0,lunch,rain,12,3
508,69,2026-04-25 14:00:00,25,5,1,breakfast,clear,1,5
509,69,2026-05-07 00:00:00,7,3,1,dinner,clear,11,1
510,69,2026-06-24 01:00:00,24,2,0,lunch,clear,12,1
511,69,2026-05-27 06:00:00,27,2,1,late_night,clear,10,2
512,69,2026-02-02 22:00:00,2,0,1,breakfast,clear,13,5
513,70,2026-04-10 18:00:00,10,4,0,late_night,rain,3,2
514,70,2026-04-28 10:00:00,28,1,1,dinner,clear,7,1
515,70,2026-01-20 12:00:00,20,1,0,lunch,rain,1,3
516,70,2026-04-08 09:00:00,8,2,0,late_night,rain,14,3
517,70,2026-06-04 21:00:00,4,3,1,late_night,rain,5,1
518,70,2026-01-03 23:00:00,3,5,1,dinner,clear,9,1
519,70,2026-04-08 00:00:00,8,2,0,late_night,clear,3,1
520,70,2026-05-20 07:00:00,20,2,0,lunch,rain,14,1
521,70,2026-04-21 20:00:00,21,1,0,dinner,extreme,9,2
522,70,2026-02-16 17:00:00,16,0,0,breakfast,rain,4,2
523,70,2026-03-29 01:00:00,29,6,1,late_night,rain,1,5
524,70,2026-04-22 14:00:00,22,2,0,lunch,clear,3,1
525,70,2026-02-10 19:00:00,10,1,0,lunch,clear,2,2
526,70,2026-01-16 16:00:00,16,4,0,dinner,clear,13,1
527,71,2026-01-20 16:00:00,20,1,0,dinner,clear,6,1
528,71,2026-04-29 19:00:00,29,2,1,lunch,clear,9,2
529,71,2026-06-12 10:00:00,12,4,0,dinner,clear,10,1
530,71,2026-03-06 10:00:00,6,4,1,late_night,clear,12,4
531,71,2026-01-01 16:00:00,1,3,1,dinner,clear,3,1
532,71,2026-01-23 23:00:00,23,4,0,dinner,extreme,8,1
533,72,2026-01-28 06:00:00,28,2,1,late_night,rain,6,1
534,73,2026-06-18 04:00:00,18,3,0,lunch,rain,8,1
535,73,2026-04-26 13:00:00,26,6,1,late_night,clear,10,2
536,74,2026-06-19 17:00:00,19,4,0,late_night,clear,1,3
537,74,2026-06-07 15:00:00,7,6,1,late_night,extreme,12,1
538,74,2026-01-21 16:00:00,21,2,0,breakfast,clear,13,1
539,74,2026-05-08 05:00:00,8,4,0,dinner,extreme,13,4
540,74,2026-05-20 11:00:00,20,2,0,lunch,clear,10,5
541,74,2026-01-25 22:00:00,25,6,1,breakfast,clear,9,4
542,74,2026-02-19 21:00:00,19,3,0,dinner,clear,14,1
543,74,2026-04-17 09:00:00,17,4,0,breakfast,extreme,7,1
544,74,2026-01-03 15:00:00,3,5,1,dinner,clear,13,1
545,74,2026-02-21 19:00:00,21,5,0,dinner,clear,8,2
546,74,2026-01-13 03:00:00,13,1,0,lunch,extreme,11,1
547,75,2026-01-11 18:00:00,11,6,0,breakfast,rain,6,1
548,75,2026-03-12 16:00:00,12,3,0,dinner,clear,12,3
549,75,2026-04-19 10:00:00,19,6,0,lunch,rain,14,1
550,75,2026-04-05 08:00:00,5,6,1,lunch,rain,5,3
551,75,2026-04-22 10:00:00,22,2,0,dinner,rain,5,2
552,75,2026-02-21 23:00:00,21,5,0,lunch,clear,11,1
553,75,2026-04-06 10:00:00,6,0,1,breakfast,clear,7,3
554,75,2026-06-25 04:00:00,25,3,1,late_night,clear,13,1
555,75,2026-01-28 16:00:00,28,2,1,dinner,extreme,13,2
556,75,2026-03-15 18:00:00,15,6,0,breakfast,clear,5,2
557,76,2026-03-04 15:00:00,4,2,1,lunch,clear,7,1
558,76,2026-01-11 19:00:00,11,6,0,lunch,clear,10,1
559,76,2026-03-25 02:00:00,25,2,1,breakfast,clear,1,3
560,76,2026-05-24 06:00:00,24,6,0,lunch,clear,14,1
561,76,2026-06-19 19:00:00,19,4,0,late_night,extreme,4,2
562,76,2026-06-10 01:00:00,10,2,0,dinner,clear,14,1
563,76,2026-04-18 21:00:00,18,5,0,late_night,rain,5,1
564,76,2026-06-09 22:00:00,9,1,0,dinner,clear,6,5
565,76,2026-03-04 17:00:00,4,2,1,lunch,clear,12,2
566,76,2026-02-06 06:00:00,6,4,1,breakfast,clear,8,1
567,76,2026-02-07 00:00:00,7,5,1,late_night,clear,12,1
568,76,2026-03-05 15:00:00,5,3,1,breakfast,clear,1,1
569,76,2026-06-23 03:00:00,23,1,0,late_night,clear,12,1
570,77,2026-01-24 12:00:00,24,5,0,dinner,clear,7,1
571,77,2026-01-23 17:00:00,23,4,0,dinner,clear,7,2
572,77,2026-01-11 14:00:00,11,6,0,breakfast,clear,6,1
573,77,2026-06-23 06:00:00,23,1,0,dinner,rain,1,1
574,77,2026-03-01 09:00:00,1,6,1,dinner,clear,10,4
575,77,2026-02-23 05:00:00,23,0,0,lunch,rain,7,2
576,77,2026-04-07 22:00:00,7,1,1,lunch,clear,12,1
577,77,2026-04-08 00:00:00,8,2,0,late_night,rain,6,1
578,77,2026-02-15 18:00:00,15,6,0,late_night,clear,5,1
579,77,2026-06-05 09:00:00,5,4,1,breakfast,clear,4,2
580,77,2026-01-03 22:00:00,3,5,1,lunch,extreme,6,2
581,77,2026-03-07 17:00:00,7,5,1,dinner,clear,10,1
582,77,2026-06-10 21:00:00,10,2,0,dinner,clear,12,1
583,77,2026-03-20 15:00:00,20,4,0,lunch,extreme,6,3
584,78,2026-03-19 17:00:00,19,3,0,late_night,rain,10,1
585,78,2026-05-12 21:00:00,12,1,0,late_night,clear,6,1
586,78,2026-05-17 00:00:00,17,6,0,late_night,extreme,3,2
587,78,2026-04-07 01:00:00,7,1,1,dinner,extreme,14,2
588,78,2026-02-12 06:00:00,12,3,0,late_night,rain,5,1
589,78,2026-06-21 05:00:00,21,6,0,late_night,rain,3,1
590,78,2026-06-12 21:00:00,12,4,0,dinner,extreme,12,1
591,78,2026-06-07 11:00:00,7,6,1,dinner,extreme,10,1
592,78,2026-06-08 07:00:00,8,0,0,dinner,clear,9,1
593,78,2026-02-03 10:00:00,3,1,1,late_night,clear,6,1
594,78,2026-04-19 15:00:00,19,6,0,breakfast,clear,3,1
595,78,2026-01-01 00:00:00,1,3,1,dinner,clear,10,2
596,79,2026-01-18 05:00:00,18,6,0,breakfast,clear,9,1
597,80,2026-04-23 18:00:00,23,3,0,dinner,clear,3,1
598,81,2026-02-12 04:00:00,12,3,0,late_night,rain,1,1
599,81,2026-02-03 01:00:00,3,1,1,lunch,clear,8,1
600,81,2026-04-15 00:00:00,15,2,0,late_night,rain,13,4
601,81,2026-04-28 21:00:00,28,1,1,lunch,clear,2,1
602,81,2026-02-25 13:00:00,25,2,1,breakfast,extreme,14,1
603,81,2026-06-04 00:00:00,4,3,1,dinner,clear,10,1
604,81,2026-01-05 04:00:00,5,0,1,dinner,clear,2,4
605,82,2026-01-30 05:00:00,30,4,1,breakfast,clear,4,4
606,82,2026-05-29 10:00:00,29,4,1,dinner,extreme,6,1
607,82,2026-06-12 08:00:00,12,4,0,breakfast,clear,3,2
608,82,2026-04-14 21:00:00,14,1,0,dinner,clear,3,1
609,82,2026-01-30 19:00:00,30,4,1,late_night,clear,4,1
610,82,2026-04-26 21:00:00,26,6,1,dinner,clear,4,1
611,82,2026-06-07 23:00:00,7,6,1,lunch,extreme,7,1
612,82,2026-05-16 10:00:00,16,5,0,breakfast,clear,7,1
613,82,2026-03-20 08:00:00,20,4,0,late_night,clear,4,2
614,83,2026-03-26 15:00:00,26,3,1,lunch,rain,13,2
615,83,2026-04-27 14:00:00,27,0,1,breakfast,rain,7,1
616,83,2026-01-07 17:00:00,7,2,1,lunch,rain,2,1
617,83,2026-01-06 16:00:00,6,1,1,breakfast,clear,2,1
618,83,2026-03-14 12:00:00,14,5,0,late_night,clear,3,1
619,83,2026-04-16 09:00:00,16,3,0,breakfast,clear,10,1
620,83,2026-03-04 05:00:00,4,2,1,breakfast,clear,1,3
621,83,2026-05-21 05:00:00,21,3,0,breakfast,clear,11,2
622,83,2026-03-03 10:00:00,3,1,1,lunch,clear,2,2
623,83,2026-04-16 08:00:00,16,3,0,lunch,clear,5,1
624,83,2026-01-01 01:00:00,1,3,1,dinner,clear,12,1
625,84,2026-04-05 05:00:00,5,6,1,dinner,clear,13,3
626,84,2026-02-25 21:00:00,25,2,1,dinner,rain,8,1
627,84,2026-01-21 03:00:00,21,2,0,dinner,clear,6,5
628,85,2026-03-26 01:00:00,26,3,1,breakfast,clear,2,2
629,85,2026-03-20 19:00:00,20,4,0,dinner,rain,12,1
630,85,2026-02-17 09:00:00,17,1,0,breakfast,clear,7,1
631,85,2026-05-18 05:00:00,18,0,0,lunch,clear,2,2
632,85,2026-06-18 10:00:00,18,3,0,late_night,clear,11,1
633,85,2026-02-15 08:00:00,15,6,0,dinner,clear,4,1
634,86,2026-06-24 08:00:00,24,2,0,dinner,clear,1,2
635,86,2026-04-11 07:00:00,11,5,0,breakfast,extreme,14,2
636,86,2026-01-17 19:00:00,17,5,0,lunch,clear,8,1
637,86,2026-05-13 08:00:00,13,2,0,dinner,extreme,3,5
638,86,2026-05-06 12:00:00,6,2,1,dinner,extreme,8,2
639,87,2026-01-30 15:00:00,30,4,1,late_night,clear,6,1
640,87,2026-01-04 15:00:00,4,6,1,late_night,clear,13,2
641,87,2026-06-03 05:00:00,3,2,1,breakfast,clear,5,1
642,87,2026-04-02 14:00:00,2,3,1,dinner,extreme,11,1
643,87,2026-04-19 01:00:00,19,6,0,late_night,extreme,13,1
644,87,2026-06-12 17:00:00,12,4,0,breakfast,clear,13,1
645,87,2026-02-10 08:00:00,10,1,0,late_night,extreme,4,3
646,87,2026-03-02 11:00:00,2,0,1,dinner,clear,11,1
647,87,2026-01-23 05:00:00,23,4,0,late_night,clear,3,1
648,88,2026-01-20 04:00:00,20,1,0,dinner,clear,1,2
649,88,2026-02-22 10:00:00,22,6,0,breakfast,clear,2,1
650,88,2026-02-16 00:00:00,16,0,0,late_night,clear,14,1
651,88,2026-02-24 19:00:00,24,1,0,breakfast,clear,14,1
652,88,2026-04-28 10:00:00,28,1,1,dinner,clear,1,2
653,88,2026-01-21 19:00:00,21,2,0,late_night,rain,4,2
654,88,2026-01-27 12:00:00,27,1,1,lunch,extreme,5,1
655,88,2026-02-14 05:00:00,14,5,0,late_night,clear,2,4
656,88,2026-04-17 03:00:00,17,4,0,lunch,extreme,2,2
657,88,2026-03-11 23:00:00,11,2,0,dinner,rain,10,1
658,88,2026-01-30 05:00:00,30,4,1,breakfast,clear,8,1
659,88,2026-03-02 12:00:00,2,0,1,breakfast,clear,1,1
660,89,2026-05-27 17:00:00,27,2,1,breakfast,clear,5,1
661,89,2026-03-06 01:00:00,6,4,1,lunch,clear,13,1
662,89,2026-05-16 23:00:00,16,5,0,late_night,clear,4,2
663,89,2026-04-03 23:00:00,3,4,1,breakfast,clear,8,1
664,90,2026-02-15 08:00:00,15,6,0,dinner,clear,14,3
665,90,2026-06-10 22:00:00,10,2,0,breakfast,rain,3,5
666,90,2026-06-11 05:00:00,11,3,0,lunch,rain,8,2
667,90,2026-01-02 19:00:00,2,4,1,lunch,clear,5,2
668,91,2026-03-03 06:00:00,3,1,1,dinner,clear,14,3
669,91,2026-03-24 08:00:00,24,1,0,dinner,clear,11,1
670,91,2026-06-24 00:00:00,24,2,0,dinner,clear,11,3
671,91,2026-04-18 15:00:00,18,5,0,late_night,clear,7,1
672,91,2026-05-30 22:00:00,30,5,1,dinner,rain,3,2
673,91,2026-05-04 12:00:00,4,0,1,late_night,clear,10,2
674,91,2026-05-15 18:00:00,15,4,0,dinner,extreme,6,1
675,92,2026-01-14 20:00:00,14,2,0,late_night,rain,3,4
676,92,2026-01-12 19:00:00,12,0,0,breakfast,extreme,9,1
677,92,2026-04-20 01:00:00,20,0,0,breakfast,rain,11,3
678,92,2026-02-26 09:00:00,26,3,1,lunch,clear,3,1
679,92,2026-03-22 19:00:00,22,6,0,late_night,clear,8,1
680,92,2026-03-31 08:00:00,31,1,1,breakfast,rain,7,5
681,93,2026-04-18 19:00:00,18,5,0,lunch,clear,3,2
682,93,2026-04-02 20:00:00,2,3,1,lunch,clear,1,2
683,93,2026-05-30 08:00:00,30,5,1,lunch,clear,3,1
684,93,2026-04-01 23:00:00,1,2,1,late_night,clear,14,2
685,94,2026-03-10 11:00:00,10,1,0,late_night,extreme,9,1
686,94,2026-01-10 03:00:00,10,5,0,breakfast,clear,2,2
687,94,2026-01-14 10:00:00,14,2,0,breakfast,clear,4,2
688,95,2026-06-18 13:00:00,18,3,0,lunch,clear,3,3
689,95,2026-02-18 12:00:00,18,2,0,late_night,clear,6,2
690,95,2026-04-29 09:00:00,29,2,1,dinner,clear,10,5
691,95,2026-05-14 13:00:00,14,3,0,dinner,clear,14,2
692,95,2026-04-01 20:00:00,1,2,1,breakfast,clear,6,1
693,95,2026-01-19 14:00:00,19,0,0,breakfast,clear,14,1
694,95,2026-06-21 03:00:00,21,6,0,lunch,clear,11,4
695,95,2026-04-17 21:00:00,17,4,0,dinner,rain,11,1
696,95,2026-01-30 15:00:00,30,4,1,late_night,clear,10,1
697,95,2026-03-23 00:00:00,23,0,0,late_night,clear,12,2
698,96,2026-02-09 07:00:00,9,0,0,dinner,clear,3,1
699,96,2026-05-23 08:00:00,23,5,0,dinner,clear,8,1
700,96,2026-06-25 23:00:00,25,3,1,dinner,extreme,3,2
701,96,2026-05-08 19:00:00,8,4,0,lunch,clear,9,2
702,96,2026-04-04 20:00:00,4,5,1,dinner,rain,11,1
703,96,2026-06-23 23:00:00,23,1,0,dinner,rain,14,2
704,96,2026-04-03 20:00:00,3,4,1,dinner,clear,9,4
705,96,2026-04-08 04:00:00,8,2,0,breakfast,clear,12,1
706,96,2026-04-22 12:00:00,22,2,0,dinner,clear,9,2
707,96,2026-03-30 09:00:00,30,0,1,dinner,clear,10,1
708,96,2026-06-12 03:00:00,12,4,0,dinner,rain,3,1
709,96,2026-03-18 18:00:00,18,2,0,dinner,clear,11,4
710,96,2026-03-15 18:00:00,15,6,0,dinner,clear,2,1
711,97,2026-03-24 17:00:00,24,1,0,lunch,clear,13,1
712,97,2026-03-06 04:00:00,6,4,1,dinner,rain,10,1
713,97,2026-01-28 16:00:00,28,2,1,lunch,clear,1,2
714,97,2026-04-12 03:00:00,12,6,0,lunch,clear,13,1
715,97,2026-03-31 15:00:00,31,1,1,dinner,clear,2,3
716,97,2026-04-22 14:00:00,22,2,0,lunch,extreme,4,1
717,97,2026-06-20 22:00:00,20,5,0,late_night,clear,9,4
718,98,2026-06-18 10:00:00,18,3,0,breakfast,clear,5,1
719,98,2026-04-12 15:00:00,12,6,0,breakfast,clear,6,1
720,98,2026-02-02 19:00:00,2,0,1,lunch,clear,9,3
721,98,2026-04-28 19:00:00,28,1,1,dinner,clear,8,1
722,98,2026-03-12 13:00:00,12,3,0,dinner,rain,4,1
723,98,2026-01-19 08:00:00,19,0,0,breakfast,clear,9,1
724,98,2026-03-29 18:00:00,29,6,1,late_night,clear,13,4
725,98,2026-06-19 12:00:00,19,4,0,breakfast,rain,7,2
726,98,2026-01-18 16:00:00,18,6,0,late_night,clear,6,1
727,98,2026-06-27 13:00:00,27,5,1,lunch,extreme,8,1
728,98,2026-03-15 15:00:00,15,6,0,late_night,rain,10,5
729,98,2026-02-17 19:00:00,17,1,0,late_night,rain,1,5
730,98,2026-02-06 00:00:00,6,4,1,dinner,clear,9,1
731,98,2026-03-11 21:00:00,11,2,0,dinner,clear,12,1
732,99,2026-01-30 02:00:00,30,4,1,late_night,clear,2,2
733,99,2026-04-27 06:00:00,27,0,1,breakfast,clear,4,1
734,99,2026-05-31 21:00:00,31,6,1,lunch,clear,14,1
735,99,2026-02-02 21:00:00,2,0,1,lunch,clear,9,2
736,100,2026-02-08 06:00:00,8,6,0,breakfast,rain,3,2
737,100,2026-01-20 20:00:00,20,1,0,late_night,clear,11,2
738,100,2026-04-15 23:00:00,15,2,0,late_night,clear,6,1
739,101,2026-06-19 10:00:00,19,4,0,breakfast,extreme,4,2
740,101,2026-04-17 21:00:00,17,4,0,lunch,clear,1,2
741,101,2026-02-27 09:00:00,27,4,1,dinner,clear,13,2
742,101,2026-03-22 17:00:00,22,6,0,lunch,rain,13,4
743,101,2026-01-12 14:00:00,12,0,0,dinner,clear,3,1
744,102,2026-03-07 05:00:00,7,5,1,late_night,clear,7,1
745,102,2026-04-17 05:00:00,17,4,0,dinner,rain,13,1
746,102,2026-04-27 05:00:00,27,0,1,breakfast,extreme,7,2
747,102,2026-02-21 19:00:00,21,5,0,breakfast,rain,10,1
748,102,2026-06-06 08:00:00,6,5,1,late_night,clear,12,1
749,102,2026-01-02 20:00:00,2,4,1,lunch,clear,11,1
750,103,2026-01-08 06:00:00,8,3,0,breakfast,clear,10,1
751,103,2026-05-07 12:00:00,7,3,1,late_night,clear,7,1
752,103,2026-01-01 21:00:00,1,3,1,dinner,extreme,14,2
753,103,2026-02-26 00:00:00,26,3,1,breakfast,clear,10,1
754,103,2026-01-03 11:00:00,3,5,1,late_night,clear,8,3
755,103,2026-06-11 16:00:00,11,3,0,late_night,clear,8,1
756,104,2026-06-17 00:00:00,17,2,0,breakfast,clear,3,2
757,104,2026-02-24 09:00:00,24,1,0,breakfast,clear,8,1
758,105,2026-01-21 13:00:00,21,2,0,dinner,rain,14,4
759,105,2026-05-15 17:00:00,15,4,0,lunch,rain,7,4
760,105,2026-05-11 16:00:00,11,0,0,lunch,rain,1,1
761,105,2026-04-02 21:00:00,2,3,1,lunch,clear,2,4
762,105,2026-06-07 05:00:00,7,6,1,dinner,clear,14,1
763,105,2026-03-17 23:00:00,17,1,0,dinner,clear,13,1
764,105,2026-04-28 06:00:00,28,1,1,lunch,clear,4,3
765,105,2026-01-10 03:00:00,10,5,0,dinner,clear,7,2
766,106,2026-01-11 05:00:00,11,6,0,breakfast,clear,6,1
767,107,2026-05-24 21:00:00,24,6,0,late_night,clear,3,1
768,107,2026-03-07 21:00:00,7,5,1,dinner,clear,6,2
769,107,2026-05-26 16:00:00,26,1,1,lunch,clear,5,1
770,107,2026-03-06 11:00:00,6,4,1,late_night,clear,10,1
771,107,2026-04-29 08:00:00,29,2,1,lunch,clear,14,2
772,107,2026-06-25 02:00:00,25,3,1,breakfast,extreme,12,2
773,107,2026-02-18 01:00:00,18,2,0,late_night,clear,5,3
774,108,2026-06-19 00:00:00,19,4,0,lunch,rain,10,1
775,108,2026-01-30 21:00:00,30,4,1,breakfast,clear,12,1
776,108,2026-02-17 05:00:00,17,1,0,dinner,clear,4,2
777,108,2026-03-14 03:00:00,14,5,0,lunch,clear,8,4
778,108,2026-06-15 20:00:00,15,0,0,breakfast,clear,2,4
779,108,2026-04-07 07:00:00,7,1,1,dinner,clear,12,1
780,108,2026-02-04 14:00:00,4,2,1,dinner,rain,6,5
781,108,2026-03-17 12:00:00,17,1,0,dinner,rain,7,2
782,108,2026-05-04 01:00:00,4,0,1,late_night,clear,7,1
783,108,2026-05-26 18:00:00,26,1,1,dinner,rain,13,2
784,108,2026-05-31 19:00:00,31,6,1,late_night,clear,4,1
785,108,2026-04-30 09:00:00,30,3,1,lunch,rain,13,1
786,108,2026-01-09 00:00:00,9,4,0,breakfast,clear,4,2
787,109,2026-06-12 00:00:00,12,4,0,breakfast,rain,14,1
788,109,2026-05-12 11:00:00,12,1,0,breakfast,clear,10,3
789,109,2026-04-22 17:00:00,22,2,0,dinner,rain,8,1
790,109,2026-04-01 06:00:00,1,2,1,breakfast,rain,2,3
791,109,2026-03-27 22:00:00,27,4,1,lunch,clear,6,2
792,109,2026-05-01 11:00:00,1,4,1,dinner,clear,14,2
793,109,2026-01-16 23:00:00,16,4,0,dinner,clear,2,2
794,109,2026-03-19 19:00:00,19,3,0,dinner,clear,3,1
795,109,2026-06-17 05:00:00,17,2,0,lunch,clear,14,2
796,109,2026-02-21 09:00:00,21,5,0,breakfast,clear,11,1
797,109,2026-02-07 08:00:00,7,5,1,lunch,clear,11,3
798,109,2026-02-27 04:00:00,27,4,1,lunch,clear,10,1
799,109,2026-04-09 21:00:00,9,3,0,breakfast,clear,2,1
800,110,2026-02-23 07:00:00,23,0,0,breakfast,clear,7,1
801,110,2026-03-28 21:00:00,28,5,1,lunch,rain,10,1
802,110,2026-02-18 13:00:00,18,2,0,dinner,clear,10,3
803,110,2026-05-27 18:00:00,27,2,1,breakfast,clear,5,1
804,111,2026-04-01 01:00:00,1,2,1,late_night,clear,6,1
805,111,2026-03-05 01:00:00,5,3,1,dinner,clear,13,2
806,111,2026-04-10 19:00:00,10,4,0,dinner,clear,14,2
807,111,2026-05-04 22:00:00,4,0,1,late_night,rain,10,3
808,111,2026-04-09 21:00:00,9,3,0,late_night,clear,2,5
809,111,2026-05-25 17:00:00,25,0,1,breakfast,clear,11,2
810,111,2026-03-16 08:00:00,16,0,0,late_night,clear,6,2
811,111,2026-05-16 02:00:00,16,5,0,dinner,clear,3,1
812,111,2026-04-13 22:00:00,13,0,0,breakfast,clear,10,2
813,111,2026-02-11 11:00:00,11,2,0,late_night,clear,12,1
814,111,2026-04-29 14:00:00,29,2,1,lunch,clear,2,3
815,111,2026-02-23 06:00:00,23,0,0,lunch,clear,5,3
816,112,2026-04-09 09:00:00,9,3,0,breakfast,clear,14,1
817,112,2026-01-19 10:00:00,19,0,0,lunch,rain,11,1
818,112,2026-06-09 09:00:00,9,1,0,dinner,rain,4,2
819,113,2026-02-22 09:00:00,22,6,0,lunch,clear,13,1
820,113,2026-06-17 16:00:00,17,2,0,breakfast,rain,10,2
821,113,2026-01-18 17:00:00,18,6,0,dinner,rain,9,1
822,113,2026-04-10 23:00:00,10,4,0,late_night,extreme,11,2
823,113,2026-03-17 06:00:00,17,1,0,dinner,clear,6,1
824,113,2026-01-17 04:00:00,17,5,0,breakfast,rain,4,1
825,113,2026-06-02 03:00:00,2,1,1,dinner,clear,14,1
826,113,2026-01-02 21:00:00,2,4,1,lunch,rain,4,4
827,113,2026-02-26 04:00:00,26,3,1,lunch,clear,3,2
828,113,2026-03-24 04:00:00,24,1,0,dinner,clear,3,2
829,113,2026-02-03 10:00:00,3,1,1,lunch,extreme,12,1
830,114,2026-05-12 20:00:00,12,1,0,late_night,clear,3,2
831,114,2026-03-18 07:00:00,18,2,0,dinner,clear,6,2
832,114,2026-06-18 13:00:00,18,3,0,dinner,extreme,11,2
833,114,2026-02-20 06:00:00,20,4,0,lunch,rain,11,1
834,114,2026-04-04 15:00:00,4,5,1,lunch,clear,7,2
835,114,2026-03-08 10:00:00,8,6,0,dinner,clear,5,2
836,115,2026-05-17 12:00:00,17,6,0,late_night,clear,14,1
837,115,2026-06-28 16:00:00,28,6,1,breakfast,rain,8,3
838,115,2026-04-25 08:00:00,25,5,1,dinner,clear,12,1
839,115,2026-05-02 01:00:00,2,5,1,lunch,clear,2,1
840,115,2026-04-29 08:00:00,29,2,1,dinner,extreme,9,1
841,115,2026-02-11 00:00:00,11,2,0,breakfast,clear,8,1
842,115,2026-02-23 10:00:00,23,0,0,breakfast,clear,8,4
843,115,2026-03-04 15:00:00,4,2,1,lunch,clear,11,4
844,115,2026-02-25 23:00:00,25,2,1,lunch,rain,9,1
845,116,2026-04-09 11:00:00,9,3,0,dinner,rain,10,1
846,116,2026-04-06 23:00:00,6,0,1,late_night,clear,7,3
847,116,2026-01-26 09:00:00,26,0,1,dinner,clear,11,1
848,116,2026-01-31 00:00:00,31,5,1,late_night,rain,14,5
849,117,2026-05-02 17:00:00,2,5,1,dinner,clear,3,1
850,117,2026-04-26 00:00:00,26,6,1,lunch,clear,11,1
851,118,2026-05-21 18:00:00,21,3,0,breakfast,clear,12,1
852,118,2026-03-18 13:00:00,18,2,0,breakfast,clear,2,3
853,119,2026-01-23 11:00:00,23,4,0,lunch,clear,12,2
854,119,2026-06-26 16:00:00,26,4,1,late_night,clear,13,1
855,119,2026-02-19 04:00:00,19,3,0,breakfast,clear,12,4
856,120,2026-03-28 04:00:00,28,5,1,dinner,clear,3,1
857,120,2026-05-22 03:00:00,22,4,0,dinner,clear,14,2
858,121,2026-05-11 15:00:00,11,0,0,breakfast,clear,10,3
859,121,2026-04-07 21:00:00,7,1,1,dinner,clear,11,2
860,121,2026-01-08 06:00:00,8,3,0,lunch,clear,6,4
861,121,2026-04-27 07:00:00,27,0,1,late_night,clear,2,1
862,121,2026-06-22 21:00:00,22,0,0,breakfast,clear,10,3
863,121,2026-04-29 03:00:00,29,2,1,late_night,clear,6,1
864,121,2026-03-09 21:00:00,9,0,0,dinner,clear,1,1
865,122,2026-04-29 10:00:00,29,2,1,breakfast,clear,2,1
866,122,2026-05-14 21:00:00,14,3,0,late_night,rain,12,1
867,122,2026-01-31 10:00:00,31,5,1,lunch,clear,3,1
868,122,2026-02-28 07:00:00,28,5,1,dinner,extreme,13,4
869,122,2026-04-22 00:00:00,22,2,0,lunch,clear,8,2
870,122,2026-01-08 12:00:00,8,3,0,lunch,clear,7,1
871,122,2026-05-08 07:00:00,8,4,0,dinner,clear,4,3
872,122,2026-03-10 00:00:00,10,1,0,breakfast,extreme,4,3
873,122,2026-04-10 08:00:00,10,4,0,late_night,clear,12,2
874,123,2026-06-08 06:00:00,8,0,0,lunch,clear,8,2
875,123,2026-04-15 07:00:00,15,2,0,late_night,clear,11,2
876,123,2026-02-21 04:00:00,21,5,0,breakfast,clear,10,1
877,123,2026-02-02 07:00:00,2,0,1,lunch,rain,10,1
878,123,2026-01-20 20:00:00,20,1,0,dinner,clear,12,3
879,123,2026-05-22 13:00:00,22,4,0,breakfast,extreme,10,1
880,123,2026-06-09 04:00:00,9,1,0,late_night,clear,4,2
881,123,2026-05-26 12:00:00,26,1,1,late_night,clear,5,1
882,123,2026-05-13 12:00:00,13,2,0,late_night,clear,4,3
883,123,2026-03-09 21:00:00,9,0,0,lunch,clear,13,2
884,124,2026-02-13 20:00:00,13,4,0,lunch,clear,13,2
885,124,2026-02-14 11:00:00,14,5,0,late_night,rain,14,1
886,124,2026-02-11 11:00:00,11,2,0,late_night,extreme,3,1
887,124,2026-05-03 04:00:00,3,6,1,dinner,rain,7,2
888,124,2026-04-29 06:00:00,29,2,1,dinner,clear,4,2
889,124,2026-01-09 22:00:00,9,4,0,breakfast,clear,13,1
890,125,2026-03-13 12:00:00,13,4,0,late_night,clear,8,1
891,125,2026-01-08 06:00:00,8,3,0,lunch,clear,13,1
892,125,2026-06-22 17:00:00,22,0,0,late_night,rain,1,1
893,125,2026-03-09 09:00:00,9,0,0,breakfast,clear,10,3
894,125,2026-01-13 00:00:00,13,1,0,late_night,rain,14,1
895,125,2026-05-14 21:00:00,14,3,0,dinner,clear,8,1
896,125,2026-01-10 14:00:00,10,5,0,lunch,clear,13,1
897,125,2026-02-02 20:00:00,2,0,1,late_night,clear,12,1
898,125,2026-01-28 07:00:00,28,2,1,lunch,extreme,6,1
899,125,2026-03-25 13:00:00,25,2,1,breakfast,clear,3,1
900,125,2026-05-14 04:00:00,14,3,0,late_night,clear,11,1
901,126,2026-04-13 03:00:00,13,0,0,lunch,clear,6,1
902,126,2026-03-18 17:00:00,18,2,0,breakfast,clear,13,1
903,126,2026-03-14 07:00:00,14,5,0,lunch,clear,13,1
904,126,2026-01-28 22:00:00,28,2,1,breakfast,rain,1,1
905,126,2026-01-04 15:00:00,4,6,1,dinner,rain,3,1
906,126,2026-01-07 07:00:00,7,2,1,dinner,clear,11,1
907,126,2026-01-23 10:00:00,23,4,0,late_night,extreme,8,2
908,126,2026-02-15 11:00:00,15,6,0,breakfast,clear,5,4
909,126,2026-02-09 05:00:00,9,0,0,dinner,clear,5,2
910,126,2026-04-13 18:00:00,13,0,0,dinner,rain,9,2
911,127,2026-06-25 13:00:00,25,3,1,lunch,clear,12,2
912,127,2026-04-07 19:00:00,7,1,1,lunch,clear,1,1
913,128,2026-06-10 15:00:00,10,2,0,dinner,extreme,10,2
914,128,2026-03-01 03:00:00,1,6,1,lunch,clear,7,1
915,128,2026-01-12 18:00:00,12,0,0,lunch,rain,9,2
916,128,2026-06-11 16:00:00,11,3,0,dinner,clear,11,1
917,128,2026-05-18 03:00:00,18,0,0,breakfast,extreme,12,4
918,128,2026-04-29 00:00:00,29,2,1,late_night,rain,14,1
919,128,2026-02-26 13:00:00,26,3,1,late_night,clear,14,4
920,128,2026-03-19 13:00:00,19,3,0,lunch,clear,5,1
921,128,2026-02-15 16:00:00,15,6,0,late_night,clear,5,4
922,128,2026-04-03 04:00:00,3,4,1,breakfast,extreme,6,4
923,128,2026-02-13 19:00:00,13,4,0,dinner,clear,6,2
924,129,2026-06-01 14:00:00,1,0,1,dinner,clear,10,2
925,129,2026-04-28 06:00:00,28,1,1,late_night,clear,11,1
926,129,2026-02-17 07:00:00,17,1,0,late_night,rain,1,1
927,129,2026-02-20 21:00:00,20,4,0,dinner,clear,1,1
928,129,2026-05-23 12:00:00,23,5,0,late_night,clear,8,1
929,129,2026-05-30 22:00:00,30,5,1,lunch,clear,5,2
930,129,2026-02-04 15:00:00,4,2,1,late_night,clear,9,1
931,129,2026-05-30 04:00:00,30,5,1,lunch,clear,11,1
932,130,2026-01-15 03:00:00,15,3,0,late_night,clear,1,1
933,130,2026-03-24 10:00:00,24,1,0,late_night,clear,11,1
934,130,2026-04-22 14:00:00,22,2,0,breakfast,clear,3,2
935,130,2026-06-26 05:00:00,26,4,1,dinner,clear,11,3
936,130,2026-06-19 08:00:00,19,4,0,lunch,clear,10,2
937,130,2026-02-07 07:00:00,7,5,1,late_night,clear,9,1
938,130,2026-03-24 00:00:00,24,1,0,late_night,clear,13,2
939,130,2026-04-05 17:00:00,5,6,1,late_night,clear,1,2
940,130,2026-04-25 17:00:00,25,5,1,breakfast,clear,9,2
941,130,2026-02-28 16:00:00,28,5,1,lunch,clear,6,1
942,130,2026-05-25 04:00:00,25,0,1,breakfast,clear,11,2
943,131,2026-05-02 05:00:00,2,5,1,lunch,rain,1,1
944,131,2026-01-23 06:00:00,23,4,0,lunch,clear,5,1
945,131,2026-02-23 05:00:00,23,0,0,late_night,rain,6,1
946,131,2026-06-14 03:00:00,14,6,0,late_night,rain,7,1
947,131,2026-02-16 15:00:00,16,0,0,breakfast,rain,5,1
948,131,2026-04-20 10:00:00,20,0,0,breakfast,rain,13,3
949,131,2026-04-19 20:00:00,19,6,0,breakfast,extreme,12,1
950,131,2026-02-07 20:00:00,7,5,1,late_night,clear,6,1
951,131,2026-04-18 13:00:00,18,5,0,dinner,clear,6,1
952,131,2026-03-21 16:00:00,21,5,0,late_night,extreme,12,3
953,131,2026-05-25 10:00:00,25,0,1,dinner,clear,4,2
954,131,2026-01-13 11:00:00,13,1,0,dinner,clear,8,5
955,131,2026-01-07 13:00:00,7,2,1,breakfast,clear,10,2
956,132,2026-02-12 03:00:00,12,3,0,breakfast,clear,9,1
957,132,2026-05-09 14:00:00,9,5,0,breakfast,rain,13,1
958,132,2026-06-24 04:00:00,24,2,0,late_night,clear,7,1
959,132,2026-05-12 06:00:00,12,1,0,lunch,clear,2,1
960,132,2026-06-01 05:00:00,1,0,1,breakfast,clear,1,1
961,132,2026-03-04 01:00:00,4,2,1,dinner,clear,5,3
962,132,2026-02-28 08:00:00,28,5,1,lunch,rain,10,2
963,132,2026-02-15 14:00:00,15,6,0,lunch,clear,7,1
964,132,2026-01-20 01:00:00,20,1,0,breakfast,clear,5,1
965,132,2026-06-24 21:00:00,24,2,0,breakfast,clear,1,2
966,133,2026-05-29 20:00:00,29,4,1,lunch,clear,11,4
967,134,2026-05-20 15:00:00,20,2,0,lunch,rain,2,1
968,134,2026-02-12 09:00:00,12,3,0,breakfast,rain,7,5
969,134,2026-01-10 08:00:00,10,5,0,breakfast,clear,10,1
970,134,2026-02-07 15:00:00,7,5,1,lunch,clear,13,1
971,135,2026-04-27 00:00:00,27,0,1,late_night,clear,1,2
972,135,2026-01-30 15:00:00,30,4,1,breakfast,rain,7,1
973,135,2026-02-24 17:00:00,24,1,0,late_night,clear,5,1
974,135,2026-03-14 18:00:00,14,5,0,late_night,clear,14,5
975,135,2026-04-24 14:00:00,24,4,0,dinner,clear,14,1
976,135,2026-02-20 21:00:00,20,4,0,lunch,clear,10,2
977,136,2026-02-15 14:00:00,15,6,0,lunch,clear,10,1
978,136,2026-03-28 19:00:00,28,5,1,dinner,clear,11,1
979,136,2026-01-27 15:00:00,27,1,1,lunch,clear,7,1
980,136,2026-02-02 09:00:00,2,0,1,late_night,clear,3,1
981,136,2026-04-25 19:00:00,25,5,1,dinner,clear,13,1
982,136,2026-03-05 02:00:00,5,3,1,late_night,clear,13,4
983,136,2026-01-03 15:00:00,3,5,1,lunch,clear,12,2
984,136,2026-02-16 02:00:00,16,0,0,dinner,clear,10,3
985,137,2026-04-27 21:00:00,27,0,1,late_night,clear,13,1
986,137,2026-04-10 19:00:00,10,4,0,breakfast,clear,13,1
987,137,2026-01-22 00:00:00,22,3,0,lunch,clear,3,1
988,137,2026-05-06 00:00:00,6,2,1,late_night,clear,5,3
989,137,2026-01-12 09:00:00,12,0,0,late_night,clear,9,3
990,137,2026-01-13 11:00:00,13,1,0,late_night,extreme,13,1
991,137,2026-03-12 03:00:00,12,3,0,lunch,clear,13,1
992,138,2026-04-28 22:00:00,28,1,1,dinner,clear,1,2
993,139,2026-06-22 06:00:00,22,0,0,late_night,clear,9,4
994,139,2026-04-21 15:00:00,21,1,0,dinner,clear,9,1
995,139,2026-05-05 13:00:00,5,1,1,lunch,clear,3,2
996,139,2026-01-21 19:00:00,21,2,0,lunch,clear,4,2
997,139,2026-03-21 17:00:00,21,5,0,dinner,rain,7,2
998,139,2026-06-01 05:00:00,1,0,1,dinner,clear,14,1
999,139,2026-03-12 19:00:00,12,3,0,dinner,rain,4,1
1000,139,2026-05-15 04:00:00,15,4,0,late_night,extreme,13,5
1001,139,2026-02-20 16:00:00,20,4,0,dinner,clear,5,1
1002,140,2026-03-16 16:00:00,16,0,0,lunch,clear,12,1
1003,140,2026-03-16 06:00:00,16,0,0,late_night,clear,6,2
1004,140,2026-02-05 21:00:00,5,3,1,late_night,clear,8,1
1005,140,2026-01-10 14:00:00,10,5,0,dinner,clear,3,1
1006,140,2026-05-16 15:00:00,16,5,0,dinner,clear,1,2
1007,140,2026-03-16 18:00:00,16,0,0,late_night,rain,8,2
1008,140,2026-05-06 19:00:00,6,2,1,late_night,rain,12,3
1009,140,2026-03-30 02:00:00,30,0,1,late_night,rain,8,1
1010,140,2026-05-08 03:00:00,8,4,0,lunch,clear,6,2
1011,140,2026-02-21 13:00:00,21,5,0,lunch,rain,4,1
1012,140,2026-02-16 20:00:00,16,0,0,dinner,clear,7,1
1013,141,2026-04-28 05:00:00,28,1,1,late_night,clear,7,1
1014,141,2026-06-28 10:00:00,28,6,1,breakfast,clear,1,1
1015,141,2026-04-29 23:00:00,29,2,1,breakfast,clear,9,2
1016,141,2026-03-11 11:00:00,11,2,0,lunch,clear,9,4
1017,141,2026-04-03 22:00:00,3,4,1,breakfast,clear,1,5
1018,141,2026-01-17 18:00:00,17,5,0,breakfast,rain,9,2
1019,141,2026-04-04 20:00:00,4,5,1,lunch,clear,1,1
1020,142,2026-03-23 14:00:00,23,0,0,dinner,clear,14,3
1021,142,2026-01-03 06:00:00,3,5,1,dinner,clear,3,2
1022,142,2026-05-21 00:00:00,21,3,0,dinner,clear,6,1
1023,142,2026-06-24 05:00:00,24,2,0,dinner,clear,3,1
1024,142,2026-01-18 11:00:00,18,6,0,dinner,rain,14,5
1025,142,2026-06-23 18:00:00,23,1,0,breakfast,clear,14,1
1026,142,2026-03-06 09:00:00,6,4,1,late_night,rain,7,1
1027,142,2026-04-16 22:00:00,16,3,0,dinner,clear,5,2
1028,142,2026-03-19 03:00:00,19,3,0,lunch,clear,11,1
1029,142,2026-05-22 09:00:00,22,4,0,dinner,rain,9,1
1030,142,2026-05-27 17:00:00,27,2,1,breakfast,clear,4,1
1031,142,2026-02-16 11:00:00,16,0,0,breakfast,clear,3,4
1032,142,2026-03-17 23:00:00,17,1,0,dinner,rain,6,4
1033,142,2026-06-24 12:00:00,24,2,0,breakfast,clear,5,1
1034,143,2026-06-03 04:00:00,3,2,1,lunch,clear,4,3
1035,143,2026-05-15 12:00:00,15,4,0,breakfast,clear,7,1
1036,143,2026-03-22 23:00:00,22,6,0,dinner,rain,9,1
1037,143,2026-01-18 17:00:00,18,6,0,late_night,extreme,9,1
1038,143,2026-04-06 01:00:00,6,0,1,breakfast,clear,9,2
1039,143,2026-02-20 20:00:00,20,4,0,breakfast,clear,3,1
1040,143,2026-05-09 13:00:00,9,5,0,breakfast,clear,13,2
1041,143,2026-01-15 11:00:00,15,3,0,breakfast,clear,2,2
1042,143,2026-03-23 12:00:00,23,0,0,breakfast,rain,5,1
1043,143,2026-06-15 13:00:00,15,0,0,lunch,clear,9,1
1044,143,2026-06-18 13:00:00,18,3,0,lunch,clear,1,1
1045,143,2026-02-18 21:00:00,18,2,0,breakfast,rain,14,2
1046,144,2026-01-05 09:00:00,5,0,1,lunch,rain,2,2
1047,144,2026-05-12 14:00:00,12,1,0,breakfast,clear,3,2
1048,144,2026-04-06 23:00:00,6,0,1,lunch,clear,10,3
1049,145,2026-01-10 02:00:00,10,5,0,lunch,rain,11,1
1050,146,2026-01-25 02:00:00,25,6,1,late_night,rain,3,2
1051,146,2026-03-25 18:00:00,25,2,1,lunch,clear,13,2
1052,146,2026-06-27 08:00:00,27,5,1,late_night,clear,11,5
1053,146,2026-01-12 18:00:00,12,0,0,late_night,clear,1,1
1054,146,2026-02-20 13:00:00,20,4,0,dinner,clear,3,2
1055,146,2026-04-03 06:00:00,3,4,1,lunch,clear,3,1
1056,147,2026-02-03 01:00:00,3,1,1,dinner,rain,4,1
1057,147,2026-04-06 23:00:00,6,0,1,dinner,extreme,12,1
1058,147,2026-03-11 18:00:00,11,2,0,lunch,clear,14,2
1059,147,2026-02-14 03:00:00,14,5,0,breakfast,clear,12,1
1060,147,2026-03-11 18:00:00,11,2,0,dinner,clear,9,1
1061,147,2026-02-25 03:00:00,25,2,1,dinner,rain,6,1
1062,148,2026-01-21 01:00:00,21,2,0,lunch,clear,3,1
1063,148,2026-01-23 00:00:00,23,4,0,late_night,clear,11,1
1064,148,2026-01-04 14:00:00,4,6,1,dinner,clear,12,1
1065,148,2026-06-09 11:00:00,9,1,0,lunch,clear,1,2
1066,148,2026-03-29 13:00:00,29,6,1,late_night,clear,12,3
1067,148,2026-06-06 00:00:00,6,5,1,breakfast,clear,5,1
1068,148,2026-06-15 19:00:00,15,0,0,dinner,clear,2,2
1069,148,2026-03-03 00:00:00,3,1,1,late_night,rain,9,1
1070,148,2026-01-02 00:00:00,2,4,1,lunch,rain,6,4
1071,148,2026-01-01 19:00:00,1,3,1,late_night,clear,10,2
1072,148,2026-02-10 18:00:00,10,1,0,lunch,rain,3,2
1073,148,2026-06-24 21:00:00,24,2,0,breakfast,rain,11,4
1074,149,2026-02-04 14:00:00,4,2,1,dinner,rain,4,4
1075,149,2026-04-24 08:00:00,24,4,0,breakfast,clear,1,1
1076,150,2026-05-19 14:00:00,19,1,0,breakfast,clear,6,2
1077,150,2026-03-13 16:00:00,13,4,0,breakfast,clear,1,2
1078,150,2026-03-02 02:00:00,2,0,1,dinner,clear,12,2
1079,150,2026-05-31 06:00:00,31,6,1,dinner,clear,11,3
1080,151,2026-02-07 06:00:00,7,5,1,lunch,clear,4,1
1081,151,2026-03-02 10:00:00,2,0,1,breakfast,rain,7,1
1082,151,2026-03-24 10:00:00,24,1,0,breakfast,clear,1,1
1083,151,2026-04-11 12:00:00,11,5,0,breakfast,clear,8,5
1084,151,2026-02-21 02:00:00,21,5,0,breakfast,clear,6,2
1085,151,2026-01-09 01:00:00,9,4,0,lunch,clear,7,1
1086,152,2026-01-18 05:00:00,18,6,0,lunch,clear,6,1
1087,152,2026-02-27 08:00:00,27,4,1,late_night,clear,14,5
1088,153,2026-01-15 02:00:00,15,3,0,lunch,clear,2,4
1089,153,2026-06-19 06:00:00,19,4,0,dinner,clear,10,3
1090,153,2026-04-09 22:00:00,9,3,0,dinner,rain,6,1
1091,153,2026-05-04 04:00:00,4,0,1,late_night,clear,12,1
1092,153,2026-06-06 04:00:00,6,5,1,dinner,clear,1,2
1093,153,2026-01-02 08:00:00,2,4,1,dinner,extreme,5,1
1094,153,2026-04-14 16:00:00,14,1,0,breakfast,clear,6,1
1095,153,2026-03-01 06:00:00,1,6,1,breakfast,extreme,10,2
1096,153,2026-01-16 13:00:00,16,4,0,dinner,clear,9,4
1097,154,2026-05-31 16:00:00,31,6,1,dinner,clear,4,3
1098,154,2026-03-16 11:00:00,16,0,0,dinner,clear,10,2
1099,154,2026-04-24 10:00:00,24,4,0,lunch,extreme,7,1
1100,154,2026-05-17 05:00:00,17,6,0,late_night,clear,8,1
1101,154,2026-01-09 14:00:00,9,4,0,dinner,clear,1,2
1102,154,2026-05-31 05:00:00,31,6,1,breakfast,clear,4,5
1103,154,2026-05-05 07:00:00,5,1,1,late_night,extreme,3,3
1104,154,2026-06-04 22:00:00,4,3,1,late_night,extreme,1,3
1105,154,2026-05-22 07:00:00,22,4,0,late_night,clear,9,1
1106,155,2026-04-19 07:00:00,19,6,0,breakfast,extreme,2,3
1107,155,2026-06-17 21:00:00,17,2,0,breakfast,clear,9,1
1108,155,2026-06-10 20:00:00,10,2,0,dinner,clear,1,2
1109,155,2026-05-05 01:00:00,5,1,1,late_night,clear,1,1
1110,156,2026-01-15 15:00:00,15,3,0,dinner,rain,13,3
1111,156,2026-01-16 15:00:00,16,4,0,lunch,extreme,8,1
1112,156,2026-02-04 17:00:00,4,2,1,lunch,rain,10,1
1113,156,2026-06-28 11:00:00,28,6,1,dinner,extreme,1,1
1114,156,2026-04-27 13:00:00,27,0,1,breakfast,clear,3,1
1115,156,2026-06-22 14:00:00,22,0,0,late_night,clear,11,1
1116,156,2026-04-07 19:00:00,7,1,1,late_night,clear,8,1
1117,156,2026-02-16 19:00:00,16,0,0,late_night,rain,14,3
1118,156,2026-02-26 11:00:00,26,3,1,dinner,rain,6,1
1119,156,2026-04-07 16:00:00,7,1,1,dinner,clear,9,1
1120,156,2026-03-08 05:00:00,8,6,0,late_night,clear,2,1
1121,157,2026-01-13 01:00:00,13,1,0,breakfast,clear,12,1
1122,157,2026-05-26 04:00:00,26,1,1,dinner,clear,11,5
1123,157,2026-04-28 10:00:00,28,1,1,dinner,clear,14,2
1124,157,2026-06-06 08:00:00,6,5,1,lunch,rain,2,2
1125,157,2026-02-10 00:00:00,10,1,0,late_night,clear,11,1
1126,157,2026-02-03 13:00:00,3,1,1,late_night,clear,9,1
1127,157,2026-06-16 07:00:00,16,1,0,dinner,clear,4,4
1128,157,2026-04-27 21:00:00,27,0,1,dinner,clear,8,1
1129,157,2026-06-04 15:00:00,4,3,1,dinner,clear,3,2
1130,157,2026-04-09 15:00:00,9,3,0,dinner,clear,13,1
1131,158,2026-05-25 20:00:00,25,0,1,late_night,clear,14,3
1132,159,2026-01-09 08:00:00,9,4,0,late_night,clear,4,1
1133,159,2026-02-01 14:00:00,1,6,1,lunch,clear,1,1
1134,159,2026-01-02 10:00:00,2,4,1,dinner,rain,6,1
1135,159,2026-02-12 13:00:00,12,3,0,dinner,clear,6,1
1136,159,2026-03-31 02:00:00,31,1,1,lunch,clear,13,3
1137,159,2026-05-22 15:00:00,22,4,0,dinner,clear,5,1
1138,159,2026-06-25 05:00:00,25,3,1,late_night,clear,5,1
1139,159,2026-05-08 00:00:00,8,4,0,lunch,clear,6,1
1140,159,2026-01-21 00:00:00,21,2,0,lunch,clear,12,1
1141,160,2026-01-14 17:00:00,14,2,0,dinner,clear,4,2
1142,160,2026-01-04 17:00:00,4,6,1,breakfast,clear,1,1
1143,160,2026-06-21 23:00:00,21,6,0,lunch,clear,5,1
1144,160,2026-02-15 11:00:00,15,6,0,lunch,clear,7,1
1145,160,2026-03-20 04:00:00,20,4,0,late_night,clear,4,2
1146,160,2026-02-02 04:00:00,2,0,1,lunch,clear,3,2
1147,160,2026-03-03 05:00:00,3,1,1,breakfast,clear,12,1
1148,160,2026-02-14 09:00:00,14,5,0,breakfast,clear,7,1
1149,160,2026-05-29 23:00:00,29,4,1,dinner,rain,10,3
1150,160,2026-01-13 10:00:00,13,1,0,dinner,clear,11,2
1151,160,2026-04-19 17:00:00,19,6,0,lunch,clear,9,1
1152,160,2026-02-07 23:00:00,7,5,1,dinner,clear,1,1
1153,160,2026-05-31 15:00:00,31,6,1,late_night,rain,5,2
1154,161,2026-05-21 15:00:00,21,3,0,breakfast,clear,7,1
1155,161,2026-04-23 10:00:00,23,3,0,lunch,rain,4,4
1156,161,2026-05-03 17:00:00,3,6,1,dinner,clear,6,4
1157,161,2026-06-08 23:00:00,8,0,0,lunch,clear,3,2
1158,161,2026-02-15 20:00:00,15,6,0,breakfast,clear,7,2
1159,161,2026-03-08 07:00:00,8,6,0,lunch,clear,3,2
1160,162,2026-04-27 08:00:00,27,0,1,lunch,clear,3,1
1161,162,2026-06-09 02:00:00,9,1,0,dinner,clear,7,2
1162,162,2026-04-27 00:00:00,27,0,1,late_night,clear,14,1
1163,162,2026-04-28 18:00:00,28,1,1,late_night,clear,13,3
1164,162,2026-05-09 18:00:00,9,5,0,breakfast,clear,7,1
1165,162,2026-05-31 07:00:00,31,6,1,late_night,clear,1,1
1166,162,2026-06-06 00:00:00,6,5,1,dinner,clear,2,2
1167,162,2026-02-19 16:00:00,19,3,0,lunch,extreme,11,5
1168,162,2026-06-13 04:00:00,13,5,0,lunch,clear,5,1
1169,162,2026-03-22 04:00:00,22,6,0,late_night,clear,12,1
1170,163,2026-05-13 21:00:00,13,2,0,late_night,rain,13,1
1171,163,2026-06-11 12:00:00,11,3,0,dinner,clear,1,1
1172,163,2026-06-24 23:00:00,24,2,0,lunch,extreme,12,1
1173,164,2026-02-01 02:00:00,1,6,1,breakfast,clear,7,2
1174,164,2026-02-04 03:00:00,4,2,1,breakfast,clear,10,4
1175,164,2026-02-11 15:00:00,11,2,0,late_night,clear,13,4
1176,164,2026-03-27 21:00:00,27,4,1,late_night,extreme,8,2
1177,164,2026-03-22 23:00:00,22,6,0,lunch,extreme,11,1
1178,164,2026-06-26 04:00:00,26,4,1,breakfast,rain,8,1
1179,164,2026-02-28 10:00:00,28,5,1,breakfast,extreme,3,2
1180,164,2026-01-09 00:00:00,9,4,0,late_night,extreme,1,1
1181,164,2026-04-07 14:00:00,7,1,1,lunch,extreme,14,1
1182,165,2026-04-25 23:00:00,25,5,1,late_night,clear,12,2
1183,165,2026-04-30 01:00:00,30,3,1,breakfast,clear,3,1
1184,165,2026-02-06 17:00:00,6,4,1,breakfast,clear,3,4
1185,165,2026-04-15 10:00:00,15,2,0,late_night,rain,4,1
1186,165,2026-05-19 03:00:00,19,1,0,lunch,rain,2,1
1187,165,2026-06-24 17:00:00,24,2,0,dinner,extreme,5,2
1188,165,2026-04-23 06:00:00,23,3,0,late_night,rain,13,5
1189,165,2026-01-24 03:00:00,24,5,0,late_night,clear,10,1
1190,166,2026-02-16 22:00:00,16,0,0,late_night,clear,12,3
1191,166,2026-05-28 01:00:00,28,3,1,dinner,clear,14,1
1192,166,2026-05-16 23:00:00,16,5,0,dinner,clear,1,2
1193,166,2026-04-13 02:00:00,13,0,0,late_night,clear,1,1
1194,166,2026-02-10 11:00:00,10,1,0,late_night,clear,9,1
1195,166,2026-01-07 05:00:00,7,2,1,breakfast,rain,3,1
1196,166,2026-03-13 23:00:00,13,4,0,late_night,clear,1,3
1197,166,2026-01-27 02:00:00,27,1,1,breakfast,clear,9,4
1198,166,2026-06-05 05:00:00,5,4,1,lunch,clear,1,1
1199,166,2026-01-04 21:00:00,4,6,1,lunch,rain,13,1
1200,166,2026-02-10 15:00:00,10,1,0,dinner,clear,2,1
1201,166,2026-02-01 11:00:00,1,6,1,lunch,rain,7,1
1202,166,2026-03-09 06:00:00,9,0,0,lunch,clear,2,2
1203,166,2026-06-27 05:00:00,27,5,1,breakfast,rain,9,1
1204,167,2026-05-28 04:00:00,28,3,1,late_night,extreme,10,1
1205,167,2026-01-26 09:00:00,26,0,1,dinner,clear,5,1
1206,167,2026-02-01 19:00:00,1,6,1,dinner,clear,4,2
1207,167,2026-01-07 06:00:00,7,2,1,lunch,clear,2,2
1208,167,2026-06-21 15:00:00,21,6,0,lunch,clear,4,2
1209,167,2026-05-12 16:00:00,12,1,0,late_night,clear,4,1
1210,168,2026-05-21 23:00:00,21,3,0,breakfast,clear,1,2
1211,168,2026-01-08 18:00:00,8,3,0,breakfast,clear,9,4
1212,168,2026-03-17 13:00:00,17,1,0,breakfast,rain,8,1
1213,168,2026-05-15 14:00:00,15,4,0,lunch,clear,5,1
1214,168,2026-06-28 08:00:00,28,6,1,lunch,clear,1,2
1215,168,2026-06-01 01:00:00,1,0,1,breakfast,clear,8,1
1216,168,2026-04-22 02:00:00,22,2,0,late_night,clear,11,4
1217,168,2026-01-08 16:00:00,8,3,0,dinner,clear,14,2
1218,168,2026-06-02 13:00:00,2,1,1,dinner,rain,8,1
1219,169,2026-02-17 10:00:00,17,1,0,dinner,clear,11,2
1220,169,2026-01-16 20:00:00,16,4,0,breakfast,rain,6,3
1221,169,2026-03-20 14:00:00,20,4,0,lunch,clear,12,2
1222,169,2026-03-19 23:00:00,19,3,0,breakfast,clear,9,1
1223,169,2026-02-18 21:00:00,18,2,0,late_night,clear,11,1
1224,169,2026-04-01 22:00:00,1,2,1,dinner,rain,14,4
1225,169,2026-03-06 12:00:00,6,4,1,lunch,clear,5,2
1226,169,2026-05-29 16:00:00,29,4,1,dinner,extreme,12,5
1227,169,2026-05-29 12:00:00,29,4,1,dinner,clear,10,1
1228,169,2026-04-07 23:00:00,7,1,1,breakfast,rain,7,3
1229,169,2026-01-02 23:00:00,2,4,1,lunch,clear,13,1
1230,169,2026-01-02 23:00:00,2,4,1,breakfast,clear,5,1
1231,169,2026-05-04 03:00:00,4,0,1,breakfast,clear,11,4
1232,170,2026-03-19 20:00:00,19,3,0,breakfast,clear,5,1
1233,171,2026-05-07 07:00:00,7,3,1,breakfast,clear,6,2
1234,171,2026-02-16 14:00:00,16,0,0,lunch,clear,1,2
1235,171,2026-02-19 05:00:00,19,3,0,dinner,clear,2,2
1236,171,2026-02-28 17:00:00,28,5,1,breakfast,clear,11,1
1237,171,2026-05-21 15:00:00,21,3,0,late_night,extreme,12,1
1238,172,2026-03-13 21:00:00,13,4,0,breakfast,clear,1,1
1239,172,2026-05-13 05:00:00,13,2,0,lunch,extreme,5,1
1240,172,2026-01-17 12:00:00,17,5,0,dinner,clear,12,4
1241,172,2026-05-08 23:00:00,8,4,0,breakfast,clear,4,1
1242,172,2026-04-23 23:00:00,23,3,0,dinner,clear,2,2
1243,172,2026-01-19 15:00:00,19,0,0,late_night,clear,10,2
1244,172,2026-06-07 17:00:00,7,6,1,lunch,rain,8,1
1245,172,2026-02-25 03:00:00,25,2,1,late_night,clear,2,1
1246,172,2026-06-20 04:00:00,20,5,0,breakfast,clear,6,1
1247,172,2026-02-25 20:00:00,25,2,1,dinner,clear,6,1
1248,172,2026-05-26 18:00:00,26,1,1,breakfast,clear,9,1
1249,172,2026-06-15 04:00:00,15,0,0,dinner,clear,6,2
1250,172,2026-06-28 07:00:00,28,6,1,lunch,clear,13,1
1251,172,2026-02-24 22:00:00,24,1,0,dinner,rain,3,1
1252,173,2026-03-31 04:00:00,31,1,1,late_night,clear,2,1
1253,173,2026-01-07 19:00:00,7,2,1,lunch,clear,2,1
1254,173,2026-05-14 15:00:00,14,3,0,dinner,rain,13,4
1255,173,2026-05-26 14:00:00,26,1,1,late_night,clear,10,2
1256,173,2026-02-01 20:00:00,1,6,1,breakfast,clear,11,1
1257,173,2026-06-02 14:00:00,2,1,1,lunch,clear,1,1
1258,173,2026-02-16 01:00:00,16,0,0,late_night,clear,2,1
1259,174,2026-06-29 03:00:00,29,0,1,late_night,clear,2,2
1260,174,2026-01-25 00:00:00,25,6,1,breakfast,clear,7,1
1261,174,2026-04-16 03:00:00,16,3,0,lunch,clear,4,1
1262,174,2026-01-10 08:00:00,10,5,0,breakfast,clear,6,1
1263,174,2026-03-18 15:00:00,18,2,0,dinner,clear,1,4
1264,174,2026-02-03 18:00:00,3,1,1,late_night,clear,5,5
1265,174,2026-04-12 17:00:00,12,6,0,late_night,clear,9,3
1266,174,2026-03-08 04:00:00,8,6,0,dinner,clear,9,1
1267,175,2026-01-08 22:00:00,8,3,0,late_night,clear,14,4
1268,175,2026-04-12 21:00:00,12,6,0,lunch,clear,1,1
1269,175,2026-03-15 10:00:00,15,6,0,breakfast,rain,9,1
1270,175,2026-04-24 15:00:00,24,4,0,dinner,clear,2,5
1271,175,2026-03-05 13:00:00,5,3,1,lunch,clear,3,2
1272,175,2026-03-05 07:00:00,5,3,1,dinner,clear,5,2
1273,175,2026-01-31 04:00:00,31,5,1,breakfast,clear,3,2
1274,175,2026-06-26 16:00:00,26,4,1,breakfast,clear,13,2
1275,175,2026-03-16 10:00:00,16,0,0,breakfast,rain,5,1
1276,175,2026-01-08 23:00:00,8,3,0,dinner,rain,4,1
1277,176,2026-04-14 09:00:00,14,1,0,late_night,clear,1,1
1278,176,2026-06-08 13:00:00,8,0,0,late_night,extreme,12,2
1279,176,2026-02-13 19:00:00,13,4,0,breakfast,rain,2,1
1280,176,2026-04-09 09:00:00,9,3,0,dinner,clear,1,2
1281,176,2026-03-11 06:00:00,11,2,0,late_night,extreme,12,2
1282,176,2026-05-08 05:00:00,8,4,0,lunch,clear,10,1
1283,176,2026-04-11 06:00:00,11,5,0,lunch,clear,7,1
1284,176,2026-06-10 09:00:00,10,2,0,lunch,rain,11,3
1285,176,2026-03-08 04:00:00,8,6,0,breakfast,clear,12,1
1286,176,2026-05-17 09:00:00,17,6,0,late_night,clear,5,3
1287,177,2026-03-16 01:00:00,16,0,0,breakfast,rain,11,2
1288,177,2026-05-22 04:00:00,22,4,0,lunch,rain,7,2
1289,178,2026-01-20 22:00:00,20,1,0,lunch,clear,12,4
1290,179,2026-02-06 03:00:00,6,4,1,dinner,clear,10,1
1291,179,2026-01-07 13:00:00,7,2,1,dinner,clear,8,2
1292,179,2026-03-17 16:00:00,17,1,0,dinner,rain,3,4
1293,179,2026-06-15 15:00:00,15,0,0,lunch,clear,9,4
1294,179,2026-05-01 07:00:00,1,4,1,late_night,clear,13,1
1295,179,2026-05-25 13:00:00,25,0,1,dinner,clear,14,1
1296,179,2026-05-01 15:00:00,1,4,1,lunch,clear,14,1
1297,179,2026-04-02 05:00:00,2,3,1,late_night,extreme,12,1
1298,179,2026-02-25 03:00:00,25,2,1,lunch,clear,13,2
1299,179,2026-05-12 21:00:00,12,1,0,breakfast,clear,14,1
1300,179,2026-06-02 10:00:00,2,1,1,late_night,clear,10,1
1301,179,2026-02-28 10:00:00,28,5,1,breakfast,clear,3,1
1302,179,2026-02-13 23:00:00,13,4,0,dinner,clear,9,2
1303,179,2026-01-17 23:00:00,17,5,0,dinner,clear,11,3
1304,180,2026-02-24 02:00:00,24,1,0,lunch,clear,12,4
1305,180,2026-03-01 05:00:00,1,6,1,dinner,rain,14,1
1306,180,2026-01-14 10:00:00,14,2,0,breakfast,clear,4,1
1307,180,2026-05-25 12:00:00,25,0,1,breakfast,clear,6,1
1308,180,2026-02-12 03:00:00,12,3,0,breakfast,clear,4,1
1309,180,2026-04-20 19:00:00,20,0,0,late_night,extreme,11,1
1310,180,2026-01-17 04:00:00,17,5,0,lunch,clear,2,4
1311,180,2026-01-11 14:00:00,11,6,0,dinner,extreme,14,1
1312,181,2026-03-20 14:00:00,20,4,0,lunch,rain,14,1
1313,181,2026-04-13 22:00:00,13,0,0,late_night,rain,10,1
1314,181,2026-06-17 08:00:00,17,2,0,late_night,clear,12,1
1315,181,2026-01-23 11:00:00,23,4,0,breakfast,clear,6,3
1316,181,2026-04-27 14:00:00,27,0,1,late_night,clear,8,1
1317,181,2026-05-02 04:00:00,2,5,1,breakfast,rain,1,5
1318,181,2026-06-19 16:00:00,19,4,0,lunch,rain,9,2
1319,181,2026-03-08 06:00:00,8,6,0,breakfast,clear,8,1
1320,182,2026-06-22 21:00:00,22,0,0,lunch,rain,1,4
1321,182,2026-03-30 00:00:00,30,0,1,lunch,rain,6,1
1322,182,2026-06-14 07:00:00,14,6,0,breakfast,clear,4,1
1323,182,2026-02-01 05:00:00,1,6,1,late_night,extreme,3,1
1324,182,2026-02-22 03:00:00,22,6,0,breakfast,rain,12,1
1325,182,2026-02-27 09:00:00,27,4,1,lunch,extreme,5,3
1326,182,2026-06-01 06:00:00,1,0,1,late_night,rain,7,3
1327,182,2026-01-04 02:00:00,4,6,1,breakfast,rain,14,1
1328,182,2026-03-09 12:00:00,9,0,0,dinner,rain,8,1
1329,182,2026-02-02 19:00:00,2,0,1,dinner,rain,13,1
1330,182,2026-02-13 10:00:00,13,4,0,dinner,clear,4,2
1331,182,2026-04-09 12:00:00,9,3,0,late_night,clear,1,1
1332,182,2026-06-18 22:00:00,18,3,0,lunch,clear,10,3
1333,182,2026-01-02 01:00:00,2,4,1,breakfast,clear,1,1
1334,183,2026-05-28 16:00:00,28,3,1,late_night,rain,7,1
1335,183,2026-03-08 00:00:00,8,6,0,lunch,clear,12,1
1336,183,2026-06-12 19:00:00,12,4,0,lunch,rain,5,4
1337,183,2026-04-22 05:00:00,22,2,0,late_night,clear,10,4
1338,183,2026-06-15 22:00:00,15,0,0,late_night,extreme,1,1
1339,183,2026-04-18 15:00:00,18,5,0,late_night,clear,7,1
1340,183,2026-06-16 20:00:00,16,1,0,lunch,rain,5,1
1341,183,2026-03-11 17:00:00,11,2,0,late_night,clear,1,4
1342,183,2026-06-02 17:00:00,2,1,1,lunch,clear,12,2
1343,183,2026-01-04 09:00:00,4,6,1,lunch,clear,9,1
1344,183,2026-06-07 17:00:00,7,6,1,late_night,clear,12,2
1345,183,2026-06-20 16:00:00,20,5,0,dinner,clear,13,1
1346,183,2026-05-15 01:00:00,15,4,0,dinner,rain,4,1
1347,184,2026-02-27 20:00:00,27,4,1,breakfast,rain,11,4
1348,184,2026-03-15 03:00:00,15,6,0,dinner,clear,7,2
1349,184,2026-06-27 10:00:00,27,5,1,late_night,clear,11,2
1350,184,2026-05-22 02:00:00,22,4,0,late_night,clear,5,2
1351,184,2026-02-17 12:00:00,17,1,0,dinner,clear,11,2
1352,184,2026-06-14 09:00:00,14,6,0,dinner,rain,3,5
1353,184,2026-06-04 05:00:00,4,3,1,lunch,rain,3,5
1354,184,2026-03-03 10:00:00,3,1,1,dinner,clear,12,1
1355,184,2026-02-14 03:00:00,14,5,0,dinner,clear,10,2
1356,184,2026-06-19 04:00:00,19,4,0,late_night,clear,2,1
1357,185,2026-03-17 20:00:00,17,1,0,dinner,clear,2,2
1358,185,2026-06-04 01:00:00,4,3,1,lunch,rain,1,1
1359,185,2026-03-30 07:00:00,30,0,1,dinner,extreme,13,1
1360,185,2026-01-06 20:00:00,6,1,1,late_night,clear,11,1
1361,185,2026-06-04 01:00:00,4,3,1,late_night,clear,9,2
1362,185,2026-06-20 11:00:00,20,5,0,late_night,clear,14,1
1363,185,2026-03-05 09:00:00,5,3,1,late_night,clear,7,1
1364,185,2026-04-05 07:00:00,5,6,1,dinner,rain,7,2
1365,185,2026-01-21 03:00:00,21,2,0,breakfast,extreme,5,1
1366,185,2026-06-08 02:00:00,8,0,0,lunch,clear,14,4
1367,185,2026-05-26 23:00:00,26,1,1,lunch,clear,6,1
1368,185,2026-01-29 02:00:00,29,3,1,late_night,extreme,2,1
1369,185,2026-03-16 13:00:00,16,0,0,dinner,clear,13,2
1370,185,2026-05-16 04:00:00,16,5,0,dinner,clear,9,2
1371,186,2026-05-01 15:00:00,1,4,1,lunch,rain,10,1
1372,186,2026-01-14 03:00:00,14,2,0,dinner,rain,1,1
1373,186,2026-02-19 12:00:00,19,3,0,lunch,extreme,2,2
1374,186,2026-03-01 02:00:00,1,6,1,dinner,clear,6,3
1375,186,2026-06-28 21:00:00,28,6,1,late_night,clear,12,4
1376,186,2026-01-03 06:00:00,3,5,1,lunch,clear,10,1
1377,186,2026-06-28 04:00:00,28,6,1,lunch,rain,4,2
1378,186,2026-01-16 22:00:00,16,4,0,late_night,clear,10,1
1379,186,2026-04-28 17:00:00,28,1,1,breakfast,clear,4,1
1380,187,2026-05-15 14:00:00,15,4,0,dinner,clear,5,5
1381,187,2026-06-11 13:00:00,11,3,0,late_night,clear,6,1
1382,187,2026-05-23 04:00:00,23,5,0,breakfast,clear,14,1
1383,187,2026-06-25 17:00:00,25,3,1,breakfast,clear,14,2
1384,187,2026-04-11 17:00:00,11,5,0,breakfast,clear,12,3
1385,187,2026-06-16 01:00:00,16,1,0,late_night,clear,12,1
1386,187,2026-06-17 19:00:00,17,2,0,dinner,clear,5,1
1387,187,2026-06-26 21:00:00,26,4,1,late_night,extreme,14,1
1388,187,2026-06-15 20:00:00,15,0,0,lunch,clear,6,1
1389,187,2026-03-27 02:00:00,27,4,1,dinner,rain,2,1
1390,188,2026-06-02 10:00:00,2,1,1,breakfast,extreme,8,1
1391,188,2026-03-02 07:00:00,2,0,1,breakfast,rain,3,1
1392,188,2026-03-20 23:00:00,20,4,0,dinner,rain,14,1
1393,188,2026-03-30 22:00:00,30,0,1,dinner,clear,6,1
1394,188,2026-05-02 16:00:00,2,5,1,breakfast,clear,1,4
1395,188,2026-06-26 01:00:00,26,4,1,breakfast,extreme,2,3
1396,188,2026-02-07 00:00:00,7,5,1,lunch,clear,7,1
1397,188,2026-03-14 01:00:00,14,5,0,lunch,clear,4,1
1398,188,2026-06-07 07:00:00,7,6,1,breakfast,clear,4,2
1399,188,2026-02-24 17:00:00,24,1,0,breakfast,clear,14,1
1400,188,2026-06-22 16:00:00,22,0,0,breakfast,clear,5,2
1401,188,2026-02-16 10:00:00,16,0,0,lunch,clear,6,1
1402,188,2026-01-16 00:00:00,16,4,0,breakfast,clear,3,1
1403,188,2026-03-01 06:00:00,1,6,1,lunch,clear,7,1
1404,189,2026-06-07 23:00:00,7,6,1,breakfast,rain,6,1
1405,189,2026-06-28 20:00:00,28,6,1,breakfast,clear,14,5
1406,189,2026-06-03 03:00:00,3,2,1,dinner,extreme,4,2
1407,189,2026-05-19 19:00:00,19,1,0,late_night,clear,3,2
1408,189,2026-03-16 14:00:00,16,0,0,dinner,clear,10,1
1409,189,2026-03-27 06:00:00,27,4,1,breakfast,clear,3,1
1410,189,2026-03-30 05:00:00,30,0,1,breakfast,clear,13,2
1411,189,2026-06-07 04:00:00,7,6,1,breakfast,clear,5,2
1412,189,2026-03-29 06:00:00,29,6,1,late_night,clear,8,2
1413,189,2026-02-21 03:00:00,21,5,0,breakfast,extreme,12,1
1414,189,2026-06-19 06:00:00,19,4,0,late_night,extreme,4,1
1415,189,2026-06-15 08:00:00,15,0,0,breakfast,clear,1,1
1416,189,2026-04-10 13:00:00,10,4,0,breakfast,clear,10,1
1417,190,2026-04-03 06:00:00,3,4,1,breakfast,clear,7,1
1418,190,2026-01-25 05:00:00,25,6,1,lunch,clear,6,1
1419,190,2026-04-28 15:00:00,28,1,1,late_night,clear,9,4
1420,190,2026-04-02 18:00:00,2,3,1,late_night,clear,13,1
1421,191,2026-05-05 05:00:00,5,1,1,dinner,clear,9,1
1422,191,2026-03-19 18:00:00,19,3,0,late_night,clear,3,1
1423,191,2026-04-20 08:00:00,20,0,0,lunch,clear,11,1
1424,191,2026-04-15 07:00:00,15,2,0,breakfast,clear,13,1
1425,191,2026-04-14 01:00:00,14,1,0,breakfast,clear,8,1
1426,191,2026-05-19 14:00:00,19,1,0,lunch,clear,9,1
1427,191,2026-03-23 23:00:00,23,0,0,dinner,clear,1,1
1428,191,2026-04-24 02:00:00,24,4,0,dinner,clear,5,1
1429,191,2026-06-21 05:00:00,21,6,0,breakfast,clear,12,1
1430,192,2026-04-13 22:00:00,13,0,0,late_night,extreme,3,1
1431,192,2026-01-24 13:00:00,24,5,0,breakfast,clear,10,1
1432,192,2026-04-01 06:00:00,1,2,1,lunch,clear,3,1
1433,192,2026-01-30 13:00:00,30,4,1,dinner,extreme,6,4
1434,192,2026-03-24 00:00:00,24,1,0,breakfast,clear,12,1
1435,192,2026-02-13 19:00:00,13,4,0,dinner,rain,5,1
1436,192,2026-06-08 20:00:00,8,0,0,late_night,clear,7,1
1437,193,2026-04-20 22:00:00,20,0,0,dinner,clear,11,1
1438,193,2026-03-31 06:00:00,31,1,1,dinner,clear,11,1
1439,193,2026-02-13 21:00:00,13,4,0,late_night,clear,7,3
1440,193,2026-01-09 15:00:00,9,4,0,lunch,clear,13,4
1441,193,2026-03-17 22:00:00,17,1,0,late_night,clear,13,1
1442,193,2026-05-17 19:00:00,17,6,0,late_night,rain,8,1
1443,193,2026-03-02 01:00:00,2,0,1,breakfast,clear,6,1
1444,193,2026-01-25 16:00:00,25,6,1,late_night,clear,1,1
1445,193,2026-01-13 15:00:00,13,1,0,late_night,rain,5,1
1446,193,2026-05-08 01:00:00,8,4,0,dinner,clear,7,1
1447,193,2026-05-19 08:00:00,19,1,0,lunch,clear,14,1
1448,193,2026-05-03 17:00:00,3,6,1,lunch,clear,7,1
1449,194,2026-06-26 15:00:00,26,4,1,late_night,rain,7,4
1450,194,2026-04-10 02:00:00,10,4,0,lunch,rain,1,2
1451,194,2026-04-25 13:00:00,25,5,1,dinner,rain,7,2
1452,194,2026-05-18 09:00:00,18,0,0,late_night,extreme,5,1
1453,194,2026-02-08 05:00:00,8,6,0,dinner,rain,14,2
1454,194,2026-04-25 18:00:00,25,5,1,dinner,clear,4,1
1455,194,2026-02-05 20:00:00,5,3,1,breakfast,clear,2,1
1456,194,2026-03-07 10:00:00,7,5,1,dinner,clear,2,2
1457,194,2026-06-18 00:00:00,18,3,0,dinner,rain,13,1
1458,194,2026-06-07 01:00:00,7,6,1,dinner,clear,9,1
1459,194,2026-05-15 13:00:00,15,4,0,breakfast,rain,9,3
1460,194,2026-06-29 14:00:00,29,0,1,dinner,clear,2,2
1461,194,2026-06-15 17:00:00,15,0,0,late_night,clear,11,2
1462,195,2026-06-25 21:00:00,25,3,1,lunch,clear,7,4
1463,195,2026-06-24 05:00:00,24,2,0,breakfast,clear,7,1
1464,195,2026-05-13 14:00:00,13,2,0,breakfast,clear,12,1
1465,195,2026-04-12 15:00:00,12,6,0,lunch,clear,5,3
1466,195,2026-05-11 06:00:00,11,0,0,dinner,clear,13,4
1467,195,2026-06-22 19:00:00,22,0,0,lunch,extreme,5,1
1468,195,2026-03-21 22:00:00,21,5,0,dinner,clear,11,1
1469,195,2026-06-04 22:00:00,4,3,1,late_night,rain,14,2
1470,196,2026-06-07 11:00:00,7,6,1,lunch,clear,3,3
1471,197,2026-05-05 17:00:00,5,1,1,dinner,clear,7,2
1472,197,2026-05-01 07:00:00,1,4,1,late_night,rain,11,4
1473,197,2026-01-15 16:00:00,15,3,0,late_night,clear,12,1
1474,197,2026-05-09 09:00:00,9,5,0,dinner,clear,8,1
1475,197,2026-05-12 02:00:00,12,1,0,late_night,clear,6,1
1476,197,2026-01-05 22:00:00,5,0,1,lunch,clear,14,1
1477,197,2026-03-28 14:00:00,28,5,1,late_night,clear,1,1
1478,197,2026-04-02 11:00:00,2,3,1,late_night,clear,9,1
1479,198,2026-02-13 16:00:00,13,4,0,breakfast,rain,1,1
1480,198,2026-04-18 15:00:00,18,5,0,lunch,rain,3,1
1481,198,2026-06-11 04:00:00,11,3,0,breakfast,clear,1,1
1482,199,2026-01-07 13:00:00,7,2,1,dinner,clear,13,1
1483,200,2026-03-30 09:00:00,30,0,1,dinner,clear,14,2
1484,200,2026-04-07 02:00:00,7,1,1,late_night,extreme,2,2
1485,200,2026-01-05 15:00:00,5,0,1,breakfast,rain,6,4
1486,200,2026-05-16 01:00:00,16,5,0,dinner,rain,3,1
1487,200,2026-06-12 08:00:00,12,4,0,late_night,clear,2,1
1488,200,2026-06-16 04:00:00,16,1,0,lunch,clear,2,1
1489,200,2026-04-29 17:00:00,29,2,1,late_night,clear,11,1
1490,201,2026-06-01 20:00:00,1,0,1,dinner,rain,8,1
1491,201,2026-06-21 15:00:00,21,6,0,breakfast,clear,14,2
1492,202,2026-02-01 02:00:00,1,6,1,dinner,clear,14,4
1493,202,2026-06-21 13:00:00,21,6,0,late_night,clear,3,2
1494,203,2026-01-01 19:00:00,1,3,1,late_night,clear,5,1
1495,203,2026-04-19 05:00:00,19,6,0,dinner,rain,5,4
1496,203,2026-01-21 19:00:00,21,2,0,dinner,clear,7,3
1497,203,2026-06-26 06:00:00,26,4,1,breakfast,clear,11,2
1498,203,2026-06-16 03:00:00,16,1,0,lunch,clear,3,1
1499,203,2026-04-08 20:00:00,8,2,0,breakfast,clear,1,2
1500,203,2026-01-07 23:00:00,7,2,1,dinner,clear,8,1
1501,203,2026-01-05 13:00:00,5,0,1,late_night,clear,9,2
1502,204,2026-06-23 09:00:00,23,1,0,late_night,rain,4,1
1503,205,2026-03-23 02:00:00,23,0,0,late_night,clear,4,1
1504,205,2026-04-12 08:00:00,12,6,0,late_night,clear,12,1
1505,205,2026-06-13 20:00:00,13,5,0,late_night,rain,5,2
1506,205,2026-02-11 18:00:00,11,2,0,breakfast,clear,10,2
1507,205,2026-02-24 18:00:00,24,1,0,breakfast,clear,8,1
1508,205,2026-05-18 07:00:00,18,0,0,breakfast,clear,14,1
1509,205,2026-01-24 05:00:00,24,5,0,breakfast,clear,14,1
1510,205,2026-05-02 02:00:00,2,5,1,late_night,rain,1,2
1511,205,2026-06-27 13:00:00,27,5,1,breakfast,clear,3,2
1512,206,2026-05-14 15:00:00,14,3,0,lunch,clear,3,1
1513,206,2026-06-04 16:00:00,4,3,1,lunch,clear,5,1
1514,206,2026-04-12 23:00:00,12,6,0,dinner,clear,10,1
1515,206,2026-02-19 10:00:00,19,3,0,lunch,clear,1,1
1516,207,2026-04-07 19:00:00,7,1,1,breakfast,rain,1,1
1517,207,2026-01-04 02:00:00,4,6,1,lunch,rain,6,1
1518,207,2026-06-25 19:00:00,25,3,1,breakfast,clear,13,1
1519,207,2026-02-09 09:00:00,9,0,0,breakfast,clear,14,1
1520,207,2026-04-10 14:00:00,10,4,0,lunch,clear,5,3
1521,207,2026-02-18 10:00:00,18,2,0,lunch,rain,4,1
1522,208,2026-06-18 22:00:00,18,3,0,late_night,clear,3,2
1523,208,2026-01-29 05:00:00,29,3,1,late_night,rain,9,5
1524,208,2026-05-02 12:00:00,2,5,1,dinner,clear,11,1
1525,208,2026-05-27 08:00:00,27,2,1,lunch,clear,9,2
1526,208,2026-01-17 03:00:00,17,5,0,breakfast,clear,11,1
1527,208,2026-04-12 20:00:00,12,6,0,dinner,rain,8,1
1528,208,2026-03-05 03:00:00,5,3,1,lunch,clear,13,1
1529,208,2026-05-08 12:00:00,8,4,0,dinner,extreme,6,1
1530,208,2026-05-15 12:00:00,15,4,0,late_night,clear,5,2
1531,208,2026-04-27 03:00:00,27,0,1,late_night,clear,4,1
1532,208,2026-01-02 21:00:00,2,4,1,dinner,clear,10,1
1533,208,2026-02-07 14:00:00,7,5,1,dinner,clear,4,5
1534,208,2026-01-15 17:00:00,15,3,0,lunch,clear,5,2
1535,208,2026-02-20 13:00:00,20,4,0,late_night,clear,5,3
1536,209,2026-01-12 03:00:00,12,0,0,dinner,rain,3,4
1537,209,2026-04-04 19:00:00,4,5,1,breakfast,rain,6,1
1538,209,2026-03-18 02:00:00,18,2,0,dinner,clear,14,1
1539,209,2026-03-08 08:00:00,8,6,0,lunch,extreme,9,1
1540,209,2026-05-24 21:00:00,24,6,0,lunch,rain,12,2
1541,209,2026-05-21 13:00:00,21,3,0,dinner,clear,13,1
1542,209,2026-01-17 17:00:00,17,5,0,lunch,rain,14,3
1543,210,2026-06-29 06:00:00,29,0,1,dinner,extreme,11,1
1544,210,2026-06-09 01:00:00,9,1,0,breakfast,clear,13,2
1545,210,2026-06-13 09:00:00,13,5,0,lunch,extreme,5,1
1546,210,2026-01-13 09:00:00,13,1,0,lunch,clear,1,1
1547,210,2026-05-09 15:00:00,9,5,0,late_night,clear,1,1
1548,210,2026-04-02 18:00:00,2,3,1,late_night,rain,4,4
1549,210,2026-03-12 05:00:00,12,3,0,late_night,rain,6,1
1550,210,2026-05-09 19:00:00,9,5,0,breakfast,clear,14,1
1551,210,2026-05-21 00:00:00,21,3,0,lunch,clear,6,2
1552,210,2026-01-15 11:00:00,15,3,0,dinner,clear,9,1
1553,210,2026-02-12 16:00:00,12,3,0,breakfast,clear,12,2
1554,211,2026-01-26 17:00:00,26,0,1,dinner,extreme,13,1
1555,211,2026-05-09 05:00:00,9,5,0,lunch,extreme,1,1
1556,211,2026-05-01 17:00:00,1,4,1,dinner,clear,4,1
1557,211,2026-06-16 09:00:00,16,1,0,breakfast,clear,1,2
1558,211,2026-01-07 15:00:00,7,2,1,dinner,clear,6,2
1559,211,2026-02-26 12:00:00,26,3,1,late_night,clear,10,1
1560,212,2026-04-22 20:00:00,22,2,0,lunch,rain,2,1
1561,212,2026-04-27 02:00:00,27,0,1,breakfast,extreme,1,2
1562,212,2026-05-17 10:00:00,17,6,0,breakfast,clear,13,3
1563,212,2026-04-28 20:00:00,28,1,1,dinner,clear,11,4
1564,212,2026-03-16 15:00:00,16,0,0,dinner,rain,6,1
1565,212,2026-03-06 04:00:00,6,4,1,dinner,clear,10,1
1566,212,2026-06-25 16:00:00,25,3,1,late_night,clear,14,1
1567,212,2026-06-22 07:00:00,22,0,0,dinner,clear,14,1
1568,212,2026-05-08 21:00:00,8,4,0,late_night,clear,10,4
1569,213,2026-01-11 22:00:00,11,6,0,dinner,clear,10,1
1570,213,2026-04-24 18:00:00,24,4,0,late_night,clear,10,3
1571,213,2026-02-26 21:00:00,26,3,1,late_night,clear,2,1
1572,213,2026-03-30 22:00:00,30,0,1,dinner,rain,7,1
1573,214,2026-05-22 18:00:00,22,4,0,late_night,clear,14,1
1574,214,2026-03-24 19:00:00,24,1,0,late_night,rain,14,2
1575,215,2026-02-12 17:00:00,12,3,0,late_night,rain,11,3
1576,215,2026-05-05 16:00:00,5,1,1,late_night,clear,10,1
1577,215,2026-01-04 04:00:00,4,6,1,late_night,clear,10,1
1578,215,2026-04-27 16:00:00,27,0,1,lunch,clear,11,1
1579,215,2026-06-19 02:00:00,19,4,0,late_night,clear,13,1
1580,216,2026-02-18 07:00:00,18,2,0,breakfast,clear,10,1
1581,216,2026-05-10 00:00:00,10,6,0,lunch,clear,14,2
1582,216,2026-01-25 20:00:00,25,6,1,breakfast,clear,14,2
1583,216,2026-05-18 13:00:00,18,0,0,dinner,rain,11,1
1584,216,2026-05-16 17:00:00,16,5,0,lunch,clear,14,2
1585,217,2026-01-13 19:00:00,13,1,0,lunch,rain,10,1
1586,217,2026-03-10 07:00:00,10,1,0,late_night,clear,12,1
1587,217,2026-04-01 03:00:00,1,2,1,late_night,clear,14,1
1588,218,2026-04-06 08:00:00,6,0,1,lunch,clear,4,3
1589,218,2026-01-18 15:00:00,18,6,0,dinner,clear,1,1
1590,218,2026-03-17 16:00:00,17,1,0,late_night,clear,11,3
1591,218,2026-03-13 15:00:00,13,4,0,breakfast,clear,5,3
1592,218,2026-01-06 06:00:00,6,1,1,breakfast,rain,2,1
1593,218,2026-03-15 05:00:00,15,6,0,late_night,clear,12,2
1594,218,2026-02-19 08:00:00,19,3,0,breakfast,rain,10,1
1595,218,2026-06-06 19:00:00,6,5,1,lunch,rain,9,1
1596,218,2026-04-21 18:00:00,21,1,0,late_night,rain,14,4
1597,218,2026-02-22 09:00:00,22,6,0,lunch,clear,10,1
1598,218,2026-05-04 14:00:00,4,0,1,breakfast,extreme,6,2
1599,218,2026-01-13 20:00:00,13,1,0,lunch,rain,9,1
1600,219,2026-04-30 14:00:00,30,3,1,lunch,clear,14,2
1601,219,2026-01-13 14:00:00,13,1,0,lunch,extreme,13,2
1602,219,2026-06-04 23:00:00,4,3,1,lunch,clear,3,1
1603,219,2026-05-17 23:00:00,17,6,0,dinner,rain,9,1
1604,219,2026-01-25 08:00:00,25,6,1,late_night,clear,14,2
1605,219,2026-06-09 15:00:00,9,1,0,lunch,extreme,8,1
1606,219,2026-01-30 04:00:00,30,4,1,breakfast,extreme,3,1
1607,219,2026-01-28 13:00:00,28,2,1,lunch,clear,3,1
1608,220,2026-06-27 12:00:00,27,5,1,breakfast,clear,9,2
1609,220,2026-05-16 16:00:00,16,5,0,lunch,clear,13,2
1610,220,2026-01-17 09:00:00,17,5,0,dinner,rain,14,2
1611,220,2026-06-13 10:00:00,13,5,0,breakfast,extreme,1,1
1612,221,2026-04-02 08:00:00,2,3,1,lunch,clear,1,2
1613,222,2026-06-18 00:00:00,18,3,0,breakfast,clear,3,2
1614,222,2026-02-07 16:00:00,7,5,1,breakfast,clear,14,1
1615,222,2026-05-09 10:00:00,9,5,0,lunch,rain,3,1
1616,222,2026-01-28 12:00:00,28,2,1,lunch,clear,3,2
1617,222,2026-02-19 16:00:00,19,3,0,dinner,clear,10,1
1618,222,2026-03-02 17:00:00,2,0,1,late_night,clear,2,3
1619,223,2026-03-15 21:00:00,15,6,0,lunch,extreme,6,1
1620,223,2026-06-13 17:00:00,13,5,0,late_night,clear,14,1
1621,223,2026-05-24 02:00:00,24,6,0,late_night,rain,6,1
1622,223,2026-03-22 01:00:00,22,6,0,breakfast,clear,3,1
1623,223,2026-03-21 18:00:00,21,5,0,dinner,clear,8,1
1624,223,2026-02-04 13:00:00,4,2,1,breakfast,clear,8,1
1625,223,2026-03-27 02:00:00,27,4,1,breakfast,clear,12,5
1626,223,2026-03-30 14:00:00,30,0,1,late_night,clear,2,2
1627,223,2026-04-11 05:00:00,11,5,0,lunch,rain,2,1
1628,223,2026-02-22 07:00:00,22,6,0,late_night,clear,5,3
1629,223,2026-04-02 02:00:00,2,3,1,lunch,extreme,5,2
1630,223,2026-02-06 23:00:00,6,4,1,breakfast,clear,5,2
1631,224,2026-01-24 14:00:00,24,5,0,dinner,extreme,6,3
1632,224,2026-01-06 17:00:00,6,1,1,dinner,clear,11,1
1633,224,2026-01-22 04:00:00,22,3,0,breakfast,clear,6,1
1634,225,2026-04-13 22:00:00,13,0,0,breakfast,clear,1,1
1635,225,2026-05-08 10:00:00,8,4,0,lunch,rain,10,1
1636,225,2026-03-10 16:00:00,10,1,0,late_night,rain,9,1
1637,225,2026-04-20 21:00:00,20,0,0,late_night,clear,3,2
1638,225,2026-03-01 20:00:00,1,6,1,breakfast,clear,1,1
1639,225,2026-06-06 01:00:00,6,5,1,breakfast,clear,14,1
1640,225,2026-06-06 17:00:00,6,5,1,dinner,clear,6,1
1641,226,2026-04-15 15:00:00,15,2,0,dinner,clear,9,4
1642,226,2026-03-19 21:00:00,19,3,0,lunch,clear,5,2
1643,226,2026-06-23 06:00:00,23,1,0,lunch,clear,5,1
1644,226,2026-01-27 15:00:00,27,1,1,breakfast,clear,5,4
1645,226,2026-01-02 07:00:00,2,4,1,breakfast,clear,3,3
1646,226,2026-06-15 20:00:00,15,0,0,dinner,rain,5,1
1647,226,2026-05-20 14:00:00,20,2,0,late_night,clear,7,3
1648,226,2026-03-17 13:00:00,17,1,0,dinner,clear,6,1
1649,226,2026-06-09 20:00:00,9,1,0,dinner,clear,2,2
1650,226,2026-03-01 06:00:00,1,6,1,dinner,clear,2,2
1651,226,2026-05-14 23:00:00,14,3,0,lunch,rain,9,3
1652,226,2026-05-19 19:00:00,19,1,0,lunch,clear,5,2
1653,227,2026-06-20 17:00:00,20,5,0,late_night,clear,6,1
1654,227,2026-06-12 10:00:00,12,4,0,dinner,rain,3,2
1655,227,2026-03-16 20:00:00,16,0,0,breakfast,extreme,14,2
1656,227,2026-01-08 06:00:00,8,3,0,breakfast,clear,11,1
1657,227,2026-02-18 19:00:00,18,2,0,breakfast,clear,2,1
1658,227,2026-06-14 06:00:00,14,6,0,dinner,clear,13,1
1659,227,2026-05-28 08:00:00,28,3,1,breakfast,clear,2,1
1660,227,2026-01-26 07:00:00,26,0,1,dinner,rain,7,3
1661,227,2026-05-25 04:00:00,25,0,1,breakfast,rain,13,3
1662,227,2026-01-14 13:00:00,14,2,0,dinner,clear,11,2
1663,227,2026-04-22 03:00:00,22,2,0,dinner,extreme,11,2
1664,227,2026-03-04 00:00:00,4,2,1,lunch,clear,12,1
1665,228,2026-01-07 10:00:00,7,2,1,late_night,rain,2,2
1666,228,2026-01-08 00:00:00,8,3,0,lunch,extreme,10,1
1667,228,2026-05-20 08:00:00,20,2,0,breakfast,clear,13,4
1668,228,2026-01-29 23:00:00,29,3,1,breakfast,clear,6,5
1669,228,2026-03-09 01:00:00,9,0,0,dinner,clear,5,2
1670,228,2026-04-28 15:00:00,28,1,1,dinner,clear,13,1
1671,229,2026-05-09 16:00:00,9,5,0,lunch,rain,12,1
1672,229,2026-02-05 21:00:00,5,3,1,lunch,rain,14,3
1673,229,2026-05-09 07:00:00,9,5,0,dinner,extreme,8,4
1674,230,2026-01-12 20:00:00,12,0,0,lunch,clear,7,5
1675,230,2026-05-10 11:00:00,10,6,0,breakfast,clear,11,1
1676,230,2026-02-08 08:00:00,8,6,0,breakfast,clear,5,3
1677,230,2026-06-07 13:00:00,7,6,1,lunch,clear,8,1
1678,230,2026-05-12 04:00:00,12,1,0,late_night,rain,11,1
1679,230,2026-05-25 13:00:00,25,0,1,breakfast,extreme,4,1
1680,230,2026-02-08 20:00:00,8,6,0,dinner,extreme,10,2
1681,230,2026-02-02 14:00:00,2,0,1,breakfast,clear,7,1
1682,231,2026-06-29 23:00:00,29,0,1,dinner,clear,7,1
1683,231,2026-02-02 20:00:00,2,0,1,breakfast,clear,10,1
1684,231,2026-04-09 08:00:00,9,3,0,dinner,clear,5,2
1685,231,2026-03-09 03:00:00,9,0,0,dinner,clear,7,1
1686,231,2026-06-17 08:00:00,17,2,0,dinner,rain,13,1
1687,231,2026-02-09 10:00:00,9,0,0,breakfast,clear,6,2
1688,231,2026-02-18 07:00:00,18,2,0,breakfast,clear,4,2
1689,232,2026-01-05 03:00:00,5,0,1,breakfast,clear,10,1
1690,233,2026-05-26 21:00:00,26,1,1,dinner,clear,11,3
1691,233,2026-06-17 19:00:00,17,2,0,late_night,clear,10,5
1692,233,2026-01-30 21:00:00,30,4,1,dinner,clear,11,2
1693,233,2026-04-02 19:00:00,2,3,1,dinner,clear,1,1
1694,233,2026-01-19 18:00:00,19,0,0,late_night,clear,2,2
1695,233,2026-06-07 17:00:00,7,6,1,late_night,rain,11,2
1696,233,2026-03-09 17:00:00,9,0,0,dinner,clear,6,2
1697,233,2026-01-29 23:00:00,29,3,1,late_night,clear,3,3
1698,233,2026-03-12 07:00:00,12,3,0,lunch,extreme,11,1
1699,233,2026-01-26 03:00:00,26,0,1,breakfast,clear,2,2
1700,233,2026-02-15 20:00:00,15,6,0,breakfast,extreme,11,1
1701,233,2026-03-04 19:00:00,4,2,1,dinner,clear,10,1
1702,233,2026-05-04 10:00:00,4,0,1,late_night,clear,12,2
1703,233,2026-01-17 23:00:00,17,5,0,breakfast,extreme,14,1
1704,234,2026-05-02 07:00:00,2,5,1,lunch,rain,7,1
1705,234,2026-03-15 15:00:00,15,6,0,dinner,rain,1,1
1706,234,2026-05-31 12:00:00,31,6,1,breakfast,clear,4,1
1707,234,2026-04-28 19:00:00,28,1,1,dinner,clear,8,2
1708,234,2026-05-26 08:00:00,26,1,1,dinner,rain,4,1
1709,234,2026-06-28 14:00:00,28,6,1,late_night,clear,11,2
1710,234,2026-06-05 00:00:00,5,4,1,breakfast,clear,12,1
1711,235,2026-01-24 13:00:00,24,5,0,lunch,clear,8,3
1712,235,2026-03-26 20:00:00,26,3,1,breakfast,clear,4,2
1713,235,2026-01-21 08:00:00,21,2,0,dinner,rain,8,2
1714,235,2026-05-12 13:00:00,12,1,0,breakfast,rain,5,2
1715,235,2026-01-02 20:00:00,2,4,1,late_night,clear,11,1
1716,236,2026-05-09 19:00:00,9,5,0,dinner,clear,6,1
1717,236,2026-04-19 17:00:00,19,6,0,breakfast,rain,10,4
1718,236,2026-01-20 06:00:00,20,1,0,dinner,clear,3,1
1719,236,2026-02-28 15:00:00,28,5,1,breakfast,clear,14,1
1720,236,2026-04-12 23:00:00,12,6,0,late_night,clear,6,1
1721,237,2026-01-16 14:00:00,16,4,0,breakfast,clear,8,1
1722,237,2026-03-23 07:00:00,23,0,0,dinner,clear,11,3
1723,237,2026-06-04 19:00:00,4,3,1,breakfast,clear,11,1
1724,237,2026-05-08 14:00:00,8,4,0,lunch,clear,13,1
1725,237,2026-03-24 22:00:00,24,1,0,late_night,clear,1,1
1726,238,2026-03-28 13:00:00,28,5,1,late_night,rain,4,1
1727,238,2026-03-12 15:00:00,12,3,0,late_night,clear,1,2
1728,238,2026-01-19 17:00:00,19,0,0,breakfast,extreme,5,3
1729,238,2026-04-29 12:00:00,29,2,1,late_night,clear,9,1
1730,238,2026-02-18 01:00:00,18,2,0,lunch,clear,12,3
1731,238,2026-04-15 08:00:00,15,2,0,late_night,clear,1,1
1732,239,2026-05-12 01:00:00,12,1,0,breakfast,rain,12,1
1733,239,2026-05-05 07:00:00,5,1,1,dinner,extreme,14,1
1734,239,2026-01-13 09:00:00,13,1,0,lunch,extreme,11,3
1735,239,2026-06-25 09:00:00,25,3,1,lunch,rain,2,2
1736,239,2026-03-29 02:00:00,29,6,1,late_night,clear,4,1
1737,239,2026-06-04 07:00:00,4,3,1,late_night,clear,2,2
1738,239,2026-02-14 23:00:00,14,5,0,breakfast,clear,11,3
1739,239,2026-01-27 03:00:00,27,1,1,late_night,clear,3,1
1740,239,2026-02-20 04:00:00,20,4,0,breakfast,clear,13,1
1741,239,2026-06-01 20:00:00,1,0,1,breakfast,clear,2,1
1742,240,2026-01-09 15:00:00,9,4,0,dinner,clear,1,2
1743,240,2026-04-18 01:00:00,18,5,0,breakfast,clear,5,3
1744,240,2026-01-06 15:00:00,6,1,1,late_night,clear,13,2
1745,240,2026-06-11 12:00:00,11,3,0,dinner,clear,4,1
1746,240,2026-04-29 00:00:00,29,2,1,late_night,extreme,14,3
1747,240,2026-03-18 04:00:00,18,2,0,breakfast,clear,1,3
1748,240,2026-01-28 03:00:00,28,2,1,lunch,clear,4,1
1749,240,2026-02-13 15:00:00,13,4,0,dinner,clear,8,3
1750,240,2026-01-20 05:00:00,20,1,0,dinner,clear,2,1
1751,240,2026-02-22 11:00:00,22,6,0,late_night,clear,8,1
1752,240,2026-06-01 22:00:00,1,0,1,late_night,extreme,1,2
1753,240,2026-04-26 01:00:00,26,6,1,dinner,clear,1,2
1754,240,2026-06-29 12:00:00,29,0,1,late_night,clear,7,2
1755,241,2026-06-11 06:00:00,11,3,0,lunch,clear,1,1
1756,241,2026-01-04 04:00:00,4,6,1,late_night,rain,12,2
1757,241,2026-04-07 16:00:00,7,1,1,breakfast,clear,12,2
1758,241,2026-05-01 15:00:00,1,4,1,breakfast,extreme,10,1
1759,241,2026-06-21 15:00:00,21,6,0,breakfast,clear,10,1
1760,241,2026-06-22 17:00:00,22,0,0,lunch,rain,9,4
1761,241,2026-01-25 18:00:00,25,6,1,late_night,clear,8,2
1762,241,2026-05-22 14:00:00,22,4,0,dinner,rain,10,3
1763,241,2026-04-01 07:00:00,1,2,1,late_night,extreme,6,4
1764,241,2026-05-24 04:00:00,24,6,0,breakfast,clear,8,1
1765,241,2026-03-23 08:00:00,23,0,0,late_night,clear,7,1
1766,241,2026-03-24 01:00:00,24,1,0,late_night,clear,12,1
1767,241,2026-06-24 17:00:00,24,2,0,breakfast,clear,4,1
1768,241,2026-06-08 08:00:00,8,0,0,breakfast,clear,9,1
1769,242,2026-01-21 03:00:00,21,2,0,late_night,clear,6,1
1770,242,2026-06-06 13:00:00,6,5,1,breakfast,rain,14,3
1771,242,2026-04-20 06:00:00,20,0,0,dinner,clear,8,1
1772,242,2026-06-24 02:00:00,24,2,0,dinner,clear,8,2
1773,242,2026-03-17 05:00:00,17,1,0,late_night,clear,4,1
1774,242,2026-04-24 08:00:00,24,4,0,lunch,clear,10,1
1775,242,2026-04-12 05:00:00,12,6,0,breakfast,clear,9,1
1776,242,2026-03-02 04:00:00,2,0,1,breakfast,clear,13,1
1777,243,2026-05-10 08:00:00,10,6,0,lunch,clear,1,4
1778,243,2026-05-29 02:00:00,29,4,1,lunch,clear,5,2
1779,243,2026-03-06 15:00:00,6,4,1,dinner,rain,7,1
1780,244,2026-01-02 16:00:00,2,4,1,breakfast,extreme,8,1
1781,245,2026-06-28 23:00:00,28,6,1,breakfast,clear,12,1
1782,245,2026-06-11 08:00:00,11,3,0,lunch,clear,7,5
1783,246,2026-01-23 18:00:00,23,4,0,lunch,clear,10,1
1784,246,2026-06-23 19:00:00,23,1,0,dinner,clear,1,2
1785,246,2026-01-03 18:00:00,3,5,1,late_night,clear,6,5
1786,246,2026-02-18 06:00:00,18,2,0,breakfast,clear,1,1
1787,246,2026-01-14 18:00:00,14,2,0,dinner,clear,6,2
1788,246,2026-05-17 11:00:00,17,6,0,breakfast,clear,3,1
1789,247,2026-02-18 18:00:00,18,2,0,breakfast,clear,7,1
1790,247,2026-04-20 17:00:00,20,0,0,lunch,clear,6,2
1791,247,2026-01-26 12:00:00,26,0,1,lunch,clear,10,1
1792,247,2026-03-10 17:00:00,10,1,0,late_night,clear,4,2
1793,247,2026-03-08 21:00:00,8,6,0,dinner,clear,14,1
1794,247,2026-05-24 01:00:00,24,6,0,late_night,clear,11,1
1795,247,2026-03-27 10:00:00,27,4,1,dinner,clear,11,2
1796,247,2026-05-03 17:00:00,3,6,1,lunch,clear,14,3
1797,247,2026-05-12 08:00:00,12,1,0,breakfast,clear,14,1
1798,247,2026-06-16 12:00:00,16,1,0,dinner,clear,7,2
1799,247,2026-05-25 03:00:00,25,0,1,late_night,clear,10,1
1800,248,2026-01-24 18:00:00,24,5,0,lunch,clear,11,1
1801,248,2026-01-19 16:00:00,19,0,0,breakfast,clear,2,3
1802,248,2026-05-22 08:00:00,22,4,0,dinner,rain,4,1
1803,248,2026-04-22 19:00:00,22,2,0,late_night,clear,2,1
1804,248,2026-01-18 10:00:00,18,6,0,late_night,clear,13,1
1805,248,2026-05-29 00:00:00,29,4,1,late_night,clear,11,1
1806,248,2026-04-06 16:00:00,6,0,1,lunch,clear,4,1
1807,249,2026-03-03 08:00:00,3,1,1,lunch,clear,13,4
1808,250,2026-06-23 07:00:00,23,1,0,breakfast,clear,11,1
1809,250,2026-04-04 11:00:00,4,5,1,late_night,clear,11,1
1810,250,2026-05-22 18:00:00,22,4,0,breakfast,rain,5,1
1811,251,2026-05-27 01:00:00,27,2,1,dinner,clear,13,3
1812,251,2026-01-03 07:00:00,3,5,1,lunch,clear,8,1
1813,251,2026-02-03 03:00:00,3,1,1,dinner,clear,14,1
1814,251,2026-06-03 04:00:00,3,2,1,dinner,extreme,13,2
1815,251,2026-01-07 03:00:00,7,2,1,lunch,clear,10,1
1816,251,2026-01-11 18:00:00,11,6,0,breakfast,clear,6,4
1817,251,2026-01-06 16:00:00,6,1,1,late_night,clear,10,4
1818,251,2026-02-28 05:00:00,28,5,1,late_night,rain,5,1
1819,251,2026-05-03 00:00:00,3,6,1,late_night,clear,8,1
1820,251,2026-04-24 23:00:00,24,4,0,breakfast,extreme,11,2
1821,252,2026-01-16 01:00:00,16,4,0,late_night,clear,6,3
1822,252,2026-04-22 11:00:00,22,2,0,dinner,clear,6,1
1823,252,2026-02-20 08:00:00,20,4,0,dinner,rain,12,1
1824,252,2026-06-10 09:00:00,10,2,0,late_night,clear,14,2
1825,252,2026-06-29 03:00:00,29,0,1,lunch,clear,7,1
1826,252,2026-05-08 05:00:00,8,4,0,breakfast,clear,7,3
1827,252,2026-04-24 10:00:00,24,4,0,late_night,clear,1,1
1828,252,2026-03-19 03:00:00,19,3,0,late_night,rain,2,1
1829,252,2026-02-17 00:00:00,17,1,0,dinner,clear,8,2
1830,253,2026-06-19 12:00:00,19,4,0,breakfast,clear,5,2
1831,254,2026-02-19 19:00:00,19,3,0,lunch,clear,10,3
1832,254,2026-04-02 03:00:00,2,3,1,breakfast,extreme,2,2
1833,254,2026-04-04 07:00:00,4,5,1,late_night,clear,4,2
1834,254,2026-01-24 20:00:00,24,5,0,breakfast,rain,10,2
1835,254,2026-05-13 00:00:00,13,2,0,breakfast,clear,7,1
1836,254,2026-05-17 04:00:00,17,6,0,dinner,clear,13,1
1837,254,2026-02-22 21:00:00,22,6,0,late_night,clear,10,1
1838,254,2026-05-27 18:00:00,27,2,1,late_night,clear,7,2
1839,254,2026-01-13 09:00:00,13,1,0,late_night,clear,8,4
1840,254,2026-06-13 22:00:00,13,5,0,late_night,clear,5,1
1841,255,2026-04-16 01:00:00,16,3,0,breakfast,clear,7,1
1842,256,2026-02-15 05:00:00,15,6,0,lunch,clear,2,3
1843,256,2026-03-03 00:00:00,3,1,1,dinner,clear,9,1
1844,256,2026-01-30 04:00:00,30,4,1,lunch,rain,12,1
1845,256,2026-02-19 13:00:00,19,3,0,breakfast,clear,6,1
1846,256,2026-05-22 04:00:00,22,4,0,dinner,clear,11,2
1847,256,2026-03-15 23:00:00,15,6,0,breakfast,clear,6,5
1848,256,2026-03-29 03:00:00,29,6,1,lunch,clear,1,1
1849,256,2026-02-09 22:00:00,9,0,0,breakfast,clear,7,1
1850,256,2026-03-27 10:00:00,27,4,1,lunch,clear,13,2
1851,256,2026-05-03 03:00:00,3,6,1,lunch,extreme,13,4
1852,256,2026-02-15 23:00:00,15,6,0,late_night,clear,10,1
1853,256,2026-02-12 06:00:00,12,3,0,breakfast,clear,12,2
1854,256,2026-06-21 14:00:00,21,6,0,dinner,clear,9,3
1855,256,2026-03-07 05:00:00,7,5,1,dinner,clear,11,3
1856,257,2026-05-17 12:00:00,17,6,0,late_night,clear,10,1
1857,257,2026-05-25 05:00:00,25,0,1,breakfast,clear,10,4
1858,257,2026-05-10 05:00:00,10,6,0,dinner,clear,10,1
1859,257,2026-03-13 10:00:00,13,4,0,breakfast,rain,13,2
1860,257,2026-01-19 06:00:00,19,0,0,lunch,clear,12,1
1861,257,2026-02-24 01:00:00,24,1,0,dinner,clear,13,1
1862,257,2026-06-11 04:00:00,11,3,0,breakfast,clear,14,2
1863,257,2026-05-27 05:00:00,27,2,1,late_night,clear,14,2
1864,257,2026-05-10 17:00:00,10,6,0,breakfast,clear,13,1
1865,257,2026-03-10 04:00:00,10,1,0,lunch,rain,1,2
1866,257,2026-01-17 06:00:00,17,5,0,lunch,clear,3,1
1867,257,2026-05-01 04:00:00,1,4,1,breakfast,clear,6,1
1868,257,2026-02-27 18:00:00,27,4,1,lunch,clear,9,1
1869,258,2026-06-06 12:00:00,6,5,1,lunch,extreme,8,1
1870,258,2026-04-16 15:00:00,16,3,0,dinner,clear,1,2
1871,258,2026-03-24 08:00:00,24,1,0,dinner,clear,1,1
1872,258,2026-02-27 22:00:00,27,4,1,late_night,clear,14,3
1873,258,2026-05-25 12:00:00,25,0,1,dinner,clear,8,3
1874,258,2026-06-05 14:00:00,5,4,1,late_night,rain,14,1
1875,258,2026-03-16 20:00:00,16,0,0,lunch,rain,5,1
1876,258,2026-01-05 08:00:00,5,0,1,late_night,clear,13,3
1877,258,2026-03-18 00:00:00,18,2,0,dinner,clear,10,1
1878,258,2026-01-10 20:00:00,10,5,0,lunch,rain,2,5
1879,259,2026-05-01 21:00:00,1,4,1,late_night,clear,11,2
1880,259,2026-06-26 13:00:00,26,4,1,dinner,extreme,3,1
1881,259,2026-03-29 10:00:00,29,6,1,late_night,clear,10,1
1882,259,2026-01-26 02:00:00,26,0,1,dinner,clear,7,1
1883,259,2026-04-02 00:00:00,2,3,1,breakfast,rain,10,3
1884,259,2026-02-20 10:00:00,20,4,0,dinner,extreme,8,1
1885,259,2026-05-12 05:00:00,12,1,0,breakfast,rain,6,1
1886,259,2026-05-08 20:00:00,8,4,0,late_night,clear,10,1
1887,259,2026-01-06 12:00:00,6,1,1,late_night,clear,11,1
1888,259,2026-05-26 22:00:00,26,1,1,breakfast,clear,10,1
1889,260,2026-06-07 22:00:00,7,6,1,lunch,extreme,5,1
1890,260,2026-01-25 13:00:00,25,6,1,late_night,clear,1,3
1891,260,2026-02-21 04:00:00,21,5,0,late_night,clear,13,2
1892,260,2026-05-18 08:00:00,18,0,0,dinner,rain,14,4
1893,260,2026-06-23 03:00:00,23,1,0,lunch,rain,4,2
1894,260,2026-01-24 09:00:00,24,5,0,dinner,clear,7,2
1895,260,2026-03-01 11:00:00,1,6,1,late_night,clear,7,1
1896,260,2026-04-23 04:00:00,23,3,0,late_night,clear,3,4
1897,260,2026-05-03 05:00:00,3,6,1,late_night,clear,13,4
1898,260,2026-06-23 09:00:00,23,1,0,late_night,clear,10,5
1899,260,2026-02-05 01:00:00,5,3,1,breakfast,rain,1,1
1900,260,2026-06-05 21:00:00,5,4,1,late_night,clear,2,1
1901,260,2026-01-10 17:00:00,10,5,0,dinner,extreme,9,2
1902,261,2026-04-18 21:00:00,18,5,0,dinner,clear,4,5
1903,262,2026-01-05 23:00:00,5,0,1,lunch,clear,2,2
1904,262,2026-02-11 17:00:00,11,2,0,breakfast,extreme,5,1
1905,262,2026-03-05 06:00:00,5,3,1,breakfast,clear,11,4
1906,262,2026-06-03 02:00:00,3,2,1,late_night,extreme,1,1
1907,262,2026-06-24 05:00:00,24,2,0,late_night,extreme,11,5
1908,262,2026-03-20 23:00:00,20,4,0,late_night,rain,3,1
1909,262,2026-04-18 08:00:00,18,5,0,breakfast,clear,3,1
1910,262,2026-02-01 21:00:00,1,6,1,lunch,clear,14,1
1911,262,2026-05-13 03:00:00,13,2,0,late_night,rain,8,2
1912,263,2026-03-17 06:00:00,17,1,0,late_night,clear,4,1
1913,263,2026-05-22 19:00:00,22,4,0,dinner,clear,4,2
1914,263,2026-01-10 05:00:00,10,5,0,lunch,clear,14,1
1915,264,2026-06-15 03:00:00,15,0,0,lunch,clear,12,1
1916,264,2026-04-11 07:00:00,11,5,0,breakfast,clear,1,2
1917,264,2026-05-16 18:00:00,16,5,0,dinner,clear,7,5
1918,264,2026-05-13 19:00:00,13,2,0,late_night,clear,1,4
1919,264,2026-01-24 22:00:00,24,5,0,dinner,clear,6,2
1920,264,2026-04-24 17:00:00,24,4,0,lunch,clear,14,1
1921,264,2026-01-17 17:00:00,17,5,0,lunch,rain,14,1
1922,264,2026-03-02 21:00:00,2,0,1,late_night,extreme,3,2
1923,264,2026-03-29 03:00:00,29,6,1,dinner,clear,2,1
1924,264,2026-01-14 00:00:00,14,2,0,breakfast,clear,13,5
1925,265,2026-02-17 10:00:00,17,1,0,dinner,clear,4,1
1926,265,2026-02-24 22:00:00,24,1,0,late_night,clear,3,2
1927,265,2026-03-07 09:00:00,7,5,1,lunch,clear,6,2
1928,265,2026-02-03 20:00:00,3,1,1,late_night,clear,6,1
1929,265,2026-04-04 13:00:00,4,5,1,late_night,extreme,3,1
1930,265,2026-03-12 06:00:00,12,3,0,dinner,clear,11,1
1931,265,2026-04-22 19:00:00,22,2,0,breakfast,clear,9,1
1932,265,2026-05-21 19:00:00,21,3,0,lunch,extreme,8,3
1933,265,2026-06-09 04:00:00,9,1,0,dinner,clear,5,1
1934,265,2026-04-06 17:00:00,6,0,1,dinner,clear,13,2
1935,265,2026-04-09 02:00:00,9,3,0,lunch,rain,10,3
1936,265,2026-02-14 05:00:00,14,5,0,late_night,clear,10,1
1937,266,2026-03-22 21:00:00,22,6,0,lunch,rain,5,1
1938,266,2026-02-20 21:00:00,20,4,0,lunch,clear,7,1
1939,266,2026-02-01 23:00:00,1,6,1,breakfast,clear,8,1
1940,266,2026-03-12 16:00:00,12,3,0,breakfast,clear,6,1
1941,266,2026-01-20 12:00:00,20,1,0,lunch,clear,12,3
1942,266,2026-03-29 02:00:00,29,6,1,dinner,clear,8,5
1943,267,2026-03-13 04:00:00,13,4,0,dinner,rain,3,4
1944,267,2026-05-30 00:00:00,30,5,1,lunch,rain,10,1
1945,267,2026-06-22 06:00:00,22,0,0,dinner,clear,3,1
1946,267,2026-02-16 14:00:00,16,0,0,breakfast,clear,11,1
1947,267,2026-06-05 15:00:00,5,4,1,breakfast,clear,8,1
1948,268,2026-05-14 18:00:00,14,3,0,lunch,clear,4,2
1949,268,2026-02-23 19:00:00,23,0,0,late_night,extreme,10,1
1950,268,2026-05-18 13:00:00,18,0,0,lunch,extreme,7,1
1951,268,2026-06-16 16:00:00,16,1,0,late_night,clear,13,1
1952,268,2026-03-12 07:00:00,12,3,0,breakfast,clear,2,1
1953,268,2026-03-30 03:00:00,30,0,1,breakfast,clear,1,1
1954,268,2026-02-16 14:00:00,16,0,0,breakfast,extreme,3,1
1955,268,2026-04-15 06:00:00,15,2,0,breakfast,clear,5,5
1956,268,2026-05-29 17:00:00,29,4,1,lunch,extreme,5,2
1957,268,2026-06-25 18:00:00,25,3,1,late_night,clear,5,1
1958,268,2026-05-23 10:00:00,23,5,0,lunch,clear,14,1
1959,269,2026-04-22 00:00:00,22,2,0,dinner,clear,13,1
1960,269,2026-03-16 16:00:00,16,0,0,breakfast,rain,14,3
1961,269,2026-03-22 19:00:00,22,6,0,lunch,extreme,6,2
1962,269,2026-06-16 12:00:00,16,1,0,late_night,clear,12,2
1963,269,2026-01-22 14:00:00,22,3,0,breakfast,rain,9,1
1964,269,2026-02-11 10:00:00,11,2,0,lunch,extreme,11,2
1965,269,2026-05-08 17:00:00,8,4,0,late_night,rain,5,4
1966,269,2026-01-31 19:00:00,31,5,1,lunch,clear,12,3
1967,269,2026-05-26 23:00:00,26,1,1,dinner,clear,12,1
1968,269,2026-03-15 18:00:00,15,6,0,dinner,clear,5,1
1969,269,2026-03-27 21:00:00,27,4,1,dinner,clear,6,2
1970,269,2026-03-23 23:00:00,23,0,0,breakfast,extreme,6,1
1971,269,2026-05-08 06:00:00,8,4,0,breakfast,clear,7,1
1972,269,2026-06-07 08:00:00,7,6,1,dinner,rain,10,1
1973,270,2026-03-11 07:00:00,11,2,0,lunch,extreme,12,5
1974,270,2026-04-30 01:00:00,30,3,1,late_night,clear,10,4
1975,270,2026-06-10 13:00:00,10,2,0,late_night,clear,7,3
1976,270,2026-01-04 16:00:00,4,6,1,late_night,extreme,2,2
1977,271,2026-01-28 09:00:00,28,2,1,lunch,clear,14,2
1978,271,2026-04-17 08:00:00,17,4,0,late_night,clear,7,1
1979,271,2026-03-23 11:00:00,23,0,0,breakfast,rain,10,4
1980,271,2026-05-17 04:00:00,17,6,0,dinner,clear,2,2
1981,271,2026-03-07 18:00:00,7,5,1,dinner,clear,5,4
1982,271,2026-06-13 23:00:00,13,5,0,late_night,clear,2,2
1983,272,2026-01-11 07:00:00,11,6,0,lunch,clear,6,1
1984,272,2026-01-31 03:00:00,31,5,1,lunch,clear,1,1
1985,272,2026-04-29 20:00:00,29,2,1,breakfast,clear,3,1
1986,272,2026-01-19 11:00:00,19,0,0,dinner,clear,1,3
1987,272,2026-04-15 22:00:00,15,2,0,dinner,clear,6,2
1988,273,2026-05-06 03:00:00,6,2,1,lunch,extreme,6,4
1989,273,2026-03-23 02:00:00,23,0,0,late_night,extreme,3,1
1990,273,2026-01-20 05:00:00,20,1,0,lunch,rain,4,1
1991,273,2026-02-22 08:00:00,22,6,0,lunch,clear,9,5
1992,273,2026-05-27 15:00:00,27,2,1,lunch,clear,1,1
1993,273,2026-05-10 03:00:00,10,6,0,lunch,clear,7,1
1994,273,2026-03-26 01:00:00,26,3,1,dinner,extreme,10,2
1995,274,2026-04-02 09:00:00,2,3,1,dinner,clear,13,1
1996,274,2026-04-30 06:00:00,30,3,1,late_night,rain,11,2
1997,274,2026-06-20 06:00:00,20,5,0,breakfast,clear,6,1
1998,274,2026-06-14 11:00:00,14,6,0,lunch,rain,1,1
1999,274,2026-03-13 10:00:00,13,4,0,late_night,clear,13,1
2000,274,2026-02-24 07:00:00,24,1,0,lunch,clear,12,1
2001,274,2026-01-21 11:00:00,21,2,0,dinner,clear,10,1
2002,274,2026-06-19 15:00:00,19,4,0,lunch,rain,9,1
2003,274,2026-04-14 23:00:00,14,1,0,dinner,rain,9,1
2004,274,2026-05-07 08:00:00,7,3,1,breakfast,clear,8,1
2005,274,2026-04-26 18:00:00,26,6,1,lunch,clear,6,1
2006,274,2026-01-24 11:00:00,24,5,0,lunch,clear,5,2
2007,274,2026-01-31 03:00:00,31,5,1,dinner,clear,4,1
2008,275,2026-02-01 10:00:00,1,6,1,late_night,clear,12,1
2009,275,2026-04-26 03:00:00,26,6,1,breakfast,clear,5,1
2010,275,2026-01-20 19:00:00,20,1,0,lunch,rain,12,2
2011,275,2026-03-13 03:00:00,13,4,0,breakfast,rain,9,1
2012,275,2026-03-01 20:00:00,1,6,1,lunch,extreme,13,1
2013,275,2026-04-24 12:00:00,24,4,0,breakfast,rain,5,1
2014,275,2026-06-02 00:00:00,2,1,1,lunch,clear,7,1
2015,275,2026-01-23 21:00:00,23,4,0,lunch,clear,12,1
2016,275,2026-05-09 12:00:00,9,5,0,lunch,extreme,7,1
2017,275,2026-03-01 13:00:00,1,6,1,lunch,clear,11,1
2018,275,2026-03-26 19:00:00,26,3,1,lunch,clear,8,1
2019,275,2026-06-06 15:00:00,6,5,1,dinner,rain,12,1
2020,276,2026-05-07 10:00:00,7,3,1,lunch,rain,8,3
2021,276,2026-06-05 18:00:00,5,4,1,dinner,clear,6,1
2022,276,2026-02-08 07:00:00,8,6,0,breakfast,clear,14,1
2023,276,2026-03-21 09:00:00,21,5,0,dinner,clear,11,1
2024,276,2026-01-10 16:00:00,10,5,0,lunch,clear,7,1
2025,276,2026-06-22 12:00:00,22,0,0,lunch,clear,8,2
2026,277,2026-06-13 20:00:00,13,5,0,breakfast,clear,2,1
2027,277,2026-03-01 04:00:00,1,6,1,dinner,clear,6,4
2028,277,2026-03-25 06:00:00,25,2,1,lunch,rain,6,1
2029,277,2026-05-29 10:00:00,29,4,1,breakfast,extreme,14,2
2030,277,2026-03-06 03:00:00,6,4,1,breakfast,rain,12,2
2031,277,2026-03-05 18:00:00,5,3,1,breakfast,clear,7,2
2032,277,2026-05-29 04:00:00,29,4,1,late_night,clear,11,3
2033,277,2026-03-01 19:00:00,1,6,1,dinner,clear,9,2
2034,277,2026-02-07 22:00:00,7,5,1,dinner,clear,9,1
2035,277,2026-02-23 13:00:00,23,0,0,late_night,rain,10,3
2036,277,2026-01-17 19:00:00,17,5,0,dinner,extreme,14,1
2037,277,2026-04-02 15:00:00,2,3,1,late_night,extreme,3,1
2038,278,2026-01-01 18:00:00,1,3,1,late_night,rain,2,3
2039,278,2026-01-06 07:00:00,6,1,1,late_night,clear,1,5
2040,278,2026-03-25 18:00:00,25,2,1,late_night,rain,6,3
2041,278,2026-01-15 21:00:00,15,3,0,lunch,rain,8,1
2042,278,2026-01-19 03:00:00,19,0,0,dinner,clear,9,1
2043,278,2026-02-28 02:00:00,28,5,1,breakfast,clear,7,4
2044,278,2026-01-12 10:00:00,12,0,0,breakfast,rain,8,3
2045,278,2026-03-19 07:00:00,19,3,0,dinner,rain,11,3
2046,279,2026-03-01 08:00:00,1,6,1,dinner,rain,12,2
2047,280,2026-04-02 02:00:00,2,3,1,dinner,clear,4,1
2048,280,2026-04-03 02:00:00,3,4,1,lunch,clear,14,1
2049,280,2026-06-23 18:00:00,23,1,0,lunch,clear,10,3
2050,280,2026-03-25 15:00:00,25,2,1,dinner,clear,10,2
2051,281,2026-05-18 15:00:00,18,0,0,lunch,clear,4,1
2052,281,2026-03-18 01:00:00,18,2,0,breakfast,rain,13,1
2053,281,2026-05-25 21:00:00,25,0,1,lunch,clear,5,1
2054,281,2026-04-13 09:00:00,13,0,0,late_night,clear,10,1
2055,281,2026-05-29 04:00:00,29,4,1,late_night,clear,3,4
2056,281,2026-05-23 16:00:00,23,5,0,late_night,rain,11,1
2057,281,2026-03-18 06:00:00,18,2,0,late_night,rain,5,1
2058,281,2026-03-29 16:00:00,29,6,1,breakfast,clear,3,3
2059,281,2026-03-26 21:00:00,26,3,1,lunch,clear,12,1
2060,281,2026-01-05 14:00:00,5,0,1,late_night,clear,6,1
2061,281,2026-06-23 03:00:00,23,1,0,late_night,clear,4,2
2062,281,2026-04-25 01:00:00,25,5,1,breakfast,clear,14,1
2063,282,2026-01-08 12:00:00,8,3,0,breakfast,rain,8,1
2064,282,2026-06-03 15:00:00,3,2,1,dinner,rain,14,1
2065,282,2026-04-15 03:00:00,15,2,0,late_night,clear,6,1
2066,282,2026-01-24 10:00:00,24,5,0,lunch,rain,14,1
2067,282,2026-01-24 10:00:00,24,5,0,dinner,clear,10,1
2068,282,2026-03-19 22:00:00,19,3,0,dinner,rain,11,2
2069,282,2026-03-07 16:00:00,7,5,1,dinner,clear,11,1
2070,282,2026-03-02 02:00:00,2,0,1,lunch,clear,9,3
2071,282,2026-01-25 12:00:00,25,6,1,late_night,clear,14,1
2072,282,2026-05-24 06:00:00,24,6,0,lunch,clear,5,1
2073,282,2026-05-18 20:00:00,18,0,0,breakfast,extreme,2,1
2074,283,2026-03-24 15:00:00,24,1,0,late_night,rain,6,1
2075,283,2026-02-20 14:00:00,20,4,0,breakfast,clear,12,3
2076,283,2026-04-29 14:00:00,29,2,1,lunch,clear,6,4
2077,283,2026-02-09 07:00:00,9,0,0,late_night,clear,3,3
2078,283,2026-03-30 17:00:00,30,0,1,lunch,extreme,8,2
2079,283,2026-05-31 21:00:00,31,6,1,dinner,clear,1,3
2080,283,2026-02-02 11:00:00,2,0,1,breakfast,clear,4,1
2081,283,2026-06-02 00:00:00,2,1,1,dinner,clear,7,1
2082,283,2026-01-07 05:00:00,7,2,1,lunch,clear,4,3
2083,283,2026-01-31 22:00:00,31,5,1,late_night,clear,6,1
2084,283,2026-04-15 00:00:00,15,2,0,lunch,extreme,9,5
2085,283,2026-01-09 09:00:00,9,4,0,lunch,clear,4,2
2086,283,2026-06-17 15:00:00,17,2,0,late_night,clear,3,1
2087,283,2026-04-13 02:00:00,13,0,0,lunch,clear,11,1
2088,284,2026-05-24 03:00:00,24,6,0,lunch,clear,11,2
2089,284,2026-04-15 20:00:00,15,2,0,breakfast,clear,6,3
2090,284,2026-01-28 14:00:00,28,2,1,breakfast,clear,14,1
2091,284,2026-03-04 16:00:00,4,2,1,breakfast,clear,7,1
2092,284,2026-03-31 17:00:00,31,1,1,breakfast,clear,12,3
2093,284,2026-05-05 12:00:00,5,1,1,breakfast,clear,12,5
2094,284,2026-04-21 20:00:00,21,1,0,late_night,rain,13,3
2095,284,2026-04-12 02:00:00,12,6,0,dinner,clear,13,3
2096,284,2026-06-24 13:00:00,24,2,0,late_night,clear,4,1
2097,285,2026-05-11 19:00:00,11,0,0,dinner,clear,9,1
2098,285,2026-03-18 12:00:00,18,2,0,lunch,clear,4,1
2099,285,2026-04-23 19:00:00,23,3,0,dinner,extreme,4,1
2100,285,2026-05-26 15:00:00,26,1,1,late_night,clear,5,1
2101,285,2026-01-25 05:00:00,25,6,1,lunch,rain,2,1
2102,285,2026-05-27 09:00:00,27,2,1,lunch,clear,8,1
2103,285,2026-06-21 19:00:00,21,6,0,breakfast,extreme,11,1
2104,285,2026-02-08 07:00:00,8,6,0,late_night,clear,14,1
2105,285,2026-01-06 06:00:00,6,1,1,lunch,rain,14,1
2106,285,2026-05-13 16:00:00,13,2,0,breakfast,clear,11,1
2107,286,2026-03-14 00:00:00,14,5,0,lunch,rain,4,3
2108,286,2026-02-22 06:00:00,22,6,0,lunch,rain,4,1
2109,286,2026-05-20 08:00:00,20,2,0,late_night,clear,6,1
2110,286,2026-06-26 20:00:00,26,4,1,breakfast,clear,4,2
2111,286,2026-02-01 19:00:00,1,6,1,breakfast,clear,9,1
2112,286,2026-01-26 11:00:00,26,0,1,breakfast,clear,8,2
2113,286,2026-05-13 18:00:00,13,2,0,dinner,rain,1,2
2114,286,2026-05-29 07:00:00,29,4,1,breakfast,rain,10,2
2115,286,2026-02-01 09:00:00,1,6,1,dinner,clear,9,1
2116,286,2026-05-30 03:00:00,30,5,1,lunch,clear,13,2
2117,286,2026-01-09 09:00:00,9,4,0,late_night,clear,12,1
2118,286,2026-05-05 03:00:00,5,1,1,dinner,clear,6,2
2119,286,2026-06-15 20:00:00,15,0,0,dinner,rain,6,1
2120,287,2026-06-08 13:00:00,8,0,0,breakfast,rain,7,2
2121,288,2026-02-14 13:00:00,14,5,0,breakfast,extreme,9,2
2122,288,2026-03-22 05:00:00,22,6,0,dinner,clear,6,1
2123,288,2026-01-09 07:00:00,9,4,0,late_night,extreme,10,1
2124,288,2026-03-28 20:00:00,28,5,1,lunch,clear,13,2
2125,289,2026-05-24 01:00:00,24,6,0,lunch,extreme,9,1
2126,290,2026-02-11 17:00:00,11,2,0,late_night,clear,5,1
2127,290,2026-03-31 08:00:00,31,1,1,breakfast,clear,3,1
2128,290,2026-01-11 15:00:00,11,6,0,dinner,rain,2,3
2129,290,2026-04-20 17:00:00,20,0,0,late_night,clear,4,1
2130,290,2026-04-20 22:00:00,20,0,0,dinner,clear,1,1
2131,290,2026-05-23 23:00:00,23,5,0,lunch,clear,1,1
2132,291,2026-06-08 09:00:00,8,0,0,lunch,extreme,10,2
2133,291,2026-06-22 22:00:00,22,0,0,breakfast,extreme,8,1
2134,291,2026-03-20 11:00:00,20,4,0,dinner,rain,12,5
2135,291,2026-06-23 12:00:00,23,1,0,lunch,clear,6,1
2136,291,2026-06-14 15:00:00,14,6,0,dinner,clear,7,1
2137,291,2026-03-06 02:00:00,6,4,1,dinner,extreme,6,1
2138,291,2026-06-15 07:00:00,15,0,0,lunch,clear,13,1
2139,291,2026-03-08 20:00:00,8,6,0,late_night,clear,6,2
2140,291,2026-01-08 22:00:00,8,3,0,lunch,clear,5,1
2141,292,2026-01-08 14:00:00,8,3,0,breakfast,clear,12,1
2142,292,2026-06-04 13:00:00,4,3,1,lunch,extreme,9,3
2143,292,2026-01-31 05:00:00,31,5,1,breakfast,clear,8,1
2144,292,2026-04-04 08:00:00,4,5,1,late_night,clear,5,2
2145,292,2026-01-27 09:00:00,27,1,1,dinner,rain,13,2
2146,292,2026-03-02 08:00:00,2,0,1,late_night,clear,4,1
2147,292,2026-05-11 23:00:00,11,0,0,late_night,clear,6,1
2148,292,2026-05-18 15:00:00,18,0,0,breakfast,clear,13,3
2149,292,2026-05-23 10:00:00,23,5,0,dinner,clear,4,1
2150,292,2026-01-13 03:00:00,13,1,0,breakfast,clear,2,2
2151,292,2026-04-21 14:00:00,21,1,0,dinner,clear,5,4
2152,293,2026-06-16 01:00:00,16,1,0,breakfast,clear,7,1
2153,293,2026-04-28 09:00:00,28,1,1,late_night,clear,6,3
2154,293,2026-01-28 02:00:00,28,2,1,breakfast,clear,13,1
2155,293,2026-05-28 12:00:00,28,3,1,lunch,clear,13,1
2156,294,2026-03-22 02:00:00,22,6,0,dinner,extreme,6,2
2157,294,2026-03-04 17:00:00,4,2,1,dinner,rain,10,1
2158,294,2026-02-04 23:00:00,4,2,1,breakfast,clear,9,1
2159,295,2026-05-16 08:00:00,16,5,0,lunch,rain,14,1
2160,295,2026-06-02 04:00:00,2,1,1,lunch,extreme,10,2
2161,295,2026-01-24 07:00:00,24,5,0,lunch,clear,14,2
2162,295,2026-06-12 18:00:00,12,4,0,lunch,clear,8,1
2163,295,2026-02-10 02:00:00,10,1,0,dinner,rain,1,1
2164,295,2026-05-06 10:00:00,6,2,1,breakfast,clear,12,4
2165,295,2026-02-20 14:00:00,20,4,0,lunch,rain,6,1
2166,295,2026-01-03 02:00:00,3,5,1,breakfast,extreme,12,1
2167,295,2026-02-05 04:00:00,5,3,1,breakfast,clear,8,5
2168,295,2026-02-26 22:00:00,26,3,1,late_night,clear,9,1
2169,295,2026-05-30 08:00:00,30,5,1,late_night,clear,6,1
2170,295,2026-03-14 05:00:00,14,5,0,late_night,clear,14,1
2171,295,2026-02-14 16:00:00,14,5,0,lunch,clear,7,3
2172,295,2026-05-02 07:00:00,2,5,1,dinner,clear,4,5
2173,296,2026-03-24 10:00:00,24,1,0,breakfast,clear,5,2
2174,296,2026-03-27 22:00:00,27,4,1,lunch,clear,5,2
2175,296,2026-05-29 17:00:00,29,4,1,lunch,extreme,1,1
2176,296,2026-06-05 05:00:00,5,4,1,late_night,clear,10,1
2177,296,2026-05-08 22:00:00,8,4,0,late_night,extreme,10,1
2178,296,2026-06-25 00:00:00,25,3,1,lunch,clear,4,1
2179,296,2026-01-15 23:00:00,15,3,0,breakfast,rain,5,2
2180,296,2026-01-17 00:00:00,17,5,0,breakfast,clear,4,1
2181,297,2026-03-24 09:00:00,24,1,0,dinner,clear,4,2
2182,297,2026-02-26 10:00:00,26,3,1,lunch,clear,13,2
2183,297,2026-02-05 01:00:00,5,3,1,dinner,extreme,6,2
2184,297,2026-05-17 06:00:00,17,6,0,dinner,clear,12,2
2185,297,2026-03-22 12:00:00,22,6,0,dinner,extreme,6,1
2186,297,2026-04-10 17:00:00,10,4,0,breakfast,clear,5,1
2187,298,2026-01-21 20:00:00,21,2,0,dinner,extreme,7,1
2188,298,2026-04-23 20:00:00,23,3,0,lunch,clear,10,2
2189,298,2026-02-01 06:00:00,1,6,1,lunch,clear,3,1
2190,298,2026-04-30 11:00:00,30,3,1,lunch,extreme,9,1
2191,298,2026-05-22 18:00:00,22,4,0,lunch,clear,7,1
2192,298,2026-01-08 21:00:00,8,3,0,breakfast,clear,3,2
2193,298,2026-04-04 07:00:00,4,5,1,lunch,clear,1,1
2194,298,2026-04-02 07:00:00,2,3,1,dinner,extreme,5,3
2195,298,2026-03-25 02:00:00,25,2,1,lunch,extreme,2,2
2196,298,2026-03-19 15:00:00,19,3,0,lunch,clear,9,1
2197,298,2026-04-11 10:00:00,11,5,0,lunch,extreme,7,1
2198,298,2026-01-26 00:00:00,26,0,1,lunch,rain,13,1
2199,298,2026-03-10 07:00:00,10,1,0,late_night,clear,9,3
2200,299,2026-02-18 14:00:00,18,2,0,breakfast,clear,14,4
2201,299,2026-05-13 11:00:00,13,2,0,dinner,clear,3,1
2202,299,2026-04-30 03:00:00,30,3,1,breakfast,clear,13,1
2203,299,2026-01-10 03:00:00,10,5,0,late_night,clear,8,1
2204,299,2026-03-31 08:00:00,31,1,1,dinner,clear,11,3
2205,299,2026-01-30 05:00:00,30,4,1,dinner,extreme,10,1
2206,299,2026-06-27 09:00:00,27,5,1,late_night,rain,7,3
2207,299,2026-03-19 11:00:00,19,3,0,lunch,clear,3,3
2208,299,2026-03-08 09:00:00,8,6,0,late_night,clear,3,1
2209,300,2026-05-23 21:00:00,23,5,0,breakfast,clear,4,2
2210,300,2026-02-03 15:00:00,3,1,1,lunch,clear,6,2
2211,300,2026-01-27 04:00:00,27,1,1,lunch,clear,5,2
2212,300,2026-03-22 14:00:00,22,6,0,lunch,clear,7,1
2213,300,2026-03-22 07:00:00,22,6,0,dinner,clear,9,4
2214,300,2026-02-07 23:00:00,7,5,1,late_night,clear,6,1
2215,300,2026-01-22 10:00:00,22,3,0,lunch,clear,14,1
2216,300,2026-01-18 13:00:00,18,6,0,breakfast,clear,8,2
2217,300,2026-03-30 18:00:00,30,0,1,lunch,clear,7,2
2218,301,2026-04-17 09:00:00,17,4,0,breakfast,rain,4,1
2219,301,2026-05-14 13:00:00,14,3,0,late_night,clear,13,2
2220,301,2026-06-17 05:00:00,17,2,0,dinner,clear,14,2
2221,301,2026-03-17 14:00:00,17,1,0,late_night,extreme,13,2
2222,301,2026-01-15 20:00:00,15,3,0,lunch,rain,8,2
2223,301,2026-02-27 06:00:00,27,4,1,dinner,rain,3,1
2224,301,2026-04-28 20:00:00,28,1,1,dinner,clear,14,1
2225,301,2026-03-07 08:00:00,7,5,1,late_night,clear,1,2
2226,301,2026-01-26 02:00:00,26,0,1,lunch,clear,10,1
2227,301,2026-02-18 22:00:00,18,2,0,lunch,clear,9,1
2228,301,2026-01-15 06:00:00,15,3,0,dinner,rain,13,1
2229,301,2026-02-18 08:00:00,18,2,0,lunch,clear,7,2
2230,302,2026-05-30 22:00:00,30,5,1,late_night,clear,2,4
2231,302,2026-02-18 11:00:00,18,2,0,dinner,clear,13,3
2232,302,2026-06-05 18:00:00,5,4,1,lunch,rain,2,1
2233,302,2026-06-24 17:00:00,24,2,0,dinner,clear,6,1
2234,302,2026-01-11 02:00:00,11,6,0,lunch,clear,2,1
2235,302,2026-03-12 00:00:00,12,3,0,breakfast,rain,13,2
2236,302,2026-01-24 17:00:00,24,5,0,lunch,rain,5,1
2237,303,2026-01-16 19:00:00,16,4,0,dinner,extreme,2,1
2238,303,2026-02-16 07:00:00,16,0,0,late_night,clear,5,1
2239,303,2026-03-14 14:00:00,14,5,0,breakfast,rain,14,2
2240,303,2026-06-23 02:00:00,23,1,0,late_night,clear,6,1
2241,303,2026-01-13 20:00:00,13,1,0,breakfast,clear,11,1
2242,304,2026-05-05 21:00:00,5,1,1,late_night,clear,8,1
2243,304,2026-06-24 11:00:00,24,2,0,dinner,rain,11,2
2244,304,2026-05-08 16:00:00,8,4,0,late_night,clear,9,4
2245,304,2026-01-01 05:00:00,1,3,1,dinner,rain,9,1
2246,304,2026-05-29 10:00:00,29,4,1,dinner,clear,1,2
2247,304,2026-03-11 21:00:00,11,2,0,breakfast,rain,5,1
2248,304,2026-05-28 18:00:00,28,3,1,lunch,clear,12,1
2249,304,2026-04-25 14:00:00,25,5,1,late_night,rain,10,1
2250,304,2026-02-16 20:00:00,16,0,0,dinner,rain,6,2
2251,304,2026-05-24 01:00:00,24,6,0,lunch,rain,8,2
2252,304,2026-03-21 13:00:00,21,5,0,breakfast,extreme,12,1
2253,304,2026-01-09 06:00:00,9,4,0,lunch,clear,14,3
2254,304,2026-05-05 12:00:00,5,1,1,late_night,rain,6,2
2255,304,2026-01-03 06:00:00,3,5,1,late_night,rain,1,2
2256,305,2026-01-22 06:00:00,22,3,0,breakfast,clear,13,2
2257,305,2026-04-19 10:00:00,19,6,0,late_night,clear,5,1
2258,305,2026-04-25 18:00:00,25,5,1,dinner,extreme,6,1
2259,305,2026-01-09 00:00:00,9,4,0,breakfast,rain,8,1
2260,305,2026-05-15 04:00:00,15,4,0,late_night,clear,8,3
2261,305,2026-06-20 22:00:00,20,5,0,late_night,clear,14,2
2262,305,2026-06-27 08:00:00,27,5,1,late_night,rain,3,2
2263,305,2026-06-03 03:00:00,3,2,1,breakfast,clear,12,1
2264,305,2026-02-14 04:00:00,14,5,0,lunch,clear,9,3
2265,305,2026-05-22 17:00:00,22,4,0,late_night,clear,4,4
2266,305,2026-05-16 06:00:00,16,5,0,late_night,clear,4,1
2267,305,2026-06-22 13:00:00,22,0,0,dinner,clear,1,3
2268,305,2026-06-02 14:00:00,2,1,1,late_night,clear,3,5
2269,306,2026-01-05 20:00:00,5,0,1,lunch,rain,12,1
2270,306,2026-04-03 12:00:00,3,4,1,lunch,clear,2,1
2271,307,2026-03-28 12:00:00,28,5,1,dinner,rain,13,3
2272,307,2026-01-15 22:00:00,15,3,0,breakfast,extreme,3,1
2273,307,2026-03-28 21:00:00,28,5,1,late_night,clear,3,2
2274,307,2026-04-23 00:00:00,23,3,0,lunch,clear,9,1
2275,307,2026-04-14 06:00:00,14,1,0,dinner,extreme,2,1
2276,307,2026-03-03 23:00:00,3,1,1,lunch,clear,8,3
2277,307,2026-06-27 20:00:00,27,5,1,late_night,clear,3,1
2278,308,2026-06-23 01:00:00,23,1,0,breakfast,clear,7,3
2279,308,2026-05-14 18:00:00,14,3,0,dinner,clear,7,2
2280,308,2026-04-15 06:00:00,15,2,0,dinner,extreme,6,2
2281,308,2026-01-27 22:00:00,27,1,1,dinner,rain,13,1
2282,308,2026-03-05 12:00:00,5,3,1,lunch,clear,6,2
2283,308,2026-04-23 09:00:00,23,3,0,late_night,clear,3,3
2284,308,2026-04-17 12:00:00,17,4,0,lunch,clear,1,1
2285,308,2026-02-16 02:00:00,16,0,0,dinner,rain,5,1
2286,308,2026-06-05 04:00:00,5,4,1,dinner,rain,3,1
2287,309,2026-04-15 17:00:00,15,2,0,breakfast,rain,2,1
2288,309,2026-02-16 02:00:00,16,0,0,lunch,clear,11,1
2289,309,2026-02-16 04:00:00,16,0,0,dinner,extreme,6,5
2290,309,2026-05-30 02:00:00,30,5,1,lunch,clear,7,1
2291,309,2026-05-24 22:00:00,24,6,0,breakfast,clear,8,2
2292,309,2026-06-23 18:00:00,23,1,0,lunch,rain,12,1
2293,309,2026-05-07 09:00:00,7,3,1,breakfast,rain,3,1
2294,310,2026-06-08 12:00:00,8,0,0,lunch,rain,4,1
2295,310,2026-01-22 19:00:00,22,3,0,breakfast,clear,7,1
2296,310,2026-02-10 00:00:00,10,1,0,lunch,clear,3,1
2297,310,2026-05-20 12:00:00,20,2,0,late_night,rain,9,1
2298,310,2026-03-07 08:00:00,7,5,1,lunch,clear,13,1
2299,311,2026-01-14 03:00:00,14,2,0,breakfast,clear,1,1
2300,311,2026-02-05 17:00:00,5,3,1,breakfast,clear,12,1
2301,311,2026-04-27 13:00:00,27,0,1,breakfast,rain,1,5
2302,311,2026-05-10 14:00:00,10,6,0,breakfast,clear,5,1
2303,311,2026-02-16 06:00:00,16,0,0,dinner,clear,11,1
2304,311,2026-03-25 22:00:00,25,2,1,breakfast,rain,8,1
2305,311,2026-02-16 05:00:00,16,0,0,dinner,clear,12,1
2306,311,2026-01-25 08:00:00,25,6,1,lunch,extreme,9,1
2307,311,2026-06-25 06:00:00,25,3,1,lunch,clear,13,2
2308,311,2026-05-30 21:00:00,30,5,1,dinner,clear,13,1
2309,311,2026-06-08 23:00:00,8,0,0,lunch,clear,5,1
2310,312,2026-05-08 22:00:00,8,4,0,late_night,clear,8,1
2311,312,2026-01-18 01:00:00,18,6,0,lunch,extreme,9,1
2312,313,2026-02-12 12:00:00,12,3,0,lunch,clear,4,1
2313,313,2026-05-16 04:00:00,16,5,0,late_night,clear,9,1
2314,313,2026-01-22 22:00:00,22,3,0,dinner,rain,14,3
2315,313,2026-04-06 10:00:00,6,0,1,breakfast,clear,10,1
2316,313,2026-01-09 07:00:00,9,4,0,dinner,extreme,11,1
2317,313,2026-03-24 07:00:00,24,1,0,dinner,rain,14,2
2318,314,2026-06-26 12:00:00,26,4,1,lunch,extreme,8,2
2319,314,2026-03-17 19:00:00,17,1,0,dinner,clear,12,1
2320,314,2026-05-29 08:00:00,29,4,1,lunch,clear,11,4
2321,315,2026-01-02 09:00:00,2,4,1,dinner,clear,1,2
2322,315,2026-05-17 02:00:00,17,6,0,lunch,clear,3,1
2323,315,2026-03-23 05:00:00,23,0,0,breakfast,clear,9,1
2324,315,2026-06-02 13:00:00,2,1,1,breakfast,clear,11,1
2325,315,2026-04-29 04:00:00,29,2,1,breakfast,clear,3,2
2326,315,2026-01-11 06:00:00,11,6,0,late_night,rain,6,1
2327,315,2026-04-09 21:00:00,9,3,0,lunch,rain,4,4
2328,315,2026-05-26 16:00:00,26,1,1,late_night,rain,10,4
2329,315,2026-02-04 14:00:00,4,2,1,breakfast,clear,5,1
2330,315,2026-05-30 13:00:00,30,5,1,breakfast,clear,6,1
2331,315,2026-05-19 18:00:00,19,1,0,dinner,clear,10,1
2332,315,2026-03-13 22:00:00,13,4,0,dinner,clear,5,3
2333,315,2026-04-02 04:00:00,2,3,1,breakfast,clear,13,1
2334,316,2026-02-21 17:00:00,21,5,0,breakfast,rain,13,4
2335,316,2026-03-21 01:00:00,21,5,0,dinner,rain,6,3
2336,316,2026-06-01 10:00:00,1,0,1,dinner,clear,4,2
2337,316,2026-05-01 16:00:00,1,4,1,breakfast,clear,4,3
2338,316,2026-03-13 10:00:00,13,4,0,lunch,rain,12,4
2339,317,2026-03-05 06:00:00,5,3,1,dinner,clear,13,1
2340,318,2026-04-18 10:00:00,18,5,0,breakfast,clear,3,1
2341,318,2026-03-27 19:00:00,27,4,1,dinner,rain,13,3
2342,318,2026-06-13 02:00:00,13,5,0,dinner,clear,8,1
2343,319,2026-05-07 18:00:00,7,3,1,late_night,clear,4,1
2344,319,2026-04-14 09:00:00,14,1,0,dinner,clear,4,1
2345,319,2026-03-26 03:00:00,26,3,1,breakfast,rain,2,3
2346,319,2026-04-22 22:00:00,22,2,0,late_night,clear,10,1
2347,319,2026-05-17 10:00:00,17,6,0,lunch,rain,14,1
2348,319,2026-06-11 09:00:00,11,3,0,late_night,rain,13,2
2349,319,2026-02-03 14:00:00,3,1,1,lunch,clear,4,5
2350,319,2026-04-09 04:00:00,9,3,0,late_night,clear,3,1
2351,319,2026-02-09 07:00:00,9,0,0,breakfast,clear,3,1
2352,319,2026-05-10 05:00:00,10,6,0,dinner,rain,10,4
2353,320,2026-04-22 23:00:00,22,2,0,late_night,clear,1,3
2354,320,2026-03-30 14:00:00,30,0,1,lunch,clear,14,2
2355,321,2026-04-05 00:00:00,5,6,1,dinner,clear,14,1
2356,321,2026-04-20 04:00:00,20,0,0,breakfast,rain,10,1
2357,321,2026-02-08 06:00:00,8,6,0,breakfast,clear,11,4
2358,321,2026-02-21 08:00:00,21,5,0,dinner,extreme,14,2
2359,322,2026-02-12 21:00:00,12,3,0,lunch,clear,14,4
2360,322,2026-03-26 03:00:00,26,3,1,late_night,clear,1,1
2361,322,2026-02-10 22:00:00,10,1,0,breakfast,clear,1,1
2362,323,2026-05-09 18:00:00,9,5,0,breakfast,rain,13,1
2363,323,2026-06-18 03:00:00,18,3,0,breakfast,clear,3,1
2364,323,2026-02-16 00:00:00,16,0,0,dinner,clear,6,3
2365,323,2026-02-04 10:00:00,4,2,1,dinner,clear,8,3
2366,323,2026-05-04 04:00:00,4,0,1,dinner,clear,14,1
2367,323,2026-03-10 11:00:00,10,1,0,breakfast,extreme,14,2
2368,324,2026-06-21 22:00:00,21,6,0,dinner,clear,4,1
2369,324,2026-04-24 19:00:00,24,4,0,dinner,rain,12,1
2370,324,2026-02-19 17:00:00,19,3,0,late_night,clear,9,3
2371,324,2026-01-09 20:00:00,9,4,0,breakfast,clear,10,1
2372,325,2026-01-29 09:00:00,29,3,1,lunch,rain,1,1
2373,326,2026-04-07 05:00:00,7,1,1,breakfast,clear,1,1
2374,326,2026-02-09 13:00:00,9,0,0,late_night,clear,3,1
2375,326,2026-05-02 09:00:00,2,5,1,dinner,extreme,5,1
2376,326,2026-01-23 21:00:00,23,4,0,dinner,extreme,13,3
2377,326,2026-04-09 19:00:00,9,3,0,late_night,clear,4,2
2378,327,2026-04-07 05:00:00,7,1,1,dinner,clear,14,2
2379,328,2026-05-27 14:00:00,27,2,1,dinner,clear,5,3
2380,328,2026-02-11 19:00:00,11,2,0,dinner,rain,3,1
2381,328,2026-06-19 10:00:00,19,4,0,late_night,clear,7,1
2382,328,2026-02-19 11:00:00,19,3,0,lunch,clear,10,2
2383,328,2026-05-29 08:00:00,29,4,1,late_night,clear,14,3
2384,329,2026-03-19 07:00:00,19,3,0,lunch,clear,7,2
2385,329,2026-05-28 11:00:00,28,3,1,late_night,clear,1,1
2386,329,2026-01-07 07:00:00,7,2,1,lunch,clear,2,2
2387,329,2026-05-01 07:00:00,1,4,1,dinner,clear,3,1
2388,329,2026-03-31 07:00:00,31,1,1,dinner,clear,3,4
2389,329,2026-02-09 21:00:00,9,0,0,lunch,clear,4,2
2390,330,2026-05-13 17:00:00,13,2,0,breakfast,rain,9,1
2391,330,2026-02-20 01:00:00,20,4,0,lunch,clear,8,1
2392,330,2026-04-16 08:00:00,16,3,0,dinner,rain,10,1
2393,330,2026-04-26 07:00:00,26,6,1,dinner,extreme,2,1
2394,330,2026-05-10 03:00:00,10,6,0,lunch,clear,6,2
2395,330,2026-02-24 00:00:00,24,1,0,breakfast,clear,8,2
2396,330,2026-01-13 02:00:00,13,1,0,breakfast,rain,3,4
2397,330,2026-06-08 08:00:00,8,0,0,lunch,clear,9,2
2398,330,2026-06-04 12:00:00,4,3,1,late_night,rain,9,1
2399,331,2026-04-07 08:00:00,7,1,1,lunch,rain,14,2
2400,331,2026-03-21 09:00:00,21,5,0,dinner,clear,4,1
2401,331,2026-03-21 22:00:00,21,5,0,breakfast,rain,5,5
2402,331,2026-01-15 22:00:00,15,3,0,late_night,rain,1,1
2403,331,2026-01-14 14:00:00,14,2,0,dinner,clear,3,2
2404,331,2026-06-19 20:00:00,19,4,0,late_night,extreme,6,1
2405,331,2026-06-18 13:00:00,18,3,0,late_night,clear,12,2
2406,331,2026-05-21 09:00:00,21,3,0,breakfast,clear,8,1
2407,331,2026-04-24 20:00:00,24,4,0,dinner,clear,9,2
2408,331,2026-03-15 22:00:00,15,6,0,breakfast,clear,14,4
2409,331,2026-04-08 14:00:00,8,2,0,late_night,clear,9,1
2410,331,2026-04-07 19:00:00,7,1,1,lunch,rain,9,1
2411,331,2026-03-02 10:00:00,2,0,1,lunch,clear,2,1
2412,332,2026-05-16 09:00:00,16,5,0,lunch,clear,4,1
2413,332,2026-03-19 15:00:00,19,3,0,breakfast,rain,12,1
2414,332,2026-04-02 13:00:00,2,3,1,dinner,clear,6,3
2415,332,2026-01-07 20:00:00,7,2,1,lunch,clear,13,3
2416,332,2026-05-07 09:00:00,7,3,1,dinner,clear,2,2
2417,332,2026-02-26 18:00:00,26,3,1,late_night,rain,12,2
2418,332,2026-06-16 15:00:00,16,1,0,dinner,clear,1,1
2419,332,2026-04-22 06:00:00,22,2,0,breakfast,rain,13,2
2420,332,2026-06-08 02:00:00,8,0,0,breakfast,rain,10,1
2421,332,2026-01-14 05:00:00,14,2,0,dinner,clear,10,2
2422,332,2026-01-07 23:00:00,7,2,1,dinner,clear,1,1
2423,332,2026-01-04 01:00:00,4,6,1,lunch,clear,10,1
2424,333,2026-04-09 04:00:00,9,3,0,late_night,clear,11,1
2425,333,2026-01-11 22:00:00,11,6,0,breakfast,clear,9,3
2426,333,2026-03-26 08:00:00,26,3,1,late_night,rain,14,1
2427,333,2026-06-01 19:00:00,1,0,1,late_night,rain,1,1
2428,334,2026-05-26 18:00:00,26,1,1,breakfast,clear,13,1
2429,334,2026-03-30 08:00:00,30,0,1,lunch,extreme,11,1
2430,334,2026-03-17 02:00:00,17,1,0,dinner,rain,1,1
2431,334,2026-02-15 19:00:00,15,6,0,late_night,clear,2,1
2432,334,2026-03-13 07:00:00,13,4,0,dinner,clear,14,2
2433,334,2026-06-13 22:00:00,13,5,0,breakfast,extreme,11,1
2434,334,2026-03-02 16:00:00,2,0,1,lunch,rain,8,2
2435,334,2026-06-16 18:00:00,16,1,0,breakfast,clear,6,3
2436,334,2026-05-27 04:00:00,27,2,1,dinner,clear,1,3
2437,334,2026-05-13 11:00:00,13,2,0,breakfast,extreme,4,1
2438,335,2026-05-26 05:00:00,26,1,1,late_night,clear,10,1
2439,335,2026-02-17 19:00:00,17,1,0,lunch,clear,10,1
2440,335,2026-04-18 22:00:00,18,5,0,late_night,clear,9,2
2441,335,2026-01-22 14:00:00,22,3,0,lunch,clear,11,1
2442,335,2026-02-23 01:00:00,23,0,0,dinner,clear,8,3
2443,335,2026-01-09 06:00:00,9,4,0,lunch,clear,14,2
2444,335,2026-03-19 00:00:00,19,3,0,dinner,clear,4,2
2445,335,2026-03-24 19:00:00,24,1,0,breakfast,clear,3,1
2446,336,2026-02-17 03:00:00,17,1,0,late_night,clear,10,1
2447,336,2026-06-29 19:00:00,29,0,1,dinner,clear,3,1
2448,336,2026-05-17 21:00:00,17,6,0,lunch,clear,10,1
2449,336,2026-04-12 12:00:00,12,6,0,breakfast,rain,14,2
2450,336,2026-02-07 23:00:00,7,5,1,dinner,clear,3,4
2451,336,2026-02-15 20:00:00,15,6,0,late_night,clear,3,1
2452,336,2026-05-13 16:00:00,13,2,0,dinner,clear,9,4
2453,336,2026-06-07 02:00:00,7,6,1,dinner,clear,14,1
2454,336,2026-03-31 21:00:00,31,1,1,lunch,extreme,14,3
2455,336,2026-02-08 06:00:00,8,6,0,breakfast,clear,5,1
2456,337,2026-06-13 18:00:00,13,5,0,dinner,clear,13,2
2457,337,2026-05-20 23:00:00,20,2,0,lunch,extreme,5,2
2458,338,2026-06-28 00:00:00,28,6,1,lunch,clear,9,2
2459,338,2026-03-29 01:00:00,29,6,1,breakfast,clear,6,4
2460,338,2026-01-13 10:00:00,13,1,0,lunch,rain,2,3
2461,338,2026-04-26 18:00:00,26,6,1,late_night,rain,12,5
2462,338,2026-04-29 08:00:00,29,2,1,breakfast,clear,5,3
2463,338,2026-02-26 22:00:00,26,3,1,lunch,clear,4,1
2464,338,2026-04-18 20:00:00,18,5,0,breakfast,clear,1,1
2465,338,2026-01-22 06:00:00,22,3,0,breakfast,clear,13,1
2466,339,2026-01-15 18:00:00,15,3,0,lunch,clear,1,2
2467,339,2026-04-10 18:00:00,10,4,0,breakfast,extreme,7,2
2468,339,2026-02-24 14:00:00,24,1,0,late_night,rain,10,1
2469,339,2026-05-15 04:00:00,15,4,0,dinner,rain,12,2
2470,339,2026-04-29 17:00:00,29,2,1,late_night,clear,3,3
2471,339,2026-05-31 04:00:00,31,6,1,late_night,clear,13,2
2472,339,2026-05-20 14:00:00,20,2,0,dinner,clear,5,2
2473,339,2026-02-22 14:00:00,22,6,0,dinner,extreme,8,1
2474,340,2026-05-29 17:00:00,29,4,1,late_night,clear,14,1
2475,340,2026-01-28 21:00:00,28,2,1,breakfast,clear,4,5
2476,340,2026-05-01 19:00:00,1,4,1,lunch,extreme,4,3
2477,340,2026-06-20 23:00:00,20,5,0,late_night,clear,6,1
2478,340,2026-01-02 10:00:00,2,4,1,lunch,clear,10,1
2479,341,2026-04-08 06:00:00,8,2,0,breakfast,extreme,12,1
2480,341,2026-05-29 19:00:00,29,4,1,late_night,extreme,2,2
2481,341,2026-04-03 09:00:00,3,4,1,breakfast,extreme,5,3
2482,341,2026-01-30 20:00:00,30,4,1,lunch,clear,6,1
2483,341,2026-04-18 17:00:00,18,5,0,late_night,clear,3,3
2484,341,2026-02-11 00:00:00,11,2,0,lunch,clear,6,1
2485,341,2026-01-29 16:00:00,29,3,1,late_night,clear,11,1
2486,341,2026-01-23 23:00:00,23,4,0,dinner,rain,2,1
2487,341,2026-04-12 18:00:00,12,6,0,late_night,clear,5,1
2488,341,2026-06-23 14:00:00,23,1,0,dinner,clear,9,1
2489,341,2026-06-10 23:00:00,10,2,0,late_night,rain,13,1
2490,342,2026-04-11 22:00:00,11,5,0,late_night,rain,8,2
2491,342,2026-02-26 18:00:00,26,3,1,breakfast,rain,7,4
2492,342,2026-03-07 17:00:00,7,5,1,late_night,clear,14,3
2493,343,2026-04-06 17:00:00,6,0,1,breakfast,clear,5,5
2494,343,2026-04-23 15:00:00,23,3,0,dinner,clear,5,1
2495,343,2026-06-28 21:00:00,28,6,1,dinner,clear,11,1
2496,343,2026-03-05 21:00:00,5,3,1,dinner,rain,2,5
2497,343,2026-06-20 11:00:00,20,5,0,breakfast,clear,8,5
2498,343,2026-02-07 07:00:00,7,5,1,breakfast,clear,11,2
2499,343,2026-06-22 04:00:00,22,0,0,breakfast,clear,3,1
2500,343,2026-05-08 22:00:00,8,4,0,dinner,clear,6,4
2501,343,2026-06-11 11:00:00,11,3,0,dinner,clear,5,1
2502,343,2026-03-12 19:00:00,12,3,0,late_night,clear,12,2
2503,343,2026-01-20 08:00:00,20,1,0,late_night,clear,4,5
2504,343,2026-05-04 21:00:00,4,0,1,breakfast,rain,4,2
2505,343,2026-03-31 14:00:00,31,1,1,breakfast,clear,9,1
2506,344,2026-05-23 14:00:00,23,5,0,lunch,rain,2,1
2507,344,2026-06-24 17:00:00,24,2,0,breakfast,rain,3,1
2508,344,2026-04-20 04:00:00,20,0,0,dinner,rain,5,1
2509,344,2026-03-18 17:00:00,18,2,0,lunch,extreme,4,1
2510,344,2026-03-30 03:00:00,30,0,1,lunch,clear,10,1
2511,344,2026-04-05 18:00:00,5,6,1,lunch,clear,12,1
2512,344,2026-05-28 06:00:00,28,3,1,breakfast,rain,6,1
2513,344,2026-06-25 21:00:00,25,3,1,late_night,clear,10,1
2514,345,2026-03-16 11:00:00,16,0,0,lunch,clear,3,4
2515,345,2026-02-18 18:00:00,18,2,0,late_night,clear,3,3
2516,345,2026-02-10 16:00:00,10,1,0,dinner,clear,4,2
2517,345,2026-05-26 21:00:00,26,1,1,lunch,rain,11,2
2518,345,2026-06-09 20:00:00,9,1,0,dinner,clear,13,2
2519,345,2026-04-12 03:00:00,12,6,0,lunch,clear,10,2
2520,345,2026-04-12 10:00:00,12,6,0,late_night,rain,11,5
2521,345,2026-05-07 15:00:00,7,3,1,dinner,clear,7,1
2522,345,2026-03-01 17:00:00,1,6,1,breakfast,clear,14,5
2523,345,2026-04-02 19:00:00,2,3,1,late_night,rain,3,1
2524,345,2026-02-02 00:00:00,2,0,1,breakfast,clear,2,1
2525,346,2026-03-29 04:00:00,29,6,1,dinner,extreme,10,1
2526,346,2026-04-08 02:00:00,8,2,0,dinner,clear,5,1
2527,347,2026-02-20 05:00:00,20,4,0,breakfast,clear,10,2
2528,347,2026-01-07 20:00:00,7,2,1,late_night,extreme,13,3
2529,347,2026-02-28 17:00:00,28,5,1,dinner,clear,8,1
2530,347,2026-01-18 09:00:00,18,6,0,late_night,extreme,12,2
2531,347,2026-03-25 15:00:00,25,2,1,breakfast,rain,1,1
2532,347,2026-01-04 21:00:00,4,6,1,late_night,clear,4,5
2533,347,2026-01-19 23:00:00,19,0,0,lunch,clear,3,2
2534,348,2026-03-03 09:00:00,3,1,1,late_night,clear,13,2
2535,348,2026-02-18 02:00:00,18,2,0,late_night,clear,2,1
2536,348,2026-01-20 15:00:00,20,1,0,late_night,rain,12,2
2537,348,2026-02-28 09:00:00,28,5,1,breakfast,clear,4,1
2538,348,2026-06-06 15:00:00,6,5,1,late_night,rain,8,1
2539,348,2026-03-24 02:00:00,24,1,0,late_night,clear,14,5
2540,349,2026-02-22 17:00:00,22,6,0,breakfast,clear,5,3
2541,349,2026-02-05 12:00:00,5,3,1,lunch,clear,12,1
2542,349,2026-03-12 15:00:00,12,3,0,dinner,clear,10,1
2543,349,2026-04-26 21:00:00,26,6,1,late_night,clear,6,1
2544,349,2026-06-09 02:00:00,9,1,0,dinner,clear,8,1
2545,349,2026-01-31 22:00:00,31,5,1,dinner,clear,13,2
2546,349,2026-01-14 12:00:00,14,2,0,lunch,clear,7,1
2547,349,2026-01-15 06:00:00,15,3,0,late_night,rain,14,1
2548,349,2026-03-01 05:00:00,1,6,1,late_night,rain,14,3
2549,349,2026-02-06 09:00:00,6,4,1,late_night,clear,7,2
2550,349,2026-06-10 20:00:00,10,2,0,late_night,clear,14,1
2551,349,2026-03-13 11:00:00,13,4,0,lunch,clear,2,1
2552,350,2026-02-12 21:00:00,12,3,0,late_night,rain,2,1
2553,350,2026-06-03 11:00:00,3,2,1,lunch,clear,13,1
2554,350,2026-02-20 03:00:00,20,4,0,breakfast,rain,10,1
2555,350,2026-06-25 06:00:00,25,3,1,late_night,clear,14,1
2556,350,2026-03-22 19:00:00,22,6,0,late_night,rain,5,1
2557,350,2026-05-10 06:00:00,10,6,0,breakfast,rain,4,3
2558,350,2026-03-08 04:00:00,8,6,0,lunch,clear,1,1
2559,350,2026-06-13 14:00:00,13,5,0,breakfast,clear,10,1
2560,351,2026-04-04 14:00:00,4,5,1,lunch,rain,8,2
2561,351,2026-04-18 13:00:00,18,5,0,dinner,rain,1,3
2562,351,2026-05-02 19:00:00,2,5,1,dinner,clear,1,1
2563,352,2026-02-04 19:00:00,4,2,1,dinner,clear,9,1
2564,352,2026-01-04 10:00:00,4,6,1,lunch,clear,6,1
2565,353,2026-03-08 02:00:00,8,6,0,dinner,extreme,2,1
2566,353,2026-06-16 06:00:00,16,1,0,lunch,extreme,5,2
2567,353,2026-06-05 09:00:00,5,4,1,dinner,rain,12,3
2568,353,2026-05-08 00:00:00,8,4,0,dinner,clear,7,4
2569,353,2026-06-18 06:00:00,18,3,0,lunch,extreme,6,1
2570,353,2026-03-12 08:00:00,12,3,0,breakfast,clear,10,4
2571,354,2026-03-03 07:00:00,3,1,1,breakfast,clear,13,1
2572,354,2026-05-07 03:00:00,7,3,1,lunch,extreme,8,1
2573,354,2026-04-14 08:00:00,14,1,0,lunch,clear,12,1
2574,354,2026-06-11 10:00:00,11,3,0,dinner,clear,11,2
2575,354,2026-01-19 19:00:00,19,0,0,late_night,rain,1,4
2576,354,2026-01-24 01:00:00,24,5,0,lunch,clear,2,2
2577,355,2026-03-25 05:00:00,25,2,1,late_night,clear,3,1
2578,355,2026-01-22 22:00:00,22,3,0,late_night,clear,14,4
2579,355,2026-04-19 00:00:00,19,6,0,breakfast,clear,12,1
2580,355,2026-06-06 23:00:00,6,5,1,lunch,clear,5,1
2581,355,2026-05-09 05:00:00,9,5,0,late_night,rain,3,1
2582,355,2026-01-17 11:00:00,17,5,0,dinner,clear,6,1
2583,355,2026-03-23 00:00:00,23,0,0,dinner,clear,9,2
2584,355,2026-03-09 11:00:00,9,0,0,late_night,clear,9,1
2585,356,2026-06-12 06:00:00,12,4,0,dinner,rain,2,1
2586,356,2026-01-14 21:00:00,14,2,0,breakfast,clear,1,1
2587,356,2026-01-22 16:00:00,22,3,0,late_night,extreme,14,3
2588,356,2026-05-17 05:00:00,17,6,0,breakfast,extreme,11,1
2589,356,2026-04-05 08:00:00,5,6,1,breakfast,clear,7,1
2590,356,2026-01-28 03:00:00,28,2,1,dinner,clear,5,1
2591,356,2026-06-11 22:00:00,11,3,0,lunch,clear,8,2
2592,356,2026-05-08 06:00:00,8,4,0,late_night,rain,11,1
2593,356,2026-03-10 04:00:00,10,1,0,breakfast,clear,7,1
2594,357,2026-05-19 22:00:00,19,1,0,lunch,rain,6,2
2595,357,2026-03-20 22:00:00,20,4,0,breakfast,clear,6,2
2596,357,2026-03-20 04:00:00,20,4,0,late_night,clear,8,1
2597,357,2026-06-18 11:00:00,18,3,0,late_night,clear,9,2
2598,357,2026-04-02 02:00:00,2,3,1,lunch,extreme,13,1
2599,357,2026-06-16 11:00:00,16,1,0,breakfast,clear,10,2
2600,358,2026-01-11 03:00:00,11,6,0,breakfast,clear,7,3
2601,359,2026-02-23 15:00:00,23,0,0,dinner,clear,1,2
2602,359,2026-03-09 08:00:00,9,0,0,breakfast,rain,2,1
2603,359,2026-02-02 18:00:00,2,0,1,late_night,clear,4,1
2604,359,2026-02-17 05:00:00,17,1,0,dinner,rain,6,1
2605,359,2026-01-04 21:00:00,4,6,1,late_night,rain,10,1
2606,359,2026-05-25 02:00:00,25,0,1,lunch,clear,14,2
2607,359,2026-04-02 11:00:00,2,3,1,late_night,rain,2,2
2608,359,2026-03-28 18:00:00,28,5,1,breakfast,clear,10,2
2609,359,2026-01-21 12:00:00,21,2,0,late_night,extreme,1,1
2610,359,2026-03-25 16:00:00,25,2,1,breakfast,extreme,4,1
2611,359,2026-02-05 19:00:00,5,3,1,breakfast,rain,11,1
2612,359,2026-02-24 10:00:00,24,1,0,dinner,clear,14,1
2613,360,2026-02-05 05:00:00,5,3,1,lunch,extreme,4,1
2614,360,2026-06-16 08:00:00,16,1,0,dinner,clear,3,1
2615,360,2026-04-08 19:00:00,8,2,0,breakfast,clear,13,3
2616,360,2026-02-02 00:00:00,2,0,1,breakfast,clear,7,1
2617,360,2026-04-05 10:00:00,5,6,1,lunch,rain,10,4
2618,360,2026-06-04 07:00:00,4,3,1,dinner,rain,10,1
2619,360,2026-02-09 13:00:00,9,0,0,dinner,clear,10,2
2620,360,2026-05-11 13:00:00,11,0,0,late_night,extreme,5,1
2621,360,2026-01-23 22:00:00,23,4,0,dinner,clear,9,1
2622,361,2026-05-21 22:00:00,21,3,0,breakfast,clear,8,5
2623,361,2026-04-09 13:00:00,9,3,0,lunch,clear,11,2
2624,361,2026-05-20 07:00:00,20,2,0,lunch,clear,8,1
2625,361,2026-03-24 14:00:00,24,1,0,breakfast,clear,14,2
2626,361,2026-01-27 18:00:00,27,1,1,lunch,clear,7,3
2627,361,2026-06-21 13:00:00,21,6,0,dinner,rain,7,1
2628,361,2026-04-30 02:00:00,30,3,1,dinner,clear,7,1
2629,361,2026-06-20 13:00:00,20,5,0,dinner,clear,4,1
2630,361,2026-03-27 17:00:00,27,4,1,lunch,clear,3,1
2631,361,2026-04-24 03:00:00,24,4,0,breakfast,clear,6,3
2632,361,2026-01-03 16:00:00,3,5,1,dinner,rain,13,1
2633,362,2026-01-31 12:00:00,31,5,1,lunch,clear,9,2
2634,362,2026-01-27 22:00:00,27,1,1,breakfast,rain,7,2
2635,362,2026-05-29 18:00:00,29,4,1,lunch,clear,5,4
2636,362,2026-06-10 19:00:00,10,2,0,lunch,clear,8,1
2637,362,2026-04-15 04:00:00,15,2,0,breakfast,extreme,4,1
2638,362,2026-05-25 10:00:00,25,0,1,breakfast,clear,10,2
2639,362,2026-02-13 09:00:00,13,4,0,late_night,clear,5,2
2640,362,2026-02-16 23:00:00,16,0,0,dinner,rain,9,4
2641,362,2026-02-21 00:00:00,21,5,0,dinner,clear,4,4
2642,362,2026-06-16 09:00:00,16,1,0,late_night,clear,9,2
2643,362,2026-03-10 08:00:00,10,1,0,dinner,clear,1,1
2644,362,2026-03-13 09:00:00,13,4,0,late_night,clear,4,1
2645,362,2026-03-12 21:00:00,12,3,0,dinner,clear,1,1
2646,362,2026-03-21 02:00:00,21,5,0,dinner,extreme,10,1
2647,363,2026-05-15 10:00:00,15,4,0,late_night,clear,7,1
2648,363,2026-06-06 02:00:00,6,5,1,breakfast,clear,9,1
2649,363,2026-04-07 12:00:00,7,1,1,late_night,clear,4,1
2650,363,2026-06-17 06:00:00,17,2,0,late_night,clear,2,2
2651,364,2026-06-13 11:00:00,13,5,0,late_night,clear,13,1
2652,364,2026-01-08 19:00:00,8,3,0,late_night,clear,7,1
2653,364,2026-04-29 16:00:00,29,2,1,dinner,extreme,11,1
2654,364,2026-02-03 05:00:00,3,1,1,lunch,clear,7,1
2655,364,2026-05-04 20:00:00,4,0,1,dinner,extreme,14,1
2656,364,2026-02-13 05:00:00,13,4,0,lunch,extreme,5,2
2657,364,2026-04-13 02:00:00,13,0,0,late_night,extreme,7,1
2658,364,2026-02-03 13:00:00,3,1,1,late_night,clear,10,1
2659,365,2026-06-15 08:00:00,15,0,0,breakfast,clear,6,1
2660,365,2026-06-07 21:00:00,7,6,1,lunch,rain,3,1
2661,365,2026-03-08 19:00:00,8,6,0,lunch,extreme,2,1
2662,365,2026-05-15 15:00:00,15,4,0,lunch,rain,1,1
2663,365,2026-05-30 23:00:00,30,5,1,dinner,clear,7,4
2664,365,2026-01-27 02:00:00,27,1,1,dinner,clear,3,1
2665,365,2026-03-30 05:00:00,30,0,1,late_night,clear,4,2
2666,366,2026-03-12 18:00:00,12,3,0,breakfast,rain,11,1
2667,366,2026-05-08 01:00:00,8,4,0,late_night,clear,14,1
2668,366,2026-04-30 03:00:00,30,3,1,dinner,clear,5,1
2669,366,2026-06-07 09:00:00,7,6,1,dinner,extreme,10,1
2670,366,2026-06-25 23:00:00,25,3,1,lunch,clear,1,1
2671,366,2026-06-16 14:00:00,16,1,0,lunch,clear,14,2
2672,366,2026-06-07 18:00:00,7,6,1,late_night,clear,2,1
2673,366,2026-01-11 08:00:00,11,6,0,dinner,clear,12,4
2674,366,2026-01-29 18:00:00,29,3,1,breakfast,clear,4,2
2675,366,2026-03-21 14:00:00,21,5,0,dinner,clear,8,4
2676,366,2026-01-27 02:00:00,27,1,1,late_night,clear,9,2
2677,367,2026-02-03 14:00:00,3,1,1,breakfast,clear,8,1
2678,367,2026-06-22 15:00:00,22,0,0,lunch,clear,5,4
2679,367,2026-01-05 23:00:00,5,0,1,breakfast,extreme,12,1
2680,367,2026-01-06 23:00:00,6,1,1,late_night,clear,10,1
2681,367,2026-05-26 06:00:00,26,1,1,lunch,clear,14,2
2682,367,2026-02-12 03:00:00,12,3,0,breakfast,clear,10,1
2683,367,2026-02-27 09:00:00,27,4,1,lunch,clear,10,2
2684,367,2026-01-31 03:00:00,31,5,1,dinner,extreme,11,1
2685,367,2026-04-06 07:00:00,6,0,1,breakfast,rain,13,2
2686,367,2026-03-22 05:00:00,22,6,0,breakfast,clear,1,1
2687,367,2026-05-11 11:00:00,11,0,0,lunch,clear,12,1
2688,368,2026-03-06 08:00:00,6,4,1,breakfast,rain,2,2
2689,368,2026-01-04 20:00:00,4,6,1,breakfast,clear,14,2
2690,368,2026-02-09 11:00:00,9,0,0,breakfast,clear,12,2
2691,368,2026-03-15 06:00:00,15,6,0,late_night,clear,10,1
2692,369,2026-05-04 11:00:00,4,0,1,lunch,clear,12,2
2693,369,2026-04-29 10:00:00,29,2,1,dinner,clear,7,4
2694,369,2026-04-23 04:00:00,23,3,0,breakfast,rain,4,1
2695,369,2026-01-24 06:00:00,24,5,0,breakfast,rain,8,2
2696,369,2026-01-07 09:00:00,7,2,1,lunch,clear,14,1
2697,369,2026-06-22 23:00:00,22,0,0,breakfast,clear,13,2
2698,369,2026-02-24 08:00:00,24,1,0,breakfast,clear,12,2
2699,369,2026-03-17 02:00:00,17,1,0,lunch,clear,4,1
2700,369,2026-05-18 14:00:00,18,0,0,lunch,rain,14,1
2701,369,2026-06-16 05:00:00,16,1,0,late_night,rain,4,3
2702,369,2026-06-16 08:00:00,16,1,0,breakfast,extreme,14,1
2703,369,2026-01-05 08:00:00,5,0,1,lunch,clear,2,1
2704,370,2026-05-02 20:00:00,2,5,1,late_night,clear,9,2
2705,370,2026-06-15 21:00:00,15,0,0,dinner,clear,4,4
2706,370,2026-01-07 13:00:00,7,2,1,late_night,clear,4,5
2707,370,2026-05-01 12:00:00,1,4,1,late_night,clear,13,1
2708,371,2026-06-04 03:00:00,4,3,1,lunch,rain,2,3
2709,371,2026-03-23 04:00:00,23,0,0,dinner,clear,12,3
2710,371,2026-05-11 08:00:00,11,0,0,late_night,clear,10,1
2711,372,2026-04-19 00:00:00,19,6,0,dinner,rain,14,2
2712,372,2026-04-21 14:00:00,21,1,0,lunch,clear,1,4
2713,372,2026-06-27 11:00:00,27,5,1,dinner,clear,9,1
2714,372,2026-01-04 07:00:00,4,6,1,late_night,clear,2,5
2715,372,2026-03-12 08:00:00,12,3,0,dinner,clear,13,1
2716,372,2026-06-08 15:00:00,8,0,0,dinner,clear,5,1
2717,372,2026-03-26 01:00:00,26,3,1,dinner,clear,13,1
2718,373,2026-05-24 06:00:00,24,6,0,lunch,clear,10,3
2719,373,2026-02-25 18:00:00,25,2,1,late_night,extreme,5,1
2720,373,2026-02-25 19:00:00,25,2,1,late_night,rain,12,2
2721,373,2026-03-05 07:00:00,5,3,1,lunch,clear,2,3
2722,373,2026-03-15 16:00:00,15,6,0,late_night,clear,8,1
2723,373,2026-02-25 08:00:00,25,2,1,lunch,clear,14,3
2724,373,2026-01-10 12:00:00,10,5,0,late_night,extreme,7,2
2725,373,2026-05-14 06:00:00,14,3,0,late_night,clear,10,1
2726,373,2026-02-01 01:00:00,1,6,1,dinner,clear,4,1
2727,374,2026-01-23 21:00:00,23,4,0,dinner,clear,2,5
2728,375,2026-03-01 03:00:00,1,6,1,breakfast,clear,8,1
2729,375,2026-06-26 21:00:00,26,4,1,breakfast,clear,3,3
2730,375,2026-04-07 11:00:00,7,1,1,late_night,rain,13,2
2731,375,2026-02-22 02:00:00,22,6,0,dinner,clear,11,1
2732,376,2026-05-06 15:00:00,6,2,1,dinner,clear,11,2
2733,376,2026-05-16 03:00:00,16,5,0,breakfast,clear,5,5
2734,376,2026-04-03 07:00:00,3,4,1,breakfast,clear,12,1
2735,376,2026-05-01 10:00:00,1,4,1,breakfast,rain,2,1
2736,376,2026-01-23 16:00:00,23,4,0,lunch,clear,12,1
2737,376,2026-02-21 06:00:00,21,5,0,late_night,rain,11,2
2738,376,2026-05-03 00:00:00,3,6,1,dinner,clear,10,1
2739,376,2026-02-09 09:00:00,9,0,0,late_night,rain,7,2
2740,376,2026-06-08 12:00:00,8,0,0,lunch,rain,12,1
2741,377,2026-01-13 17:00:00,13,1,0,lunch,rain,12,3
2742,377,2026-01-20 12:00:00,20,1,0,breakfast,clear,2,1
2743,377,2026-05-25 14:00:00,25,0,1,late_night,rain,13,1
2744,377,2026-01-27 21:00:00,27,1,1,late_night,extreme,4,1
2745,377,2026-03-29 09:00:00,29,6,1,lunch,clear,7,2
2746,377,2026-04-24 02:00:00,24,4,0,dinner,rain,5,1
2747,377,2026-01-02 23:00:00,2,4,1,lunch,rain,4,3
2748,377,2026-05-03 16:00:00,3,6,1,lunch,rain,6,1
2749,378,2026-06-01 19:00:00,1,0,1,dinner,rain,4,1
2750,378,2026-01-17 12:00:00,17,5,0,breakfast,extreme,8,2
2751,378,2026-05-14 01:00:00,14,3,0,dinner,clear,14,1
2752,378,2026-05-11 19:00:00,11,0,0,late_night,clear,2,3
2753,378,2026-06-06 02:00:00,6,5,1,dinner,clear,8,1
2754,378,2026-03-05 18:00:00,5,3,1,breakfast,clear,14,1
2755,378,2026-01-21 01:00:00,21,2,0,lunch,rain,6,2
2756,378,2026-05-29 08:00:00,29,4,1,late_night,clear,3,3
2757,379,2026-04-12 11:00:00,12,6,0,dinner,rain,9,2
2758,379,2026-01-24 02:00:00,24,5,0,breakfast,clear,8,2
2759,379,2026-01-10 15:00:00,10,5,0,late_night,clear,13,3
2760,379,2026-03-26 11:00:00,26,3,1,late_night,clear,1,1
2761,379,2026-05-15 22:00:00,15,4,0,late_night,rain,10,1
2762,380,2026-06-18 07:00:00,18,3,0,lunch,clear,3,3
2763,380,2026-01-10 04:00:00,10,5,0,lunch,rain,3,1
2764,380,2026-04-04 09:00:00,4,5,1,lunch,extreme,1,5
2765,380,2026-05-28 08:00:00,28,3,1,late_night,rain,4,2
2766,380,2026-02-03 03:00:00,3,1,1,late_night,clear,7,1
2767,380,2026-03-27 11:00:00,27,4,1,late_night,clear,6,1
2768,380,2026-04-09 01:00:00,9,3,0,dinner,clear,2,1
2769,380,2026-02-07 05:00:00,7,5,1,late_night,rain,9,3
2770,380,2026-04-08 22:00:00,8,2,0,late_night,extreme,6,3
2771,381,2026-02-26 00:00:00,26,3,1,lunch,clear,6,1
2772,381,2026-06-06 10:00:00,6,5,1,breakfast,rain,6,2
2773,382,2026-02-22 09:00:00,22,6,0,late_night,rain,4,2
2774,382,2026-03-12 12:00:00,12,3,0,late_night,clear,11,1
2775,382,2026-05-18 07:00:00,18,0,0,dinner,clear,14,1
2776,382,2026-04-12 04:00:00,12,6,0,dinner,extreme,14,2
2777,382,2026-04-12 11:00:00,12,6,0,dinner,rain,10,1
2778,382,2026-02-02 03:00:00,2,0,1,late_night,clear,6,1
2779,382,2026-06-28 07:00:00,28,6,1,late_night,rain,9,3
2780,382,2026-06-10 09:00:00,10,2,0,late_night,clear,5,2
2781,382,2026-05-31 00:00:00,31,6,1,dinner,clear,13,2
2782,382,2026-05-07 09:00:00,7,3,1,dinner,rain,1,1
2783,382,2026-06-18 09:00:00,18,3,0,lunch,clear,11,2
2784,382,2026-01-19 17:00:00,19,0,0,lunch,rain,14,1
2785,383,2026-04-23 04:00:00,23,3,0,dinner,clear,13,1
2786,383,2026-05-16 06:00:00,16,5,0,dinner,clear,8,1
2787,383,2026-02-01 09:00:00,1,6,1,breakfast,extreme,6,1
2788,383,2026-05-11 09:00:00,11,0,0,lunch,extreme,10,1
2789,383,2026-04-18 17:00:00,18,5,0,dinner,clear,7,1
2790,383,2026-03-11 15:00:00,11,2,0,dinner,clear,6,4
2791,383,2026-03-18 11:00:00,18,2,0,lunch,clear,1,1
2792,384,2026-06-25 17:00:00,25,3,1,dinner,clear,10,1
2793,384,2026-05-09 12:00:00,9,5,0,breakfast,clear,13,2
2794,384,2026-05-29 22:00:00,29,4,1,dinner,rain,4,2
2795,384,2026-04-02 03:00:00,2,3,1,lunch,rain,14,1
2796,384,2026-05-17 13:00:00,17,6,0,dinner,clear,6,3
2797,384,2026-05-08 14:00:00,8,4,0,breakfast,rain,6,1
2798,385,2026-02-03 11:00:00,3,1,1,breakfast,extreme,8,1
2799,385,2026-03-10 20:00:00,10,1,0,dinner,clear,8,4
2800,385,2026-03-19 08:00:00,19,3,0,lunch,clear,7,1
2801,385,2026-06-29 09:00:00,29,0,1,late_night,rain,12,1
2802,385,2026-05-20 07:00:00,20,2,0,breakfast,clear,9,2
2803,386,2026-02-10 09:00:00,10,1,0,lunch,clear,1,1
2804,386,2026-03-23 00:00:00,23,0,0,dinner,clear,11,1
2805,386,2026-04-29 19:00:00,29,2,1,dinner,rain,8,3
2806,386,2026-02-20 04:00:00,20,4,0,breakfast,rain,1,2
2807,386,2026-05-25 22:00:00,25,0,1,late_night,extreme,2,5
2808,386,2026-06-19 06:00:00,19,4,0,late_night,clear,1,1
2809,387,2026-02-18 08:00:00,18,2,0,breakfast,rain,6,3
2810,387,2026-02-08 11:00:00,8,6,0,lunch,rain,1,1
2811,387,2026-02-20 05:00:00,20,4,0,late_night,clear,13,1
2812,387,2026-02-25 14:00:00,25,2,1,dinner,clear,1,4
2813,388,2026-05-07 01:00:00,7,3,1,breakfast,rain,12,1
2814,388,2026-01-29 14:00:00,29,3,1,dinner,clear,8,2
2815,389,2026-04-03 23:00:00,3,4,1,dinner,clear,2,1
2816,389,2026-05-05 23:00:00,5,1,1,late_night,rain,14,2
2817,390,2026-02-20 14:00:00,20,4,0,breakfast,clear,10,2
2818,391,2026-01-26 17:00:00,26,0,1,late_night,clear,8,2
2819,391,2026-01-20 18:00:00,20,1,0,lunch,clear,10,1
2820,391,2026-05-01 17:00:00,1,4,1,breakfast,clear,6,1
2821,391,2026-03-05 07:00:00,5,3,1,breakfast,clear,3,1
2822,391,2026-04-14 15:00:00,14,1,0,late_night,clear,9,1
2823,392,2026-01-21 16:00:00,21,2,0,late_night,clear,8,1
2824,392,2026-06-08 16:00:00,8,0,0,dinner,clear,4,2
2825,392,2026-01-28 17:00:00,28,2,1,breakfast,rain,8,3
2826,392,2026-06-07 12:00:00,7,6,1,breakfast,clear,10,1
2827,392,2026-02-14 14:00:00,14,5,0,lunch,clear,9,2
2828,392,2026-04-08 02:00:00,8,2,0,breakfast,clear,11,2
2829,392,2026-04-09 23:00:00,9,3,0,dinner,clear,8,1
2830,392,2026-04-06 01:00:00,6,0,1,late_night,rain,13,3
2831,392,2026-01-23 23:00:00,23,4,0,breakfast,rain,2,1
2832,392,2026-02-27 15:00:00,27,4,1,dinner,clear,11,1
2833,392,2026-01-04 21:00:00,4,6,1,lunch,extreme,8,1
2834,392,2026-03-06 08:00:00,6,4,1,lunch,rain,13,1
2835,392,2026-06-07 10:00:00,7,6,1,late_night,rain,2,1
2836,393,2026-02-17 13:00:00,17,1,0,breakfast,clear,13,5
2837,393,2026-03-07 15:00:00,7,5,1,late_night,clear,14,2
2838,393,2026-06-14 02:00:00,14,6,0,late_night,clear,11,5
2839,394,2026-05-04 20:00:00,4,0,1,late_night,clear,8,1
2840,394,2026-03-17 15:00:00,17,1,0,lunch,clear,2,2
2841,394,2026-02-14 21:00:00,14,5,0,late_night,clear,10,1
2842,394,2026-06-19 16:00:00,19,4,0,lunch,clear,12,3
2843,394,2026-01-13 08:00:00,13,1,0,dinner,rain,9,3
2844,394,2026-04-15 11:00:00,15,2,0,lunch,extreme,7,1
2845,394,2026-01-23 00:00:00,23,4,0,lunch,clear,7,2
2846,394,2026-03-16 01:00:00,16,0,0,late_night,clear,9,2
2847,394,2026-05-11 06:00:00,11,0,0,dinner,rain,11,1
2848,394,2026-05-08 18:00:00,8,4,0,dinner,clear,9,2
2849,394,2026-03-30 03:00:00,30,0,1,breakfast,rain,6,1
2850,395,2026-06-17 06:00:00,17,2,0,dinner,clear,6,1
2851,395,2026-01-28 03:00:00,28,2,1,late_night,clear,8,3
2852,395,2026-04-13 20:00:00,13,0,0,late_night,rain,10,1
2853,395,2026-04-01 09:00:00,1,2,1,lunch,clear,6,3
2854,395,2026-06-28 08:00:00,28,6,1,lunch,clear,10,1
2855,395,2026-02-18 19:00:00,18,2,0,breakfast,rain,6,2
2856,395,2026-04-06 23:00:00,6,0,1,breakfast,clear,2,1
2857,395,2026-03-25 11:00:00,25,2,1,breakfast,clear,2,2
2858,396,2026-02-12 21:00:00,12,3,0,dinner,rain,14,1
2859,396,2026-01-31 07:00:00,31,5,1,late_night,extreme,11,4
2860,396,2026-02-06 16:00:00,6,4,1,dinner,clear,12,1
2861,396,2026-06-19 02:00:00,19,4,0,late_night,rain,5,1
2862,396,2026-05-13 17:00:00,13,2,0,late_night,rain,11,4
2863,396,2026-05-19 17:00:00,19,1,0,dinner,rain,10,1
2864,396,2026-05-30 17:00:00,30,5,1,dinner,clear,13,1
2865,396,2026-04-21 08:00:00,21,1,0,breakfast,clear,2,3
2866,396,2026-04-29 02:00:00,29,2,1,dinner,clear,6,4
2867,397,2026-02-09 11:00:00,9,0,0,dinner,clear,8,1
2868,397,2026-03-12 17:00:00,12,3,0,breakfast,clear,14,1
2869,397,2026-03-08 17:00:00,8,6,0,late_night,extreme,14,1
2870,397,2026-06-05 02:00:00,5,4,1,lunch,clear,1,3
2871,397,2026-03-01 19:00:00,1,6,1,dinner,clear,14,2
2872,397,2026-01-16 01:00:00,16,4,0,late_night,clear,14,2
2873,397,2026-02-14 15:00:00,14,5,0,dinner,rain,12,2
2874,397,2026-03-18 08:00:00,18,2,0,lunch,clear,13,5
2875,397,2026-05-19 06:00:00,19,1,0,late_night,rain,3,1
2876,397,2026-05-01 06:00:00,1,4,1,late_night,clear,4,2
2877,397,2026-05-11 08:00:00,11,0,0,late_night,clear,3,4
2878,398,2026-03-15 04:00:00,15,6,0,late_night,clear,3,1
2879,398,2026-06-22 19:00:00,22,0,0,late_night,rain,7,1
2880,398,2026-01-20 09:00:00,20,1,0,lunch,clear,11,1
2881,398,2026-02-09 03:00:00,9,0,0,late_night,clear,4,1
2882,398,2026-05-05 15:00:00,5,1,1,late_night,rain,11,2
2883,399,2026-03-21 02:00:00,21,5,0,late_night,clear,11,1
2884,399,2026-05-17 18:00:00,17,6,0,late_night,clear,7,3
2885,399,2026-01-26 00:00:00,26,0,1,breakfast,rain,10,1
2886,399,2026-04-13 03:00:00,13,0,0,dinner,clear,9,3
2887,399,2026-02-26 02:00:00,26,3,1,breakfast,clear,8,3
2888,399,2026-02-13 03:00:00,13,4,0,breakfast,rain,14,2
2889,399,2026-05-20 04:00:00,20,2,0,lunch,clear,1,2
2890,399,2026-02-08 10:00:00,8,6,0,lunch,clear,12,1
2891,399,2026-02-28 08:00:00,28,5,1,breakfast,clear,14,4
2892,400,2026-04-21 03:00:00,21,1,0,dinner,clear,8,2
2893,400,2026-05-13 00:00:00,13,2,0,late_night,clear,8,2
2894,400,2026-05-05 03:00:00,5,1,1,lunch,clear,9,1
2895,400,2026-01-22 20:00:00,22,3,0,breakfast,clear,2,1
2896,400,2026-01-19 09:00:00,19,0,0,dinner,rain,7,2
2897,400,2026-05-04 11:00:00,4,0,1,breakfast,clear,4,2
2898,400,2026-06-20 10:00:00,20,5,0,lunch,clear,5,1
2899,400,2026-03-18 10:00:00,18,2,0,dinner,extreme,2,3
2900,400,2026-04-12 20:00:00,12,6,0,breakfast,clear,3,4
2901,400,2026-04-11 22:00:00,11,5,0,lunch,clear,1,1
2902,400,2026-04-15 05:00:00,15,2,0,lunch,clear,3,1
2903,400,2026-05-10 16:00:00,10,6,0,lunch,clear,5,3
2904,400,2026-01-24 12:00:00,24,5,0,dinner,clear,13,2
2905,400,2026-03-09 11:00:00,9,0,0,late_night,clear,14,1
2906,401,2026-02-01 15:00:00,1,6,1,late_night,clear,6,2
2907,401,2026-03-23 05:00:00,23,0,0,lunch,clear,12,1
2908,401,2026-03-22 00:00:00,22,6,0,lunch,clear,7,2
2909,401,2026-05-21 05:00:00,21,3,0,dinner,clear,10,2
2910,401,2026-03-31 23:00:00,31,1,1,late_night,clear,12,2
2911,401,2026-05-15 10:00:00,15,4,0,dinner,clear,1,1
2912,401,2026-05-18 02:00:00,18,0,0,lunch,clear,1,2
2913,401,2026-06-06 18:00:00,6,5,1,breakfast,clear,13,3
2914,401,2026-05-06 14:00:00,6,2,1,dinner,clear,6,1
2915,402,2026-05-31 10:00:00,31,6,1,lunch,clear,8,1
2916,402,2026-04-28 01:00:00,28,1,1,late_night,rain,5,1
2917,402,2026-06-04 16:00:00,4,3,1,dinner,clear,4,1
2918,402,2026-05-21 10:00:00,21,3,0,lunch,clear,4,2
2919,403,2026-05-30 16:00:00,30,5,1,late_night,clear,6,2
2920,403,2026-02-24 15:00:00,24,1,0,lunch,rain,13,1
2921,403,2026-06-04 11:00:00,4,3,1,lunch,clear,4,1
2922,403,2026-03-19 03:00:00,19,3,0,late_night,clear,4,1
2923,403,2026-03-18 17:00:00,18,2,0,breakfast,clear,13,1
2924,403,2026-02-08 06:00:00,8,6,0,late_night,rain,1,1
2925,403,2026-01-20 04:00:00,20,1,0,late_night,clear,8,1
2926,403,2026-01-27 21:00:00,27,1,1,dinner,clear,10,2
2927,403,2026-06-10 14:00:00,10,2,0,late_night,extreme,8,1
2928,403,2026-01-10 12:00:00,10,5,0,late_night,extreme,8,1
2929,403,2026-05-03 17:00:00,3,6,1,breakfast,extreme,4,4
2930,404,2026-04-07 08:00:00,7,1,1,lunch,clear,14,5
2931,404,2026-01-11 12:00:00,11,6,0,dinner,clear,11,1
2932,405,2026-02-11 23:00:00,11,2,0,dinner,clear,7,1
2933,405,2026-05-05 12:00:00,5,1,1,dinner,clear,9,1
2934,405,2026-06-12 16:00:00,12,4,0,late_night,clear,11,3
2935,405,2026-02-09 04:00:00,9,0,0,lunch,clear,10,2
2936,405,2026-04-08 06:00:00,8,2,0,lunch,clear,9,1
2937,405,2026-06-14 02:00:00,14,6,0,dinner,rain,7,1
2938,405,2026-01-15 18:00:00,15,3,0,breakfast,extreme,1,4
2939,405,2026-06-19 05:00:00,19,4,0,lunch,clear,11,3
2940,406,2026-02-28 00:00:00,28,5,1,breakfast,clear,3,2
2941,406,2026-01-13 09:00:00,13,1,0,lunch,rain,3,1
2942,406,2026-06-07 02:00:00,7,6,1,late_night,rain,9,2
2943,406,2026-04-17 23:00:00,17,4,0,breakfast,clear,13,1
2944,406,2026-05-11 04:00:00,11,0,0,breakfast,clear,8,2
2945,406,2026-01-17 12:00:00,17,5,0,lunch,clear,2,1
2946,406,2026-01-16 06:00:00,16,4,0,breakfast,rain,1,1
2947,406,2026-06-04 14:00:00,4,3,1,lunch,extreme,2,3
2948,406,2026-06-25 09:00:00,25,3,1,dinner,rain,3,2
2949,406,2026-03-23 19:00:00,23,0,0,dinner,rain,7,2
2950,406,2026-03-18 08:00:00,18,2,0,lunch,clear,11,1
2951,406,2026-05-25 09:00:00,25,0,1,late_night,rain,6,1
2952,406,2026-06-18 07:00:00,18,3,0,late_night,clear,8,1
2953,407,2026-05-07 14:00:00,7,3,1,dinner,extreme,7,2
2954,407,2026-05-14 10:00:00,14,3,0,lunch,clear,8,1
2955,408,2026-02-27 09:00:00,27,4,1,late_night,clear,7,1
2956,408,2026-02-26 00:00:00,26,3,1,late_night,clear,8,2
2957,408,2026-02-01 17:00:00,1,6,1,breakfast,rain,10,1
2958,408,2026-06-06 21:00:00,6,5,1,lunch,clear,6,1
2959,408,2026-04-28 05:00:00,28,1,1,breakfast,clear,14,1
2960,408,2026-01-26 02:00:00,26,0,1,late_night,extreme,2,2
2961,408,2026-03-21 15:00:00,21,5,0,lunch,clear,4,2
2962,408,2026-06-26 05:00:00,26,4,1,breakfast,clear,4,1
2963,409,2026-06-19 03:00:00,19,4,0,dinner,clear,3,2
2964,409,2026-03-28 16:00:00,28,5,1,lunch,rain,11,1
2965,409,2026-04-04 23:00:00,4,5,1,dinner,rain,4,3
2966,409,2026-02-25 11:00:00,25,2,1,breakfast,clear,7,1
2967,409,2026-06-16 11:00:00,16,1,0,breakfast,clear,13,1
2968,409,2026-05-16 02:00:00,16,5,0,late_night,clear,9,4
2969,409,2026-05-16 07:00:00,16,5,0,late_night,clear,13,1
2970,409,2026-06-13 09:00:00,13,5,0,late_night,clear,6,2
2971,409,2026-02-01 05:00:00,1,6,1,dinner,extreme,13,2
2972,409,2026-03-15 23:00:00,15,6,0,dinner,clear,12,1
2973,409,2026-03-03 08:00:00,3,1,1,late_night,clear,3,4
2974,409,2026-05-04 06:00:00,4,0,1,dinner,rain,12,1
2975,410,2026-01-07 11:00:00,7,2,1,dinner,clear,14,1
2976,410,2026-05-22 01:00:00,22,4,0,breakfast,rain,4,4
2977,410,2026-06-25 18:00:00,25,3,1,lunch,rain,12,1
2978,410,2026-06-11 03:00:00,11,3,0,breakfast,extreme,9,1
2979,410,2026-04-21 19:00:00,21,1,0,breakfast,clear,13,1
2980,410,2026-05-24 10:00:00,24,6,0,late_night,clear,7,1
2981,410,2026-03-30 17:00:00,30,0,1,late_night,extreme,10,2
2982,410,2026-04-10 18:00:00,10,4,0,dinner,clear,5,1
2983,410,2026-05-16 18:00:00,16,5,0,late_night,rain,6,2
2984,410,2026-03-12 07:00:00,12,3,0,dinner,clear,5,2
2985,410,2026-03-13 01:00:00,13,4,0,lunch,clear,8,1
2986,411,2026-06-16 13:00:00,16,1,0,breakfast,clear,9,1
2987,411,2026-05-20 20:00:00,20,2,0,lunch,clear,12,3
2988,411,2026-06-03 14:00:00,3,2,1,lunch,extreme,9,1
2989,411,2026-01-30 06:00:00,30,4,1,dinner,rain,13,1
2990,411,2026-02-03 01:00:00,3,1,1,breakfast,clear,4,2
2991,411,2026-04-04 04:00:00,4,5,1,breakfast,clear,5,1
2992,411,2026-05-16 18:00:00,16,5,0,breakfast,clear,10,3
2993,411,2026-04-15 14:00:00,15,2,0,breakfast,clear,1,2
2994,411,2026-06-04 16:00:00,4,3,1,dinner,clear,2,5
2995,411,2026-03-25 19:00:00,25,2,1,dinner,rain,6,1
2996,411,2026-04-03 12:00:00,3,4,1,lunch,rain,14,1
2997,411,2026-03-25 21:00:00,25,2,1,dinner,extreme,2,1
2998,411,2026-03-19 04:00:00,19,3,0,dinner,clear,10,5
2999,412,2026-03-29 10:00:00,29,6,1,dinner,extreme,5,2
3000,412,2026-05-22 07:00:00,22,4,0,lunch,clear,5,1
3001,412,2026-03-31 18:00:00,31,1,1,breakfast,clear,3,1
3002,412,2026-06-23 20:00:00,23,1,0,lunch,clear,2,3
3003,412,2026-03-05 04:00:00,5,3,1,dinner,rain,13,1
3004,412,2026-04-10 23:00:00,10,4,0,late_night,clear,12,3
3005,412,2026-06-19 13:00:00,19,4,0,breakfast,clear,13,2
3006,412,2026-02-24 19:00:00,24,1,0,lunch,clear,12,2
3007,412,2026-03-23 21:00:00,23,0,0,late_night,rain,14,1
3008,413,2026-06-04 12:00:00,4,3,1,breakfast,rain,11,3
3009,413,2026-03-29 01:00:00,29,6,1,dinner,clear,14,1
3010,413,2026-06-02 09:00:00,2,1,1,lunch,rain,8,1
3011,413,2026-01-03 08:00:00,3,5,1,late_night,rain,13,1
3012,413,2026-01-29 23:00:00,29,3,1,lunch,extreme,14,1
3013,413,2026-04-12 19:00:00,12,6,0,late_night,rain,8,2
3014,414,2026-04-25 10:00:00,25,5,1,breakfast,clear,2,1
3015,414,2026-03-15 10:00:00,15,6,0,lunch,rain,13,2
3016,414,2026-01-03 18:00:00,3,5,1,breakfast,clear,7,1
3017,414,2026-01-24 05:00:00,24,5,0,lunch,clear,9,1
3018,414,2026-03-22 23:00:00,22,6,0,late_night,clear,6,2
3019,414,2026-04-10 10:00:00,10,4,0,dinner,clear,14,3
3020,414,2026-04-16 00:00:00,16,3,0,late_night,clear,3,1
3021,414,2026-03-30 21:00:00,30,0,1,breakfast,clear,4,1
3022,414,2026-04-23 05:00:00,23,3,0,lunch,rain,7,2
3023,414,2026-02-06 09:00:00,6,4,1,breakfast,clear,4,1
3024,415,2026-01-29 06:00:00,29,3,1,breakfast,clear,10,1
3025,415,2026-06-25 21:00:00,25,3,1,breakfast,clear,12,2
3026,415,2026-03-26 23:00:00,26,3,1,dinner,clear,7,1
3027,415,2026-05-15 23:00:00,15,4,0,late_night,clear,13,1
3028,415,2026-03-30 21:00:00,30,0,1,dinner,clear,13,5
3029,415,2026-04-05 01:00:00,5,6,1,lunch,clear,1,1
3030,415,2026-03-18 09:00:00,18,2,0,lunch,extreme,5,1
3031,416,2026-05-05 00:00:00,5,1,1,breakfast,rain,10,2
3032,416,2026-01-13 15:00:00,13,1,0,late_night,rain,12,1
3033,416,2026-02-15 13:00:00,15,6,0,breakfast,clear,10,2
3034,417,2026-04-29 09:00:00,29,2,1,breakfast,clear,3,1
3035,417,2026-05-13 04:00:00,13,2,0,dinner,clear,13,2
3036,417,2026-05-30 18:00:00,30,5,1,breakfast,rain,1,4
3037,417,2026-01-22 16:00:00,22,3,0,late_night,clear,1,3
3038,417,2026-05-31 00:00:00,31,6,1,lunch,clear,6,1
3039,417,2026-01-15 05:00:00,15,3,0,dinner,clear,12,1
3040,417,2026-03-28 02:00:00,28,5,1,late_night,clear,13,1
3041,417,2026-05-03 06:00:00,3,6,1,dinner,clear,12,1
3042,417,2026-04-09 06:00:00,9,3,0,dinner,clear,5,1
3043,418,2026-03-06 02:00:00,6,4,1,lunch,clear,14,2
3044,418,2026-03-11 07:00:00,11,2,0,breakfast,clear,9,3
3045,418,2026-06-20 10:00:00,20,5,0,breakfast,clear,10,1
3046,418,2026-01-09 05:00:00,9,4,0,dinner,clear,8,2
3047,418,2026-05-01 20:00:00,1,4,1,breakfast,rain,1,3
3048,418,2026-06-20 17:00:00,20,5,0,late_night,extreme,10,3
3049,418,2026-01-22 08:00:00,22,3,0,breakfast,clear,10,1
3050,418,2026-06-26 05:00:00,26,4,1,late_night,clear,8,2
3051,418,2026-06-20 19:00:00,20,5,0,late_night,clear,12,1
3052,418,2026-04-26 14:00:00,26,6,1,late_night,extreme,6,2
3053,418,2026-06-09 06:00:00,9,1,0,lunch,rain,2,1
3054,418,2026-01-25 04:00:00,25,6,1,late_night,clear,4,2
3055,419,2026-01-19 10:00:00,19,0,0,dinner,clear,1,1
3056,419,2026-05-25 22:00:00,25,0,1,lunch,rain,5,4
3057,419,2026-03-21 12:00:00,21,5,0,dinner,clear,10,1
3058,419,2026-03-23 05:00:00,23,0,0,late_night,clear,9,2
3059,419,2026-06-08 03:00:00,8,0,0,dinner,clear,14,3
3060,419,2026-06-21 01:00:00,21,6,0,late_night,rain,7,1
3061,420,2026-04-14 07:00:00,14,1,0,lunch,extreme,14,1
3062,420,2026-03-09 05:00:00,9,0,0,lunch,clear,10,2
3063,420,2026-03-04 21:00:00,4,2,1,lunch,clear,8,2
3064,420,2026-02-06 12:00:00,6,4,1,late_night,rain,9,4
3065,420,2026-05-29 22:00:00,29,4,1,late_night,clear,10,3
3066,421,2026-05-05 05:00:00,5,1,1,lunch,clear,8,3
3067,421,2026-03-18 22:00:00,18,2,0,lunch,clear,14,1
3068,421,2026-05-23 13:00:00,23,5,0,dinner,clear,12,1
3069,421,2026-03-08 15:00:00,8,6,0,breakfast,clear,14,4
3070,421,2026-04-11 05:00:00,11,5,0,lunch,clear,4,1
3071,421,2026-03-25 17:00:00,25,2,1,lunch,clear,4,1
3072,421,2026-03-24 14:00:00,24,1,0,late_night,clear,6,1
3073,421,2026-01-29 22:00:00,29,3,1,late_night,clear,9,1
3074,421,2026-03-07 22:00:00,7,5,1,dinner,clear,14,2
3075,422,2026-06-18 18:00:00,18,3,0,late_night,clear,9,5
3076,422,2026-02-23 06:00:00,23,0,0,lunch,clear,7,1
3077,422,2026-03-26 11:00:00,26,3,1,late_night,clear,11,1
3078,423,2026-06-20 06:00:00,20,5,0,lunch,clear,10,2
3079,423,2026-06-12 02:00:00,12,4,0,late_night,clear,3,1
3080,423,2026-01-10 00:00:00,10,5,0,breakfast,rain,10,1
3081,423,2026-02-08 03:00:00,8,6,0,lunch,clear,14,1
3082,423,2026-02-15 14:00:00,15,6,0,lunch,clear,5,1
3083,423,2026-04-14 03:00:00,14,1,0,dinner,clear,3,4
3084,423,2026-01-11 02:00:00,11,6,0,breakfast,rain,9,2
3085,423,2026-01-12 18:00:00,12,0,0,dinner,clear,12,3
3086,423,2026-03-09 22:00:00,9,0,0,dinner,clear,7,1
3087,423,2026-06-16 18:00:00,16,1,0,dinner,extreme,2,1
3088,423,2026-06-24 15:00:00,24,2,0,late_night,clear,12,2
3089,423,2026-05-05 09:00:00,5,1,1,lunch,clear,10,1
3090,423,2026-02-13 22:00:00,13,4,0,breakfast,clear,8,1
3091,423,2026-04-02 12:00:00,2,3,1,dinner,rain,11,3
3092,424,2026-03-25 08:00:00,25,2,1,dinner,clear,3,3
3093,424,2026-06-15 11:00:00,15,0,0,late_night,extreme,4,2
3094,425,2026-04-25 22:00:00,25,5,1,breakfast,clear,5,1
3095,425,2026-02-25 10:00:00,25,2,1,late_night,clear,14,1
3096,425,2026-01-17 15:00:00,17,5,0,dinner,clear,2,1
3097,425,2026-02-06 09:00:00,6,4,1,late_night,rain,5,2
3098,425,2026-04-27 16:00:00,27,0,1,late_night,clear,2,1
3099,425,2026-05-23 10:00:00,23,5,0,late_night,clear,7,1
3100,426,2026-03-20 09:00:00,20,4,0,dinner,clear,10,2
3101,426,2026-05-12 00:00:00,12,1,0,late_night,clear,12,2
3102,426,2026-02-22 20:00:00,22,6,0,breakfast,clear,10,1
3103,426,2026-01-13 10:00:00,13,1,0,late_night,rain,1,4
3104,426,2026-04-08 17:00:00,8,2,0,dinner,rain,13,1
3105,426,2026-02-28 08:00:00,28,5,1,late_night,clear,7,1
3106,426,2026-05-03 00:00:00,3,6,1,dinner,clear,8,1
3107,426,2026-04-18 04:00:00,18,5,0,late_night,clear,11,2
3108,426,2026-05-30 04:00:00,30,5,1,late_night,clear,9,4
3109,426,2026-03-15 22:00:00,15,6,0,breakfast,clear,5,1
3110,426,2026-01-27 04:00:00,27,1,1,lunch,clear,9,1
3111,427,2026-03-14 01:00:00,14,5,0,late_night,clear,1,1
3112,427,2026-01-29 04:00:00,29,3,1,breakfast,clear,4,5
3113,427,2026-05-24 12:00:00,24,6,0,breakfast,clear,11,1
3114,427,2026-01-30 10:00:00,30,4,1,late_night,clear,4,1
3115,427,2026-03-01 15:00:00,1,6,1,breakfast,clear,9,2
3116,427,2026-04-30 10:00:00,30,3,1,breakfast,clear,3,1
3117,427,2026-05-28 08:00:00,28,3,1,breakfast,clear,7,1
3118,427,2026-06-01 00:00:00,1,0,1,late_night,rain,1,4
3119,427,2026-03-04 05:00:00,4,2,1,lunch,clear,6,1
3120,428,2026-04-04 04:00:00,4,5,1,dinner,clear,10,1
3121,428,2026-05-16 19:00:00,16,5,0,lunch,clear,1,2
3122,428,2026-06-27 18:00:00,27,5,1,late_night,clear,7,4
3123,428,2026-03-06 07:00:00,6,4,1,dinner,clear,8,4
3124,428,2026-06-11 18:00:00,11,3,0,lunch,rain,2,2
3125,428,2026-03-21 18:00:00,21,5,0,late_night,extreme,2,2
3126,428,2026-05-14 20:00:00,14,3,0,breakfast,clear,13,2
3127,428,2026-01-27 16:00:00,27,1,1,lunch,clear,10,1
3128,428,2026-01-15 14:00:00,15,3,0,breakfast,extreme,5,2
3129,428,2026-04-06 08:00:00,6,0,1,late_night,clear,1,1
3130,428,2026-01-12 03:00:00,12,0,0,dinner,rain,8,3
3131,429,2026-04-27 07:00:00,27,0,1,dinner,clear,14,1
3132,429,2026-06-07 14:00:00,7,6,1,dinner,rain,1,2
3133,429,2026-01-09 08:00:00,9,4,0,late_night,clear,8,1
3134,429,2026-03-27 08:00:00,27,4,1,breakfast,clear,1,1
3135,429,2026-06-10 17:00:00,10,2,0,breakfast,clear,7,1
3136,429,2026-03-20 09:00:00,20,4,0,breakfast,clear,10,1
3137,429,2026-06-11 13:00:00,11,3,0,lunch,rain,1,3
3138,429,2026-01-29 14:00:00,29,3,1,dinner,clear,11,1
3139,430,2026-05-13 20:00:00,13,2,0,breakfast,clear,4,1
3140,430,2026-06-22 00:00:00,22,0,0,late_night,clear,10,4
3141,431,2026-01-24 16:00:00,24,5,0,breakfast,clear,8,4
3142,432,2026-03-17 13:00:00,17,1,0,dinner,clear,4,1
3143,432,2026-03-17 04:00:00,17,1,0,breakfast,clear,2,2
3144,432,2026-01-30 01:00:00,30,4,1,dinner,clear,8,2
3145,432,2026-06-27 00:00:00,27,5,1,lunch,clear,12,1
3146,432,2026-04-30 10:00:00,30,3,1,late_night,rain,7,2
3147,433,2026-02-21 05:00:00,21,5,0,breakfast,clear,11,2
3148,433,2026-02-04 16:00:00,4,2,1,dinner,clear,10,5
3149,433,2026-06-05 19:00:00,5,4,1,lunch,clear,13,3
3150,433,2026-01-15 07:00:00,15,3,0,breakfast,clear,6,1
3151,433,2026-04-27 11:00:00,27,0,1,breakfast,clear,14,1
3152,433,2026-03-03 21:00:00,3,1,1,late_night,clear,14,1
3153,434,2026-06-20 03:00:00,20,5,0,dinner,clear,1,1
3154,434,2026-02-03 23:00:00,3,1,1,late_night,clear,4,3
3155,434,2026-04-06 19:00:00,6,0,1,late_night,clear,14,1
3156,434,2026-03-23 17:00:00,23,0,0,breakfast,clear,12,4
3157,434,2026-05-28 18:00:00,28,3,1,lunch,rain,6,1
3158,434,2026-01-11 08:00:00,11,6,0,lunch,clear,3,1
3159,434,2026-04-30 17:00:00,30,3,1,dinner,clear,12,1
3160,434,2026-04-05 14:00:00,5,6,1,late_night,clear,3,1
3161,434,2026-01-04 13:00:00,4,6,1,lunch,clear,13,2
3162,434,2026-03-24 17:00:00,24,1,0,dinner,clear,14,1
3163,435,2026-01-02 07:00:00,2,4,1,breakfast,clear,1,1
3164,435,2026-04-05 12:00:00,5,6,1,dinner,clear,7,1
3165,435,2026-05-28 15:00:00,28,3,1,dinner,clear,5,1
3166,435,2026-04-13 16:00:00,13,0,0,dinner,extreme,3,1
3167,436,2026-03-21 07:00:00,21,5,0,lunch,clear,12,2
3168,436,2026-01-17 22:00:00,17,5,0,breakfast,clear,4,1
3169,436,2026-05-27 07:00:00,27,2,1,late_night,clear,8,1
3170,436,2026-05-07 03:00:00,7,3,1,late_night,clear,3,1
3171,436,2026-02-06 23:00:00,6,4,1,breakfast,clear,5,2
3172,436,2026-03-28 10:00:00,28,5,1,dinner,clear,14,1
3173,436,2026-03-19 05:00:00,19,3,0,lunch,clear,10,1
3174,436,2026-02-04 12:00:00,4,2,1,dinner,extreme,11,1
3175,436,2026-06-14 01:00:00,14,6,0,dinner,clear,8,2
3176,436,2026-04-12 18:00:00,12,6,0,breakfast,clear,3,1
3177,436,2026-03-21 17:00:00,21,5,0,lunch,extreme,8,1
3178,436,2026-03-29 15:00:00,29,6,1,breakfast,clear,9,1
3179,437,2026-03-09 18:00:00,9,0,0,breakfast,clear,9,2
3180,437,2026-05-07 01:00:00,7,3,1,late_night,clear,5,1
3181,437,2026-01-30 19:00:00,30,4,1,breakfast,clear,7,4
3182,437,2026-01-11 14:00:00,11,6,0,lunch,extreme,6,1
3183,437,2026-03-09 06:00:00,9,0,0,dinner,clear,10,2
3184,437,2026-03-06 21:00:00,6,4,1,late_night,rain,7,2
3185,437,2026-03-21 22:00:00,21,5,0,dinner,clear,2,1
3186,437,2026-06-09 14:00:00,9,1,0,lunch,clear,5,1
3187,437,2026-03-20 17:00:00,20,4,0,dinner,extreme,3,5
3188,438,2026-06-01 19:00:00,1,0,1,lunch,clear,7,2
3189,438,2026-01-04 22:00:00,4,6,1,breakfast,clear,6,1
3190,438,2026-05-25 12:00:00,25,0,1,dinner,clear,7,1
3191,438,2026-04-15 13:00:00,15,2,0,dinner,clear,5,1
3192,438,2026-03-07 12:00:00,7,5,1,late_night,clear,7,2
3193,438,2026-05-30 09:00:00,30,5,1,late_night,extreme,11,2
3194,438,2026-06-27 18:00:00,27,5,1,late_night,clear,11,4
3195,438,2026-04-15 04:00:00,15,2,0,late_night,clear,5,1
3196,439,2026-05-15 16:00:00,15,4,0,lunch,extreme,14,4
3197,439,2026-04-29 11:00:00,29,2,1,dinner,clear,4,4
3198,439,2026-06-23 03:00:00,23,1,0,dinner,clear,13,1
3199,439,2026-01-22 08:00:00,22,3,0,breakfast,clear,3,2
3200,439,2026-03-22 10:00:00,22,6,0,late_night,clear,5,3
3201,439,2026-06-06 02:00:00,6,5,1,dinner,rain,2,1
3202,440,2026-04-29 12:00:00,29,2,1,dinner,clear,8,4
3203,440,2026-05-24 02:00:00,24,6,0,breakfast,extreme,6,2
3204,440,2026-06-12 06:00:00,12,4,0,dinner,clear,10,1
3205,440,2026-01-01 22:00:00,1,3,1,late_night,extreme,9,1
3206,440,2026-06-29 12:00:00,29,0,1,dinner,clear,10,3
3207,440,2026-06-28 06:00:00,28,6,1,late_night,clear,13,5
3208,440,2026-04-15 21:00:00,15,2,0,lunch,clear,12,1
3209,440,2026-05-13 10:00:00,13,2,0,late_night,clear,9,1
3210,440,2026-05-15 11:00:00,15,4,0,dinner,rain,8,2
3211,440,2026-02-02 15:00:00,2,0,1,breakfast,rain,10,1
3212,440,2026-06-06 13:00:00,6,5,1,late_night,clear,1,1
3213,440,2026-04-28 09:00:00,28,1,1,lunch,rain,11,2
3214,440,2026-05-25 13:00:00,25,0,1,lunch,clear,1,1
3215,441,2026-02-18 05:00:00,18,2,0,lunch,clear,2,1
3216,441,2026-01-28 22:00:00,28,2,1,breakfast,clear,13,1
3217,441,2026-01-01 17:00:00,1,3,1,lunch,clear,10,1
3218,442,2026-01-04 14:00:00,4,6,1,lunch,rain,9,1
3219,442,2026-04-23 22:00:00,23,3,0,dinner,extreme,3,2
3220,442,2026-05-11 06:00:00,11,0,0,late_night,clear,3,2
3221,442,2026-03-31 22:00:00,31,1,1,late_night,extreme,13,1
3222,442,2026-04-18 09:00:00,18,5,0,lunch,clear,11,1
3223,442,2026-05-14 06:00:00,14,3,0,lunch,rain,6,1
3224,443,2026-01-05 21:00:00,5,0,1,breakfast,clear,1,1
3225,443,2026-03-07 19:00:00,7,5,1,lunch,clear,10,1
3226,443,2026-05-23 08:00:00,23,5,0,dinner,rain,13,2
3227,444,2026-05-14 05:00:00,14,3,0,lunch,rain,8,1
3228,444,2026-06-12 16:00:00,12,4,0,late_night,clear,2,1
3229,444,2026-02-26 05:00:00,26,3,1,breakfast,clear,3,2
3230,444,2026-03-15 20:00:00,15,6,0,dinner,extreme,14,2
3231,445,2026-05-05 09:00:00,5,1,1,lunch,rain,5,2
3232,445,2026-03-04 16:00:00,4,2,1,late_night,extreme,7,1
3233,445,2026-01-06 12:00:00,6,1,1,lunch,rain,11,1
3234,445,2026-05-11 09:00:00,11,0,0,late_night,clear,12,3
3235,445,2026-06-03 01:00:00,3,2,1,late_night,rain,4,1
3236,445,2026-05-16 00:00:00,16,5,0,dinner,clear,1,1
3237,446,2026-04-15 07:00:00,15,2,0,lunch,rain,3,1
3238,446,2026-01-05 05:00:00,5,0,1,late_night,rain,12,1
3239,446,2026-04-28 21:00:00,28,1,1,breakfast,rain,1,3
3240,446,2026-06-26 05:00:00,26,4,1,late_night,rain,14,5
3241,446,2026-01-17 04:00:00,17,5,0,breakfast,clear,2,1
3242,446,2026-05-14 19:00:00,14,3,0,lunch,clear,7,1
3243,446,2026-02-19 15:00:00,19,3,0,lunch,clear,5,2
3244,446,2026-02-28 17:00:00,28,5,1,lunch,clear,4,2
3245,447,2026-03-05 22:00:00,5,3,1,late_night,clear,9,1
3246,447,2026-05-16 18:00:00,16,5,0,lunch,clear,9,2
3247,447,2026-04-03 15:00:00,3,4,1,dinner,clear,3,1
3248,447,2026-06-15 06:00:00,15,0,0,dinner,rain,1,3
3249,447,2026-06-11 17:00:00,11,3,0,breakfast,extreme,7,2
3250,447,2026-01-28 18:00:00,28,2,1,breakfast,clear,4,4
3251,447,2026-05-23 05:00:00,23,5,0,lunch,clear,6,2
3252,447,2026-05-25 08:00:00,25,0,1,late_night,clear,3,1
3253,447,2026-02-03 11:00:00,3,1,1,lunch,rain,3,1
3254,447,2026-01-17 14:00:00,17,5,0,breakfast,clear,11,1
3255,447,2026-02-28 21:00:00,28,5,1,late_night,rain,13,1
3256,447,2026-06-09 12:00:00,9,1,0,lunch,clear,9,5
3257,448,2026-02-05 23:00:00,5,3,1,breakfast,extreme,8,4
3258,448,2026-01-08 14:00:00,8,3,0,late_night,clear,2,1
3259,449,2026-05-29 10:00:00,29,4,1,dinner,rain,1,3
3260,449,2026-05-09 00:00:00,9,5,0,lunch,rain,1,2
3261,449,2026-01-14 15:00:00,14,2,0,lunch,clear,8,1
3262,449,2026-05-06 06:00:00,6,2,1,late_night,clear,12,1
3263,449,2026-03-19 00:00:00,19,3,0,lunch,clear,11,4
3264,449,2026-02-11 08:00:00,11,2,0,late_night,rain,13,1
3265,449,2026-05-09 05:00:00,9,5,0,dinner,rain,7,2
3266,449,2026-04-22 02:00:00,22,2,0,dinner,clear,6,1
3267,449,2026-04-11 04:00:00,11,5,0,dinner,clear,11,1
3268,449,2026-04-01 11:00:00,1,2,1,late_night,rain,6,3
3269,449,2026-01-10 05:00:00,10,5,0,late_night,rain,14,2
3270,449,2026-06-17 02:00:00,17,2,0,breakfast,clear,1,1
3271,449,2026-01-13 02:00:00,13,1,0,breakfast,clear,2,1
3272,450,2026-03-25 04:00:00,25,2,1,dinner,clear,10,2
3273,450,2026-04-28 08:00:00,28,1,1,dinner,clear,11,1
3274,450,2026-06-12 09:00:00,12,4,0,breakfast,clear,12,5
3275,450,2026-02-23 03:00:00,23,0,0,lunch,clear,7,1
3276,450,2026-01-25 21:00:00,25,6,1,dinner,clear,10,3
3277,450,2026-04-21 03:00:00,21,1,0,lunch,clear,7,2
3278,450,2026-03-12 20:00:00,12,3,0,lunch,clear,7,2
3279,450,2026-06-02 18:00:00,2,1,1,lunch,clear,4,1
3280,451,2026-01-19 09:00:00,19,0,0,lunch,rain,6,3
3281,451,2026-02-21 20:00:00,21,5,0,lunch,rain,3,1
3282,451,2026-02-08 20:00:00,8,6,0,breakfast,clear,10,2
3283,451,2026-04-30 09:00:00,30,3,1,lunch,clear,5,1
3284,451,2026-06-19 15:00:00,19,4,0,breakfast,clear,5,3
3285,451,2026-05-25 23:00:00,25,0,1,dinner,clear,9,1
3286,451,2026-05-17 09:00:00,17,6,0,breakfast,clear,5,2
3287,451,2026-06-24 05:00:00,24,2,0,breakfast,clear,10,2
3288,451,2026-06-08 15:00:00,8,0,0,breakfast,extreme,8,1
3289,451,2026-04-15 02:00:00,15,2,0,dinner,rain,13,1
3290,451,2026-02-17 07:00:00,17,1,0,dinner,clear,12,4
3291,452,2026-06-02 14:00:00,2,1,1,late_night,clear,9,1
3292,452,2026-05-12 08:00:00,12,1,0,late_night,clear,10,2
3293,452,2026-05-04 02:00:00,4,0,1,late_night,rain,9,2
3294,452,2026-04-09 01:00:00,9,3,0,breakfast,rain,10,1
3295,452,2026-03-22 14:00:00,22,6,0,dinner,clear,7,1
3296,452,2026-04-26 10:00:00,26,6,1,lunch,rain,9,1
3297,452,2026-03-10 04:00:00,10,1,0,dinner,clear,9,2
3298,452,2026-06-10 15:00:00,10,2,0,lunch,extreme,5,1
3299,452,2026-03-13 23:00:00,13,4,0,breakfast,extreme,3,2
3300,452,2026-02-21 23:00:00,21,5,0,breakfast,extreme,9,1
3301,452,2026-03-30 15:00:00,30,0,1,late_night,clear,1,1
3302,452,2026-04-10 19:00:00,10,4,0,late_night,clear,7,5
3303,453,2026-06-10 04:00:00,10,2,0,late_night,clear,1,1
3304,453,2026-06-08 22:00:00,8,0,0,late_night,clear,10,1
3305,454,2026-02-12 04:00:00,12,3,0,lunch,clear,8,2
3306,454,2026-03-19 00:00:00,19,3,0,dinner,clear,3,1
3307,454,2026-04-22 02:00:00,22,2,0,lunch,clear,11,1
3308,454,2026-04-15 07:00:00,15,2,0,dinner,clear,12,2
3309,454,2026-04-11 17:00:00,11,5,0,lunch,extreme,1,2
3310,454,2026-05-02 20:00:00,2,5,1,lunch,clear,5,2
3311,454,2026-06-29 06:00:00,29,0,1,lunch,rain,12,2
3312,454,2026-06-03 20:00:00,3,2,1,dinner,rain,4,1
3313,454,2026-04-13 22:00:00,13,0,0,breakfast,rain,8,1
3314,454,2026-03-21 07:00:00,21,5,0,late_night,clear,11,1
3315,455,2026-04-29 19:00:00,29,2,1,breakfast,clear,2,2
3316,455,2026-05-31 18:00:00,31,6,1,dinner,clear,5,1
3317,455,2026-01-30 03:00:00,30,4,1,late_night,clear,7,1
3318,455,2026-06-04 18:00:00,4,3,1,late_night,clear,4,3
3319,455,2026-05-26 11:00:00,26,1,1,lunch,extreme,11,1
3320,455,2026-02-08 14:00:00,8,6,0,late_night,clear,13,1
3321,455,2026-01-06 22:00:00,6,1,1,late_night,rain,1,1
3322,455,2026-01-18 03:00:00,18,6,0,dinner,rain,6,1
3323,456,2026-01-21 17:00:00,21,2,0,breakfast,clear,1,2
3324,456,2026-05-29 16:00:00,29,4,1,dinner,rain,8,2
3325,456,2026-02-24 19:00:00,24,1,0,late_night,clear,9,2
3326,457,2026-03-18 23:00:00,18,2,0,breakfast,clear,13,2
3327,458,2026-03-17 17:00:00,17,1,0,breakfast,clear,10,1
3328,458,2026-02-23 04:00:00,23,0,0,lunch,rain,1,1
3329,458,2026-05-18 14:00:00,18,0,0,lunch,clear,7,1
3330,458,2026-06-06 22:00:00,6,5,1,lunch,clear,6,1
3331,458,2026-04-06 00:00:00,6,0,1,dinner,rain,11,1
3332,458,2026-04-17 10:00:00,17,4,0,dinner,clear,9,1
3333,458,2026-01-14 11:00:00,14,2,0,lunch,extreme,10,1
3334,458,2026-05-24 06:00:00,24,6,0,late_night,clear,10,1
3335,458,2026-02-26 09:00:00,26,3,1,breakfast,clear,1,1
3336,458,2026-04-18 21:00:00,18,5,0,lunch,clear,3,2
3337,458,2026-03-04 23:00:00,4,2,1,lunch,rain,8,1
3338,458,2026-01-03 01:00:00,3,5,1,lunch,clear,6,1
3339,458,2026-04-09 03:00:00,9,3,0,lunch,clear,2,1
3340,458,2026-05-19 18:00:00,19,1,0,dinner,extreme,9,5
3341,459,2026-01-01 17:00:00,1,3,1,breakfast,clear,7,1
3342,459,2026-06-08 23:00:00,8,0,0,lunch,clear,1,1
3343,459,2026-03-28 02:00:00,28,5,1,dinner,clear,8,5
3344,459,2026-06-29 07:00:00,29,0,1,late_night,clear,2,1
3345,459,2026-01-21 14:00:00,21,2,0,dinner,clear,2,1
3346,459,2026-02-21 11:00:00,21,5,0,breakfast,clear,9,1
3347,459,2026-03-16 02:00:00,16,0,0,late_night,clear,11,3
3348,459,2026-02-22 16:00:00,22,6,0,dinner,clear,1,1
3349,459,2026-05-16 04:00:00,16,5,0,late_night,clear,12,1
3350,459,2026-02-14 22:00:00,14,5,0,late_night,rain,3,1
3351,460,2026-04-04 22:00:00,4,5,1,lunch,clear,2,1
3352,460,2026-03-25 05:00:00,25,2,1,late_night,clear,1,1
3353,460,2026-01-15 22:00:00,15,3,0,dinner,extreme,14,1
3354,460,2026-04-22 07:00:00,22,2,0,dinner,clear,14,1
3355,460,2026-03-04 15:00:00,4,2,1,lunch,clear,9,1
3356,460,2026-01-12 00:00:00,12,0,0,lunch,clear,2,4
3357,460,2026-04-23 19:00:00,23,3,0,late_night,clear,4,5
3358,460,2026-02-07 17:00:00,7,5,1,breakfast,extreme,8,4
3359,460,2026-06-12 02:00:00,12,4,0,dinner,clear,9,3
3360,460,2026-04-24 11:00:00,24,4,0,late_night,clear,10,1
3361,460,2026-04-12 13:00:00,12,6,0,late_night,rain,3,1
3362,460,2026-05-23 20:00:00,23,5,0,lunch,clear,12,2
3363,460,2026-03-07 20:00:00,7,5,1,late_night,rain,5,4
3364,460,2026-02-11 00:00:00,11,2,0,breakfast,clear,7,1
3365,461,2026-05-30 22:00:00,30,5,1,breakfast,clear,2,2
3366,462,2026-05-08 02:00:00,8,4,0,breakfast,rain,9,2
3367,462,2026-04-14 22:00:00,14,1,0,dinner,clear,11,3
3368,462,2026-05-17 13:00:00,17,6,0,late_night,extreme,14,1
3369,462,2026-03-21 05:00:00,21,5,0,breakfast,clear,10,1
3370,463,2026-06-27 14:00:00,27,5,1,dinner,clear,9,2
3371,463,2026-02-03 23:00:00,3,1,1,late_night,extreme,11,1
3372,463,2026-01-12 06:00:00,12,0,0,late_night,extreme,7,1
3373,463,2026-02-09 23:00:00,9,0,0,dinner,clear,7,1
3374,463,2026-05-10 16:00:00,10,6,0,late_night,clear,5,1
3375,463,2026-01-26 09:00:00,26,0,1,breakfast,clear,4,1
3376,463,2026-01-13 04:00:00,13,1,0,late_night,clear,11,1
3377,463,2026-04-17 04:00:00,17,4,0,late_night,extreme,2,2
3378,463,2026-03-07 01:00:00,7,5,1,late_night,extreme,5,1
3379,463,2026-06-05 21:00:00,5,4,1,lunch,extreme,3,1
3380,464,2026-02-19 02:00:00,19,3,0,late_night,clear,5,1
3381,464,2026-05-08 08:00:00,8,4,0,late_night,rain,8,2
3382,464,2026-05-06 19:00:00,6,2,1,breakfast,rain,4,1
3383,464,2026-04-08 06:00:00,8,2,0,breakfast,extreme,7,1
3384,464,2026-06-23 06:00:00,23,1,0,breakfast,clear,3,1
3385,464,2026-05-04 02:00:00,4,0,1,late_night,clear,7,2
3386,465,2026-06-01 02:00:00,1,0,1,late_night,clear,7,5
3387,465,2026-03-02 21:00:00,2,0,1,dinner,clear,11,3
3388,465,2026-03-20 04:00:00,20,4,0,late_night,clear,14,2
3389,465,2026-02-25 22:00:00,25,2,1,breakfast,rain,2,1
3390,465,2026-01-02 13:00:00,2,4,1,late_night,extreme,2,1
3391,465,2026-04-23 12:00:00,23,3,0,dinner,rain,6,2
3392,466,2026-01-29 18:00:00,29,3,1,breakfast,clear,13,4
3393,467,2026-04-24 04:00:00,24,4,0,lunch,extreme,9,3
3394,467,2026-01-11 11:00:00,11,6,0,dinner,clear,6,4
3395,467,2026-05-30 01:00:00,30,5,1,late_night,clear,3,2
3396,467,2026-05-09 13:00:00,9,5,0,lunch,clear,4,1
3397,467,2026-05-28 23:00:00,28,3,1,breakfast,rain,12,3
3398,467,2026-03-31 08:00:00,31,1,1,breakfast,rain,9,1
3399,467,2026-03-14 18:00:00,14,5,0,lunch,clear,5,2
3400,467,2026-02-24 18:00:00,24,1,0,dinner,clear,1,1
3401,467,2026-03-02 20:00:00,2,0,1,dinner,clear,7,2
3402,467,2026-01-26 19:00:00,26,0,1,lunch,clear,7,1
3403,467,2026-06-03 02:00:00,3,2,1,lunch,clear,6,4
3404,467,2026-03-23 22:00:00,23,0,0,dinner,rain,1,1
3405,468,2026-04-28 12:00:00,28,1,1,dinner,clear,4,1
3406,468,2026-02-19 02:00:00,19,3,0,late_night,clear,3,3
3407,468,2026-05-26 18:00:00,26,1,1,lunch,rain,1,1
3408,468,2026-06-02 01:00:00,2,1,1,breakfast,clear,11,1
3409,468,2026-01-22 09:00:00,22,3,0,late_night,clear,8,2
3410,468,2026-01-20 02:00:00,20,1,0,breakfast,clear,3,3
3411,468,2026-03-27 18:00:00,27,4,1,dinner,clear,3,1
3412,468,2026-04-12 20:00:00,12,6,0,lunch,clear,14,1
3413,469,2026-03-07 07:00:00,7,5,1,lunch,clear,4,2
3414,470,2026-05-19 10:00:00,19,1,0,breakfast,clear,11,2
3415,470,2026-01-09 04:00:00,9,4,0,dinner,clear,5,4
3416,470,2026-06-26 00:00:00,26,4,1,lunch,clear,11,2
3417,470,2026-06-20 02:00:00,20,5,0,lunch,clear,9,1
3418,470,2026-06-17 00:00:00,17,2,0,late_night,clear,8,4
3419,470,2026-05-26 18:00:00,26,1,1,breakfast,clear,2,1
3420,470,2026-04-29 16:00:00,29,2,1,lunch,clear,9,1
3421,470,2026-06-26 10:00:00,26,4,1,dinner,clear,4,3
3422,470,2026-04-21 23:00:00,21,1,0,dinner,clear,11,4
3423,470,2026-06-20 10:00:00,20,5,0,late_night,rain,4,1
3424,470,2026-02-14 00:00:00,14,5,0,dinner,clear,11,1
3425,471,2026-04-05 03:00:00,5,6,1,late_night,clear,10,1
3426,471,2026-02-24 21:00:00,24,1,0,lunch,clear,14,2
3427,471,2026-06-08 05:00:00,8,0,0,late_night,clear,13,4
3428,471,2026-05-19 06:00:00,19,1,0,breakfast,clear,2,2
3429,471,2026-04-18 11:00:00,18,5,0,dinner,rain,9,4
3430,472,2026-04-05 19:00:00,5,6,1,lunch,clear,5,2
3431,472,2026-01-20 00:00:00,20,1,0,breakfast,clear,7,5
3432,472,2026-06-11 07:00:00,11,3,0,lunch,extreme,11,1
3433,473,2026-01-22 23:00:00,22,3,0,breakfast,clear,9,1
3434,473,2026-02-28 08:00:00,28,5,1,lunch,clear,6,1
3435,473,2026-02-17 11:00:00,17,1,0,dinner,clear,7,1
3436,473,2026-05-16 05:00:00,16,5,0,lunch,clear,4,2
3437,473,2026-06-13 15:00:00,13,5,0,lunch,clear,2,4
3438,473,2026-04-03 17:00:00,3,4,1,dinner,clear,13,1
3439,473,2026-01-14 02:00:00,14,2,0,dinner,clear,3,1
3440,473,2026-02-22 22:00:00,22,6,0,late_night,clear,3,1
3441,473,2026-02-01 21:00:00,1,6,1,dinner,clear,5,2
3442,473,2026-05-18 01:00:00,18,0,0,lunch,rain,11,2
3443,473,2026-01-14 08:00:00,14,2,0,dinner,clear,2,2
3444,474,2026-02-01 06:00:00,1,6,1,dinner,clear,9,2
3445,474,2026-06-07 04:00:00,7,6,1,lunch,clear,5,2
3446,474,2026-02-18 08:00:00,18,2,0,breakfast,rain,5,1
3447,474,2026-02-27 17:00:00,27,4,1,late_night,clear,12,1
3448,474,2026-05-03 12:00:00,3,6,1,late_night,rain,11,1
3449,474,2026-02-20 08:00:00,20,4,0,breakfast,clear,5,1
3450,475,2026-06-10 12:00:00,10,2,0,lunch,clear,3,4
3451,475,2026-01-27 06:00:00,27,1,1,breakfast,clear,6,2
3452,475,2026-05-21 04:00:00,21,3,0,lunch,clear,8,1
3453,476,2026-01-14 19:00:00,14,2,0,dinner,clear,9,2
3454,476,2026-04-27 17:00:00,27,0,1,breakfast,rain,14,1
3455,476,2026-03-23 05:00:00,23,0,0,late_night,clear,7,2
3456,476,2026-04-25 15:00:00,25,5,1,late_night,rain,4,1
3457,477,2026-05-22 12:00:00,22,4,0,breakfast,rain,8,1
3458,477,2026-04-09 16:00:00,9,3,0,breakfast,rain,12,1
3459,477,2026-01-10 22:00:00,10,5,0,late_night,clear,9,5
3460,477,2026-06-01 08:00:00,1,0,1,lunch,rain,6,4
3461,477,2026-01-07 20:00:00,7,2,1,dinner,extreme,8,2
3462,477,2026-04-12 23:00:00,12,6,0,late_night,clear,11,3
3463,478,2026-02-24 23:00:00,24,1,0,dinner,clear,10,1
3464,478,2026-01-30 14:00:00,30,4,1,late_night,clear,12,1
3465,478,2026-05-09 02:00:00,9,5,0,lunch,clear,5,1
3466,478,2026-03-19 11:00:00,19,3,0,breakfast,rain,1,2
3467,478,2026-02-18 15:00:00,18,2,0,late_night,clear,12,4
3468,479,2026-01-09 21:00:00,9,4,0,lunch,clear,6,1
3469,479,2026-06-15 12:00:00,15,0,0,lunch,clear,3,1
3470,479,2026-06-21 10:00:00,21,6,0,lunch,clear,14,3
3471,479,2026-02-09 01:00:00,9,0,0,lunch,clear,10,3
3472,479,2026-05-30 11:00:00,30,5,1,late_night,clear,10,3
3473,479,2026-03-21 20:00:00,21,5,0,breakfast,clear,2,1
3474,479,2026-06-12 13:00:00,12,4,0,dinner,extreme,9,3
3475,479,2026-04-19 18:00:00,19,6,0,late_night,rain,7,1
3476,479,2026-04-24 03:00:00,24,4,0,lunch,rain,5,1
3477,479,2026-02-06 01:00:00,6,4,1,dinner,clear,7,5
3478,479,2026-05-28 04:00:00,28,3,1,breakfast,clear,7,1
3479,480,2026-05-12 05:00:00,12,1,0,breakfast,clear,5,2
3480,480,2026-01-14 06:00:00,14,2,0,lunch,clear,9,1
3481,480,2026-04-24 08:00:00,24,4,0,lunch,rain,1,1
3482,480,2026-01-26 20:00:00,26,0,1,breakfast,clear,12,4
3483,480,2026-02-19 08:00:00,19,3,0,lunch,clear,5,2
3484,480,2026-01-31 10:00:00,31,5,1,dinner,rain,14,1
3485,480,2026-01-12 10:00:00,12,0,0,lunch,clear,4,1
3486,480,2026-05-20 13:00:00,20,2,0,lunch,rain,2,4
3487,480,2026-01-09 06:00:00,9,4,0,breakfast,clear,10,1
3488,480,2026-02-03 18:00:00,3,1,1,lunch,clear,9,1
3489,480,2026-05-28 05:00:00,28,3,1,dinner,extreme,13,2
3490,481,2026-02-07 05:00:00,7,5,1,dinner,clear,8,1
3491,481,2026-04-30 03:00:00,30,3,1,late_night,extreme,13,5
3492,481,2026-06-14 00:00:00,14,6,0,breakfast,clear,12,1
3493,481,2026-05-18 02:00:00,18,0,0,late_night,clear,11,2
3494,481,2026-02-25 05:00:00,25,2,1,lunch,clear,3,3
3495,482,2026-05-14 10:00:00,14,3,0,dinner,rain,1,2
3496,482,2026-02-22 12:00:00,22,6,0,lunch,clear,9,1
3497,482,2026-05-09 19:00:00,9,5,0,late_night,extreme,6,5
3498,482,2026-03-06 07:00:00,6,4,1,breakfast,rain,3,2
3499,482,2026-05-12 00:00:00,12,1,0,lunch,clear,8,1
3500,482,2026-03-22 10:00:00,22,6,0,dinner,clear,2,2
3501,482,2026-01-02 05:00:00,2,4,1,dinner,rain,6,3
3502,482,2026-03-20 11:00:00,20,4,0,dinner,clear,9,3
3503,483,2026-01-15 22:00:00,15,3,0,breakfast,clear,11,2
3504,483,2026-01-19 01:00:00,19,0,0,late_night,clear,8,3
3505,483,2026-02-15 12:00:00,15,6,0,lunch,clear,13,1
3506,483,2026-03-21 11:00:00,21,5,0,breakfast,extreme,13,2
3507,483,2026-02-24 21:00:00,24,1,0,breakfast,clear,8,2
3508,484,2026-06-02 07:00:00,2,1,1,dinner,rain,10,1
3509,484,2026-01-22 01:00:00,22,3,0,lunch,clear,7,1
3510,484,2026-02-15 16:00:00,15,6,0,breakfast,clear,9,1
3511,484,2026-04-26 06:00:00,26,6,1,late_night,extreme,2,1
3512,484,2026-02-20 01:00:00,20,4,0,late_night,clear,11,3
3513,484,2026-01-20 12:00:00,20,1,0,dinner,clear,13,2
3514,484,2026-06-13 05:00:00,13,5,0,lunch,clear,7,1
3515,484,2026-01-16 11:00:00,16,4,0,breakfast,clear,1,2
3516,484,2026-01-27 17:00:00,27,1,1,lunch,rain,10,1
3517,484,2026-02-24 08:00:00,24,1,0,late_night,clear,10,2
3518,484,2026-05-08 02:00:00,8,4,0,late_night,rain,8,1
3519,485,2026-06-15 21:00:00,15,0,0,breakfast,clear,5,3
3520,485,2026-05-02 15:00:00,2,5,1,breakfast,clear,5,1
3521,485,2026-03-25 02:00:00,25,2,1,dinner,rain,1,1
3522,485,2026-02-21 13:00:00,21,5,0,dinner,clear,14,2
3523,485,2026-04-03 01:00:00,3,4,1,late_night,clear,4,1
3524,485,2026-05-30 16:00:00,30,5,1,late_night,clear,6,3
3525,485,2026-06-10 20:00:00,10,2,0,lunch,clear,4,1
3526,485,2026-04-13 16:00:00,13,0,0,breakfast,clear,6,1
3527,485,2026-03-03 12:00:00,3,1,1,dinner,clear,9,3
3528,485,2026-01-27 16:00:00,27,1,1,dinner,rain,7,3
3529,485,2026-06-08 07:00:00,8,0,0,dinner,clear,11,1
3530,485,2026-04-25 05:00:00,25,5,1,late_night,clear,1,2
3531,485,2026-04-18 20:00:00,18,5,0,dinner,clear,4,1
3532,486,2026-03-19 23:00:00,19,3,0,dinner,clear,11,1
3533,487,2026-03-25 13:00:00,25,2,1,late_night,extreme,4,1
3534,487,2026-01-14 07:00:00,14,2,0,breakfast,clear,9,2
3535,488,2026-01-28 19:00:00,28,2,1,dinner,clear,2,2
3536,488,2026-06-15 11:00:00,15,0,0,late_night,clear,5,2
3537,488,2026-01-06 05:00:00,6,1,1,lunch,extreme,10,1
3538,488,2026-05-07 17:00:00,7,3,1,late_night,clear,12,1
3539,488,2026-06-22 05:00:00,22,0,0,late_night,clear,12,3
3540,488,2026-04-18 20:00:00,18,5,0,dinner,rain,13,4
3541,488,2026-05-01 22:00:00,1,4,1,late_night,clear,7,1
3542,489,2026-03-12 10:00:00,12,3,0,lunch,rain,3,1
3543,489,2026-06-01 23:00:00,1,0,1,late_night,clear,12,3
3544,489,2026-04-14 08:00:00,14,1,0,late_night,rain,12,1
3545,490,2026-01-07 09:00:00,7,2,1,breakfast,extreme,10,2
3546,490,2026-02-11 18:00:00,11,2,0,late_night,clear,5,2
3547,490,2026-04-19 20:00:00,19,6,0,breakfast,clear,8,3
3548,490,2026-03-01 02:00:00,1,6,1,lunch,clear,8,4
3549,490,2026-05-01 02:00:00,1,4,1,late_night,clear,10,1
3550,490,2026-03-06 09:00:00,6,4,1,late_night,rain,5,2
3551,490,2026-01-23 21:00:00,23,4,0,breakfast,clear,12,1
3552,490,2026-01-07 07:00:00,7,2,1,lunch,clear,5,1
3553,491,2026-01-05 22:00:00,5,0,1,lunch,clear,4,1
3554,491,2026-02-18 03:00:00,18,2,0,breakfast,clear,12,3
3555,491,2026-05-18 10:00:00,18,0,0,lunch,clear,2,1
3556,491,2026-02-21 09:00:00,21,5,0,breakfast,clear,4,1
3557,491,2026-03-25 22:00:00,25,2,1,late_night,clear,12,2
3558,491,2026-01-27 21:00:00,27,1,1,breakfast,clear,14,2
3559,491,2026-03-08 03:00:00,8,6,0,late_night,clear,14,2
3560,492,2026-06-29 04:00:00,29,0,1,lunch,rain,8,1
3561,492,2026-06-02 10:00:00,2,1,1,breakfast,clear,2,2
3562,492,2026-04-29 17:00:00,29,2,1,lunch,clear,5,1
3563,492,2026-04-23 03:00:00,23,3,0,breakfast,rain,2,2
3564,492,2026-03-19 12:00:00,19,3,0,breakfast,extreme,3,3
3565,492,2026-05-11 20:00:00,11,0,0,breakfast,clear,1,1
3566,492,2026-04-05 06:00:00,5,6,1,late_night,rain,5,4
3567,492,2026-02-07 14:00:00,7,5,1,dinner,clear,1,1
3568,492,2026-02-07 00:00:00,7,5,1,breakfast,clear,2,1
3569,492,2026-01-07 01:00:00,7,2,1,late_night,clear,13,3
3570,492,2026-03-30 16:00:00,30,0,1,late_night,clear,7,2
3571,492,2026-05-05 07:00:00,5,1,1,lunch,clear,8,2
3572,492,2026-03-10 07:00:00,10,1,0,dinner,rain,3,1
3573,493,2026-06-21 08:00:00,21,6,0,dinner,rain,7,2
3574,493,2026-01-15 12:00:00,15,3,0,breakfast,clear,12,1
3575,493,2026-05-11 20:00:00,11,0,0,dinner,clear,4,1
3576,493,2026-06-13 22:00:00,13,5,0,lunch,rain,8,1
3577,493,2026-03-28 20:00:00,28,5,1,lunch,clear,1,2
3578,493,2026-02-10 21:00:00,10,1,0,late_night,clear,2,1
3579,493,2026-01-04 21:00:00,4,6,1,dinner,clear,8,1
3580,493,2026-03-01 01:00:00,1,6,1,dinner,clear,14,1
3581,493,2026-05-04 01:00:00,4,0,1,dinner,clear,1,3
3582,494,2026-01-27 18:00:00,27,1,1,breakfast,clear,13,4
3583,494,2026-03-22 11:00:00,22,6,0,lunch,clear,5,3
3584,494,2026-03-19 21:00:00,19,3,0,breakfast,clear,4,1
3585,494,2026-01-12 22:00:00,12,0,0,dinner,clear,14,1
3586,494,2026-04-01 17:00:00,1,2,1,lunch,clear,4,2
3587,495,2026-02-06 03:00:00,6,4,1,late_night,extreme,3,1
3588,495,2026-01-28 17:00:00,28,2,1,dinner,clear,7,1
3589,495,2026-06-13 15:00:00,13,5,0,late_night,clear,11,2
3590,495,2026-02-08 23:00:00,8,6,0,dinner,clear,2,1
3591,496,2026-03-12 05:00:00,12,3,0,dinner,rain,9,2
3592,496,2026-05-30 14:00:00,30,5,1,late_night,clear,7,1
3593,496,2026-01-18 06:00:00,18,6,0,dinner,rain,6,1
3594,496,2026-01-31 18:00:00,31,5,1,late_night,clear,9,1
3595,496,2026-04-14 02:00:00,14,1,0,lunch,clear,7,1
3596,496,2026-03-19 20:00:00,19,3,0,breakfast,clear,7,1
3597,496,2026-01-30 10:00:00,30,4,1,dinner,clear,4,3
3598,496,2026-05-09 13:00:00,9,5,0,late_night,rain,12,1
3599,496,2026-03-14 15:00:00,14,5,0,dinner,clear,2,1
3600,496,2026-04-24 20:00:00,24,4,0,late_night,rain,8,2
3601,496,2026-06-26 03:00:00,26,4,1,lunch,clear,9,1
3602,496,2026-02-24 08:00:00,24,1,0,lunch,rain,2,2
3603,497,2026-05-03 11:00:00,3,6,1,late_night,clear,7,1
3604,497,2026-04-11 06:00:00,11,5,0,breakfast,rain,12,2
3605,497,2026-04-14 16:00:00,14,1,0,lunch,rain,1,1
3606,497,2026-04-02 14:00:00,2,3,1,lunch,clear,8,1
3607,497,2026-03-02 05:00:00,2,0,1,lunch,clear,13,2
3608,497,2026-02-08 07:00:00,8,6,0,dinner,clear,12,1
3609,498,2026-03-21 15:00:00,21,5,0,dinner,clear,9,1
3610,498,2026-06-22 12:00:00,22,0,0,lunch,clear,7,1
3611,498,2026-01-19 10:00:00,19,0,0,late_night,clear,6,1
3612,498,2026-01-01 14:00:00,1,3,1,dinner,rain,10,1
3613,498,2026-06-19 01:00:00,19,4,0,late_night,rain,4,1
3614,498,2026-01-13 16:00:00,13,1,0,breakfast,clear,10,1
3615,498,2026-03-18 01:00:00,18,2,0,lunch,clear,11,1
3616,498,2026-06-10 02:00:00,10,2,0,lunch,extreme,11,1
3617,498,2026-05-08 08:00:00,8,4,0,late_night,clear,8,1
3618,498,2026-02-15 23:00:00,15,6,0,lunch,clear,14,1
3619,498,2026-01-12 08:00:00,12,0,0,lunch,clear,3,1
3620,498,2026-05-24 09:00:00,24,6,0,late_night,extreme,13,1
3621,498,2026-06-04 14:00:00,4,3,1,dinner,extreme,13,2
3622,498,2026-03-29 02:00:00,29,6,1,lunch,clear,10,1
3623,499,2026-06-10 15:00:00,10,2,0,dinner,extreme,7,2
3624,499,2026-01-13 13:00:00,13,1,0,dinner,clear,4,2
3625,499,2026-06-07 15:00:00,7,6,1,dinner,extreme,9,1
3626,499,2026-05-24 12:00:00,24,6,0,breakfast,clear,2,2
3627,499,2026-03-20 05:00:00,20,4,0,breakfast,rain,4,2
3628,499,2026-05-25 21:00:00,25,0,1,late_night,clear,11,2
3629,499,2026-04-03 21:00:00,3,4,1,dinner,clear,13,2
3630,499,2026-03-05 08:00:00,5,3,1,breakfast,clear,8,1
3631,499,2026-03-20 09:00:00,20,4,0,lunch,clear,1,1
3632,499,2026-06-17 08:00:00,17,2,0,lunch,extreme,1,1
3633,499,2026-06-21 07:00:00,21,6,0,late_night,clear,13,5
3634,499,2026-05-25 09:00:00,25,0,1,lunch,clear,4,1
3635,499,2026-01-22 23:00:00,22,3,0,lunch,clear,4,3
3636,500,2026-02-25 21:00:00,25,2,1,dinner,rain,7,2
3637,500,2026-05-07 17:00:00,7,3,1,late_night,rain,10,1
3638,500,2026-01-02 19:00:00,2,4,1,lunch,clear,4,4
3639,500,2026-05-04 14:00:00,4,0,1,breakfast,rain,13,2
3640,500,2026-05-20 01:00:00,20,2,0,dinner,extreme,1,2
3641,500,2026-02-04 13:00:00,4,2,1,lunch,clear,1,2
3642,500,2026-05-30 05:00:00,30,5,1,dinner,rain,5,1
3643,500,2026-03-07 12:00:00,7,5,1,breakfast,clear,1,2
3644,501,2026-02-11 00:00:00,11,2,0,dinner,clear,2,1
3645,501,2026-05-27 00:00:00,27,2,1,late_night,clear,3,1
3646,501,2026-01-06 04:00:00,6,1,1,late_night,clear,12,5
3647,501,2026-05-23 03:00:00,23,5,0,late_night,clear,7,1
3648,501,2026-02-11 14:00:00,11,2,0,lunch,clear,13,2
3649,501,2026-03-27 08:00:00,27,4,1,late_night,clear,10,2
3650,501,2026-03-01 17:00:00,1,6,1,late_night,rain,14,2
3651,502,2026-06-05 23:00:00,5,4,1,breakfast,clear,14,2
3652,502,2026-01-23 07:00:00,23,4,0,dinner,clear,13,3
3653,502,2026-06-08 05:00:00,8,0,0,lunch,clear,6,4
3654,502,2026-05-24 19:00:00,24,6,0,dinner,clear,11,1
3655,502,2026-02-27 23:00:00,27,4,1,late_night,clear,6,3
3656,502,2026-03-02 04:00:00,2,0,1,lunch,clear,3,1
3657,502,2026-04-17 21:00:00,17,4,0,late_night,clear,14,1
3658,502,2026-03-06 11:00:00,6,4,1,dinner,rain,7,1
3659,502,2026-04-05 03:00:00,5,6,1,late_night,clear,3,1
3660,502,2026-04-25 12:00:00,25,5,1,breakfast,rain,13,1
3661,502,2026-02-21 03:00:00,21,5,0,lunch,clear,9,1
3662,502,2026-02-21 17:00:00,21,5,0,lunch,clear,13,1
3663,502,2026-01-03 05:00:00,3,5,1,breakfast,clear,8,1
3664,502,2026-05-20 07:00:00,20,2,0,lunch,extreme,2,3
3665,503,2026-04-17 13:00:00,17,4,0,late_night,clear,14,2
3666,503,2026-06-02 00:00:00,2,1,1,breakfast,clear,4,1
3667,503,2026-04-03 06:00:00,3,4,1,late_night,clear,6,3
3668,503,2026-06-15 13:00:00,15,0,0,lunch,rain,2,1
3669,503,2026-01-21 04:00:00,21,2,0,breakfast,clear,3,1
3670,503,2026-03-06 11:00:00,6,4,1,late_night,rain,11,1
3671,503,2026-01-01 09:00:00,1,3,1,late_night,clear,12,2
3672,503,2026-06-22 15:00:00,22,0,0,dinner,clear,1,3
3673,503,2026-03-07 05:00:00,7,5,1,lunch,extreme,3,3
3674,503,2026-04-03 21:00:00,3,4,1,late_night,clear,14,3
3675,503,2026-05-31 11:00:00,31,6,1,late_night,clear,7,2
3676,503,2026-05-26 20:00:00,26,1,1,dinner,extreme,4,2
3677,503,2026-01-08 18:00:00,8,3,0,lunch,clear,10,1
3678,503,2026-02-12 10:00:00,12,3,0,dinner,clear,6,1
3679,504,2026-04-17 03:00:00,17,4,0,lunch,clear,9,1
3680,504,2026-06-13 08:00:00,13,5,0,breakfast,clear,6,1
3681,504,2026-03-03 00:00:00,3,1,1,breakfast,rain,9,1
3682,504,2026-02-17 07:00:00,17,1,0,dinner,extreme,13,2
3683,504,2026-02-26 09:00:00,26,3,1,late_night,clear,14,1
3684,505,2026-04-05 03:00:00,5,6,1,breakfast,extreme,6,3
3685,505,2026-04-05 20:00:00,5,6,1,lunch,clear,11,1
3686,505,2026-06-14 08:00:00,14,6,0,late_night,clear,9,2
3687,505,2026-01-20 08:00:00,20,1,0,lunch,extreme,3,1
3688,505,2026-02-22 22:00:00,22,6,0,late_night,clear,2,1
3689,505,2026-01-26 02:00:00,26,0,1,dinner,clear,5,4
3690,505,2026-05-06 10:00:00,6,2,1,breakfast,clear,5,2
3691,505,2026-03-03 13:00:00,3,1,1,dinner,extreme,7,1
3692,505,2026-06-27 19:00:00,27,5,1,breakfast,clear,12,1
3693,505,2026-04-20 22:00:00,20,0,0,late_night,clear,11,2
3694,505,2026-01-02 17:00:00,2,4,1,lunch,extreme,10,2
3695,506,2026-03-09 02:00:00,9,0,0,late_night,clear,8,3
3696,506,2026-05-13 19:00:00,13,2,0,dinner,rain,14,1
3697,506,2026-01-08 09:00:00,8,3,0,lunch,clear,7,1
3698,506,2026-05-25 06:00:00,25,0,1,lunch,clear,10,1
3699,506,2026-04-04 04:00:00,4,5,1,breakfast,clear,10,1
3700,506,2026-03-20 20:00:00,20,4,0,breakfast,clear,8,2
3701,506,2026-03-13 23:00:00,13,4,0,breakfast,clear,8,2
3702,506,2026-02-23 14:00:00,23,0,0,late_night,clear,14,5
3703,506,2026-06-20 16:00:00,20,5,0,breakfast,rain,9,1
3704,506,2026-05-06 06:00:00,6,2,1,breakfast,clear,2,1
3705,506,2026-03-17 21:00:00,17,1,0,late_night,rain,7,1
3706,507,2026-05-24 14:00:00,24,6,0,breakfast,clear,3,5
3707,507,2026-02-28 10:00:00,28,5,1,dinner,clear,10,1
3708,508,2026-05-26 22:00:00,26,1,1,lunch,clear,8,3
3709,508,2026-02-27 02:00:00,27,4,1,breakfast,clear,9,3
3710,509,2026-06-25 08:00:00,25,3,1,lunch,rain,12,2
3711,509,2026-06-13 00:00:00,13,5,0,late_night,rain,6,1
3712,509,2026-01-13 03:00:00,13,1,0,lunch,clear,7,1
3713,509,2026-03-24 19:00:00,24,1,0,dinner,clear,14,1
3714,509,2026-01-02 06:00:00,2,4,1,dinner,extreme,11,4
3715,509,2026-04-14 08:00:00,14,1,0,late_night,clear,10,2
3716,509,2026-04-17 22:00:00,17,4,0,breakfast,clear,1,1
3717,510,2026-05-28 06:00:00,28,3,1,dinner,rain,3,1
3718,510,2026-04-15 13:00:00,15,2,0,lunch,clear,6,1
3719,510,2026-04-07 13:00:00,7,1,1,breakfast,extreme,4,2
3720,510,2026-06-29 16:00:00,29,0,1,late_night,rain,5,1
3721,510,2026-05-14 20:00:00,14,3,0,dinner,rain,4,4
3722,511,2026-02-06 05:00:00,6,4,1,breakfast,rain,11,1
3723,511,2026-04-16 19:00:00,16,3,0,dinner,extreme,13,1
3724,511,2026-06-19 06:00:00,19,4,0,dinner,clear,10,1
3725,511,2026-02-21 16:00:00,21,5,0,breakfast,clear,11,1
3726,511,2026-04-25 12:00:00,25,5,1,dinner,rain,8,1
3727,511,2026-01-01 20:00:00,1,3,1,lunch,clear,11,2
3728,511,2026-01-26 19:00:00,26,0,1,dinner,clear,8,5
3729,511,2026-01-19 06:00:00,19,0,0,lunch,clear,11,4
3730,511,2026-05-10 15:00:00,10,6,0,dinner,clear,13,2
3731,512,2026-05-31 12:00:00,31,6,1,lunch,clear,8,2
3732,512,2026-03-12 11:00:00,12,3,0,dinner,clear,2,2
3733,512,2026-02-01 13:00:00,1,6,1,lunch,clear,9,1
3734,512,2026-03-10 17:00:00,10,1,0,dinner,clear,1,4
3735,512,2026-01-13 08:00:00,13,1,0,dinner,clear,5,1
3736,512,2026-02-13 08:00:00,13,4,0,late_night,clear,4,4
3737,512,2026-04-29 13:00:00,29,2,1,breakfast,extreme,1,3
3738,512,2026-02-24 02:00:00,24,1,0,breakfast,clear,4,2
3739,512,2026-03-15 14:00:00,15,6,0,dinner,clear,11,1
3740,512,2026-04-27 05:00:00,27,0,1,lunch,clear,10,1
3741,513,2026-02-07 11:00:00,7,5,1,late_night,clear,11,1
3742,513,2026-02-09 00:00:00,9,0,0,dinner,clear,2,2
3743,513,2026-03-23 10:00:00,23,0,0,dinner,clear,4,1
3744,513,2026-04-15 20:00:00,15,2,0,late_night,rain,9,1
3745,513,2026-01-10 12:00:00,10,5,0,late_night,clear,10,1
3746,514,2026-03-23 07:00:00,23,0,0,dinner,extreme,2,2
3747,514,2026-05-11 13:00:00,11,0,0,lunch,clear,14,3
3748,514,2026-05-11 21:00:00,11,0,0,dinner,extreme,2,2
3749,514,2026-05-22 08:00:00,22,4,0,late_night,clear,6,2
3750,514,2026-04-09 07:00:00,9,3,0,dinner,clear,5,1
3751,514,2026-05-10 04:00:00,10,6,0,dinner,rain,1,1
3752,515,2026-05-10 08:00:00,10,6,0,lunch,clear,10,1
3753,515,2026-06-13 01:00:00,13,5,0,lunch,clear,1,1
3754,515,2026-02-05 19:00:00,5,3,1,late_night,clear,14,1
3755,515,2026-05-08 03:00:00,8,4,0,breakfast,rain,12,1
3756,515,2026-04-24 02:00:00,24,4,0,breakfast,clear,8,2
3757,515,2026-06-07 23:00:00,7,6,1,late_night,clear,9,2
3758,515,2026-03-25 03:00:00,25,2,1,late_night,clear,13,1
3759,515,2026-01-09 09:00:00,9,4,0,late_night,rain,1,2
3760,515,2026-06-22 20:00:00,22,0,0,breakfast,clear,5,1
3761,516,2026-05-28 16:00:00,28,3,1,late_night,clear,6,1
3762,516,2026-04-04 22:00:00,4,5,1,breakfast,clear,11,2
3763,516,2026-05-30 22:00:00,30,5,1,late_night,clear,11,1
3764,516,2026-02-22 18:00:00,22,6,0,dinner,clear,1,1
3765,516,2026-01-16 05:00:00,16,4,0,dinner,clear,5,1
3766,517,2026-04-21 12:00:00,21,1,0,late_night,clear,8,1
3767,517,2026-05-08 10:00:00,8,4,0,dinner,clear,1,1
3768,517,2026-06-09 10:00:00,9,1,0,breakfast,clear,10,1
3769,517,2026-05-02 17:00:00,2,5,1,breakfast,clear,6,2
3770,518,2026-02-04 04:00:00,4,2,1,dinner,rain,13,2
3771,518,2026-01-27 04:00:00,27,1,1,lunch,clear,5,2
3772,518,2026-06-23 08:00:00,23,1,0,lunch,clear,10,3
3773,518,2026-01-16 04:00:00,16,4,0,dinner,rain,14,2
3774,518,2026-03-10 07:00:00,10,1,0,lunch,rain,5,3
3775,518,2026-02-18 14:00:00,18,2,0,dinner,clear,6,2
3776,518,2026-01-10 18:00:00,10,5,0,breakfast,rain,7,2
3777,518,2026-01-16 20:00:00,16,4,0,breakfast,clear,12,2
3778,518,2026-02-24 14:00:00,24,1,0,breakfast,clear,10,2
3779,518,2026-01-20 02:00:00,20,1,0,breakfast,clear,3,2
3780,518,2026-01-15 09:00:00,15,3,0,breakfast,extreme,9,2
3781,518,2026-05-24 19:00:00,24,6,0,breakfast,clear,2,1
3782,518,2026-06-04 21:00:00,4,3,1,lunch,clear,11,4
3783,518,2026-03-11 15:00:00,11,2,0,breakfast,clear,12,3
3784,519,2026-03-30 06:00:00,30,0,1,breakfast,clear,5,2
3785,519,2026-04-12 17:00:00,12,6,0,breakfast,clear,11,1
3786,519,2026-03-12 21:00:00,12,3,0,late_night,rain,11,3
3787,519,2026-02-15 00:00:00,15,6,0,dinner,clear,5,1
3788,519,2026-05-23 05:00:00,23,5,0,lunch,rain,7,1
3789,519,2026-06-11 17:00:00,11,3,0,dinner,rain,3,1
3790,519,2026-06-05 09:00:00,5,4,1,breakfast,clear,10,3
3791,519,2026-01-03 09:00:00,3,5,1,breakfast,extreme,5,1
3792,519,2026-02-25 23:00:00,25,2,1,lunch,rain,6,4
3793,520,2026-03-30 04:00:00,30,0,1,breakfast,clear,13,2
3794,520,2026-02-24 11:00:00,24,1,0,late_night,clear,11,1
3795,521,2026-01-09 15:00:00,9,4,0,lunch,clear,2,1
3796,521,2026-06-02 16:00:00,2,1,1,lunch,clear,8,1
3797,521,2026-05-11 11:00:00,11,0,0,dinner,clear,12,1
3798,521,2026-04-04 02:00:00,4,5,1,lunch,extreme,3,3
3799,521,2026-03-23 15:00:00,23,0,0,dinner,clear,12,5
3800,521,2026-05-27 08:00:00,27,2,1,breakfast,clear,13,1
3801,521,2026-02-02 12:00:00,2,0,1,late_night,extreme,14,1
3802,521,2026-05-05 02:00:00,5,1,1,late_night,extreme,9,3
3803,521,2026-06-14 01:00:00,14,6,0,dinner,clear,6,1
3804,521,2026-01-25 02:00:00,25,6,1,lunch,clear,12,3
3805,521,2026-05-02 17:00:00,2,5,1,late_night,clear,10,4
3806,521,2026-02-06 21:00:00,6,4,1,late_night,extreme,1,1
3807,522,2026-01-08 18:00:00,8,3,0,late_night,clear,3,1
3808,522,2026-04-14 19:00:00,14,1,0,lunch,clear,7,4
3809,522,2026-04-26 06:00:00,26,6,1,late_night,rain,11,1
3810,522,2026-01-01 10:00:00,1,3,1,lunch,rain,2,2
3811,522,2026-04-20 07:00:00,20,0,0,dinner,clear,10,2
3812,522,2026-06-08 16:00:00,8,0,0,dinner,clear,12,2
3813,522,2026-03-22 06:00:00,22,6,0,lunch,clear,7,1
3814,522,2026-01-19 08:00:00,19,0,0,late_night,clear,13,5
3815,522,2026-03-30 05:00:00,30,0,1,dinner,clear,9,4
3816,522,2026-06-07 11:00:00,7,6,1,late_night,clear,4,2
3817,522,2026-04-24 21:00:00,24,4,0,breakfast,clear,11,4
3818,522,2026-01-24 12:00:00,24,5,0,dinner,clear,4,2
3819,522,2026-05-24 19:00:00,24,6,0,late_night,clear,10,1
3820,523,2026-01-12 15:00:00,12,0,0,late_night,clear,3,1
3821,523,2026-06-14 11:00:00,14,6,0,dinner,rain,9,2
3822,524,2026-02-15 12:00:00,15,6,0,dinner,clear,4,2
3823,524,2026-03-14 09:00:00,14,5,0,late_night,rain,11,1
3824,524,2026-05-07 00:00:00,7,3,1,breakfast,clear,7,1
3825,524,2026-04-24 10:00:00,24,4,0,breakfast,clear,6,1
3826,524,2026-02-24 01:00:00,24,1,0,breakfast,rain,14,1
3827,524,2026-04-08 13:00:00,8,2,0,dinner,clear,10,2
3828,524,2026-06-10 20:00:00,10,2,0,late_night,clear,13,1
3829,524,2026-06-16 10:00:00,16,1,0,late_night,extreme,1,5
3830,524,2026-04-15 17:00:00,15,2,0,late_night,clear,4,1
3831,524,2026-05-01 14:00:00,1,4,1,lunch,rain,5,5
3832,524,2026-03-23 05:00:00,23,0,0,breakfast,clear,14,1
3833,524,2026-02-12 04:00:00,12,3,0,breakfast,rain,2,2
3834,525,2026-05-18 19:00:00,18,0,0,breakfast,rain,9,1
3835,525,2026-04-24 01:00:00,24,4,0,breakfast,clear,6,3
3836,525,2026-06-13 09:00:00,13,5,0,late_night,clear,14,1
3837,525,2026-04-27 02:00:00,27,0,1,lunch,clear,7,2
3838,525,2026-04-30 03:00:00,30,3,1,dinner,clear,7,1
3839,525,2026-03-05 20:00:00,5,3,1,breakfast,clear,14,5
3840,526,2026-02-07 22:00:00,7,5,1,dinner,clear,13,2
3841,526,2026-03-25 22:00:00,25,2,1,dinner,clear,1,1
3842,526,2026-02-17 20:00:00,17,1,0,late_night,extreme,9,1
3843,526,2026-03-21 07:00:00,21,5,0,lunch,clear,8,4
3844,526,2026-06-15 16:00:00,15,0,0,lunch,clear,9,2
3845,526,2026-06-15 23:00:00,15,0,0,lunch,clear,12,2
3846,526,2026-01-19 12:00:00,19,0,0,lunch,rain,1,1
3847,527,2026-02-26 09:00:00,26,3,1,late_night,rain,14,1
3848,527,2026-04-10 14:00:00,10,4,0,late_night,clear,4,1
3849,527,2026-04-09 14:00:00,9,3,0,lunch,clear,7,1
3850,527,2026-02-22 21:00:00,22,6,0,late_night,clear,8,3
3851,527,2026-02-14 16:00:00,14,5,0,late_night,clear,9,1
3852,527,2026-05-03 05:00:00,3,6,1,dinner,rain,14,3
3853,527,2026-03-27 09:00:00,27,4,1,dinner,clear,11,1
3854,527,2026-01-03 18:00:00,3,5,1,late_night,extreme,10,1
3855,527,2026-01-08 22:00:00,8,3,0,late_night,clear,1,1
3856,527,2026-05-23 20:00:00,23,5,0,breakfast,clear,12,4
3857,527,2026-05-05 01:00:00,5,1,1,late_night,clear,7,3
3858,528,2026-06-02 12:00:00,2,1,1,late_night,clear,7,2
3859,528,2026-04-15 03:00:00,15,2,0,lunch,rain,6,2
3860,528,2026-04-14 03:00:00,14,1,0,breakfast,clear,6,1
3861,528,2026-03-19 04:00:00,19,3,0,breakfast,clear,8,2
3862,528,2026-05-10 15:00:00,10,6,0,late_night,clear,14,3
3863,528,2026-04-16 21:00:00,16,3,0,breakfast,clear,6,1
3864,529,2026-05-04 15:00:00,4,0,1,lunch,clear,12,1
3865,529,2026-01-26 14:00:00,26,0,1,breakfast,extreme,14,1
3866,529,2026-01-02 13:00:00,2,4,1,late_night,rain,4,3
3867,529,2026-06-16 00:00:00,16,1,0,lunch,clear,4,1
3868,529,2026-05-30 03:00:00,30,5,1,breakfast,rain,10,1
3869,529,2026-01-05 13:00:00,5,0,1,dinner,clear,8,2
3870,529,2026-01-12 13:00:00,12,0,0,lunch,extreme,5,1
3871,529,2026-01-12 12:00:00,12,0,0,late_night,clear,3,3
3872,529,2026-06-07 18:00:00,7,6,1,breakfast,clear,2,4
3873,529,2026-01-22 01:00:00,22,3,0,late_night,clear,5,1
3874,530,2026-06-16 14:00:00,16,1,0,dinner,clear,4,1
3875,530,2026-01-02 10:00:00,2,4,1,lunch,clear,3,4
3876,530,2026-03-27 19:00:00,27,4,1,breakfast,clear,6,3
3877,530,2026-04-20 13:00:00,20,0,0,breakfast,clear,6,4
3878,530,2026-03-07 11:00:00,7,5,1,breakfast,rain,5,2
3879,530,2026-05-15 21:00:00,15,4,0,breakfast,extreme,5,3
3880,530,2026-04-19 15:00:00,19,6,0,dinner,clear,14,1
3881,530,2026-02-01 14:00:00,1,6,1,lunch,rain,11,4
3882,530,2026-03-01 11:00:00,1,6,1,dinner,clear,8,2
3883,530,2026-04-04 17:00:00,4,5,1,late_night,extreme,14,2
3884,530,2026-01-26 00:00:00,26,0,1,lunch,clear,9,1
3885,530,2026-05-09 04:00:00,9,5,0,lunch,clear,13,4
3886,530,2026-03-03 07:00:00,3,1,1,breakfast,clear,14,2
3887,530,2026-04-04 14:00:00,4,5,1,lunch,rain,8,1
3888,531,2026-03-29 10:00:00,29,6,1,late_night,rain,8,3
3889,531,2026-06-17 05:00:00,17,2,0,late_night,extreme,9,1
3890,531,2026-05-18 08:00:00,18,0,0,dinner,clear,10,2
3891,531,2026-02-01 18:00:00,1,6,1,late_night,clear,1,1
3892,531,2026-05-17 00:00:00,17,6,0,late_night,clear,14,1
3893,531,2026-04-16 23:00:00,16,3,0,lunch,clear,3,1
3894,531,2026-05-02 00:00:00,2,5,1,lunch,clear,1,1
3895,531,2026-01-01 21:00:00,1,3,1,breakfast,rain,2,1
3896,531,2026-06-11 07:00:00,11,3,0,dinner,clear,8,1
3897,531,2026-04-09 22:00:00,9,3,0,lunch,clear,6,1
3898,531,2026-02-22 08:00:00,22,6,0,dinner,clear,9,1
3899,532,2026-05-07 00:00:00,7,3,1,late_night,clear,7,2
3900,532,2026-02-22 16:00:00,22,6,0,dinner,clear,10,3
3901,532,2026-03-25 01:00:00,25,2,1,breakfast,extreme,7,1
3902,532,2026-04-05 23:00:00,5,6,1,dinner,clear,10,2
3903,532,2026-03-31 22:00:00,31,1,1,breakfast,clear,12,3
3904,532,2026-05-07 05:00:00,7,3,1,dinner,clear,2,2
3905,532,2026-02-02 07:00:00,2,0,1,dinner,clear,12,1
3906,532,2026-02-05 11:00:00,5,3,1,lunch,clear,9,3
3907,532,2026-03-04 01:00:00,4,2,1,late_night,rain,9,3
3908,532,2026-01-25 15:00:00,25,6,1,breakfast,clear,1,1
3909,532,2026-03-08 22:00:00,8,6,0,dinner,rain,2,3
3910,532,2026-02-18 22:00:00,18,2,0,lunch,clear,3,1
3911,532,2026-05-29 12:00:00,29,4,1,breakfast,extreme,13,1
3912,532,2026-01-23 19:00:00,23,4,0,breakfast,clear,12,1
3913,533,2026-06-08 18:00:00,8,0,0,late_night,extreme,1,1
3914,534,2026-03-26 19:00:00,26,3,1,lunch,rain,2,1
3915,534,2026-03-20 11:00:00,20,4,0,late_night,clear,10,1
3916,534,2026-01-17 07:00:00,17,5,0,dinner,clear,1,1
3917,534,2026-06-09 18:00:00,9,1,0,breakfast,clear,6,1
3918,534,2026-05-20 17:00:00,20,2,0,lunch,clear,4,2
3919,534,2026-05-04 23:00:00,4,0,1,dinner,clear,1,1
3920,534,2026-06-02 21:00:00,2,1,1,breakfast,rain,8,1
3921,534,2026-03-17 11:00:00,17,1,0,lunch,clear,14,1
3922,534,2026-03-29 23:00:00,29,6,1,dinner,clear,4,1
3923,535,2026-05-31 16:00:00,31,6,1,late_night,clear,11,1
3924,535,2026-06-28 23:00:00,28,6,1,dinner,clear,2,2
3925,535,2026-01-24 22:00:00,24,5,0,dinner,rain,10,1
3926,535,2026-05-30 16:00:00,30,5,1,breakfast,extreme,10,1
3927,535,2026-05-14 05:00:00,14,3,0,dinner,rain,6,1
3928,535,2026-01-30 04:00:00,30,4,1,dinner,clear,4,1
3929,535,2026-06-23 00:00:00,23,1,0,dinner,rain,1,1
3930,535,2026-01-30 00:00:00,30,4,1,breakfast,clear,11,4
3931,535,2026-01-23 14:00:00,23,4,0,late_night,clear,13,1
3932,535,2026-01-21 07:00:00,21,2,0,late_night,rain,12,2
3933,536,2026-04-27 10:00:00,27,0,1,lunch,rain,12,1
3934,536,2026-05-29 21:00:00,29,4,1,lunch,clear,4,3
3935,536,2026-04-29 12:00:00,29,2,1,breakfast,clear,1,1
3936,536,2026-03-04 04:00:00,4,2,1,dinner,rain,14,1
3937,536,2026-04-13 19:00:00,13,0,0,dinner,clear,5,1
3938,536,2026-06-07 08:00:00,7,6,1,dinner,clear,2,1
3939,536,2026-04-24 07:00:00,24,4,0,dinner,rain,9,5
3940,536,2026-03-07 21:00:00,7,5,1,lunch,clear,1,1
3941,537,2026-03-25 14:00:00,25,2,1,late_night,rain,9,4
3942,537,2026-04-06 08:00:00,6,0,1,lunch,clear,2,1
3943,537,2026-05-06 07:00:00,6,2,1,breakfast,clear,6,1
3944,537,2026-01-30 14:00:00,30,4,1,dinner,clear,5,2
3945,537,2026-06-04 17:00:00,4,3,1,lunch,clear,2,2
3946,537,2026-01-21 12:00:00,21,2,0,lunch,extreme,7,1
3947,537,2026-05-14 05:00:00,14,3,0,dinner,rain,11,4
3948,537,2026-06-19 14:00:00,19,4,0,late_night,clear,8,2
3949,537,2026-04-24 17:00:00,24,4,0,late_night,rain,14,1
3950,537,2026-04-06 17:00:00,6,0,1,dinner,extreme,10,1
3951,538,2026-05-11 10:00:00,11,0,0,breakfast,extreme,11,1
3952,538,2026-04-21 19:00:00,21,1,0,breakfast,clear,4,1
3953,538,2026-01-06 16:00:00,6,1,1,late_night,rain,13,2
3954,538,2026-02-15 12:00:00,15,6,0,dinner,extreme,12,2
3955,538,2026-05-10 15:00:00,10,6,0,dinner,clear,12,1
3956,538,2026-01-23 23:00:00,23,4,0,late_night,clear,8,1
3957,538,2026-03-21 12:00:00,21,5,0,dinner,clear,6,4
3958,538,2026-01-15 22:00:00,15,3,0,late_night,clear,14,2
3959,539,2026-02-25 13:00:00,25,2,1,lunch,clear,4,1
3960,539,2026-04-16 01:00:00,16,3,0,lunch,clear,4,3
3961,539,2026-01-05 13:00:00,5,0,1,breakfast,clear,10,1
3962,540,2026-05-04 01:00:00,4,0,1,breakfast,rain,14,3
3963,541,2026-02-07 15:00:00,7,5,1,dinner,rain,11,1
3964,541,2026-03-10 23:00:00,10,1,0,lunch,rain,12,1
3965,541,2026-01-21 05:00:00,21,2,0,dinner,clear,1,1
3966,541,2026-03-11 22:00:00,11,2,0,dinner,clear,14,1
3967,541,2026-04-29 16:00:00,29,2,1,dinner,rain,6,2
3968,541,2026-04-26 11:00:00,26,6,1,lunch,rain,1,1
3969,542,2026-06-21 12:00:00,21,6,0,breakfast,rain,4,1
3970,542,2026-02-19 13:00:00,19,3,0,late_night,clear,14,1
3971,542,2026-01-13 23:00:00,13,1,0,breakfast,clear,8,1
3972,542,2026-01-21 08:00:00,21,2,0,lunch,clear,6,3
3973,542,2026-06-17 05:00:00,17,2,0,dinner,rain,10,5
3974,542,2026-05-13 07:00:00,13,2,0,lunch,extreme,3,4
3975,542,2026-05-12 18:00:00,12,1,0,breakfast,extreme,6,2
3976,542,2026-06-03 05:00:00,3,2,1,breakfast,clear,12,1
3977,542,2026-01-26 18:00:00,26,0,1,dinner,rain,12,1
3978,543,2026-03-02 08:00:00,2,0,1,late_night,rain,9,1
3979,543,2026-06-09 04:00:00,9,1,0,lunch,clear,10,2
3980,543,2026-02-22 05:00:00,22,6,0,lunch,clear,1,1
3981,543,2026-05-02 16:00:00,2,5,1,late_night,clear,12,1
3982,543,2026-02-14 01:00:00,14,5,0,lunch,extreme,7,1
3983,543,2026-05-29 13:00:00,29,4,1,lunch,clear,14,1
3984,543,2026-03-30 13:00:00,30,0,1,breakfast,rain,9,4
3985,543,2026-05-11 09:00:00,11,0,0,lunch,clear,1,3
3986,543,2026-04-11 04:00:00,11,5,0,breakfast,clear,10,1
3987,543,2026-04-30 18:00:00,30,3,1,dinner,rain,4,1
3988,543,2026-06-13 19:00:00,13,5,0,dinner,clear,1,3
3989,543,2026-04-11 01:00:00,11,5,0,lunch,clear,13,1
3990,543,2026-05-03 14:00:00,3,6,1,lunch,clear,3,3
3991,543,2026-06-21 12:00:00,21,6,0,dinner,clear,13,5
3992,544,2026-04-20 04:00:00,20,0,0,breakfast,clear,11,1
3993,545,2026-03-24 14:00:00,24,1,0,dinner,rain,10,1
3994,545,2026-05-15 23:00:00,15,4,0,late_night,rain,5,1
3995,545,2026-05-21 13:00:00,21,3,0,dinner,clear,6,1
3996,545,2026-03-02 17:00:00,2,0,1,dinner,rain,12,3
3997,545,2026-03-04 12:00:00,4,2,1,late_night,rain,12,1
3998,545,2026-01-24 12:00:00,24,5,0,late_night,clear,3,1
3999,545,2026-01-07 08:00:00,7,2,1,lunch,rain,3,1
4000,546,2026-03-07 19:00:00,7,5,1,lunch,clear,11,1
4001,546,2026-01-23 17:00:00,23,4,0,lunch,clear,11,4
4002,546,2026-06-27 11:00:00,27,5,1,dinner,clear,11,2
4003,546,2026-04-11 00:00:00,11,5,0,dinner,clear,10,1
4004,546,2026-01-26 03:00:00,26,0,1,lunch,rain,8,1
4005,546,2026-06-14 03:00:00,14,6,0,breakfast,clear,14,1
4006,546,2026-04-16 21:00:00,16,3,0,lunch,clear,6,1
4007,546,2026-01-27 18:00:00,27,1,1,lunch,clear,11,2
4008,546,2026-05-06 01:00:00,6,2,1,dinner,rain,4,4
4009,546,2026-03-03 18:00:00,3,1,1,breakfast,clear,11,1
4010,546,2026-06-14 13:00:00,14,6,0,breakfast,rain,10,2
4011,546,2026-06-01 07:00:00,1,0,1,breakfast,rain,9,1
4012,546,2026-05-23 09:00:00,23,5,0,late_night,clear,2,2
4013,546,2026-05-12 08:00:00,12,1,0,dinner,extreme,11,1
4014,547,2026-04-22 14:00:00,22,2,0,lunch,clear,11,1
4015,547,2026-04-11 09:00:00,11,5,0,dinner,clear,14,1
4016,547,2026-03-16 07:00:00,16,0,0,late_night,extreme,8,3
4017,547,2026-02-19 04:00:00,19,3,0,late_night,clear,10,1
4018,547,2026-03-29 10:00:00,29,6,1,lunch,clear,7,2
4019,547,2026-01-30 14:00:00,30,4,1,breakfast,clear,4,2
4020,547,2026-06-05 10:00:00,5,4,1,late_night,clear,7,1
4021,548,2026-04-09 10:00:00,9,3,0,breakfast,clear,9,1
4022,548,2026-04-09 14:00:00,9,3,0,breakfast,clear,2,1
4023,548,2026-04-24 21:00:00,24,4,0,breakfast,clear,14,1
4024,548,2026-03-04 07:00:00,4,2,1,late_night,clear,9,4
4025,548,2026-06-06 04:00:00,6,5,1,dinner,clear,7,1
4026,548,2026-01-03 04:00:00,3,5,1,breakfast,extreme,2,2
4027,548,2026-06-14 16:00:00,14,6,0,late_night,clear,6,4
4028,548,2026-04-20 08:00:00,20,0,0,breakfast,extreme,11,2
4029,549,2026-03-15 15:00:00,15,6,0,lunch,clear,4,2
4030,549,2026-01-14 06:00:00,14,2,0,late_night,rain,8,1
4031,549,2026-02-25 05:00:00,25,2,1,breakfast,rain,12,1
4032,549,2026-02-15 23:00:00,15,6,0,late_night,extreme,13,4
4033,549,2026-02-08 06:00:00,8,6,0,lunch,rain,12,1
4034,549,2026-02-12 17:00:00,12,3,0,late_night,clear,2,1
4035,549,2026-06-27 17:00:00,27,5,1,lunch,clear,14,1
4036,549,2026-05-24 10:00:00,24,6,0,dinner,clear,9,1
4037,549,2026-02-10 06:00:00,10,1,0,breakfast,clear,14,1
4038,549,2026-04-27 03:00:00,27,0,1,breakfast,clear,3,3
4039,549,2026-05-29 21:00:00,29,4,1,dinner,clear,3,1
4040,549,2026-03-07 19:00:00,7,5,1,late_night,clear,1,2
4041,550,2026-01-27 09:00:00,27,1,1,breakfast,rain,13,1
4042,550,2026-03-10 17:00:00,10,1,0,late_night,clear,14,4
4043,550,2026-02-16 01:00:00,16,0,0,lunch,clear,14,1
4044,550,2026-06-13 02:00:00,13,5,0,lunch,clear,11,1
4045,550,2026-04-01 04:00:00,1,2,1,late_night,clear,2,1
4046,550,2026-02-19 12:00:00,19,3,0,lunch,rain,7,1
4047,550,2026-03-17 21:00:00,17,1,0,late_night,extreme,14,1
4048,550,2026-03-26 21:00:00,26,3,1,lunch,clear,11,5
4049,550,2026-01-17 05:00:00,17,5,0,late_night,clear,9,1
4050,550,2026-05-25 19:00:00,25,0,1,dinner,rain,9,1
4051,550,2026-04-11 22:00:00,11,5,0,breakfast,clear,7,1
4052,550,2026-06-08 06:00:00,8,0,0,late_night,clear,12,1
4053,551,2026-03-11 09:00:00,11,2,0,lunch,clear,8,4
4054,551,2026-06-26 20:00:00,26,4,1,late_night,clear,6,1
4055,551,2026-06-27 06:00:00,27,5,1,breakfast,extreme,13,1
4056,551,2026-05-28 19:00:00,28,3,1,breakfast,clear,4,3
4057,551,2026-03-19 14:00:00,19,3,0,lunch,clear,5,2
4058,551,2026-02-03 13:00:00,3,1,1,dinner,clear,12,1
4059,552,2026-05-21 14:00:00,21,3,0,breakfast,clear,1,1
4060,552,2026-05-15 21:00:00,15,4,0,late_night,clear,12,1
4061,552,2026-06-08 06:00:00,8,0,0,dinner,clear,1,1
4062,552,2026-03-07 15:00:00,7,5,1,late_night,clear,13,3
4063,553,2026-03-14 20:00:00,14,5,0,breakfast,clear,10,2
4064,553,2026-01-01 14:00:00,1,3,1,lunch,clear,9,1
4065,553,2026-05-12 13:00:00,12,1,0,breakfast,rain,10,2
4066,553,2026-02-07 22:00:00,7,5,1,dinner,rain,12,4
4067,553,2026-03-22 18:00:00,22,6,0,breakfast,clear,3,3
4068,553,2026-05-08 03:00:00,8,4,0,dinner,clear,7,1
4069,553,2026-06-23 18:00:00,23,1,0,dinner,clear,5,1
4070,553,2026-02-18 05:00:00,18,2,0,dinner,clear,3,2
4071,553,2026-06-13 22:00:00,13,5,0,dinner,clear,7,5
4072,554,2026-01-19 16:00:00,19,0,0,late_night,clear,3,1
4073,554,2026-01-12 01:00:00,12,0,0,lunch,clear,5,4
4074,554,2026-06-24 17:00:00,24,2,0,dinner,rain,10,1
4075,554,2026-04-13 23:00:00,13,0,0,dinner,clear,9,2
4076,554,2026-02-16 13:00:00,16,0,0,dinner,clear,9,2
4077,554,2026-01-16 01:00:00,16,4,0,lunch,clear,12,2
4078,554,2026-04-17 13:00:00,17,4,0,dinner,clear,14,1
4079,554,2026-06-26 16:00:00,26,4,1,dinner,rain,9,5
4080,554,2026-04-18 11:00:00,18,5,0,lunch,clear,12,2
4081,554,2026-01-13 11:00:00,13,1,0,late_night,extreme,7,2
4082,554,2026-01-01 16:00:00,1,3,1,late_night,clear,8,1
4083,554,2026-06-09 01:00:00,9,1,0,dinner,rain,11,1
4084,554,2026-06-09 11:00:00,9,1,0,lunch,clear,13,1
4085,554,2026-06-21 02:00:00,21,6,0,lunch,clear,7,1
4086,555,2026-05-31 00:00:00,31,6,1,lunch,clear,1,1
4087,555,2026-05-24 11:00:00,24,6,0,dinner,clear,2,1
4088,555,2026-02-09 19:00:00,9,0,0,late_night,clear,1,1
4089,555,2026-06-27 12:00:00,27,5,1,dinner,clear,11,1
4090,555,2026-06-29 04:00:00,29,0,1,lunch,rain,7,2
4091,555,2026-02-04 03:00:00,4,2,1,late_night,extreme,8,1
4092,555,2026-05-25 00:00:00,25,0,1,dinner,clear,4,2
4093,555,2026-02-25 07:00:00,25,2,1,late_night,clear,4,2
4094,555,2026-03-30 22:00:00,30,0,1,lunch,clear,11,2
4095,555,2026-04-02 09:00:00,2,3,1,lunch,clear,9,2
4096,555,2026-01-10 11:00:00,10,5,0,late_night,clear,14,2
4097,555,2026-04-23 02:00:00,23,3,0,dinner,extreme,2,3
4098,556,2026-04-07 10:00:00,7,1,1,lunch,clear,2,1
4099,556,2026-02-27 01:00:00,27,4,1,late_night,rain,12,2
4100,556,2026-02-05 13:00:00,5,3,1,late_night,extreme,6,1
4101,556,2026-06-23 04:00:00,23,1,0,lunch,rain,14,1
4102,556,2026-03-23 13:00:00,23,0,0,dinner,rain,9,1
4103,556,2026-01-23 10:00:00,23,4,0,lunch,extreme,9,1
4104,556,2026-02-16 15:00:00,16,0,0,breakfast,clear,2,2
4105,556,2026-05-11 17:00:00,11,0,0,breakfast,clear,12,3
4106,556,2026-06-19 12:00:00,19,4,0,lunch,clear,3,1
4107,556,2026-02-25 13:00:00,25,2,1,late_night,clear,8,1
4108,556,2026-02-09 14:00:00,9,0,0,dinner,clear,7,4
4109,556,2026-01-13 19:00:00,13,1,0,breakfast,clear,3,1
4110,556,2026-02-03 23:00:00,3,1,1,dinner,clear,11,1
4111,556,2026-06-18 04:00:00,18,3,0,late_night,clear,14,1
4112,557,2026-03-31 04:00:00,31,1,1,dinner,clear,11,1
4113,557,2026-03-18 23:00:00,18,2,0,lunch,extreme,3,3
4114,557,2026-03-24 08:00:00,24,1,0,breakfast,rain,2,1
4115,557,2026-04-02 04:00:00,2,3,1,dinner,clear,11,2
4116,557,2026-05-26 08:00:00,26,1,1,breakfast,clear,2,1
4117,557,2026-01-25 20:00:00,25,6,1,lunch,clear,11,4
4118,557,2026-05-17 17:00:00,17,6,0,lunch,clear,4,1
4119,558,2026-03-24 13:00:00,24,1,0,breakfast,clear,7,1
4120,558,2026-01-18 08:00:00,18,6,0,lunch,rain,3,1
4121,558,2026-01-11 17:00:00,11,6,0,lunch,clear,9,1
4122,558,2026-03-18 22:00:00,18,2,0,lunch,clear,6,2
4123,558,2026-02-28 08:00:00,28,5,1,dinner,clear,7,1
4124,558,2026-04-13 14:00:00,13,0,0,breakfast,clear,7,4
4125,558,2026-01-27 06:00:00,27,1,1,lunch,rain,9,1
4126,558,2026-03-30 18:00:00,30,0,1,lunch,clear,8,4
4127,558,2026-01-21 09:00:00,21,2,0,dinner,clear,7,2
4128,558,2026-06-07 12:00:00,7,6,1,late_night,clear,10,1
4129,559,2026-04-02 11:00:00,2,3,1,breakfast,rain,6,1
4130,559,2026-06-28 04:00:00,28,6,1,breakfast,extreme,8,2
4131,559,2026-03-15 03:00:00,15,6,0,lunch,clear,1,2
4132,559,2026-03-02 17:00:00,2,0,1,dinner,clear,4,4
4133,560,2026-03-05 19:00:00,5,3,1,lunch,clear,1,1
4134,560,2026-03-20 21:00:00,20,4,0,breakfast,rain,4,2
4135,560,2026-04-25 18:00:00,25,5,1,dinner,clear,10,1
4136,560,2026-04-10 04:00:00,10,4,0,late_night,clear,4,3
4137,560,2026-06-07 06:00:00,7,6,1,breakfast,clear,2,1
4138,560,2026-02-11 03:00:00,11,2,0,lunch,clear,10,2
4139,560,2026-04-22 20:00:00,22,2,0,late_night,clear,1,2
4140,560,2026-02-16 17:00:00,16,0,0,late_night,clear,5,1
4141,561,2026-03-12 11:00:00,12,3,0,dinner,clear,4,5
4142,561,2026-06-06 06:00:00,6,5,1,lunch,extreme,10,1
4143,561,2026-03-28 08:00:00,28,5,1,late_night,clear,6,1
4144,561,2026-01-11 16:00:00,11,6,0,dinner,clear,11,3
4145,561,2026-05-12 12:00:00,12,1,0,late_night,extreme,4,2
4146,561,2026-02-02 18:00:00,2,0,1,late_night,clear,3,2
4147,561,2026-06-29 22:00:00,29,0,1,late_night,clear,10,4
4148,561,2026-02-06 06:00:00,6,4,1,lunch,extreme,9,1
4149,561,2026-01-31 10:00:00,31,5,1,dinner,extreme,4,2
4150,561,2026-03-25 06:00:00,25,2,1,lunch,clear,7,2
4151,562,2026-03-23 20:00:00,23,0,0,late_night,clear,3,2
4152,562,2026-01-27 11:00:00,27,1,1,late_night,clear,9,3
4153,562,2026-06-03 10:00:00,3,2,1,dinner,clear,10,1
4154,562,2026-04-08 08:00:00,8,2,0,breakfast,clear,6,1
4155,562,2026-06-27 11:00:00,27,5,1,lunch,clear,8,1
4156,562,2026-04-18 13:00:00,18,5,0,late_night,clear,1,1
4157,562,2026-01-17 01:00:00,17,5,0,late_night,clear,11,1
4158,562,2026-05-27 07:00:00,27,2,1,late_night,extreme,2,1
4159,562,2026-05-15 09:00:00,15,4,0,lunch,clear,12,1
4160,562,2026-03-30 19:00:00,30,0,1,dinner,clear,8,1
4161,562,2026-06-09 18:00:00,9,1,0,late_night,clear,3,1
4162,563,2026-03-09 21:00:00,9,0,0,breakfast,clear,5,2
4163,563,2026-04-14 08:00:00,14,1,0,breakfast,clear,1,1
4164,563,2026-05-20 08:00:00,20,2,0,dinner,clear,7,1
4165,563,2026-04-16 05:00:00,16,3,0,lunch,clear,13,1
4166,563,2026-01-13 04:00:00,13,1,0,lunch,clear,10,1
4167,563,2026-05-26 16:00:00,26,1,1,breakfast,clear,9,3
4168,563,2026-05-27 15:00:00,27,2,1,late_night,rain,14,5
4169,563,2026-06-07 23:00:00,7,6,1,lunch,clear,7,3
4170,563,2026-01-08 21:00:00,8,3,0,breakfast,clear,11,2
4171,563,2026-02-28 04:00:00,28,5,1,late_night,clear,2,1
4172,563,2026-06-21 06:00:00,21,6,0,dinner,rain,5,1
4173,563,2026-04-10 05:00:00,10,4,0,lunch,rain,12,1
4174,564,2026-06-11 03:00:00,11,3,0,breakfast,clear,6,5
4175,564,2026-02-18 14:00:00,18,2,0,dinner,clear,14,3
4176,564,2026-05-22 02:00:00,22,4,0,lunch,clear,10,1
4177,564,2026-02-05 01:00:00,5,3,1,dinner,clear,9,1
4178,564,2026-03-03 21:00:00,3,1,1,dinner,rain,13,2
4179,564,2026-05-19 14:00:00,19,1,0,lunch,clear,6,1
4180,565,2026-06-22 18:00:00,22,0,0,dinner,clear,7,1
4181,565,2026-02-06 19:00:00,6,4,1,breakfast,rain,2,2
4182,565,2026-05-10 18:00:00,10,6,0,dinner,rain,7,1
4183,565,2026-02-02 00:00:00,2,0,1,dinner,extreme,2,1
4184,565,2026-03-07 10:00:00,7,5,1,breakfast,extreme,2,1
4185,565,2026-02-15 07:00:00,15,6,0,late_night,extreme,4,1
4186,565,2026-04-08 18:00:00,8,2,0,lunch,clear,14,1
4187,565,2026-01-24 02:00:00,24,5,0,late_night,clear,13,1
4188,565,2026-04-26 20:00:00,26,6,1,breakfast,clear,3,1
4189,566,2026-04-06 07:00:00,6,0,1,dinner,clear,3,1
4190,567,2026-01-06 08:00:00,6,1,1,late_night,rain,2,5
4191,567,2026-03-11 23:00:00,11,2,0,lunch,rain,6,1
4192,567,2026-03-21 10:00:00,21,5,0,lunch,clear,1,1
4193,567,2026-04-30 02:00:00,30,3,1,late_night,clear,5,1
4194,567,2026-03-28 10:00:00,28,5,1,late_night,clear,7,2
4195,568,2026-03-24 06:00:00,24,1,0,dinner,clear,8,4
4196,568,2026-04-24 20:00:00,24,4,0,lunch,rain,2,1
4197,568,2026-01-12 22:00:00,12,0,0,late_night,clear,2,3
4198,568,2026-04-24 04:00:00,24,4,0,lunch,clear,13,1
4199,568,2026-01-05 02:00:00,5,0,1,lunch,clear,10,1
4200,568,2026-05-09 09:00:00,9,5,0,breakfast,clear,9,2
4201,569,2026-03-20 02:00:00,20,4,0,late_night,clear,13,4
4202,570,2026-03-27 23:00:00,27,4,1,late_night,clear,14,1
4203,570,2026-05-10 00:00:00,10,6,0,dinner,rain,13,1
4204,571,2026-02-03 11:00:00,3,1,1,late_night,clear,1,1
4205,571,2026-04-12 05:00:00,12,6,0,breakfast,clear,5,1
4206,571,2026-02-15 06:00:00,15,6,0,lunch,clear,9,2
4207,572,2026-05-13 01:00:00,13,2,0,dinner,clear,4,1
4208,572,2026-02-07 16:00:00,7,5,1,dinner,clear,11,1
4209,572,2026-01-07 04:00:00,7,2,1,late_night,clear,1,1
4210,572,2026-05-14 00:00:00,14,3,0,breakfast,clear,5,3
4211,572,2026-01-13 05:00:00,13,1,0,late_night,rain,10,3
4212,572,2026-03-24 19:00:00,24,1,0,lunch,clear,9,1
4213,572,2026-02-03 09:00:00,3,1,1,lunch,clear,9,1
4214,572,2026-06-16 01:00:00,16,1,0,late_night,rain,6,2
4215,572,2026-01-13 07:00:00,13,1,0,late_night,clear,14,3
4216,572,2026-06-07 19:00:00,7,6,1,late_night,extreme,9,1
4217,572,2026-03-10 18:00:00,10,1,0,late_night,extreme,3,2
4218,572,2026-05-28 06:00:00,28,3,1,breakfast,clear,9,1
4219,572,2026-01-22 18:00:00,22,3,0,dinner,rain,6,2
4220,572,2026-05-28 22:00:00,28,3,1,late_night,clear,14,1
4221,573,2026-02-10 18:00:00,10,1,0,lunch,clear,2,3
4222,573,2026-03-28 12:00:00,28,5,1,dinner,clear,10,1
4223,573,2026-02-14 21:00:00,14,5,0,breakfast,clear,7,4
4224,573,2026-05-18 20:00:00,18,0,0,late_night,extreme,5,1
4225,573,2026-01-15 01:00:00,15,3,0,breakfast,clear,12,2
4226,573,2026-02-12 07:00:00,12,3,0,lunch,extreme,14,2
4227,573,2026-01-24 22:00:00,24,5,0,dinner,rain,10,1
4228,574,2026-06-20 09:00:00,20,5,0,lunch,clear,3,1
4229,574,2026-05-07 15:00:00,7,3,1,lunch,clear,13,1
4230,574,2026-03-28 06:00:00,28,5,1,late_night,clear,2,2
4231,574,2026-03-06 06:00:00,6,4,1,lunch,extreme,4,2
4232,574,2026-03-03 06:00:00,3,1,1,breakfast,extreme,1,5
4233,574,2026-02-22 16:00:00,22,6,0,dinner,rain,2,1
4234,574,2026-05-25 01:00:00,25,0,1,breakfast,clear,2,1
4235,575,2026-04-10 18:00:00,10,4,0,dinner,extreme,4,3
4236,575,2026-06-27 12:00:00,27,5,1,breakfast,clear,6,2
4237,575,2026-01-09 01:00:00,9,4,0,breakfast,clear,3,2
4238,575,2026-02-15 01:00:00,15,6,0,dinner,clear,6,1
4239,575,2026-06-28 23:00:00,28,6,1,breakfast,clear,8,3
4240,575,2026-03-15 01:00:00,15,6,0,dinner,clear,12,3
4241,575,2026-04-05 02:00:00,5,6,1,breakfast,clear,1,3
4242,575,2026-06-07 19:00:00,7,6,1,late_night,clear,3,1
4243,576,2026-04-16 14:00:00,16,3,0,lunch,clear,2,4
4244,576,2026-03-06 00:00:00,6,4,1,breakfast,clear,3,2
4245,576,2026-06-26 10:00:00,26,4,1,late_night,extreme,11,2
4246,576,2026-06-24 10:00:00,24,2,0,dinner,clear,9,1
4247,576,2026-03-31 03:00:00,31,1,1,dinner,clear,7,1
4248,576,2026-02-08 09:00:00,8,6,0,dinner,clear,12,4
4249,576,2026-05-13 03:00:00,13,2,0,lunch,rain,7,1
4250,576,2026-02-10 14:00:00,10,1,0,dinner,clear,11,1
4251,576,2026-01-13 13:00:00,13,1,0,dinner,clear,3,1
4252,576,2026-02-24 18:00:00,24,1,0,dinner,clear,12,2
4253,576,2026-04-11 19:00:00,11,5,0,late_night,extreme,7,1
4254,576,2026-05-25 03:00:00,25,0,1,dinner,extreme,3,2
4255,577,2026-01-22 14:00:00,22,3,0,lunch,clear,9,1
4256,577,2026-06-07 09:00:00,7,6,1,breakfast,clear,12,1
4257,577,2026-04-13 02:00:00,13,0,0,late_night,extreme,1,2
4258,577,2026-04-04 10:00:00,4,5,1,breakfast,clear,12,2
4259,577,2026-01-05 07:00:00,5,0,1,breakfast,rain,7,4
4260,577,2026-05-07 06:00:00,7,3,1,late_night,clear,7,4
4261,577,2026-03-04 10:00:00,4,2,1,breakfast,clear,8,5
4262,578,2026-02-14 01:00:00,14,5,0,dinner,clear,14,2
4263,578,2026-06-07 16:00:00,7,6,1,late_night,extreme,8,1
4264,578,2026-05-03 17:00:00,3,6,1,dinner,rain,8,3
4265,578,2026-04-09 09:00:00,9,3,0,lunch,rain,1,1
4266,578,2026-05-08 06:00:00,8,4,0,breakfast,clear,9,3
4267,578,2026-01-29 06:00:00,29,3,1,late_night,rain,5,1
4268,578,2026-03-10 15:00:00,10,1,0,breakfast,clear,1,1
4269,578,2026-01-22 18:00:00,22,3,0,dinner,extreme,1,1
4270,578,2026-02-09 09:00:00,9,0,0,lunch,clear,3,1
4271,579,2026-01-20 18:00:00,20,1,0,dinner,rain,13,1
4272,579,2026-01-19 02:00:00,19,0,0,breakfast,clear,3,1
4273,579,2026-02-09 02:00:00,9,0,0,lunch,clear,10,2
4274,579,2026-02-02 08:00:00,2,0,1,dinner,rain,14,1
4275,579,2026-03-01 20:00:00,1,6,1,late_night,clear,10,2
4276,579,2026-01-28 10:00:00,28,2,1,dinner,extreme,11,2
4277,579,2026-04-09 05:00:00,9,3,0,lunch,clear,10,3
4278,579,2026-01-07 18:00:00,7,2,1,dinner,clear,4,1
4279,579,2026-05-03 17:00:00,3,6,1,breakfast,clear,14,3
4280,580,2026-02-17 16:00:00,17,1,0,late_night,clear,5,1
4281,580,2026-06-12 16:00:00,12,4,0,breakfast,clear,11,3
4282,580,2026-03-29 07:00:00,29,6,1,late_night,clear,12,3
4283,580,2026-02-16 07:00:00,16,0,0,dinner,rain,10,1
4284,580,2026-03-28 05:00:00,28,5,1,late_night,clear,11,1
4285,580,2026-02-12 15:00:00,12,3,0,breakfast,clear,10,1
4286,580,2026-01-05 19:00:00,5,0,1,dinner,clear,6,2
4287,580,2026-01-10 04:00:00,10,5,0,late_night,clear,13,2
4288,581,2026-05-02 18:00:00,2,5,1,dinner,rain,10,4
4289,581,2026-04-05 09:00:00,5,6,1,dinner,extreme,13,3
4290,581,2026-01-17 14:00:00,17,5,0,dinner,rain,11,2
4291,582,2026-06-06 12:00:00,6,5,1,lunch,clear,11,3
4292,582,2026-02-24 10:00:00,24,1,0,breakfast,rain,9,2
4293,582,2026-02-21 10:00:00,21,5,0,lunch,rain,7,4
4294,582,2026-01-12 04:00:00,12,0,0,breakfast,clear,4,1
4295,582,2026-04-15 01:00:00,15,2,0,dinner,clear,12,1
4296,583,2026-06-05 12:00:00,5,4,1,late_night,clear,3,1
4297,583,2026-01-18 13:00:00,18,6,0,late_night,extreme,9,5
4298,583,2026-02-28 19:00:00,28,5,1,lunch,rain,1,1
4299,583,2026-06-18 10:00:00,18,3,0,lunch,clear,6,5
4300,583,2026-03-08 16:00:00,8,6,0,lunch,rain,1,5
4301,583,2026-02-05 16:00:00,5,3,1,dinner,clear,8,1
4302,583,2026-02-01 02:00:00,1,6,1,dinner,rain,5,2
4303,583,2026-05-22 23:00:00,22,4,0,dinner,extreme,14,2
4304,583,2026-03-23 13:00:00,23,0,0,breakfast,clear,5,4
4305,583,2026-01-31 00:00:00,31,5,1,late_night,extreme,13,1
4306,583,2026-03-03 20:00:00,3,1,1,breakfast,clear,5,1
4307,583,2026-06-24 20:00:00,24,2,0,late_night,clear,10,1
4308,583,2026-01-11 05:00:00,11,6,0,breakfast,clear,7,5
4309,584,2026-05-26 01:00:00,26,1,1,lunch,clear,8,1
4310,584,2026-04-18 12:00:00,18,5,0,lunch,clear,4,4
4311,584,2026-05-14 17:00:00,14,3,0,breakfast,clear,11,1
4312,584,2026-03-07 09:00:00,7,5,1,late_night,extreme,2,2
4313,584,2026-01-20 12:00:00,20,1,0,lunch,extreme,9,1
4314,584,2026-05-07 21:00:00,7,3,1,lunch,clear,2,4
4315,584,2026-06-29 02:00:00,29,0,1,late_night,clear,10,1
4316,584,2026-06-25 23:00:00,25,3,1,dinner,clear,5,1
4317,584,2026-06-24 23:00:00,24,2,0,dinner,clear,14,1
4318,584,2026-02-23 14:00:00,23,0,0,late_night,clear,14,3
4319,584,2026-02-26 03:00:00,26,3,1,breakfast,rain,7,1
4320,584,2026-03-11 10:00:00,11,2,0,dinner,rain,14,1
4321,584,2026-02-12 11:00:00,12,3,0,lunch,clear,7,1
4322,584,2026-04-15 04:00:00,15,2,0,dinner,clear,14,1
4323,585,2026-03-26 11:00:00,26,3,1,breakfast,rain,13,1
4324,586,2026-02-28 17:00:00,28,5,1,late_night,clear,5,1
4325,586,2026-05-15 05:00:00,15,4,0,lunch,clear,1,2
4326,586,2026-03-02 05:00:00,2,0,1,dinner,clear,1,1
4327,586,2026-05-01 03:00:00,1,4,1,breakfast,extreme,3,1
4328,586,2026-01-30 13:00:00,30,4,1,late_night,extreme,11,1
4329,586,2026-05-28 07:00:00,28,3,1,dinner,clear,6,1
4330,586,2026-03-08 07:00:00,8,6,0,dinner,clear,13,1
4331,586,2026-05-03 23:00:00,3,6,1,late_night,rain,8,1
4332,586,2026-06-07 05:00:00,7,6,1,dinner,rain,3,4
4333,587,2026-06-19 21:00:00,19,4,0,dinner,rain,1,1
4334,587,2026-02-17 06:00:00,17,1,0,breakfast,clear,7,2
4335,587,2026-06-22 09:00:00,22,0,0,lunch,clear,14,1
4336,587,2026-03-30 09:00:00,30,0,1,late_night,rain,10,1
4337,587,2026-02-16 15:00:00,16,0,0,breakfast,clear,1,1
4338,587,2026-03-22 02:00:00,22,6,0,breakfast,clear,2,1
4339,587,2026-02-18 03:00:00,18,2,0,lunch,clear,6,1
4340,587,2026-05-11 21:00:00,11,0,0,late_night,clear,7,1
4341,587,2026-05-05 11:00:00,5,1,1,late_night,clear,8,1
4342,587,2026-05-15 11:00:00,15,4,0,late_night,rain,2,1
4343,587,2026-05-29 15:00:00,29,4,1,dinner,clear,12,1
4344,588,2026-05-10 19:00:00,10,6,0,late_night,clear,5,1
4345,588,2026-04-30 12:00:00,30,3,1,breakfast,rain,14,2
4346,588,2026-06-08 04:00:00,8,0,0,breakfast,clear,3,1
4347,588,2026-01-16 04:00:00,16,4,0,late_night,clear,7,1
4348,588,2026-06-29 18:00:00,29,0,1,dinner,clear,14,1
4349,588,2026-06-03 01:00:00,3,2,1,lunch,clear,1,1
4350,589,2026-05-22 04:00:00,22,4,0,dinner,clear,1,3
4351,589,2026-06-05 05:00:00,5,4,1,late_night,extreme,6,1
4352,589,2026-06-07 20:00:00,7,6,1,late_night,rain,13,1
4353,589,2026-03-30 21:00:00,30,0,1,dinner,clear,2,1
4354,590,2026-06-14 09:00:00,14,6,0,breakfast,extreme,7,5
4355,590,2026-03-20 23:00:00,20,4,0,late_night,rain,10,1
4356,590,2026-05-22 12:00:00,22,4,0,lunch,clear,5,2
4357,590,2026-02-23 00:00:00,23,0,0,breakfast,extreme,13,1
4358,590,2026-03-28 03:00:00,28,5,1,breakfast,rain,12,2
4359,590,2026-02-08 16:00:00,8,6,0,breakfast,rain,12,1
4360,590,2026-05-10 23:00:00,10,6,0,breakfast,clear,11,1
4361,590,2026-05-10 23:00:00,10,6,0,lunch,rain,2,1
4362,590,2026-02-13 13:00:00,13,4,0,breakfast,clear,7,1
4363,590,2026-05-14 08:00:00,14,3,0,lunch,clear,5,1
4364,591,2026-04-18 00:00:00,18,5,0,dinner,clear,2,2
4365,591,2026-04-27 14:00:00,27,0,1,dinner,extreme,14,3
4366,591,2026-06-12 09:00:00,12,4,0,dinner,clear,1,2
4367,591,2026-01-27 20:00:00,27,1,1,dinner,clear,13,2
4368,591,2026-05-08 15:00:00,8,4,0,breakfast,extreme,8,1
4369,591,2026-06-08 13:00:00,8,0,0,dinner,extreme,6,1
4370,591,2026-05-01 00:00:00,1,4,1,late_night,rain,11,1
4371,591,2026-04-29 02:00:00,29,2,1,late_night,rain,5,2
4372,591,2026-01-30 02:00:00,30,4,1,dinner,clear,5,3
4373,591,2026-06-02 21:00:00,2,1,1,breakfast,rain,7,1
4374,592,2026-01-02 03:00:00,2,4,1,late_night,extreme,10,2
4375,592,2026-03-04 06:00:00,4,2,1,lunch,clear,3,1
4376,592,2026-04-22 13:00:00,22,2,0,late_night,extreme,14,1
4377,592,2026-05-26 04:00:00,26,1,1,lunch,clear,10,1
4378,593,2026-06-22 04:00:00,22,0,0,dinner,clear,4,1
4379,593,2026-05-29 04:00:00,29,4,1,dinner,extreme,2,1
4380,593,2026-06-20 03:00:00,20,5,0,breakfast,rain,7,2
4381,593,2026-01-01 11:00:00,1,3,1,late_night,clear,10,1
4382,593,2026-01-05 23:00:00,5,0,1,late_night,clear,11,2
4383,593,2026-06-25 04:00:00,25,3,1,lunch,clear,14,1
4384,593,2026-04-20 19:00:00,20,0,0,breakfast,clear,1,4
4385,593,2026-04-06 05:00:00,6,0,1,late_night,rain,2,1
4386,594,2026-02-21 02:00:00,21,5,0,lunch,clear,8,1
4387,594,2026-06-08 05:00:00,8,0,0,dinner,clear,14,2
4388,594,2026-01-25 16:00:00,25,6,1,breakfast,clear,8,3
4389,594,2026-03-05 14:00:00,5,3,1,late_night,rain,10,1
4390,595,2026-03-25 13:00:00,25,2,1,late_night,clear,6,1
4391,596,2026-05-10 19:00:00,10,6,0,dinner,rain,12,2
4392,596,2026-03-29 12:00:00,29,6,1,dinner,clear,12,4
4393,596,2026-02-15 19:00:00,15,6,0,breakfast,clear,4,3
4394,596,2026-03-15 06:00:00,15,6,0,lunch,clear,2,3
4395,596,2026-05-03 08:00:00,3,6,1,lunch,clear,3,2
4396,596,2026-01-16 10:00:00,16,4,0,breakfast,clear,2,2
4397,596,2026-03-22 09:00:00,22,6,0,breakfast,rain,9,2
4398,596,2026-04-23 03:00:00,23,3,0,breakfast,extreme,7,1
4399,596,2026-03-27 21:00:00,27,4,1,lunch,clear,7,1
4400,596,2026-01-31 17:00:00,31,5,1,lunch,rain,3,1
4401,596,2026-06-09 04:00:00,9,1,0,dinner,rain,1,3
4402,597,2026-03-12 04:00:00,12,3,0,breakfast,extreme,13,1
4403,597,2026-01-31 21:00:00,31,5,1,breakfast,clear,3,2
4404,598,2026-04-24 08:00:00,24,4,0,dinner,rain,11,1
4405,598,2026-03-30 04:00:00,30,0,1,breakfast,clear,3,1
4406,598,2026-05-02 10:00:00,2,5,1,lunch,rain,3,1
4407,598,2026-03-16 15:00:00,16,0,0,late_night,rain,10,1
4408,598,2026-05-01 09:00:00,1,4,1,late_night,clear,4,1
4409,598,2026-04-15 05:00:00,15,2,0,breakfast,rain,10,1
4410,598,2026-06-17 19:00:00,17,2,0,breakfast,clear,6,2
4411,598,2026-03-15 03:00:00,15,6,0,late_night,extreme,7,1
4412,598,2026-04-05 09:00:00,5,6,1,dinner,rain,5,1
4413,598,2026-02-09 10:00:00,9,0,0,dinner,clear,4,1
4414,598,2026-03-09 06:00:00,9,0,0,breakfast,clear,8,4
4415,598,2026-02-24 10:00:00,24,1,0,lunch,clear,3,2
4416,598,2026-06-11 02:00:00,11,3,0,breakfast,extreme,6,1
4417,598,2026-05-08 23:00:00,8,4,0,breakfast,clear,6,3
4418,599,2026-03-26 21:00:00,26,3,1,breakfast,clear,3,1
4419,599,2026-05-21 21:00:00,21,3,0,dinner,clear,2,1
4420,600,2026-04-03 23:00:00,3,4,1,late_night,extreme,3,1
4421,601,2026-03-30 05:00:00,30,0,1,dinner,clear,1,1
4422,601,2026-02-05 13:00:00,5,3,1,lunch,clear,11,1
4423,601,2026-01-16 18:00:00,16,4,0,late_night,clear,13,1
4424,601,2026-06-20 08:00:00,20,5,0,lunch,clear,9,1
4425,601,2026-01-15 23:00:00,15,3,0,lunch,clear,14,3
4426,602,2026-06-21 21:00:00,21,6,0,lunch,clear,8,2
4427,602,2026-02-03 04:00:00,3,1,1,dinner,clear,8,4
4428,603,2026-03-28 22:00:00,28,5,1,dinner,rain,3,1
4429,603,2026-05-22 02:00:00,22,4,0,dinner,rain,1,1
4430,603,2026-03-16 21:00:00,16,0,0,late_night,rain,2,1
4431,603,2026-01-28 15:00:00,28,2,1,breakfast,rain,2,1
4432,603,2026-06-22 23:00:00,22,0,0,late_night,clear,5,1
4433,603,2026-03-13 21:00:00,13,4,0,late_night,clear,14,2
4434,603,2026-06-18 23:00:00,18,3,0,late_night,clear,2,1
4435,603,2026-04-03 09:00:00,3,4,1,breakfast,clear,14,1
4436,603,2026-02-19 15:00:00,19,3,0,breakfast,clear,9,1
4437,603,2026-01-15 00:00:00,15,3,0,breakfast,clear,14,1
4438,604,2026-01-18 16:00:00,18,6,0,lunch,clear,10,1
4439,604,2026-06-16 04:00:00,16,1,0,dinner,rain,5,1
4440,604,2026-03-26 23:00:00,26,3,1,breakfast,clear,14,3
4441,604,2026-06-27 08:00:00,27,5,1,lunch,clear,6,1
4442,604,2026-05-27 22:00:00,27,2,1,late_night,clear,13,3
4443,604,2026-04-19 21:00:00,19,6,0,late_night,clear,11,2
4444,604,2026-05-11 16:00:00,11,0,0,lunch,clear,3,1
4445,604,2026-06-27 22:00:00,27,5,1,late_night,clear,5,1
4446,604,2026-03-01 08:00:00,1,6,1,dinner,clear,14,2
4447,605,2026-06-23 14:00:00,23,1,0,late_night,extreme,5,1
4448,605,2026-05-23 09:00:00,23,5,0,late_night,clear,4,1
4449,605,2026-03-07 11:00:00,7,5,1,late_night,clear,4,2
4450,606,2026-06-22 07:00:00,22,0,0,late_night,clear,6,1
4451,606,2026-01-28 00:00:00,28,2,1,lunch,clear,3,1
4452,606,2026-05-10 03:00:00,10,6,0,breakfast,clear,14,4
4453,606,2026-06-28 15:00:00,28,6,1,lunch,rain,5,2
4454,606,2026-04-08 12:00:00,8,2,0,lunch,clear,2,1
4455,606,2026-06-05 02:00:00,5,4,1,dinner,rain,13,1
4456,606,2026-06-13 05:00:00,13,5,0,dinner,clear,7,2
4457,606,2026-05-30 05:00:00,30,5,1,lunch,extreme,6,1
4458,606,2026-04-27 21:00:00,27,0,1,breakfast,clear,8,1
4459,606,2026-06-24 17:00:00,24,2,0,lunch,clear,14,1
4460,606,2026-06-25 16:00:00,25,3,1,breakfast,clear,6,1
4461,606,2026-02-20 06:00:00,20,4,0,dinner,clear,6,2
4462,606,2026-01-09 21:00:00,9,4,0,late_night,clear,1,1
4463,607,2026-06-23 04:00:00,23,1,0,dinner,extreme,7,2
4464,607,2026-04-01 10:00:00,1,2,1,late_night,clear,4,1
4465,607,2026-06-16 08:00:00,16,1,0,late_night,clear,9,1
4466,607,2026-01-17 22:00:00,17,5,0,breakfast,clear,13,1
4467,607,2026-03-01 06:00:00,1,6,1,breakfast,clear,7,1
4468,608,2026-02-19 13:00:00,19,3,0,lunch,clear,9,1
4469,608,2026-01-16 15:00:00,16,4,0,dinner,clear,11,1
4470,608,2026-01-19 02:00:00,19,0,0,late_night,clear,11,1
4471,608,2026-01-30 14:00:00,30,4,1,breakfast,clear,14,1
4472,608,2026-04-25 10:00:00,25,5,1,breakfast,extreme,3,2
4473,608,2026-02-05 09:00:00,5,3,1,lunch,clear,14,1
4474,608,2026-06-21 16:00:00,21,6,0,lunch,rain,14,1
4475,608,2026-03-15 19:00:00,15,6,0,late_night,clear,7,2
4476,608,2026-06-12 01:00:00,12,4,0,lunch,clear,4,1
4477,609,2026-03-15 01:00:00,15,6,0,late_night,rain,4,4
4478,609,2026-02-02 19:00:00,2,0,1,lunch,clear,8,1
4479,609,2026-05-16 18:00:00,16,5,0,dinner,clear,8,3
4480,609,2026-04-25 19:00:00,25,5,1,late_night,clear,5,1
4481,609,2026-04-03 21:00:00,3,4,1,dinner,clear,11,1
4482,609,2026-02-23 18:00:00,23,0,0,dinner,rain,12,2
4483,609,2026-01-25 21:00:00,25,6,1,late_night,clear,3,3
4484,609,2026-01-13 09:00:00,13,1,0,breakfast,clear,8,4
4485,609,2026-03-25 03:00:00,25,2,1,late_night,rain,8,1
4486,609,2026-04-19 19:00:00,19,6,0,breakfast,clear,2,2
4487,610,2026-01-17 04:00:00,17,5,0,lunch,clear,13,1
4488,610,2026-04-07 18:00:00,7,1,1,dinner,clear,9,3
4489,610,2026-04-19 02:00:00,19,6,0,late_night,rain,3,1
4490,610,2026-06-15 10:00:00,15,0,0,breakfast,clear,3,1
4491,610,2026-06-21 23:00:00,21,6,0,breakfast,clear,9,5
4492,610,2026-01-25 23:00:00,25,6,1,breakfast,clear,5,1
4493,610,2026-01-12 14:00:00,12,0,0,dinner,rain,5,1
4494,610,2026-03-13 14:00:00,13,4,0,late_night,clear,4,2
4495,610,2026-01-15 23:00:00,15,3,0,lunch,rain,5,2
4496,611,2026-05-16 12:00:00,16,5,0,dinner,clear,1,2
4497,611,2026-02-12 14:00:00,12,3,0,dinner,clear,7,1
4498,611,2026-02-05 02:00:00,5,3,1,dinner,clear,8,1
4499,611,2026-04-11 19:00:00,11,5,0,dinner,rain,6,1
4500,611,2026-03-25 04:00:00,25,2,1,lunch,clear,1,1
4501,611,2026-04-22 09:00:00,22,2,0,breakfast,rain,8,3
4502,611,2026-06-15 18:00:00,15,0,0,dinner,clear,13,1
4503,611,2026-01-15 22:00:00,15,3,0,breakfast,rain,6,1
4504,611,2026-05-31 17:00:00,31,6,1,lunch,clear,13,2
4505,611,2026-04-23 11:00:00,23,3,0,late_night,clear,12,1
4506,612,2026-05-11 05:00:00,11,0,0,lunch,rain,7,1
4507,612,2026-01-12 12:00:00,12,0,0,late_night,rain,5,2
4508,612,2026-06-09 01:00:00,9,1,0,breakfast,rain,3,2
4509,612,2026-01-15 02:00:00,15,3,0,late_night,clear,5,1
4510,612,2026-02-07 00:00:00,7,5,1,dinner,clear,8,2
4511,613,2026-04-09 09:00:00,9,3,0,late_night,clear,2,4
4512,613,2026-06-13 17:00:00,13,5,0,dinner,clear,4,4
4513,613,2026-03-05 12:00:00,5,3,1,late_night,clear,2,2
4514,613,2026-02-17 02:00:00,17,1,0,lunch,rain,12,1
4515,613,2026-06-15 05:00:00,15,0,0,dinner,rain,7,1
4516,613,2026-04-10 19:00:00,10,4,0,late_night,clear,7,4
4517,613,2026-03-31 10:00:00,31,1,1,late_night,clear,14,1
4518,614,2026-02-04 05:00:00,4,2,1,breakfast,rain,10,2
4519,614,2026-02-27 14:00:00,27,4,1,dinner,clear,5,5
4520,614,2026-03-24 21:00:00,24,1,0,lunch,rain,10,2
4521,615,2026-04-26 17:00:00,26,6,1,late_night,clear,3,1
4522,615,2026-06-23 10:00:00,23,1,0,breakfast,clear,10,2
4523,615,2026-04-30 22:00:00,30,3,1,dinner,clear,14,2
4524,616,2026-04-10 04:00:00,10,4,0,dinner,clear,3,2
4525,616,2026-03-07 08:00:00,7,5,1,breakfast,clear,14,2
4526,616,2026-03-29 08:00:00,29,6,1,breakfast,clear,5,2
4527,616,2026-03-21 08:00:00,21,5,0,late_night,clear,3,1
4528,616,2026-01-08 10:00:00,8,3,0,lunch,clear,13,1
4529,616,2026-01-04 16:00:00,4,6,1,breakfast,clear,10,1
4530,616,2026-04-03 05:00:00,3,4,1,late_night,extreme,14,5
4531,616,2026-02-27 03:00:00,27,4,1,dinner,clear,10,2
4532,616,2026-05-30 05:00:00,30,5,1,late_night,clear,1,1
4533,617,2026-06-26 17:00:00,26,4,1,breakfast,clear,3,1
4534,617,2026-02-05 22:00:00,5,3,1,dinner,clear,8,1
4535,617,2026-05-14 11:00:00,14,3,0,breakfast,rain,12,4
4536,617,2026-04-28 15:00:00,28,1,1,dinner,clear,4,2
4537,618,2026-04-11 00:00:00,11,5,0,breakfast,rain,12,5
4538,618,2026-03-31 11:00:00,31,1,1,lunch,rain,11,1
4539,618,2026-01-25 04:00:00,25,6,1,dinner,clear,7,1
4540,618,2026-04-26 20:00:00,26,6,1,breakfast,rain,4,1
4541,618,2026-05-23 11:00:00,23,5,0,dinner,rain,11,1
4542,618,2026-04-05 19:00:00,5,6,1,breakfast,clear,13,1
4543,618,2026-06-25 04:00:00,25,3,1,breakfast,clear,4,2
4544,618,2026-04-29 06:00:00,29,2,1,late_night,clear,11,1
4545,618,2026-06-07 20:00:00,7,6,1,breakfast,clear,9,1
4546,618,2026-01-28 12:00:00,28,2,1,lunch,clear,11,3
4547,618,2026-06-10 18:00:00,10,2,0,dinner,clear,8,3
4548,618,2026-06-06 10:00:00,6,5,1,late_night,rain,2,1
4549,619,2026-01-30 01:00:00,30,4,1,breakfast,clear,10,2
4550,619,2026-02-19 15:00:00,19,3,0,breakfast,rain,8,1
4551,619,2026-03-19 00:00:00,19,3,0,dinner,clear,13,2
4552,619,2026-02-26 13:00:00,26,3,1,lunch,clear,3,1
4553,619,2026-03-30 02:00:00,30,0,1,late_night,clear,13,2
4554,619,2026-01-14 01:00:00,14,2,0,breakfast,rain,10,1
4555,619,2026-02-02 09:00:00,2,0,1,late_night,clear,9,2
4556,619,2026-06-29 16:00:00,29,0,1,lunch,clear,5,1
4557,619,2026-01-29 16:00:00,29,3,1,lunch,clear,1,3
4558,619,2026-05-19 16:00:00,19,1,0,lunch,clear,9,4
4559,619,2026-01-08 14:00:00,8,3,0,breakfast,clear,7,2
4560,619,2026-01-17 15:00:00,17,5,0,lunch,clear,14,4
4561,620,2026-01-24 11:00:00,24,5,0,dinner,clear,3,2
4562,621,2026-02-07 21:00:00,7,5,1,lunch,clear,6,2
4563,621,2026-03-11 15:00:00,11,2,0,breakfast,clear,9,2
4564,621,2026-06-15 04:00:00,15,0,0,late_night,clear,1,2
4565,621,2026-06-08 00:00:00,8,0,0,breakfast,clear,12,3
4566,621,2026-03-11 13:00:00,11,2,0,dinner,rain,3,1
4567,621,2026-06-14 15:00:00,14,6,0,breakfast,clear,1,2
4568,621,2026-06-19 18:00:00,19,4,0,breakfast,extreme,8,1
4569,621,2026-04-08 10:00:00,8,2,0,lunch,clear,9,1
4570,621,2026-06-15 14:00:00,15,0,0,dinner,clear,7,4
4571,621,2026-03-18 04:00:00,18,2,0,late_night,extreme,13,1
4572,621,2026-01-24 23:00:00,24,5,0,dinner,clear,10,1
4573,622,2026-05-20 00:00:00,20,2,0,breakfast,clear,2,1
4574,622,2026-03-29 09:00:00,29,6,1,late_night,clear,14,2
4575,622,2026-02-09 10:00:00,9,0,0,dinner,rain,2,2
4576,622,2026-02-15 10:00:00,15,6,0,late_night,rain,3,1
4577,622,2026-02-27 11:00:00,27,4,1,dinner,clear,4,4
4578,622,2026-03-17 07:00:00,17,1,0,lunch,clear,6,1
4579,622,2026-05-07 23:00:00,7,3,1,dinner,clear,2,2
4580,622,2026-06-18 14:00:00,18,3,0,breakfast,clear,4,1
4581,623,2026-02-09 11:00:00,9,0,0,lunch,clear,4,2
4582,623,2026-04-22 06:00:00,22,2,0,breakfast,clear,1,2
4583,623,2026-01-08 06:00:00,8,3,0,lunch,clear,2,3
4584,623,2026-03-27 13:00:00,27,4,1,breakfast,clear,5,1
4585,623,2026-02-26 07:00:00,26,3,1,dinner,rain,4,1
4586,623,2026-04-21 13:00:00,21,1,0,dinner,rain,6,1
4587,623,2026-01-13 17:00:00,13,1,0,lunch,rain,9,1
4588,623,2026-03-08 07:00:00,8,6,0,dinner,rain,13,3
4589,623,2026-03-12 22:00:00,12,3,0,dinner,clear,11,2
4590,623,2026-06-25 02:00:00,25,3,1,breakfast,clear,2,1
4591,623,2026-03-26 08:00:00,26,3,1,late_night,clear,13,1
4592,623,2026-01-31 14:00:00,31,5,1,late_night,extreme,9,1
4593,623,2026-01-21 09:00:00,21,2,0,dinner,clear,2,1
4594,623,2026-01-24 07:00:00,24,5,0,late_night,rain,3,2
4595,624,2026-04-08 21:00:00,8,2,0,late_night,clear,13,4
4596,624,2026-04-30 18:00:00,30,3,1,dinner,clear,8,4
4597,624,2026-01-27 04:00:00,27,1,1,lunch,clear,8,1
4598,624,2026-05-25 01:00:00,25,0,1,late_night,rain,5,1
4599,624,2026-05-18 19:00:00,18,0,0,dinner,clear,14,2
4600,625,2026-05-01 20:00:00,1,4,1,lunch,clear,5,1
4601,625,2026-05-01 23:00:00,1,4,1,lunch,clear,11,1
4602,625,2026-04-14 13:00:00,14,1,0,late_night,clear,8,1
4603,625,2026-05-09 11:00:00,9,5,0,late_night,rain,6,1
4604,625,2026-03-26 11:00:00,26,3,1,dinner,extreme,13,2
4605,625,2026-02-01 17:00:00,1,6,1,breakfast,extreme,14,4
4606,625,2026-05-24 00:00:00,24,6,0,breakfast,clear,5,1
4607,625,2026-03-20 20:00:00,20,4,0,breakfast,clear,12,1
4608,625,2026-01-12 10:00:00,12,0,0,lunch,clear,12,2
4609,625,2026-01-19 00:00:00,19,0,0,dinner,clear,8,5
4610,626,2026-03-18 07:00:00,18,2,0,breakfast,clear,13,1
4611,626,2026-05-14 20:00:00,14,3,0,breakfast,rain,9,2
4612,626,2026-03-18 23:00:00,18,2,0,lunch,clear,1,1
4613,626,2026-06-20 16:00:00,20,5,0,late_night,rain,5,1
4614,626,2026-03-28 05:00:00,28,5,1,lunch,extreme,1,2
4615,627,2026-01-20 16:00:00,20,1,0,dinner,clear,14,1
4616,628,2026-02-14 00:00:00,14,5,0,breakfast,extreme,3,4
4617,628,2026-04-12 01:00:00,12,6,0,late_night,clear,8,1
4618,628,2026-01-21 00:00:00,21,2,0,lunch,rain,1,4
4619,628,2026-06-22 01:00:00,22,0,0,lunch,clear,3,1
4620,628,2026-02-14 05:00:00,14,5,0,late_night,clear,3,1
4621,628,2026-06-28 20:00:00,28,6,1,dinner,extreme,7,3
4622,628,2026-06-01 12:00:00,1,0,1,dinner,clear,12,2
4623,628,2026-06-16 22:00:00,16,1,0,lunch,clear,9,2
4624,628,2026-01-20 03:00:00,20,1,0,breakfast,clear,5,1
4625,628,2026-04-12 16:00:00,12,6,0,late_night,rain,9,2
4626,628,2026-02-06 19:00:00,6,4,1,breakfast,clear,2,1
4627,628,2026-01-31 03:00:00,31,5,1,dinner,clear,11,4
4628,628,2026-01-02 02:00:00,2,4,1,breakfast,rain,14,3
4629,629,2026-03-30 11:00:00,30,0,1,lunch,rain,3,1
4630,629,2026-06-26 21:00:00,26,4,1,dinner,clear,12,2
4631,629,2026-03-14 18:00:00,14,5,0,breakfast,clear,13,1
4632,629,2026-01-13 07:00:00,13,1,0,breakfast,clear,4,1
4633,630,2026-01-14 00:00:00,14,2,0,late_night,clear,1,1
4634,630,2026-01-20 04:00:00,20,1,0,late_night,clear,1,2
4635,630,2026-06-20 03:00:00,20,5,0,dinner,rain,7,1
4636,630,2026-02-24 06:00:00,24,1,0,dinner,clear,9,1
4637,630,2026-06-28 16:00:00,28,6,1,breakfast,extreme,14,1
4638,630,2026-01-11 21:00:00,11,6,0,breakfast,clear,1,1
4639,630,2026-02-09 02:00:00,9,0,0,lunch,rain,5,1
4640,631,2026-04-23 12:00:00,23,3,0,late_night,clear,14,1
4641,631,2026-01-03 18:00:00,3,5,1,breakfast,clear,9,2
4642,631,2026-03-16 00:00:00,16,0,0,dinner,clear,4,2
4643,631,2026-04-13 08:00:00,13,0,0,dinner,clear,11,2
4644,631,2026-03-21 18:00:00,21,5,0,breakfast,clear,13,1
4645,631,2026-01-11 20:00:00,11,6,0,dinner,clear,6,5
4646,631,2026-01-16 10:00:00,16,4,0,lunch,clear,9,1
4647,631,2026-04-20 19:00:00,20,0,0,late_night,clear,8,1
4648,631,2026-03-01 18:00:00,1,6,1,breakfast,clear,1,1
4649,631,2026-04-01 14:00:00,1,2,1,dinner,clear,12,1
4650,631,2026-01-13 16:00:00,13,1,0,breakfast,extreme,9,4
4651,631,2026-03-24 15:00:00,24,1,0,dinner,clear,2,1
4652,631,2026-02-01 09:00:00,1,6,1,breakfast,clear,3,1
4653,632,2026-06-15 20:00:00,15,0,0,lunch,clear,13,1
4654,632,2026-01-07 07:00:00,7,2,1,dinner,clear,4,1
4655,632,2026-04-27 19:00:00,27,0,1,lunch,clear,13,1
4656,632,2026-03-06 18:00:00,6,4,1,late_night,clear,10,3
4657,632,2026-06-12 18:00:00,12,4,0,lunch,clear,2,1
4658,632,2026-06-29 04:00:00,29,0,1,lunch,clear,6,3
4659,632,2026-01-19 10:00:00,19,0,0,late_night,clear,13,2
4660,632,2026-06-18 13:00:00,18,3,0,dinner,clear,3,1
4661,632,2026-01-06 16:00:00,6,1,1,breakfast,clear,13,1
4662,632,2026-02-05 20:00:00,5,3,1,lunch,clear,6,1
4663,632,2026-05-25 04:00:00,25,0,1,lunch,clear,1,1
4664,632,2026-02-08 18:00:00,8,6,0,late_night,clear,10,5
4665,632,2026-06-08 23:00:00,8,0,0,dinner,clear,14,2
4666,633,2026-03-22 23:00:00,22,6,0,lunch,clear,5,1
4667,633,2026-05-06 15:00:00,6,2,1,lunch,extreme,14,4
4668,633,2026-04-20 04:00:00,20,0,0,breakfast,clear,4,1
4669,633,2026-05-06 03:00:00,6,2,1,breakfast,clear,3,1
4670,633,2026-04-08 02:00:00,8,2,0,breakfast,rain,4,2
4671,633,2026-05-25 06:00:00,25,0,1,dinner,clear,11,2
4672,633,2026-04-09 06:00:00,9,3,0,dinner,clear,11,2
4673,633,2026-03-04 06:00:00,4,2,1,dinner,extreme,3,2
4674,633,2026-02-20 05:00:00,20,4,0,dinner,rain,11,3
4675,633,2026-04-26 16:00:00,26,6,1,late_night,rain,12,1
4676,634,2026-02-21 13:00:00,21,5,0,lunch,extreme,7,2
4677,634,2026-04-11 18:00:00,11,5,0,dinner,clear,10,4
4678,634,2026-05-09 01:00:00,9,5,0,late_night,rain,13,5
4679,634,2026-06-06 03:00:00,6,5,1,dinner,clear,12,1
4680,634,2026-04-08 06:00:00,8,2,0,dinner,clear,3,4
4681,634,2026-01-20 15:00:00,20,1,0,lunch,rain,8,3
4682,634,2026-03-10 23:00:00,10,1,0,dinner,rain,13,1
4683,635,2026-04-11 15:00:00,11,5,0,lunch,clear,5,1
4684,636,2026-01-06 22:00:00,6,1,1,dinner,rain,7,1
4685,636,2026-06-02 05:00:00,2,1,1,dinner,clear,12,2
4686,637,2026-01-01 19:00:00,1,3,1,breakfast,clear,5,1
4687,637,2026-04-17 02:00:00,17,4,0,late_night,clear,3,2
4688,637,2026-04-29 22:00:00,29,2,1,lunch,clear,13,1
4689,638,2026-06-04 07:00:00,4,3,1,late_night,clear,4,2
4690,639,2026-06-04 22:00:00,4,3,1,breakfast,rain,9,1
4691,639,2026-03-28 05:00:00,28,5,1,lunch,rain,8,1
4692,639,2026-06-22 01:00:00,22,0,0,lunch,clear,13,1
4693,639,2026-03-10 10:00:00,10,1,0,breakfast,clear,7,2
4694,639,2026-03-06 14:00:00,6,4,1,dinner,rain,3,4
4695,640,2026-03-31 15:00:00,31,1,1,dinner,clear,9,1
4696,640,2026-03-19 00:00:00,19,3,0,dinner,extreme,8,3
4697,640,2026-04-08 01:00:00,8,2,0,breakfast,clear,5,1
4698,640,2026-06-19 04:00:00,19,4,0,dinner,clear,10,3
4699,641,2026-02-15 05:00:00,15,6,0,late_night,rain,14,3
4700,641,2026-03-16 10:00:00,16,0,0,dinner,clear,6,1
4701,642,2026-02-20 05:00:00,20,4,0,late_night,rain,3,1
4702,642,2026-04-30 16:00:00,30,3,1,breakfast,clear,13,2
4703,642,2026-03-21 20:00:00,21,5,0,lunch,clear,4,1
4704,642,2026-04-03 21:00:00,3,4,1,lunch,clear,10,1
4705,642,2026-02-01 13:00:00,1,6,1,late_night,clear,6,3
4706,642,2026-01-28 16:00:00,28,2,1,late_night,clear,12,1
4707,642,2026-05-29 02:00:00,29,4,1,breakfast,extreme,10,3
4708,642,2026-05-05 06:00:00,5,1,1,dinner,clear,5,1
4709,643,2026-05-02 22:00:00,2,5,1,breakfast,rain,10,1
4710,643,2026-04-03 02:00:00,3,4,1,dinner,rain,11,1
4711,643,2026-06-03 15:00:00,3,2,1,lunch,clear,7,1
4712,644,2026-02-24 18:00:00,24,1,0,lunch,clear,4,1
4713,644,2026-06-29 14:00:00,29,0,1,late_night,clear,4,1
4714,644,2026-01-02 00:00:00,2,4,1,dinner,rain,4,3
4715,644,2026-03-30 17:00:00,30,0,1,lunch,clear,2,1
4716,644,2026-02-17 05:00:00,17,1,0,lunch,clear,1,1
4717,644,2026-03-24 14:00:00,24,1,0,breakfast,clear,2,1
4718,644,2026-02-14 03:00:00,14,5,0,breakfast,extreme,14,1
4719,644,2026-05-23 06:00:00,23,5,0,lunch,rain,1,1
4720,644,2026-06-18 23:00:00,18,3,0,late_night,clear,7,3
4721,644,2026-01-01 18:00:00,1,3,1,late_night,clear,3,4
4722,644,2026-03-29 23:00:00,29,6,1,dinner,clear,11,1
4723,644,2026-02-05 15:00:00,5,3,1,breakfast,clear,2,1
4724,644,2026-05-15 12:00:00,15,4,0,breakfast,extreme,9,1
4725,644,2026-03-27 21:00:00,27,4,1,late_night,rain,5,2
4726,645,2026-03-01 03:00:00,1,6,1,late_night,clear,1,3
4727,645,2026-04-28 15:00:00,28,1,1,lunch,clear,10,1
4728,645,2026-01-15 21:00:00,15,3,0,late_night,extreme,10,2
4729,645,2026-04-12 14:00:00,12,6,0,breakfast,rain,7,1
4730,645,2026-03-12 15:00:00,12,3,0,late_night,rain,4,1
4731,645,2026-05-18 04:00:00,18,0,0,breakfast,clear,8,2
4732,645,2026-03-19 01:00:00,19,3,0,late_night,extreme,2,1
4733,646,2026-05-03 19:00:00,3,6,1,dinner,clear,7,2
4734,646,2026-06-10 01:00:00,10,2,0,late_night,clear,6,1
4735,647,2026-05-31 15:00:00,31,6,1,lunch,clear,11,1
4736,647,2026-06-20 10:00:00,20,5,0,lunch,clear,9,1
4737,647,2026-01-18 18:00:00,18,6,0,dinner,extreme,4,2
4738,648,2026-01-21 16:00:00,21,2,0,breakfast,clear,3,1
4739,648,2026-03-30 14:00:00,30,0,1,breakfast,clear,5,2
4740,648,2026-06-10 16:00:00,10,2,0,late_night,rain,13,2
4741,648,2026-05-26 12:00:00,26,1,1,lunch,clear,14,1
4742,648,2026-04-09 18:00:00,9,3,0,lunch,rain,4,5
4743,648,2026-04-09 03:00:00,9,3,0,breakfast,rain,2,2
4744,648,2026-05-01 16:00:00,1,4,1,lunch,rain,7,2
4745,649,2026-06-05 04:00:00,5,4,1,lunch,clear,2,2
4746,649,2026-04-20 22:00:00,20,0,0,breakfast,clear,12,2
4747,649,2026-05-30 12:00:00,30,5,1,breakfast,clear,6,1
4748,649,2026-05-28 15:00:00,28,3,1,dinner,clear,6,2
4749,649,2026-06-21 22:00:00,21,6,0,dinner,rain,14,1
4750,649,2026-06-20 18:00:00,20,5,0,breakfast,clear,3,2
4751,649,2026-06-14 14:00:00,14,6,0,breakfast,clear,14,1
4752,649,2026-04-19 07:00:00,19,6,0,dinner,clear,2,1
4753,649,2026-05-11 15:00:00,11,0,0,lunch,clear,10,2
4754,649,2026-04-27 10:00:00,27,0,1,late_night,rain,8,1
4755,649,2026-05-02 08:00:00,2,5,1,breakfast,clear,5,2
4756,649,2026-01-04 19:00:00,4,6,1,breakfast,clear,13,4
4757,649,2026-04-13 21:00:00,13,0,0,dinner,rain,8,1
4758,649,2026-05-24 06:00:00,24,6,0,dinner,clear,10,2
4759,650,2026-04-04 07:00:00,4,5,1,late_night,clear,6,1
4760,650,2026-03-08 03:00:00,8,6,0,late_night,clear,9,1
4761,650,2026-04-26 09:00:00,26,6,1,breakfast,clear,11,3
4762,650,2026-03-19 13:00:00,19,3,0,late_night,extreme,6,2
4763,650,2026-02-23 22:00:00,23,0,0,lunch,clear,14,1
4764,650,2026-05-30 20:00:00,30,5,1,breakfast,clear,1,2
4765,650,2026-02-16 19:00:00,16,0,0,breakfast,clear,10,2
4766,650,2026-04-10 15:00:00,10,4,0,lunch,clear,1,1
4767,650,2026-06-23 15:00:00,23,1,0,dinner,clear,10,5
4768,650,2026-02-27 16:00:00,27,4,1,breakfast,rain,3,1
4769,650,2026-05-09 04:00:00,9,5,0,breakfast,clear,9,4
4770,650,2026-06-20 13:00:00,20,5,0,dinner,clear,8,3
4771,650,2026-05-07 07:00:00,7,3,1,dinner,clear,6,4
4772,650,2026-02-04 06:00:00,4,2,1,breakfast,rain,10,1
4773,651,2026-03-12 05:00:00,12,3,0,breakfast,clear,14,1
4774,651,2026-01-14 17:00:00,14,2,0,dinner,clear,12,2
4775,651,2026-03-13 11:00:00,13,4,0,breakfast,clear,4,2
4776,651,2026-04-11 19:00:00,11,5,0,lunch,clear,5,3
4777,652,2026-02-22 06:00:00,22,6,0,late_night,clear,11,1
4778,652,2026-01-16 01:00:00,16,4,0,lunch,clear,1,1
4779,652,2026-02-15 02:00:00,15,6,0,dinner,rain,6,1
4780,652,2026-01-04 13:00:00,4,6,1,dinner,clear,5,1
4781,652,2026-05-18 07:00:00,18,0,0,lunch,clear,14,1
4782,652,2026-02-01 01:00:00,1,6,1,late_night,clear,13,2
4783,652,2026-03-06 16:00:00,6,4,1,lunch,rain,13,1
4784,652,2026-05-21 02:00:00,21,3,0,dinner,clear,13,3
4785,652,2026-01-08 09:00:00,8,3,0,breakfast,clear,5,5
4786,652,2026-05-31 01:00:00,31,6,1,late_night,rain,8,1
4787,652,2026-01-29 07:00:00,29,3,1,dinner,clear,3,4
4788,652,2026-05-29 09:00:00,29,4,1,dinner,clear,1,2
4789,653,2026-04-22 20:00:00,22,2,0,breakfast,clear,11,5
4790,653,2026-05-13 04:00:00,13,2,0,dinner,clear,10,1
4791,653,2026-06-07 09:00:00,7,6,1,dinner,clear,2,1
4792,653,2026-06-07 14:00:00,7,6,1,dinner,clear,5,1
4793,653,2026-03-07 05:00:00,7,5,1,late_night,clear,11,1
4794,653,2026-03-16 10:00:00,16,0,0,breakfast,clear,9,2
4795,654,2026-04-21 04:00:00,21,1,0,breakfast,clear,11,1
4796,655,2026-02-06 01:00:00,6,4,1,late_night,extreme,7,2
4797,655,2026-05-08 16:00:00,8,4,0,breakfast,clear,7,1
4798,655,2026-01-15 22:00:00,15,3,0,lunch,clear,10,4
4799,655,2026-04-27 23:00:00,27,0,1,lunch,clear,2,1
4800,655,2026-02-07 23:00:00,7,5,1,lunch,clear,2,4
4801,655,2026-06-12 17:00:00,12,4,0,dinner,clear,11,1
4802,655,2026-01-31 08:00:00,31,5,1,dinner,rain,6,3
4803,655,2026-04-28 00:00:00,28,1,1,breakfast,clear,3,2
4804,655,2026-02-19 08:00:00,19,3,0,breakfast,clear,6,1
4805,655,2026-06-10 15:00:00,10,2,0,late_night,clear,4,1
4806,655,2026-04-28 14:00:00,28,1,1,breakfast,clear,7,1
4807,655,2026-01-29 22:00:00,29,3,1,breakfast,clear,6,2
4808,655,2026-01-21 11:00:00,21,2,0,breakfast,clear,12,1
4809,656,2026-04-21 00:00:00,21,1,0,breakfast,rain,7,1
4810,656,2026-04-16 04:00:00,16,3,0,dinner,extreme,13,4
4811,656,2026-01-07 15:00:00,7,2,1,lunch,clear,1,1
4812,657,2026-03-05 11:00:00,5,3,1,lunch,clear,5,4
4813,657,2026-02-01 15:00:00,1,6,1,breakfast,clear,12,2
4814,658,2026-03-25 05:00:00,25,2,1,lunch,clear,7,4
4815,659,2026-01-30 18:00:00,30,4,1,lunch,clear,3,2
4816,659,2026-04-06 08:00:00,6,0,1,lunch,rain,10,4
4817,659,2026-01-22 18:00:00,22,3,0,breakfast,clear,12,2
4818,659,2026-02-11 19:00:00,11,2,0,dinner,clear,12,5
4819,659,2026-06-07 06:00:00,7,6,1,lunch,clear,4,2
4820,659,2026-04-03 12:00:00,3,4,1,breakfast,clear,10,3
4821,659,2026-03-29 20:00:00,29,6,1,breakfast,clear,13,2
4822,659,2026-06-12 23:00:00,12,4,0,dinner,clear,11,2
4823,659,2026-06-23 06:00:00,23,1,0,breakfast,clear,14,1
4824,660,2026-04-19 02:00:00,19,6,0,late_night,rain,11,1
4825,660,2026-04-04 07:00:00,4,5,1,lunch,clear,2,1
4826,660,2026-03-09 16:00:00,9,0,0,breakfast,clear,14,2
4827,660,2026-03-03 01:00:00,3,1,1,dinner,clear,5,2
4828,660,2026-05-02 07:00:00,2,5,1,lunch,rain,10,1
4829,660,2026-02-24 20:00:00,24,1,0,breakfast,extreme,10,2
4830,660,2026-05-24 18:00:00,24,6,0,lunch,clear,1,1
4831,660,2026-06-27 18:00:00,27,5,1,dinner,clear,10,1
4832,660,2026-04-09 02:00:00,9,3,0,late_night,clear,5,1
4833,661,2026-01-21 16:00:00,21,2,0,breakfast,extreme,9,4
4834,661,2026-02-10 09:00:00,10,1,0,breakfast,clear,4,1
4835,661,2026-03-31 06:00:00,31,1,1,breakfast,rain,13,2
4836,661,2026-06-15 00:00:00,15,0,0,breakfast,clear,12,4
4837,662,2026-04-09 19:00:00,9,3,0,late_night,clear,7,2
4838,662,2026-02-08 01:00:00,8,6,0,lunch,clear,6,4
4839,662,2026-04-14 10:00:00,14,1,0,dinner,extreme,3,3
4840,662,2026-01-29 12:00:00,29,3,1,late_night,clear,13,2
4841,662,2026-01-21 18:00:00,21,2,0,dinner,clear,9,1
4842,663,2026-04-26 16:00:00,26,6,1,lunch,clear,13,2
4843,664,2026-01-30 07:00:00,30,4,1,dinner,clear,1,2
4844,664,2026-04-30 16:00:00,30,3,1,dinner,rain,6,1
4845,664,2026-02-27 22:00:00,27,4,1,breakfast,rain,10,1
4846,664,2026-01-26 23:00:00,26,0,1,breakfast,clear,3,1
4847,664,2026-02-10 06:00:00,10,1,0,lunch,clear,12,1
4848,664,2026-03-14 22:00:00,14,5,0,breakfast,rain,3,2
4849,664,2026-04-20 19:00:00,20,0,0,lunch,clear,9,1
4850,664,2026-05-18 12:00:00,18,0,0,breakfast,clear,1,1
4851,664,2026-02-11 15:00:00,11,2,0,breakfast,rain,6,2
4852,664,2026-05-03 11:00:00,3,6,1,dinner,clear,10,4
4853,664,2026-01-21 01:00:00,21,2,0,dinner,clear,5,2
4854,664,2026-01-01 09:00:00,1,3,1,breakfast,clear,1,4
4855,665,2026-01-20 21:00:00,20,1,0,breakfast,clear,6,1
4856,665,2026-05-03 20:00:00,3,6,1,late_night,clear,10,1
4857,665,2026-01-05 09:00:00,5,0,1,lunch,clear,5,2
4858,665,2026-05-03 23:00:00,3,6,1,breakfast,clear,11,2
4859,665,2026-04-25 20:00:00,25,5,1,dinner,clear,9,2
4860,665,2026-01-02 10:00:00,2,4,1,lunch,clear,11,1
4861,665,2026-04-18 15:00:00,18,5,0,lunch,clear,11,1
4862,665,2026-05-18 18:00:00,18,0,0,dinner,clear,13,1
4863,665,2026-04-20 05:00:00,20,0,0,late_night,clear,5,1
4864,665,2026-05-15 18:00:00,15,4,0,dinner,clear,8,3
4865,666,2026-03-06 05:00:00,6,4,1,breakfast,rain,1,2
4866,666,2026-02-11 03:00:00,11,2,0,late_night,clear,5,1
4867,666,2026-01-16 09:00:00,16,4,0,lunch,extreme,2,5
4868,666,2026-04-02 13:00:00,2,3,1,lunch,extreme,7,2
4869,666,2026-06-08 03:00:00,8,0,0,late_night,clear,3,4
4870,666,2026-02-04 07:00:00,4,2,1,dinner,rain,2,1
4871,666,2026-06-10 02:00:00,10,2,0,dinner,clear,10,1
4872,666,2026-02-28 01:00:00,28,5,1,dinner,clear,1,2
4873,667,2026-06-07 12:00:00,7,6,1,dinner,clear,9,1
4874,667,2026-02-01 04:00:00,1,6,1,dinner,clear,2,1
4875,667,2026-01-29 19:00:00,29,3,1,dinner,clear,14,2
4876,667,2026-01-24 19:00:00,24,5,0,dinner,clear,12,2
4877,667,2026-04-19 23:00:00,19,6,0,breakfast,rain,1,2
4878,667,2026-01-21 20:00:00,21,2,0,breakfast,clear,14,2
4879,667,2026-05-01 23:00:00,1,4,1,lunch,extreme,3,1
4880,667,2026-03-11 16:00:00,11,2,0,breakfast,clear,3,1
4881,667,2026-05-28 16:00:00,28,3,1,lunch,rain,1,2
4882,667,2026-01-20 08:00:00,20,1,0,lunch,rain,5,4
4883,667,2026-03-12 20:00:00,12,3,0,lunch,clear,2,1
4884,668,2026-04-03 03:00:00,3,4,1,lunch,clear,7,1
4885,668,2026-06-26 15:00:00,26,4,1,late_night,clear,13,1
4886,668,2026-04-26 18:00:00,26,6,1,dinner,clear,9,1
4887,668,2026-01-31 04:00:00,31,5,1,lunch,clear,1,1
4888,668,2026-01-16 07:00:00,16,4,0,lunch,clear,14,5
4889,668,2026-04-07 08:00:00,7,1,1,lunch,clear,9,4
4890,668,2026-04-12 06:00:00,12,6,0,lunch,clear,3,1
4891,668,2026-06-02 20:00:00,2,1,1,breakfast,clear,2,1
4892,669,2026-02-24 21:00:00,24,1,0,late_night,extreme,14,4
4893,669,2026-06-12 05:00:00,12,4,0,lunch,clear,7,2
4894,669,2026-03-05 17:00:00,5,3,1,late_night,clear,3,1
4895,669,2026-03-28 03:00:00,28,5,1,late_night,rain,6,2
4896,670,2026-06-27 22:00:00,27,5,1,lunch,clear,14,4
4897,670,2026-06-07 13:00:00,7,6,1,breakfast,clear,4,1
4898,670,2026-02-01 12:00:00,1,6,1,breakfast,clear,6,2
4899,670,2026-03-30 01:00:00,30,0,1,late_night,clear,11,3
4900,670,2026-02-25 15:00:00,25,2,1,late_night,rain,14,1
4901,670,2026-05-31 05:00:00,31,6,1,lunch,clear,9,1
4902,670,2026-04-28 19:00:00,28,1,1,late_night,clear,13,1
4903,670,2026-06-28 21:00:00,28,6,1,lunch,clear,1,1
4904,670,2026-01-02 08:00:00,2,4,1,lunch,rain,9,2
4905,670,2026-03-09 10:00:00,9,0,0,late_night,clear,11,1
4906,670,2026-03-06 08:00:00,6,4,1,late_night,rain,7,2
4907,670,2026-06-06 19:00:00,6,5,1,dinner,extreme,14,4
4908,670,2026-05-05 18:00:00,5,1,1,late_night,clear,14,1
4909,671,2026-05-26 14:00:00,26,1,1,breakfast,clear,5,2
4910,671,2026-06-12 19:00:00,12,4,0,lunch,clear,3,2
4911,671,2026-04-20 19:00:00,20,0,0,late_night,rain,3,2
4912,671,2026-01-01 19:00:00,1,3,1,dinner,clear,10,1
4913,671,2026-06-29 05:00:00,29,0,1,breakfast,clear,1,2
4914,671,2026-03-18 23:00:00,18,2,0,late_night,clear,5,3
4915,672,2026-03-04 17:00:00,4,2,1,breakfast,clear,13,4
4916,672,2026-06-03 15:00:00,3,2,1,lunch,clear,2,1
4917,672,2026-01-11 19:00:00,11,6,0,lunch,clear,5,1
4918,672,2026-03-01 08:00:00,1,6,1,breakfast,extreme,4,4
4919,672,2026-02-02 17:00:00,2,0,1,breakfast,extreme,2,1
4920,672,2026-01-21 01:00:00,21,2,0,breakfast,clear,1,1
4921,672,2026-02-04 04:00:00,4,2,1,lunch,rain,4,4
4922,672,2026-06-27 21:00:00,27,5,1,late_night,clear,11,2
4923,672,2026-01-02 23:00:00,2,4,1,breakfast,rain,5,1
4924,673,2026-01-16 16:00:00,16,4,0,dinner,rain,2,1
4925,673,2026-06-12 08:00:00,12,4,0,lunch,rain,6,1
4926,673,2026-04-10 06:00:00,10,4,0,lunch,rain,11,3
4927,673,2026-05-20 02:00:00,20,2,0,breakfast,clear,12,1
4928,673,2026-02-24 19:00:00,24,1,0,lunch,clear,11,1
4929,673,2026-03-13 08:00:00,13,4,0,lunch,extreme,8,1
4930,673,2026-04-13 20:00:00,13,0,0,breakfast,clear,2,1
4931,673,2026-05-17 18:00:00,17,6,0,lunch,clear,11,1
4932,673,2026-06-28 17:00:00,28,6,1,breakfast,rain,14,2
4933,674,2026-05-22 08:00:00,22,4,0,late_night,clear,11,1
4934,674,2026-01-16 02:00:00,16,4,0,dinner,clear,4,1
4935,674,2026-04-12 17:00:00,12,6,0,late_night,clear,6,1
4936,674,2026-04-27 17:00:00,27,0,1,dinner,rain,9,1
4937,674,2026-04-28 15:00:00,28,1,1,lunch,clear,8,1
4938,674,2026-06-08 13:00:00,8,0,0,dinner,rain,9,2
4939,674,2026-03-27 10:00:00,27,4,1,lunch,clear,7,4
4940,674,2026-03-11 16:00:00,11,2,0,lunch,rain,5,1
4941,674,2026-04-01 13:00:00,1,2,1,breakfast,clear,13,4
4942,674,2026-06-25 12:00:00,25,3,1,late_night,clear,11,2
4943,674,2026-05-10 10:00:00,10,6,0,lunch,clear,10,2
4944,674,2026-01-04 12:00:00,4,6,1,late_night,clear,11,1
4945,674,2026-05-29 13:00:00,29,4,1,lunch,clear,7,1
4946,675,2026-03-14 14:00:00,14,5,0,lunch,clear,9,1
4947,675,2026-06-19 00:00:00,19,4,0,dinner,clear,12,2
4948,675,2026-01-09 21:00:00,9,4,0,late_night,clear,4,2
4949,676,2026-06-27 16:00:00,27,5,1,breakfast,rain,9,1
4950,676,2026-03-10 17:00:00,10,1,0,breakfast,clear,14,2
4951,676,2026-04-21 14:00:00,21,1,0,breakfast,clear,4,3
4952,676,2026-06-25 11:00:00,25,3,1,lunch,extreme,5,1
4953,676,2026-06-29 01:00:00,29,0,1,lunch,extreme,3,1
4954,676,2026-01-08 20:00:00,8,3,0,breakfast,clear,13,2
4955,676,2026-02-10 13:00:00,10,1,0,lunch,clear,9,1
4956,676,2026-02-17 03:00:00,17,1,0,lunch,clear,1,2
4957,677,2026-02-20 22:00:00,20,4,0,lunch,clear,13,3
4958,677,2026-04-25 15:00:00,25,5,1,lunch,rain,12,2
4959,677,2026-03-04 18:00:00,4,2,1,late_night,clear,7,1
4960,677,2026-03-31 04:00:00,31,1,1,dinner,clear,2,2
4961,677,2026-05-27 16:00:00,27,2,1,lunch,clear,5,1
4962,677,2026-02-15 10:00:00,15,6,0,late_night,clear,4,5
4963,677,2026-02-18 22:00:00,18,2,0,late_night,clear,12,1
4964,677,2026-05-04 11:00:00,4,0,1,late_night,clear,12,1
4965,677,2026-06-03 11:00:00,3,2,1,dinner,clear,2,2
4966,678,2026-01-08 09:00:00,8,3,0,dinner,extreme,7,1
4967,678,2026-03-09 03:00:00,9,0,0,late_night,extreme,7,1
4968,678,2026-06-06 07:00:00,6,5,1,lunch,clear,4,1
4969,678,2026-05-27 08:00:00,27,2,1,lunch,clear,3,1
4970,678,2026-04-12 11:00:00,12,6,0,breakfast,rain,10,3
4971,678,2026-05-10 06:00:00,10,6,0,breakfast,clear,9,2
4972,678,2026-02-01 22:00:00,1,6,1,breakfast,clear,13,1
4973,678,2026-04-10 03:00:00,10,4,0,late_night,clear,7,2
4974,679,2026-01-20 08:00:00,20,1,0,breakfast,rain,8,1
4975,679,2026-04-19 09:00:00,19,6,0,dinner,clear,11,3
4976,679,2026-05-23 03:00:00,23,5,0,dinner,extreme,3,1
4977,679,2026-01-13 12:00:00,13,1,0,late_night,rain,5,1
4978,679,2026-03-18 18:00:00,18,2,0,breakfast,clear,13,1
4979,679,2026-01-14 10:00:00,14,2,0,dinner,clear,10,1
4980,679,2026-05-07 12:00:00,7,3,1,late_night,clear,12,2
4981,679,2026-02-25 18:00:00,25,2,1,dinner,rain,8,4
4982,679,2026-03-24 14:00:00,24,1,0,lunch,clear,3,2
4983,679,2026-04-15 08:00:00,15,2,0,lunch,clear,9,2
4984,680,2026-02-19 15:00:00,19,3,0,breakfast,clear,6,3
4985,680,2026-05-09 06:00:00,9,5,0,lunch,clear,6,1
4986,680,2026-04-17 09:00:00,17,4,0,breakfast,clear,2,5
4987,680,2026-06-19 20:00:00,19,4,0,dinner,clear,11,3
4988,680,2026-04-24 21:00:00,24,4,0,lunch,clear,4,3
4989,680,2026-01-29 19:00:00,29,3,1,dinner,extreme,13,1
4990,680,2026-04-03 14:00:00,3,4,1,late_night,clear,3,1
4991,680,2026-01-31 10:00:00,31,5,1,dinner,clear,8,1
4992,681,2026-06-07 16:00:00,7,6,1,breakfast,clear,10,3
4993,681,2026-06-14 20:00:00,14,6,0,dinner,clear,9,2
4994,682,2026-06-27 02:00:00,27,5,1,dinner,clear,1,1
4995,682,2026-02-25 19:00:00,25,2,1,late_night,rain,8,1
4996,683,2026-06-15 10:00:00,15,0,0,late_night,clear,6,1
4997,683,2026-02-03 00:00:00,3,1,1,late_night,clear,2,1
4998,683,2026-02-06 20:00:00,6,4,1,late_night,extreme,6,1
4999,683,2026-02-07 03:00:00,7,5,1,late_night,rain,7,3
5000,684,2026-06-11 19:00:00,11,3,0,lunch,clear,9,3
5001,684,2026-06-11 18:00:00,11,3,0,breakfast,clear,3,2
5002,684,2026-01-09 23:00:00,9,4,0,late_night,clear,7,1
5003,684,2026-04-16 22:00:00,16,3,0,dinner,clear,8,1
5004,684,2026-03-24 00:00:00,24,1,0,late_night,clear,1,2
5005,684,2026-01-30 17:00:00,30,4,1,lunch,clear,1,2
5006,684,2026-06-28 05:00:00,28,6,1,dinner,rain,3,2
5007,684,2026-03-28 09:00:00,28,5,1,dinner,rain,9,1
5008,684,2026-04-26 12:00:00,26,6,1,dinner,clear,4,2
5009,684,2026-03-01 15:00:00,1,6,1,dinner,clear,13,1
5010,685,2026-01-26 13:00:00,26,0,1,late_night,clear,9,2
5011,685,2026-06-13 21:00:00,13,5,0,breakfast,clear,13,1
5012,685,2026-06-20 16:00:00,20,5,0,lunch,clear,12,1
5013,685,2026-04-13 22:00:00,13,0,0,breakfast,clear,7,4
5014,685,2026-04-07 21:00:00,7,1,1,dinner,clear,3,3
5015,686,2026-05-12 23:00:00,12,1,0,lunch,clear,10,4
5016,686,2026-03-22 12:00:00,22,6,0,late_night,clear,5,1
5017,686,2026-04-11 10:00:00,11,5,0,breakfast,clear,6,1
5018,687,2026-05-12 16:00:00,12,1,0,dinner,rain,13,1
5019,687,2026-05-26 07:00:00,26,1,1,late_night,clear,6,2
5020,687,2026-05-13 21:00:00,13,2,0,dinner,extreme,9,1
5021,687,2026-05-23 11:00:00,23,5,0,dinner,clear,7,1
5022,687,2026-03-16 04:00:00,16,0,0,late_night,clear,7,3
5023,687,2026-06-29 02:00:00,29,0,1,late_night,clear,5,1
5024,687,2026-05-30 09:00:00,30,5,1,dinner,clear,4,2
5025,687,2026-03-19 01:00:00,19,3,0,late_night,clear,1,1
5026,687,2026-06-25 07:00:00,25,3,1,dinner,extreme,11,2
5027,687,2026-06-24 00:00:00,24,2,0,late_night,clear,11,2
5028,688,2026-06-16 02:00:00,16,1,0,lunch,clear,11,1
5029,688,2026-06-06 09:00:00,6,5,1,late_night,rain,4,1
5030,688,2026-01-13 22:00:00,13,1,0,breakfast,clear,1,1
5031,688,2026-02-07 14:00:00,7,5,1,late_night,rain,2,1
5032,689,2026-03-10 17:00:00,10,1,0,dinner,clear,6,1
5033,689,2026-04-23 04:00:00,23,3,0,late_night,clear,6,1
5034,689,2026-04-19 23:00:00,19,6,0,late_night,clear,6,1
5035,689,2026-04-01 13:00:00,1,2,1,breakfast,clear,13,1
5036,689,2026-03-30 03:00:00,30,0,1,dinner,clear,4,2
5037,689,2026-01-26 13:00:00,26,0,1,lunch,extreme,9,1
5038,689,2026-04-07 04:00:00,7,1,1,dinner,clear,3,1
5039,689,2026-05-31 09:00:00,31,6,1,breakfast,clear,9,1
5040,689,2026-01-19 02:00:00,19,0,0,dinner,clear,11,1
5041,689,2026-03-09 23:00:00,9,0,0,lunch,clear,14,3
5042,689,2026-04-09 01:00:00,9,3,0,breakfast,clear,3,3
5043,689,2026-02-03 07:00:00,3,1,1,dinner,clear,2,3
5044,690,2026-06-02 03:00:00,2,1,1,dinner,clear,5,1
5045,690,2026-03-29 03:00:00,29,6,1,lunch,clear,3,2
5046,690,2026-06-18 23:00:00,18,3,0,breakfast,rain,4,1
5047,690,2026-02-15 02:00:00,15,6,0,late_night,clear,9,1
5048,690,2026-06-16 08:00:00,16,1,0,late_night,clear,8,1
5049,690,2026-02-08 02:00:00,8,6,0,lunch,rain,8,1
5050,690,2026-01-12 13:00:00,12,0,0,late_night,clear,9,2
5051,690,2026-06-02 00:00:00,2,1,1,lunch,clear,2,4
5052,690,2026-05-29 02:00:00,29,4,1,dinner,clear,12,1
5053,691,2026-04-08 08:00:00,8,2,0,late_night,clear,4,3
5054,691,2026-04-27 03:00:00,27,0,1,late_night,extreme,4,1
5055,691,2026-06-16 08:00:00,16,1,0,breakfast,clear,10,4
5056,691,2026-02-08 01:00:00,8,6,0,lunch,clear,8,1
5057,691,2026-06-15 05:00:00,15,0,0,lunch,clear,10,1
5058,691,2026-05-31 23:00:00,31,6,1,lunch,clear,3,2
5059,691,2026-04-08 13:00:00,8,2,0,lunch,clear,4,1
5060,691,2026-03-25 15:00:00,25,2,1,breakfast,clear,4,3
5061,691,2026-03-16 21:00:00,16,0,0,lunch,clear,7,2
5062,691,2026-06-02 16:00:00,2,1,1,late_night,clear,14,1
5063,691,2026-04-02 23:00:00,2,3,1,breakfast,clear,2,1
5064,691,2026-04-28 03:00:00,28,1,1,dinner,clear,6,1
5065,691,2026-03-08 12:00:00,8,6,0,late_night,extreme,11,1
5066,692,2026-03-05 11:00:00,5,3,1,late_night,clear,10,1
5067,692,2026-06-23 03:00:00,23,1,0,dinner,clear,1,1
5068,692,2026-01-09 05:00:00,9,4,0,late_night,clear,6,4
5069,692,2026-03-15 03:00:00,15,6,0,breakfast,rain,12,2
5070,692,2026-03-30 05:00:00,30,0,1,lunch,clear,14,1
5071,693,2026-01-28 00:00:00,28,2,1,lunch,clear,2,2
5072,693,2026-05-27 11:00:00,27,2,1,late_night,clear,1,1
5073,693,2026-01-12 00:00:00,12,0,0,breakfast,extreme,4,1
5074,693,2026-04-29 03:00:00,29,2,1,dinner,rain,14,2
5075,693,2026-06-19 10:00:00,19,4,0,dinner,clear,2,1
5076,693,2026-02-10 03:00:00,10,1,0,dinner,rain,11,4
5077,693,2026-04-30 13:00:00,30,3,1,dinner,clear,3,2
5078,693,2026-01-03 00:00:00,3,5,1,breakfast,clear,3,2
5079,694,2026-06-01 20:00:00,1,0,1,late_night,clear,7,1
5080,694,2026-06-04 08:00:00,4,3,1,lunch,clear,4,3
5081,694,2026-06-29 01:00:00,29,0,1,breakfast,clear,14,2
5082,694,2026-03-11 17:00:00,11,2,0,late_night,clear,6,2
5083,694,2026-01-19 01:00:00,19,0,0,late_night,rain,1,1
5084,694,2026-01-22 23:00:00,22,3,0,breakfast,clear,5,2
5085,694,2026-03-18 16:00:00,18,2,0,dinner,clear,6,1
5086,694,2026-04-05 00:00:00,5,6,1,dinner,clear,6,1
5087,694,2026-03-21 15:00:00,21,5,0,breakfast,clear,5,3
5088,695,2026-03-07 20:00:00,7,5,1,breakfast,clear,6,1
5089,695,2026-01-08 01:00:00,8,3,0,late_night,clear,12,1
5090,695,2026-03-01 00:00:00,1,6,1,breakfast,clear,3,1
5091,695,2026-05-29 19:00:00,29,4,1,dinner,clear,3,4
5092,695,2026-05-11 19:00:00,11,0,0,lunch,clear,6,1
5093,695,2026-04-09 13:00:00,9,3,0,breakfast,clear,12,1
5094,695,2026-03-08 06:00:00,8,6,0,dinner,clear,3,1
5095,695,2026-05-04 14:00:00,4,0,1,breakfast,clear,8,1
5096,695,2026-05-04 17:00:00,4,0,1,late_night,clear,1,1
5097,695,2026-02-25 08:00:00,25,2,1,late_night,clear,11,2
5098,696,2026-05-22 12:00:00,22,4,0,breakfast,clear,9,2
5099,696,2026-03-04 19:00:00,4,2,1,dinner,clear,11,2
5100,696,2026-02-12 16:00:00,12,3,0,late_night,clear,7,1
5101,696,2026-05-02 18:00:00,2,5,1,dinner,rain,9,3
5102,696,2026-01-31 21:00:00,31,5,1,dinner,clear,13,1
5103,696,2026-02-02 08:00:00,2,0,1,dinner,clear,10,5
5104,696,2026-02-08 14:00:00,8,6,0,late_night,rain,8,2
5105,696,2026-06-18 03:00:00,18,3,0,dinner,extreme,7,2
5106,696,2026-06-17 00:00:00,17,2,0,late_night,rain,1,2
5107,697,2026-05-28 06:00:00,28,3,1,lunch,rain,12,2
5108,697,2026-06-28 13:00:00,28,6,1,dinner,clear,3,1
5109,697,2026-02-08 07:00:00,8,6,0,breakfast,clear,5,1
5110,698,2026-04-04 23:00:00,4,5,1,breakfast,clear,13,4
5111,698,2026-04-15 11:00:00,15,2,0,lunch,clear,13,1
5112,698,2026-01-27 17:00:00,27,1,1,late_night,rain,9,2
5113,698,2026-04-29 17:00:00,29,2,1,lunch,rain,10,2
5114,698,2026-04-18 17:00:00,18,5,0,breakfast,extreme,2,3
5115,698,2026-02-25 12:00:00,25,2,1,lunch,clear,13,2
5116,698,2026-04-15 20:00:00,15,2,0,dinner,rain,6,3
5117,698,2026-03-07 21:00:00,7,5,1,lunch,clear,9,2
5118,698,2026-03-26 02:00:00,26,3,1,lunch,rain,10,3
5119,698,2026-03-09 09:00:00,9,0,0,breakfast,clear,11,2
5120,699,2026-05-04 13:00:00,4,0,1,breakfast,rain,14,5
5121,699,2026-01-18 23:00:00,18,6,0,breakfast,extreme,2,1
5122,699,2026-02-15 19:00:00,15,6,0,dinner,clear,9,2
5123,699,2026-05-08 03:00:00,8,4,0,lunch,rain,12,2
5124,699,2026-03-29 02:00:00,29,6,1,dinner,clear,13,2
5125,699,2026-01-15 02:00:00,15,3,0,lunch,clear,14,1
5126,699,2026-02-04 09:00:00,4,2,1,late_night,clear,3,3
5127,699,2026-01-10 09:00:00,10,5,0,dinner,clear,2,2
5128,699,2026-05-29 00:00:00,29,4,1,dinner,rain,11,1
5129,699,2026-01-05 02:00:00,5,0,1,lunch,clear,8,1
5130,699,2026-03-24 13:00:00,24,1,0,breakfast,extreme,11,3
5131,699,2026-01-10 16:00:00,10,5,0,late_night,clear,11,2
5132,700,2026-04-23 03:00:00,23,3,0,dinner,clear,11,1
5133,700,2026-04-29 16:00:00,29,2,1,breakfast,clear,4,1
5134,700,2026-05-13 10:00:00,13,2,0,dinner,clear,12,3
5135,700,2026-01-29 18:00:00,29,3,1,late_night,clear,14,2
5136,700,2026-02-08 20:00:00,8,6,0,dinner,rain,12,1
5137,701,2026-03-29 17:00:00,29,6,1,breakfast,clear,2,1
5138,701,2026-03-21 20:00:00,21,5,0,breakfast,clear,10,3
5139,701,2026-05-16 14:00:00,16,5,0,lunch,rain,6,1
5140,701,2026-06-14 15:00:00,14,6,0,late_night,clear,11,1
5141,701,2026-01-21 20:00:00,21,2,0,dinner,clear,7,2
5142,701,2026-02-07 03:00:00,7,5,1,late_night,rain,8,4
5143,701,2026-02-23 03:00:00,23,0,0,lunch,rain,13,4
5144,701,2026-01-19 20:00:00,19,0,0,lunch,clear,1,2
5145,701,2026-05-31 04:00:00,31,6,1,dinner,clear,1,1
5146,702,2026-06-21 11:00:00,21,6,0,breakfast,clear,9,1
5147,702,2026-06-14 05:00:00,14,6,0,breakfast,clear,8,1
5148,702,2026-06-15 10:00:00,15,0,0,lunch,clear,12,1
5149,702,2026-03-22 12:00:00,22,6,0,dinner,extreme,5,3
5150,702,2026-03-06 09:00:00,6,4,1,dinner,clear,2,2
5151,702,2026-02-20 10:00:00,20,4,0,late_night,clear,3,2
5152,702,2026-02-13 07:00:00,13,4,0,lunch,clear,3,2
5153,702,2026-02-27 10:00:00,27,4,1,breakfast,clear,14,1
5154,703,2026-04-25 12:00:00,25,5,1,dinner,rain,11,3
5155,704,2026-01-06 02:00:00,6,1,1,late_night,rain,1,1
5156,704,2026-04-15 19:00:00,15,2,0,lunch,clear,11,1
5157,704,2026-05-31 10:00:00,31,6,1,dinner,clear,12,1
5158,704,2026-04-11 03:00:00,11,5,0,dinner,clear,2,1
5159,705,2026-05-28 22:00:00,28,3,1,lunch,rain,8,4
5160,705,2026-04-30 23:00:00,30,3,1,lunch,rain,3,3
5161,705,2026-02-03 01:00:00,3,1,1,late_night,rain,4,1
5162,705,2026-02-27 19:00:00,27,4,1,late_night,clear,14,1
5163,705,2026-03-22 06:00:00,22,6,0,breakfast,clear,11,4
5164,705,2026-04-04 03:00:00,4,5,1,dinner,extreme,12,2
5165,705,2026-01-26 06:00:00,26,0,1,late_night,clear,12,1
5166,705,2026-04-21 20:00:00,21,1,0,lunch,clear,2,3
5167,705,2026-03-27 05:00:00,27,4,1,late_night,clear,13,2
5168,705,2026-04-21 14:00:00,21,1,0,dinner,clear,12,1
5169,705,2026-03-31 07:00:00,31,1,1,late_night,clear,10,4
5170,705,2026-01-03 14:00:00,3,5,1,lunch,rain,13,1
5171,706,2026-02-11 16:00:00,11,2,0,dinner,extreme,8,2
5172,706,2026-03-21 12:00:00,21,5,0,lunch,clear,12,1
5173,706,2026-03-02 02:00:00,2,0,1,breakfast,clear,5,5
5174,706,2026-06-13 17:00:00,13,5,0,dinner,clear,9,2
5175,706,2026-01-04 12:00:00,4,6,1,lunch,clear,11,1
5176,706,2026-02-25 12:00:00,25,2,1,late_night,clear,6,1
5177,707,2026-01-14 21:00:00,14,2,0,breakfast,clear,4,1
5178,707,2026-01-13 02:00:00,13,1,0,dinner,clear,3,2
5179,707,2026-04-10 08:00:00,10,4,0,breakfast,clear,11,1
5180,707,2026-03-18 05:00:00,18,2,0,lunch,rain,13,1
5181,707,2026-01-21 05:00:00,21,2,0,late_night,clear,11,1
5182,707,2026-06-24 10:00:00,24,2,0,late_night,rain,10,1
5183,707,2026-06-22 01:00:00,22,0,0,dinner,clear,1,1
5184,707,2026-04-20 15:00:00,20,0,0,lunch,clear,9,3
5185,707,2026-02-25 06:00:00,25,2,1,lunch,rain,13,2
5186,708,2026-05-03 01:00:00,3,6,1,lunch,rain,3,1
5187,709,2026-03-10 19:00:00,10,1,0,late_night,clear,3,1
5188,709,2026-06-20 20:00:00,20,5,0,lunch,clear,8,2
5189,709,2026-01-02 08:00:00,2,4,1,late_night,clear,10,1
5190,709,2026-04-19 02:00:00,19,6,0,dinner,clear,9,1
5191,709,2026-04-01 23:00:00,1,2,1,dinner,clear,6,1
5192,709,2026-02-27 03:00:00,27,4,1,lunch,clear,5,1
5193,709,2026-01-22 19:00:00,22,3,0,breakfast,clear,9,1
5194,709,2026-05-13 20:00:00,13,2,0,lunch,clear,5,1
5195,709,2026-05-08 20:00:00,8,4,0,late_night,clear,7,3
5196,709,2026-04-03 22:00:00,3,4,1,lunch,extreme,5,1
5197,709,2026-05-08 03:00:00,8,4,0,breakfast,rain,8,2
5198,709,2026-06-06 01:00:00,6,5,1,lunch,clear,11,1
5199,709,2026-01-01 22:00:00,1,3,1,late_night,clear,12,1
5200,710,2026-02-13 17:00:00,13,4,0,lunch,clear,7,1
5201,710,2026-04-10 19:00:00,10,4,0,late_night,clear,12,2
5202,710,2026-05-09 07:00:00,9,5,0,late_night,clear,7,1
5203,710,2026-03-03 07:00:00,3,1,1,breakfast,clear,3,3
5204,710,2026-01-04 22:00:00,4,6,1,late_night,rain,14,1
5205,710,2026-06-21 19:00:00,21,6,0,dinner,clear,4,4
5206,710,2026-01-16 13:00:00,16,4,0,lunch,clear,9,3
5207,710,2026-03-07 02:00:00,7,5,1,dinner,extreme,6,4
5208,710,2026-01-20 13:00:00,20,1,0,late_night,rain,5,3
5209,710,2026-05-10 07:00:00,10,6,0,breakfast,extreme,11,1
5210,711,2026-01-15 14:00:00,15,3,0,late_night,clear,11,2
5211,711,2026-05-17 13:00:00,17,6,0,lunch,extreme,1,1
5212,711,2026-04-23 21:00:00,23,3,0,dinner,rain,12,1
5213,711,2026-04-20 12:00:00,20,0,0,lunch,clear,7,3
5214,711,2026-01-30 03:00:00,30,4,1,late_night,rain,3,1
5215,711,2026-03-26 11:00:00,26,3,1,late_night,clear,2,1
5216,711,2026-04-11 07:00:00,11,5,0,late_night,rain,1,4
5217,711,2026-06-23 22:00:00,23,1,0,breakfast,rain,8,2
5218,711,2026-03-25 15:00:00,25,2,1,lunch,clear,6,1
5219,711,2026-05-03 16:00:00,3,6,1,breakfast,clear,8,3
5220,711,2026-01-29 22:00:00,29,3,1,breakfast,clear,14,3
5221,711,2026-03-03 00:00:00,3,1,1,dinner,clear,10,2
5222,711,2026-03-03 00:00:00,3,1,1,late_night,clear,9,2
5223,711,2026-05-31 19:00:00,31,6,1,dinner,clear,4,1
5224,712,2026-03-07 14:00:00,7,5,1,lunch,clear,7,1
5225,713,2026-06-04 01:00:00,4,3,1,breakfast,clear,13,1
5226,713,2026-01-20 20:00:00,20,1,0,dinner,clear,12,2
5227,713,2026-04-11 09:00:00,11,5,0,breakfast,clear,14,1
5228,713,2026-05-08 10:00:00,8,4,0,lunch,clear,5,1
5229,713,2026-03-10 20:00:00,10,1,0,late_night,clear,4,1
5230,713,2026-06-04 03:00:00,4,3,1,lunch,clear,7,5
5231,714,2026-03-11 13:00:00,11,2,0,lunch,clear,12,1
5232,714,2026-06-19 20:00:00,19,4,0,lunch,clear,4,2
5233,714,2026-01-16 05:00:00,16,4,0,lunch,extreme,10,1
5234,715,2026-02-18 14:00:00,18,2,0,late_night,extreme,12,2
5235,715,2026-04-23 08:00:00,23,3,0,late_night,clear,13,1
5236,715,2026-02-17 09:00:00,17,1,0,breakfast,clear,12,1
5237,715,2026-02-13 22:00:00,13,4,0,breakfast,clear,9,5
5238,715,2026-03-03 20:00:00,3,1,1,dinner,extreme,3,1
5239,715,2026-01-12 18:00:00,12,0,0,late_night,clear,7,3
5240,715,2026-03-07 03:00:00,7,5,1,dinner,extreme,8,2
5241,716,2026-06-24 07:00:00,24,2,0,lunch,clear,2,1
5242,716,2026-06-18 20:00:00,18,3,0,breakfast,rain,5,5
5243,716,2026-03-26 10:00:00,26,3,1,breakfast,rain,7,2
5244,716,2026-02-10 19:00:00,10,1,0,dinner,clear,10,2
5245,716,2026-01-18 00:00:00,18,6,0,late_night,clear,8,2
5246,716,2026-01-14 19:00:00,14,2,0,breakfast,clear,3,1
5247,716,2026-03-28 04:00:00,28,5,1,breakfast,clear,1,1
5248,716,2026-06-08 07:00:00,8,0,0,dinner,rain,7,1
5249,717,2026-01-16 19:00:00,16,4,0,lunch,clear,8,2
5250,717,2026-04-13 02:00:00,13,0,0,breakfast,clear,9,2
5251,717,2026-02-14 06:00:00,14,5,0,lunch,extreme,6,1
5252,717,2026-03-13 13:00:00,13,4,0,breakfast,clear,5,2
5253,717,2026-05-02 20:00:00,2,5,1,dinner,clear,6,1
5254,717,2026-01-20 22:00:00,20,1,0,late_night,clear,5,4
5255,717,2026-06-12 10:00:00,12,4,0,breakfast,extreme,6,1
5256,717,2026-05-10 21:00:00,10,6,0,dinner,clear,10,1
5257,717,2026-01-26 03:00:00,26,0,1,dinner,clear,4,3
5258,717,2026-06-21 13:00:00,21,6,0,dinner,clear,4,1
5259,717,2026-06-15 07:00:00,15,0,0,late_night,clear,1,1
5260,717,2026-06-06 06:00:00,6,5,1,dinner,rain,7,1
5261,717,2026-04-21 12:00:00,21,1,0,breakfast,rain,3,3
5262,718,2026-06-08 12:00:00,8,0,0,dinner,clear,6,1
5263,718,2026-04-04 21:00:00,4,5,1,dinner,rain,9,5
5264,719,2026-02-09 05:00:00,9,0,0,breakfast,clear,9,1
5265,719,2026-03-17 07:00:00,17,1,0,lunch,clear,10,2
5266,719,2026-01-22 01:00:00,22,3,0,lunch,clear,1,1
5267,719,2026-04-25 01:00:00,25,5,1,dinner,clear,7,1
5268,719,2026-01-11 00:00:00,11,6,0,breakfast,rain,13,1
5269,719,2026-03-04 17:00:00,4,2,1,dinner,clear,2,1
5270,719,2026-03-13 02:00:00,13,4,0,lunch,clear,3,2
5271,719,2026-04-27 12:00:00,27,0,1,breakfast,clear,13,1
5272,719,2026-05-19 13:00:00,19,1,0,dinner,clear,2,2
5273,719,2026-05-06 23:00:00,6,2,1,late_night,clear,8,2
5274,719,2026-01-07 20:00:00,7,2,1,lunch,clear,8,1
5275,719,2026-06-01 10:00:00,1,0,1,dinner,clear,8,1
5276,719,2026-05-23 19:00:00,23,5,0,lunch,clear,10,2
5277,719,2026-02-13 11:00:00,13,4,0,breakfast,clear,14,1
5278,720,2026-01-02 09:00:00,2,4,1,lunch,clear,11,1
5279,720,2026-02-13 14:00:00,13,4,0,dinner,clear,7,1
5280,721,2026-04-16 22:00:00,16,3,0,breakfast,clear,9,1
5281,721,2026-05-28 10:00:00,28,3,1,late_night,clear,6,1
5282,721,2026-02-21 11:00:00,21,5,0,lunch,rain,12,2
5283,721,2026-01-09 13:00:00,9,4,0,late_night,clear,6,1
5284,721,2026-05-19 09:00:00,19,1,0,late_night,clear,12,3
5285,721,2026-02-27 23:00:00,27,4,1,dinner,rain,13,1
5286,721,2026-03-16 23:00:00,16,0,0,late_night,clear,11,5
5287,721,2026-05-15 15:00:00,15,4,0,dinner,rain,3,1
5288,721,2026-01-21 06:00:00,21,2,0,late_night,extreme,8,2
5289,721,2026-03-20 13:00:00,20,4,0,breakfast,clear,8,1
5290,721,2026-01-15 14:00:00,15,3,0,breakfast,clear,10,1
5291,721,2026-05-01 22:00:00,1,4,1,dinner,clear,9,1
5292,721,2026-03-14 05:00:00,14,5,0,dinner,clear,4,1
5293,722,2026-04-08 06:00:00,8,2,0,late_night,clear,3,1
5294,722,2026-05-21 23:00:00,21,3,0,dinner,clear,1,1
5295,722,2026-04-12 18:00:00,12,6,0,breakfast,clear,9,1
5296,722,2026-05-30 15:00:00,30,5,1,dinner,clear,10,2
5297,722,2026-05-24 20:00:00,24,6,0,dinner,clear,6,3
5298,722,2026-06-21 08:00:00,21,6,0,dinner,rain,14,2
5299,722,2026-04-01 21:00:00,1,2,1,lunch,clear,11,1
5300,722,2026-05-02 09:00:00,2,5,1,lunch,clear,6,1
5301,722,2026-04-21 13:00:00,21,1,0,late_night,clear,11,1
5302,722,2026-05-16 15:00:00,16,5,0,lunch,clear,10,1
5303,722,2026-05-26 11:00:00,26,1,1,dinner,clear,12,5
5304,722,2026-03-29 23:00:00,29,6,1,dinner,extreme,9,1
5305,722,2026-03-23 12:00:00,23,0,0,breakfast,clear,10,2
5306,723,2026-06-18 22:00:00,18,3,0,dinner,clear,14,1
5307,723,2026-01-24 21:00:00,24,5,0,breakfast,rain,11,5
5308,723,2026-01-25 15:00:00,25,6,1,late_night,rain,14,1
5309,723,2026-04-22 16:00:00,22,2,0,dinner,clear,11,3
5310,723,2026-01-23 06:00:00,23,4,0,lunch,clear,8,1
5311,723,2026-01-29 10:00:00,29,3,1,lunch,clear,1,1
5312,723,2026-04-21 18:00:00,21,1,0,dinner,clear,4,2
5313,723,2026-02-28 20:00:00,28,5,1,lunch,clear,10,1
5314,723,2026-03-11 16:00:00,11,2,0,dinner,clear,8,1
5315,723,2026-02-25 03:00:00,25,2,1,late_night,clear,14,5
5316,723,2026-04-28 17:00:00,28,1,1,late_night,clear,1,1
5317,724,2026-02-26 00:00:00,26,3,1,lunch,clear,9,2
5318,725,2026-05-23 21:00:00,23,5,0,breakfast,clear,13,2
5319,725,2026-03-25 09:00:00,25,2,1,lunch,clear,14,1
5320,725,2026-06-11 19:00:00,11,3,0,dinner,clear,9,4
5321,725,2026-03-29 23:00:00,29,6,1,dinner,clear,4,2
5322,725,2026-04-28 10:00:00,28,1,1,lunch,clear,13,2
5323,725,2026-06-10 00:00:00,10,2,0,late_night,rain,4,2
5324,725,2026-05-16 16:00:00,16,5,0,late_night,rain,10,1
5325,725,2026-03-20 18:00:00,20,4,0,lunch,clear,2,1
5326,725,2026-02-12 13:00:00,12,3,0,breakfast,clear,12,1
5327,726,2026-04-05 15:00:00,5,6,1,breakfast,clear,14,1
5328,726,2026-06-23 14:00:00,23,1,0,breakfast,clear,10,1
5329,726,2026-06-27 22:00:00,27,5,1,dinner,extreme,8,1
5330,726,2026-03-05 03:00:00,5,3,1,breakfast,rain,12,1
5331,726,2026-05-26 05:00:00,26,1,1,dinner,extreme,7,3
5332,726,2026-06-06 15:00:00,6,5,1,dinner,clear,11,2
5333,726,2026-03-29 18:00:00,29,6,1,late_night,clear,4,2
5334,726,2026-06-22 22:00:00,22,0,0,breakfast,clear,14,1
5335,726,2026-04-09 15:00:00,9,3,0,breakfast,clear,1,2
5336,726,2026-02-14 03:00:00,14,5,0,lunch,clear,12,3
5337,726,2026-02-01 13:00:00,1,6,1,late_night,clear,5,4
5338,727,2026-03-23 14:00:00,23,0,0,dinner,rain,5,4
5339,727,2026-05-27 00:00:00,27,2,1,dinner,clear,9,1
5340,727,2026-01-27 20:00:00,27,1,1,breakfast,extreme,7,1
5341,727,2026-06-26 08:00:00,26,4,1,breakfast,clear,2,1
5342,727,2026-03-11 07:00:00,11,2,0,dinner,extreme,2,4
5343,727,2026-01-05 15:00:00,5,0,1,late_night,rain,7,1
5344,727,2026-03-20 09:00:00,20,4,0,lunch,clear,1,1
5345,727,2026-02-17 15:00:00,17,1,0,late_night,clear,10,1
5346,727,2026-02-06 08:00:00,6,4,1,dinner,clear,7,1
5347,727,2026-01-12 13:00:00,12,0,0,breakfast,clear,11,1
5348,727,2026-05-26 09:00:00,26,1,1,late_night,clear,6,1
5349,728,2026-04-25 17:00:00,25,5,1,dinner,clear,10,1
5350,728,2026-03-12 09:00:00,12,3,0,breakfast,clear,12,4
5351,728,2026-01-13 06:00:00,13,1,0,late_night,clear,8,1
5352,728,2026-02-12 11:00:00,12,3,0,breakfast,clear,4,1
5353,728,2026-04-17 07:00:00,17,4,0,dinner,rain,9,2
5354,728,2026-04-16 05:00:00,16,3,0,late_night,extreme,5,4
5355,728,2026-03-07 22:00:00,7,5,1,late_night,clear,9,1
5356,728,2026-02-27 17:00:00,27,4,1,dinner,clear,1,1
5357,729,2026-04-26 18:00:00,26,6,1,lunch,clear,1,3
5358,729,2026-01-18 01:00:00,18,6,0,dinner,clear,3,2
5359,729,2026-01-18 15:00:00,18,6,0,dinner,clear,12,2
5360,729,2026-02-27 23:00:00,27,4,1,late_night,clear,9,2
5361,729,2026-03-22 22:00:00,22,6,0,dinner,clear,4,1
5362,729,2026-06-24 04:00:00,24,2,0,dinner,clear,4,1
5363,729,2026-01-24 08:00:00,24,5,0,lunch,clear,11,4
5364,729,2026-01-30 02:00:00,30,4,1,late_night,clear,5,2
5365,729,2026-04-20 07:00:00,20,0,0,lunch,clear,14,1
5366,730,2026-06-16 17:00:00,16,1,0,dinner,extreme,12,1
5367,730,2026-06-26 09:00:00,26,4,1,dinner,clear,8,4
5368,730,2026-06-27 11:00:00,27,5,1,breakfast,clear,11,1
5369,730,2026-03-16 06:00:00,16,0,0,lunch,clear,5,1
5370,730,2026-04-23 07:00:00,23,3,0,breakfast,clear,10,1
5371,730,2026-01-28 11:00:00,28,2,1,late_night,clear,1,2
5372,730,2026-04-16 12:00:00,16,3,0,dinner,clear,11,1
5373,730,2026-01-22 10:00:00,22,3,0,dinner,clear,5,1
5374,730,2026-06-05 13:00:00,5,4,1,dinner,clear,9,1
5375,730,2026-06-22 22:00:00,22,0,0,breakfast,rain,3,1
5376,730,2026-01-06 18:00:00,6,1,1,late_night,extreme,4,1
5377,730,2026-01-05 15:00:00,5,0,1,late_night,clear,10,1
5378,730,2026-05-27 16:00:00,27,2,1,dinner,rain,10,2
5379,730,2026-06-11 16:00:00,11,3,0,dinner,rain,13,1
5380,731,2026-06-26 06:00:00,26,4,1,late_night,clear,8,1
5381,732,2026-04-27 10:00:00,27,0,1,dinner,extreme,6,2
5382,732,2026-04-27 03:00:00,27,0,1,dinner,clear,11,2
5383,732,2026-05-22 06:00:00,22,4,0,late_night,rain,9,1
5384,732,2026-06-21 13:00:00,21,6,0,lunch,clear,3,2
5385,732,2026-01-08 19:00:00,8,3,0,dinner,extreme,7,4
5386,732,2026-05-29 19:00:00,29,4,1,late_night,clear,8,2
5387,732,2026-03-17 16:00:00,17,1,0,dinner,extreme,7,1
5388,732,2026-03-12 20:00:00,12,3,0,lunch,clear,13,3
5389,732,2026-02-20 05:00:00,20,4,0,breakfast,clear,5,1
5390,733,2026-01-30 02:00:00,30,4,1,breakfast,clear,14,1
5391,733,2026-05-15 02:00:00,15,4,0,dinner,clear,7,4
5392,733,2026-05-01 04:00:00,1,4,1,dinner,clear,2,1
5393,734,2026-01-18 17:00:00,18,6,0,lunch,clear,13,5
5394,734,2026-04-24 21:00:00,24,4,0,lunch,rain,14,4
5395,735,2026-04-19 17:00:00,19,6,0,lunch,clear,2,1
5396,735,2026-06-15 18:00:00,15,0,0,breakfast,rain,7,1
5397,735,2026-03-01 18:00:00,1,6,1,late_night,clear,1,1
5398,735,2026-01-05 07:00:00,5,0,1,dinner,clear,6,1
5399,735,2026-01-02 18:00:00,2,4,1,breakfast,rain,6,1
5400,735,2026-03-09 16:00:00,9,0,0,late_night,clear,2,1
5401,736,2026-03-31 23:00:00,31,1,1,late_night,clear,3,2
5402,736,2026-05-19 11:00:00,19,1,0,breakfast,clear,11,1
5403,736,2026-05-03 15:00:00,3,6,1,lunch,rain,4,2
5404,736,2026-04-09 04:00:00,9,3,0,dinner,clear,4,4
5405,736,2026-03-10 09:00:00,10,1,0,breakfast,clear,1,2
5406,737,2026-05-16 01:00:00,16,5,0,dinner,clear,8,3
5407,737,2026-03-19 19:00:00,19,3,0,lunch,clear,11,1
5408,737,2026-02-15 06:00:00,15,6,0,breakfast,rain,14,2
5409,737,2026-06-14 05:00:00,14,6,0,lunch,clear,14,1
5410,737,2026-01-23 03:00:00,23,4,0,breakfast,clear,7,1
5411,737,2026-03-17 09:00:00,17,1,0,dinner,extreme,6,1
5412,737,2026-04-10 04:00:00,10,4,0,lunch,clear,12,1
5413,737,2026-02-14 03:00:00,14,5,0,lunch,extreme,3,1
5414,737,2026-02-24 00:00:00,24,1,0,lunch,clear,3,2
5415,737,2026-03-19 09:00:00,19,3,0,dinner,clear,14,1
5416,738,2026-04-28 00:00:00,28,1,1,breakfast,rain,14,1
5417,738,2026-05-26 16:00:00,26,1,1,dinner,extreme,9,1
5418,738,2026-06-10 05:00:00,10,2,0,breakfast,clear,10,3
5419,738,2026-01-28 05:00:00,28,2,1,dinner,clear,11,2
5420,738,2026-03-25 01:00:00,25,2,1,late_night,clear,2,2
5421,738,2026-01-31 03:00:00,31,5,1,dinner,rain,6,1
5422,738,2026-05-24 03:00:00,24,6,0,lunch,clear,10,2
5423,738,2026-03-01 10:00:00,1,6,1,lunch,clear,14,1
5424,738,2026-05-25 20:00:00,25,0,1,breakfast,clear,10,1
5425,738,2026-01-11 13:00:00,11,6,0,breakfast,clear,8,2
5426,738,2026-01-24 05:00:00,24,5,0,breakfast,rain,14,2
5427,739,2026-04-28 10:00:00,28,1,1,breakfast,clear,4,4
5428,739,2026-06-06 11:00:00,6,5,1,breakfast,rain,14,2
5429,739,2026-03-09 09:00:00,9,0,0,late_night,clear,11,1
5430,739,2026-01-25 14:00:00,25,6,1,dinner,clear,8,4
5431,739,2026-05-03 09:00:00,3,6,1,breakfast,extreme,3,4
5432,739,2026-01-29 06:00:00,29,3,1,late_night,rain,4,1
5433,739,2026-06-07 22:00:00,7,6,1,dinner,clear,13,1
5434,739,2026-03-10 02:00:00,10,1,0,dinner,rain,2,1
5435,740,2026-02-05 08:00:00,5,3,1,dinner,rain,13,1
5436,740,2026-01-18 05:00:00,18,6,0,late_night,clear,12,4
5437,740,2026-06-29 10:00:00,29,0,1,late_night,clear,10,1
5438,740,2026-05-17 05:00:00,17,6,0,late_night,clear,8,1
5439,740,2026-03-13 18:00:00,13,4,0,lunch,extreme,3,2
5440,740,2026-02-17 07:00:00,17,1,0,dinner,clear,8,3
5441,740,2026-05-01 06:00:00,1,4,1,late_night,rain,9,5
5442,740,2026-05-13 02:00:00,13,2,0,dinner,clear,9,1
5443,740,2026-03-21 10:00:00,21,5,0,late_night,clear,5,1
5444,741,2026-06-02 15:00:00,2,1,1,late_night,clear,12,1
5445,741,2026-01-14 00:00:00,14,2,0,dinner,clear,12,2
5446,741,2026-02-07 18:00:00,7,5,1,breakfast,clear,13,2
5447,741,2026-02-20 06:00:00,20,4,0,late_night,clear,4,1
5448,741,2026-01-31 14:00:00,31,5,1,dinner,clear,11,2
5449,741,2026-05-22 14:00:00,22,4,0,dinner,clear,8,1
5450,741,2026-04-10 03:00:00,10,4,0,lunch,clear,9,1
5451,741,2026-02-05 04:00:00,5,3,1,dinner,rain,14,2
5452,741,2026-06-26 10:00:00,26,4,1,late_night,clear,14,1
5453,742,2026-05-27 13:00:00,27,2,1,late_night,clear,6,2
5454,742,2026-01-09 18:00:00,9,4,0,dinner,rain,4,1
5455,742,2026-06-07 01:00:00,7,6,1,late_night,clear,6,2
5456,742,2026-06-09 04:00:00,9,1,0,breakfast,extreme,11,2
5457,742,2026-05-29 15:00:00,29,4,1,breakfast,clear,6,1
5458,742,2026-04-13 09:00:00,13,0,0,late_night,clear,6,1
5459,742,2026-02-10 21:00:00,10,1,0,lunch,rain,11,4
5460,742,2026-02-25 11:00:00,25,2,1,late_night,clear,13,1
5461,742,2026-03-12 18:00:00,12,3,0,dinner,clear,12,2
5462,742,2026-05-07 20:00:00,7,3,1,late_night,rain,1,1
5463,742,2026-03-24 22:00:00,24,1,0,late_night,clear,2,2
5464,742,2026-02-04 03:00:00,4,2,1,lunch,clear,13,1
5465,743,2026-04-29 18:00:00,29,2,1,breakfast,extreme,7,3
5466,743,2026-04-03 07:00:00,3,4,1,dinner,extreme,6,1
5467,743,2026-04-08 08:00:00,8,2,0,breakfast,clear,9,5
5468,743,2026-06-12 01:00:00,12,4,0,breakfast,clear,11,1
5469,744,2026-02-12 11:00:00,12,3,0,dinner,clear,14,2
5470,744,2026-06-08 19:00:00,8,0,0,dinner,rain,1,2
5471,744,2026-05-06 21:00:00,6,2,1,lunch,clear,14,2
5472,745,2026-06-27 06:00:00,27,5,1,late_night,clear,1,1
5473,745,2026-01-27 12:00:00,27,1,1,late_night,clear,6,2
5474,745,2026-06-09 11:00:00,9,1,0,late_night,clear,3,4
5475,745,2026-02-25 14:00:00,25,2,1,dinner,clear,9,1
5476,745,2026-06-16 06:00:00,16,1,0,breakfast,clear,3,2
5477,745,2026-04-23 09:00:00,23,3,0,dinner,clear,6,1
5478,745,2026-05-03 10:00:00,3,6,1,lunch,rain,5,2
5479,745,2026-01-11 23:00:00,11,6,0,dinner,rain,5,3
5480,745,2026-06-10 14:00:00,10,2,0,late_night,clear,10,2
5481,745,2026-02-02 00:00:00,2,0,1,late_night,clear,2,2
5482,745,2026-05-14 19:00:00,14,3,0,dinner,rain,4,1
5483,745,2026-06-12 02:00:00,12,4,0,breakfast,clear,7,1
5484,745,2026-06-15 14:00:00,15,0,0,dinner,clear,6,1
5485,745,2026-04-17 22:00:00,17,4,0,breakfast,clear,3,1
5486,746,2026-04-28 23:00:00,28,1,1,breakfast,extreme,5,3
5487,746,2026-06-04 03:00:00,4,3,1,breakfast,clear,5,2
5488,746,2026-05-08 06:00:00,8,4,0,dinner,rain,4,2
5489,746,2026-02-22 17:00:00,22,6,0,breakfast,rain,7,2
5490,746,2026-04-26 20:00:00,26,6,1,lunch,clear,10,2
5491,746,2026-06-17 07:00:00,17,2,0,late_night,extreme,9,4
5492,746,2026-06-20 02:00:00,20,5,0,dinner,clear,6,2
5493,747,2026-04-11 09:00:00,11,5,0,late_night,clear,11,1
5494,747,2026-04-22 12:00:00,22,2,0,dinner,rain,13,1
5495,747,2026-06-02 13:00:00,2,1,1,late_night,extreme,4,1
5496,747,2026-05-18 21:00:00,18,0,0,lunch,clear,13,1
5497,748,2026-03-23 21:00:00,23,0,0,breakfast,clear,11,1
5498,748,2026-01-16 10:00:00,16,4,0,dinner,clear,5,1
5499,748,2026-02-03 14:00:00,3,1,1,lunch,clear,13,1
5500,748,2026-01-13 21:00:00,13,1,0,dinner,clear,10,1
5501,748,2026-05-26 02:00:00,26,1,1,lunch,rain,4,1
5502,748,2026-05-22 07:00:00,22,4,0,breakfast,rain,3,1
5503,748,2026-04-03 11:00:00,3,4,1,lunch,extreme,2,3
5504,748,2026-05-16 18:00:00,16,5,0,breakfast,extreme,12,1
5505,748,2026-04-05 20:00:00,5,6,1,dinner,clear,13,1
5506,748,2026-03-16 13:00:00,16,0,0,late_night,clear,11,2
5507,748,2026-05-31 04:00:00,31,6,1,lunch,clear,2,1
5508,748,2026-02-11 05:00:00,11,2,0,late_night,extreme,3,2
5509,748,2026-06-06 08:00:00,6,5,1,late_night,clear,2,1
5510,748,2026-05-27 05:00:00,27,2,1,lunch,rain,1,1
5511,749,2026-06-04 11:00:00,4,3,1,late_night,clear,10,2
5512,749,2026-02-15 18:00:00,15,6,0,late_night,rain,7,3
5513,750,2026-01-20 13:00:00,20,1,0,late_night,clear,7,1
5514,750,2026-02-15 17:00:00,15,6,0,late_night,extreme,6,1
5515,750,2026-03-08 00:00:00,8,6,0,late_night,clear,8,2
5516,751,2026-03-20 05:00:00,20,4,0,lunch,clear,6,1
5517,751,2026-01-22 00:00:00,22,3,0,lunch,rain,6,1
5518,751,2026-06-09 02:00:00,9,1,0,breakfast,clear,4,1
5519,751,2026-03-08 02:00:00,8,6,0,dinner,clear,7,1
5520,751,2026-02-15 22:00:00,15,6,0,late_night,rain,7,1
5521,752,2026-05-18 20:00:00,18,0,0,breakfast,rain,13,1
5522,752,2026-06-20 08:00:00,20,5,0,breakfast,clear,14,2
5523,752,2026-02-23 07:00:00,23,0,0,late_night,clear,7,2
5524,752,2026-01-22 03:00:00,22,3,0,dinner,rain,7,3
5525,752,2026-04-22 19:00:00,22,2,0,late_night,clear,2,1
5526,752,2026-04-26 23:00:00,26,6,1,late_night,extreme,9,1
5527,752,2026-02-14 19:00:00,14,5,0,breakfast,clear,6,3
5528,752,2026-01-14 04:00:00,14,2,0,dinner,clear,3,1
5529,752,2026-04-04 16:00:00,4,5,1,lunch,rain,13,2
5530,752,2026-06-16 12:00:00,16,1,0,late_night,clear,7,3
5531,752,2026-01-27 08:00:00,27,1,1,late_night,rain,5,3
5532,752,2026-02-05 17:00:00,5,3,1,late_night,clear,10,2
5533,753,2026-05-22 13:00:00,22,4,0,dinner,clear,14,2
5534,753,2026-01-22 06:00:00,22,3,0,dinner,clear,14,2
5535,753,2026-01-03 14:00:00,3,5,1,late_night,clear,14,5
5536,753,2026-03-23 17:00:00,23,0,0,dinner,rain,2,1
5537,753,2026-02-09 00:00:00,9,0,0,late_night,extreme,1,4
5538,753,2026-01-24 10:00:00,24,5,0,dinner,clear,8,2
5539,753,2026-02-09 05:00:00,9,0,0,breakfast,rain,9,1
5540,753,2026-05-28 22:00:00,28,3,1,late_night,clear,2,1
5541,753,2026-04-15 07:00:00,15,2,0,dinner,extreme,14,1
5542,753,2026-01-22 19:00:00,22,3,0,dinner,extreme,7,1
5543,753,2026-03-31 04:00:00,31,1,1,late_night,clear,2,1
5544,753,2026-03-01 23:00:00,1,6,1,dinner,clear,3,2
5545,754,2026-02-12 02:00:00,12,3,0,breakfast,clear,7,1
5546,754,2026-01-22 21:00:00,22,3,0,breakfast,clear,6,1
5547,754,2026-05-19 03:00:00,19,1,0,dinner,clear,8,2
5548,754,2026-02-06 02:00:00,6,4,1,breakfast,rain,12,5
5549,754,2026-04-24 21:00:00,24,4,0,lunch,clear,10,1
5550,754,2026-03-17 01:00:00,17,1,0,dinner,rain,12,1
5551,755,2026-02-12 13:00:00,12,3,0,breakfast,extreme,7,3
5552,755,2026-02-15 05:00:00,15,6,0,late_night,rain,5,1
5553,755,2026-04-24 05:00:00,24,4,0,breakfast,extreme,12,2
5554,755,2026-04-10 20:00:00,10,4,0,dinner,clear,13,3
5555,755,2026-05-07 15:00:00,7,3,1,breakfast,clear,3,4
5556,755,2026-01-12 00:00:00,12,0,0,dinner,rain,4,1
5557,755,2026-01-10 18:00:00,10,5,0,breakfast,clear,5,5
5558,755,2026-03-03 08:00:00,3,1,1,dinner,clear,12,1
5559,755,2026-02-02 09:00:00,2,0,1,breakfast,extreme,2,1
5560,755,2026-06-27 01:00:00,27,5,1,breakfast,clear,12,1
5561,755,2026-04-02 02:00:00,2,3,1,lunch,clear,9,1
5562,755,2026-02-16 20:00:00,16,0,0,breakfast,clear,1,1
5563,755,2026-01-28 21:00:00,28,2,1,late_night,clear,1,1
5564,756,2026-05-02 00:00:00,2,5,1,lunch,clear,8,1
5565,756,2026-01-25 00:00:00,25,6,1,late_night,clear,9,1
5566,756,2026-02-18 09:00:00,18,2,0,breakfast,clear,11,1
5567,756,2026-04-29 23:00:00,29,2,1,late_night,clear,1,2
5568,756,2026-01-31 10:00:00,31,5,1,lunch,clear,12,2
5569,756,2026-01-16 03:00:00,16,4,0,lunch,clear,8,1
5570,756,2026-02-07 10:00:00,7,5,1,dinner,clear,2,5
5571,756,2026-06-11 21:00:00,11,3,0,dinner,clear,3,1
5572,756,2026-01-09 02:00:00,9,4,0,breakfast,rain,5,1
5573,756,2026-01-20 18:00:00,20,1,0,breakfast,clear,13,1
5574,756,2026-06-08 01:00:00,8,0,0,lunch,clear,8,1
5575,756,2026-04-08 10:00:00,8,2,0,dinner,clear,14,1
5576,756,2026-03-13 01:00:00,13,4,0,breakfast,clear,2,5
5577,757,2026-04-18 22:00:00,18,5,0,dinner,clear,12,4
5578,757,2026-02-01 01:00:00,1,6,1,late_night,clear,11,2
5579,757,2026-02-14 15:00:00,14,5,0,late_night,clear,4,1
5580,757,2026-03-09 00:00:00,9,0,0,lunch,extreme,4,3
5581,757,2026-05-19 00:00:00,19,1,0,breakfast,clear,12,1
5582,757,2026-05-22 19:00:00,22,4,0,lunch,rain,4,1
5583,757,2026-04-11 09:00:00,11,5,0,lunch,clear,8,1
5584,757,2026-06-05 13:00:00,5,4,1,dinner,clear,2,3
5585,757,2026-03-27 23:00:00,27,4,1,breakfast,clear,2,1
5586,757,2026-05-07 03:00:00,7,3,1,late_night,clear,13,1
5587,757,2026-04-18 12:00:00,18,5,0,dinner,clear,14,4
5588,757,2026-03-02 04:00:00,2,0,1,dinner,clear,8,1
5589,758,2026-06-02 01:00:00,2,1,1,dinner,clear,11,2
5590,758,2026-06-03 12:00:00,3,2,1,lunch,clear,4,1
5591,758,2026-01-14 04:00:00,14,2,0,lunch,clear,12,1
5592,758,2026-01-04 16:00:00,4,6,1,breakfast,clear,6,2
5593,758,2026-06-25 15:00:00,25,3,1,breakfast,rain,2,1
5594,758,2026-02-17 04:00:00,17,1,0,lunch,rain,2,1
5595,758,2026-02-01 17:00:00,1,6,1,breakfast,rain,1,4
5596,758,2026-04-18 06:00:00,18,5,0,late_night,clear,1,4
5597,758,2026-04-10 15:00:00,10,4,0,breakfast,clear,14,3
5598,758,2026-03-20 22:00:00,20,4,0,lunch,clear,4,1
5599,758,2026-04-03 13:00:00,3,4,1,breakfast,extreme,10,2
5600,758,2026-04-09 02:00:00,9,3,0,late_night,rain,13,1
5601,758,2026-05-13 21:00:00,13,2,0,lunch,clear,4,2
5602,758,2026-01-27 02:00:00,27,1,1,dinner,clear,10,1
5603,759,2026-04-22 23:00:00,22,2,0,breakfast,clear,3,1
5604,759,2026-02-01 19:00:00,1,6,1,lunch,clear,4,2
5605,759,2026-01-25 03:00:00,25,6,1,late_night,clear,5,1
5606,759,2026-01-31 12:00:00,31,5,1,dinner,clear,1,5
5607,759,2026-03-04 18:00:00,4,2,1,dinner,clear,5,1
5608,760,2026-04-28 21:00:00,28,1,1,late_night,clear,14,4
5609,760,2026-05-05 18:00:00,5,1,1,dinner,rain,3,1
5610,760,2026-03-22 00:00:00,22,6,0,breakfast,clear,11,4
5611,760,2026-06-14 10:00:00,14,6,0,late_night,rain,9,3
5612,760,2026-01-28 04:00:00,28,2,1,breakfast,rain,3,1
5613,760,2026-02-13 15:00:00,13,4,0,late_night,clear,1,1
5614,760,2026-04-02 19:00:00,2,3,1,late_night,clear,11,1
5615,760,2026-05-25 06:00:00,25,0,1,dinner,clear,1,1
5616,760,2026-05-16 11:00:00,16,5,0,late_night,rain,14,1
5617,761,2026-06-02 07:00:00,2,1,1,lunch,clear,3,2
5618,761,2026-01-12 22:00:00,12,0,0,breakfast,clear,13,3
5619,761,2026-03-04 03:00:00,4,2,1,late_night,clear,7,1
5620,761,2026-06-16 01:00:00,16,1,0,dinner,extreme,10,1
5621,761,2026-04-04 22:00:00,4,5,1,breakfast,rain,10,1
5622,761,2026-02-04 14:00:00,4,2,1,late_night,clear,12,3
5623,761,2026-05-21 10:00:00,21,3,0,late_night,clear,7,4
5624,761,2026-02-07 19:00:00,7,5,1,lunch,rain,3,4
5625,761,2026-04-06 11:00:00,6,0,1,lunch,rain,3,1
5626,761,2026-03-15 02:00:00,15,6,0,lunch,clear,2,1
5627,762,2026-01-28 21:00:00,28,2,1,lunch,rain,10,1
5628,762,2026-06-06 12:00:00,6,5,1,late_night,clear,1,5
5629,763,2026-02-07 06:00:00,7,5,1,lunch,extreme,7,1
5630,763,2026-04-28 12:00:00,28,1,1,lunch,clear,1,3
5631,763,2026-03-27 05:00:00,27,4,1,dinner,rain,5,2
5632,763,2026-03-07 03:00:00,7,5,1,lunch,rain,5,1
5633,763,2026-05-13 23:00:00,13,2,0,lunch,rain,1,2
5634,763,2026-04-18 06:00:00,18,5,0,late_night,clear,11,1
5635,763,2026-04-04 06:00:00,4,5,1,breakfast,clear,5,1
5636,763,2026-01-21 23:00:00,21,2,0,breakfast,clear,4,2
5637,763,2026-06-22 02:00:00,22,0,0,dinner,clear,11,2
5638,763,2026-01-17 13:00:00,17,5,0,breakfast,rain,2,1
5639,763,2026-03-07 10:00:00,7,5,1,dinner,clear,2,1
5640,763,2026-05-01 06:00:00,1,4,1,breakfast,clear,12,1
5641,764,2026-01-28 23:00:00,28,2,1,breakfast,clear,1,3
5642,764,2026-06-19 04:00:00,19,4,0,breakfast,rain,4,1
5643,764,2026-03-17 14:00:00,17,1,0,lunch,rain,1,2
5644,764,2026-03-04 10:00:00,4,2,1,late_night,clear,6,1
5645,764,2026-03-27 23:00:00,27,4,1,dinner,clear,5,1
5646,764,2026-02-11 06:00:00,11,2,0,breakfast,clear,4,1
5647,764,2026-01-10 21:00:00,10,5,0,late_night,clear,3,2
5648,764,2026-03-09 10:00:00,9,0,0,late_night,clear,5,2
5649,764,2026-02-27 09:00:00,27,4,1,dinner,rain,12,1
5650,764,2026-06-01 05:00:00,1,0,1,breakfast,clear,7,1
5651,764,2026-01-23 09:00:00,23,4,0,late_night,clear,6,1
5652,764,2026-03-11 14:00:00,11,2,0,lunch,rain,9,1
5653,765,2026-01-29 17:00:00,29,3,1,lunch,clear,8,1
5654,765,2026-02-06 12:00:00,6,4,1,breakfast,clear,8,2
5655,765,2026-03-27 11:00:00,27,4,1,dinner,clear,4,1
5656,765,2026-05-17 14:00:00,17,6,0,dinner,clear,13,1
5657,766,2026-03-18 02:00:00,18,2,0,lunch,clear,9,5
5658,766,2026-02-04 15:00:00,4,2,1,late_night,clear,1,1
5659,766,2026-06-26 15:00:00,26,4,1,breakfast,rain,13,1
5660,766,2026-05-24 04:00:00,24,6,0,lunch,clear,13,2
5661,767,2026-02-13 19:00:00,13,4,0,lunch,clear,10,1
5662,767,2026-01-31 13:00:00,31,5,1,dinner,clear,11,1
5663,767,2026-04-06 04:00:00,6,0,1,late_night,clear,6,1
5664,767,2026-05-30 06:00:00,30,5,1,lunch,clear,10,2
5665,767,2026-04-19 16:00:00,19,6,0,lunch,clear,9,1
5666,767,2026-01-12 06:00:00,12,0,0,dinner,clear,8,2
5667,767,2026-03-02 13:00:00,2,0,1,late_night,clear,5,1
5668,767,2026-06-26 04:00:00,26,4,1,lunch,clear,1,3
5669,767,2026-01-27 01:00:00,27,1,1,dinner,clear,10,1
5670,767,2026-05-02 00:00:00,2,5,1,lunch,extreme,9,2
5671,767,2026-02-26 16:00:00,26,3,1,breakfast,clear,8,3
5672,767,2026-02-25 12:00:00,25,2,1,breakfast,clear,11,1
5673,768,2026-01-20 06:00:00,20,1,0,dinner,clear,3,1
5674,768,2026-03-30 07:00:00,30,0,1,breakfast,clear,14,2
5675,768,2026-03-12 12:00:00,12,3,0,breakfast,clear,6,1
5676,769,2026-06-17 02:00:00,17,2,0,late_night,rain,14,4
5677,769,2026-06-22 04:00:00,22,0,0,breakfast,rain,3,1
5678,769,2026-05-23 20:00:00,23,5,0,dinner,clear,9,1
5679,769,2026-04-04 06:00:00,4,5,1,dinner,rain,13,2
5680,769,2026-06-21 11:00:00,21,6,0,late_night,extreme,14,1
5681,769,2026-04-28 01:00:00,28,1,1,dinner,extreme,10,2
5682,769,2026-01-23 09:00:00,23,4,0,late_night,rain,5,2
5683,769,2026-06-20 19:00:00,20,5,0,late_night,extreme,4,2
5684,769,2026-04-23 21:00:00,23,3,0,late_night,rain,14,2
5685,769,2026-04-18 23:00:00,18,5,0,breakfast,extreme,1,1
5686,769,2026-03-18 04:00:00,18,2,0,lunch,clear,13,2
5687,769,2026-06-29 16:00:00,29,0,1,breakfast,clear,3,3
5688,769,2026-03-15 09:00:00,15,6,0,lunch,extreme,8,1
5689,770,2026-05-12 23:00:00,12,1,0,dinner,clear,7,1
5690,771,2026-05-25 17:00:00,25,0,1,late_night,clear,13,1
5691,771,2026-06-14 21:00:00,14,6,0,dinner,clear,2,2
5692,771,2026-01-20 14:00:00,20,1,0,dinner,clear,9,1
5693,772,2026-04-22 09:00:00,22,2,0,late_night,rain,11,1
5694,772,2026-06-07 14:00:00,7,6,1,breakfast,clear,8,1
5695,772,2026-03-31 19:00:00,31,1,1,dinner,rain,10,5
5696,772,2026-03-20 12:00:00,20,4,0,breakfast,clear,14,4
5697,772,2026-04-27 13:00:00,27,0,1,dinner,rain,8,4
5698,772,2026-01-12 04:00:00,12,0,0,lunch,rain,2,1
5699,772,2026-01-21 03:00:00,21,2,0,late_night,clear,4,2
5700,772,2026-02-24 01:00:00,24,1,0,late_night,clear,8,2
5701,772,2026-06-02 23:00:00,2,1,1,dinner,extreme,5,3
5702,772,2026-06-04 08:00:00,4,3,1,lunch,clear,3,4
5703,772,2026-04-13 10:00:00,13,0,0,breakfast,clear,7,1
5704,773,2026-06-16 12:00:00,16,1,0,late_night,clear,10,2
5705,773,2026-05-07 14:00:00,7,3,1,lunch,rain,2,2
5706,773,2026-06-11 11:00:00,11,3,0,dinner,clear,6,2
5707,773,2026-05-31 14:00:00,31,6,1,late_night,rain,4,2
5708,773,2026-01-11 17:00:00,11,6,0,breakfast,rain,14,1
5709,773,2026-01-19 17:00:00,19,0,0,lunch,extreme,13,1
5710,773,2026-06-27 11:00:00,27,5,1,dinner,clear,4,1
5711,773,2026-04-26 23:00:00,26,6,1,lunch,clear,3,2
5712,773,2026-02-12 23:00:00,12,3,0,late_night,rain,11,1
5713,773,2026-04-07 17:00:00,7,1,1,lunch,clear,8,5
5714,773,2026-01-27 05:00:00,27,1,1,late_night,clear,14,1
5715,773,2026-04-24 07:00:00,24,4,0,lunch,clear,14,3
5716,773,2026-06-21 01:00:00,21,6,0,lunch,clear,2,1
5717,773,2026-01-02 22:00:00,2,4,1,lunch,clear,14,1
5718,774,2026-06-09 13:00:00,9,1,0,dinner,clear,6,1
5719,774,2026-03-03 19:00:00,3,1,1,dinner,clear,5,1
5720,774,2026-06-13 21:00:00,13,5,0,dinner,rain,4,2
5721,774,2026-03-29 20:00:00,29,6,1,lunch,clear,14,2
5722,774,2026-02-19 13:00:00,19,3,0,lunch,clear,13,3
5723,774,2026-02-13 06:00:00,13,4,0,breakfast,clear,1,2
5724,774,2026-04-23 20:00:00,23,3,0,late_night,clear,4,1
5725,774,2026-05-07 15:00:00,7,3,1,dinner,clear,4,2
5726,774,2026-06-13 01:00:00,13,5,0,late_night,clear,10,1
5727,774,2026-02-27 05:00:00,27,4,1,breakfast,extreme,5,1
5728,774,2026-04-28 10:00:00,28,1,1,dinner,clear,11,2
5729,774,2026-04-03 16:00:00,3,4,1,breakfast,clear,12,2
5730,774,2026-05-25 00:00:00,25,0,1,breakfast,clear,7,3
5731,775,2026-05-11 06:00:00,11,0,0,dinner,clear,11,1
5732,775,2026-02-25 05:00:00,25,2,1,breakfast,clear,3,1
5733,775,2026-03-18 00:00:00,18,2,0,late_night,clear,4,3
5734,775,2026-05-24 08:00:00,24,6,0,breakfast,extreme,13,2
5735,776,2026-01-09 22:00:00,9,4,0,late_night,clear,12,1
5736,776,2026-02-11 13:00:00,11,2,0,lunch,clear,13,1
5737,776,2026-04-11 06:00:00,11,5,0,breakfast,clear,7,2
5738,776,2026-03-13 00:00:00,13,4,0,lunch,clear,7,2
5739,776,2026-05-19 06:00:00,19,1,0,late_night,clear,4,1
5740,776,2026-02-14 01:00:00,14,5,0,late_night,rain,10,1
5741,776,2026-06-11 11:00:00,11,3,0,late_night,rain,13,2
5742,776,2026-04-30 04:00:00,30,3,1,late_night,extreme,7,1
5743,776,2026-06-05 03:00:00,5,4,1,dinner,clear,6,1
5744,776,2026-03-30 14:00:00,30,0,1,lunch,clear,6,1
5745,777,2026-05-23 03:00:00,23,5,0,late_night,clear,4,4
5746,777,2026-01-09 04:00:00,9,4,0,breakfast,clear,6,1
5747,777,2026-01-21 05:00:00,21,2,0,late_night,clear,14,2
5748,777,2026-03-22 19:00:00,22,6,0,lunch,rain,12,1
5749,777,2026-01-01 07:00:00,1,3,1,late_night,clear,7,2
5750,778,2026-04-15 07:00:00,15,2,0,dinner,clear,4,2
5751,778,2026-06-09 17:00:00,9,1,0,breakfast,clear,6,4
5752,778,2026-05-10 22:00:00,10,6,0,lunch,clear,9,2
5753,779,2026-06-13 16:00:00,13,5,0,breakfast,clear,8,4
5754,779,2026-01-04 12:00:00,4,6,1,late_night,clear,2,2
5755,779,2026-06-06 23:00:00,6,5,1,late_night,rain,1,1
5756,779,2026-02-14 01:00:00,14,5,0,lunch,clear,12,1
5757,779,2026-04-29 17:00:00,29,2,1,dinner,clear,1,3
5758,779,2026-02-28 05:00:00,28,5,1,dinner,rain,4,1
5759,779,2026-01-29 03:00:00,29,3,1,lunch,clear,1,2
5760,779,2026-04-20 07:00:00,20,0,0,breakfast,clear,2,5
5761,779,2026-04-20 09:00:00,20,0,0,lunch,clear,5,2
5762,779,2026-01-09 02:00:00,9,4,0,dinner,clear,12,1
5763,780,2026-04-25 20:00:00,25,5,1,lunch,clear,1,1
5764,780,2026-04-21 19:00:00,21,1,0,dinner,clear,6,1
5765,780,2026-02-08 02:00:00,8,6,0,dinner,clear,9,1
5766,780,2026-01-17 04:00:00,17,5,0,dinner,clear,13,3
5767,780,2026-01-14 06:00:00,14,2,0,late_night,clear,7,1
5768,780,2026-03-19 09:00:00,19,3,0,late_night,rain,1,1
5769,780,2026-05-15 02:00:00,15,4,0,lunch,rain,7,4
5770,781,2026-01-01 13:00:00,1,3,1,late_night,clear,5,2
5771,781,2026-05-08 08:00:00,8,4,0,late_night,clear,12,2
5772,781,2026-05-18 10:00:00,18,0,0,lunch,rain,12,2
5773,781,2026-06-10 02:00:00,10,2,0,late_night,clear,13,2
5774,781,2026-05-23 22:00:00,23,5,0,dinner,clear,9,1
5775,781,2026-01-18 09:00:00,18,6,0,late_night,clear,6,1
5776,781,2026-01-03 10:00:00,3,5,1,late_night,rain,5,2
5777,781,2026-02-22 21:00:00,22,6,0,dinner,clear,13,1
5778,781,2026-03-09 09:00:00,9,0,0,lunch,clear,7,5
5779,781,2026-01-14 22:00:00,14,2,0,dinner,clear,13,1
5780,781,2026-02-12 21:00:00,12,3,0,lunch,clear,5,1
5781,781,2026-02-14 05:00:00,14,5,0,dinner,rain,13,1
5782,781,2026-01-10 20:00:00,10,5,0,breakfast,clear,7,1
5783,781,2026-02-01 16:00:00,1,6,1,late_night,clear,1,1
5784,782,2026-04-10 19:00:00,10,4,0,lunch,clear,5,1
5785,782,2026-02-24 22:00:00,24,1,0,breakfast,clear,12,4
5786,782,2026-02-01 12:00:00,1,6,1,dinner,clear,6,2
5787,782,2026-04-18 13:00:00,18,5,0,lunch,extreme,12,2
5788,782,2026-04-11 04:00:00,11,5,0,breakfast,clear,2,1
5789,782,2026-02-03 14:00:00,3,1,1,dinner,clear,3,1
5790,782,2026-01-13 20:00:00,13,1,0,late_night,clear,9,1
5791,782,2026-02-03 03:00:00,3,1,1,late_night,clear,12,1
5792,782,2026-04-27 08:00:00,27,0,1,dinner,clear,4,3
5793,782,2026-02-23 17:00:00,23,0,0,dinner,clear,4,1
5794,782,2026-05-14 03:00:00,14,3,0,breakfast,clear,4,1
5795,782,2026-06-23 06:00:00,23,1,0,breakfast,rain,6,2
5796,782,2026-01-26 01:00:00,26,0,1,dinner,clear,8,1
5797,783,2026-04-12 01:00:00,12,6,0,breakfast,clear,10,1
5798,783,2026-02-16 13:00:00,16,0,0,dinner,clear,11,1
5799,783,2026-06-02 04:00:00,2,1,1,late_night,clear,6,1
5800,783,2026-06-24 15:00:00,24,2,0,late_night,extreme,8,1
5801,783,2026-02-22 19:00:00,22,6,0,dinner,clear,4,5
5802,784,2026-04-30 18:00:00,30,3,1,late_night,rain,12,2
5803,784,2026-01-29 17:00:00,29,3,1,dinner,clear,11,1
5804,784,2026-04-01 14:00:00,1,2,1,dinner,clear,12,1
5805,784,2026-03-06 22:00:00,6,4,1,late_night,clear,2,2
5806,784,2026-01-02 02:00:00,2,4,1,dinner,clear,8,1
5807,785,2026-03-17 06:00:00,17,1,0,lunch,clear,4,3
5808,785,2026-01-08 21:00:00,8,3,0,late_night,rain,10,2
5809,785,2026-04-04 02:00:00,4,5,1,late_night,extreme,13,1
5810,785,2026-05-27 07:00:00,27,2,1,breakfast,clear,13,3
5811,785,2026-05-08 19:00:00,8,4,0,breakfast,clear,4,2
5812,785,2026-03-18 10:00:00,18,2,0,dinner,rain,2,1
5813,785,2026-05-07 09:00:00,7,3,1,breakfast,clear,3,2
5814,785,2026-02-10 09:00:00,10,1,0,breakfast,clear,14,1
5815,785,2026-03-19 06:00:00,19,3,0,late_night,clear,12,3
5816,785,2026-03-18 06:00:00,18,2,0,breakfast,clear,8,1
5817,785,2026-02-16 06:00:00,16,0,0,dinner,rain,3,1
5818,785,2026-04-19 03:00:00,19,6,0,late_night,clear,4,1
5819,786,2026-01-06 11:00:00,6,1,1,lunch,clear,11,1
5820,786,2026-04-20 22:00:00,20,0,0,dinner,rain,1,2
5821,786,2026-03-19 21:00:00,19,3,0,late_night,rain,1,1
5822,786,2026-06-23 05:00:00,23,1,0,breakfast,extreme,7,1
5823,786,2026-01-09 03:00:00,9,4,0,dinner,clear,1,1
5824,786,2026-02-17 13:00:00,17,1,0,lunch,rain,5,2
5825,786,2026-06-22 11:00:00,22,0,0,lunch,clear,4,2
5826,786,2026-02-04 00:00:00,4,2,1,late_night,clear,13,4
5827,786,2026-05-27 15:00:00,27,2,1,lunch,clear,6,1
5828,786,2026-05-03 01:00:00,3,6,1,lunch,clear,2,1
5829,787,2026-03-14 02:00:00,14,5,0,lunch,clear,5,4
5830,788,2026-06-11 12:00:00,11,3,0,breakfast,rain,12,1
5831,788,2026-03-29 05:00:00,29,6,1,breakfast,clear,1,1
5832,788,2026-04-03 21:00:00,3,4,1,breakfast,rain,2,1
5833,788,2026-04-27 15:00:00,27,0,1,late_night,rain,3,1
5834,788,2026-05-19 12:00:00,19,1,0,late_night,rain,2,2
5835,788,2026-04-30 13:00:00,30,3,1,late_night,clear,4,1
5836,788,2026-04-06 11:00:00,6,0,1,lunch,rain,4,1
5837,788,2026-04-22 12:00:00,22,2,0,late_night,rain,1,1
5838,789,2026-06-29 11:00:00,29,0,1,lunch,clear,4,2
5839,789,2026-06-22 09:00:00,22,0,0,lunch,extreme,2,2
5840,789,2026-02-08 02:00:00,8,6,0,dinner,clear,3,1
5841,789,2026-05-30 22:00:00,30,5,1,late_night,clear,2,1
5842,790,2026-01-17 10:00:00,17,5,0,late_night,clear,4,1
5843,790,2026-05-21 09:00:00,21,3,0,dinner,rain,9,1
5844,790,2026-05-07 22:00:00,7,3,1,dinner,clear,4,3
5845,790,2026-05-24 10:00:00,24,6,0,dinner,clear,7,1
5846,790,2026-03-24 22:00:00,24,1,0,dinner,rain,6,2
5847,790,2026-06-14 21:00:00,14,6,0,breakfast,clear,3,1
5848,790,2026-06-07 11:00:00,7,6,1,dinner,clear,11,4
5849,790,2026-05-12 11:00:00,12,1,0,late_night,rain,7,3
5850,790,2026-04-21 22:00:00,21,1,0,late_night,clear,10,1
5851,790,2026-04-26 17:00:00,26,6,1,late_night,clear,9,4
5852,790,2026-01-31 11:00:00,31,5,1,late_night,clear,11,1
5853,790,2026-05-24 10:00:00,24,6,0,dinner,extreme,9,1
5854,790,2026-01-16 16:00:00,16,4,0,dinner,clear,7,1
5855,791,2026-04-06 20:00:00,6,0,1,breakfast,clear,11,1
5856,791,2026-03-14 17:00:00,14,5,0,late_night,rain,8,2
5857,791,2026-06-22 06:00:00,22,0,0,lunch,clear,6,1
5858,791,2026-01-31 17:00:00,31,5,1,lunch,clear,8,1
5859,791,2026-05-19 07:00:00,19,1,0,breakfast,clear,7,1
5860,792,2026-01-15 03:00:00,15,3,0,late_night,rain,9,1
5861,792,2026-02-28 17:00:00,28,5,1,lunch,rain,10,1
5862,792,2026-04-26 23:00:00,26,6,1,late_night,clear,10,3
5863,792,2026-01-09 13:00:00,9,4,0,late_night,rain,3,2
5864,792,2026-01-10 06:00:00,10,5,0,breakfast,clear,8,1
5865,792,2026-01-28 11:00:00,28,2,1,lunch,clear,4,1
5866,792,2026-03-09 05:00:00,9,0,0,lunch,clear,11,1
5867,792,2026-05-18 04:00:00,18,0,0,lunch,clear,10,2
5868,793,2026-01-10 05:00:00,10,5,0,dinner,extreme,13,2
5869,793,2026-05-22 10:00:00,22,4,0,breakfast,clear,14,2
5870,793,2026-01-29 12:00:00,29,3,1,dinner,clear,1,2
5871,793,2026-05-15 10:00:00,15,4,0,late_night,extreme,2,3
5872,793,2026-01-15 15:00:00,15,3,0,breakfast,clear,12,1
5873,793,2026-04-01 00:00:00,1,2,1,dinner,clear,7,2
5874,793,2026-04-22 02:00:00,22,2,0,lunch,clear,14,1
5875,794,2026-05-11 18:00:00,11,0,0,breakfast,clear,4,1
5876,794,2026-04-04 20:00:00,4,5,1,dinner,clear,12,1
5877,794,2026-05-31 05:00:00,31,6,1,lunch,clear,14,1
5878,794,2026-02-08 02:00:00,8,6,0,late_night,clear,12,4
5879,795,2026-04-30 23:00:00,30,3,1,dinner,rain,13,2
5880,795,2026-05-12 14:00:00,12,1,0,breakfast,rain,14,3
5881,795,2026-05-30 12:00:00,30,5,1,breakfast,extreme,13,1
5882,795,2026-03-20 18:00:00,20,4,0,dinner,rain,11,1
5883,795,2026-01-01 15:00:00,1,3,1,lunch,rain,6,2
5884,795,2026-01-04 22:00:00,4,6,1,late_night,extreme,11,2
5885,795,2026-02-10 06:00:00,10,1,0,lunch,clear,7,4
5886,795,2026-04-09 10:00:00,9,3,0,dinner,clear,3,4
5887,796,2026-04-29 03:00:00,29,2,1,dinner,extreme,9,3
5888,796,2026-04-19 21:00:00,19,6,0,lunch,clear,9,1
5889,796,2026-03-25 07:00:00,25,2,1,lunch,extreme,9,1
5890,796,2026-03-16 15:00:00,16,0,0,late_night,clear,8,1
5891,796,2026-05-24 08:00:00,24,6,0,late_night,clear,11,1
5892,796,2026-05-10 23:00:00,10,6,0,late_night,rain,5,1
5893,796,2026-06-16 10:00:00,16,1,0,late_night,clear,11,2
5894,796,2026-02-23 11:00:00,23,0,0,breakfast,rain,4,2
5895,796,2026-01-01 17:00:00,1,3,1,late_night,clear,14,1
5896,796,2026-05-22 15:00:00,22,4,0,lunch,clear,8,2
5897,796,2026-01-10 16:00:00,10,5,0,lunch,clear,8,2
5898,796,2026-04-24 00:00:00,24,4,0,lunch,rain,3,1
5899,796,2026-03-31 14:00:00,31,1,1,breakfast,clear,5,1
5900,796,2026-03-03 00:00:00,3,1,1,dinner,clear,13,3
5901,797,2026-04-03 09:00:00,3,4,1,breakfast,clear,6,1
5902,797,2026-01-12 08:00:00,12,0,0,lunch,extreme,4,1
5903,797,2026-01-20 11:00:00,20,1,0,breakfast,clear,7,2
5904,797,2026-01-18 11:00:00,18,6,0,dinner,extreme,4,2
5905,797,2026-02-09 14:00:00,9,0,0,lunch,clear,3,3
5906,797,2026-06-04 21:00:00,4,3,1,lunch,clear,2,1
5907,797,2026-05-14 12:00:00,14,3,0,breakfast,rain,6,1
5908,797,2026-04-05 11:00:00,5,6,1,breakfast,rain,12,2
5909,797,2026-03-22 12:00:00,22,6,0,breakfast,clear,9,1
5910,797,2026-03-06 08:00:00,6,4,1,breakfast,clear,14,1
5911,797,2026-04-28 07:00:00,28,1,1,late_night,extreme,13,2
5912,797,2026-03-04 21:00:00,4,2,1,breakfast,clear,11,3
5913,797,2026-03-19 05:00:00,19,3,0,lunch,clear,2,2
5914,798,2026-04-15 07:00:00,15,2,0,late_night,clear,11,1
5915,798,2026-04-12 04:00:00,12,6,0,lunch,clear,10,1
5916,798,2026-02-08 06:00:00,8,6,0,dinner,extreme,2,1
5917,798,2026-06-15 12:00:00,15,0,0,breakfast,clear,3,4
5918,798,2026-03-22 20:00:00,22,6,0,breakfast,rain,7,1
5919,798,2026-06-20 14:00:00,20,5,0,lunch,clear,6,2
5920,798,2026-03-10 02:00:00,10,1,0,late_night,clear,13,2
5921,798,2026-03-29 22:00:00,29,6,1,dinner,extreme,5,2
5922,798,2026-06-29 17:00:00,29,0,1,late_night,clear,2,1
5923,798,2026-05-31 21:00:00,31,6,1,lunch,clear,7,1
5924,799,2026-06-23 05:00:00,23,1,0,dinner,clear,13,1
5925,799,2026-05-18 00:00:00,18,0,0,late_night,clear,3,1
5926,799,2026-02-17 09:00:00,17,1,0,dinner,rain,6,4
5927,799,2026-02-28 04:00:00,28,5,1,dinner,rain,2,1
5928,799,2026-01-23 04:00:00,23,4,0,late_night,clear,3,2
5929,799,2026-05-21 18:00:00,21,3,0,lunch,rain,2,1
5930,799,2026-03-21 08:00:00,21,5,0,dinner,clear,3,1
5931,799,2026-06-13 12:00:00,13,5,0,late_night,clear,14,4
5932,799,2026-05-01 01:00:00,1,4,1,late_night,rain,11,2
5933,799,2026-05-18 12:00:00,18,0,0,breakfast,clear,11,1
5934,799,2026-04-15 23:00:00,15,2,0,dinner,clear,8,2
5935,800,2026-01-28 20:00:00,28,2,1,breakfast,clear,6,2
5936,800,2026-01-02 08:00:00,2,4,1,breakfast,clear,10,2
5937,800,2026-04-08 21:00:00,8,2,0,dinner,clear,4,3
5938,800,2026-03-14 14:00:00,14,5,0,breakfast,clear,6,1
5939,800,2026-01-06 11:00:00,6,1,1,lunch,clear,14,4
5940,800,2026-05-20 17:00:00,20,2,0,dinner,extreme,6,1
5941,800,2026-04-26 22:00:00,26,6,1,dinner,clear,10,1
5942,800,2026-06-08 22:00:00,8,0,0,dinner,clear,12,3
5943,800,2026-01-10 13:00:00,10,5,0,lunch,clear,11,1
5944,800,2026-05-20 05:00:00,20,2,0,dinner,clear,11,3
5945,800,2026-03-01 12:00:00,1,6,1,lunch,rain,2,2
5946,801,2026-04-28 04:00:00,28,1,1,late_night,rain,13,1
5947,801,2026-05-19 00:00:00,19,1,0,late_night,clear,7,2
5948,801,2026-03-22 20:00:00,22,6,0,late_night,clear,3,1
5949,801,2026-03-29 20:00:00,29,6,1,dinner,clear,7,1
5950,801,2026-01-12 10:00:00,12,0,0,lunch,rain,2,1
5951,801,2026-03-20 18:00:00,20,4,0,lunch,clear,3,3
5952,801,2026-06-14 06:00:00,14,6,0,lunch,clear,5,1
5953,801,2026-06-24 11:00:00,24,2,0,late_night,rain,12,4
5954,801,2026-06-14 09:00:00,14,6,0,breakfast,clear,1,1
5955,801,2026-01-30 04:00:00,30,4,1,late_night,rain,4,2
5956,801,2026-03-24 21:00:00,24,1,0,breakfast,clear,13,2
5957,801,2026-01-01 12:00:00,1,3,1,lunch,clear,2,1
5958,802,2026-01-15 17:00:00,15,3,0,breakfast,clear,6,1
5959,802,2026-01-06 18:00:00,6,1,1,breakfast,clear,2,1
5960,802,2026-01-27 22:00:00,27,1,1,late_night,clear,9,2
5961,802,2026-05-16 21:00:00,16,5,0,late_night,clear,10,1
5962,802,2026-04-20 14:00:00,20,0,0,late_night,clear,1,4
5963,803,2026-05-08 21:00:00,8,4,0,breakfast,clear,14,2
5964,803,2026-06-11 04:00:00,11,3,0,dinner,clear,14,3
5965,803,2026-04-17 00:00:00,17,4,0,lunch,rain,11,1
5966,803,2026-04-26 20:00:00,26,6,1,breakfast,rain,5,1
5967,803,2026-02-28 14:00:00,28,5,1,lunch,clear,1,1
5968,804,2026-06-25 11:00:00,25,3,1,lunch,clear,12,1
5969,805,2026-04-05 14:00:00,5,6,1,late_night,rain,11,1
5970,805,2026-01-09 09:00:00,9,4,0,breakfast,clear,2,2
5971,805,2026-02-19 09:00:00,19,3,0,late_night,rain,5,1
5972,805,2026-03-02 05:00:00,2,0,1,dinner,clear,9,3
5973,805,2026-04-10 18:00:00,10,4,0,lunch,clear,3,2
5974,805,2026-04-13 19:00:00,13,0,0,lunch,clear,9,2
5975,805,2026-06-24 11:00:00,24,2,0,dinner,clear,14,1
5976,806,2026-05-14 06:00:00,14,3,0,lunch,clear,6,1
5977,806,2026-05-31 09:00:00,31,6,1,lunch,clear,4,2
5978,806,2026-05-18 08:00:00,18,0,0,late_night,extreme,1,1
5979,806,2026-03-17 08:00:00,17,1,0,breakfast,rain,11,2
5980,806,2026-06-12 05:00:00,12,4,0,lunch,clear,10,2
5981,806,2026-05-05 09:00:00,5,1,1,late_night,clear,2,1
5982,806,2026-06-27 14:00:00,27,5,1,late_night,rain,5,1
5983,806,2026-06-05 00:00:00,5,4,1,dinner,rain,9,1
5984,806,2026-02-05 17:00:00,5,3,1,breakfast,clear,11,1
5985,806,2026-02-19 15:00:00,19,3,0,lunch,clear,7,1
5986,806,2026-05-11 11:00:00,11,0,0,dinner,clear,11,1
5987,806,2026-03-02 04:00:00,2,0,1,dinner,clear,5,3
5988,806,2026-03-25 00:00:00,25,2,1,breakfast,rain,11,1
5989,807,2026-02-04 20:00:00,4,2,1,breakfast,clear,7,1
5990,807,2026-03-01 07:00:00,1,6,1,lunch,clear,10,1
5991,807,2026-06-08 16:00:00,8,0,0,late_night,clear,3,2
5992,807,2026-03-30 16:00:00,30,0,1,dinner,rain,7,1
5993,808,2026-03-23 11:00:00,23,0,0,late_night,extreme,6,4
5994,808,2026-04-24 06:00:00,24,4,0,lunch,clear,10,2
5995,808,2026-04-29 07:00:00,29,2,1,breakfast,clear,11,2
5996,808,2026-03-15 10:00:00,15,6,0,lunch,clear,11,3
5997,808,2026-03-03 15:00:00,3,1,1,breakfast,clear,6,1
5998,808,2026-05-02 14:00:00,2,5,1,lunch,rain,1,2
5999,808,2026-06-28 06:00:00,28,6,1,dinner,extreme,2,2
6000,808,2026-02-22 16:00:00,22,6,0,breakfast,clear,9,3
6001,808,2026-01-13 11:00:00,13,1,0,dinner,clear,4,3
6002,808,2026-05-06 18:00:00,6,2,1,late_night,clear,10,1
6003,809,2026-05-30 22:00:00,30,5,1,late_night,rain,9,1
6004,810,2026-04-13 14:00:00,13,0,0,lunch,clear,8,1
6005,810,2026-05-20 23:00:00,20,2,0,late_night,clear,14,1
6006,810,2026-01-11 20:00:00,11,6,0,lunch,clear,12,1
6007,810,2026-04-27 04:00:00,27,0,1,lunch,clear,5,1
6008,810,2026-06-20 03:00:00,20,5,0,lunch,clear,8,3
6009,810,2026-04-19 02:00:00,19,6,0,late_night,clear,7,2
6010,810,2026-05-06 07:00:00,6,2,1,lunch,clear,2,1
6011,810,2026-05-30 05:00:00,30,5,1,lunch,rain,14,2
6012,810,2026-05-05 22:00:00,5,1,1,breakfast,clear,11,4
6013,810,2026-05-02 15:00:00,2,5,1,late_night,clear,2,1
6014,810,2026-05-16 08:00:00,16,5,0,late_night,clear,1,1
6015,810,2026-01-21 08:00:00,21,2,0,breakfast,clear,7,5
6016,810,2026-04-03 10:00:00,3,4,1,breakfast,rain,13,1
6017,810,2026-01-13 01:00:00,13,1,0,late_night,clear,12,1
6018,811,2026-06-06 14:00:00,6,5,1,dinner,clear,12,2
6019,811,2026-02-22 21:00:00,22,6,0,breakfast,rain,11,3
6020,811,2026-03-24 07:00:00,24,1,0,dinner,extreme,1,1
6021,811,2026-06-04 05:00:00,4,3,1,lunch,extreme,5,1
6022,811,2026-01-28 22:00:00,28,2,1,dinner,clear,7,1
6023,811,2026-01-17 03:00:00,17,5,0,lunch,rain,3,1
6024,811,2026-04-13 05:00:00,13,0,0,breakfast,clear,7,1
6025,811,2026-02-02 08:00:00,2,0,1,breakfast,clear,9,1
6026,811,2026-06-09 13:00:00,9,1,0,lunch,clear,7,1
6027,811,2026-02-19 02:00:00,19,3,0,dinner,extreme,8,1
6028,811,2026-02-10 13:00:00,10,1,0,dinner,clear,12,1
6029,811,2026-01-21 23:00:00,21,2,0,dinner,clear,5,3
6030,812,2026-04-16 04:00:00,16,3,0,lunch,clear,7,1
6031,812,2026-01-12 17:00:00,12,0,0,late_night,clear,5,1
6032,812,2026-06-19 05:00:00,19,4,0,late_night,clear,3,1
6033,812,2026-03-29 16:00:00,29,6,1,dinner,rain,9,1
6034,812,2026-02-03 21:00:00,3,1,1,breakfast,clear,8,5
6035,812,2026-01-18 12:00:00,18,6,0,dinner,clear,13,3
6036,812,2026-01-14 22:00:00,14,2,0,dinner,clear,3,3
6037,812,2026-03-21 08:00:00,21,5,0,dinner,clear,10,1
6038,812,2026-06-27 15:00:00,27,5,1,dinner,clear,7,2
6039,813,2026-06-17 10:00:00,17,2,0,breakfast,clear,11,4
6040,813,2026-03-24 03:00:00,24,1,0,late_night,clear,3,2
6041,813,2026-05-31 15:00:00,31,6,1,lunch,clear,10,2
6042,813,2026-01-31 10:00:00,31,5,1,lunch,clear,10,2
6043,814,2026-02-04 23:00:00,4,2,1,dinner,clear,4,3
6044,814,2026-04-23 18:00:00,23,3,0,breakfast,clear,3,1
6045,814,2026-01-20 16:00:00,20,1,0,breakfast,clear,4,3
6046,814,2026-02-03 00:00:00,3,1,1,late_night,clear,9,1
6047,814,2026-04-18 01:00:00,18,5,0,breakfast,clear,3,1
6048,814,2026-03-05 10:00:00,5,3,1,lunch,extreme,1,1
6049,814,2026-03-17 10:00:00,17,1,0,dinner,clear,13,1
6050,814,2026-06-05 13:00:00,5,4,1,breakfast,clear,4,1
6051,814,2026-05-20 16:00:00,20,2,0,lunch,clear,10,1
6052,814,2026-04-10 04:00:00,10,4,0,breakfast,clear,6,2
6053,814,2026-02-02 01:00:00,2,0,1,breakfast,rain,6,1
6054,814,2026-03-02 18:00:00,2,0,1,breakfast,clear,5,2
6055,814,2026-02-15 12:00:00,15,6,0,lunch,clear,3,1
6056,815,2026-05-16 21:00:00,16,5,0,late_night,clear,2,1
6057,815,2026-02-17 17:00:00,17,1,0,lunch,clear,13,2
6058,815,2026-03-22 10:00:00,22,6,0,breakfast,rain,14,4
6059,815,2026-05-19 04:00:00,19,1,0,dinner,clear,1,1
6060,815,2026-04-15 07:00:00,15,2,0,lunch,rain,11,4
6061,815,2026-06-09 12:00:00,9,1,0,dinner,clear,13,2
6062,815,2026-05-30 16:00:00,30,5,1,breakfast,clear,11,2
6063,815,2026-04-23 15:00:00,23,3,0,lunch,extreme,13,1
6064,815,2026-02-01 22:00:00,1,6,1,lunch,clear,1,2
6065,815,2026-03-25 08:00:00,25,2,1,breakfast,clear,3,4
6066,815,2026-04-01 03:00:00,1,2,1,late_night,rain,12,1
6067,815,2026-06-07 17:00:00,7,6,1,dinner,rain,6,4
6068,816,2026-06-17 01:00:00,17,2,0,late_night,clear,6,1
6069,816,2026-05-23 13:00:00,23,5,0,lunch,rain,14,1
6070,816,2026-04-04 20:00:00,4,5,1,late_night,clear,9,2
6071,816,2026-06-06 01:00:00,6,5,1,dinner,clear,6,5
6072,816,2026-03-05 03:00:00,5,3,1,late_night,clear,12,1
6073,816,2026-03-30 21:00:00,30,0,1,late_night,clear,6,3
6074,816,2026-05-10 04:00:00,10,6,0,lunch,clear,5,1
6075,816,2026-05-02 10:00:00,2,5,1,dinner,rain,11,1
6076,816,2026-03-26 06:00:00,26,3,1,dinner,clear,11,2
6077,816,2026-05-20 22:00:00,20,2,0,dinner,rain,4,1
6078,816,2026-05-30 05:00:00,30,5,1,dinner,clear,11,1
6079,816,2026-04-15 10:00:00,15,2,0,breakfast,clear,6,1
6080,817,2026-03-07 19:00:00,7,5,1,dinner,clear,13,2
6081,817,2026-01-30 07:00:00,30,4,1,late_night,rain,6,2
6082,817,2026-01-29 02:00:00,29,3,1,breakfast,clear,3,1
6083,818,2026-02-28 22:00:00,28,5,1,late_night,clear,5,1
6084,818,2026-04-05 13:00:00,5,6,1,dinner,clear,9,1
6085,818,2026-04-24 18:00:00,24,4,0,late_night,clear,11,4
6086,818,2026-06-25 01:00:00,25,3,1,lunch,clear,13,4
6087,818,2026-05-20 11:00:00,20,2,0,dinner,extreme,11,3
6088,818,2026-02-02 02:00:00,2,0,1,breakfast,clear,11,1
6089,818,2026-02-04 17:00:00,4,2,1,dinner,clear,7,2
6090,818,2026-03-07 19:00:00,7,5,1,breakfast,clear,7,1
6091,818,2026-05-06 16:00:00,6,2,1,breakfast,clear,14,1
6092,818,2026-06-28 15:00:00,28,6,1,dinner,clear,7,1
6093,818,2026-02-02 14:00:00,2,0,1,lunch,clear,6,2
6094,818,2026-06-24 08:00:00,24,2,0,late_night,clear,9,4
6095,818,2026-01-30 23:00:00,30,4,1,breakfast,clear,10,4
6096,819,2026-03-02 09:00:00,2,0,1,dinner,extreme,1,1
6097,819,2026-04-20 03:00:00,20,0,0,breakfast,rain,2,1
6098,819,2026-01-16 10:00:00,16,4,0,breakfast,clear,5,1
6099,819,2026-06-10 10:00:00,10,2,0,dinner,clear,11,2
6100,819,2026-04-22 03:00:00,22,2,0,dinner,rain,14,1
6101,819,2026-01-20 00:00:00,20,1,0,late_night,clear,7,1
6102,819,2026-06-26 18:00:00,26,4,1,lunch,clear,13,3
6103,819,2026-02-21 00:00:00,21,5,0,dinner,clear,3,2
6104,819,2026-05-21 11:00:00,21,3,0,dinner,clear,1,1
6105,819,2026-06-02 01:00:00,2,1,1,late_night,clear,8,4
6106,819,2026-06-20 12:00:00,20,5,0,breakfast,clear,13,1
6107,819,2026-04-28 10:00:00,28,1,1,dinner,clear,9,1
6108,820,2026-05-19 02:00:00,19,1,0,breakfast,clear,7,3
6109,820,2026-04-08 00:00:00,8,2,0,late_night,clear,10,4
6110,820,2026-01-12 21:00:00,12,0,0,lunch,clear,12,1
6111,820,2026-01-11 00:00:00,11,6,0,late_night,extreme,13,1
6112,820,2026-04-12 11:00:00,12,6,0,late_night,clear,9,1
6113,820,2026-03-06 14:00:00,6,4,1,lunch,clear,12,1
6114,820,2026-03-14 06:00:00,14,5,0,dinner,clear,2,1
6115,820,2026-04-28 03:00:00,28,1,1,breakfast,extreme,5,3
6116,820,2026-03-06 14:00:00,6,4,1,lunch,rain,1,1
6117,820,2026-01-06 21:00:00,6,1,1,lunch,clear,9,1
6118,820,2026-02-12 17:00:00,12,3,0,late_night,clear,2,1
6119,820,2026-04-24 21:00:00,24,4,0,late_night,clear,11,2
6120,820,2026-02-11 11:00:00,11,2,0,dinner,clear,2,1
6121,820,2026-06-01 05:00:00,1,0,1,breakfast,clear,14,2
6122,821,2026-06-25 02:00:00,25,3,1,breakfast,clear,7,1
6123,821,2026-05-07 04:00:00,7,3,1,late_night,clear,9,1
6124,822,2026-06-02 11:00:00,2,1,1,late_night,clear,13,2
6125,822,2026-05-28 09:00:00,28,3,1,dinner,clear,9,2
6126,822,2026-05-20 14:00:00,20,2,0,breakfast,clear,9,1
6127,822,2026-05-21 10:00:00,21,3,0,dinner,extreme,10,1
6128,822,2026-05-01 22:00:00,1,4,1,late_night,clear,13,2
6129,822,2026-01-18 06:00:00,18,6,0,breakfast,rain,7,1
6130,822,2026-05-24 21:00:00,24,6,0,lunch,clear,8,1
6131,822,2026-02-02 05:00:00,2,0,1,breakfast,clear,6,1
6132,822,2026-05-21 14:00:00,21,3,0,late_night,rain,1,1
6133,822,2026-03-08 21:00:00,8,6,0,lunch,clear,7,3
6134,822,2026-03-31 22:00:00,31,1,1,breakfast,clear,9,1
6135,822,2026-04-10 20:00:00,10,4,0,lunch,clear,2,3
6136,822,2026-05-12 04:00:00,12,1,0,breakfast,extreme,10,1
6137,823,2026-06-18 02:00:00,18,3,0,late_night,clear,9,1
6138,824,2026-06-21 13:00:00,21,6,0,breakfast,clear,1,2
6139,824,2026-06-20 21:00:00,20,5,0,dinner,clear,3,1
6140,824,2026-06-09 19:00:00,9,1,0,lunch,clear,6,3
6141,824,2026-01-20 02:00:00,20,1,0,breakfast,clear,8,4
6142,824,2026-03-29 10:00:00,29,6,1,late_night,clear,10,1
6143,824,2026-04-18 10:00:00,18,5,0,lunch,extreme,5,2
6144,824,2026-04-29 13:00:00,29,2,1,dinner,clear,2,1
6145,824,2026-02-13 16:00:00,13,4,0,breakfast,rain,11,1
6146,825,2026-06-07 17:00:00,7,6,1,lunch,clear,3,3
6147,825,2026-03-06 21:00:00,6,4,1,lunch,clear,3,1
6148,825,2026-06-27 15:00:00,27,5,1,late_night,rain,1,1
6149,826,2026-04-12 01:00:00,12,6,0,lunch,rain,4,1
6150,826,2026-06-04 05:00:00,4,3,1,late_night,clear,1,1
6151,826,2026-05-23 16:00:00,23,5,0,late_night,clear,13,1
6152,826,2026-04-12 14:00:00,12,6,0,breakfast,clear,3,2
6153,826,2026-02-11 00:00:00,11,2,0,lunch,rain,13,1
6154,826,2026-06-06 08:00:00,6,5,1,lunch,clear,4,2
6155,826,2026-01-13 19:00:00,13,1,0,late_night,clear,3,1
6156,826,2026-02-16 02:00:00,16,0,0,late_night,clear,5,3
6157,827,2026-01-20 17:00:00,20,1,0,breakfast,clear,7,1
6158,827,2026-01-25 13:00:00,25,6,1,late_night,rain,9,1
6159,827,2026-01-24 12:00:00,24,5,0,late_night,clear,4,1
6160,827,2026-03-21 21:00:00,21,5,0,dinner,clear,9,4
6161,828,2026-04-18 11:00:00,18,5,0,lunch,clear,12,1
6162,828,2026-01-11 22:00:00,11,6,0,dinner,clear,14,5
6163,828,2026-03-22 23:00:00,22,6,0,lunch,clear,5,1
6164,828,2026-01-28 00:00:00,28,2,1,dinner,clear,3,3
6165,828,2026-04-30 07:00:00,30,3,1,late_night,extreme,11,1
6166,828,2026-01-19 20:00:00,19,0,0,late_night,clear,6,2
6167,828,2026-01-20 15:00:00,20,1,0,late_night,clear,10,1
6168,828,2026-02-21 09:00:00,21,5,0,lunch,extreme,13,1
6169,829,2026-05-08 20:00:00,8,4,0,lunch,rain,12,1
6170,829,2026-02-16 06:00:00,16,0,0,lunch,rain,4,4
6171,829,2026-03-05 21:00:00,5,3,1,breakfast,clear,13,1
6172,829,2026-02-12 11:00:00,12,3,0,dinner,clear,13,5
6173,829,2026-03-24 21:00:00,24,1,0,late_night,clear,6,1
6174,829,2026-05-15 13:00:00,15,4,0,lunch,extreme,1,3
6175,829,2026-06-26 19:00:00,26,4,1,dinner,rain,1,1
6176,829,2026-01-26 15:00:00,26,0,1,dinner,clear,6,2
6177,829,2026-02-19 11:00:00,19,3,0,lunch,rain,2,1
6178,830,2026-01-09 22:00:00,9,4,0,lunch,rain,14,1
6179,830,2026-03-04 10:00:00,4,2,1,late_night,rain,8,2
6180,830,2026-05-30 06:00:00,30,5,1,lunch,clear,7,1
6181,830,2026-06-14 02:00:00,14,6,0,dinner,extreme,12,1
6182,830,2026-02-05 22:00:00,5,3,1,late_night,clear,12,1
6183,830,2026-01-19 11:00:00,19,0,0,late_night,clear,12,3
6184,830,2026-05-20 03:00:00,20,2,0,breakfast,rain,4,1
6185,831,2026-03-15 13:00:00,15,6,0,late_night,clear,1,4
6186,832,2026-01-01 21:00:00,1,3,1,breakfast,clear,6,1
6187,832,2026-06-27 05:00:00,27,5,1,late_night,clear,1,5
6188,832,2026-05-27 03:00:00,27,2,1,lunch,clear,14,1
6189,832,2026-06-24 03:00:00,24,2,0,breakfast,clear,7,2
6190,832,2026-04-06 05:00:00,6,0,1,lunch,clear,11,2
6191,832,2026-03-11 12:00:00,11,2,0,lunch,clear,12,1
6192,833,2026-06-12 03:00:00,12,4,0,late_night,rain,2,2
6193,833,2026-02-12 15:00:00,12,3,0,dinner,rain,4,1
6194,833,2026-04-24 06:00:00,24,4,0,lunch,clear,8,1
6195,834,2026-03-08 20:00:00,8,6,0,breakfast,rain,12,1
6196,834,2026-01-31 18:00:00,31,5,1,breakfast,clear,13,2
6197,834,2026-06-07 05:00:00,7,6,1,lunch,clear,5,4
6198,834,2026-02-10 16:00:00,10,1,0,late_night,rain,5,1
6199,834,2026-03-14 08:00:00,14,5,0,lunch,rain,5,3
6200,834,2026-03-13 07:00:00,13,4,0,dinner,clear,3,3
6201,834,2026-03-07 02:00:00,7,5,1,dinner,clear,7,2
6202,834,2026-03-26 06:00:00,26,3,1,dinner,clear,6,1
6203,835,2026-05-03 08:00:00,3,6,1,breakfast,clear,8,2
6204,835,2026-02-20 15:00:00,20,4,0,breakfast,rain,4,1
6205,835,2026-05-05 21:00:00,5,1,1,late_night,clear,13,1
6206,836,2026-04-05 04:00:00,5,6,1,lunch,clear,13,1
6207,836,2026-06-15 13:00:00,15,0,0,late_night,extreme,11,2
6208,837,2026-01-22 13:00:00,22,3,0,breakfast,extreme,7,1
6209,837,2026-05-18 11:00:00,18,0,0,late_night,clear,9,1
6210,837,2026-03-09 11:00:00,9,0,0,late_night,clear,13,3
6211,837,2026-01-23 11:00:00,23,4,0,lunch,clear,10,1
6212,837,2026-06-05 16:00:00,5,4,1,dinner,clear,6,1
6213,837,2026-06-03 12:00:00,3,2,1,lunch,rain,9,1
6214,837,2026-06-12 15:00:00,12,4,0,breakfast,clear,9,1
6215,837,2026-01-03 02:00:00,3,5,1,lunch,clear,11,2
6216,838,2026-06-12 05:00:00,12,4,0,late_night,clear,8,2
6217,838,2026-01-19 10:00:00,19,0,0,breakfast,clear,3,1
6218,838,2026-02-28 09:00:00,28,5,1,lunch,rain,6,2
6219,838,2026-04-24 15:00:00,24,4,0,late_night,clear,2,1
6220,838,2026-02-24 12:00:00,24,1,0,breakfast,clear,2,1
6221,838,2026-03-08 17:00:00,8,6,0,lunch,clear,6,1
6222,839,2026-03-22 13:00:00,22,6,0,late_night,clear,11,2
6223,839,2026-05-03 02:00:00,3,6,1,late_night,rain,5,2
6224,839,2026-03-14 15:00:00,14,5,0,lunch,rain,6,1
6225,839,2026-05-07 06:00:00,7,3,1,breakfast,extreme,14,2
6226,840,2026-05-19 20:00:00,19,1,0,late_night,clear,1,4
6227,840,2026-05-02 14:00:00,2,5,1,late_night,clear,11,1
6228,840,2026-03-08 02:00:00,8,6,0,breakfast,clear,3,4
6229,840,2026-04-13 20:00:00,13,0,0,breakfast,clear,11,1
6230,840,2026-01-01 05:00:00,1,3,1,dinner,clear,2,2
6231,840,2026-06-02 09:00:00,2,1,1,breakfast,rain,9,1
6232,840,2026-02-12 03:00:00,12,3,0,breakfast,clear,14,1
6233,840,2026-06-22 16:00:00,22,0,0,breakfast,rain,6,2
6234,841,2026-02-17 10:00:00,17,1,0,dinner,clear,12,1
6235,841,2026-05-02 15:00:00,2,5,1,breakfast,clear,12,1
6236,841,2026-05-23 09:00:00,23,5,0,dinner,rain,1,4
6237,841,2026-06-21 08:00:00,21,6,0,late_night,clear,6,1
6238,841,2026-02-17 15:00:00,17,1,0,breakfast,clear,11,2
6239,841,2026-04-05 04:00:00,5,6,1,late_night,clear,8,3
6240,841,2026-06-18 06:00:00,18,3,0,dinner,clear,14,2
6241,841,2026-04-22 17:00:00,22,2,0,late_night,clear,3,1
6242,841,2026-06-23 16:00:00,23,1,0,breakfast,rain,3,1
6243,841,2026-06-29 01:00:00,29,0,1,breakfast,clear,6,1
6244,841,2026-05-15 00:00:00,15,4,0,breakfast,clear,3,1
6245,842,2026-06-04 12:00:00,4,3,1,late_night,rain,1,2
6246,842,2026-03-19 23:00:00,19,3,0,breakfast,clear,13,1
6247,842,2026-06-07 10:00:00,7,6,1,lunch,clear,11,4
6248,842,2026-01-09 16:00:00,9,4,0,breakfast,clear,12,4
6249,842,2026-02-17 19:00:00,17,1,0,late_night,rain,7,4
6250,843,2026-06-20 00:00:00,20,5,0,late_night,rain,6,1
6251,843,2026-04-25 14:00:00,25,5,1,breakfast,clear,6,1
6252,843,2026-01-25 14:00:00,25,6,1,breakfast,clear,12,3
6253,843,2026-01-16 22:00:00,16,4,0,late_night,clear,11,4
6254,843,2026-04-04 04:00:00,4,5,1,lunch,clear,12,2
6255,843,2026-05-24 00:00:00,24,6,0,late_night,clear,6,1
6256,844,2026-05-24 13:00:00,24,6,0,breakfast,clear,1,2
6257,844,2026-05-18 17:00:00,18,0,0,lunch,extreme,7,1
6258,844,2026-02-26 01:00:00,26,3,1,lunch,rain,3,4
6259,844,2026-03-08 16:00:00,8,6,0,breakfast,clear,11,2
6260,844,2026-05-09 21:00:00,9,5,0,breakfast,clear,7,2
6261,844,2026-01-24 09:00:00,24,5,0,breakfast,clear,7,4
6262,844,2026-06-27 03:00:00,27,5,1,dinner,rain,4,1
6263,844,2026-01-26 16:00:00,26,0,1,dinner,clear,11,1
6264,844,2026-04-29 16:00:00,29,2,1,lunch,rain,1,2
6265,844,2026-06-20 20:00:00,20,5,0,breakfast,clear,11,2
6266,844,2026-03-10 04:00:00,10,1,0,late_night,clear,6,2
6267,844,2026-06-15 04:00:00,15,0,0,dinner,clear,10,1
6268,845,2026-03-13 10:00:00,13,4,0,breakfast,clear,8,1
6269,845,2026-04-08 04:00:00,8,2,0,late_night,clear,9,4
6270,845,2026-03-14 02:00:00,14,5,0,lunch,clear,5,3
6271,845,2026-03-26 22:00:00,26,3,1,lunch,clear,12,1
6272,845,2026-02-25 12:00:00,25,2,1,lunch,rain,5,1
6273,845,2026-05-08 03:00:00,8,4,0,breakfast,clear,13,2
6274,846,2026-06-27 11:00:00,27,5,1,breakfast,clear,12,2
6275,846,2026-06-13 23:00:00,13,5,0,lunch,clear,10,2
6276,846,2026-04-14 12:00:00,14,1,0,lunch,clear,13,4
6277,846,2026-05-13 11:00:00,13,2,0,lunch,rain,4,1
6278,846,2026-03-31 23:00:00,31,1,1,dinner,clear,13,3
6279,846,2026-06-07 21:00:00,7,6,1,lunch,rain,6,2
6280,846,2026-01-03 07:00:00,3,5,1,late_night,extreme,7,2
6281,847,2026-04-27 09:00:00,27,0,1,dinner,rain,7,3
6282,847,2026-03-02 10:00:00,2,0,1,dinner,extreme,12,1
6283,847,2026-04-10 14:00:00,10,4,0,breakfast,clear,9,3
6284,847,2026-04-12 21:00:00,12,6,0,late_night,clear,12,3
6285,847,2026-06-28 15:00:00,28,6,1,breakfast,clear,9,1
6286,847,2026-04-28 01:00:00,28,1,1,lunch,clear,3,3
6287,847,2026-06-22 08:00:00,22,0,0,breakfast,rain,1,4
6288,847,2026-01-27 02:00:00,27,1,1,dinner,clear,14,1
6289,847,2026-06-27 18:00:00,27,5,1,breakfast,clear,5,1
6290,847,2026-03-09 03:00:00,9,0,0,late_night,clear,6,1
6291,847,2026-05-20 08:00:00,20,2,0,lunch,clear,13,2
6292,847,2026-05-20 21:00:00,20,2,0,lunch,clear,9,2
6293,848,2026-02-15 01:00:00,15,6,0,lunch,extreme,9,1
6294,848,2026-01-16 05:00:00,16,4,0,breakfast,rain,7,1
6295,848,2026-01-07 03:00:00,7,2,1,lunch,clear,11,2
6296,848,2026-04-12 06:00:00,12,6,0,lunch,clear,14,4
6297,848,2026-03-08 02:00:00,8,6,0,late_night,clear,4,3
6298,848,2026-01-18 16:00:00,18,6,0,breakfast,extreme,8,1
6299,848,2026-02-19 08:00:00,19,3,0,lunch,clear,1,1
6300,849,2026-02-08 09:00:00,8,6,0,breakfast,clear,11,1
6301,849,2026-02-22 09:00:00,22,6,0,dinner,clear,3,2
6302,850,2026-02-07 23:00:00,7,5,1,late_night,rain,12,2
6303,850,2026-06-14 07:00:00,14,6,0,dinner,rain,9,1
6304,850,2026-01-19 22:00:00,19,0,0,dinner,clear,12,1
6305,850,2026-05-11 17:00:00,11,0,0,lunch,clear,14,1
6306,851,2026-04-25 06:00:00,25,5,1,lunch,clear,12,2
6307,851,2026-03-20 13:00:00,20,4,0,breakfast,clear,14,1
6308,851,2026-03-26 18:00:00,26,3,1,breakfast,clear,1,1
6309,851,2026-01-05 23:00:00,5,0,1,dinner,extreme,11,3
6310,851,2026-03-01 00:00:00,1,6,1,lunch,clear,13,5
6311,851,2026-03-27 08:00:00,27,4,1,dinner,clear,14,3
6312,851,2026-03-04 01:00:00,4,2,1,late_night,clear,9,5
6313,851,2026-01-24 23:00:00,24,5,0,dinner,clear,14,2
6314,852,2026-05-04 21:00:00,4,0,1,breakfast,clear,1,1
6315,852,2026-04-12 22:00:00,12,6,0,breakfast,clear,14,1
6316,852,2026-03-06 13:00:00,6,4,1,lunch,rain,10,2
6317,853,2026-05-03 12:00:00,3,6,1,late_night,clear,11,4
6318,853,2026-05-16 12:00:00,16,5,0,breakfast,clear,4,3
6319,854,2026-03-04 14:00:00,4,2,1,dinner,clear,9,1
6320,854,2026-03-01 04:00:00,1,6,1,breakfast,clear,1,5
6321,854,2026-03-26 19:00:00,26,3,1,dinner,clear,3,1
6322,854,2026-01-19 15:00:00,19,0,0,dinner,clear,1,2
6323,854,2026-04-26 14:00:00,26,6,1,dinner,clear,8,1
6324,854,2026-05-01 15:00:00,1,4,1,dinner,clear,4,1
6325,855,2026-05-07 17:00:00,7,3,1,breakfast,clear,8,3
6326,855,2026-02-27 05:00:00,27,4,1,late_night,clear,12,2
6327,855,2026-03-13 14:00:00,13,4,0,late_night,rain,14,1
6328,855,2026-01-13 00:00:00,13,1,0,breakfast,clear,13,2
6329,855,2026-05-03 05:00:00,3,6,1,lunch,clear,8,4
6330,855,2026-03-07 09:00:00,7,5,1,lunch,clear,8,2
6331,855,2026-06-20 14:00:00,20,5,0,breakfast,rain,8,3
6332,856,2026-04-02 14:00:00,2,3,1,breakfast,rain,13,2
6333,856,2026-03-22 20:00:00,22,6,0,breakfast,clear,4,1
6334,856,2026-03-07 04:00:00,7,5,1,lunch,clear,7,2
6335,856,2026-01-27 22:00:00,27,1,1,late_night,clear,6,4
6336,856,2026-06-14 02:00:00,14,6,0,lunch,extreme,6,1
6337,856,2026-04-20 21:00:00,20,0,0,breakfast,clear,6,3
6338,856,2026-02-15 23:00:00,15,6,0,lunch,clear,1,1
6339,856,2026-03-16 11:00:00,16,0,0,breakfast,clear,3,2
6340,856,2026-01-03 19:00:00,3,5,1,late_night,clear,14,5
6341,857,2026-02-24 06:00:00,24,1,0,late_night,rain,7,5
6342,857,2026-03-16 07:00:00,16,0,0,breakfast,rain,14,1
6343,857,2026-05-02 01:00:00,2,5,1,lunch,clear,4,4
6344,857,2026-02-13 07:00:00,13,4,0,breakfast,clear,12,1
6345,857,2026-04-09 07:00:00,9,3,0,breakfast,clear,8,1
6346,857,2026-06-15 04:00:00,15,0,0,breakfast,extreme,1,2
6347,857,2026-06-16 03:00:00,16,1,0,late_night,extreme,4,1
6348,857,2026-02-01 02:00:00,1,6,1,dinner,rain,3,1
6349,858,2026-05-19 00:00:00,19,1,0,late_night,rain,2,2
6350,858,2026-02-25 01:00:00,25,2,1,dinner,clear,10,1
6351,858,2026-02-27 20:00:00,27,4,1,dinner,rain,5,1
6352,858,2026-03-31 13:00:00,31,1,1,breakfast,clear,14,2
6353,858,2026-05-23 13:00:00,23,5,0,lunch,rain,10,2
6354,858,2026-04-15 18:00:00,15,2,0,breakfast,clear,5,1
6355,858,2026-03-08 12:00:00,8,6,0,dinner,clear,12,1
6356,858,2026-04-03 12:00:00,3,4,1,late_night,clear,2,1
6357,858,2026-05-17 14:00:00,17,6,0,lunch,clear,13,2
6358,858,2026-03-30 16:00:00,30,0,1,dinner,rain,14,1
6359,858,2026-06-24 10:00:00,24,2,0,breakfast,clear,2,3
6360,858,2026-01-15 08:00:00,15,3,0,late_night,clear,4,1
6361,859,2026-01-09 02:00:00,9,4,0,dinner,clear,11,2
6362,859,2026-01-05 08:00:00,5,0,1,late_night,clear,7,1
6363,859,2026-03-25 16:00:00,25,2,1,breakfast,clear,1,1
6364,859,2026-05-25 06:00:00,25,0,1,breakfast,clear,4,1
6365,859,2026-06-01 01:00:00,1,0,1,lunch,clear,14,4
6366,860,2026-03-03 19:00:00,3,1,1,breakfast,clear,2,1
6367,860,2026-03-04 02:00:00,4,2,1,lunch,clear,6,4
6368,860,2026-01-31 17:00:00,31,5,1,dinner,clear,2,4
6369,860,2026-03-08 19:00:00,8,6,0,dinner,rain,1,1
6370,860,2026-03-16 17:00:00,16,0,0,breakfast,clear,9,1
6371,860,2026-06-17 12:00:00,17,2,0,breakfast,clear,3,1
6372,860,2026-05-25 15:00:00,25,0,1,breakfast,clear,1,1
6373,860,2026-05-11 15:00:00,11,0,0,late_night,clear,7,1
6374,860,2026-05-25 03:00:00,25,0,1,breakfast,clear,13,2
6375,860,2026-04-06 22:00:00,6,0,1,late_night,clear,2,1
6376,860,2026-03-19 22:00:00,19,3,0,lunch,clear,5,1
6377,860,2026-02-05 23:00:00,5,3,1,breakfast,extreme,5,3
6378,860,2026-03-21 20:00:00,21,5,0,lunch,clear,3,1
6379,860,2026-02-03 11:00:00,3,1,1,dinner,extreme,3,1
6380,861,2026-06-04 10:00:00,4,3,1,breakfast,rain,9,1
6381,861,2026-05-24 13:00:00,24,6,0,dinner,clear,5,2
6382,861,2026-02-07 10:00:00,7,5,1,dinner,rain,13,2
6383,861,2026-05-31 18:00:00,31,6,1,lunch,extreme,12,1
6384,862,2026-03-13 23:00:00,13,4,0,lunch,rain,14,3
6385,862,2026-01-27 02:00:00,27,1,1,lunch,clear,4,1
6386,862,2026-05-12 18:00:00,12,1,0,late_night,clear,3,1
6387,862,2026-02-07 01:00:00,7,5,1,breakfast,rain,13,1
6388,862,2026-05-02 14:00:00,2,5,1,dinner,clear,9,1
6389,862,2026-02-15 04:00:00,15,6,0,dinner,rain,2,1
6390,862,2026-02-14 14:00:00,14,5,0,breakfast,clear,8,2
6391,862,2026-02-19 05:00:00,19,3,0,lunch,clear,10,1
6392,862,2026-05-31 19:00:00,31,6,1,breakfast,rain,11,1
6393,862,2026-05-27 18:00:00,27,2,1,dinner,clear,5,1
6394,862,2026-05-19 17:00:00,19,1,0,lunch,clear,4,1
6395,862,2026-04-17 11:00:00,17,4,0,breakfast,rain,5,1
6396,862,2026-05-06 15:00:00,6,2,1,breakfast,clear,5,1
6397,862,2026-04-20 04:00:00,20,0,0,breakfast,clear,13,3
6398,863,2026-02-22 12:00:00,22,6,0,breakfast,clear,14,3
6399,864,2026-04-10 14:00:00,10,4,0,late_night,clear,10,1
6400,864,2026-01-01 15:00:00,1,3,1,dinner,clear,9,2
6401,864,2026-01-06 15:00:00,6,1,1,breakfast,clear,6,2
6402,864,2026-01-13 08:00:00,13,1,0,lunch,rain,5,5
6403,864,2026-02-06 04:00:00,6,4,1,dinner,clear,6,1
6404,864,2026-03-26 06:00:00,26,3,1,breakfast,extreme,12,1
6405,865,2026-06-05 01:00:00,5,4,1,breakfast,clear,9,1
6406,865,2026-06-09 19:00:00,9,1,0,breakfast,clear,3,3
6407,865,2026-03-02 15:00:00,2,0,1,breakfast,clear,11,1
6408,865,2026-06-24 15:00:00,24,2,0,late_night,clear,1,4
6409,865,2026-04-04 12:00:00,4,5,1,late_night,clear,2,1
6410,865,2026-05-02 16:00:00,2,5,1,breakfast,clear,5,1
6411,866,2026-04-12 22:00:00,12,6,0,breakfast,clear,4,2
6412,866,2026-04-14 12:00:00,14,1,0,breakfast,clear,6,1
6413,866,2026-06-11 11:00:00,11,3,0,lunch,rain,14,1
6414,866,2026-02-15 21:00:00,15,6,0,late_night,clear,13,4
6415,866,2026-05-20 11:00:00,20,2,0,dinner,clear,14,1
6416,866,2026-04-13 03:00:00,13,0,0,late_night,clear,7,2
6417,866,2026-06-22 07:00:00,22,0,0,dinner,clear,1,2
6418,866,2026-05-10 03:00:00,10,6,0,dinner,rain,3,1
6419,867,2026-01-02 23:00:00,2,4,1,late_night,clear,1,1
6420,867,2026-06-10 05:00:00,10,2,0,late_night,clear,12,4
6421,867,2026-05-15 11:00:00,15,4,0,lunch,clear,2,2
6422,867,2026-03-22 04:00:00,22,6,0,dinner,rain,4,1
6423,867,2026-02-18 06:00:00,18,2,0,breakfast,clear,12,1
6424,867,2026-03-02 10:00:00,2,0,1,breakfast,clear,2,2
6425,867,2026-04-04 02:00:00,4,5,1,late_night,clear,11,1
6426,867,2026-04-29 16:00:00,29,2,1,late_night,clear,6,1
6427,867,2026-02-02 11:00:00,2,0,1,dinner,rain,13,2
6428,867,2026-01-15 01:00:00,15,3,0,breakfast,extreme,11,3
6429,867,2026-06-23 20:00:00,23,1,0,late_night,extreme,8,1
6430,868,2026-03-10 03:00:00,10,1,0,late_night,clear,7,2
6431,868,2026-02-22 01:00:00,22,6,0,lunch,rain,13,4
6432,868,2026-06-01 00:00:00,1,0,1,lunch,clear,12,1
6433,868,2026-05-13 18:00:00,13,2,0,lunch,rain,2,3
6434,868,2026-04-01 13:00:00,1,2,1,dinner,rain,6,2
6435,869,2026-01-06 06:00:00,6,1,1,lunch,clear,10,3
6436,869,2026-06-04 16:00:00,4,3,1,dinner,clear,12,1
6437,869,2026-04-20 18:00:00,20,0,0,lunch,extreme,3,1
6438,869,2026-06-29 12:00:00,29,0,1,late_night,clear,9,2
6439,869,2026-02-04 14:00:00,4,2,1,dinner,rain,4,1
6440,869,2026-01-20 01:00:00,20,1,0,dinner,clear,7,1
6441,869,2026-02-21 14:00:00,21,5,0,dinner,clear,6,1
6442,869,2026-04-12 08:00:00,12,6,0,lunch,clear,12,1
6443,869,2026-01-09 17:00:00,9,4,0,late_night,rain,9,2
6444,869,2026-04-07 12:00:00,7,1,1,late_night,extreme,11,1
6445,869,2026-06-29 09:00:00,29,0,1,dinner,rain,4,1
6446,870,2026-03-07 03:00:00,7,5,1,dinner,clear,6,1
6447,870,2026-04-23 11:00:00,23,3,0,breakfast,extreme,3,1
6448,871,2026-04-03 01:00:00,3,4,1,lunch,clear,14,5
6449,871,2026-03-12 23:00:00,12,3,0,dinner,clear,9,1
6450,871,2026-05-31 03:00:00,31,6,1,breakfast,clear,7,2
6451,871,2026-01-25 10:00:00,25,6,1,lunch,clear,6,1
6452,871,2026-04-28 13:00:00,28,1,1,late_night,extreme,10,1
6453,872,2026-02-15 01:00:00,15,6,0,late_night,rain,7,1
6454,872,2026-05-11 04:00:00,11,0,0,dinner,clear,11,1
6455,872,2026-04-29 04:00:00,29,2,1,lunch,clear,1,1
6456,872,2026-01-18 02:00:00,18,6,0,late_night,rain,5,1
6457,873,2026-05-24 23:00:00,24,6,0,lunch,clear,8,2
6458,873,2026-06-25 21:00:00,25,3,1,breakfast,rain,5,2
6459,873,2026-04-10 15:00:00,10,4,0,breakfast,clear,10,1
6460,873,2026-06-13 23:00:00,13,5,0,dinner,clear,13,2
6461,873,2026-04-06 01:00:00,6,0,1,breakfast,extreme,13,1
6462,873,2026-01-10 23:00:00,10,5,0,late_night,clear,5,4
6463,874,2026-04-08 01:00:00,8,2,0,lunch,extreme,6,2
6464,874,2026-05-24 08:00:00,24,6,0,late_night,rain,14,5
6465,874,2026-05-05 14:00:00,5,1,1,late_night,extreme,1,3
6466,874,2026-03-05 13:00:00,5,3,1,breakfast,rain,3,2
6467,874,2026-06-22 00:00:00,22,0,0,breakfast,extreme,7,2
6468,874,2026-01-01 17:00:00,1,3,1,late_night,clear,10,2
6469,874,2026-01-26 04:00:00,26,0,1,dinner,rain,5,1
6470,875,2026-03-17 18:00:00,17,1,0,breakfast,extreme,13,2
6471,875,2026-02-18 07:00:00,18,2,0,lunch,clear,6,5
6472,875,2026-01-31 06:00:00,31,5,1,lunch,clear,1,2
6473,875,2026-02-04 08:00:00,4,2,1,breakfast,clear,9,2
6474,875,2026-04-01 20:00:00,1,2,1,breakfast,clear,5,4
6475,876,2026-05-19 19:00:00,19,1,0,lunch,clear,2,4
6476,877,2026-02-13 18:00:00,13,4,0,breakfast,clear,6,2
6477,877,2026-01-25 00:00:00,25,6,1,late_night,clear,3,1
6478,877,2026-06-29 19:00:00,29,0,1,late_night,clear,9,4
6479,877,2026-06-12 04:00:00,12,4,0,lunch,clear,12,1
6480,877,2026-02-24 09:00:00,24,1,0,late_night,clear,5,2
6481,877,2026-04-25 15:00:00,25,5,1,lunch,clear,5,2
6482,877,2026-02-20 00:00:00,20,4,0,dinner,rain,2,2
6483,877,2026-01-28 22:00:00,28,2,1,breakfast,clear,3,1
6484,877,2026-05-23 23:00:00,23,5,0,breakfast,rain,1,1
6485,877,2026-01-20 10:00:00,20,1,0,lunch,clear,14,1
6486,877,2026-01-01 02:00:00,1,3,1,breakfast,clear,6,3
6487,878,2026-03-31 02:00:00,31,1,1,dinner,clear,5,1
6488,878,2026-03-19 12:00:00,19,3,0,breakfast,rain,7,1
6489,879,2026-01-11 13:00:00,11,6,0,breakfast,clear,10,2
6490,879,2026-01-19 13:00:00,19,0,0,late_night,clear,7,1
6491,879,2026-03-06 22:00:00,6,4,1,breakfast,rain,14,3
6492,879,2026-02-28 16:00:00,28,5,1,late_night,clear,10,3
6493,880,2026-06-25 14:00:00,25,3,1,breakfast,clear,12,2
6494,880,2026-04-28 09:00:00,28,1,1,lunch,clear,14,1
6495,880,2026-04-26 16:00:00,26,6,1,late_night,rain,11,1
6496,880,2026-01-21 17:00:00,21,2,0,late_night,rain,8,1
6497,880,2026-05-04 07:00:00,4,0,1,late_night,clear,1,2
6498,880,2026-05-10 00:00:00,10,6,0,breakfast,clear,13,1
6499,880,2026-03-19 21:00:00,19,3,0,dinner,clear,3,1
6500,880,2026-01-19 12:00:00,19,0,0,late_night,rain,5,1
6501,880,2026-01-10 06:00:00,10,5,0,late_night,extreme,9,3
6502,880,2026-01-23 03:00:00,23,4,0,late_night,clear,13,1
6503,880,2026-01-04 12:00:00,4,6,1,late_night,clear,11,2
6504,880,2026-03-24 04:00:00,24,1,0,lunch,extreme,5,1
6505,880,2026-06-13 17:00:00,13,5,0,lunch,clear,2,1
6506,881,2026-05-07 18:00:00,7,3,1,breakfast,clear,13,1
6507,881,2026-02-15 16:00:00,15,6,0,dinner,clear,9,2
6508,881,2026-06-10 14:00:00,10,2,0,lunch,clear,2,1
6509,881,2026-04-25 22:00:00,25,5,1,breakfast,clear,11,1
6510,881,2026-04-30 08:00:00,30,3,1,dinner,clear,11,1
6511,881,2026-05-12 02:00:00,12,1,0,dinner,clear,1,1
6512,881,2026-01-28 21:00:00,28,2,1,late_night,rain,12,2
6513,881,2026-03-08 19:00:00,8,6,0,late_night,clear,8,1
6514,881,2026-04-02 07:00:00,2,3,1,breakfast,clear,6,2
6515,881,2026-06-15 00:00:00,15,0,0,dinner,clear,6,2
6516,881,2026-03-16 00:00:00,16,0,0,dinner,clear,10,1
6517,881,2026-01-27 05:00:00,27,1,1,late_night,rain,8,1
6518,882,2026-01-09 18:00:00,9,4,0,breakfast,rain,6,2
6519,882,2026-03-10 22:00:00,10,1,0,breakfast,clear,1,2
6520,882,2026-05-12 06:00:00,12,1,0,breakfast,clear,11,2
6521,882,2026-01-12 16:00:00,12,0,0,breakfast,extreme,13,5
6522,882,2026-05-22 16:00:00,22,4,0,breakfast,clear,9,2
6523,882,2026-02-25 19:00:00,25,2,1,lunch,rain,5,1
6524,882,2026-05-28 02:00:00,28,3,1,breakfast,clear,12,1
6525,883,2026-03-13 17:00:00,13,4,0,lunch,clear,6,2
6526,883,2026-01-16 11:00:00,16,4,0,lunch,clear,7,1
6527,883,2026-01-06 02:00:00,6,1,1,lunch,clear,8,2
6528,883,2026-06-12 16:00:00,12,4,0,late_night,rain,14,1
6529,883,2026-02-05 07:00:00,5,3,1,dinner,clear,11,1
6530,883,2026-06-20 23:00:00,20,5,0,dinner,clear,5,1
6531,883,2026-01-15 09:00:00,15,3,0,breakfast,clear,2,1
6532,883,2026-02-02 00:00:00,2,0,1,dinner,rain,1,1
6533,883,2026-01-06 18:00:00,6,1,1,breakfast,extreme,12,2
6534,883,2026-03-17 22:00:00,17,1,0,lunch,rain,13,4
6535,883,2026-03-30 14:00:00,30,0,1,lunch,rain,5,1
6536,883,2026-01-16 07:00:00,16,4,0,dinner,clear,12,1
6537,883,2026-01-11 15:00:00,11,6,0,lunch,clear,1,4
6538,883,2026-01-30 12:00:00,30,4,1,lunch,extreme,11,2
6539,884,2026-03-20 16:00:00,20,4,0,late_night,clear,4,1
6540,884,2026-03-13 21:00:00,13,4,0,dinner,clear,13,1
6541,884,2026-02-24 07:00:00,24,1,0,late_night,clear,5,2
6542,884,2026-06-21 18:00:00,21,6,0,lunch,clear,5,1
6543,884,2026-05-31 15:00:00,31,6,1,dinner,clear,5,1
6544,884,2026-04-07 10:00:00,7,1,1,lunch,clear,10,1
6545,885,2026-04-21 16:00:00,21,1,0,dinner,clear,7,2
6546,885,2026-06-03 19:00:00,3,2,1,late_night,extreme,4,1
6547,885,2026-05-02 12:00:00,2,5,1,dinner,clear,6,1
6548,885,2026-02-02 12:00:00,2,0,1,breakfast,clear,14,5
6549,885,2026-04-17 07:00:00,17,4,0,dinner,clear,1,5
6550,885,2026-05-31 01:00:00,31,6,1,lunch,rain,11,1
6551,885,2026-05-14 16:00:00,14,3,0,breakfast,clear,13,1
6552,885,2026-06-23 03:00:00,23,1,0,late_night,clear,2,2
6553,885,2026-04-08 09:00:00,8,2,0,breakfast,clear,3,1
6554,885,2026-02-01 12:00:00,1,6,1,breakfast,clear,6,1
6555,885,2026-03-29 08:00:00,29,6,1,breakfast,clear,8,2
6556,885,2026-06-10 06:00:00,10,2,0,lunch,clear,8,1
6557,885,2026-05-23 17:00:00,23,5,0,breakfast,rain,7,1
6558,886,2026-02-13 15:00:00,13,4,0,dinner,clear,3,2
6559,886,2026-04-01 07:00:00,1,2,1,late_night,clear,2,1
6560,886,2026-03-24 23:00:00,24,1,0,late_night,extreme,8,4
6561,886,2026-04-01 21:00:00,1,2,1,lunch,clear,7,2
6562,887,2026-01-02 13:00:00,2,4,1,breakfast,extreme,6,3
6563,887,2026-03-21 09:00:00,21,5,0,breakfast,clear,5,2
6564,888,2026-01-13 06:00:00,13,1,0,late_night,rain,12,1
6565,889,2026-02-21 23:00:00,21,5,0,dinner,rain,13,1
6566,889,2026-05-24 08:00:00,24,6,0,dinner,extreme,12,1
6567,889,2026-03-15 10:00:00,15,6,0,breakfast,clear,10,3
6568,889,2026-01-21 21:00:00,21,2,0,dinner,rain,3,1
6569,889,2026-06-28 08:00:00,28,6,1,late_night,rain,3,1
6570,889,2026-02-15 05:00:00,15,6,0,breakfast,rain,3,1
6571,889,2026-06-26 15:00:00,26,4,1,dinner,clear,4,1
6572,889,2026-05-20 06:00:00,20,2,0,breakfast,extreme,1,1
6573,890,2026-03-25 10:00:00,25,2,1,breakfast,rain,3,4
6574,890,2026-04-15 13:00:00,15,2,0,lunch,rain,4,1
6575,890,2026-03-31 19:00:00,31,1,1,breakfast,rain,13,2
6576,890,2026-02-12 23:00:00,12,3,0,late_night,extreme,13,1
6577,890,2026-01-10 05:00:00,10,5,0,breakfast,clear,14,2
6578,891,2026-05-05 19:00:00,5,1,1,lunch,clear,11,1
6579,891,2026-01-27 02:00:00,27,1,1,late_night,clear,5,1
6580,891,2026-02-22 12:00:00,22,6,0,breakfast,clear,3,1
6581,891,2026-02-14 15:00:00,14,5,0,late_night,clear,2,2
6582,891,2026-01-19 06:00:00,19,0,0,breakfast,clear,5,2
6583,891,2026-03-03 03:00:00,3,1,1,breakfast,clear,3,1
6584,891,2026-04-06 08:00:00,6,0,1,lunch,clear,3,2
6585,891,2026-06-25 09:00:00,25,3,1,lunch,rain,7,1
6586,891,2026-03-22 04:00:00,22,6,0,breakfast,clear,8,3
6587,891,2026-01-30 19:00:00,30,4,1,breakfast,clear,2,5
6588,891,2026-04-11 11:00:00,11,5,0,breakfast,clear,12,1
6589,891,2026-03-31 05:00:00,31,1,1,breakfast,clear,12,2
6590,891,2026-05-26 20:00:00,26,1,1,breakfast,clear,7,1
6591,891,2026-03-02 09:00:00,2,0,1,lunch,clear,12,1
6592,892,2026-02-19 08:00:00,19,3,0,lunch,clear,6,2
6593,892,2026-02-05 12:00:00,5,3,1,lunch,rain,10,1
6594,892,2026-04-15 12:00:00,15,2,0,lunch,clear,11,2
6595,892,2026-02-02 13:00:00,2,0,1,lunch,clear,4,1
6596,892,2026-04-01 03:00:00,1,2,1,lunch,rain,12,3
6597,892,2026-01-24 14:00:00,24,5,0,late_night,clear,2,4
6598,892,2026-04-17 21:00:00,17,4,0,lunch,clear,12,1
6599,893,2026-03-20 01:00:00,20,4,0,dinner,clear,3,2
6600,893,2026-03-16 05:00:00,16,0,0,late_night,clear,10,1
6601,893,2026-01-25 09:00:00,25,6,1,dinner,rain,8,1
6602,893,2026-05-19 04:00:00,19,1,0,dinner,clear,9,2
6603,893,2026-03-25 19:00:00,25,2,1,late_night,clear,4,1
6604,893,2026-05-30 19:00:00,30,5,1,breakfast,clear,1,3
6605,893,2026-06-28 21:00:00,28,6,1,late_night,clear,8,2
6606,893,2026-06-21 05:00:00,21,6,0,lunch,clear,2,2
6607,893,2026-04-10 03:00:00,10,4,0,lunch,extreme,4,3
6608,893,2026-06-19 18:00:00,19,4,0,breakfast,clear,1,3
6609,893,2026-06-18 15:00:00,18,3,0,lunch,clear,10,3
6610,893,2026-01-05 10:00:00,5,0,1,lunch,clear,7,1
6611,893,2026-01-26 20:00:00,26,0,1,late_night,rain,9,1
6612,894,2026-05-13 15:00:00,13,2,0,breakfast,clear,13,2
6613,894,2026-03-28 22:00:00,28,5,1,dinner,rain,7,1
6614,894,2026-06-19 00:00:00,19,4,0,late_night,extreme,12,1
6615,894,2026-03-04 15:00:00,4,2,1,lunch,rain,10,2
6616,895,2026-05-28 13:00:00,28,3,1,dinner,clear,11,3
6617,895,2026-01-25 11:00:00,25,6,1,late_night,clear,10,1
6618,895,2026-05-07 13:00:00,7,3,1,dinner,clear,13,2
6619,896,2026-04-20 16:00:00,20,0,0,dinner,clear,4,2
6620,896,2026-03-14 03:00:00,14,5,0,late_night,extreme,5,1
6621,896,2026-01-24 08:00:00,24,5,0,late_night,clear,13,1
6622,896,2026-04-11 18:00:00,11,5,0,lunch,clear,3,1
6623,896,2026-06-29 07:00:00,29,0,1,dinner,extreme,13,1
6624,896,2026-01-03 21:00:00,3,5,1,lunch,clear,12,1
6625,896,2026-01-17 11:00:00,17,5,0,lunch,clear,3,1
6626,896,2026-05-30 13:00:00,30,5,1,late_night,clear,5,1
6627,896,2026-03-29 12:00:00,29,6,1,late_night,clear,3,2
6628,896,2026-05-21 07:00:00,21,3,0,dinner,clear,1,5
6629,896,2026-06-09 14:00:00,9,1,0,breakfast,rain,11,2
6630,896,2026-04-11 10:00:00,11,5,0,dinner,clear,13,1
6631,896,2026-04-05 06:00:00,5,6,1,late_night,rain,5,1
6632,896,2026-04-04 12:00:00,4,5,1,lunch,extreme,9,1
6633,897,2026-03-27 17:00:00,27,4,1,dinner,clear,4,1
6634,897,2026-03-15 05:00:00,15,6,0,breakfast,clear,4,1
6635,897,2026-05-27 01:00:00,27,2,1,dinner,clear,2,2
6636,897,2026-03-19 13:00:00,19,3,0,late_night,clear,5,1
6637,897,2026-06-02 20:00:00,2,1,1,lunch,clear,7,2
6638,897,2026-04-16 17:00:00,16,3,0,dinner,rain,5,2
6639,898,2026-04-26 11:00:00,26,6,1,late_night,clear,5,2
6640,898,2026-04-03 21:00:00,3,4,1,late_night,clear,9,4
6641,898,2026-04-18 17:00:00,18,5,0,breakfast,rain,4,1
6642,899,2026-01-25 02:00:00,25,6,1,late_night,clear,5,2
6643,899,2026-05-30 14:00:00,30,5,1,late_night,clear,1,4
6644,900,2026-04-19 17:00:00,19,6,0,breakfast,rain,5,1
6645,900,2026-04-27 03:00:00,27,0,1,dinner,clear,13,1
6646,900,2026-05-02 15:00:00,2,5,1,breakfast,rain,14,1
6647,900,2026-01-03 17:00:00,3,5,1,dinner,clear,4,1
6648,900,2026-02-26 06:00:00,26,3,1,breakfast,clear,14,2
6649,900,2026-06-26 10:00:00,26,4,1,late_night,clear,1,1
6650,900,2026-01-27 06:00:00,27,1,1,dinner,clear,3,3
6651,900,2026-06-13 08:00:00,13,5,0,lunch,clear,8,2
6652,900,2026-05-06 18:00:00,6,2,1,dinner,clear,6,1
6653,900,2026-04-13 22:00:00,13,0,0,late_night,clear,8,2
6654,900,2026-05-30 18:00:00,30,5,1,breakfast,clear,3,1
6655,901,2026-03-09 12:00:00,9,0,0,late_night,rain,11,1
6656,901,2026-06-09 10:00:00,9,1,0,late_night,clear,4,1
6657,901,2026-02-20 16:00:00,20,4,0,lunch,clear,4,1
6658,901,2026-04-16 18:00:00,16,3,0,breakfast,clear,8,1
6659,901,2026-05-31 09:00:00,31,6,1,lunch,clear,14,1
6660,901,2026-01-27 01:00:00,27,1,1,breakfast,extreme,1,2
6661,901,2026-01-08 15:00:00,8,3,0,breakfast,rain,12,5
6662,901,2026-05-01 17:00:00,1,4,1,late_night,extreme,2,2
6663,901,2026-01-14 14:00:00,14,2,0,dinner,clear,4,1
6664,902,2026-04-13 20:00:00,13,0,0,breakfast,rain,12,1
6665,902,2026-05-21 18:00:00,21,3,0,dinner,extreme,2,1
6666,902,2026-03-18 17:00:00,18,2,0,lunch,clear,14,1
6667,903,2026-02-26 08:00:00,26,3,1,breakfast,clear,13,3
6668,903,2026-06-29 08:00:00,29,0,1,late_night,clear,11,1
6669,903,2026-01-13 18:00:00,13,1,0,dinner,rain,2,1
6670,903,2026-05-21 17:00:00,21,3,0,dinner,clear,4,2
6671,903,2026-02-17 06:00:00,17,1,0,late_night,clear,13,1
6672,903,2026-01-04 19:00:00,4,6,1,late_night,clear,4,1
6673,903,2026-05-31 10:00:00,31,6,1,lunch,clear,13,4
6674,904,2026-03-02 12:00:00,2,0,1,late_night,rain,14,2
6675,904,2026-06-06 22:00:00,6,5,1,breakfast,clear,2,1
6676,904,2026-05-08 13:00:00,8,4,0,late_night,clear,13,1
6677,904,2026-03-17 15:00:00,17,1,0,dinner,clear,9,1
6678,904,2026-05-02 00:00:00,2,5,1,dinner,clear,3,1
6679,904,2026-04-14 15:00:00,14,1,0,breakfast,rain,9,1
6680,904,2026-01-27 13:00:00,27,1,1,breakfast,clear,3,3
6681,904,2026-05-25 15:00:00,25,0,1,dinner,clear,6,2
6682,904,2026-02-26 21:00:00,26,3,1,late_night,clear,10,2
6683,904,2026-04-18 01:00:00,18,5,0,late_night,clear,6,2
6684,904,2026-06-24 20:00:00,24,2,0,breakfast,clear,4,2
6685,904,2026-03-01 14:00:00,1,6,1,late_night,clear,1,4
6686,905,2026-02-14 08:00:00,14,5,0,late_night,rain,10,1
6687,905,2026-06-27 18:00:00,27,5,1,late_night,clear,6,1
6688,905,2026-03-24 22:00:00,24,1,0,dinner,clear,2,5
6689,905,2026-03-02 19:00:00,2,0,1,dinner,clear,1,5
6690,905,2026-01-10 11:00:00,10,5,0,late_night,extreme,13,1
6691,905,2026-03-02 13:00:00,2,0,1,dinner,rain,12,1
6692,906,2026-01-22 14:00:00,22,3,0,dinner,clear,2,5
6693,906,2026-02-04 17:00:00,4,2,1,late_night,clear,4,1
6694,906,2026-02-11 10:00:00,11,2,0,lunch,clear,1,2
6695,906,2026-02-10 02:00:00,10,1,0,late_night,clear,2,1
6696,906,2026-05-12 04:00:00,12,1,0,breakfast,rain,12,1
6697,906,2026-04-27 19:00:00,27,0,1,breakfast,clear,9,3
6698,906,2026-04-02 12:00:00,2,3,1,breakfast,clear,7,3
6699,906,2026-03-16 06:00:00,16,0,0,breakfast,rain,5,1
6700,906,2026-01-11 22:00:00,11,6,0,late_night,clear,5,2
6701,906,2026-06-27 08:00:00,27,5,1,breakfast,clear,4,1
6702,906,2026-04-04 23:00:00,4,5,1,lunch,extreme,2,2
6703,906,2026-01-20 16:00:00,20,1,0,breakfast,clear,12,5
6704,906,2026-05-08 18:00:00,8,4,0,lunch,clear,12,2
6705,907,2026-04-12 03:00:00,12,6,0,breakfast,clear,3,1
6706,907,2026-05-19 09:00:00,19,1,0,breakfast,rain,9,4
6707,907,2026-01-31 17:00:00,31,5,1,late_night,rain,11,1
6708,907,2026-04-01 04:00:00,1,2,1,breakfast,extreme,8,2
6709,907,2026-03-12 21:00:00,12,3,0,breakfast,clear,6,1
6710,907,2026-06-06 21:00:00,6,5,1,lunch,clear,12,2
6711,907,2026-06-22 14:00:00,22,0,0,lunch,extreme,13,4
6712,907,2026-04-14 05:00:00,14,1,0,breakfast,clear,1,1
6713,907,2026-04-09 21:00:00,9,3,0,dinner,rain,14,1
6714,908,2026-04-22 22:00:00,22,2,0,dinner,clear,9,2
6715,908,2026-04-13 05:00:00,13,0,0,breakfast,rain,11,4
6716,908,2026-02-13 02:00:00,13,4,0,breakfast,clear,3,1
6717,908,2026-01-14 07:00:00,14,2,0,lunch,clear,9,2
6718,909,2026-06-22 12:00:00,22,0,0,breakfast,clear,5,5
6719,909,2026-02-04 12:00:00,4,2,1,dinner,clear,9,3
6720,909,2026-03-10 14:00:00,10,1,0,late_night,clear,8,4
6721,909,2026-02-21 03:00:00,21,5,0,late_night,clear,11,1
6722,909,2026-04-02 17:00:00,2,3,1,dinner,extreme,14,1
6723,909,2026-01-04 09:00:00,4,6,1,dinner,clear,5,1
6724,910,2026-04-25 09:00:00,25,5,1,breakfast,extreme,5,4
6725,910,2026-06-24 15:00:00,24,2,0,late_night,clear,1,2
6726,911,2026-05-01 21:00:00,1,4,1,breakfast,rain,11,1
6727,911,2026-05-10 05:00:00,10,6,0,late_night,rain,7,3
6728,911,2026-06-13 21:00:00,13,5,0,breakfast,clear,7,1
6729,911,2026-01-19 12:00:00,19,0,0,lunch,clear,7,1
6730,911,2026-06-02 04:00:00,2,1,1,lunch,rain,10,1
6731,911,2026-03-26 23:00:00,26,3,1,dinner,clear,4,1
6732,911,2026-03-23 02:00:00,23,0,0,breakfast,clear,2,3
6733,912,2026-05-30 01:00:00,30,5,1,dinner,extreme,13,2
6734,912,2026-01-26 21:00:00,26,0,1,late_night,clear,8,1
6735,913,2026-06-24 10:00:00,24,2,0,late_night,extreme,8,1
6736,913,2026-03-19 06:00:00,19,3,0,lunch,rain,10,2
6737,914,2026-05-29 21:00:00,29,4,1,lunch,clear,12,1
6738,914,2026-02-02 14:00:00,2,0,1,late_night,clear,7,1
6739,914,2026-02-09 07:00:00,9,0,0,dinner,clear,2,3
6740,915,2026-04-29 20:00:00,29,2,1,late_night,rain,2,1
6741,915,2026-05-12 03:00:00,12,1,0,dinner,clear,8,2
6742,915,2026-04-30 15:00:00,30,3,1,lunch,clear,10,1
6743,915,2026-05-26 04:00:00,26,1,1,lunch,clear,1,4
6744,915,2026-06-07 21:00:00,7,6,1,late_night,clear,14,2
6745,915,2026-06-01 12:00:00,1,0,1,lunch,clear,12,3
6746,915,2026-06-06 02:00:00,6,5,1,lunch,clear,4,2
6747,915,2026-06-23 02:00:00,23,1,0,late_night,clear,11,1
6748,915,2026-04-02 12:00:00,2,3,1,lunch,clear,3,1
6749,915,2026-06-03 10:00:00,3,2,1,dinner,clear,1,3
6750,915,2026-03-09 15:00:00,9,0,0,late_night,clear,8,4
6751,915,2026-03-17 02:00:00,17,1,0,late_night,rain,10,5
6752,915,2026-03-18 07:00:00,18,2,0,breakfast,rain,2,1
6753,915,2026-02-23 12:00:00,23,0,0,breakfast,clear,8,1
6754,916,2026-02-02 13:00:00,2,0,1,lunch,clear,14,1
6755,916,2026-05-16 05:00:00,16,5,0,late_night,clear,8,1
6756,916,2026-03-18 15:00:00,18,2,0,dinner,clear,3,1
6757,916,2026-03-11 17:00:00,11,2,0,lunch,clear,1,1
6758,917,2026-05-07 14:00:00,7,3,1,breakfast,clear,6,2
6759,917,2026-05-08 03:00:00,8,4,0,lunch,clear,4,1
6760,917,2026-03-01 14:00:00,1,6,1,dinner,extreme,6,1
6761,917,2026-04-03 22:00:00,3,4,1,lunch,rain,14,1
6762,917,2026-01-18 11:00:00,18,6,0,breakfast,clear,7,1
6763,917,2026-06-21 13:00:00,21,6,0,lunch,clear,9,1
6764,917,2026-03-11 01:00:00,11,2,0,late_night,clear,2,1
6765,917,2026-04-01 13:00:00,1,2,1,breakfast,rain,9,1
6766,917,2026-05-30 02:00:00,30,5,1,late_night,extreme,8,1
6767,917,2026-05-09 10:00:00,9,5,0,breakfast,rain,6,1
6768,917,2026-03-05 03:00:00,5,3,1,dinner,extreme,3,3
6769,918,2026-02-26 07:00:00,26,3,1,lunch,rain,11,3
6770,918,2026-02-06 14:00:00,6,4,1,lunch,rain,8,1
6771,918,2026-02-27 05:00:00,27,4,1,breakfast,rain,7,1
6772,918,2026-02-04 09:00:00,4,2,1,dinner,clear,13,1
6773,918,2026-05-16 17:00:00,16,5,0,dinner,clear,9,1
6774,918,2026-04-28 22:00:00,28,1,1,breakfast,clear,2,2
6775,918,2026-04-01 03:00:00,1,2,1,lunch,clear,2,1
6776,918,2026-04-27 22:00:00,27,0,1,lunch,extreme,13,5
6777,918,2026-05-30 05:00:00,30,5,1,late_night,clear,11,1
6778,918,2026-06-24 12:00:00,24,2,0,lunch,extreme,2,3
6779,918,2026-02-27 19:00:00,27,4,1,late_night,clear,2,1
6780,918,2026-06-23 19:00:00,23,1,0,breakfast,clear,9,1
6781,918,2026-04-24 11:00:00,24,4,0,lunch,extreme,7,2
6782,919,2026-01-25 12:00:00,25,6,1,lunch,rain,14,1
6783,919,2026-05-22 22:00:00,22,4,0,late_night,clear,12,3
6784,919,2026-01-07 12:00:00,7,2,1,late_night,clear,7,1
6785,919,2026-04-30 12:00:00,30,3,1,lunch,extreme,9,1
6786,919,2026-06-22 17:00:00,22,0,0,dinner,clear,2,3
6787,919,2026-04-06 22:00:00,6,0,1,breakfast,clear,3,1
6788,919,2026-06-19 03:00:00,19,4,0,breakfast,clear,1,2
6789,919,2026-03-23 12:00:00,23,0,0,lunch,clear,9,1
6790,919,2026-05-21 02:00:00,21,3,0,breakfast,rain,12,4
6791,919,2026-06-23 06:00:00,23,1,0,dinner,clear,5,1
6792,919,2026-06-06 12:00:00,6,5,1,dinner,rain,11,2
6793,920,2026-01-24 22:00:00,24,5,0,lunch,clear,1,2
6794,920,2026-05-19 23:00:00,19,1,0,breakfast,clear,3,5
6795,920,2026-05-25 20:00:00,25,0,1,dinner,rain,6,1
6796,920,2026-01-14 08:00:00,14,2,0,late_night,clear,9,2
6797,920,2026-03-19 06:00:00,19,3,0,dinner,rain,8,3
6798,920,2026-01-17 00:00:00,17,5,0,breakfast,rain,11,2
6799,920,2026-02-27 05:00:00,27,4,1,lunch,rain,11,1
6800,920,2026-03-13 21:00:00,13,4,0,lunch,extreme,4,1
6801,920,2026-05-22 03:00:00,22,4,0,breakfast,clear,10,2
6802,920,2026-03-29 07:00:00,29,6,1,lunch,clear,1,1
6803,920,2026-06-25 01:00:00,25,3,1,late_night,clear,10,1
6804,920,2026-03-01 19:00:00,1,6,1,breakfast,clear,10,2
6805,920,2026-06-17 14:00:00,17,2,0,late_night,clear,1,1
6806,921,2026-05-19 14:00:00,19,1,0,dinner,clear,3,1
6807,921,2026-04-07 19:00:00,7,1,1,dinner,rain,9,1
6808,921,2026-03-12 15:00:00,12,3,0,late_night,rain,11,1
6809,921,2026-01-12 10:00:00,12,0,0,late_night,rain,1,1
6810,921,2026-02-04 07:00:00,4,2,1,breakfast,clear,8,1
6811,921,2026-01-16 15:00:00,16,4,0,breakfast,extreme,3,1
6812,921,2026-02-02 08:00:00,2,0,1,breakfast,clear,9,1
6813,921,2026-01-01 06:00:00,1,3,1,dinner,clear,5,4
6814,921,2026-02-15 16:00:00,15,6,0,lunch,rain,8,1
6815,921,2026-04-02 22:00:00,2,3,1,breakfast,clear,1,2
6816,921,2026-05-02 00:00:00,2,5,1,breakfast,extreme,14,1
6817,922,2026-05-18 07:00:00,18,0,0,lunch,extreme,14,1
6818,922,2026-02-22 20:00:00,22,6,0,late_night,rain,13,2
6819,922,2026-04-19 10:00:00,19,6,0,lunch,rain,8,1
6820,922,2026-04-21 17:00:00,21,1,0,late_night,clear,8,3
6821,922,2026-03-22 22:00:00,22,6,0,lunch,rain,5,2
6822,922,2026-05-22 06:00:00,22,4,0,breakfast,clear,10,3
6823,922,2026-02-12 09:00:00,12,3,0,dinner,clear,12,1
6824,922,2026-03-21 14:00:00,21,5,0,late_night,clear,9,1
6825,922,2026-05-27 07:00:00,27,2,1,breakfast,extreme,14,1
6826,922,2026-01-29 18:00:00,29,3,1,breakfast,clear,8,2
6827,922,2026-04-21 22:00:00,21,1,0,lunch,clear,6,4
6828,922,2026-04-29 16:00:00,29,2,1,dinner,clear,4,2
6829,922,2026-01-30 14:00:00,30,4,1,breakfast,clear,4,1
6830,923,2026-03-14 18:00:00,14,5,0,lunch,rain,11,1
6831,923,2026-02-22 02:00:00,22,6,0,late_night,clear,2,1
6832,923,2026-05-10 23:00:00,10,6,0,breakfast,clear,5,1
6833,923,2026-06-22 09:00:00,22,0,0,lunch,clear,2,1
6834,923,2026-06-10 09:00:00,10,2,0,lunch,clear,7,1
6835,923,2026-03-09 01:00:00,9,0,0,breakfast,rain,5,2
6836,923,2026-03-29 21:00:00,29,6,1,dinner,clear,5,1
6837,923,2026-04-01 17:00:00,1,2,1,breakfast,extreme,5,3
6838,923,2026-05-24 16:00:00,24,6,0,dinner,rain,4,3
6839,923,2026-02-02 22:00:00,2,0,1,late_night,clear,3,1
6840,923,2026-04-26 09:00:00,26,6,1,dinner,rain,6,1
6841,923,2026-02-02 18:00:00,2,0,1,breakfast,clear,12,5
6842,924,2026-06-17 07:00:00,17,2,0,lunch,extreme,3,2
6843,924,2026-05-02 11:00:00,2,5,1,lunch,rain,11,3
6844,925,2026-03-06 02:00:00,6,4,1,lunch,clear,9,1
6845,925,2026-04-16 04:00:00,16,3,0,breakfast,clear,2,1
6846,925,2026-05-27 11:00:00,27,2,1,lunch,clear,1,4
6847,925,2026-04-20 03:00:00,20,0,0,breakfast,rain,9,5
6848,925,2026-04-30 09:00:00,30,3,1,breakfast,extreme,8,4
6849,925,2026-05-26 14:00:00,26,1,1,late_night,clear,1,1
6850,925,2026-03-17 05:00:00,17,1,0,breakfast,extreme,7,1
6851,926,2026-02-23 10:00:00,23,0,0,lunch,clear,5,3
6852,926,2026-01-04 23:00:00,4,6,1,dinner,rain,6,1
6853,926,2026-01-08 18:00:00,8,3,0,late_night,clear,1,2
6854,926,2026-05-02 01:00:00,2,5,1,lunch,clear,2,1
6855,926,2026-04-21 05:00:00,21,1,0,dinner,clear,5,1
6856,926,2026-03-16 10:00:00,16,0,0,lunch,clear,4,1
6857,926,2026-01-21 04:00:00,21,2,0,lunch,clear,6,1
6858,926,2026-02-27 18:00:00,27,4,1,dinner,clear,3,1
6859,926,2026-06-01 07:00:00,1,0,1,lunch,clear,3,2
6860,926,2026-01-03 14:00:00,3,5,1,breakfast,clear,5,1
6861,926,2026-06-26 02:00:00,26,4,1,lunch,rain,8,2
6862,926,2026-06-12 00:00:00,12,4,0,late_night,clear,4,4
6863,927,2026-01-31 09:00:00,31,5,1,breakfast,clear,4,5
6864,927,2026-04-11 17:00:00,11,5,0,dinner,clear,12,1
6865,927,2026-05-01 13:00:00,1,4,1,late_night,clear,11,1
6866,927,2026-06-05 20:00:00,5,4,1,dinner,rain,6,1
6867,927,2026-01-08 22:00:00,8,3,0,dinner,clear,6,1
6868,927,2026-01-20 23:00:00,20,1,0,breakfast,clear,7,1
6869,927,2026-04-18 23:00:00,18,5,0,lunch,clear,14,1
6870,927,2026-05-31 10:00:00,31,6,1,dinner,rain,5,1
6871,927,2026-05-08 05:00:00,8,4,0,dinner,rain,13,3
6872,927,2026-03-09 06:00:00,9,0,0,dinner,rain,8,1
6873,927,2026-04-09 13:00:00,9,3,0,lunch,rain,5,1
6874,927,2026-06-01 07:00:00,1,0,1,dinner,rain,9,2
6875,927,2026-02-08 05:00:00,8,6,0,lunch,clear,12,1
6876,928,2026-06-25 11:00:00,25,3,1,breakfast,rain,5,3
6877,928,2026-03-28 18:00:00,28,5,1,lunch,clear,8,3
6878,928,2026-05-17 14:00:00,17,6,0,lunch,clear,1,1
6879,928,2026-01-03 23:00:00,3,5,1,lunch,clear,11,1
6880,928,2026-03-26 23:00:00,26,3,1,breakfast,clear,11,1
6881,929,2026-02-10 03:00:00,10,1,0,late_night,clear,12,1
6882,929,2026-01-15 05:00:00,15,3,0,dinner,clear,4,2
6883,929,2026-02-09 15:00:00,9,0,0,breakfast,extreme,12,1
6884,929,2026-05-29 20:00:00,29,4,1,lunch,clear,8,2
6885,929,2026-01-16 04:00:00,16,4,0,late_night,clear,6,4
6886,929,2026-06-11 15:00:00,11,3,0,dinner,clear,13,1
6887,929,2026-05-28 12:00:00,28,3,1,late_night,clear,10,1
6888,929,2026-03-05 00:00:00,5,3,1,lunch,clear,6,2
6889,930,2026-03-07 08:00:00,7,5,1,dinner,clear,8,4
6890,930,2026-04-07 21:00:00,7,1,1,late_night,clear,4,1
6891,930,2026-02-13 05:00:00,13,4,0,lunch,extreme,5,2
6892,930,2026-06-09 21:00:00,9,1,0,lunch,rain,5,2
6893,930,2026-05-29 03:00:00,29,4,1,late_night,rain,5,1
6894,930,2026-04-26 06:00:00,26,6,1,dinner,clear,14,1
6895,931,2026-03-06 13:00:00,6,4,1,dinner,clear,1,2
6896,932,2026-01-24 22:00:00,24,5,0,lunch,clear,9,2
6897,932,2026-01-25 05:00:00,25,6,1,lunch,clear,9,1
6898,932,2026-01-11 07:00:00,11,6,0,late_night,extreme,9,2
6899,932,2026-04-03 09:00:00,3,4,1,late_night,clear,13,1
6900,932,2026-02-04 07:00:00,4,2,1,breakfast,clear,2,1
6901,932,2026-03-15 04:00:00,15,6,0,late_night,clear,3,1
6902,932,2026-03-03 00:00:00,3,1,1,dinner,rain,9,2
6903,932,2026-05-22 12:00:00,22,4,0,dinner,clear,7,1
6904,932,2026-06-23 02:00:00,23,1,0,breakfast,rain,8,1
6905,932,2026-04-13 06:00:00,13,0,0,breakfast,clear,3,4
6906,932,2026-03-14 07:00:00,14,5,0,lunch,extreme,13,1
6907,932,2026-02-20 10:00:00,20,4,0,dinner,clear,5,1
6908,932,2026-05-04 08:00:00,4,0,1,dinner,clear,5,1
6909,933,2026-04-06 03:00:00,6,0,1,breakfast,rain,5,2
6910,933,2026-03-17 10:00:00,17,1,0,breakfast,clear,4,2
6911,933,2026-02-04 09:00:00,4,2,1,lunch,clear,12,4
6912,933,2026-01-17 08:00:00,17,5,0,lunch,clear,8,2
6913,934,2026-04-09 22:00:00,9,3,0,breakfast,rain,14,1
6914,934,2026-04-27 04:00:00,27,0,1,late_night,rain,4,1
6915,934,2026-04-28 06:00:00,28,1,1,lunch,clear,4,1
6916,934,2026-01-13 16:00:00,13,1,0,dinner,clear,6,3
6917,935,2026-02-05 14:00:00,5,3,1,dinner,clear,10,4
6918,936,2026-03-06 00:00:00,6,4,1,dinner,clear,12,3
6919,936,2026-05-17 10:00:00,17,6,0,breakfast,clear,3,5
6920,936,2026-02-02 02:00:00,2,0,1,lunch,clear,13,3
6921,936,2026-06-05 19:00:00,5,4,1,late_night,clear,2,2
6922,936,2026-03-06 19:00:00,6,4,1,lunch,extreme,5,1
6923,936,2026-01-10 13:00:00,10,5,0,breakfast,clear,10,1
6924,936,2026-04-05 10:00:00,5,6,1,breakfast,clear,3,1
6925,937,2026-05-29 04:00:00,29,4,1,breakfast,clear,4,2
6926,938,2026-01-11 04:00:00,11,6,0,dinner,clear,12,1
6927,938,2026-05-08 14:00:00,8,4,0,late_night,clear,2,2
6928,938,2026-01-01 15:00:00,1,3,1,dinner,clear,10,1
6929,938,2026-05-19 05:00:00,19,1,0,dinner,clear,4,1
6930,938,2026-02-28 23:00:00,28,5,1,late_night,rain,2,1
6931,938,2026-05-24 14:00:00,24,6,0,breakfast,extreme,5,1
6932,938,2026-06-16 06:00:00,16,1,0,dinner,clear,14,1
6933,938,2026-06-10 07:00:00,10,2,0,breakfast,clear,2,1
6934,938,2026-06-07 06:00:00,7,6,1,late_night,clear,2,2
6935,938,2026-06-29 16:00:00,29,0,1,late_night,clear,3,3
6936,938,2026-05-20 23:00:00,20,2,0,dinner,clear,13,4
6937,938,2026-04-27 07:00:00,27,0,1,lunch,clear,1,1
6938,938,2026-02-10 16:00:00,10,1,0,lunch,rain,14,2
6939,939,2026-01-31 12:00:00,31,5,1,dinner,clear,1,1
6940,939,2026-02-20 21:00:00,20,4,0,late_night,clear,8,1
6941,939,2026-06-10 09:00:00,10,2,0,breakfast,clear,9,4
6942,939,2026-05-01 22:00:00,1,4,1,lunch,clear,11,1
6943,940,2026-02-16 13:00:00,16,0,0,lunch,clear,8,4
6944,940,2026-05-19 04:00:00,19,1,0,lunch,clear,4,1
6945,940,2026-04-11 12:00:00,11,5,0,lunch,clear,10,4
6946,940,2026-02-18 01:00:00,18,2,0,breakfast,clear,9,1
6947,940,2026-02-05 09:00:00,5,3,1,lunch,clear,7,1
6948,940,2026-06-06 09:00:00,6,5,1,breakfast,clear,7,5
6949,940,2026-05-15 21:00:00,15,4,0,late_night,extreme,10,1
6950,941,2026-02-24 03:00:00,24,1,0,lunch,clear,12,2
6951,941,2026-05-08 08:00:00,8,4,0,breakfast,clear,8,1
6952,941,2026-02-26 15:00:00,26,3,1,lunch,clear,8,1
6953,941,2026-05-01 16:00:00,1,4,1,dinner,clear,1,2
6954,941,2026-01-07 10:00:00,7,2,1,late_night,clear,7,1
6955,941,2026-02-03 18:00:00,3,1,1,late_night,clear,14,1
6956,942,2026-03-14 04:00:00,14,5,0,dinner,clear,9,2
6957,942,2026-06-05 10:00:00,5,4,1,breakfast,extreme,12,2
6958,942,2026-03-02 14:00:00,2,0,1,late_night,clear,6,2
6959,942,2026-03-08 18:00:00,8,6,0,late_night,clear,1,1
6960,942,2026-05-29 12:00:00,29,4,1,late_night,extreme,11,1
6961,942,2026-01-10 07:00:00,10,5,0,breakfast,rain,1,1
6962,942,2026-06-01 02:00:00,1,0,1,breakfast,rain,2,1
6963,942,2026-04-15 10:00:00,15,2,0,lunch,clear,3,1
6964,942,2026-02-20 05:00:00,20,4,0,late_night,clear,12,1
6965,942,2026-02-09 17:00:00,9,0,0,breakfast,clear,3,1
6966,942,2026-06-22 12:00:00,22,0,0,dinner,rain,6,1
6967,942,2026-03-28 23:00:00,28,5,1,late_night,clear,1,1
6968,942,2026-02-11 18:00:00,11,2,0,lunch,clear,4,1
6969,942,2026-04-28 05:00:00,28,1,1,breakfast,clear,9,1
6970,943,2026-06-12 23:00:00,12,4,0,breakfast,clear,6,3
6971,943,2026-04-15 04:00:00,15,2,0,lunch,rain,11,1
6972,943,2026-01-14 20:00:00,14,2,0,dinner,rain,4,2
6973,943,2026-01-15 14:00:00,15,3,0,late_night,clear,3,1
6974,943,2026-01-27 16:00:00,27,1,1,lunch,clear,8,1
6975,943,2026-06-06 13:00:00,6,5,1,dinner,rain,4,2
6976,943,2026-03-11 20:00:00,11,2,0,dinner,clear,4,1
6977,943,2026-04-03 08:00:00,3,4,1,late_night,clear,6,1
6978,943,2026-02-22 09:00:00,22,6,0,lunch,clear,4,4
6979,943,2026-04-19 14:00:00,19,6,0,lunch,clear,2,3
6980,943,2026-01-17 21:00:00,17,5,0,lunch,clear,5,2
6981,943,2026-06-26 21:00:00,26,4,1,lunch,clear,1,2
6982,943,2026-01-27 18:00:00,27,1,1,dinner,clear,10,2
6983,944,2026-04-15 07:00:00,15,2,0,breakfast,clear,7,2
6984,944,2026-05-09 04:00:00,9,5,0,late_night,rain,9,2
6985,944,2026-01-21 14:00:00,21,2,0,late_night,extreme,13,1
6986,944,2026-04-11 11:00:00,11,5,0,lunch,clear,6,1
6987,945,2026-05-06 22:00:00,6,2,1,late_night,rain,10,1
6988,945,2026-01-04 08:00:00,4,6,1,late_night,clear,5,1
6989,945,2026-06-26 18:00:00,26,4,1,lunch,clear,10,1
6990,945,2026-06-03 08:00:00,3,2,1,lunch,rain,14,1
6991,945,2026-03-01 02:00:00,1,6,1,late_night,clear,7,1
6992,945,2026-04-09 09:00:00,9,3,0,late_night,clear,4,3
6993,945,2026-06-23 23:00:00,23,1,0,late_night,clear,5,1
6994,945,2026-03-29 02:00:00,29,6,1,dinner,extreme,4,1
6995,945,2026-03-11 15:00:00,11,2,0,lunch,clear,12,2
6996,945,2026-06-12 02:00:00,12,4,0,late_night,clear,12,1
6997,946,2026-05-02 02:00:00,2,5,1,late_night,rain,12,1
6998,946,2026-04-23 12:00:00,23,3,0,late_night,rain,9,1
6999,946,2026-03-13 02:00:00,13,4,0,lunch,clear,4,1
7000,946,2026-01-23 21:00:00,23,4,0,lunch,clear,14,2
7001,946,2026-06-05 12:00:00,5,4,1,dinner,rain,9,3
7002,946,2026-02-13 07:00:00,13,4,0,breakfast,clear,12,1
7003,947,2026-02-22 14:00:00,22,6,0,lunch,clear,7,1
7004,947,2026-06-06 21:00:00,6,5,1,lunch,rain,9,2
7005,947,2026-05-07 06:00:00,7,3,1,lunch,clear,11,2
7006,947,2026-02-24 15:00:00,24,1,0,lunch,clear,5,1
7007,947,2026-04-01 09:00:00,1,2,1,dinner,clear,10,4
7008,947,2026-02-18 17:00:00,18,2,0,lunch,clear,12,2
7009,947,2026-05-09 03:00:00,9,5,0,breakfast,clear,13,3
7010,947,2026-06-12 14:00:00,12,4,0,breakfast,clear,12,4
7011,947,2026-02-19 11:00:00,19,3,0,late_night,clear,13,1
7012,947,2026-05-06 12:00:00,6,2,1,dinner,clear,3,1
7013,947,2026-01-15 09:00:00,15,3,0,late_night,clear,13,2
7014,947,2026-03-01 03:00:00,1,6,1,lunch,clear,6,1
7015,947,2026-04-06 17:00:00,6,0,1,lunch,rain,7,2
7016,947,2026-04-17 09:00:00,17,4,0,breakfast,rain,6,3
7017,948,2026-02-11 16:00:00,11,2,0,late_night,clear,10,1
7018,948,2026-06-04 00:00:00,4,3,1,lunch,clear,5,1
7019,948,2026-03-16 04:00:00,16,0,0,lunch,clear,10,4
7020,949,2026-04-10 12:00:00,10,4,0,lunch,clear,6,1
7021,949,2026-03-22 00:00:00,22,6,0,lunch,clear,8,1
7022,949,2026-03-16 00:00:00,16,0,0,breakfast,clear,4,1
7023,949,2026-05-22 10:00:00,22,4,0,lunch,extreme,6,1
7024,949,2026-06-11 04:00:00,11,3,0,breakfast,clear,1,3
7025,949,2026-04-17 12:00:00,17,4,0,breakfast,clear,14,1
7026,949,2026-05-08 15:00:00,8,4,0,breakfast,clear,4,1
7027,949,2026-03-23 08:00:00,23,0,0,lunch,extreme,7,1
7028,949,2026-02-28 23:00:00,28,5,1,dinner,extreme,4,2
7029,949,2026-04-27 20:00:00,27,0,1,breakfast,clear,2,4
7030,949,2026-06-29 02:00:00,29,0,1,lunch,rain,9,1
7031,949,2026-02-20 21:00:00,20,4,0,dinner,clear,8,1
7032,949,2026-01-10 09:00:00,10,5,0,dinner,clear,3,4
7033,949,2026-01-08 18:00:00,8,3,0,late_night,rain,6,4
7034,950,2026-05-14 20:00:00,14,3,0,breakfast,clear,8,2
7035,950,2026-02-10 06:00:00,10,1,0,late_night,extreme,2,1
7036,950,2026-06-05 02:00:00,5,4,1,late_night,rain,14,2
7037,950,2026-06-27 23:00:00,27,5,1,lunch,clear,12,2
7038,950,2026-03-20 02:00:00,20,4,0,breakfast,clear,11,1
7039,950,2026-01-28 19:00:00,28,2,1,lunch,extreme,2,1
7040,950,2026-06-25 00:00:00,25,3,1,dinner,rain,1,1
7041,950,2026-04-21 12:00:00,21,1,0,dinner,clear,12,4
7042,950,2026-01-21 00:00:00,21,2,0,breakfast,rain,3,4
7043,950,2026-02-27 16:00:00,27,4,1,lunch,rain,5,1
7044,951,2026-03-20 12:00:00,20,4,0,late_night,clear,9,2
7045,951,2026-05-29 10:00:00,29,4,1,late_night,clear,11,2
7046,951,2026-04-25 06:00:00,25,5,1,lunch,clear,13,1
7047,951,2026-06-15 15:00:00,15,0,0,breakfast,clear,14,5
7048,951,2026-06-08 14:00:00,8,0,0,late_night,rain,10,2
7049,951,2026-01-20 23:00:00,20,1,0,dinner,clear,7,5
7050,951,2026-06-01 23:00:00,1,0,1,late_night,clear,12,1
7051,951,2026-01-07 22:00:00,7,2,1,lunch,rain,1,1
7052,951,2026-04-14 17:00:00,14,1,0,dinner,clear,8,1
7053,951,2026-06-28 18:00:00,28,6,1,lunch,rain,1,1
7054,951,2026-05-22 03:00:00,22,4,0,breakfast,clear,14,3
7055,952,2026-01-11 00:00:00,11,6,0,breakfast,clear,13,1
7056,952,2026-06-23 15:00:00,23,1,0,dinner,clear,13,1
7057,952,2026-03-01 15:00:00,1,6,1,lunch,extreme,8,1
7058,952,2026-02-22 15:00:00,22,6,0,late_night,clear,13,1
7059,952,2026-03-15 17:00:00,15,6,0,dinner,rain,10,1
7060,952,2026-06-08 10:00:00,8,0,0,breakfast,rain,1,1
7061,952,2026-03-06 13:00:00,6,4,1,breakfast,clear,8,1
7062,952,2026-01-07 14:00:00,7,2,1,lunch,clear,8,2
7063,952,2026-03-18 23:00:00,18,2,0,late_night,rain,14,2
7064,952,2026-04-05 19:00:00,5,6,1,lunch,clear,10,1
7065,953,2026-05-17 04:00:00,17,6,0,dinner,rain,10,1
7066,953,2026-06-21 13:00:00,21,6,0,late_night,clear,3,1
7067,953,2026-02-15 13:00:00,15,6,0,late_night,extreme,5,2
7068,953,2026-04-02 05:00:00,2,3,1,lunch,rain,9,1
7069,953,2026-06-03 11:00:00,3,2,1,breakfast,clear,3,2
7070,953,2026-06-12 15:00:00,12,4,0,breakfast,rain,2,2
7071,953,2026-03-15 02:00:00,15,6,0,dinner,clear,1,4
7072,953,2026-02-20 02:00:00,20,4,0,late_night,clear,2,1
7073,953,2026-05-04 04:00:00,4,0,1,dinner,clear,6,2
7074,954,2026-01-31 00:00:00,31,5,1,late_night,clear,6,1
7075,954,2026-04-13 23:00:00,13,0,0,lunch,clear,10,1
7076,954,2026-03-25 02:00:00,25,2,1,late_night,clear,13,2
7077,954,2026-04-07 04:00:00,7,1,1,dinner,clear,11,1
7078,954,2026-05-28 23:00:00,28,3,1,dinner,clear,14,3
7079,954,2026-03-19 00:00:00,19,3,0,breakfast,rain,9,1
7080,954,2026-06-18 16:00:00,18,3,0,breakfast,clear,9,3
7081,954,2026-01-27 16:00:00,27,1,1,dinner,clear,12,1
7082,955,2026-04-18 10:00:00,18,5,0,late_night,rain,10,3
7083,955,2026-03-26 09:00:00,26,3,1,late_night,clear,7,2
7084,955,2026-01-27 07:00:00,27,1,1,lunch,clear,5,5
7085,955,2026-06-10 14:00:00,10,2,0,dinner,clear,11,1
7086,955,2026-02-20 22:00:00,20,4,0,breakfast,clear,14,1
7087,955,2026-05-02 21:00:00,2,5,1,breakfast,extreme,6,2
7088,955,2026-05-09 15:00:00,9,5,0,dinner,extreme,11,1
7089,955,2026-04-21 00:00:00,21,1,0,dinner,clear,10,1
7090,955,2026-06-29 01:00:00,29,0,1,late_night,rain,11,4
7091,955,2026-01-10 08:00:00,10,5,0,dinner,rain,1,1
7092,955,2026-04-26 22:00:00,26,6,1,lunch,clear,14,1
7093,956,2026-05-18 05:00:00,18,0,0,late_night,clear,8,1
7094,956,2026-06-13 08:00:00,13,5,0,dinner,rain,4,1
7095,956,2026-04-01 04:00:00,1,2,1,breakfast,clear,3,1
7096,956,2026-02-25 17:00:00,25,2,1,lunch,clear,8,1
7097,956,2026-04-03 20:00:00,3,4,1,breakfast,extreme,7,1
7098,956,2026-04-30 14:00:00,30,3,1,breakfast,clear,8,1
7099,956,2026-06-17 13:00:00,17,2,0,dinner,clear,13,2
7100,956,2026-05-20 05:00:00,20,2,0,breakfast,clear,5,2
7101,956,2026-04-16 21:00:00,16,3,0,lunch,clear,10,1
7102,956,2026-01-05 05:00:00,5,0,1,breakfast,clear,10,3
7103,957,2026-06-05 04:00:00,5,4,1,breakfast,clear,1,1
7104,957,2026-03-24 03:00:00,24,1,0,breakfast,clear,9,1
7105,957,2026-05-21 14:00:00,21,3,0,late_night,clear,13,1
7106,957,2026-05-18 16:00:00,18,0,0,breakfast,clear,2,3
7107,957,2026-06-11 07:00:00,11,3,0,lunch,clear,6,1
7108,958,2026-05-17 22:00:00,17,6,0,dinner,clear,10,1
7109,958,2026-03-22 01:00:00,22,6,0,lunch,rain,8,2
7110,958,2026-01-31 19:00:00,31,5,1,dinner,rain,11,2
7111,958,2026-01-05 20:00:00,5,0,1,breakfast,clear,5,3
7112,958,2026-04-16 07:00:00,16,3,0,late_night,clear,4,2
7113,958,2026-01-31 01:00:00,31,5,1,lunch,clear,9,1
7114,958,2026-06-13 23:00:00,13,5,0,dinner,clear,5,1
7115,959,2026-06-20 14:00:00,20,5,0,breakfast,clear,7,1
7116,959,2026-03-15 05:00:00,15,6,0,breakfast,clear,10,3
7117,959,2026-03-26 13:00:00,26,3,1,lunch,rain,9,3
7118,959,2026-06-22 18:00:00,22,0,0,late_night,rain,10,1
7119,959,2026-01-21 23:00:00,21,2,0,lunch,clear,2,1
7120,960,2026-01-01 19:00:00,1,3,1,lunch,rain,1,2
7121,960,2026-05-01 14:00:00,1,4,1,dinner,clear,4,2
7122,960,2026-04-28 20:00:00,28,1,1,late_night,rain,11,1
7123,960,2026-03-21 15:00:00,21,5,0,dinner,clear,8,1
7124,960,2026-01-13 00:00:00,13,1,0,breakfast,rain,11,3
7125,960,2026-04-22 07:00:00,22,2,0,breakfast,rain,9,2
7126,961,2026-01-03 03:00:00,3,5,1,dinner,clear,3,3
7127,961,2026-05-26 21:00:00,26,1,1,dinner,clear,4,3
7128,961,2026-04-11 22:00:00,11,5,0,breakfast,rain,4,4
7129,961,2026-01-15 00:00:00,15,3,0,late_night,extreme,8,3
7130,961,2026-03-03 07:00:00,3,1,1,lunch,clear,10,3
7131,961,2026-03-19 14:00:00,19,3,0,breakfast,clear,1,3
7132,961,2026-04-19 16:00:00,19,6,0,breakfast,clear,5,2
7133,961,2026-02-06 19:00:00,6,4,1,dinner,clear,8,1
7134,961,2026-04-04 03:00:00,4,5,1,breakfast,clear,11,4
7135,961,2026-04-02 00:00:00,2,3,1,lunch,clear,10,1
7136,961,2026-05-26 00:00:00,26,1,1,breakfast,clear,7,4
7137,961,2026-01-05 01:00:00,5,0,1,late_night,clear,12,1
7138,961,2026-04-09 14:00:00,9,3,0,breakfast,clear,11,2
7139,961,2026-01-01 11:00:00,1,3,1,lunch,clear,11,3
7140,962,2026-03-26 00:00:00,26,3,1,late_night,extreme,6,4
7141,962,2026-02-23 17:00:00,23,0,0,breakfast,clear,4,1
7142,962,2026-01-09 06:00:00,9,4,0,breakfast,clear,4,2
7143,962,2026-06-18 13:00:00,18,3,0,lunch,rain,14,1
7144,962,2026-02-17 19:00:00,17,1,0,late_night,clear,4,1
7145,962,2026-03-15 21:00:00,15,6,0,dinner,clear,4,2
7146,962,2026-03-11 22:00:00,11,2,0,late_night,clear,12,5
7147,962,2026-04-15 06:00:00,15,2,0,late_night,clear,4,1
7148,962,2026-02-21 13:00:00,21,5,0,late_night,clear,11,1
7149,962,2026-05-21 15:00:00,21,3,0,breakfast,clear,13,1
7150,962,2026-01-02 21:00:00,2,4,1,lunch,clear,4,1
7151,962,2026-03-13 15:00:00,13,4,0,lunch,clear,1,1
7152,962,2026-01-17 09:00:00,17,5,0,breakfast,clear,13,3
7153,962,2026-01-22 09:00:00,22,3,0,dinner,clear,9,1
7154,963,2026-01-03 04:00:00,3,5,1,lunch,clear,10,3
7155,963,2026-05-15 07:00:00,15,4,0,lunch,clear,12,1
7156,963,2026-01-27 05:00:00,27,1,1,lunch,extreme,5,4
7157,963,2026-06-13 11:00:00,13,5,0,dinner,rain,7,1
7158,963,2026-05-26 00:00:00,26,1,1,dinner,clear,7,1
7159,963,2026-04-13 21:00:00,13,0,0,breakfast,rain,10,1
7160,963,2026-01-28 11:00:00,28,2,1,late_night,rain,8,4
7161,963,2026-06-18 06:00:00,18,3,0,breakfast,clear,13,1
7162,963,2026-02-02 02:00:00,2,0,1,dinner,extreme,10,2
7163,963,2026-06-24 15:00:00,24,2,0,lunch,clear,13,1
7164,963,2026-04-09 07:00:00,9,3,0,lunch,clear,4,4
7165,963,2026-01-12 21:00:00,12,0,0,lunch,clear,5,1
7166,963,2026-05-06 01:00:00,6,2,1,late_night,extreme,6,1
7167,963,2026-02-20 07:00:00,20,4,0,breakfast,extreme,11,3
7168,964,2026-02-25 19:00:00,25,2,1,dinner,clear,13,1
7169,965,2026-04-19 02:00:00,19,6,0,breakfast,clear,3,1
7170,965,2026-05-23 18:00:00,23,5,0,late_night,clear,10,1
7171,965,2026-02-20 06:00:00,20,4,0,breakfast,rain,14,2
7172,965,2026-01-31 04:00:00,31,5,1,breakfast,clear,11,1
7173,965,2026-04-11 09:00:00,11,5,0,late_night,clear,11,2
7174,965,2026-04-06 21:00:00,6,0,1,dinner,extreme,4,2
7175,965,2026-01-27 03:00:00,27,1,1,breakfast,clear,11,2
7176,965,2026-05-09 16:00:00,9,5,0,late_night,clear,6,2
7177,965,2026-01-28 18:00:00,28,2,1,dinner,clear,7,1
7178,965,2026-03-25 19:00:00,25,2,1,breakfast,rain,6,1
7179,965,2026-04-20 08:00:00,20,0,0,dinner,clear,7,1
7180,965,2026-06-09 07:00:00,9,1,0,breakfast,clear,3,4
7181,965,2026-02-17 13:00:00,17,1,0,breakfast,clear,9,4
7182,966,2026-01-12 01:00:00,12,0,0,dinner,extreme,6,1
7183,966,2026-05-19 20:00:00,19,1,0,dinner,rain,8,2
7184,966,2026-06-27 19:00:00,27,5,1,late_night,extreme,5,1
7185,966,2026-01-03 00:00:00,3,5,1,lunch,clear,11,1
7186,966,2026-04-17 16:00:00,17,4,0,breakfast,clear,11,1
7187,966,2026-04-24 05:00:00,24,4,0,dinner,clear,5,1
7188,966,2026-05-16 20:00:00,16,5,0,lunch,rain,14,1
7189,966,2026-05-13 12:00:00,13,2,0,dinner,clear,8,3
7190,966,2026-03-10 20:00:00,10,1,0,lunch,clear,5,2
7191,966,2026-02-19 00:00:00,19,3,0,late_night,rain,10,2
7192,966,2026-01-21 06:00:00,21,2,0,dinner,clear,11,1
7193,966,2026-06-29 16:00:00,29,0,1,dinner,rain,5,1
7194,966,2026-03-15 20:00:00,15,6,0,breakfast,clear,14,1
7195,966,2026-06-06 06:00:00,6,5,1,breakfast,clear,11,3
7196,967,2026-04-18 14:00:00,18,5,0,late_night,rain,1,1
7197,967,2026-05-16 02:00:00,16,5,0,dinner,clear,14,3
7198,967,2026-04-19 16:00:00,19,6,0,dinner,clear,4,2
7199,968,2026-06-29 22:00:00,29,0,1,dinner,clear,9,1
7200,968,2026-05-11 22:00:00,11,0,0,dinner,extreme,3,3
7201,968,2026-05-28 08:00:00,28,3,1,dinner,rain,13,4
7202,968,2026-06-14 12:00:00,14,6,0,dinner,clear,11,1
7203,968,2026-01-21 04:00:00,21,2,0,lunch,clear,9,4
7204,968,2026-02-02 07:00:00,2,0,1,dinner,extreme,9,1
7205,968,2026-02-15 01:00:00,15,6,0,late_night,extreme,6,4
7206,968,2026-03-24 16:00:00,24,1,0,dinner,clear,10,1
7207,969,2026-04-10 04:00:00,10,4,0,lunch,rain,8,3
7208,969,2026-06-13 20:00:00,13,5,0,lunch,clear,5,1
7209,969,2026-06-25 23:00:00,25,3,1,lunch,clear,2,1
7210,969,2026-02-07 21:00:00,7,5,1,breakfast,clear,5,1
7211,969,2026-03-19 12:00:00,19,3,0,late_night,clear,12,2
7212,969,2026-01-13 20:00:00,13,1,0,dinner,clear,6,4
7213,969,2026-01-01 10:00:00,1,3,1,lunch,clear,11,2
7214,969,2026-02-03 20:00:00,3,1,1,dinner,rain,10,1
7215,969,2026-04-23 02:00:00,23,3,0,late_night,clear,5,1
7216,969,2026-06-11 05:00:00,11,3,0,lunch,extreme,12,1
7217,969,2026-05-17 12:00:00,17,6,0,dinner,clear,5,1
7218,970,2026-03-27 23:00:00,27,4,1,lunch,clear,8,2
7219,971,2026-06-12 10:00:00,12,4,0,dinner,clear,6,4
7220,971,2026-06-25 06:00:00,25,3,1,lunch,rain,9,1
7221,971,2026-02-25 22:00:00,25,2,1,lunch,rain,9,5
7222,971,2026-05-18 12:00:00,18,0,0,late_night,rain,14,1
7223,971,2026-06-02 10:00:00,2,1,1,dinner,clear,8,1
7224,971,2026-03-31 20:00:00,31,1,1,late_night,extreme,10,4
7225,971,2026-02-01 05:00:00,1,6,1,dinner,clear,8,1
7226,971,2026-05-14 01:00:00,14,3,0,breakfast,clear,4,1
7227,971,2026-03-05 19:00:00,5,3,1,breakfast,rain,6,2
7228,971,2026-04-10 17:00:00,10,4,0,breakfast,clear,3,3
7229,971,2026-06-07 11:00:00,7,6,1,dinner,clear,5,1
7230,971,2026-06-16 01:00:00,16,1,0,breakfast,rain,10,1
7231,972,2026-03-12 22:00:00,12,3,0,late_night,rain,1,1
7232,972,2026-02-23 09:00:00,23,0,0,dinner,clear,6,1
7233,972,2026-06-21 17:00:00,21,6,0,dinner,clear,8,1
7234,972,2026-02-11 11:00:00,11,2,0,dinner,clear,4,2
7235,972,2026-04-12 17:00:00,12,6,0,dinner,clear,3,1
7236,973,2026-04-28 09:00:00,28,1,1,dinner,clear,11,1
7237,973,2026-05-12 14:00:00,12,1,0,dinner,clear,3,1
7238,973,2026-03-05 18:00:00,5,3,1,dinner,clear,11,1
7239,973,2026-03-06 01:00:00,6,4,1,late_night,clear,4,4
7240,973,2026-05-23 03:00:00,23,5,0,dinner,rain,3,3
7241,973,2026-05-25 09:00:00,25,0,1,breakfast,clear,3,1
7242,973,2026-04-02 01:00:00,2,3,1,breakfast,extreme,9,1
7243,973,2026-05-19 02:00:00,19,1,0,breakfast,clear,8,1
7244,974,2026-02-04 20:00:00,4,2,1,lunch,clear,14,2
7245,974,2026-01-27 08:00:00,27,1,1,late_night,clear,14,1
7246,974,2026-01-15 09:00:00,15,3,0,lunch,clear,5,1
7247,974,2026-06-18 14:00:00,18,3,0,late_night,clear,11,1
7248,974,2026-05-03 08:00:00,3,6,1,breakfast,clear,8,2
7249,974,2026-02-14 15:00:00,14,5,0,lunch,extreme,14,1
7250,974,2026-04-22 15:00:00,22,2,0,breakfast,rain,11,1
7251,975,2026-01-24 17:00:00,24,5,0,lunch,clear,2,3
7252,975,2026-05-21 15:00:00,21,3,0,lunch,clear,6,1
7253,975,2026-04-04 15:00:00,4,5,1,lunch,clear,2,2
7254,975,2026-01-24 11:00:00,24,5,0,dinner,clear,5,2
7255,975,2026-05-17 05:00:00,17,6,0,lunch,clear,13,1
7256,975,2026-02-21 03:00:00,21,5,0,late_night,rain,6,1
7257,975,2026-04-09 22:00:00,9,3,0,lunch,clear,10,1
7258,975,2026-03-01 17:00:00,1,6,1,dinner,rain,1,3
7259,975,2026-02-27 22:00:00,27,4,1,lunch,clear,6,1
7260,976,2026-06-29 18:00:00,29,0,1,breakfast,clear,7,2
7261,976,2026-05-16 08:00:00,16,5,0,breakfast,clear,11,3
7262,976,2026-05-06 00:00:00,6,2,1,late_night,clear,7,3
7263,976,2026-06-07 20:00:00,7,6,1,dinner,clear,7,1
7264,976,2026-04-28 17:00:00,28,1,1,lunch,extreme,2,2
7265,976,2026-06-11 10:00:00,11,3,0,dinner,rain,9,1
7266,976,2026-06-22 05:00:00,22,0,0,dinner,clear,10,1
7267,976,2026-03-23 05:00:00,23,0,0,lunch,rain,11,3
7268,976,2026-05-13 02:00:00,13,2,0,dinner,extreme,2,2
7269,976,2026-05-08 06:00:00,8,4,0,late_night,rain,9,2
7270,976,2026-03-17 08:00:00,17,1,0,lunch,clear,9,4
7271,976,2026-01-04 19:00:00,4,6,1,late_night,clear,13,1
7272,976,2026-06-25 13:00:00,25,3,1,lunch,clear,6,2
7273,977,2026-01-16 09:00:00,16,4,0,breakfast,rain,8,3
7274,978,2026-05-21 13:00:00,21,3,0,lunch,clear,9,1
7275,978,2026-03-11 21:00:00,11,2,0,late_night,clear,11,1
7276,978,2026-03-04 03:00:00,4,2,1,breakfast,clear,12,1
7277,978,2026-02-17 20:00:00,17,1,0,lunch,clear,7,1
7278,979,2026-05-22 07:00:00,22,4,0,lunch,extreme,12,1
7279,980,2026-02-03 00:00:00,3,1,1,dinner,clear,10,1
7280,980,2026-01-17 07:00:00,17,5,0,lunch,clear,5,1
7281,980,2026-06-08 10:00:00,8,0,0,late_night,clear,12,2
7282,980,2026-02-05 13:00:00,5,3,1,dinner,extreme,4,1
7283,981,2026-06-20 01:00:00,20,5,0,late_night,clear,6,1
7284,981,2026-01-30 15:00:00,30,4,1,dinner,clear,9,5
7285,981,2026-06-03 11:00:00,3,2,1,lunch,clear,8,1
7286,981,2026-06-25 10:00:00,25,3,1,dinner,clear,2,1
7287,981,2026-05-18 22:00:00,18,0,0,breakfast,clear,10,1
7288,981,2026-03-22 17:00:00,22,6,0,lunch,clear,14,2
7289,981,2026-01-24 12:00:00,24,5,0,dinner,clear,8,2
7290,981,2026-03-20 23:00:00,20,4,0,lunch,clear,4,1
7291,981,2026-06-18 08:00:00,18,3,0,late_night,clear,3,3
7292,981,2026-04-15 09:00:00,15,2,0,late_night,clear,11,1
7293,981,2026-05-29 12:00:00,29,4,1,dinner,clear,9,1
7294,982,2026-04-06 20:00:00,6,0,1,dinner,clear,5,1
7295,982,2026-04-12 01:00:00,12,6,0,lunch,clear,1,1
7296,982,2026-01-17 21:00:00,17,5,0,lunch,rain,6,2
7297,982,2026-06-21 11:00:00,21,6,0,lunch,rain,1,2
7298,982,2026-05-27 05:00:00,27,2,1,breakfast,rain,4,3
7299,982,2026-05-18 17:00:00,18,0,0,lunch,clear,3,1
7300,982,2026-04-08 12:00:00,8,2,0,late_night,clear,8,2
7301,982,2026-06-26 13:00:00,26,4,1,dinner,clear,4,1
7302,983,2026-02-04 11:00:00,4,2,1,lunch,clear,6,1
7303,983,2026-03-28 09:00:00,28,5,1,lunch,clear,3,2
7304,983,2026-04-18 00:00:00,18,5,0,dinner,extreme,3,1
7305,983,2026-03-18 01:00:00,18,2,0,late_night,clear,11,1
7306,983,2026-03-10 18:00:00,10,1,0,breakfast,extreme,9,4
7307,983,2026-05-29 00:00:00,29,4,1,lunch,clear,12,2
7308,983,2026-01-26 22:00:00,26,0,1,breakfast,clear,14,4
7309,983,2026-01-03 12:00:00,3,5,1,late_night,rain,1,3
7310,983,2026-05-17 12:00:00,17,6,0,breakfast,clear,13,1
7311,983,2026-03-20 05:00:00,20,4,0,dinner,clear,4,2
7312,983,2026-04-13 22:00:00,13,0,0,breakfast,clear,1,2
7313,983,2026-06-06 22:00:00,6,5,1,late_night,clear,13,1
7314,983,2026-05-04 17:00:00,4,0,1,lunch,clear,6,4
7315,983,2026-02-28 04:00:00,28,5,1,dinner,clear,1,1
7316,984,2026-03-25 06:00:00,25,2,1,late_night,clear,3,1
7317,984,2026-04-29 22:00:00,29,2,1,breakfast,extreme,10,1
7318,984,2026-05-05 01:00:00,5,1,1,lunch,clear,9,2
7319,984,2026-01-21 13:00:00,21,2,0,breakfast,clear,1,3
7320,984,2026-06-01 16:00:00,1,0,1,lunch,clear,12,1
7321,984,2026-02-15 21:00:00,15,6,0,dinner,clear,11,1
7322,984,2026-05-05 04:00:00,5,1,1,late_night,clear,3,3
7323,984,2026-06-07 10:00:00,7,6,1,breakfast,clear,5,1
7324,984,2026-03-02 12:00:00,2,0,1,lunch,rain,7,1
7325,984,2026-01-31 20:00:00,31,5,1,lunch,extreme,5,2
7326,984,2026-02-18 22:00:00,18,2,0,dinner,clear,13,1
7327,985,2026-02-01 09:00:00,1,6,1,lunch,clear,3,1
7328,985,2026-03-04 09:00:00,4,2,1,breakfast,rain,13,3
7329,985,2026-05-23 21:00:00,23,5,0,breakfast,extreme,10,1
7330,985,2026-02-15 11:00:00,15,6,0,breakfast,clear,1,5
7331,986,2026-04-27 17:00:00,27,0,1,dinner,clear,8,2
7332,986,2026-03-02 11:00:00,2,0,1,breakfast,clear,13,1
7333,986,2026-03-17 06:00:00,17,1,0,dinner,clear,11,2
7334,986,2026-03-27 11:00:00,27,4,1,lunch,clear,6,3
7335,987,2026-03-05 17:00:00,5,3,1,breakfast,clear,2,2
7336,987,2026-01-29 17:00:00,29,3,1,lunch,clear,14,1
7337,987,2026-02-15 17:00:00,15,6,0,breakfast,clear,5,1
7338,987,2026-04-23 17:00:00,23,3,0,breakfast,clear,13,1
7339,987,2026-04-02 05:00:00,2,3,1,lunch,clear,8,1
7340,988,2026-01-28 04:00:00,28,2,1,dinner,extreme,11,2
7341,988,2026-01-10 01:00:00,10,5,0,late_night,clear,12,2
7342,988,2026-01-15 13:00:00,15,3,0,lunch,clear,8,1
7343,988,2026-04-25 09:00:00,25,5,1,lunch,clear,3,1
7344,988,2026-02-16 17:00:00,16,0,0,breakfast,clear,12,3
7345,988,2026-05-06 08:00:00,6,2,1,late_night,clear,7,2
7346,988,2026-06-16 11:00:00,16,1,0,lunch,clear,1,1
7347,988,2026-04-13 10:00:00,13,0,0,lunch,clear,1,1
7348,988,2026-01-25 12:00:00,25,6,1,dinner,rain,8,4
7349,988,2026-01-31 05:00:00,31,5,1,breakfast,clear,13,1
7350,989,2026-04-19 10:00:00,19,6,0,lunch,clear,6,2
7351,990,2026-04-30 10:00:00,30,3,1,lunch,rain,4,2
7352,990,2026-05-21 15:00:00,21,3,0,breakfast,extreme,13,1
7353,990,2026-06-16 06:00:00,16,1,0,dinner,clear,12,1
7354,990,2026-03-16 07:00:00,16,0,0,dinner,clear,12,1
7355,990,2026-04-29 04:00:00,29,2,1,late_night,clear,8,2
7356,990,2026-03-25 19:00:00,25,2,1,dinner,clear,1,1
7357,990,2026-06-08 16:00:00,8,0,0,lunch,clear,5,1
7358,990,2026-01-07 02:00:00,7,2,1,dinner,clear,13,1
7359,990,2026-06-24 10:00:00,24,2,0,late_night,clear,14,1
7360,991,2026-01-18 16:00:00,18,6,0,late_night,extreme,14,1
7361,991,2026-06-17 13:00:00,17,2,0,dinner,clear,3,3
7362,991,2026-03-15 20:00:00,15,6,0,late_night,clear,13,1
7363,991,2026-01-01 03:00:00,1,3,1,late_night,extreme,9,1
7364,991,2026-05-03 02:00:00,3,6,1,dinner,clear,8,2
7365,991,2026-05-21 16:00:00,21,3,0,breakfast,clear,14,1
7366,991,2026-02-08 01:00:00,8,6,0,breakfast,clear,13,2
7367,991,2026-03-28 05:00:00,28,5,1,late_night,clear,3,4
7368,991,2026-05-22 19:00:00,22,4,0,breakfast,clear,10,2
7369,991,2026-02-03 05:00:00,3,1,1,dinner,clear,14,1
7370,991,2026-05-02 05:00:00,2,5,1,lunch,clear,4,1
7371,992,2026-01-04 08:00:00,4,6,1,breakfast,rain,11,1
7372,992,2026-05-19 12:00:00,19,1,0,dinner,clear,14,3
7373,992,2026-01-12 23:00:00,12,0,0,dinner,clear,1,4
7374,992,2026-03-24 10:00:00,24,1,0,breakfast,clear,6,2
7375,992,2026-02-18 16:00:00,18,2,0,late_night,clear,7,2
7376,992,2026-06-25 07:00:00,25,3,1,lunch,clear,1,1
7377,992,2026-04-21 16:00:00,21,1,0,breakfast,rain,13,1
7378,992,2026-05-22 12:00:00,22,4,0,dinner,clear,7,1
7379,992,2026-05-05 20:00:00,5,1,1,breakfast,clear,2,1
7380,992,2026-05-16 11:00:00,16,5,0,lunch,clear,1,3
7381,992,2026-01-05 08:00:00,5,0,1,breakfast,extreme,9,2
7382,992,2026-05-27 16:00:00,27,2,1,late_night,clear,14,4
7383,992,2026-02-05 03:00:00,5,3,1,dinner,clear,1,3
7384,992,2026-04-02 07:00:00,2,3,1,breakfast,clear,2,1
7385,993,2026-06-27 22:00:00,27,5,1,dinner,clear,6,4
7386,993,2026-02-06 22:00:00,6,4,1,breakfast,clear,3,1
7387,994,2026-05-05 21:00:00,5,1,1,breakfast,clear,10,2
7388,994,2026-02-20 17:00:00,20,4,0,lunch,clear,3,1
7389,994,2026-04-08 19:00:00,8,2,0,lunch,rain,13,2
7390,994,2026-05-17 08:00:00,17,6,0,dinner,rain,8,2
7391,994,2026-01-05 19:00:00,5,0,1,lunch,clear,2,3
7392,995,2026-04-06 04:00:00,6,0,1,lunch,clear,7,3
7393,995,2026-01-12 22:00:00,12,0,0,dinner,extreme,7,1
7394,995,2026-01-30 01:00:00,30,4,1,dinner,clear,10,1
7395,995,2026-04-22 01:00:00,22,2,0,breakfast,clear,7,2
7396,995,2026-06-19 20:00:00,19,4,0,dinner,rain,9,2
7397,995,2026-05-30 01:00:00,30,5,1,lunch,clear,10,1
7398,995,2026-05-20 19:00:00,20,2,0,breakfast,extreme,13,2
7399,995,2026-04-30 21:00:00,30,3,1,dinner,clear,11,1
7400,995,2026-06-09 05:00:00,9,1,0,dinner,clear,2,1
7401,995,2026-06-26 08:00:00,26,4,1,breakfast,rain,6,2
7402,995,2026-03-16 14:00:00,16,0,0,lunch,clear,1,1
7403,995,2026-01-17 19:00:00,17,5,0,late_night,extreme,7,2
7404,995,2026-01-20 11:00:00,20,1,0,late_night,clear,5,1
7405,996,2026-05-15 08:00:00,15,4,0,breakfast,clear,12,1
7406,996,2026-02-24 04:00:00,24,1,0,late_night,clear,7,2
7407,996,2026-01-30 03:00:00,30,4,1,breakfast,extreme,12,3
7408,996,2026-01-24 13:00:00,24,5,0,lunch,extreme,10,1
7409,996,2026-03-21 16:00:00,21,5,0,dinner,rain,8,1
7410,996,2026-06-02 07:00:00,2,1,1,breakfast,clear,13,4
7411,996,2026-03-13 17:00:00,13,4,0,late_night,clear,4,3
7412,996,2026-01-03 04:00:00,3,5,1,breakfast,extreme,10,1
7413,996,2026-05-11 21:00:00,11,0,0,breakfast,rain,2,1
7414,996,2026-06-18 12:00:00,18,3,0,breakfast,extreme,1,3
7415,996,2026-02-10 20:00:00,10,1,0,dinner,rain,13,1
7416,996,2026-06-16 23:00:00,16,1,0,dinner,rain,5,2
7417,996,2026-04-15 15:00:00,15,2,0,late_night,clear,10,2
7418,997,2026-01-18 06:00:00,18,6,0,late_night,clear,2,2
7419,997,2026-06-02 00:00:00,2,1,1,dinner,clear,11,2
7420,997,2026-03-19 05:00:00,19,3,0,lunch,rain,8,3
7421,997,2026-02-02 20:00:00,2,0,1,late_night,rain,3,2
7422,997,2026-03-15 21:00:00,15,6,0,dinner,clear,4,1
7423,997,2026-03-26 20:00:00,26,3,1,breakfast,clear,5,2
7424,997,2026-04-28 07:00:00,28,1,1,lunch,extreme,5,2
7425,997,2026-02-09 11:00:00,9,0,0,late_night,rain,5,3
7426,997,2026-03-13 17:00:00,13,4,0,dinner,clear,9,1
7427,997,2026-05-13 05:00:00,13,2,0,lunch,clear,14,1
7428,998,2026-02-08 06:00:00,8,6,0,breakfast,clear,10,2
7429,998,2026-04-05 15:00:00,5,6,1,late_night,clear,14,2
7430,998,2026-02-25 17:00:00,25,2,1,lunch,clear,10,2
7431,998,2026-01-24 15:00:00,24,5,0,lunch,clear,10,2
7432,998,2026-04-23 13:00:00,23,3,0,late_night,clear,12,1
7433,998,2026-06-27 16:00:00,27,5,1,breakfast,rain,13,2
7434,999,2026-05-13 11:00:00,13,2,0,lunch,clear,9,4
7435,999,2026-03-29 08:00:00,29,6,1,lunch,clear,14,1
