customer_id,locality_affluence,historical_avg_spend,budget_std_dev,paycheck_expansion_ratio,basket_discount_sensitivity,restaurant_offer_sensitivity,new_food_propensity,loyalty_score,pref_north_indian,pref_south_indian,pref_chinese,pref_italian,pref_mughlai,pref_continental,pref_desserts,pref_beverages
0,0.439,2898.15,757.49,1.5,0.499,0.532,0.113,0.381,0.1113,0.0822,0.1208,0.001,0.0673,0.4702,0.033,0.1142
1,0.522,2819.19,785.75,1.25,0.521,0.472,0.416,0.901,0.1387,0.3441,0.114,0.0561,0.0704,0.0001,0.068,0.2085
2,0.612,3245.56,914.92,1.28,0.279,0.719,0.323,0.847,0.0623,0.0136,0.1287,0.1437,0.2502,0.1876,0.0425,0.1713
3,0.514,3059.9,647.07,1.5,0.41,0.369,0.491,0.844,0.3972,0.1098,0.1501,0.2221,0.078,0.0001,0.0125,0.0303
4,0.648,4417.97,833.17,1.16,0.398,0.613,0.328,0.665,0.0041,0.0373,0.1254,0.3971,0.1985,0.0061,0.202,0.0294
5,0.72,2425.92,312.75,1.16,0.298,0.596,0.376,0.756,0.0969,0.1953,0.1157,0.28,0.0502,0.2073,0.0008,0.0538
6,0.517,2756.19,373.15,1.41,0.089,0.604,0.329,0.702,0.0098,0.0952,0.5717,0.1081,0.185,0.0068,0.0031,0.0203
7,0.335,1497.3,446.15,1.53,0.531,0.73,0.305,0.535,0.3567,0.0789,0.0791,0.0182,0.3305,0.046,0.0516,0.0391
8,0.618,1598.92,486.75,1.25,0.628,0.697,0.148,0.455,0.0227,0.385,0.1423,0.1076,0.1372,0.0093,0.0016,0.1943
9,0.776,5149.84,1719.78,1.18,0.463,0.406,0.586,0.642,0.0123,0.1953,0.0288,0.1222,0.2125,0.2772,0.1447,0.007
10,0.376,1488.19,438.99,1.2,0.359,0.411,0.407,0.837,0.0845,0.2666,0.2135,0.0069,0.3459,0.0734,0.0005,0.0087
11,0.525,2895.11,929.17,1.38,0.161,0.448,0.11,0.525,0.0377,0.1177,0.2232,0.0449,0.015,0.0336,0.1452,0.3826
12,0.774,3140.67,431.69,1.15,0.249,0.614,0.126,0.58,0.0063,0.0591,0.0494,0.0767,0.0628,0.4448,0.0126,0.2883
13,0.468,3472.72,454.15,1.57,0.123,0.626,0.39,0.91,0.0362,0.4298,0.0004,0.1388,0.0032,0.1522,0.2328,0.0066
14,0.664,1239.73,287.58,1.26,0.095,0.359,0.256,0.779,0.1868,0.0473,0.1346,0.312,0.0297,0.0771,0.0032,0.2093
15,0.423,3023.92,1016.05,1.56,0.059,0.765,0.166,0.658,0.0195,0.1927,0.0953,0.0573,0.3096,0.0127,0.166,0.147
16,0.331,1959.19,622.69,1.32,0.269,0.407,0.426,0.849,0.2214,0.0403,0.1985,0.1208,0.0625,0.2537,0.052,0.0508
17,0.43,1671.8,176.82,1.24,0.414,0.564,0.371,0.301,0.1882,0.3468,0.0284,0.1883,0.0008,0.0017,0.1115,0.1344
18,0.589,2095.49,672.46,1.22,0.336,0.62,0.401,0.625,0.0438,0.2657,0.231,0.0777,0.0083,0.269,0.0224,0.0821
19,0.523,3387.32,468.25,1.57,0.268,0.517,0.101,0.783,0.1454,0.0022,0.1544,0.0299,0.0072,0.2699,0.2732,0.1177
20,0.648,3198.42,1053.85,1.46,0.121,0.557,0.354,0.766,0.0651,0.0141,0.1529,0.2845,0.1094,0.0208,0.0301,0.3232
21,0.358,1936.88,483.58,1.47,0.479,0.323,0.259,0.8,0.1398,0.0988,0.3111,0.1049,0.1856,0.1407,0.0097,0.0095
22,0.658,1521.37,361.33,1.24,0.381,0.44,0.447,0.772,0.059,0.3434,0.0511,0.2275,0.1139,0.0339,0.1351,0.0363
23,0.42,1378.11,243.46,1.43,0.204,0.328,0.533,0.545,0.0654,0.1993,0.0364,0.1325,0.0042,0.0351,0.3646,0.1625
24,0.617,3176.38,961.6,1.19,0.04,0.692,0.202,0.778,0.1627,0.0155,0.0115,0.0051,0.2385,0.2894,0.1131,0.1641
25,0.601,1397.98,211.78,1.21,0.469,0.175,0.428,0.725,0.0305,0.1103,0.074,0.2693,0.0883,0.1159,0.2092,0.1025
26,0.246,1815.11,453.57,1.16,0.668,0.21,0.043,0.942,0.0225,0.0087,0.105,0.356,0.0699,0.1614,0.2161,0.0604
27,0.655,7004.16,1837.02,1.42,0.26,0.511,0.132,0.641,0.0757,0.1129,0.2369,0.0003,0.0101,0.1348,0.1726,0.2567
28,0.476,2620.78,386.0,1.55,0.119,0.785,0.245,0.62,0.0408,0.0431,0.0322,0.4112,0.0939,0.2356,0.0761,0.067
29,0.825,3500.49,877.89,1.48,0.213,0.764,0.373,0.535,0.0152,0.0053,0.0506,0.1633,0.1052,0.0958,0.046,0.5185
30,0.416,1378.84,356.6,1.2,0.164,0.544,0.177,0.567,0.3305,0.1903,0.1342,0.066,0.0547,0.0078,0.1784,0.0382
31,0.769,1550.88,305.87,1.18,0.36,0.269,0.572,0.643,0.0391,0.0233,0.0948,0.3061,0.0434,0.1227,0.0357,0.335
32,0.351,2790.76,796.67,1.28,0.141,0.724,0.028,0.728,0.0939,0.4402,0.0265,0.0315,0.2035,0.055,0.0461,0.1033
33,0.221,1673.64,426.02,1.35,0.499,0.554,0.512,0.377,0.0891,0.323,0.1679,0.0013,0.0335,0.1281,0.0768,0.1804
34,0.686,3891.76,1010.95,1.24,0.181,0.378,0.316,0.782,0.0298,0.0027,0.0256,0.408,0.0895,0.2041,0.2344,0.006
35,0.237,2003.9,386.73,1.16,0.201,0.456,0.266,0.782,0.0317,0.0065,0.0889,0.274,0.1696,0.0291,0.3013,0.0989
36,0.271,8017.78,2700.41,1.5,0.559,0.602,0.425,0.456,0.2734,0.1315,0.0913,0.1679,0.1297,0.0482,0.0734,0.0845
37,0.761,2089.08,270.73,1.51,0.526,0.62,0.278,0.643,0.1433,0.1818,0.1974,0.0936,0.1703,0.0461,0.0554,0.1122
38,0.472,2542.18,820.83,1.34,0.174,0.378,0.61,0.752,0.1743,0.096,0.0523,0.349,0.1349,0.0562,0.1338,0.0035
39,0.583,1681.06,517.59,1.43,0.197,0.298,0.341,0.443,0.3809,0.0378,0.0641,0.0717,0.2709,0.097,0.0243,0.0534
40,0.648,3754.59,594.4,1.18,0.286,0.342,0.283,0.923,0.0122,0.0862,0.0236,0.0008,0.1266,0.0547,0.6187,0.0771
41,0.65,2967.3,300.59,1.28,0.753,0.15,0.257,0.571,0.0141,0.0639,0.3675,0.344,0.0482,0.0095,0.0018,0.1511
42,0.466,1536.15,486.03,1.26,0.316,0.96,0.02,0.558,0.0409,0.1027,0.0575,0.0847,0.0844,0.4652,0.1599,0.0048
43,0.149,1637.35,251.84,1.17,0.682,0.373,0.467,0.824,0.1521,0.131,0.2265,0.2125,0.0116,0.0005,0.2399,0.0259
44,0.314,3576.36,472.19,1.49,0.144,0.43,0.115,0.809,0.0461,0.0076,0.0799,0.0872,0.0873,0.5353,0.0587,0.0979
45,0.374,3533.48,1037.46,1.38,0.364,0.267,0.087,0.896,0.0667,0.2998,0.1001,0.2528,0.0156,0.003,0.0285,0.2335
46,0.749,1483.29,380.22,1.35,0.463,0.239,0.138,0.973,0.081,0.0606,0.4029,0.1224,0.1003,0.0749,0.1305,0.0274
47,0.759,2178.45,558.52,1.18,0.422,0.281,0.293,0.877,0.0001,0.1894,0.0206,0.0702,0.3413,0.015,0.2093,0.1542
48,0.243,4095.88,665.38,1.42,0.362,0.582,0.163,0.662,0.2887,0.2498,0.138,0.0454,0.0502,0.0322,0.1603,0.0354
49,0.449,2091.48,710.43,1.39,0.545,0.631,0.668,0.973,0.1553,0.0791,0.1134,0.0265,0.3282,0.2821,0.0129,0.0026
50,0.843,2937.73,941.39,1.41,0.591,0.513,0.457,0.621,0.3149,0.0217,0.0733,0.0317,0.0666,0.2758,0.2148,0.0012
51,0.506,3479.99,425.75,1.33,0.313,0.594,0.375,0.556,0.2533,0.015,0.1657,0.0344,0.3948,0.0525,0.0651,0.0191
52,0.621,1439.04,488.27,1.31,0.504,0.145,0.276,0.794,0.0935,0.3885,0.0521,0.1325,0.0284,0.2905,0.0007,0.0137
53,0.621,1683.11,308.8,1.18,0.457,0.596,0.633,0.676,0.0273,0.092,0.1298,0.1842,0.0694,0.2939,0.1721,0.0314
54,0.601,2131.38,726.83,1.5,0.206,0.459,0.192,0.35,0.0023,0.0151,0.3545,0.2029,0.171,0.0463,0.0953,0.1126
55,0.439,3598.63,747.58,1.36,0.839,0.615,0.25,0.656,0.0573,0.0945,0.023,0.1752,0.1399,0.3281,0.0847,0.0974
56,0.233,2955.0,622.64,1.25,0.188,0.525,0.073,0.898,0.0045,0.0584,0.0625,0.09,0.001,0.2477,0.0432,0.4928
57,0.62,3267.89,485.0,1.23,0.562,0.367,0.182,0.862,0.0354,0.0595,0.1641,0.2442,0.1242,0.0665,0.0955,0.2105
58,0.662,2366.87,369.9,1.29,0.148,0.715,0.247,0.938,0.2011,0.033,0.1747,0.0095,0.0301,0.046,0.287,0.2186
59,0.27,3158.82,500.07,1.58,0.242,0.682,0.04,0.838,0.1986,0.0739,0.0025,0.2323,0.0127,0.308,0.0164,0.1557
60,0.847,2572.5,671.74,1.36,0.055,0.205,0.141,0.69,0.1717,0.1049,0.3639,0.0034,0.0548,0.1965,0.0623,0.0425
61,0.082,2236.96,588.25,1.36,0.176,0.551,0.363,0.95,0.0383,0.0758,0.0668,0.4594,0.1426,0.0069,0.0175,0.1927
62,0.104,2595.97,559.67,1.22,0.275,0.285,0.222,0.601,0.0151,0.3114,0.0214,0.3535,0.0393,0.125,0.0383,0.0961
63,0.242,3895.64,766.16,1.54,0.285,0.561,0.303,0.829,0.1303,0.0211,0.0268,0.1725,0.2163,0.3654,0.0403,0.0274
64,0.399,2124.62,490.23,1.33,0.469,0.559,0.303,0.827,0.0588,0.009,0.0138,0.1455,0.4485,0.2869,0.017,0.0205
65,0.517,2007.11,413.97,1.19,0.165,0.633,0.456,0.901,0.3529,0.15,0.0281,0.1015,0.1238,0.0222,0.1501,0.0713
66,0.466,3788.45,514.58,1.2,0.213,0.627,0.329,0.387,0.2291,0.0174,0.0445,0.0861,0.1763,0.218,0.2045,0.0241
67,0.515,4014.01,1377.55,1.29,0.446,0.435,0.294,0.719,0.0001,0.518,0.0053,0.0373,0.1021,0.1381,0.1288,0.0702
68,0.397,1746.43,455.47,1.23,0.274,0.444,0.315,0.434,0.1961,0.1751,0.0964,0.0,0.1664,0.0678,0.0066,0.2916
69,0.793,1714.3,254.53,1.37,0.284,0.266,0.134,0.577,0.1637,0.0145,0.041,0.3074,0.19,0.0266,0.2104,0.0465
70,0.378,3495.95,557.96,1.4,0.166,0.432,0.212,0.398,0.1812,0.0656,0.1565,0.1907,0.1051,0.1265,0.1694,0.0051
71,0.44,1153.7,372.78,1.53,0.124,0.243,0.141,0.531,0.0206,0.3105,0.2501,0.0807,0.0315,0.0004,0.1807,0.1256
72,0.283,1030.23,152.12,1.29,0.018,0.528,0.121,0.563,0.1834,0.0008,0.3394,0.0272,0.0282,0.0524,0.1211,0.2475
73,0.493,2058.23,534.76,1.33,0.072,0.525,0.307,0.395,0.0131,0.1441,0.0024,0.3511,0.0627,0.07,0.2928,0.0637
74,0.718,2576.05,647.13,1.28,0.531,0.616,0.369,0.776,0.0499,0.0077,0.0297,0.1826,0.3206,0.1112,0.1712,0.1269
75,0.819,1697.35,386.29,1.58,0.541,0.76,0.44,0.774,0.1778,0.1178,0.1113,0.2297,0.0514,0.0012,0.0374,0.2735
76,0.603,2550.38,320.57,1.56,0.356,0.54,0.556,0.688,0.2438,0.1809,0.1332,0.0047,0.1264,0.1005,0.0006,0.2099
77,0.543,2516.2,848.43,1.25,0.17,0.292,0.235,0.614,0.061,0.014,0.1357,0.0078,0.2037,0.508,0.019,0.0509
78,0.423,1746.94,208.62,1.45,0.046,0.901,0.712,0.532,0.0149,0.0714,0.1867,0.0736,0.0,0.4296,0.1189,0.105
79,0.609,5280.96,1530.07,1.21,0.538,0.413,0.184,0.8,0.1677,0.1967,0.0269,0.068,0.2904,0.1297,0.0845,0.0361
80,0.375,2444.7,657.61,1.48,0.245,0.715,0.419,0.905,0.0039,0.1751,0.1405,0.3113,0.0579,0.1515,0.0699,0.0898
81,0.599,3657.43,695.69,1.52,0.547,0.651,0.416,0.627,0.2273,0.03,0.2879,0.0865,0.0019,0.0183,0.0067,0.3413
82,0.503,1235.77,412.41,1.26,0.129,0.499,0.448,0.494,0.0832,0.224,0.0327,0.2228,0.0124,0.1448,0.0503,0.2298
83,0.573,1278.7,190.57,1.59,0.368,0.695,0.213,0.748,0.0621,0.0352,0.1019,0.2306,0.1547,0.0329,0.1965,0.1861
84,0.743,3008.08,883.87,1.52,0.118,0.479,0.215,0.802,0.1412,0.0703,0.1556,0.0644,0.1244,0.0217,0.3841,0.0383
85,0.261,4034.53,1296.34,1.37,0.221,0.632,0.177,0.709,0.1814,0.0738,0.129,0.0277,0.056,0.0019,0.2672,0.263
86,0.543,1509.36,243.08,1.19,0.652,0.371,0.124,0.247,0.0285,0.1715,0.1115,0.0425,0.0234,0.2049,0.3169,0.1008
87,0.475,2308.48,695.84,1.33,0.306,0.449,0.239,0.725,0.0368,0.0398,0.0337,0.3104,0.0008,0.1382,0.0663,0.374
88,0.577,1404.95,239.44,1.36,0.484,0.036,0.231,0.688,0.2057,0.022,0.0902,0.23,0.2454,0.0301,0.1521,0.0245
89,0.58,1729.53,295.07,1.53,0.232,0.295,0.253,0.816,0.1113,0.0296,0.1259,0.0242,0.1372,0.2339,0.2005,0.1373
90,0.563,2468.71,736.55,1.35,0.734,0.521,0.21,0.476,0.2376,0.0255,0.148,0.0073,0.1088,0.0897,0.1677,0.2154
91,0.722,2034.35,400.62,1.16,0.636,0.706,0.347,0.961,0.2067,0.0347,0.2757,0.0163,0.0572,0.1321,0.0078,0.2695
92,0.793,1520.19,348.51,1.31,0.263,0.393,0.361,0.546,0.0755,0.0063,0.0474,0.0169,0.1284,0.3476,0.2795,0.0984
93,0.44,1256.12,288.25,1.31,0.179,0.334,0.467,0.385,0.0716,0.1726,0.021,0.3628,0.099,0.0231,0.2105,0.0394
94,0.334,944.94,315.82,1.45,0.16,0.785,0.571,0.925,0.0133,0.0868,0.1023,0.09,0.2571,0.0601,0.2355,0.1548
95,0.217,2260.7,698.38,1.26,0.273,0.634,0.103,0.376,0.2585,0.2232,0.0167,0.0451,0.0602,0.3214,0.0037,0.0711
96,0.831,3313.26,543.32,1.22,0.368,0.789,0.188,0.682,0.0134,0.1126,0.1126,0.177,0.1359,0.038,0.3791,0.0314
97,0.302,2498.64,347.12,1.34,0.209,0.486,0.274,0.627,0.1338,0.3174,0.0073,0.0377,0.1135,0.1168,0.1399,0.1336
98,0.441,1486.65,167.24,1.42,0.459,0.725,0.158,0.513,0.2133,0.2564,0.0347,0.1456,0.139,0.0056,0.0976,0.1078
99,0.487,3279.72,680.28,1.27,0.444,0.204,0.365,0.523,0.1666,0.0101,0.2983,0.2112,0.1104,0.1955,0.0004,0.0076
100,0.358,2704.24,906.31,1.35,0.419,0.807,0.344,0.628,0.0007,0.396,0.021,0.2788,0.0304,0.0865,0.1006,0.086
101,0.479,2190.5,531.28,1.47,0.796,0.466,0.228,0.467,0.0711,0.3105,0.0365,0.0675,0.0031,0.1173,0.2359,0.1581
102,0.801,2415.56,487.54,1.43,0.294,0.476,0.471,0.808,0.0827,0.4635,0.0162,0.0784,0.0868,0.2154,0.0138,0.0431
103,0.086,1319.02,345.17,1.15,0.206,0.251,0.181,0.819,0.1827,0.0646,0.1851,0.3679,0.0018,0.126,0.0059,0.066
104,0.354,2196.16,464.96,1.18,0.41,0.157,0.136,0.834,0.12,0.207,0.2459,0.009,0.0495,0.1582,0.0024,0.2081
105,0.389,3963.44,904.55,1.36,0.039,0.704,0.414,0.226,0.0778,0.0561,0.1139,0.0154,0.0369,0.0288,0.336,0.3351
106,0.609,3690.36,1007.57,1.19,0.324,0.403,0.222,0.839,0.1522,0.0282,0.0545,0.1049,0.0756,0.0244,0.4419,0.1182
107,0.258,1731.1,557.24,1.52,0.135,0.722,0.251,0.624,0.0956,0.0753,0.033,0.1225,0.1489,0.0221,0.4688,0.0338
108,0.431,2637.31,572.98,1.42,0.657,0.342,0.296,0.847,0.1357,0.1244,0.0154,0.2615,0.229,0.0763,0.0086,0.149
109,0.354,1308.8,244.77,1.17,0.226,0.583,0.405,0.754,0.0059,0.1007,0.2442,0.0906,0.0168,0.0145,0.5253,0.002
110,0.521,2992.54,993.8,1.39,0.122,0.546,0.577,0.615,0.0444,0.2309,0.0191,0.2892,0.0709,0.135,0.0285,0.182
111,0.418,1513.59,479.53,1.31,0.466,0.096,0.134,0.664,0.059,0.0529,0.0842,0.1279,0.0534,0.2872,0.2827,0.0526
112,0.308,2607.21,801.82,1.17,0.202,0.686,0.5,0.935,0.037,0.2805,0.0563,0.0015,0.46,0.0586,0.001,0.1051
113,0.667,7906.8,1156.16,1.54,0.213,0.282,0.195,0.468,0.1981,0.1589,0.0286,0.0786,0.3029,0.1481,0.0054,0.0794
114,0.724,1973.69,592.12,1.19,0.636,0.839,0.379,0.687,0.0002,0.1775,0.0758,0.0475,0.2936,0.0647,0.229,0.1117
115,0.598,7493.87,1705.81,1.57,0.269,0.394,0.402,0.631,0.1611,0.054,0.3122,0.0491,0.1173,0.0661,0.1437,0.0966
116,0.796,3122.94,443.75,1.46,0.343,0.472,0.204,0.915,0.0294,0.172,0.3061,0.0456,0.1139,0.0997,0.0374,0.196
117,0.356,1508.69,497.5,1.42,0.854,0.271,0.352,0.668,0.2298,0.0354,0.0636,0.0177,0.3424,0.2355,0.004,0.0715
118,0.6,1694.85,191.26,1.43,0.272,0.699,0.533,0.975,0.2724,0.0355,0.029,0.1855,0.0671,0.1879,0.0683,0.1542
119,0.369,5283.46,993.36,1.51,0.172,0.688,0.272,0.937,0.0549,0.1774,0.0892,0.3856,0.0325,0.1035,0.1114,0.0455
120,0.642,2900.0,927.03,1.33,0.227,0.071,0.063,0.615,0.2107,0.1851,0.0348,0.0913,0.0404,0.0581,0.0418,0.3379
121,0.52,1780.42,599.15,1.16,0.302,0.323,0.273,0.721,0.0056,0.0318,0.0947,0.0222,0.0326,0.1611,0.4759,0.1759
122,0.619,2168.82,744.18,1.5,0.392,0.306,0.131,0.825,0.0417,0.2026,0.026,0.1289,0.02,0.2133,0.0235,0.3442
123,0.284,2315.18,421.85,1.16,0.405,0.397,0.098,0.793,0.0013,0.1369,0.0013,0.1494,0.3428,0.1616,0.1749,0.0317
124,0.686,2424.95,646.75,1.2,0.273,0.546,0.256,0.752,0.2964,0.09,0.3001,0.0479,0.0071,0.2132,0.0308,0.0144
125,0.77,2911.14,506.9,1.29,0.253,0.774,0.196,0.536,0.186,0.0098,0.1567,0.0436,0.1021,0.0091,0.3286,0.1642
126,0.091,3489.46,993.91,1.55,0.141,0.679,0.477,0.766,0.1675,0.0205,0.1379,0.2381,0.137,0.0949,0.0394,0.1648
127,0.157,1143.82,290.36,1.15,0.135,0.419,0.393,0.627,0.133,0.0871,0.0234,0.0375,0.3975,0.1678,0.0446,0.1091
128,0.687,3151.27,934.46,1.19,0.42,0.179,0.377,0.87,0.1149,0.195,0.2037,0.1665,0.1113,0.0444,0.0999,0.0644
129,0.404,2033.6,524.79,1.42,0.167,0.434,0.129,0.402,0.0737,0.1665,0.0197,0.0034,0.1992,0.1948,0.0381,0.3047
130,0.47,1779.74,254.76,1.25,0.446,0.34,0.194,0.824,0.0407,0.1957,0.0816,0.1091,0.3366,0.0304,0.1261,0.0798
131,0.2,2837.71,362.58,1.28,0.258,0.494,0.109,0.785,0.0057,0.2098,0.1356,0.0268,0.0574,0.4954,0.0038,0.0655
132,0.494,1227.33,256.78,1.42,0.424,0.676,0.049,0.658,0.0777,0.0444,0.072,0.4736,0.0085,0.1962,0.1077,0.0199
133,0.595,901.78,271.32,1.23,0.076,0.284,0.31,0.691,0.0828,0.1005,0.157,0.1212,0.1417,0.2034,0.1312,0.0621
134,0.704,2686.18,381.24,1.46,0.358,0.451,0.401,0.912,0.2509,0.0431,0.0454,0.2008,0.0633,0.2047,0.0286,0.1633
135,0.841,2479.05,612.31,1.41,0.513,0.417,0.146,0.787,0.0174,0.0719,0.1887,0.0287,0.2735,0.0246,0.0405,0.3546
136,0.196,1072.55,263.18,1.37,0.322,0.815,0.266,0.74,0.0292,0.0038,0.2506,0.1593,0.0912,0.3979,0.0546,0.0134
137,0.43,1072.13,165.66,1.36,0.544,0.419,0.063,0.812,0.0293,0.0753,0.1245,0.027,0.0724,0.1341,0.0558,0.4816
138,0.544,4897.94,831.7,1.52,0.39,0.646,0.396,0.623,0.1125,0.0869,0.0168,0.1409,0.0807,0.1644,0.1852,0.2125
139,0.557,2742.0,756.33,1.31,0.094,0.577,0.38,0.64,0.3203,0.0962,0.0269,0.0223,0.2332,0.0403,0.219,0.0417
140,0.593,2340.32,798.34,1.35,0.355,0.493,0.363,0.544,0.0677,0.1411,0.0535,0.3293,0.1513,0.0947,0.0168,0.1454
141,0.428,5108.63,1554.35,1.27,0.695,0.194,0.34,0.793,0.0073,0.2371,0.0118,0.3284,0.0125,0.0346,0.1298,0.2385
142,0.383,3113.88,870.92,1.29,0.214,0.677,0.381,0.93,0.0849,0.1434,0.0029,0.4678,0.1645,0.0116,0.1079,0.0171
143,0.397,4231.89,1019.05,1.52,0.298,0.591,0.104,0.826,0.0614,0.0153,0.1949,0.1842,0.4274,0.0737,0.0087,0.0343
144,0.23,1175.29,140.73,1.45,0.644,0.359,0.38,0.748,0.0132,0.2107,0.1624,0.1406,0.1221,0.0489,0.2005,0.1017
145,0.352,1248.2,293.46,1.57,0.78,0.355,0.236,0.608,0.0814,0.0512,0.5025,0.199,0.0248,0.0074,0.0513,0.0824
146,0.507,2838.28,792.02,1.16,0.128,0.613,0.232,0.582,0.0572,0.097,0.1752,0.1453,0.0853,0.1255,0.2546,0.0597
147,0.774,2997.93,482.7,1.49,0.388,0.722,0.116,0.823,0.2107,0.0186,0.0553,0.327,0.0381,0.2962,0.0511,0.003
148,0.731,4102.0,637.72,1.56,0.15,0.123,0.305,0.381,0.1659,0.0832,0.0762,0.05,0.0032,0.2414,0.3667,0.0134
149,0.772,1321.49,320.28,1.4,0.547,0.424,0.42,0.751,0.055,0.5908,0.0148,0.0795,0.0085,0.0664,0.0016,0.1834
150,0.361,2705.09,845.68,1.29,0.155,0.476,0.487,0.322,0.3922,0.0205,0.0353,0.0295,0.2916,0.1585,0.0536,0.0189
151,0.461,3212.41,1095.65,1.43,0.235,0.821,0.099,0.395,0.083,0.011,0.0021,0.0602,0.5796,0.2244,0.0034,0.0363
152,0.752,3655.25,567.35,1.2,0.453,0.558,0.253,0.83,0.0906,0.0917,0.3512,0.0534,0.1813,0.1304,0.0419,0.0594
153,0.845,2231.5,251.58,1.19,0.308,0.699,0.437,0.616,0.1719,0.0202,0.5288,0.0773,0.0076,0.0762,0.1054,0.0127
154,0.579,2835.89,598.22,1.59,0.357,0.495,0.324,0.616,0.0051,0.2524,0.0257,0.3971,0.0191,0.1961,0.0992,0.0052
155,0.279,1425.06,424.12,1.51,0.547,0.925,0.309,0.724,0.1845,0.0608,0.0776,0.032,0.1351,0.4873,0.001,0.0217
156,0.47,1933.27,510.48,1.37,0.274,0.7,0.283,0.701,0.1073,0.001,0.1151,0.3405,0.1261,0.1288,0.0556,0.1256
157,0.471,1432.96,207.81,1.56,0.157,0.675,0.099,0.694,0.0001,0.0552,0.0405,0.5412,0.1235,0.0453,0.1914,0.0027
158,0.611,1730.18,192.11,1.3,0.484,0.215,0.579,0.527,0.0629,0.2752,0.2833,0.0135,0.245,0.0929,0.027,0.0002
159,0.752,2282.72,596.79,1.59,0.898,0.194,0.215,0.533,0.3293,0.1521,0.0192,0.0322,0.1002,0.1605,0.1751,0.0314
160,0.481,1796.23,388.69,1.18,0.515,0.444,0.276,0.787,0.0,0.1238,0.0405,0.0245,0.3458,0.1719,0.1166,0.1769
161,0.806,1903.67,250.48,1.43,0.443,0.733,0.282,0.778,0.0979,0.1267,0.2383,0.0689,0.1967,0.1969,0.0588,0.0157
162,0.78,1514.18,303.62,1.16,0.266,0.131,0.212,0.724,0.1153,0.2679,0.1083,0.1333,0.0088,0.1044,0.1103,0.1518
163,0.778,5576.1,874.78,1.44,0.265,0.343,0.264,0.665,0.1225,0.1158,0.3651,0.0853,0.0052,0.0816,0.0597,0.1648
164,0.297,1608.36,478.39,1.53,0.206,0.812,0.459,0.56,0.024,0.0951,0.1605,0.2456,0.0365,0.1983,0.013,0.2269
165,0.632,2702.21,274.18,1.56,0.405,0.306,0.295,0.798,0.3769,0.0243,0.0018,0.137,0.0693,0.0252,0.0179,0.3475
166,0.223,927.95,134.73,1.54,0.554,0.71,0.486,0.982,0.2343,0.0503,0.0006,0.0279,0.037,0.0359,0.0213,0.5926
167,0.341,3472.49,423.74,1.53,0.265,0.538,0.237,0.359,0.0584,0.3144,0.0541,0.1487,0.0491,0.0583,0.1974,0.1197
168,0.76,2696.59,459.76,1.51,0.458,0.785,0.186,0.455,0.0146,0.0165,0.3738,0.0148,0.0353,0.4596,0.0136,0.0718
169,0.313,1661.68,499.11,1.28,0.441,0.612,0.254,0.842,0.1716,0.1293,0.107,0.0037,0.0435,0.0117,0.0541,0.4792
170,0.28,1633.56,539.82,1.43,0.478,0.535,0.099,0.349,0.0375,0.2547,0.0174,0.0203,0.0108,0.43,0.1399,0.0894
171,0.723,3509.18,763.09,1.57,0.119,0.758,0.276,0.469,0.4487,0.0107,0.1257,0.0293,0.0623,0.2057,0.1112,0.0064
172,0.445,657.8,219.39,1.31,0.131,0.579,0.35,0.75,0.0493,0.2457,0.2045,0.0007,0.2492,0.1103,0.0828,0.0574
173,0.326,1437.76,223.77,1.22,0.157,0.578,0.496,0.673,0.0624,0.0638,0.0782,0.0287,0.3104,0.135,0.191,0.1306
174,0.382,1970.94,623.27,1.49,0.169,0.541,0.328,0.605,0.0561,0.1892,0.014,0.1217,0.1774,0.2796,0.1226,0.0393
175,0.748,2380.45,584.67,1.6,0.367,0.207,0.387,0.931,0.3295,0.0051,0.0196,0.037,0.0037,0.0225,0.4398,0.1427
176,0.213,5077.48,594.11,1.16,0.689,0.245,0.051,0.435,0.1601,0.2031,0.4346,0.0375,0.005,0.0271,0.0465,0.0862
177,0.79,2235.31,714.09,1.37,0.22,0.231,0.117,0.363,0.0358,0.2224,0.0003,0.0014,0.1339,0.3042,0.2752,0.0269
178,0.768,3763.78,401.54,1.15,0.366,0.577,0.162,0.659,0.1084,0.0969,0.056,0.0572,0.2805,0.3615,0.0036,0.036
179,0.467,4479.29,839.99,1.42,0.496,0.626,0.398,0.763,0.0779,0.0232,0.2994,0.1534,0.0398,0.0092,0.1438,0.2534
180,0.359,2666.8,687.06,1.18,0.31,0.481,0.191,0.927,0.0147,0.2373,0.1571,0.2495,0.0711,0.1507,0.0179,0.1018
181,0.283,1487.58,436.79,1.46,0.159,0.274,0.492,0.774,0.0647,0.2361,0.1077,0.0215,0.1856,0.0752,0.1851,0.1242
182,0.861,1581.67,189.85,1.25,0.491,0.431,0.311,0.937,0.1909,0.1132,0.3056,0.0436,0.0078,0.0922,0.0113,0.2354
183,0.311,2670.39,443.11,1.5,0.228,0.739,0.634,0.738,0.0269,0.1895,0.0907,0.1467,0.0083,0.1244,0.1193,0.2943
184,0.258,3702.75,1081.54,1.51,0.08,0.894,0.235,0.589,0.0188,0.0698,0.4329,0.1079,0.0373,0.2261,0.0289,0.0784
185,0.538,2805.83,685.06,1.58,0.603,0.695,0.129,0.644,0.065,0.0023,0.1854,0.2097,0.0139,0.031,0.4738,0.0189
186,0.838,4286.61,1028.17,1.47,0.297,0.745,0.204,0.83,0.2693,0.1397,0.0211,0.0116,0.0755,0.1088,0.0374,0.3366
187,0.779,7178.51,1794.01,1.26,0.415,0.364,0.573,0.217,0.1027,0.3642,0.0206,0.2351,0.0092,0.0326,0.1638,0.0717
188,0.294,2740.87,388.52,1.3,0.512,0.37,0.029,0.475,0.0181,0.3269,0.1946,0.0254,0.0324,0.071,0.0609,0.2708
189,0.439,1375.53,306.3,1.5,0.543,0.173,0.394,0.91,0.1754,0.0744,0.0052,0.0769,0.1304,0.0995,0.1916,0.2465
190,0.164,1841.73,233.84,1.37,0.598,0.701,0.475,0.904,0.4027,0.2163,0.0141,0.0804,0.1419,0.034,0.1105,0.0001
191,0.27,3343.39,1110.47,1.49,0.608,0.362,0.43,0.629,0.1854,0.1351,0.0947,0.2911,0.2154,0.0045,0.0159,0.058
192,0.565,2070.54,640.57,1.56,0.592,0.648,0.359,0.431,0.1158,0.0606,0.0213,0.0517,0.1868,0.0074,0.393,0.1633
193,0.538,4117.92,457.18,1.46,0.251,0.668,0.163,0.69,0.1263,0.2249,0.1912,0.0025,0.0739,0.024,0.0693,0.2879
194,0.14,1728.67,442.88,1.19,0.774,0.406,0.459,0.712,0.0646,0.0263,0.0009,0.0934,0.0651,0.2449,0.3596,0.1451
195,0.536,2575.41,323.19,1.44,0.153,0.714,0.43,0.556,0.2682,0.1561,0.0362,0.0494,0.0727,0.0973,0.1391,0.181
196,0.311,1722.46,570.46,1.42,0.314,0.563,0.495,0.797,0.003,0.156,0.1429,0.0241,0.0214,0.2077,0.3528,0.0921
197,0.275,2066.02,494.31,1.21,0.55,0.782,0.155,0.807,0.2295,0.2201,0.0577,0.007,0.1617,0.0366,0.2609,0.0265
198,0.495,2398.83,438.41,1.36,0.061,0.437,0.205,0.88,0.3581,0.153,0.0888,0.067,0.0659,0.0796,0.096,0.0917
199,0.437,1121.13,227.36,1.28,0.616,0.836,0.05,0.772,0.0335,0.0914,0.0313,0.2975,0.0949,0.0793,0.3392,0.033
200,0.84,2195.15,312.12,1.49,0.307,0.618,0.129,0.398,0.0162,0.0241,0.0979,0.2828,0.0432,0.2966,0.0058,0.2333
201,0.496,1346.29,296.05,1.18,0.153,0.207,0.142,0.474,0.1592,0.2372,0.181,0.0041,0.3854,0.0104,0.0111,0.0117
202,0.316,1689.03,581.59,1.2,0.038,0.525,0.365,0.199,0.113,0.0799,0.0299,0.2226,0.3497,0.0572,0.1446,0.0031
203,0.686,1770.65,579.54,1.4,0.56,0.549,0.257,0.86,0.213,0.007,0.2249,0.2887,0.0142,0.0278,0.2125,0.0118
204,0.481,3277.51,882.36,1.49,0.169,0.437,0.374,0.263,0.1061,0.194,0.0381,0.3856,0.0774,0.0438,0.152,0.003
205,0.637,3575.76,1045.88,1.46,0.476,0.649,0.167,0.778,0.0558,0.1166,0.0249,0.2914,0.2703,0.1729,0.0565,0.0116
206,0.397,2608.53,583.62,1.51,0.262,0.523,0.226,0.489,0.2356,0.4885,0.0051,0.0071,0.0228,0.0578,0.0575,0.1257
207,0.623,1419.89,148.69,1.26,0.288,0.416,0.094,0.294,0.1414,0.0279,0.0003,0.1486,0.0044,0.2249,0.3814,0.071
208,0.19,1764.58,232.83,1.39,0.096,0.369,0.099,0.363,0.2029,0.0353,0.014,0.0407,0.1139,0.1573,0.2169,0.219
209,0.606,1363.6,393.48,1.48,0.369,0.555,0.308,0.689,0.0096,0.2939,0.0528,0.1801,0.1442,0.004,0.0209,0.2945
210,0.429,2002.78,570.23,1.23,0.391,0.554,0.41,0.864,0.1254,0.0116,0.0204,0.074,0.0062,0.1218,0.4192,0.2215
211,0.238,2453.83,453.37,1.33,0.175,0.667,0.296,0.378,0.0922,0.0015,0.0896,0.0553,0.0837,0.363,0.1366,0.178
212,0.517,3315.89,858.69,1.39,0.255,0.61,0.13,0.208,0.3588,0.0465,0.0255,0.0804,0.0466,0.1415,0.1628,0.138
213,0.194,2224.59,366.18,1.58,0.27,0.35,0.306,0.604,0.0851,0.0065,0.0085,0.0023,0.0362,0.2589,0.0014,0.6012
214,0.441,3537.21,378.36,1.56,0.251,0.518,0.408,0.459,0.0009,0.0251,0.003,0.0422,0.0104,0.1174,0.0369,0.7642
215,0.585,2565.35,689.14,1.16,0.356,0.475,0.36,0.573,0.0304,0.0703,0.2941,0.0206,0.1213,0.1972,0.2535,0.0126
216,0.705,2237.19,531.52,1.31,0.382,0.148,0.045,0.423,0.3585,0.0328,0.1621,0.0353,0.0199,0.0176,0.3458,0.0279
217,0.604,3311.29,969.94,1.43,0.237,0.583,0.176,0.696,0.0885,0.2879,0.1589,0.3852,0.0052,0.0073,0.0068,0.0602
218,0.359,2931.09,307.32,1.52,0.304,0.364,0.32,0.638,0.1204,0.0363,0.0916,0.0418,0.3611,0.0378,0.2847,0.0262
219,0.438,1731.33,489.77,1.57,0.06,0.626,0.186,0.816,0.0098,0.4309,0.0591,0.1192,0.1527,0.0128,0.0016,0.2139
220,0.189,2134.88,668.91,1.17,0.35,0.568,0.14,0.738,0.0769,0.1153,0.1967,0.0157,0.1007,0.2333,0.2126,0.0489
221,0.45,1910.9,295.44,1.59,0.409,0.479,0.219,0.66,0.1254,0.0005,0.1708,0.0172,0.0439,0.0216,0.5528,0.0679
222,0.496,987.45,155.79,1.41,0.277,0.349,0.135,0.634,0.0309,0.1146,0.089,0.0855,0.4963,0.0644,0.0807,0.0386
223,0.775,3030.32,635.82,1.25,0.559,0.439,0.104,0.841,0.1805,0.0695,0.0915,0.1675,0.4022,0.0086,0.0513,0.029
224,0.484,1304.96,257.62,1.51,0.152,0.378,0.39,0.43,0.0277,0.0333,0.4102,0.096,0.083,0.1497,0.182,0.0181
225,0.326,2280.6,551.5,1.18,0.185,0.344,0.079,0.887,0.0236,0.3444,0.1951,0.0292,0.0983,0.2243,0.0283,0.0569
226,0.58,1247.48,139.25,1.47,0.605,0.699,0.335,0.786,0.0026,0.0096,0.0677,0.237,0.07,0.1967,0.3639,0.0524
227,0.434,1596.97,437.54,1.59,0.443,0.558,0.199,0.75,0.1841,0.0811,0.0106,0.1035,0.1183,0.4344,0.063,0.005
228,0.632,1991.69,440.39,1.58,0.33,0.387,0.111,0.814,0.1928,0.0084,0.1891,0.211,0.0496,0.0416,0.3017,0.0057
229,0.443,3462.15,1182.31,1.16,0.178,0.565,0.23,0.573,0.0809,0.243,0.0597,0.0139,0.2005,0.0009,0.0176,0.3835
230,0.509,1793.27,342.88,1.35,0.277,0.28,0.193,0.548,0.2495,0.0681,0.0815,0.1957,0.1328,0.0308,0.2276,0.014
231,0.432,1384.0,472.24,1.27,0.3,0.416,0.299,0.391,0.0501,0.0335,0.1562,0.0347,0.1851,0.2132,0.1601,0.167
232,0.501,2556.84,555.93,1.52,0.157,0.889,0.113,0.631,0.1201,0.0476,0.2367,0.121,0.1033,0.0676,0.0893,0.2145
233,0.463,1984.55,425.13,1.57,0.328,0.772,0.389,0.786,0.0081,0.0762,0.3797,0.1652,0.0428,0.0012,0.1746,0.1522
234,0.612,3216.58,848.31,1.4,0.446,0.413,0.285,0.681,0.3993,0.1158,0.1686,0.0784,0.1138,0.0809,0.0243,0.0189
235,0.209,1240.15,218.01,1.19,0.417,0.699,0.112,0.846,0.016,0.293,0.2289,0.0001,0.0951,0.2449,0.0306,0.0913
236,0.46,2351.65,535.79,1.51,0.451,0.289,0.4,0.661,0.0783,0.076,0.0359,0.2209,0.4354,0.065,0.0442,0.0444
237,0.493,5911.48,1350.81,1.29,0.219,0.567,0.337,0.535,0.2915,0.1432,0.1764,0.1558,0.0778,0.0619,0.0641,0.0291
238,0.821,2359.81,747.75,1.5,0.617,0.469,0.525,0.816,0.0466,0.0799,0.3057,0.0529,0.0084,0.3248,0.0037,0.1781
239,0.679,2613.51,813.31,1.18,0.243,0.608,0.502,0.911,0.2007,0.0229,0.0211,0.0138,0.3087,0.351,0.0676,0.0142
240,0.423,1089.09,203.8,1.3,0.242,0.226,0.224,0.462,0.1735,0.108,0.0454,0.0015,0.0669,0.0111,0.3398,0.2539
241,0.824,1848.14,287.77,1.56,0.184,0.415,0.164,0.574,0.0494,0.0226,0.1295,0.5159,0.0545,0.0887,0.0203,0.1191
242,0.535,2705.71,700.04,1.21,0.055,0.761,0.177,0.907,0.0611,0.087,0.3537,0.0622,0.0253,0.3421,0.0472,0.0214
243,0.668,2113.18,520.77,1.56,0.478,0.622,0.271,0.408,0.2399,0.1244,0.0424,0.169,0.0051,0.0255,0.2638,0.1299
244,0.694,3123.72,1052.43,1.55,0.105,0.261,0.229,0.726,0.4011,0.0119,0.3649,0.0758,0.0732,0.0021,0.0238,0.0472
245,0.837,3099.76,571.33,1.25,0.213,0.27,0.083,0.612,0.0167,0.2181,0.1302,0.0008,0.0877,0.264,0.0469,0.2356
246,0.533,1327.86,442.9,1.31,0.438,0.511,0.299,0.878,0.1308,0.085,0.3863,0.0983,0.0867,0.1425,0.0251,0.0453
247,0.775,3812.95,751.94,1.26,0.187,0.664,0.155,0.736,0.0058,0.1644,0.1513,0.156,0.0314,0.1694,0.1719,0.1498
248,0.336,1223.64,132.14,1.56,0.058,0.728,0.334,0.91,0.1015,0.0024,0.0672,0.3474,0.2474,0.0423,0.1329,0.0589
249,0.732,1832.82,328.44,1.57,0.072,0.94,0.592,0.416,0.0428,0.1217,0.2896,0.0724,0.133,0.1823,0.0,0.1582
250,0.588,2538.56,651.08,1.16,0.248,0.773,0.255,0.48,0.0956,0.07,0.0145,0.0148,0.1386,0.0003,0.5158,0.1503
251,0.557,4263.58,663.56,1.52,0.205,0.385,0.161,0.429,0.0893,0.1617,0.354,0.0206,0.0052,0.1686,0.144,0.0565
252,0.405,1402.46,185.36,1.52,0.558,0.538,0.251,0.493,0.1527,0.343,0.0131,0.2002,0.0005,0.2013,0.0171,0.0721
253,0.786,2709.71,887.33,1.3,0.578,0.318,0.425,0.947,0.0477,0.5096,0.1045,0.0498,0.0114,0.0192,0.0527,0.2052
254,0.598,2477.15,498.51,1.56,0.463,0.205,0.22,0.829,0.2581,0.1016,0.0871,0.1292,0.018,0.0102,0.0419,0.354
255,0.561,2969.62,527.51,1.4,0.711,0.271,0.534,0.73,0.1416,0.0057,0.0689,0.1788,0.1077,0.0232,0.2526,0.2216
256,0.49,3528.58,660.99,1.35,0.163,0.516,0.256,0.531,0.1968,0.0297,0.1282,0.0371,0.3131,0.0364,0.0001,0.2588
257,0.146,1517.06,331.07,1.23,0.276,0.194,0.445,0.881,0.0022,0.0142,0.4628,0.0267,0.0318,0.2639,0.0065,0.1917
258,0.726,3719.95,989.48,1.2,0.266,0.413,0.1,0.817,0.0737,0.122,0.0564,0.2087,0.1248,0.1347,0.2491,0.0307
259,0.291,3332.08,653.17,1.6,0.295,0.476,0.367,0.264,0.1825,0.2663,0.0489,0.0,0.2132,0.1497,0.0095,0.1298
260,0.752,5128.98,572.67,1.28,0.264,0.636,0.178,0.747,0.1001,0.0226,0.1115,0.0285,0.0362,0.0877,0.2902,0.3231
261,0.712,3013.61,544.46,1.4,0.081,0.514,0.183,0.602,0.2739,0.0942,0.079,0.1514,0.0874,0.0045,0.251,0.0587
262,0.575,2449.26,606.19,1.25,0.352,0.644,0.059,0.821,0.0034,0.1865,0.4851,0.0594,0.0488,0.1088,0.0299,0.0781
263,0.28,1608.33,233.67,1.16,0.738,0.454,0.256,0.855,0.0312,0.3396,0.0069,0.1633,0.2679,0.1312,0.0134,0.0464
264,0.253,1066.8,337.22,1.26,0.521,0.551,0.585,0.714,0.0219,0.253,0.0902,0.2511,0.0569,0.1337,0.1916,0.0016
265,0.542,2021.9,385.8,1.5,0.083,0.62,0.36,0.454,0.0498,0.2516,0.13,0.1396,0.1343,0.0787,0.1153,0.1007
266,0.532,2351.75,508.91,1.39,0.186,0.435,0.46,0.796,0.0072,0.6213,0.0007,0.1683,0.0124,0.0647,0.0737,0.0516
267,0.18,1745.62,495.41,1.56,0.455,0.401,0.226,0.815,0.1162,0.3714,0.0068,0.1844,0.062,0.0213,0.0089,0.229
268,0.505,2814.09,471.98,1.42,0.339,0.432,0.102,0.875,0.1527,0.3588,0.118,0.1125,0.0571,0.0744,0.1217,0.0049
269,0.209,1038.63,338.99,1.52,0.26,0.559,0.168,0.543,0.018,0.0794,0.0008,0.075,0.0583,0.0762,0.2079,0.4845
270,0.371,1909.66,525.38,1.48,0.161,0.894,0.182,0.819,0.0888,0.3456,0.0119,0.0346,0.074,0.0003,0.0154,0.4295
271,0.547,5031.62,1519.93,1.19,0.614,0.131,0.328,0.633,0.1685,0.0098,0.0315,0.3268,0.1243,0.0798,0.1112,0.1481
272,0.2,2752.63,619.52,1.33,0.33,0.329,0.195,0.71,0.1998,0.1438,0.2486,0.0355,0.1671,0.1535,0.0393,0.0124
273,0.301,2520.82,491.01,1.38,0.408,0.785,0.307,0.519,0.126,0.0715,0.022,0.0574,0.1762,0.096,0.3084,0.1425
274,0.418,2467.96,327.17,1.43,0.508,0.307,0.53,0.584,0.0435,0.0118,0.1053,0.0034,0.0175,0.238,0.289,0.2915
275,0.58,1992.45,217.07,1.51,0.35,0.618,0.138,0.952,0.0809,0.027,0.0139,0.0042,0.1238,0.2578,0.1886,0.3037
276,0.475,1080.66,133.49,1.37,0.501,0.282,0.099,0.68,0.0357,0.0501,0.106,0.0262,0.5338,0.0319,0.0491,0.1672
277,0.268,2316.73,509.26,1.42,0.799,0.263,0.159,0.243,0.0468,0.1048,0.0685,0.0589,0.0303,0.4385,0.0733,0.1789
278,0.495,827.45,229.55,1.54,0.376,0.662,0.304,0.42,0.399,0.1224,0.0289,0.0778,0.0314,0.0275,0.254,0.0592
279,0.569,2012.65,664.56,1.2,0.205,0.341,0.307,0.929,0.1059,0.2263,0.0093,0.3906,0.0215,0.0965,0.001,0.1491
280,0.337,2009.65,701.84,1.25,0.194,0.403,0.757,0.582,0.0224,0.1029,0.0278,0.4881,0.0369,0.1214,0.0505,0.15
281,0.506,1853.11,413.9,1.42,0.673,0.896,0.215,0.677,0.0737,0.0339,0.0441,0.0085,0.0317,0.2357,0.0811,0.4912
282,0.834,6225.99,1017.84,1.35,0.442,0.446,0.147,0.893,0.0798,0.0994,0.0476,0.1361,0.0487,0.1736,0.0127,0.4022
283,0.287,4050.49,889.41,1.51,0.078,0.682,0.349,0.328,0.1066,0.0058,0.0073,0.5011,0.0634,0.0864,0.1123,0.117
284,0.663,3636.95,1230.57,1.36,0.324,0.303,0.138,0.559,0.1016,0.1417,0.0879,0.1721,0.1067,0.0217,0.2366,0.1317
285,0.873,1836.28,444.21,1.6,0.579,0.371,0.174,0.351,0.0499,0.3953,0.0323,0.2254,0.0411,0.1625,0.0291,0.0645
286,0.321,4300.45,1206.94,1.35,0.236,0.545,0.505,0.832,0.1309,0.1902,0.0801,0.487,0.0721,0.0128,0.0027,0.0242
287,0.306,2531.04,271.5,1.19,0.116,0.589,0.45,0.643,0.3603,0.1797,0.0159,0.1051,0.1243,0.0014,0.1588,0.0545
288,0.712,1690.77,184.52,1.36,0.315,0.362,0.249,0.186,0.0104,0.0212,0.0204,0.0374,0.0773,0.1009,0.1206,0.6118
289,0.327,2027.32,639.92,1.51,0.177,0.413,0.352,0.741,0.059,0.0681,0.0024,0.0044,0.454,0.1496,0.0511,0.2114
290,0.311,2908.32,696.07,1.17,0.374,0.728,0.223,0.755,0.058,0.4057,0.0198,0.0043,0.0425,0.1857,0.2716,0.0125
291,0.372,1617.42,229.75,1.33,0.232,0.871,0.09,0.786,0.1138,0.0263,0.0028,0.1439,0.4893,0.0753,0.0348,0.1138
292,0.763,2672.83,485.98,1.35,0.466,0.711,0.246,0.623,0.1409,0.3271,0.1808,0.0113,0.0152,0.1736,0.0646,0.0866
293,0.311,2248.57,614.58,1.58,0.333,0.448,0.519,0.715,0.3452,0.153,0.0339,0.0382,0.0713,0.0051,0.1581,0.1952
294,0.218,1203.82,133.21,1.19,0.354,0.57,0.298,0.649,0.0083,0.2607,0.1126,0.0802,0.1026,0.0522,0.1696,0.2137
295,0.441,1919.33,371.87,1.22,0.609,0.468,0.327,0.44,0.0679,0.0124,0.0192,0.0743,0.5938,0.0924,0.1214,0.0187
296,0.795,1701.72,241.04,1.37,0.617,0.471,0.414,0.627,0.0511,0.3466,0.224,0.0025,0.026,0.023,0.2085,0.1182
297,0.575,3255.77,337.71,1.55,0.537,0.364,0.425,0.817,0.1613,0.0009,0.0501,0.1751,0.2863,0.1992,0.0863,0.0408
298,0.533,1564.46,294.09,1.35,0.154,0.663,0.103,0.856,0.0003,0.0625,0.3071,0.1748,0.1261,0.0463,0.1327,0.1503
299,0.837,2939.85,381.37,1.52,0.179,0.702,0.355,0.643,0.0695,0.0709,0.053,0.03,0.2086,0.1253,0.1347,0.308
300,0.397,1196.07,212.24,1.26,0.534,0.38,0.131,0.673,0.0316,0.3938,0.4071,0.0181,0.0062,0.0813,0.0131,0.0488
301,0.594,1476.08,191.39,1.23,0.116,0.567,0.157,0.48,0.1362,0.0473,0.0677,0.2027,0.1124,0.1662,0.0795,0.1881
302,0.316,1239.16,259.08,1.54,0.231,0.968,0.571,0.331,0.0431,0.1239,0.2458,0.1,0.0841,0.2239,0.1436,0.0356
303,0.539,2009.73,295.06,1.34,0.268,0.619,0.346,0.86,0.4651,0.0359,0.1582,0.0029,0.2617,0.0012,0.025,0.0499
304,0.701,2635.44,485.2,1.51,0.487,0.785,0.582,0.736,0.06,0.3211,0.3766,0.0001,0.0505,0.0833,0.1014,0.0069
305,0.504,2562.26,791.26,1.54,0.413,0.256,0.423,0.494,0.0791,0.0068,0.1933,0.0465,0.1404,0.26,0.0896,0.1844
306,0.535,1108.14,185.19,1.31,0.427,0.496,0.205,0.7,0.2892,0.1001,0.0327,0.156,0.0593,0.0077,0.0992,0.2557
307,0.331,1874.87,407.33,1.16,0.471,0.493,0.348,0.743,0.241,0.263,0.0324,0.0798,0.1273,0.0151,0.107,0.1343
308,0.303,1460.49,320.64,1.51,0.23,0.414,0.603,0.794,0.0107,0.092,0.2637,0.1507,0.1507,0.0089,0.312,0.0114
309,0.297,2433.35,521.47,1.31,0.496,0.864,0.269,0.9,0.0097,0.1648,0.2516,0.0315,0.06,0.0987,0.0984,0.2852
310,0.819,2330.82,399.05,1.48,0.294,0.905,0.114,0.655,0.1831,0.1269,0.2605,0.2437,0.0948,0.0247,0.0011,0.0653
311,0.405,2028.04,675.0,1.39,0.247,0.288,0.123,0.955,0.0072,0.0589,0.0584,0.4794,0.0376,0.1037,0.2478,0.007
312,0.442,1588.47,317.96,1.47,0.358,0.267,0.443,0.513,0.0219,0.0071,0.3291,0.022,0.1082,0.258,0.2078,0.046
313,0.652,4770.51,834.45,1.38,0.406,0.642,0.243,0.767,0.0652,0.2911,0.2183,0.0201,0.0014,0.0283,0.3148,0.0609
314,0.404,1253.07,130.97,1.34,0.165,0.755,0.118,0.462,0.2294,0.0883,0.0617,0.2909,0.0751,0.1478,0.0173,0.0894
315,0.409,1789.02,482.0,1.37,0.297,0.122,0.462,0.575,0.1317,0.0446,0.1346,0.1637,0.1519,0.2284,0.1183,0.0267
316,0.446,2239.04,303.16,1.49,0.108,0.447,0.168,0.907,0.3427,0.1003,0.1132,0.1894,0.1746,0.0417,0.0339,0.0043
317,0.509,2008.2,414.04,1.3,0.332,0.3,0.127,0.55,0.0005,0.3448,0.0783,0.058,0.0315,0.224,0.2602,0.0028
318,0.636,1748.27,303.92,1.54,0.442,0.562,0.116,0.591,0.0518,0.002,0.0393,0.2007,0.5063,0.141,0.0578,0.0012
319,0.301,954.19,129.11,1.32,0.644,0.703,0.22,0.655,0.079,0.0957,0.1157,0.006,0.0448,0.4435,0.1716,0.0437
320,0.835,1981.42,398.87,1.51,0.206,0.423,0.053,0.638,0.1182,0.11,0.2371,0.1957,0.0047,0.1268,0.1205,0.087
321,0.575,1566.79,444.61,1.25,0.298,0.657,0.316,0.592,0.0262,0.0725,0.037,0.1408,0.2325,0.006,0.3322,0.1527
322,0.382,4046.81,655.71,1.18,0.034,0.55,0.136,0.43,0.1122,0.0284,0.3246,0.0615,0.0761,0.009,0.2979,0.0902
323,0.807,6380.95,1767.08,1.17,0.218,0.671,0.032,0.978,0.0771,0.0707,0.1133,0.5988,0.0062,0.0227,0.0457,0.0655
324,0.714,2417.17,364.05,1.34,0.201,0.83,0.101,0.499,0.0753,0.1758,0.042,0.2229,0.1061,0.0691,0.0494,0.2594
325,0.732,1418.96,218.29,1.6,0.179,0.659,0.291,0.761,0.4016,0.058,0.0804,0.0352,0.0958,0.1845,0.0005,0.144
326,0.927,3660.11,1274.66,1.57,0.175,0.217,0.393,0.687,0.0333,0.1509,0.0316,0.3247,0.2643,0.0461,0.0032,0.1459
327,0.71,1662.99,359.87,1.48,0.139,0.724,0.601,0.432,0.0271,0.0479,0.1422,0.014,0.3773,0.2536,0.1138,0.0241
328,0.554,1826.32,555.82,1.17,0.45,0.699,0.27,0.631,0.0299,0.009,0.1521,0.2137,0.2871,0.0554,0.1766,0.0762
329,0.675,1882.49,265.75,1.6,0.689,0.476,0.203,0.34,0.125,0.0067,0.2513,0.1763,0.0485,0.0261,0.3533,0.0128
330,0.734,2039.81,482.92,1.42,0.278,0.16,0.457,0.705,0.1429,0.2195,0.1578,0.0283,0.0028,0.0185,0.3836,0.0466
331,0.155,1556.72,381.86,1.34,0.162,0.543,0.248,0.487,0.0756,0.0579,0.1503,0.0291,0.5344,0.1124,0.0142,0.026
332,0.168,1069.93,297.97,1.43,0.174,0.586,0.083,0.444,0.0265,0.2051,0.0675,0.1214,0.0869,0.1617,0.1454,0.1855
333,0.288,1475.76,435.66,1.32,0.252,0.595,0.053,0.97,0.217,0.0578,0.2468,0.063,0.1837,0.0912,0.0379,0.1026
334,0.643,3581.14,600.36,1.42,0.416,0.121,0.365,0.82,0.0228,0.1506,0.1475,0.3357,0.234,0.0268,0.0484,0.0342
335,0.405,2066.89,532.24,1.19,0.611,0.655,0.159,0.739,0.2555,0.1257,0.0126,0.0105,0.1692,0.092,0.1765,0.158
336,0.182,1920.57,524.91,1.35,0.851,0.671,0.296,0.736,0.4807,0.0083,0.0509,0.0981,0.104,0.0534,0.1943,0.0102
337,0.397,853.84,232.38,1.51,0.033,0.259,0.407,0.586,0.0015,0.0012,0.0243,0.2151,0.1069,0.3888,0.2319,0.0303
338,0.529,3279.55,509.3,1.26,0.432,0.581,0.098,0.343,0.1254,0.1224,0.4814,0.0784,0.0203,0.026,0.0746,0.0715
339,0.646,1813.08,539.58,1.26,0.22,0.556,0.18,0.773,0.028,0.0832,0.3994,0.0479,0.149,0.0643,0.0982,0.13
340,0.338,3156.77,839.45,1.24,0.067,0.578,0.196,0.923,0.1139,0.3685,0.2681,0.0523,0.0194,0.1082,0.0637,0.0059
341,0.566,2434.12,268.58,1.32,0.28,0.679,0.034,0.749,0.4225,0.0169,0.1262,0.1387,0.005,0.0275,0.012,0.2511
342,0.546,1808.54,444.1,1.48,0.25,0.605,0.443,0.246,0.3611,0.0793,0.154,0.0935,0.0747,0.1011,0.1311,0.0052
343,0.84,1338.9,143.57,1.27,0.358,0.385,0.204,0.623,0.0352,0.2108,0.2628,0.0105,0.3633,0.0,0.031,0.0864
344,0.527,5351.41,589.61,1.35,0.481,0.809,0.461,0.852,0.085,0.3742,0.0176,0.0277,0.1509,0.0083,0.0526,0.2836
345,0.969,3825.3,489.29,1.35,0.435,0.857,0.158,0.596,0.0808,0.0099,0.1364,0.1724,0.1858,0.2927,0.0084,0.1137
346,0.46,3052.58,849.04,1.36,0.701,0.477,0.429,0.766,0.1101,0.033,0.2076,0.004,0.0533,0.08,0.3773,0.1346
347,0.467,4491.54,934.6,1.35,0.09,0.438,0.079,0.744,0.1033,0.0012,0.0243,0.2069,0.1645,0.2212,0.0049,0.2735
348,0.627,2584.27,686.96,1.18,0.275,0.652,0.17,0.676,0.0428,0.0376,0.28,0.276,0.0359,0.0761,0.1112,0.1404
349,0.747,4305.42,1498.9,1.4,0.142,0.563,0.508,0.728,0.0677,0.0219,0.0875,0.162,0.3954,0.0159,0.0791,0.1705
350,0.307,1632.7,545.22,1.29,0.263,0.911,0.269,0.29,0.0563,0.2982,0.0084,0.0746,0.1983,0.0792,0.2168,0.0682
351,0.328,2689.96,807.64,1.52,0.421,0.398,0.422,0.761,0.0001,0.0852,0.3152,0.1242,0.1845,0.0626,0.0003,0.2279
352,0.519,1734.93,303.08,1.17,0.411,0.424,0.069,0.685,0.0007,0.0002,0.0807,0.029,0.2072,0.3794,0.2144,0.0886
353,0.608,1912.35,560.61,1.32,0.365,0.385,0.187,0.822,0.026,0.1122,0.2274,0.0545,0.2909,0.0075,0.1682,0.1135
354,0.244,1976.71,380.23,1.24,0.386,0.447,0.087,0.418,0.0438,0.0537,0.0011,0.0708,0.2858,0.134,0.2242,0.1867
355,0.537,1357.62,196.72,1.37,0.579,0.676,0.365,0.699,0.2838,0.1404,0.0376,0.0322,0.1186,0.111,0.0401,0.2363
356,0.798,2929.94,828.36,1.27,0.18,0.566,0.166,0.575,0.0778,0.0173,0.0007,0.1313,0.5081,0.1064,0.1474,0.011
357,0.523,1974.65,608.98,1.31,0.129,0.699,0.369,0.784,0.0719,0.0021,0.0739,0.0647,0.0041,0.1458,0.4861,0.1515
358,0.643,1075.46,308.61,1.19,0.386,0.35,0.239,0.777,0.0188,0.331,0.0226,0.0078,0.1617,0.0176,0.1956,0.2449
359,0.938,2279.68,440.66,1.21,0.276,0.62,0.033,0.812,0.042,0.2781,0.024,0.0752,0.1405,0.0949,0.0592,0.2861
360,0.6,2029.44,559.47,1.27,0.32,0.467,0.397,0.857,0.1983,0.0689,0.0009,0.0377,0.182,0.1762,0.0376,0.2985
361,0.646,3354.49,458.71,1.46,0.32,0.806,0.247,0.692,0.1626,0.1465,0.0982,0.0038,0.1399,0.1677,0.1362,0.1451
362,0.768,2838.21,751.61,1.31,0.239,0.374,0.047,0.804,0.2659,0.0289,0.0538,0.0958,0.0219,0.3572,0.1644,0.0121
363,0.634,4230.23,576.47,1.38,0.35,0.488,0.105,0.144,0.0424,0.0303,0.096,0.0681,0.1538,0.1024,0.2037,0.3032
364,0.469,2673.76,303.4,1.17,0.213,0.4,0.228,0.514,0.1913,0.0147,0.0773,0.0817,0.5559,0.0522,0.0238,0.0031
365,0.666,1930.84,204.48,1.48,0.22,0.536,0.428,0.927,0.0521,0.0791,0.0481,0.2561,0.1404,0.1488,0.1484,0.127
366,0.561,2230.05,763.84,1.42,0.326,0.417,0.239,0.806,0.0238,0.1913,0.0993,0.2907,0.1261,0.0557,0.0175,0.1957
367,0.591,2017.38,210.93,1.5,0.321,0.742,0.156,0.614,0.2644,0.1231,0.019,0.4152,0.029,0.0124,0.0333,0.1036
368,0.673,2938.98,595.83,1.16,0.659,0.517,0.437,0.887,0.4204,0.0062,0.0465,0.01,0.0082,0.0153,0.2728,0.2206
369,0.124,1798.77,522.84,1.46,0.191,0.66,0.217,0.799,0.0503,0.0689,0.0104,0.1023,0.2598,0.1648,0.3279,0.0156
370,0.533,1748.89,414.48,1.47,0.303,0.43,0.328,0.392,0.2344,0.2121,0.0049,0.0178,0.4289,0.0778,0.003,0.0211
371,0.609,2349.32,289.58,1.32,0.06,0.316,0.022,0.847,0.1336,0.0323,0.0519,0.0051,0.0501,0.1421,0.172,0.413
372,0.53,2700.94,342.21,1.48,0.105,0.079,0.248,0.558,0.0646,0.0369,0.0101,0.1498,0.0087,0.0982,0.2938,0.3379
373,0.506,1482.33,203.69,1.56,0.485,0.691,0.245,0.704,0.1121,0.0571,0.0211,0.028,0.1603,0.3658,0.0383,0.2172
374,0.506,2516.74,380.13,1.27,0.422,0.646,0.35,0.78,0.015,0.009,0.0271,0.0849,0.263,0.0193,0.2547,0.3272
375,0.353,1080.91,338.75,1.3,0.119,0.361,0.676,0.562,0.2005,0.131,0.0241,0.0123,0.0598,0.1826,0.2883,0.1013
376,0.579,3585.78,862.32,1.18,0.567,0.476,0.476,0.615,0.0053,0.183,0.2745,0.0824,0.1753,0.1189,0.1535,0.0071
377,0.441,2639.88,471.32,1.5,0.813,0.176,0.263,0.849,0.4094,0.235,0.0379,0.0845,0.0312,0.1085,0.0646,0.0288
378,0.155,3441.21,674.15,1.48,0.243,0.782,0.431,0.808,0.0323,0.0273,0.0576,0.1815,0.1025,0.1311,0.0311,0.4365
379,0.696,1564.84,399.6,1.22,0.177,0.109,0.542,0.412,0.2325,0.2433,0.1124,0.0623,0.1831,0.0202,0.1255,0.0208
380,0.669,3797.12,1201.32,1.52,0.023,0.638,0.235,0.53,0.0143,0.3769,0.0637,0.098,0.1413,0.0965,0.1748,0.0344
381,0.543,3287.75,701.97,1.5,0.614,0.575,0.204,0.631,0.2766,0.0145,0.0178,0.0992,0.1215,0.2439,0.01,0.2165
382,0.46,2009.19,560.41,1.4,0.289,0.076,0.277,0.812,0.0004,0.1766,0.105,0.1105,0.0216,0.103,0.2857,0.1972
383,0.583,1986.24,621.83,1.57,0.122,0.306,0.195,0.638,0.1004,0.0234,0.0027,0.1085,0.3916,0.0608,0.132,0.1807
384,0.521,1447.72,272.9,1.34,0.074,0.256,0.151,0.264,0.2483,0.0642,0.0052,0.2128,0.429,0.0048,0.03,0.0058
385,0.316,1160.56,252.15,1.34,0.241,0.638,0.318,0.659,0.0308,0.0018,0.2265,0.125,0.0237,0.1885,0.309,0.0947
386,0.438,1581.05,444.72,1.37,0.084,0.338,0.247,0.404,0.3566,0.0312,0.1824,0.0316,0.0376,0.0504,0.0608,0.2495
387,0.299,1190.63,362.94,1.38,0.548,0.855,0.049,0.862,0.1024,0.3887,0.1709,0.0014,0.0202,0.0617,0.1668,0.088
388,0.456,4083.3,768.97,1.26,0.288,0.483,0.048,0.776,0.0452,0.1886,0.2247,0.0541,0.0368,0.1371,0.301,0.0125
389,0.405,1148.92,344.21,1.51,0.76,0.825,0.256,0.668,0.0033,0.0068,0.2347,0.1386,0.0006,0.347,0.0354,0.2336
390,0.781,2704.56,800.1,1.28,0.398,0.607,0.266,0.885,0.0202,0.0697,0.3591,0.0157,0.2134,0.1089,0.2086,0.0045
391,0.468,2583.55,366.91,1.16,0.513,0.735,0.421,0.467,0.0231,0.0868,0.0446,0.5291,0.1383,0.06,0.0056,0.1125
392,0.188,2114.68,550.68,1.44,0.586,0.419,0.294,0.924,0.156,0.2724,0.0337,0.084,0.0105,0.014,0.4264,0.0032
393,0.574,2747.29,940.52,1.55,0.112,0.81,0.105,0.366,0.0865,0.2368,0.2535,0.017,0.0056,0.0087,0.219,0.1728
394,0.677,3537.82,620.35,1.55,0.565,0.541,0.344,0.652,0.1062,0.2035,0.0967,0.3035,0.069,0.1092,0.0073,0.1045
395,0.694,2044.48,447.06,1.18,0.245,0.24,0.529,0.403,0.0267,0.131,0.1736,0.0349,0.1269,0.0157,0.0967,0.3944
396,0.369,2125.25,371.92,1.51,0.409,0.442,0.241,0.882,0.0259,0.008,0.0119,0.1014,0.0099,0.2542,0.4048,0.1839
397,0.531,1997.37,553.85,1.29,0.493,0.822,0.252,0.535,0.0901,0.0495,0.011,0.3153,0.0228,0.2088,0.1878,0.1148
398,0.204,3119.45,342.8,1.23,0.038,0.569,0.41,0.584,0.0397,0.0206,0.0104,0.1088,0.5309,0.0026,0.0957,0.1914
399,0.146,4130.73,1343.35,1.52,0.253,0.111,0.36,0.69,0.4298,0.2456,0.0123,0.0152,0.2078,0.012,0.0747,0.0024
400,0.59,1437.39,344.52,1.21,0.264,0.46,0.336,0.828,0.0362,0.179,0.0211,0.0714,0.4179,0.0235,0.02,0.2309
401,0.449,952.98,187.94,1.37,0.317,0.872,0.063,0.752,0.3699,0.0124,0.084,0.0,0.0435,0.4371,0.0353,0.0178
402,0.84,3289.3,536.19,1.18,0.18,0.482,0.068,0.89,0.1546,0.2904,0.073,0.1193,0.1949,0.014,0.0649,0.0888
403,0.37,3148.88,801.84,1.41,0.264,0.292,0.307,0.808,0.1116,0.0398,0.0385,0.3137,0.182,0.1492,0.1453,0.0199
404,0.505,4847.43,905.74,1.19,0.275,0.617,0.171,0.608,0.0002,0.242,0.0257,0.0007,0.1643,0.0043,0.5234,0.0394
405,0.561,3067.38,986.42,1.17,0.229,0.587,0.281,0.622,0.1491,0.242,0.0045,0.159,0.1951,0.0452,0.1313,0.0738
406,0.367,3580.37,995.17,1.5,0.079,0.303,0.476,0.774,0.0365,0.0742,0.0094,0.0198,0.37,0.1461,0.1101,0.2339
407,0.514,4324.76,786.74,1.53,0.288,0.379,0.116,0.876,0.1398,0.2461,0.0856,0.1187,0.1537,0.0345,0.0767,0.145
408,0.396,3745.06,1298.74,1.43,0.232,0.626,0.545,0.866,0.1151,0.0386,0.0168,0.1296,0.0489,0.0539,0.2207,0.3764
409,0.689,3466.27,1145.82,1.32,0.366,0.575,0.281,0.522,0.0321,0.1263,0.0611,0.0327,0.4927,0.103,0.0026,0.1496
410,0.509,1329.7,220.71,1.58,0.228,0.582,0.596,0.975,0.0267,0.1501,0.2019,0.2275,0.0333,0.0567,0.148,0.1558
411,0.345,2016.39,284.77,1.39,0.476,0.21,0.154,0.521,0.0519,0.2176,0.0546,0.2506,0.0471,0.0056,0.1693,0.2034
412,0.407,2364.46,548.07,1.33,0.349,0.355,0.321,0.859,0.0212,0.0109,0.0649,0.1779,0.073,0.3627,0.0023,0.2872
413,0.318,1912.32,479.41,1.51,0.55,0.824,0.113,0.656,0.2026,0.1043,0.3978,0.0013,0.0694,0.0005,0.1172,0.1069
414,0.328,1972.01,391.44,1.44,0.091,0.9,0.101,0.958,0.0857,0.1697,0.0496,0.227,0.2407,0.0839,0.0141,0.1294
415,0.492,4116.49,955.09,1.56,0.272,0.322,0.322,0.481,0.0061,0.0271,0.0326,0.0702,0.1756,0.1426,0.0383,0.5076
416,0.466,1601.9,289.22,1.53,0.453,0.569,0.332,0.793,0.1365,0.0677,0.1691,0.1756,0.0705,0.2937,0.0099,0.077
417,0.333,2764.66,639.23,1.5,0.163,0.292,0.407,0.209,0.117,0.0083,0.2876,0.3138,0.0571,0.0269,0.1878,0.0016
418,0.649,2711.77,819.96,1.45,0.153,0.353,0.178,0.793,0.1784,0.0799,0.0167,0.237,0.2112,0.0684,0.1176,0.091
419,0.518,1582.99,182.18,1.53,0.474,0.69,0.435,0.9,0.0855,0.0118,0.4443,0.0325,0.0713,0.0227,0.2381,0.0938
420,0.435,1385.42,311.29,1.53,0.549,0.611,0.321,0.772,0.0545,0.0652,0.0569,0.5053,0.0614,0.0105,0.0816,0.1645
421,0.438,1080.77,137.13,1.36,0.337,0.298,0.318,0.424,0.0891,0.084,0.0103,0.0141,0.1426,0.2014,0.4209,0.0376
422,0.358,2474.58,592.9,1.36,0.234,0.083,0.222,0.475,0.1343,0.2288,0.0418,0.0088,0.1269,0.2495,0.0417,0.1682
423,0.743,2440.17,400.38,1.45,0.523,0.723,0.217,0.752,0.0144,0.0447,0.0119,0.3672,0.0086,0.1574,0.2867,0.1091
424,0.834,1877.0,608.83,1.28,0.193,0.642,0.46,0.757,0.1353,0.1056,0.0206,0.048,0.3309,0.0729,0.1658,0.1208
425,0.696,1154.86,378.29,1.56,0.469,0.566,0.131,0.511,0.0383,0.5693,0.1525,0.0021,0.0885,0.1195,0.0043,0.0255
426,0.855,3135.11,580.09,1.44,0.143,0.581,0.545,0.435,0.1021,0.0679,0.0647,0.3011,0.1669,0.1361,0.0045,0.1567
427,0.463,2019.94,437.48,1.21,0.15,0.489,0.186,0.497,0.0562,0.2271,0.0763,0.2914,0.1366,0.0299,0.0649,0.1177
428,0.649,1795.73,312.93,1.55,0.484,0.591,0.48,0.553,0.1799,0.2048,0.1852,0.1175,0.0791,0.0001,0.011,0.2225
429,0.119,1190.31,156.36,1.29,0.122,0.602,0.308,0.548,0.0726,0.0027,0.0106,0.5345,0.1319,0.2195,0.0182,0.01
430,0.599,2116.99,335.99,1.51,0.175,0.592,0.268,0.738,0.0324,0.0107,0.5045,0.1704,0.0668,0.0006,0.0483,0.1663
431,0.51,2681.59,877.42,1.24,0.392,0.18,0.165,0.444,0.0323,0.0276,0.0224,0.0024,0.6785,0.1789,0.0212,0.0366
432,0.174,1591.63,382.79,1.55,0.155,0.599,0.067,0.867,0.0414,0.1165,0.0472,0.1934,0.0209,0.116,0.0655,0.3992
433,0.454,1338.73,402.83,1.18,0.499,0.513,0.184,0.658,0.0761,0.1158,0.143,0.1097,0.3828,0.0794,0.0169,0.0764
434,0.849,2569.4,326.44,1.25,0.512,0.627,0.329,0.869,0.0595,0.0168,0.103,0.2514,0.1483,0.1245,0.0794,0.217
435,0.331,3047.65,867.11,1.31,0.078,0.524,0.531,0.885,0.1,0.1531,0.565,0.0008,0.0354,0.0572,0.0276,0.0608
436,0.712,2505.51,496.39,1.56,0.199,0.349,0.663,0.571,0.0882,0.581,0.0759,0.0943,0.0622,0.0472,0.0086,0.0426
437,0.325,2054.11,460.69,1.46,0.603,0.29,0.188,0.345,0.0032,0.1768,0.0635,0.0221,0.1056,0.2817,0.0102,0.3368
438,0.75,2204.0,684.82,1.23,0.215,0.369,0.409,0.616,0.306,0.0276,0.0493,0.0096,0.2733,0.0517,0.1437,0.1388
439,0.552,1592.15,180.6,1.59,0.41,0.184,0.24,0.467,0.0157,0.137,0.0092,0.0923,0.274,0.0595,0.394,0.0183
440,0.362,1412.65,316.9,1.27,0.638,0.711,0.09,0.524,0.0046,0.1408,0.6009,0.051,0.0417,0.115,0.0006,0.0455
441,0.826,1338.55,402.78,1.42,0.208,0.582,0.468,0.845,0.3105,0.0261,0.138,0.1072,0.0798,0.1808,0.0012,0.1565
442,0.299,3155.08,418.98,1.18,0.238,0.637,0.737,0.251,0.1989,0.0681,0.0035,0.2842,0.0214,0.0914,0.09,0.2425
443,0.513,2676.55,709.61,1.53,0.426,0.627,0.353,0.786,0.061,0.0585,0.021,0.1693,0.0608,0.0599,0.2134,0.3562
444,0.674,2500.09,826.29,1.53,0.322,0.195,0.782,0.736,0.1042,0.0053,0.3658,0.1388,0.1149,0.0417,0.0106,0.2188
445,0.208,2090.91,367.0,1.37,0.157,0.532,0.056,0.341,0.5187,0.0621,0.022,0.0019,0.0274,0.0709,0.0618,0.2353
446,0.149,2045.98,224.4,1.35,0.216,0.589,0.369,0.977,0.0917,0.1783,0.0346,0.0078,0.0633,0.2471,0.0893,0.2878
447,0.546,1688.4,575.92,1.51,0.319,0.57,0.209,0.716,0.0483,0.0773,0.0047,0.394,0.0122,0.0356,0.0003,0.4277
448,0.471,1909.66,274.15,1.22,0.285,0.72,0.322,0.982,0.194,0.0594,0.0651,0.2784,0.1459,0.0226,0.2058,0.0287
449,0.367,1695.4,455.74,1.5,0.15,0.309,0.559,0.723,0.0436,0.019,0.1213,0.0053,0.1395,0.0326,0.5051,0.1336
450,0.774,6935.15,1869.57,1.54,0.318,0.493,0.308,0.768,0.1143,0.1382,0.2681,0.1219,0.014,0.2484,0.0726,0.0225
451,0.824,3910.81,1215.53,1.43,0.312,0.773,0.563,0.543,0.0025,0.0021,0.4159,0.0069,0.0024,0.1344,0.3605,0.0751
452,0.573,2456.57,642.91,1.27,0.506,0.546,0.074,0.862,0.2197,0.0509,0.097,0.1979,0.1848,0.1242,0.0692,0.0563
453,0.665,4159.68,775.0,1.28,0.489,0.385,0.026,0.73,0.0248,0.0486,0.0972,0.008,0.2489,0.1381,0.1193,0.3152
454,0.517,3660.7,497.58,1.37,0.451,0.601,0.186,0.794,0.1629,0.2002,0.2081,0.045,0.0741,0.1567,0.1173,0.0357
455,0.629,1361.51,368.37,1.51,0.147,0.618,0.306,0.625,0.0388,0.0144,0.055,0.6627,0.0159,0.0043,0.0834,0.1256
456,0.448,1963.65,508.08,1.23,0.629,0.762,0.265,0.847,0.0131,0.0794,0.085,0.0204,0.1275,0.1975,0.2702,0.2068
457,0.554,2259.48,372.59,1.16,0.081,0.092,0.3,0.424,0.0516,0.1288,0.1238,0.2005,0.016,0.2309,0.1856,0.0628
458,0.351,2591.82,418.38,1.59,0.479,0.533,0.035,0.532,0.0081,0.0388,0.1352,0.0831,0.0632,0.4042,0.2638,0.0036
459,0.627,2159.89,635.65,1.33,0.059,0.577,0.164,0.796,0.0025,0.0668,0.2449,0.0984,0.1406,0.0637,0.1578,0.2253
460,0.239,1821.83,634.41,1.48,0.268,0.172,0.213,0.8,0.241,0.1897,0.1807,0.0214,0.1384,0.0138,0.2101,0.0049
461,0.438,1775.46,594.01,1.42,0.334,0.364,0.298,0.812,0.1229,0.0622,0.2579,0.1247,0.3596,0.0,0.0184,0.0544
462,0.262,2924.64,911.63,1.49,0.305,0.826,0.433,0.66,0.3056,0.0893,0.0864,0.2838,0.1141,0.0035,0.0849,0.0325
463,0.436,1197.23,160.48,1.19,0.377,0.4,0.356,0.494,0.1878,0.3151,0.1493,0.001,0.0177,0.1868,0.1345,0.0078
464,0.616,1980.58,570.21,1.5,0.544,0.442,0.226,0.568,0.0038,0.2828,0.1849,0.2045,0.0689,0.0008,0.1322,0.1221
465,0.562,1092.4,256.88,1.55,0.07,0.483,0.376,0.841,0.0877,0.2444,0.026,0.0231,0.0341,0.2153,0.3689,0.0005
466,0.616,1556.22,362.43,1.18,0.182,0.353,0.347,0.721,0.049,0.0577,0.2318,0.0172,0.255,0.3039,0.0406,0.0447
467,0.088,1943.95,251.12,1.37,0.298,0.08,0.271,0.694,0.0079,0.0271,0.042,0.3967,0.1828,0.0545,0.1148,0.1742
468,0.122,2006.14,274.72,1.53,0.22,0.643,0.212,0.683,0.0038,0.3554,0.1303,0.0314,0.0074,0.2539,0.1342,0.0836
469,0.476,1923.35,305.85,1.43,0.531,0.295,0.086,0.646,0.1513,0.0872,0.1352,0.0708,0.0063,0.4695,0.0625,0.0173
470,0.451,3371.62,439.94,1.25,0.131,0.253,0.384,0.532,0.1711,0.1933,0.0499,0.2267,0.0665,0.0,0.1837,0.1088
471,0.772,4360.09,869.41,1.24,0.362,0.833,0.411,0.627,0.0162,0.2178,0.4565,0.0368,0.0856,0.0352,0.1405,0.0114
472,0.344,1966.48,674.17,1.27,0.16,0.335,0.299,0.596,0.086,0.3225,0.1872,0.0377,0.0511,0.1795,0.0551,0.0809
473,0.208,2053.21,714.48,1.41,0.362,0.644,0.154,0.775,0.1794,0.093,0.1347,0.1275,0.1834,0.0325,0.0198,0.2298
474,0.675,2019.51,640.42,1.48,0.489,0.707,0.556,0.203,0.1135,0.0619,0.0249,0.0054,0.2802,0.0494,0.4286,0.0361
475,0.458,2774.74,693.45,1.42,0.307,0.688,0.182,0.619,0.0602,0.0153,0.1165,0.1377,0.0989,0.3893,0.1805,0.0017
476,0.961,1715.32,449.39,1.38,0.156,0.482,0.189,0.369,0.2954,0.2308,0.0034,0.0117,0.0217,0.1553,0.003,0.2787
477,0.837,5364.84,1855.65,1.32,0.385,0.346,0.491,0.588,0.1274,0.0231,0.1799,0.0848,0.1143,0.304,0.0069,0.1597
478,0.487,3461.52,839.0,1.19,0.192,0.675,0.191,0.588,0.0933,0.0861,0.0588,0.2192,0.1769,0.0917,0.198,0.076
479,0.465,1341.94,135.42,1.54,0.272,0.743,0.429,0.796,0.0511,0.2217,0.1696,0.0282,0.0045,0.447,0.0134,0.0645
480,0.663,1754.54,436.97,1.22,0.757,0.868,0.149,0.67,0.2291,0.0009,0.1305,0.1918,0.0053,0.2488,0.1805,0.0132
481,0.463,2562.62,259.74,1.39,0.06,0.371,0.184,0.946,0.25,0.1108,0.142,0.0002,0.2091,0.1142,0.1563,0.0174
482,0.431,1857.61,560.34,1.56,0.543,0.269,0.27,0.779,0.1132,0.1261,0.0208,0.1736,0.3558,0.1126,0.0295,0.0685
483,0.861,3288.2,1008.69,1.2,0.198,0.55,0.373,0.735,0.0046,0.0793,0.0224,0.1942,0.077,0.2585,0.0722,0.2919
484,0.318,1724.08,395.84,1.33,0.047,0.578,0.452,0.363,0.0117,0.0459,0.5542,0.0583,0.0739,0.0682,0.1367,0.0512
485,0.707,4525.04,656.44,1.2,0.741,0.714,0.295,0.634,0.0015,0.1374,0.2178,0.0017,0.5429,0.014,0.0072,0.0774
486,0.568,2299.08,507.74,1.48,0.286,0.16,0.231,0.947,0.1594,0.0624,0.1381,0.1,0.0464,0.4124,0.0529,0.0285
487,0.386,5457.14,1669.11,1.44,0.163,0.679,0.118,0.664,0.0138,0.0258,0.0745,0.5297,0.0378,0.2168,0.0944,0.0071
488,0.432,2708.01,760.66,1.33,0.693,0.483,0.301,0.536,0.1137,0.0387,0.0371,0.0308,0.0452,0.3375,0.3952,0.0018
489,0.584,1346.64,214.74,1.5,0.447,0.136,0.386,0.531,0.0923,0.0321,0.023,0.0909,0.1599,0.2059,0.2548,0.1411
490,0.656,5523.61,681.72,1.59,0.504,0.294,0.178,0.847,0.1174,0.0122,0.0086,0.0239,0.1376,0.1037,0.3945,0.202
491,0.612,3637.56,1056.74,1.47,0.519,0.572,0.163,0.893,0.0355,0.024,0.2653,0.1159,0.0608,0.2969,0.0827,0.1188
492,0.461,2517.98,573.48,1.59,0.453,0.666,0.407,0.785,0.0059,0.0761,0.0252,0.3826,0.0241,0.3392,0.1244,0.0225
493,0.449,2781.49,455.41,1.35,0.388,0.453,0.487,0.798,0.124,0.2077,0.2523,0.0142,0.0072,0.1519,0.1965,0.0461
494,0.581,1434.02,389.06,1.3,0.073,0.631,0.221,0.865,0.2235,0.1578,0.0025,0.2181,0.0684,0.0796,0.0708,0.1793
495,0.215,906.93,191.01,1.24,0.113,0.527,0.297,0.779,0.0661,0.0612,0.0023,0.3296,0.2364,0.1463,0.1002,0.0579
496,0.577,2263.52,695.48,1.48,0.298,0.71,0.532,0.806,0.0281,0.2168,0.4468,0.0166,0.1323,0.0754,0.0266,0.0574
497,0.236,3282.74,641.66,1.58,0.037,0.208,0.13,0.709,0.0613,0.0041,0.0796,0.1627,0.1151,0.1069,0.3194,0.1509
498,0.357,2386.35,780.45,1.31,0.403,0.429,0.264,0.734,0.0481,0.0783,0.1149,0.0327,0.1238,0.3073,0.0472,0.2479
499,0.801,5095.01,1462.8,1.31,0.089,0.567,0.06,0.534,0.0007,0.0016,0.0168,0.0002,0.7307,0.0512,0.1731,0.0257
500,0.362,3465.25,1118.47,1.19,0.647,0.574,0.162,0.938,0.0561,0.0916,0.0694,0.0115,0.1962,0.1232,0.1434,0.3084
501,0.474,2196.66,568.01,1.53,0.624,0.425,0.285,0.52,0.2024,0.1562,0.3254,0.1492,0.0296,0.0809,0.0241,0.0322
502,0.329,3216.51,1073.4,1.28,0.457,0.164,0.537,0.876,0.0058,0.0923,0.0075,0.1357,0.0586,0.484,0.0131,0.203
503,0.381,3799.1,1206.31,1.17,0.196,0.325,0.348,0.722,0.2393,0.2109,0.0638,0.1963,0.1352,0.0781,0.0222,0.0541
504,0.769,2453.12,250.25,1.34,0.444,0.3,0.512,0.477,0.219,0.0136,0.0103,0.0288,0.1787,0.0072,0.326,0.2164
505,0.503,2031.23,703.15,1.36,0.505,0.77,0.164,0.251,0.2218,0.1926,0.1314,0.1224,0.007,0.013,0.1651,0.1467
506,0.338,2130.12,396.91,1.51,0.129,0.328,0.351,0.752,0.1964,0.02,0.163,0.4446,0.0182,0.0463,0.0588,0.0527
507,0.594,885.09,233.02,1.48,0.326,0.352,0.178,0.845,0.0391,0.0456,0.2276,0.2599,0.056,0.301,0.0103,0.0604
508,0.708,2752.58,647.76,1.52,0.491,0.395,0.446,0.642,0.1888,0.0211,0.1756,0.3902,0.1527,0.0492,0.0005,0.022
509,0.275,2585.11,604.78,1.48,0.754,0.381,0.36,0.963,0.0379,0.0112,0.0964,0.2828,0.11,0.0134,0.3798,0.0685
510,0.52,2367.03,447.05,1.17,0.834,0.629,0.199,0.522,0.0181,0.0232,0.269,0.3535,0.077,0.1293,0.0651,0.0649
511,0.793,2941.91,533.9,1.51,0.296,0.603,0.45,0.921,0.0303,0.1548,0.3006,0.004,0.1329,0.0132,0.301,0.0632
512,0.519,2193.74,413.23,1.45,0.359,0.401,0.055,0.91,0.0064,0.376,0.0239,0.0386,0.389,0.1317,0.0236,0.0109
513,0.229,847.12,227.39,1.43,0.817,0.385,0.211,0.331,0.166,0.269,0.2446,0.0892,0.0103,0.1246,0.0955,0.0007
514,0.324,3884.3,1252.7,1.43,0.351,0.654,0.316,0.738,0.257,0.0263,0.1299,0.1506,0.2548,0.0652,0.0217,0.0945
515,0.628,2040.78,433.97,1.37,0.558,0.182,0.407,0.603,0.2187,0.0448,0.0259,0.0528,0.1238,0.0382,0.1194,0.3764
516,0.17,1415.07,443.44,1.5,0.171,0.581,0.194,0.878,0.2204,0.1285,0.0184,0.0124,0.3736,0.1607,0.0731,0.0129
517,0.848,4525.4,602.85,1.28,0.324,0.539,0.444,0.976,0.0318,0.6938,0.0123,0.028,0.0171,0.1106,0.0236,0.0829
518,0.74,3695.63,1171.72,1.29,0.313,0.581,0.473,0.878,0.0005,0.134,0.1025,0.0996,0.2316,0.0379,0.0349,0.359
519,0.652,2668.64,381.35,1.17,0.174,0.34,0.242,0.787,0.1896,0.0013,0.1634,0.2242,0.1514,0.2027,0.0378,0.0295
520,0.371,2793.44,815.52,1.55,0.293,0.63,0.417,0.911,0.0236,0.0113,0.3216,0.1056,0.1177,0.2769,0.0739,0.0694
521,0.506,1396.22,326.13,1.26,0.166,0.607,0.521,0.385,0.1226,0.2425,0.1434,0.1871,0.1312,0.0826,0.0755,0.0151
522,0.584,2236.62,259.21,1.6,0.578,0.695,0.187,0.57,0.036,0.1607,0.3771,0.0072,0.1323,0.2359,0.0026,0.0481
523,0.427,3559.89,1019.24,1.51,0.2,0.386,0.369,0.694,0.0298,0.2014,0.3003,0.1427,0.0549,0.1677,0.0095,0.0937
524,0.784,1946.05,656.3,1.52,0.299,0.384,0.588,0.509,0.089,0.0026,0.0505,0.174,0.1551,0.168,0.281,0.0797
525,0.43,1425.44,426.73,1.21,0.408,0.5,0.427,0.405,0.0922,0.1407,0.1295,0.0999,0.0599,0.3872,0.0566,0.0341
526,0.562,2356.54,398.07,1.42,0.29,0.53,0.231,0.97,0.0701,0.1293,0.082,0.1217,0.148,0.1029,0.2068,0.1391
527,0.452,2241.05,688.34,1.2,0.618,0.55,0.114,0.671,0.0003,0.2986,0.2182,0.1147,0.0645,0.0724,0.1109,0.1204
528,0.372,2662.55,908.32,1.24,0.148,0.469,0.415,0.742,0.0554,0.1338,0.0684,0.0014,0.2458,0.3286,0.0666,0.1
529,0.704,1414.93,352.91,1.6,0.137,0.705,0.278,0.527,0.0436,0.0119,0.1723,0.0992,0.2244,0.1336,0.1971,0.1179
530,0.575,829.29,247.47,1.27,0.242,0.406,0.507,0.562,0.0117,0.0322,0.0152,0.1321,0.3342,0.0783,0.2685,0.1278
531,0.336,2907.53,795.63,1.47,0.141,0.346,0.372,0.796,0.2102,0.1038,0.0589,0.0454,0.0055,0.0576,0.0025,0.516
532,0.562,1480.87,177.7,1.4,0.147,0.593,0.245,0.545,0.0286,0.1928,0.0714,0.0376,0.1976,0.197,0.2495,0.0255
533,0.858,2068.65,264.46,1.3,0.304,0.626,0.32,0.698,0.1965,0.2775,0.1148,0.1094,0.139,0.0549,0.0475,0.0604
534,0.399,871.81,187.63,1.55,0.359,0.767,0.131,0.397,0.061,0.2421,0.2644,0.0181,0.0309,0.254,0.0659,0.0637
535,0.63,3561.39,625.61,1.53,0.809,0.825,0.207,0.713,0.0065,0.2017,0.0531,0.0085,0.2366,0.0833,0.2453,0.165
536,0.484,2520.04,877.07,1.52,0.165,0.389,0.136,0.553,0.1758,0.0561,0.081,0.0902,0.3897,0.0964,0.0074,0.1036
537,0.674,2738.66,345.92,1.58,0.45,0.588,0.683,0.58,0.0626,0.0234,0.0364,0.0093,0.0408,0.2663,0.1782,0.383
538,0.588,2614.81,872.41,1.34,0.278,0.64,0.393,0.504,0.0176,0.455,0.0605,0.0755,0.0587,0.0326,0.0366,0.2634
539,0.521,980.0,256.51,1.31,0.482,0.325,0.366,0.882,0.1762,0.0951,0.004,0.126,0.4627,0.0528,0.022,0.0612
540,0.404,1412.01,452.6,1.52,0.237,0.874,0.889,0.591,0.0681,0.189,0.0069,0.0107,0.1924,0.1203,0.2347,0.178
541,0.483,1827.27,204.76,1.36,0.232,0.574,0.276,0.924,0.0838,0.0095,0.3587,0.0098,0.1198,0.3435,0.0463,0.0287
542,0.917,2009.65,362.03,1.57,0.198,0.609,0.109,0.96,0.0805,0.0933,0.0554,0.508,0.0085,0.0074,0.0148,0.2321
543,0.248,1709.99,281.93,1.16,0.252,0.568,0.364,0.98,0.0738,0.1542,0.013,0.1978,0.1678,0.0358,0.2445,0.1132
544,0.75,2770.6,921.92,1.39,0.552,0.391,0.357,0.213,0.2092,0.0352,0.0163,0.2445,0.1572,0.0183,0.1361,0.1832
545,0.554,3401.78,1183.98,1.19,0.168,0.85,0.568,0.815,0.0232,0.073,0.157,0.1343,0.0454,0.3933,0.1559,0.018
546,0.554,1257.94,357.76,1.58,0.45,0.224,0.303,0.641,0.1374,0.2449,0.1164,0.0074,0.0177,0.0071,0.0102,0.4589
547,0.367,2042.48,488.84,1.33,0.271,0.227,0.076,0.898,0.0341,0.144,0.0143,0.2974,0.2931,0.1475,0.0541,0.0155
548,0.344,2686.89,365.86,1.54,0.556,0.645,0.253,0.698,0.2011,0.1162,0.067,0.1654,0.1699,0.0014,0.1039,0.1752
549,0.437,1474.22,402.81,1.36,0.509,0.565,0.075,0.343,0.0031,0.3686,0.0084,0.0827,0.0153,0.0956,0.3098,0.1167
550,0.356,1885.25,497.93,1.5,0.128,0.404,0.361,0.955,0.191,0.0084,0.4123,0.0067,0.2187,0.0126,0.0381,0.1123
551,0.382,2490.76,843.72,1.29,0.374,0.367,0.057,0.685,0.2688,0.1713,0.1748,0.1992,0.0127,0.0021,0.0312,0.14
552,0.693,2453.14,372.85,1.29,0.549,0.739,0.044,0.947,0.0091,0.0034,0.0734,0.0002,0.2327,0.4002,0.0809,0.2001
553,0.266,2523.79,712.0,1.51,0.401,0.401,0.15,0.727,0.3476,0.0009,0.0023,0.1816,0.1127,0.0413,0.0111,0.3024
554,0.768,2630.25,418.34,1.17,0.243,0.335,0.024,0.835,0.215,0.1053,0.0313,0.1315,0.0461,0.004,0.3808,0.0858
555,0.354,1794.72,621.05,1.24,0.599,0.098,0.089,0.706,0.2806,0.1357,0.3317,0.006,0.063,0.0426,0.1282,0.0121
556,0.217,1168.89,392.34,1.22,0.564,0.189,0.607,0.401,0.1746,0.0051,0.4661,0.0381,0.219,0.0552,0.0095,0.0322
557,0.216,2060.65,387.97,1.46,0.271,0.529,0.439,0.335,0.2925,0.1115,0.0687,0.1586,0.0291,0.2095,0.0885,0.0417
558,0.243,1977.18,407.87,1.35,0.435,0.187,0.192,0.869,0.0268,0.0871,0.0364,0.5222,0.0987,0.0749,0.0379,0.1162
559,0.25,1282.43,290.14,1.54,0.456,0.624,0.354,0.812,0.1357,0.3417,0.3161,0.0068,0.0043,0.0077,0.1267,0.061
560,0.593,2930.56,407.82,1.33,0.266,0.378,0.293,0.685,0.1546,0.0289,0.0252,0.405,0.0248,0.2872,0.0168,0.0575
561,0.93,4530.16,791.83,1.52,0.371,0.389,0.203,0.668,0.176,0.0094,0.2831,0.1331,0.1588,0.1413,0.096,0.0022
562,0.451,1651.59,444.14,1.28,0.308,0.528,0.509,0.857,0.0158,0.4006,0.0411,0.0319,0.08,0.0038,0.1815,0.2453
563,0.854,1970.81,404.71,1.37,0.265,0.341,0.34,0.816,0.0069,0.1103,0.2426,0.1925,0.1101,0.1746,0.163,0.0
564,0.47,1601.17,420.78,1.37,0.126,0.696,0.338,0.131,0.0025,0.6751,0.1328,0.0386,0.0765,0.0071,0.03,0.0374
565,0.728,1269.21,372.73,1.47,0.745,0.684,0.361,0.731,0.0623,0.0621,0.3234,0.1768,0.2341,0.0161,0.0285,0.0967
566,0.263,4289.68,736.91,1.48,0.333,0.215,0.263,0.904,0.097,0.0657,0.1143,0.0827,0.2206,0.022,0.0503,0.3474
567,0.585,1931.48,556.5,1.31,0.048,0.573,0.536,0.611,0.0058,0.1055,0.0048,0.0493,0.0031,0.1349,0.5437,0.1529
568,0.464,1536.74,443.23,1.45,0.676,0.905,0.452,0.782,0.0115,0.4556,0.0695,0.0115,0.2582,0.0135,0.1256,0.0546
569,0.402,1332.58,200.41,1.36,0.368,0.806,0.198,0.48,0.26,0.016,0.0616,0.0825,0.0025,0.4885,0.0858,0.0032
570,0.348,1735.35,183.72,1.5,0.334,0.616,0.404,0.431,0.0005,0.3226,0.0238,0.0915,0.0187,0.349,0.1757,0.0182
571,0.497,1670.37,526.72,1.58,0.347,0.382,0.228,0.627,0.061,0.1389,0.1082,0.09,0.0687,0.2436,0.0152,0.2744
572,0.063,2990.13,930.04,1.25,0.289,0.383,0.168,0.981,0.0254,0.0266,0.3522,0.3951,0.0418,0.0081,0.0189,0.1318
573,0.574,1394.67,155.52,1.41,0.181,0.55,0.286,0.71,0.2127,0.0903,0.0199,0.0039,0.0153,0.3413,0.2208,0.0958
574,0.433,1150.06,181.81,1.56,0.103,0.608,0.51,0.522,0.1332,0.1834,0.0312,0.0113,0.0004,0.4237,0.1996,0.0174
575,0.616,2928.93,566.08,1.45,0.043,0.694,0.232,0.859,0.0368,0.3533,0.1594,0.1295,0.2161,0.0267,0.0154,0.0628
576,0.707,2355.65,783.59,1.17,0.377,0.608,0.431,0.677,0.3695,0.1594,0.0792,0.0043,0.1343,0.1531,0.0733,0.0269
577,0.933,2497.77,275.21,1.33,0.62,0.653,0.097,0.199,0.0002,0.5458,0.0263,0.0726,0.0562,0.1958,0.0022,0.1011
578,0.129,2204.04,756.86,1.29,0.269,0.552,0.323,0.677,0.289,0.0067,0.07,0.2818,0.1486,0.1029,0.0995,0.0014
579,0.317,2101.06,353.83,1.56,0.355,0.393,0.326,0.438,0.1531,0.0198,0.0944,0.3077,0.1132,0.0496,0.0612,0.201
580,0.16,1765.89,368.76,1.39,0.411,0.555,0.179,0.769,0.1188,0.296,0.0878,0.0673,0.0559,0.0753,0.2987,0.0001
581,0.448,1223.37,123.23,1.24,0.591,0.629,0.287,0.91,0.0033,0.0685,0.0038,0.0488,0.012,0.2278,0.0697,0.566
582,0.11,892.51,118.06,1.37,0.721,0.505,0.153,0.834,0.0611,0.0432,0.1843,0.3022,0.0092,0.1983,0.0497,0.1521
583,0.287,1475.15,224.83,1.44,0.562,0.376,0.214,0.633,0.0636,0.1047,0.0333,0.1359,0.0895,0.0383,0.2984,0.2364
584,0.598,1508.47,521.2,1.32,0.73,0.427,0.188,0.539,0.0356,0.1485,0.4476,0.0269,0.0231,0.0179,0.1108,0.1895
585,0.285,2171.59,751.11,1.22,0.713,0.778,0.499,0.696,0.0883,0.207,0.0211,0.0754,0.0358,0.2668,0.2924,0.0133
586,0.457,1050.79,172.43,1.33,0.069,0.576,0.17,0.467,0.2408,0.0541,0.0338,0.4348,0.1442,0.0127,0.079,0.0005
587,0.186,1531.5,489.55,1.2,0.434,0.422,0.022,0.715,0.1474,0.032,0.024,0.5455,0.0568,0.1574,0.0256,0.0113
588,0.771,2366.33,300.42,1.54,0.265,0.304,0.126,0.636,0.2021,0.0718,0.0719,0.3897,0.0757,0.0624,0.0009,0.1256
589,0.334,1977.17,405.0,1.41,0.277,0.675,0.285,0.722,0.1669,0.0253,0.2414,0.0945,0.1651,0.01,0.0822,0.2146
590,0.373,2412.12,554.88,1.18,0.209,0.573,0.706,0.802,0.0656,0.3933,0.052,0.0585,0.1456,0.0192,0.0706,0.1951
591,0.549,1991.18,274.45,1.44,0.049,0.51,0.406,0.604,0.0336,0.0527,0.013,0.0411,0.2862,0.0929,0.0336,0.4469
592,0.18,1396.2,352.65,1.35,0.351,0.486,0.195,0.564,0.0148,0.0906,0.065,0.065,0.1281,0.0859,0.5447,0.0058
593,0.14,2921.38,646.35,1.26,0.196,0.27,0.247,0.764,0.032,0.1462,0.0404,0.0078,0.3025,0.0322,0.1046,0.3342
594,0.427,1866.93,651.04,1.24,0.143,0.467,0.394,0.672,0.1133,0.0125,0.1738,0.1277,0.2366,0.2015,0.0929,0.0418
595,0.422,3731.11,599.19,1.15,0.118,0.866,0.293,0.687,0.0536,0.0838,0.1111,0.412,0.1299,0.0835,0.0888,0.0373
596,0.466,1903.91,642.48,1.3,0.516,0.549,0.146,0.848,0.0342,0.2724,0.261,0.0707,0.0225,0.1901,0.0519,0.0972
597,0.679,2409.86,476.18,1.56,0.724,0.44,0.068,0.606,0.1135,0.0143,0.0433,0.0679,0.065,0.1563,0.0172,0.5224
598,0.897,2542.2,853.54,1.31,0.173,0.306,0.356,0.615,0.0938,0.078,0.4485,0.0458,0.1712,0.0985,0.0582,0.006
599,0.662,2637.42,616.68,1.48,0.535,0.498,0.19,0.766,0.2028,0.1042,0.1949,0.1289,0.1314,0.1377,0.0855,0.0146
600,0.752,2124.25,458.39,1.16,0.262,0.747,0.225,0.665,0.0776,0.2442,0.0361,0.0228,0.0106,0.3454,0.1895,0.0737
601,0.857,2742.9,312.55,1.4,0.224,0.71,0.213,0.803,0.0448,0.1032,0.0305,0.0264,0.0086,0.6085,0.0792,0.0988
602,0.682,4480.57,1264.58,1.48,0.369,0.417,0.27,0.56,0.0039,0.052,0.1058,0.2808,0.2088,0.2072,0.1154,0.0262
603,0.747,3814.2,537.54,1.54,0.224,0.486,0.239,0.534,0.2034,0.014,0.1377,0.061,0.0011,0.0464,0.1214,0.4151
604,0.397,3181.33,916.92,1.31,0.414,0.637,0.263,0.876,0.0412,0.0701,0.0452,0.0629,0.2009,0.2655,0.1277,0.1866
605,0.627,1381.21,352.31,1.26,0.303,0.337,0.573,0.34,0.0005,0.3647,0.2072,0.035,0.1273,0.0559,0.0979,0.1116
606,0.625,1472.29,461.23,1.32,0.052,0.512,0.508,0.477,0.0501,0.0209,0.0094,0.2917,0.1978,0.0675,0.3345,0.028
607,0.245,2074.8,450.54,1.22,0.27,0.203,0.162,0.583,0.2733,0.0199,0.0124,0.4034,0.0293,0.1911,0.0217,0.0488
608,0.337,2739.74,693.44,1.39,0.729,0.48,0.236,0.714,0.0021,0.2016,0.0119,0.1848,0.1698,0.0296,0.3563,0.044
609,0.34,1638.89,339.81,1.19,0.256,0.432,0.25,0.47,0.1467,0.0586,0.0969,0.0856,0.1294,0.0248,0.2975,0.1605
610,0.306,1494.8,352.97,1.39,0.171,0.702,0.346,0.894,0.1216,0.2373,0.2275,0.0728,0.0058,0.0252,0.1871,0.1227
611,0.372,3589.03,715.64,1.33,0.062,0.437,0.275,0.665,0.1087,0.0611,0.0195,0.0567,0.0041,0.0895,0.3407,0.3197
612,0.591,3051.24,858.05,1.56,0.651,0.356,0.109,0.817,0.0467,0.0474,0.0233,0.0957,0.0075,0.0639,0.4162,0.2992
613,0.34,3079.16,740.39,1.49,0.163,0.627,0.28,0.372,0.2266,0.0391,0.1963,0.0727,0.2108,0.0414,0.1072,0.1058
614,0.38,1730.28,265.96,1.21,0.279,0.512,0.438,0.38,0.2199,0.0142,0.0482,0.0677,0.0952,0.0035,0.5283,0.023
615,0.73,2019.15,678.38,1.57,0.501,0.687,0.404,0.92,0.0557,0.0236,0.128,0.0065,0.3416,0.0484,0.2467,0.1495
616,0.375,3008.52,555.23,1.52,0.113,0.222,0.125,0.54,0.2242,0.0516,0.0191,0.0098,0.1626,0.2089,0.3072,0.0166
617,0.548,2041.01,543.28,1.49,0.059,0.389,0.336,0.691,0.0294,0.033,0.1498,0.1097,0.0015,0.3732,0.1826,0.1208
618,0.337,1576.2,328.42,1.29,0.167,0.381,0.528,0.853,0.0009,0.0127,0.0954,0.0921,0.2047,0.1426,0.0897,0.3619
619,0.42,1466.11,504.73,1.44,0.211,0.146,0.38,0.583,0.0656,0.1958,0.1168,0.1313,0.1191,0.0496,0.0531,0.2687
620,0.458,1759.79,450.08,1.4,0.466,0.458,0.513,0.64,0.1285,0.0435,0.31,0.0043,0.028,0.127,0.0069,0.3519
621,0.57,3254.44,640.89,1.17,0.183,0.808,0.103,0.554,0.3641,0.0298,0.0482,0.0452,0.1467,0.3395,0.0181,0.0084
622,0.44,1168.4,277.08,1.5,0.425,0.623,0.402,0.677,0.0735,0.3036,0.0785,0.1537,0.0486,0.0235,0.1494,0.1691
623,0.464,2785.26,946.85,1.59,0.374,0.686,0.068,0.864,0.1355,0.0308,0.1447,0.2121,0.114,0.1544,0.1982,0.0102
624,0.711,1856.17,501.53,1.28,0.407,0.615,0.274,0.595,0.5652,0.0127,0.0072,0.1148,0.0288,0.023,0.2395,0.0088
625,0.514,2046.31,413.55,1.38,0.187,0.708,0.48,0.885,0.2357,0.0913,0.3277,0.0246,0.1368,0.071,0.0445,0.0682
626,0.422,1994.99,382.41,1.5,0.259,0.767,0.459,0.394,0.2868,0.0926,0.097,0.0116,0.083,0.0481,0.3373,0.0436
627,0.5,2022.43,308.83,1.56,0.099,0.429,0.057,0.559,0.0534,0.2246,0.1721,0.2025,0.1155,0.1405,0.0566,0.0348
628,0.736,2222.84,442.29,1.15,0.485,0.449,0.608,0.55,0.0076,0.2703,0.0401,0.038,0.0732,0.1104,0.3804,0.08
629,0.492,1841.33,630.78,1.42,0.448,0.456,0.129,0.961,0.0776,0.1322,0.174,0.0132,0.1522,0.3237,0.051,0.0761
630,0.563,1818.84,512.81,1.46,0.142,0.806,0.3,0.933,0.1629,0.3441,0.1195,0.0123,0.1248,0.0198,0.0872,0.1293
631,0.65,4052.6,1103.66,1.41,0.17,0.338,0.179,0.72,0.024,0.0499,0.0272,0.1135,0.0274,0.0728,0.1714,0.5138
632,0.531,2269.27,543.94,1.31,0.229,0.426,0.165,0.425,0.0656,0.0047,0.0087,0.0318,0.5555,0.0821,0.0544,0.1972
633,0.682,2309.02,705.4,1.39,0.711,0.911,0.049,0.689,0.0216,0.0018,0.0684,0.2958,0.0687,0.0013,0.2507,0.2917
634,0.678,1872.97,652.28,1.31,0.219,0.215,0.447,0.597,0.1548,0.1568,0.0246,0.0855,0.3743,0.0329,0.0369,0.1343
635,0.831,2216.11,729.13,1.57,0.09,0.652,0.11,0.567,0.2078,0.1995,0.0155,0.0431,0.0684,0.1363,0.2297,0.0996
636,0.328,1549.3,225.58,1.51,0.148,0.725,0.15,0.452,0.0197,0.0346,0.1057,0.0391,0.3503,0.064,0.0069,0.3797
637,0.683,3300.65,936.43,1.42,0.227,0.214,0.038,0.501,0.5198,0.0939,0.0734,0.1639,0.0444,0.0623,0.028,0.0143
638,0.821,1920.95,450.03,1.32,0.572,0.431,0.27,0.915,0.1297,0.0479,0.2314,0.0056,0.2763,0.1595,0.0115,0.1382
639,0.496,897.58,222.53,1.25,0.352,0.474,0.469,0.868,0.0903,0.1651,0.034,0.0658,0.0169,0.5398,0.0003,0.0878
640,0.564,2340.78,553.92,1.27,0.063,0.445,0.128,0.559,0.056,0.0159,0.0957,0.1941,0.2449,0.0345,0.2304,0.1284
641,0.707,2199.14,722.5,1.33,0.203,0.593,0.421,0.914,0.0148,0.1946,0.1636,0.3332,0.1654,0.1011,0.0143,0.0128
642,0.55,1795.39,422.47,1.34,0.261,0.516,0.175,0.481,0.0636,0.2319,0.0306,0.0283,0.2027,0.1373,0.128,0.1776
643,0.413,3029.83,373.96,1.27,0.134,0.546,0.182,0.634,0.5931,0.0043,0.117,0.0174,0.1163,0.0846,0.0196,0.0477
644,0.598,780.08,235.55,1.27,0.569,0.382,0.287,0.398,0.3349,0.0425,0.1086,0.0313,0.3861,0.0152,0.0619,0.0195
645,0.665,4525.01,844.69,1.4,0.481,0.61,0.526,0.918,0.0153,0.392,0.043,0.0065,0.3261,0.2105,0.0024,0.0043
646,0.327,3050.84,345.35,1.49,0.509,0.808,0.08,0.843,0.0302,0.1849,0.0551,0.1147,0.2446,0.2423,0.1125,0.0156
647,0.454,1675.87,344.76,1.28,0.044,0.617,0.675,0.612,0.136,0.0041,0.0316,0.0639,0.0652,0.0206,0.0034,0.6752
648,0.675,2020.76,615.01,1.53,0.548,0.517,0.16,0.361,0.0173,0.1972,0.0133,0.0414,0.0563,0.1559,0.4987,0.02
649,0.696,2992.28,680.23,1.42,0.085,0.134,0.156,0.77,0.0441,0.1285,0.0297,0.0136,0.3231,0.1319,0.1201,0.2089
650,0.672,2988.63,337.46,1.34,0.308,0.305,0.351,0.823,0.1244,0.1668,0.2177,0.0446,0.0437,0.2047,0.1692,0.0289
651,0.275,1504.2,506.64,1.48,0.5,0.346,0.198,0.233,0.4147,0.0644,0.0066,0.0317,0.0767,0.0636,0.3009,0.0414
652,0.79,1340.24,406.29,1.25,0.744,0.039,0.216,0.82,0.1473,0.2155,0.063,0.1209,0.2676,0.0186,0.0888,0.0783
653,0.556,5301.96,890.7,1.42,0.274,0.824,0.554,0.597,0.1718,0.3236,0.0805,0.0011,0.0364,0.1542,0.0022,0.2301
654,0.692,3578.67,1000.78,1.46,0.181,0.246,0.207,0.76,0.254,0.2374,0.1655,0.1105,0.0159,0.0152,0.1941,0.0076
655,0.337,2143.05,732.26,1.59,0.118,0.667,0.196,0.837,0.0127,0.0994,0.1218,0.0328,0.1782,0.4889,0.0398,0.0263
656,0.689,2614.55,385.46,1.38,0.644,0.103,0.311,0.922,0.1218,0.1468,0.4559,0.0434,0.0002,0.0387,0.1753,0.0178
657,0.419,2707.44,895.93,1.42,0.251,0.529,0.503,0.692,0.1857,0.1036,0.1166,0.0417,0.0001,0.1002,0.3346,0.1176
658,0.365,2752.61,404.87,1.45,0.375,0.185,0.24,0.844,0.1264,0.0745,0.0685,0.0179,0.4332,0.0144,0.0008,0.2642
659,0.179,790.95,126.23,1.2,0.416,0.638,0.478,0.617,0.1483,0.0699,0.3364,0.182,0.0041,0.0118,0.165,0.0824
660,0.286,1695.83,361.31,1.56,0.054,0.323,0.175,0.773,0.364,0.2164,0.0484,0.0699,0.1216,0.0056,0.03,0.1443
661,0.566,1908.06,197.01,1.47,0.851,0.504,0.501,0.632,0.0954,0.1798,0.0984,0.1454,0.3139,0.0308,0.0261,0.1102
662,0.674,2267.78,507.24,1.34,0.512,0.277,0.192,0.76,0.0217,0.0036,0.0001,0.1847,0.1496,0.3342,0.1989,0.1072
663,0.249,2594.84,461.65,1.19,0.21,0.643,0.191,0.734,0.116,0.0786,0.1551,0.0032,0.104,0.0374,0.1733,0.3322
664,0.565,1117.8,130.35,1.36,0.173,0.438,0.773,0.695,0.4687,0.0236,0.028,0.0779,0.0564,0.0391,0.0524,0.2538
665,0.62,1371.99,303.2,1.46,0.269,0.163,0.144,0.421,0.3755,0.0145,0.2126,0.0058,0.2802,0.0219,0.0646,0.025
666,0.48,1663.62,383.68,1.3,0.069,0.722,0.218,0.857,0.2265,0.085,0.3245,0.1074,0.0196,0.1922,0.0042,0.0406
667,0.6,2478.08,756.38,1.42,0.531,0.728,0.171,0.505,0.1036,0.2448,0.0409,0.1758,0.2102,0.02,0.1031,0.1017
668,0.368,2860.12,998.55,1.26,0.062,0.757,0.368,0.872,0.0336,0.0389,0.0122,0.0222,0.2959,0.1751,0.406,0.0161
669,0.791,4916.61,1607.86,1.2,0.529,0.368,0.083,0.428,0.0246,0.0691,0.0174,0.4519,0.0274,0.0036,0.0389,0.3672
670,0.383,1844.53,267.91,1.55,0.313,0.309,0.664,0.694,0.1219,0.0607,0.0512,0.0999,0.2809,0.146,0.1481,0.0911
671,0.61,3264.26,1028.63,1.24,0.151,0.69,0.357,0.929,0.2563,0.1541,0.0007,0.1383,0.0305,0.0168,0.27,0.1334
672,0.548,3011.79,861.02,1.43,0.081,0.829,0.394,0.865,0.1294,0.1702,0.0834,0.0821,0.3746,0.007,0.1221,0.0312
673,0.681,3015.48,921.34,1.44,0.452,0.453,0.677,0.935,0.212,0.0565,0.041,0.1038,0.188,0.2125,0.093,0.0932
674,0.072,1676.82,275.75,1.53,0.603,0.292,0.134,0.573,0.1691,0.0882,0.144,0.2426,0.0535,0.0157,0.0139,0.2729
675,0.768,2158.71,610.52,1.32,0.658,0.771,0.353,0.419,0.1493,0.1222,0.0613,0.0359,0.0195,0.3737,0.0312,0.2069
676,0.486,1431.66,387.87,1.27,0.262,0.433,0.366,0.831,0.2506,0.0442,0.0764,0.378,0.0048,0.1532,0.0534,0.0394
677,0.19,1167.13,263.77,1.19,0.455,0.681,0.267,0.812,0.0379,0.373,0.0028,0.0648,0.16,0.0184,0.0292,0.3139
678,0.585,2656.41,818.78,1.51,0.057,0.719,0.368,0.746,0.1353,0.4876,0.0378,0.0973,0.0507,0.0242,0.0151,0.152
679,0.688,2383.31,403.72,1.56,0.36,0.436,0.581,0.596,0.2676,0.0488,0.0107,0.0401,0.0772,0.0975,0.0576,0.4005
680,0.348,1715.61,343.65,1.33,0.184,0.237,0.083,0.761,0.0454,0.1012,0.1631,0.3374,0.1708,0.0656,0.1118,0.0045
681,0.473,2839.35,568.07,1.28,0.821,0.396,0.327,0.949,0.0266,0.2128,0.0765,0.4787,0.0602,0.0386,0.0618,0.0449
682,0.593,2142.98,519.81,1.27,0.369,0.468,0.089,0.553,0.2102,0.4307,0.1582,0.0634,0.0131,0.0431,0.0411,0.0401
683,0.12,1215.86,130.72,1.56,0.351,0.508,0.177,0.831,0.0362,0.0894,0.0174,0.2125,0.1867,0.293,0.1203,0.0446
684,0.325,1796.72,391.45,1.33,0.603,0.505,0.159,0.575,0.2862,0.1797,0.1666,0.0113,0.001,0.2382,0.0026,0.1143
685,0.421,2935.02,362.19,1.48,0.463,0.7,0.075,0.718,0.0325,0.1031,0.3989,0.0769,0.0307,0.1629,0.1575,0.0376
686,0.262,1276.41,160.63,1.43,0.056,0.207,0.219,0.846,0.0499,0.018,0.1134,0.1731,0.5431,0.036,0.0326,0.0339
687,0.845,2853.92,831.7,1.37,0.207,0.56,0.414,0.709,0.0659,0.3276,0.2071,0.0099,0.0825,0.0548,0.1629,0.0892
688,0.723,2423.64,440.98,1.28,0.177,0.454,0.269,0.675,0.0049,0.7642,0.0374,0.0504,0.001,0.111,0.0294,0.0017
689,0.618,1734.3,248.77,1.48,0.553,0.449,0.637,0.381,0.0277,0.0806,0.0415,0.149,0.4645,0.1276,0.0053,0.1038
690,0.607,2079.75,617.29,1.35,0.909,0.583,0.49,0.879,0.215,0.292,0.0649,0.018,0.1325,0.0712,0.1419,0.0644
691,0.831,1390.71,196.84,1.21,0.205,0.394,0.174,0.726,0.2933,0.1241,0.0835,0.0722,0.1696,0.002,0.0642,0.1911
692,0.436,2227.56,436.75,1.35,0.491,0.433,0.099,0.563,0.0002,0.1202,0.0208,0.5118,0.0023,0.2085,0.0816,0.0546
693,0.63,1370.91,392.07,1.55,0.032,0.5,0.42,0.492,0.1901,0.1402,0.0721,0.0191,0.0096,0.0587,0.3979,0.1123
694,0.563,3509.82,1211.52,1.37,0.711,0.468,0.419,0.625,0.2516,0.0398,0.0656,0.4209,0.0046,0.0368,0.1745,0.0061
695,0.566,2206.65,612.12,1.53,0.31,0.789,0.135,0.786,0.0428,0.0641,0.0052,0.0559,0.1723,0.0586,0.0458,0.5553
696,0.634,1886.19,512.86,1.34,0.274,0.765,0.15,0.521,0.1284,0.1179,0.0363,0.0566,0.3645,0.1487,0.13,0.0176
697,0.276,3085.26,489.6,1.16,0.37,0.745,0.126,0.441,0.0281,0.1351,0.0007,0.3429,0.1479,0.153,0.1503,0.0418
698,0.324,1321.63,355.98,1.37,0.19,0.486,0.162,0.863,0.0218,0.025,0.3362,0.0187,0.2046,0.0866,0.1345,0.1727
699,0.378,1529.13,519.18,1.16,0.387,0.63,0.236,0.655,0.0429,0.039,0.0756,0.2707,0.1073,0.3521,0.0817,0.0309
700,0.529,1079.46,122.53,1.25,0.518,0.416,0.195,0.526,0.0352,0.2189,0.0441,0.1292,0.0142,0.0883,0.3981,0.0719
701,0.312,3348.13,632.55,1.23,0.707,0.314,0.319,0.869,0.2699,0.1079,0.1235,0.1114,0.1034,0.0026,0.0303,0.2512
702,0.574,4862.3,774.46,1.26,0.16,0.22,0.346,0.645,0.1344,0.1398,0.0247,0.2508,0.2006,0.1733,0.0506,0.0258
703,0.346,1036.14,135.8,1.26,0.102,0.362,0.694,0.943,0.1979,0.2081,0.08,0.1036,0.0416,0.0158,0.2804,0.0726
704,0.44,1542.25,276.82,1.54,0.218,0.445,0.569,0.744,0.0158,0.1528,0.033,0.1131,0.1148,0.0382,0.5247,0.0077
705,0.774,2611.1,646.54,1.32,0.078,0.326,0.319,0.631,0.0183,0.4224,0.0706,0.0387,0.2014,0.0676,0.1574,0.0235
706,0.449,1747.61,336.0,1.51,0.151,0.507,0.104,0.717,0.0077,0.0871,0.0658,0.3023,0.0243,0.0749,0.0322,0.4058
707,0.364,2019.54,554.78,1.17,0.515,0.35,0.219,0.659,0.0165,0.1588,0.2211,0.4671,0.0859,0.0051,0.0116,0.0339
708,0.757,2403.66,602.47,1.2,0.215,0.29,0.281,0.643,0.1548,0.3303,0.1977,0.1839,0.0475,0.0137,0.0166,0.0554
709,0.279,2286.52,295.82,1.23,0.594,0.552,0.307,0.767,0.7061,0.0195,0.0462,0.0433,0.0102,0.057,0.019,0.0987
710,0.651,1628.19,230.29,1.29,0.094,0.443,0.242,0.967,0.0336,0.1116,0.0216,0.0684,0.0407,0.0417,0.3334,0.349
711,0.681,2622.52,368.57,1.16,0.131,0.801,0.11,0.933,0.3462,0.0924,0.0388,0.0114,0.0582,0.2581,0.1024,0.0925
712,0.276,1240.83,304.5,1.16,0.11,0.88,0.262,0.305,0.0291,0.0001,0.0149,0.2612,0.3021,0.1117,0.2146,0.0663
713,0.913,2295.51,776.28,1.44,0.325,0.329,0.178,0.624,0.0249,0.0101,0.174,0.0845,0.0131,0.0499,0.5876,0.0558
714,0.619,1174.34,276.99,1.59,0.328,0.8,0.554,0.922,0.0126,0.053,0.1064,0.0463,0.226,0.1127,0.2844,0.1586
715,0.735,2120.33,635.72,1.42,0.712,0.296,0.341,0.531,0.3646,0.0125,0.0259,0.1709,0.03,0.2237,0.1354,0.0369
716,0.184,1454.4,337.13,1.41,0.273,0.664,0.139,0.755,0.2951,0.1148,0.0427,0.0648,0.0842,0.0715,0.1582,0.1687
717,0.433,3104.86,696.27,1.17,0.507,0.526,0.042,0.694,0.0328,0.0892,0.2861,0.0024,0.2726,0.1511,0.0234,0.1424
718,0.61,2287.23,704.09,1.47,0.145,0.381,0.29,0.852,0.2708,0.0444,0.225,0.0079,0.0871,0.0188,0.3384,0.0076
719,0.574,2413.45,393.35,1.47,0.158,0.874,0.428,0.668,0.0797,0.2309,0.2036,0.1211,0.0517,0.258,0.0249,0.0301
720,0.665,2386.29,327.46,1.34,0.268,0.474,0.741,0.58,0.0387,0.3463,0.2358,0.0794,0.0057,0.0194,0.261,0.0137
721,0.289,834.4,105.53,1.5,0.151,0.126,0.113,0.234,0.02,0.0056,0.3666,0.0129,0.0408,0.251,0.0055,0.2975
722,0.814,1163.98,296.37,1.38,0.263,0.348,0.296,0.394,0.0912,0.0678,0.2819,0.2091,0.0586,0.0104,0.1922,0.0888
723,0.408,1847.06,286.38,1.17,0.606,0.507,0.338,0.686,0.1638,0.0236,0.0383,0.1869,0.1777,0.1452,0.1481,0.1164
724,0.425,2368.36,294.55,1.15,0.323,0.638,0.849,0.826,0.1318,0.2112,0.1336,0.0882,0.2202,0.1789,0.0055,0.0306
725,0.943,2497.27,814.55,1.18,0.055,0.379,0.441,0.414,0.2374,0.0924,0.3092,0.0067,0.0414,0.049,0.1023,0.1615
726,0.513,1574.48,160.2,1.21,0.588,0.386,0.151,0.919,0.1155,0.0491,0.0972,0.0627,0.3719,0.0295,0.1223,0.1519
727,0.593,2109.14,570.14,1.5,0.634,0.628,0.553,0.775,0.361,0.0189,0.0941,0.1033,0.0459,0.0044,0.1322,0.2402
728,0.283,1709.29,499.82,1.57,0.214,0.576,0.344,0.387,0.0455,0.3265,0.1432,0.0155,0.0465,0.2066,0.2071,0.0092
729,0.59,3164.56,768.76,1.18,0.36,0.444,0.474,0.673,0.0219,0.3779,0.0013,0.0838,0.1584,0.0018,0.0461,0.3088
730,0.476,2911.96,987.38,1.46,0.119,0.558,0.218,0.692,0.3336,0.0828,0.0935,0.026,0.0425,0.3189,0.0175,0.0852
731,0.78,2040.72,652.77,1.41,0.427,0.356,0.378,0.802,0.1214,0.2844,0.2884,0.0017,0.0053,0.1177,0.181,0.0002
732,0.706,2408.68,762.21,1.19,0.545,0.21,0.168,0.849,0.2732,0.0152,0.0108,0.1184,0.0351,0.2083,0.0114,0.3277
733,0.472,2429.79,778.57,1.33,0.505,0.588,0.097,0.539,0.2358,0.0552,0.0551,0.1144,0.3218,0.0288,0.036,0.153
734,0.553,2693.94,713.5,1.42,0.343,0.732,0.401,0.787,0.258,0.0658,0.0218,0.1459,0.0343,0.2966,0.1379,0.0398
735,0.818,5021.03,633.51,1.19,0.281,0.263,0.525,0.309,0.0085,0.005,0.1045,0.062,0.2295,0.355,0.2284,0.007
736,0.549,2243.47,386.96,1.24,0.297,0.48,0.278,0.969,0.1201,0.3148,0.0046,0.1487,0.0014,0.1688,0.1433,0.0983
737,0.253,3051.98,930.64,1.31,0.275,0.379,0.097,0.693,0.0637,0.0792,0.0271,0.0026,0.0778,0.1513,0.5777,0.0206
738,0.323,1254.79,310.17,1.16,0.429,0.123,0.479,0.849,0.1762,0.0733,0.0411,0.0287,0.0136,0.0136,0.4989,0.1546
739,0.615,1819.55,276.39,1.44,0.171,0.75,0.198,0.832,0.0159,0.0069,0.006,0.1834,0.3269,0.136,0.0762,0.2487
740,0.477,928.6,293.53,1.28,0.39,0.58,0.165,0.346,0.2615,0.2192,0.1655,0.0333,0.1641,0.0112,0.1444,0.0008
741,0.469,2307.5,598.43,1.18,0.285,0.362,0.485,0.751,0.1872,0.5624,0.0473,0.05,0.0123,0.0018,0.0117,0.1273
742,0.517,2888.68,432.65,1.19,0.438,0.64,0.496,0.778,0.146,0.1188,0.1453,0.1095,0.0841,0.3438,0.0154,0.0371
743,0.153,644.72,187.94,1.25,0.148,0.202,0.158,0.325,0.1139,0.036,0.2238,0.0359,0.2428,0.1153,0.1339,0.0985
744,0.524,2413.1,332.34,1.32,0.229,0.405,0.167,0.429,0.1694,0.1261,0.2122,0.0072,0.166,0.0001,0.2494,0.0695
745,0.418,2687.37,523.0,1.43,0.173,0.648,0.114,0.835,0.2198,0.1685,0.0239,0.3485,0.0007,0.0938,0.1359,0.0089
746,0.157,2236.07,519.62,1.55,0.197,0.541,0.276,0.536,0.1183,0.1165,0.0068,0.0835,0.1529,0.0569,0.3098,0.1553
747,0.353,1259.59,258.22,1.58,0.219,0.588,0.025,0.619,0.1863,0.0997,0.076,0.3358,0.0142,0.0027,0.0174,0.2679
748,0.301,2683.67,882.34,1.46,0.275,0.653,0.125,0.717,0.0032,0.0064,0.1638,0.018,0.0356,0.2997,0.134,0.3393
749,0.541,2267.72,312.92,1.42,0.338,0.593,0.28,0.85,0.0321,0.0105,0.1541,0.0925,0.1012,0.0567,0.4115,0.1414
750,0.426,2686.4,644.7,1.16,0.251,0.577,0.253,0.543,0.4799,0.0407,0.0836,0.0961,0.1731,0.0281,0.0386,0.06
751,0.278,1846.39,294.86,1.16,0.614,0.143,0.246,0.746,0.0551,0.0018,0.0961,0.0253,0.0026,0.0629,0.2494,0.5068
752,0.787,2976.53,487.72,1.21,0.251,0.329,0.371,0.486,0.0069,0.0602,0.0847,0.3271,0.0499,0.0311,0.2485,0.1916
753,0.728,3870.62,1247.02,1.19,0.331,0.16,0.16,0.724,0.1916,0.0164,0.0037,0.0091,0.2285,0.3502,0.1386,0.0619
754,0.458,1989.57,472.9,1.36,0.186,0.807,0.308,0.537,0.007,0.1153,0.0032,0.24,0.1823,0.0699,0.0019,0.3802
755,0.482,2450.64,446.52,1.36,0.146,0.508,0.367,0.59,0.0322,0.0238,0.0206,0.0824,0.2123,0.0791,0.0979,0.4517
756,0.496,3634.97,1042.78,1.6,0.147,0.425,0.293,0.506,0.3743,0.3299,0.1307,0.0178,0.0076,0.0406,0.0909,0.0082
757,0.561,2164.07,682.82,1.57,0.144,0.76,0.327,0.507,0.0631,0.257,0.0114,0.0387,0.1563,0.2911,0.1386,0.0438
758,0.368,1306.9,346.56,1.21,0.431,0.815,0.388,0.885,0.2277,0.3429,0.0144,0.0413,0.0659,0.0002,0.0369,0.2707
759,0.802,3372.72,359.63,1.57,0.189,0.743,0.05,0.371,0.0601,0.076,0.0458,0.0547,0.3671,0.1498,0.008,0.2385
760,0.678,4304.02,906.57,1.53,0.355,0.606,0.46,0.705,0.0567,0.1354,0.0029,0.0211,0.2262,0.343,0.175,0.0396
761,0.474,3646.36,984.44,1.48,0.439,0.772,0.109,0.529,0.0839,0.1002,0.1103,0.006,0.3907,0.0008,0.0008,0.3074
762,0.504,2947.71,840.07,1.37,0.588,0.636,0.023,0.778,0.0002,0.2194,0.0163,0.1825,0.3285,0.0587,0.0527,0.1418
763,0.437,835.41,291.63,1.57,0.323,0.467,0.465,0.841,0.0446,0.213,0.0901,0.0141,0.3215,0.1356,0.0881,0.0929
764,0.333,1557.57,190.98,1.24,0.208,0.683,0.188,0.9,0.0077,0.0637,0.0935,0.0771,0.0056,0.4824,0.2506,0.0194
765,0.734,1971.98,559.44,1.18,0.326,0.648,0.631,0.467,0.1188,0.0828,0.0226,0.0348,0.0276,0.3838,0.0733,0.2564
766,0.132,1797.81,437.26,1.5,0.139,0.6,0.616,0.686,0.0019,0.0972,0.0102,0.1205,0.1428,0.1129,0.4718,0.0427
767,0.394,4089.13,456.42,1.37,0.161,0.314,0.26,0.823,0.2074,0.0437,0.1321,0.0117,0.0771,0.4758,0.0161,0.0362
768,0.738,1620.08,217.89,1.36,0.275,0.833,0.29,0.546,0.1712,0.1943,0.2735,0.0173,0.2539,0.0399,0.0112,0.0387
769,0.727,6088.05,1811.64,1.32,0.505,0.52,0.197,0.486,0.0289,0.1746,0.0048,0.0056,0.1212,0.0189,0.5073,0.1387
770,0.566,1964.56,241.05,1.6,0.259,0.62,0.269,0.436,0.0067,0.4933,0.0846,0.0031,0.274,0.1243,0.0056,0.0083
771,0.316,1462.33,380.58,1.34,0.811,0.606,0.193,0.813,0.0545,0.1536,0.2546,0.0532,0.2617,0.2179,0.0014,0.003
772,0.285,2734.04,542.51,1.25,0.535,0.81,0.468,0.821,0.1916,0.0151,0.0167,0.4904,0.0166,0.1162,0.057,0.0964
773,0.487,3174.9,1054.84,1.35,0.257,0.449,0.396,0.574,0.1383,0.009,0.2058,0.1325,0.1297,0.1117,0.2477,0.0254
774,0.23,2443.13,579.26,1.42,0.323,0.444,0.133,0.857,0.0212,0.3672,0.1694,0.0113,0.0423,0.1503,0.2006,0.0377
775,0.504,1627.69,490.48,1.17,0.134,0.586,0.528,0.537,0.3123,0.0598,0.0704,0.3152,0.0316,0.1459,0.0586,0.0063
776,0.687,2976.64,513.8,1.32,0.292,0.292,0.35,0.619,0.0022,0.1281,0.1106,0.0216,0.107,0.0452,0.4637,0.1215
777,0.449,1420.45,181.77,1.3,0.036,0.258,0.051,0.714,0.0987,0.2543,0.0486,0.0656,0.0693,0.1302,0.2452,0.0882
778,0.52,1623.66,481.26,1.41,0.25,0.671,0.54,0.85,0.1223,0.045,0.1326,0.0798,0.213,0.1048,0.1019,0.2006
779,0.659,2311.72,759.76,1.42,0.389,0.493,0.2,0.77,0.051,0.1488,0.0478,0.0741,0.5288,0.0082,0.0214,0.1197
780,0.592,1671.87,326.54,1.33,0.223,0.881,0.142,0.838,0.0867,0.1456,0.0241,0.0348,0.0986,0.4209,0.087,0.1023
781,0.395,3174.37,968.11,1.51,0.445,0.405,0.484,0.629,0.1233,0.0056,0.3086,0.1061,0.1212,0.0348,0.0527,0.2478
782,0.785,2025.41,232.0,1.46,0.59,0.127,0.594,0.285,0.066,0.0012,0.1513,0.0384,0.0877,0.1449,0.1396,0.371
783,0.572,2102.45,391.59,1.58,0.07,0.673,0.115,0.694,0.1114,0.0052,0.4156,0.2297,0.0031,0.1094,0.0762,0.0495
784,0.681,1707.17,192.18,1.47,0.686,0.16,0.042,0.321,0.1186,0.0056,0.0095,0.0788,0.1081,0.297,0.2027,0.1797
785,0.607,3541.19,480.23,1.55,0.665,0.627,0.496,0.951,0.1114,0.1061,0.1585,0.0037,0.0161,0.0923,0.4957,0.0162
786,0.573,1760.31,467.41,1.29,0.34,0.244,0.208,0.659,0.5251,0.0486,0.0554,0.1429,0.0168,0.0141,0.1318,0.0652
787,0.482,3455.06,840.51,1.57,0.252,0.868,0.088,0.604,0.034,0.0526,0.4346,0.011,0.1302,0.0179,0.3195,0.0002
788,0.647,3659.87,1240.22,1.48,0.264,0.294,0.329,0.952,0.1427,0.4445,0.1829,0.0143,0.0015,0.0765,0.0655,0.0721
789,0.227,1572.72,325.73,1.29,0.163,0.423,0.228,0.636,0.2948,0.0257,0.1074,0.2764,0.0172,0.1477,0.0344,0.0964
790,0.796,2596.59,660.69,1.42,0.125,0.653,0.199,0.807,0.3241,0.0173,0.0833,0.0313,0.332,0.1295,0.0702,0.0123
791,0.471,1798.76,570.86,1.57,0.439,0.424,0.76,0.749,0.0515,0.2665,0.2322,0.0008,0.3524,0.0859,0.006,0.0047
792,0.194,2290.1,389.16,1.49,0.06,0.142,0.17,0.763,0.0858,0.0162,0.3569,0.0013,0.1592,0.1993,0.0172,0.1641
793,0.377,1906.71,577.54,1.45,0.093,0.527,0.144,0.813,0.1942,0.1415,0.0133,0.1578,0.1155,0.1507,0.0,0.227
794,0.395,1762.52,474.89,1.53,0.066,0.443,0.267,0.594,0.1479,0.0142,0.2624,0.2648,0.0348,0.1691,0.0992,0.0075
795,0.196,1876.9,609.63,1.26,0.487,0.7,0.205,0.67,0.0423,0.0076,0.7348,0.0217,0.0222,0.0493,0.0813,0.0408
796,0.535,1195.46,366.2,1.6,0.277,0.429,0.045,0.902,0.5879,0.1132,0.0468,0.0611,0.0256,0.104,0.0594,0.002
797,0.507,2151.96,543.29,1.16,0.502,0.757,0.348,0.713,0.182,0.1279,0.0497,0.1177,0.0306,0.2095,0.1395,0.1432
798,0.399,2707.88,842.99,1.57,0.303,0.313,0.161,0.907,0.1273,0.1894,0.1614,0.0771,0.1181,0.1157,0.1948,0.016
799,0.421,2234.38,467.87,1.37,0.461,0.63,0.32,0.681,0.0722,0.4358,0.0741,0.1634,0.0003,0.2487,0.0008,0.0046
800,0.273,2833.44,428.85,1.58,0.196,0.333,0.336,0.674,0.1073,0.2418,0.2898,0.1473,0.0749,0.0013,0.0291,0.1087
801,0.526,1926.61,289.52,1.21,0.307,0.53,0.12,0.907,0.0325,0.3758,0.0323,0.2649,0.0207,0.0987,0.0327,0.1423
802,0.813,2152.37,448.13,1.55,0.091,0.6,0.323,0.526,0.2043,0.181,0.1154,0.1334,0.0122,0.2546,0.0128,0.0864
803,0.414,1346.79,300.1,1.44,0.219,0.823,0.166,0.742,0.076,0.0261,0.3077,0.5414,0.0002,0.0238,0.0032,0.0216
804,0.533,1912.12,619.63,1.58,0.142,0.396,0.241,0.713,0.0727,0.2482,0.1349,0.2215,0.1445,0.1089,0.0613,0.0079
805,0.578,5057.58,1604.9,1.15,0.356,0.2,0.579,0.868,0.0537,0.0031,0.0993,0.392,0.1919,0.2357,0.0135,0.0107
806,0.474,2431.29,529.61,1.42,0.615,0.429,0.234,0.62,0.0658,0.2534,0.0368,0.016,0.0127,0.0138,0.1849,0.4166
807,0.443,1693.43,197.91,1.47,0.647,0.536,0.323,0.951,0.0647,0.0343,0.3151,0.217,0.0219,0.0998,0.1619,0.0853
808,0.489,1468.22,360.95,1.47,0.073,0.279,0.868,0.742,0.0053,0.0904,0.0685,0.5776,0.1667,0.044,0.0252,0.0223
809,0.254,1009.12,265.65,1.58,0.067,0.23,0.134,0.594,0.1123,0.131,0.0744,0.2671,0.0898,0.0442,0.2343,0.0467
810,0.362,1465.51,383.77,1.23,0.141,0.461,0.25,0.766,0.0843,0.1171,0.2772,0.1921,0.1382,0.0493,0.0325,0.1093
811,0.339,2731.22,474.34,1.38,0.093,0.241,0.11,0.346,0.0199,0.0508,0.0075,0.2578,0.4746,0.0513,0.1357,0.0024
812,0.632,1997.01,487.16,1.46,0.274,0.143,0.196,0.72,0.137,0.3894,0.0918,0.0802,0.114,0.1131,0.0252,0.0494
813,0.65,1629.52,533.94,1.35,0.678,0.557,0.129,0.736,0.2224,0.0032,0.147,0.2204,0.3344,0.0312,0.0305,0.011
814,0.628,1683.78,393.83,1.28,0.491,0.792,0.12,0.609,0.0437,0.2996,0.1747,0.2942,0.0525,0.0069,0.0848,0.0437
815,0.508,2877.98,757.17,1.37,0.406,0.378,0.186,0.798,0.4361,0.1865,0.0349,0.0004,0.0154,0.1559,0.1428,0.0279
816,0.711,2385.26,283.78,1.42,0.219,0.25,0.103,0.47,0.0649,0.3197,0.0444,0.1068,0.0245,0.0142,0.0488,0.3767
817,0.333,1563.01,342.82,1.52,0.033,0.348,0.523,0.748,0.0102,0.0179,0.0346,0.0176,0.0016,0.0367,0.1577,0.7236
818,0.537,1991.92,453.48,1.3,0.154,0.595,0.491,0.729,0.0241,0.0179,0.473,0.0926,0.1311,0.0377,0.0523,0.1713
819,0.786,6172.25,895.36,1.35,0.057,0.377,0.455,0.844,0.0352,0.1759,0.0194,0.1285,0.1089,0.0365,0.0114,0.4843
820,0.461,3522.22,1163.78,1.24,0.367,0.225,0.485,0.824,0.1199,0.2155,0.1139,0.2236,0.1433,0.0198,0.0397,0.1243
821,0.598,4187.12,611.5,1.42,0.644,0.53,0.316,0.454,0.0261,0.0351,0.1817,0.067,0.331,0.0905,0.1443,0.1242
822,0.388,1029.56,288.58,1.41,0.025,0.436,0.25,0.574,0.2817,0.0395,0.0409,0.0183,0.3326,0.0296,0.0218,0.2355
823,0.474,2050.8,562.35,1.41,0.094,0.355,0.374,0.782,0.1073,0.3626,0.0091,0.0183,0.2864,0.0783,0.0445,0.0935
824,0.341,1559.37,400.63,1.21,0.632,0.811,0.281,0.923,0.4116,0.1961,0.0473,0.116,0.0741,0.0597,0.0779,0.0175
825,0.401,2597.27,324.84,1.4,0.209,0.3,0.272,0.406,0.0189,0.3362,0.0567,0.0135,0.4922,0.0404,0.033,0.0092
826,0.293,2994.56,704.61,1.5,0.188,0.826,0.223,0.741,0.4173,0.0256,0.0764,0.0221,0.1673,0.1813,0.0493,0.0607
827,0.345,2304.82,620.32,1.25,0.236,0.121,0.262,0.735,0.0213,0.0745,0.0394,0.4735,0.0876,0.0171,0.1432,0.1436
828,0.532,1586.11,540.37,1.24,0.153,0.585,0.132,0.808,0.0635,0.0839,0.0039,0.1232,0.1194,0.4102,0.1369,0.0591
829,0.464,1663.04,422.54,1.48,0.55,0.481,0.328,0.606,0.0924,0.0753,0.1231,0.1903,0.0839,0.1316,0.2239,0.0794
830,0.481,2802.43,444.29,1.54,0.192,0.759,0.207,0.787,0.1305,0.3317,0.0206,0.0032,0.0088,0.0625,0.0253,0.4174
831,0.817,3456.58,1109.77,1.5,0.111,0.297,0.191,0.532,0.0125,0.0217,0.3838,0.2227,0.0364,0.3131,0.0043,0.0053
832,0.498,2334.52,604.38,1.31,0.708,0.592,0.085,0.453,0.1253,0.2034,0.2807,0.0995,0.058,0.0165,0.1219,0.0946
833,0.437,2247.4,778.4,1.34,0.384,0.355,0.379,0.762,0.2305,0.0909,0.1282,0.0164,0.0311,0.3153,0.0298,0.1577
834,0.296,2002.74,506.24,1.38,0.259,0.497,0.22,0.757,0.0451,0.0372,0.1876,0.1812,0.1444,0.2082,0.0044,0.1919
835,0.866,2952.2,1004.1,1.34,0.208,0.145,0.488,0.802,0.4047,0.0799,0.0615,0.0972,0.0385,0.0322,0.1548,0.1311
836,0.8,3423.57,610.11,1.16,0.317,0.408,0.26,0.708,0.0966,0.398,0.0035,0.3048,0.0609,0.0943,0.0415,0.0004
837,0.459,2779.52,666.59,1.3,0.308,0.684,0.224,0.792,0.0232,0.0285,0.0373,0.0123,0.4568,0.3171,0.0518,0.0731
838,0.566,2310.56,414.95,1.51,0.467,0.862,0.356,0.79,0.0232,0.1623,0.2107,0.1005,0.2914,0.1153,0.0022,0.0944
839,0.584,2266.14,284.97,1.26,0.231,0.513,0.116,0.699,0.0589,0.2546,0.1368,0.1436,0.2011,0.0018,0.0244,0.1788
840,0.255,1848.59,596.11,1.5,0.386,0.471,0.274,0.688,0.0048,0.0316,0.2303,0.0195,0.1118,0.1758,0.1826,0.2436
841,0.735,1824.02,587.71,1.53,0.086,0.726,0.193,0.868,0.1686,0.1245,0.0015,0.0846,0.0058,0.5738,0.0385,0.0026
842,0.302,1434.96,164.35,1.46,0.339,0.431,0.159,0.947,0.0178,0.0422,0.3418,0.0161,0.1766,0.0287,0.1689,0.2079
843,0.492,2734.85,752.85,1.41,0.389,0.6,0.32,0.594,0.0073,0.0209,0.1312,0.2138,0.1644,0.0393,0.1653,0.2578
844,0.402,1572.22,354.8,1.4,0.581,0.358,0.275,0.434,0.0071,0.2816,0.0152,0.2495,0.2039,0.0757,0.0245,0.1426
845,0.295,2718.13,431.22,1.32,0.209,0.749,0.187,0.3,0.2197,0.0929,0.2595,0.1456,0.1766,0.0042,0.018,0.0834
846,0.694,2393.55,672.09,1.39,0.599,0.362,0.194,0.604,0.3389,0.186,0.1032,0.1255,0.0712,0.0618,0.0962,0.0173
847,0.67,3350.42,782.68,1.28,0.039,0.575,0.432,0.541,0.0052,0.0954,0.2176,0.3109,0.1108,0.1546,0.0924,0.0131
848,0.18,2352.98,244.62,1.45,0.513,0.701,0.448,0.899,0.0167,0.0516,0.0072,0.0609,0.0107,0.0685,0.0781,0.7062
849,0.373,2880.16,638.65,1.38,0.611,0.215,0.528,0.879,0.0013,0.0026,0.0839,0.152,0.2067,0.0495,0.4252,0.079
850,0.656,1981.55,402.13,1.46,0.298,0.22,0.134,0.876,0.0254,0.2204,0.0259,0.0371,0.53,0.073,0.0753,0.0129
851,0.7,2885.39,802.89,1.5,0.498,0.448,0.183,0.833,0.08,0.1366,0.0352,0.107,0.4249,0.0227,0.0623,0.1313
852,0.497,2962.79,513.64,1.43,0.554,0.469,0.366,0.644,0.0562,0.1506,0.4258,0.0559,0.1711,0.0982,0.0285,0.0137
853,0.358,1095.77,308.6,1.22,0.255,0.617,0.473,0.597,0.12,0.1659,0.0108,0.3089,0.0424,0.1047,0.0914,0.156
854,0.757,4976.22,627.98,1.39,0.154,0.437,0.584,0.529,0.1885,0.0763,0.0087,0.2084,0.1539,0.2401,0.0333,0.0909
855,0.767,6264.52,2150.95,1.48,0.301,0.405,0.416,0.897,0.043,0.0191,0.0244,0.1583,0.1361,0.1449,0.2457,0.2285
856,0.382,3020.06,455.76,1.39,0.492,0.359,0.434,0.624,0.1104,0.2699,0.1039,0.0766,0.22,0.0946,0.101,0.0236
857,0.232,2603.54,750.43,1.15,0.274,0.481,0.447,0.755,0.0797,0.1323,0.1597,0.1197,0.1587,0.172,0.1222,0.0558
858,0.361,2583.85,525.66,1.32,0.345,0.258,0.513,0.772,0.0311,0.0986,0.0,0.1852,0.0088,0.0963,0.5742,0.0058
859,0.52,1962.3,407.61,1.47,0.441,0.604,0.396,0.61,0.0864,0.1073,0.0395,0.1701,0.0166,0.1997,0.172,0.2083
860,0.102,1655.69,567.6,1.2,0.502,0.669,0.106,0.723,0.0862,0.484,0.0011,0.0047,0.0555,0.0862,0.0404,0.2419
861,0.655,3524.56,851.77,1.41,0.263,0.645,0.394,0.656,0.077,0.0015,0.0599,0.4002,0.0693,0.0917,0.0254,0.275
862,0.449,1455.36,425.1,1.22,0.424,0.843,0.433,0.678,0.087,0.1323,0.1722,0.0456,0.4072,0.0133,0.1018,0.0405
863,0.227,1230.35,367.38,1.47,0.512,0.284,0.176,0.718,0.0658,0.0601,0.0421,0.1301,0.1092,0.0532,0.3104,0.2292
864,0.493,1877.56,554.15,1.4,0.204,0.264,0.601,0.473,0.0846,0.1005,0.3766,0.0105,0.0453,0.0689,0.1101,0.2035
865,0.149,2322.67,286.5,1.58,0.182,0.263,0.021,0.769,0.0236,0.18,0.0574,0.0901,0.0045,0.0696,0.4858,0.0889
866,0.687,1722.15,406.38,1.15,0.156,0.378,0.016,0.958,0.0762,0.1813,0.0093,0.3404,0.0989,0.0267,0.1672,0.1
867,0.721,2262.15,721.76,1.3,0.212,0.44,0.252,0.505,0.0412,0.2238,0.1345,0.1716,0.2897,0.041,0.0775,0.0208
868,0.513,2132.05,565.87,1.32,0.433,0.171,0.309,0.3,0.2237,0.1822,0.1793,0.0081,0.2056,0.0192,0.0088,0.173
869,0.59,1546.35,255.99,1.41,0.329,0.458,0.086,0.786,0.0943,0.1538,0.043,0.1049,0.1638,0.0934,0.3035,0.0433
870,0.337,758.75,157.24,1.58,0.405,0.422,0.22,0.895,0.0123,0.002,0.0494,0.0006,0.336,0.131,0.1291,0.3398
871,0.553,1508.07,265.42,1.5,0.261,0.615,0.112,0.836,0.0739,0.0239,0.3042,0.0653,0.3565,0.025,0.1473,0.0039
872,0.502,2455.03,451.17,1.51,0.397,0.496,0.201,0.676,0.0413,0.2058,0.1044,0.4052,0.0181,0.0618,0.1247,0.0387
873,0.567,2781.44,586.56,1.25,0.336,0.676,0.36,0.382,0.1997,0.2387,0.0915,0.0275,0.1985,0.2272,0.0156,0.0014
874,0.394,2537.0,387.32,1.24,0.655,0.628,0.044,0.72,0.2114,0.1053,0.0042,0.0373,0.0197,0.0946,0.1874,0.3403
875,0.67,3080.65,793.47,1.33,0.695,0.657,0.237,0.38,0.0089,0.0452,0.2604,0.2487,0.2909,0.0533,0.0541,0.0384
876,0.487,1707.83,320.77,1.29,0.44,0.539,0.21,0.743,0.0902,0.0657,0.064,0.1093,0.144,0.0005,0.085,0.4413
877,0.62,1681.9,175.9,1.49,0.137,0.333,0.25,0.625,0.0412,0.0183,0.1183,0.0799,0.3243,0.3439,0.0641,0.0099
878,0.605,2714.19,405.38,1.36,0.217,0.422,0.563,0.3,0.067,0.0093,0.0218,0.0379,0.2548,0.1317,0.0163,0.4611
879,0.796,2357.33,817.24,1.49,0.178,0.129,0.437,0.378,0.004,0.1937,0.1837,0.0033,0.4459,0.1145,0.0178,0.037
880,0.53,3227.88,979.16,1.2,0.243,0.22,0.234,0.502,0.0611,0.066,0.0779,0.1085,0.2492,0.0793,0.3119,0.046
881,0.438,2486.32,554.34,1.55,0.102,0.362,0.219,0.594,0.0844,0.0519,0.3196,0.0527,0.0324,0.0989,0.0041,0.3559
882,0.594,3881.52,1200.08,1.38,0.074,0.627,0.243,0.978,0.0105,0.377,0.0041,0.2222,0.0496,0.1409,0.1794,0.0164
883,0.518,1851.99,330.52,1.6,0.637,0.137,0.566,0.779,0.0442,0.2589,0.2296,0.1155,0.0001,0.0889,0.0131,0.2497
884,0.795,3931.62,743.12,1.37,0.286,0.79,0.586,0.481,0.0805,0.1854,0.1153,0.0073,0.0312,0.1322,0.2871,0.161
885,0.256,4321.86,995.0,1.26,0.374,0.682,0.407,0.98,0.0265,0.491,0.0496,0.0319,0.0005,0.0144,0.3735,0.0125
886,0.658,2451.37,376.62,1.22,0.627,0.367,0.076,0.595,0.0247,0.0787,0.1384,0.5049,0.0295,0.0324,0.0727,0.1188
887,0.482,2670.68,813.66,1.44,0.391,0.245,0.248,0.93,0.2302,0.0028,0.094,0.1337,0.2654,0.0414,0.072,0.1605
888,0.163,1243.09,270.16,1.51,0.667,0.416,0.277,0.839,0.0002,0.2536,0.0059,0.1582,0.2469,0.0597,0.081,0.1945
889,0.531,3212.48,399.78,1.56,0.07,0.365,0.327,0.492,0.0018,0.0094,0.2666,0.1127,0.223,0.1887,0.1839,0.0138
890,0.55,3564.93,563.32,1.23,0.472,0.612,0.341,0.495,0.1595,0.0783,0.0935,0.0146,0.0149,0.2105,0.2128,0.2159
891,0.809,2118.33,512.03,1.24,0.423,0.394,0.132,0.548,0.0728,0.1943,0.11,0.177,0.0992,0.1438,0.0132,0.1897
892,0.744,3165.4,794.6,1.35,0.527,0.061,0.239,0.951,0.0802,0.0155,0.0454,0.0002,0.1494,0.4033,0.1562,0.1499
893,0.748,2806.25,816.95,1.26,0.165,0.627,0.489,0.782,0.0616,0.2098,0.025,0.1188,0.0149,0.0049,0.0426,0.5223
894,0.715,2885.98,578.79,1.51,0.573,0.66,0.155,0.774,0.0625,0.0002,0.0195,0.2755,0.3277,0.2349,0.006,0.0737
895,0.253,2644.96,714.08,1.3,0.724,0.306,0.295,0.756,0.1372,0.3039,0.0107,0.1449,0.1276,0.0036,0.0081,0.264
896,0.275,2384.76,374.64,1.34,0.244,0.68,0.169,0.939,0.1606,0.6242,0.057,0.0001,0.0376,0.0106,0.1031,0.0068
897,0.245,1799.53,455.48,1.15,0.274,0.531,0.303,0.402,0.0831,0.1422,0.078,0.0074,0.4352,0.0522,0.1967,0.0054
898,0.58,3218.76,633.02,1.17,0.449,0.322,0.317,0.825,0.3487,0.1417,0.021,0.098,0.0081,0.0367,0.002,0.3437
899,0.692,3808.16,1124.89,1.41,0.115,0.154,0.167,0.884,0.2269,0.0006,0.0169,0.0012,0.216,0.1728,0.0061,0.3595
900,0.447,1719.24,557.44,1.54,0.587,0.846,0.386,0.785,0.0554,0.2222,0.0271,0.0032,0.0189,0.0135,0.3381,0.3216
901,0.4,2087.27,595.58,1.35,0.405,0.572,0.443,0.677,0.0755,0.0059,0.335,0.0746,0.0223,0.0326,0.2709,0.1832
902,0.426,1045.3,268.08,1.55,0.104,0.532,0.567,0.231,0.0214,0.0794,0.2067,0.0034,0.1026,0.1671,0.2794,0.14
903,0.27,2440.2,321.88,1.17,0.256,0.379,0.37,0.819,0.167,0.0274,0.1484,0.1163,0.0651,0.0717,0.0318,0.3723
904,0.841,4273.91,1122.05,1.55,0.273,0.308,0.331,0.931,0.3023,0.2679,0.0041,0.0381,0.0218,0.1871,0.1697,0.009
905,0.428,1915.24,450.7,1.41,0.442,0.561,0.367,0.38,0.0371,0.0557,0.3117,0.117,0.4438,0.0043,0.0298,0.0006
906,0.698,2582.42,277.05,1.3,0.482,0.481,0.065,0.458,0.0429,0.2894,0.0064,0.1024,0.0782,0.1257,0.0296,0.3255
907,0.844,2402.61,315.29,1.2,0.327,0.696,0.181,0.922,0.1329,0.2871,0.0349,0.1732,0.1577,0.0308,0.0471,0.1363
908,0.786,2190.83,407.4,1.26,0.423,0.754,0.45,0.668,0.2536,0.1988,0.1499,0.0948,0.0925,0.0407,0.0651,0.1046
909,0.305,2165.94,477.67,1.52,0.123,0.471,0.536,0.348,0.0571,0.1684,0.0518,0.1986,0.1485,0.1777,0.0579,0.1399
910,0.47,1587.73,524.52,1.59,0.361,0.571,0.313,0.595,0.1112,0.0066,0.0387,0.0054,0.0491,0.2653,0.0335,0.4902
911,0.551,2067.0,308.28,1.18,0.047,0.789,0.599,0.879,0.2188,0.0079,0.2399,0.0336,0.2097,0.1699,0.102,0.0183
912,0.729,1730.48,194.41,1.22,0.295,0.844,0.136,0.503,0.0071,0.1665,0.4089,0.2518,0.0167,0.0225,0.0062,0.1203
913,0.513,2815.54,799.23,1.32,0.17,0.343,0.069,0.796,0.0358,0.1072,0.11,0.001,0.0646,0.1446,0.4506,0.0861
914,0.4,2298.33,647.6,1.59,0.267,0.514,0.382,0.526,0.0189,0.198,0.3135,0.2677,0.0008,0.1565,0.0172,0.0275
915,0.444,1802.88,532.0,1.21,0.415,0.242,0.286,0.95,0.4283,0.0043,0.1724,0.0716,0.2376,0.032,0.0408,0.013
916,0.074,1721.89,502.4,1.57,0.293,0.149,0.252,0.859,0.2916,0.3156,0.1878,0.0436,0.0436,0.0419,0.0232,0.0526
917,0.575,2105.95,528.96,1.29,0.13,0.293,0.253,0.489,0.0411,0.0006,0.0382,0.0672,0.0072,0.0049,0.0681,0.7727
918,0.649,3774.56,851.27,1.36,0.23,0.324,0.707,0.517,0.2765,0.0692,0.0486,0.002,0.0305,0.0232,0.0888,0.461
919,0.477,1829.05,239.96,1.28,0.354,0.891,0.394,0.793,0.1558,0.2364,0.0178,0.0051,0.0912,0.3471,0.0955,0.0511
920,0.686,3137.89,985.31,1.47,0.268,0.577,0.361,0.811,0.0401,0.142,0.2857,0.094,0.0624,0.2236,0.0599,0.0924
921,0.397,1573.09,445.38,1.18,0.326,0.737,0.06,0.712,0.3525,0.052,0.07,0.0612,0.2246,0.1228,0.0422,0.0746
922,0.682,3363.26,1023.11,1.53,0.623,0.304,0.271,0.912,0.1821,0.0552,0.1335,0.0394,0.0892,0.2764,0.0066,0.2175
923,0.48,3308.45,1157.6,1.37,0.609,0.663,0.074,0.803,0.0867,0.0928,0.0565,0.0088,0.4962,0.062,0.1414,0.0556
924,0.38,3185.77,1093.29,1.2,0.513,0.599,0.232,0.876,0.0726,0.0047,0.0334,0.1169,0.6966,0.0149,0.0586,0.0024
925,0.364,3683.72,604.08,1.27,0.208,0.58,0.076,0.717,0.3645,0.3422,0.0381,0.003,0.0882,0.0247,0.1104,0.0289
926,0.652,2689.72,844.31,1.2,0.267,0.252,0.138,0.853,0.2259,0.0921,0.0918,0.1049,0.0222,0.1109,0.271,0.0812
927,0.523,3671.4,1019.01,1.4,0.622,0.659,0.287,0.586,0.0832,0.2355,0.0699,0.1753,0.2429,0.0669,0.0048,0.1215
928,0.472,4165.69,1352.56,1.57,0.341,0.453,0.298,0.726,0.1141,0.2475,0.0292,0.2441,0.1028,0.1114,0.1161,0.0349
929,0.595,1483.34,507.26,1.26,0.339,0.677,0.218,0.629,0.0238,0.0138,0.2865,0.0652,0.2582,0.037,0.2368,0.0788
930,0.437,1675.98,322.16,1.57,0.296,0.245,0.344,0.276,0.0704,0.3316,0.081,0.0883,0.1875,0.2205,0.0018,0.0188
931,0.512,1222.54,269.05,1.26,0.453,0.572,0.226,0.75,0.1254,0.0002,0.1586,0.4247,0.063,0.0146,0.124,0.0897
932,0.755,3848.13,524.08,1.22,0.343,0.353,0.195,0.126,0.0545,0.1836,0.031,0.1294,0.2104,0.0982,0.0261,0.2668
933,0.296,1073.75,109.32,1.54,0.165,0.635,0.274,0.79,0.0672,0.1157,0.4286,0.0805,0.0189,0.1219,0.0662,0.1009
934,0.323,979.56,302.16,1.39,0.251,0.723,0.197,0.834,0.0013,0.0403,0.071,0.0218,0.0057,0.0054,0.7301,0.1244
935,0.754,1621.76,523.19,1.31,0.04,0.673,0.375,0.313,0.2979,0.0077,0.0286,0.026,0.175,0.0197,0.2653,0.1797
936,0.68,1210.32,158.84,1.46,0.367,0.322,0.497,0.507,0.0815,0.2413,0.2027,0.028,0.2826,0.0185,0.0363,0.1091
937,0.42,2355.68,320.38,1.36,0.159,0.64,0.156,0.693,0.3794,0.1691,0.0009,0.0058,0.0028,0.2177,0.0733,0.151
938,0.386,1342.55,182.68,1.18,0.499,0.683,0.187,0.419,0.0034,0.1322,0.0694,0.139,0.3316,0.2997,0.0176,0.0072
939,0.364,1040.22,188.59,1.45,0.153,0.418,0.288,0.669,0.0197,0.2956,0.0207,0.0562,0.151,0.0516,0.2324,0.1729
940,0.69,2398.4,795.4,1.46,0.276,0.676,0.52,0.819,0.0022,0.218,0.1695,0.1452,0.2012,0.0198,0.033,0.2112
941,0.412,2117.73,439.17,1.37,0.349,0.843,0.329,0.682,0.2591,0.0066,0.0117,0.0521,0.337,0.156,0.0132,0.1642
942,0.361,966.69,248.51,1.4,0.207,0.126,0.319,0.944,0.0876,0.0248,0.0077,0.0535,0.004,0.2327,0.1002,0.4894
943,0.704,1845.13,318.05,1.16,0.267,0.374,0.233,0.787,0.0049,0.0887,0.0746,0.1933,0.0173,0.0761,0.4382,0.1069
944,0.242,1843.19,211.55,1.27,0.328,0.646,0.099,0.63,0.352,0.1928,0.1476,0.0252,0.2003,0.0086,0.0195,0.054
945,0.483,1897.65,401.42,1.24,0.201,0.276,0.464,0.786,0.0461,0.0307,0.2395,0.3544,0.0839,0.1231,0.1133,0.009
946,0.192,1611.74,346.96,1.52,0.392,0.367,0.461,0.779,0.0283,0.0023,0.4433,0.0328,0.1148,0.1094,0.0541,0.2151
947,0.332,3217.46,666.57,1.23,0.167,0.333,0.431,0.729,0.1692,0.0012,0.0941,0.1432,0.1348,0.0003,0.043,0.4143
948,0.337,4750.51,749.28,1.49,0.567,0.574,0.313,0.475,0.0577,0.093,0.0442,0.0115,0.3872,0.1177,0.0173,0.2712
949,0.083,1506.13,295.28,1.41,0.102,0.311,0.447,0.736,0.0681,0.001,0.4066,0.0193,0.1568,0.0903,0.2106,0.0474
950,0.606,1377.31,148.53,1.33,0.229,0.627,0.155,0.951,0.0086,0.6094,0.0079,0.0139,0.0214,0.0347,0.0661,0.238
951,0.529,2043.64,620.66,1.48,0.561,0.825,0.171,0.667,0.0752,0.2908,0.0395,0.409,0.0038,0.058,0.0886,0.0352
952,0.296,2121.77,497.4,1.35,0.086,0.236,0.212,0.676,0.0926,0.0529,0.2861,0.2829,0.0126,0.0028,0.0298,0.2402
953,0.64,2328.03,726.27,1.48,0.439,0.484,0.162,0.537,0.0579,0.3854,0.1326,0.2007,0.0445,0.0346,0.1042,0.0401
954,0.334,2565.12,795.33,1.52,0.316,0.722,0.126,0.876,0.0118,0.0493,0.0399,0.2326,0.299,0.0932,0.0108,0.2633
955,0.69,5907.17,1605.62,1.27,0.123,0.781,0.225,0.627,0.0175,0.3928,0.0195,0.0179,0.095,0.1213,0.3162,0.0198
956,0.293,987.88,204.07,1.52,0.103,0.377,0.341,0.64,0.2606,0.2421,0.3075,0.003,0.135,0.0021,0.0225,0.0271
957,0.631,1932.67,289.52,1.37,0.16,0.312,0.324,0.892,0.0071,0.1196,0.3531,0.1718,0.1997,0.0539,0.0141,0.0807
958,0.237,3504.81,741.69,1.47,0.076,0.124,0.418,0.694,0.0734,0.1958,0.0808,0.3252,0.0991,0.0456,0.1641,0.0161
959,0.528,1819.98,442.7,1.58,0.333,0.402,0.21,0.687,0.0627,0.2843,0.0076,0.0538,0.4062,0.0382,0.1163,0.0308
960,0.537,3090.41,649.98,1.24,0.486,0.03,0.347,0.939,0.0178,0.3005,0.205,0.0023,0.0173,0.3932,0.0397,0.0243
961,0.264,2477.42,726.29,1.46,0.091,0.365,0.182,0.412,0.2431,0.0244,0.0019,0.1581,0.0093,0.4421,0.0112,0.1098
962,0.368,3362.65,1091.63,1.58,0.436,0.435,0.407,0.504,0.0453,0.4761,0.023,0.1247,0.0502,0.1051,0.0988,0.0768
963,0.494,4733.37,1512.5,1.19,0.647,0.83,0.295,0.924,0.0133,0.0439,0.0103,0.4389,0.1555,0.001,0.2993,0.0378
964,0.515,2544.34,545.04,1.33,0.64,0.732,0.104,0.365,0.1031,0.0251,0.0266,0.1541,0.2955,0.1732,0.1903,0.0321
965,0.581,1147.56,367.11,1.24,0.273,0.718,0.571,0.523,0.1271,0.4329,0.1422,0.1075,0.0381,0.1166,0.0084,0.0272
966,0.343,1526.71,337.99,1.46,0.325,0.816,0.255,0.824,0.0018,0.2217,0.057,0.0421,0.1913,0.0441,0.1049,0.3371
967,0.503,5306.67,991.61,1.17,0.381,0.569,0.051,0.713,0.2842,0.0009,0.0124,0.0007,0.0247,0.0462,0.2975,0.3334
968,0.521,1268.98,394.62,1.58,0.302,0.521,0.373,0.825,0.2894,0.1631,0.078,0.1805,0.0341,0.1787,0.0071,0.0691
969,0.574,2804.14,764.23,1.24,0.606,0.555,0.303,0.719,0.0029,0.0456,0.1101,0.1213,0.0392,0.2964,0.3763,0.0083
970,0.632,866.21,179.8,1.49,0.336,0.529,0.258,0.676,0.0043,0.0075,0.0153,0.3224,0.1599,0.1467,0.1632,0.1806
971,0.285,1136.09,204.04,1.59,0.28,0.502,0.105,0.759,0.0196,0.0128,0.0005,0.0587,0.2533,0.2448,0.0975,0.3127
972,0.628,3370.99,439.18,1.33,0.397,0.784,0.133,0.659,0.0214,0.0374,0.0101,0.0648,0.2826,0.0603,0.0323,0.4911
973,0.874,2698.71,445.57,1.42,0.413,0.136,0.283,0.554,0.2758,0.0821,0.1181,0.1684,0.0197,0.219,0.0257,0.0913
974,0.091,1476.77,172.5,1.53,0.31,0.117,0.071,0.372,0.1205,0.1043,0.0908,0.1682,0.1614,0.1924,0.1021,0.0604
975,0.312,1431.95,286.07,1.25,0.011,0.539,0.215,0.861,0.1278,0.0178,0.6201,0.1777,0.0062,0.0451,0.004,0.0012
976,0.341,907.68,175.55,1.46,0.682,0.393,0.028,0.872,0.057,0.1678,0.0135,0.366,0.0392,0.0477,0.0209,0.2879
977,0.358,2690.4,568.39,1.56,0.112,0.524,0.241,0.681,0.0203,0.378,0.1027,0.0623,0.0032,0.0766,0.0189,0.338
978,0.822,2319.07,580.1,1.22,0.449,0.167,0.138,0.727,0.0187,0.2183,0.438,0.0129,0.008,0.1049,0.1863,0.0128
979,0.282,1059.32,285.63,1.41,0.253,0.685,0.309,0.465,0.3061,0.0882,0.0041,0.2932,0.0533,0.1522,0.0495,0.0534
980,0.618,2380.5,512.56,1.56,0.207,0.654,0.289,0.643,0.4511,0.037,0.0192,0.0642,0.0044,0.2299,0.0079,0.1863
981,0.373,2595.28,790.18,1.6,0.646,0.267,0.176,0.423,0.0007,0.094,0.2146,0.2061,0.0282,0.0564,0.3028,0.0971
982,0.423,1953.18,320.53,1.4,0.173,0.592,0.411,0.49,0.1298,0.5262,0.074,0.1498,0.0467,0.0518,0.0034,0.0184
983,0.491,2303.46,242.2,1.37,0.566,0.588,0.682,0.713,0.0465,0.1849,0.1149,0.0783,0.3531,0.0813,0.1332,0.0077
984,0.61,2378.09,387.01,1.25,0.369,0.729,0.303,0.822,0.1337,0.103,0.1116,0.0002,0.1379,0.3248,0.0823,0.1066
985,0.486,1652.44,189.05,1.32,0.495,0.63,0.363,0.674,0.1918,0.1762,0.014,0.2118,0.0965,0.0523,0.0068,0.2505
986,0.477,2229.14,630.02,1.48,0.769,0.759,0.769,0.83,0.0914,0.0116,0.0153,0.5675,0.0963,0.0353,0.0844,0.0982
987,0.601,3128.17,654.73,1.41,0.348,0.061,0.258,0.826,0.1738,0.0795,0.0387,0.2307,0.0167,0.3066,0.0023,0.1516
988,0.63,3578.32,798.52,1.53,0.318,0.594,0.189,0.884,0.1431,0.2238,0.2275,0.176,0.0333,0.0357,0.1479,0.0126
989,0.679,3327.23,350.04,1.32,0.286,0.279,0.126,0.493,0.0138,0.2921,0.0798,0.0039,0.0282,0.3649,0.0869,0.1303
990,0.641,1816.4,286.92,1.44,0.273,0.356,0.73,0.568,0.2849,0.1727,0.0883,0.0042,0.3987,0.0066,0.0431,0.0017
991,0.441,2757.37,471.7,1.24,0.156,0.6,0.148,0.943,0.0133,0.5967,0.0167,0.0675,0.0877,0.0495,0.1374,0.0311
992,0.604,2812.29,645.88,1.19,0.033,0.649,0.215,0.822,0.0213,0.1066,0.2479,0.3365,0.0708,0.0282,0.0693,0.1194
993,0.56,1718.14,348.85,1.21,0.54,0.402,0.189,0.867,0.1315,0.1567,0.0132,0.1109,0.1176,0.0705,0.2223,0.1773
994,0.619,1954.39,413.34,1.5,0.283,0.582,0.458,0.711,0.0581,0.0427,0.1278,0.217,0.0424,0.2715,0.0831,0.1575
995,0.368,2691.05,411.35,1.59,0.382,0.426,0.622,0.758,0.2642,0.0178,0.0741,0.002,0.0066,0.1018,0.4328,0.1007
996,0.729,4311.25,788.95,1.6,0.332,0.692,0.217,0.831,0.2528,0.0794,0.1599,0.1361,0.2374,0.0187,0.1018,0.0139
997,0.497,1068.72,195.98,1.52,0.465,0.453,0.434,0.732,0.1113,0.0399,0.2506,0.0474,0.1874,0.2748,0.0279,0.0606
998,0.725,4780.42,1000.68,1.56,0.185,0.595,0.39,0.566,0.1837,0.0471,0.0381,0.0721,0.2852,0.1058,0.2365,0.0315
999,0.315,3164.73,1023.16,1.46,0.032,0.81,0.502,0.907,0.1766,0.0774,0.0917,0.2611,0.0285,0.2172,0.036,0.1117
1000,0.572,2486.78,793.27,1.35,0.23,0.539,0.186,0.797,0.0987,0.4219,0.0675,0.0004,0.0314,0.1008,0.0899,0.1894
1001,0.733,2261.36,775.46,1.54,0.508,0.659,0.01,0.536,0.0314,0.2127,0.0095,0.296,0.1971,0.0469,0.0148,0.1917
1002,0.748,2932.79,951.26,1.2,0.272,0.32,0.653,0.844,0.0525,0.1219,0.3177,0.1344,0.0627,0.2258,0.0608,0.0242
1003,0.456,1668.88,406.32,1.23,0.299,0.443,0.436,0.652,0.0588,0.1322,0.3154,0.0048,0.1775,0.2285,0.0738,0.0089
1004,0.681,2260.75,471.78,1.34,0.421,0.384,0.106,0.91,0.2358,0.0907,0.0201,0.1935,0.0161,0.333,0.1091,0.0018
1005,0.694,1354.45,207.16,1.46,0.726,0.612,0.469,0.942,0.2251,0.1149,0.0019,0.1879,0.0303,0.0505,0.2111,0.1783
1006,0.828,1297.71,366.44,1.48,0.271,0.64,0.217,0.546,0.0176,0.0446,0.2952,0.0613,0.078,0.3004,0.0045,0.1984
1007,0.519,5673.71,1551.31,1.42,0.364,0.687,0.321,0.854,0.121,0.3431,0.0086,0.3059,0.1081,0.0625,0.0132,0.0377
1008,0.365,2099.12,422.53,1.41,0.488,0.55,0.58,0.365,0.1001,0.0551,0.0748,0.0202,0.482,0.2055,0.0506,0.0117
1009,0.352,2203.27,767.2,1.34,0.38,0.597,0.108,0.68,0.0185,0.1402,0.0214,0.2049,0.1605,0.1832,0.0467,0.2247
1010,0.476,2153.75,230.93,1.35,0.286,0.328,0.446,0.859,0.0033,0.1551,0.1792,0.0038,0.0983,0.2002,0.2367,0.1234
1011,0.537,1618.55,433.51,1.27,0.398,0.522,0.272,0.747,0.1717,0.0547,0.2049,0.0477,0.2225,0.0003,0.0776,0.2207
1012,0.64,2103.14,325.4,1.48,0.328,0.727,0.366,0.85,0.3521,0.1031,0.1657,0.0333,0.0416,0.0361,0.1653,0.1028
1013,0.66,2491.01,768.25,1.18,0.158,0.675,0.205,0.407,0.0402,0.0212,0.3288,0.052,0.1392,0.3119,0.1009,0.0057
1014,0.52,2064.4,532.17,1.6,0.516,0.306,0.172,0.701,0.0738,0.2231,0.0361,0.0659,0.1555,0.064,0.369,0.0126
1015,0.68,1796.31,513.82,1.3,0.733,0.371,0.146,0.789,0.0134,0.1651,0.0422,0.0911,0.2577,0.0002,0.1292,0.3011
1016,0.116,2115.6,349.59,1.36,0.577,0.342,0.258,0.776,0.0174,0.0401,0.2686,0.4062,0.0714,0.0068,0.0054,0.1841
1017,0.637,2560.89,628.17,1.38,0.459,0.674,0.19,0.683,0.1136,0.0125,0.3053,0.0377,0.017,0.0626,0.0733,0.378
1018,0.754,2943.29,765.56,1.27,0.592,0.278,0.495,0.555,0.2455,0.005,0.0496,0.0099,0.6404,0.0099,0.0116,0.0281
1019,0.193,2439.34,682.1,1.41,0.624,0.293,0.352,0.519,0.3875,0.0361,0.1566,0.0966,0.0051,0.0748,0.0122,0.231
1020,0.304,1842.72,494.91,1.57,0.458,0.641,0.384,0.74,0.0336,0.5348,0.0181,0.0171,0.1495,0.0937,0.1529,0.0002
1021,0.516,2082.95,343.8,1.25,0.206,0.896,0.149,0.672,0.2179,0.2357,0.1187,0.0909,0.1817,0.0614,0.0223,0.0715
1022,0.7,4433.31,1187.32,1.6,0.616,0.42,0.632,0.647,0.0737,0.0154,0.0014,0.1037,0.0209,0.3676,0.0856,0.3317
1023,0.86,1812.26,583.49,1.37,0.107,0.8,0.213,0.737,0.1038,0.0535,0.1207,0.061,0.1432,0.0078,0.0348,0.4752
1024,0.614,1108.95,379.71,1.15,0.033,0.368,0.464,0.716,0.0451,0.1822,0.046,0.026,0.1047,0.017,0.5716,0.0073
1025,0.53,2804.01,535.47,1.24,0.302,0.698,0.49,0.739,0.445,0.0963,0.0772,0.1,0.0165,0.1092,0.0098,0.1459
1026,0.748,1950.1,394.61,1.39,0.381,0.368,0.546,0.802,0.1886,0.1277,0.0279,0.0595,0.3042,0.0958,0.1655,0.0307
1027,0.565,1486.7,270.22,1.28,0.7,0.686,0.229,0.885,0.1744,0.1166,0.0243,0.2855,0.1057,0.1318,0.0089,0.1528
1028,0.466,3089.57,910.19,1.44,0.445,0.479,0.283,0.489,0.0519,0.0335,0.0348,0.0,0.2134,0.3473,0.2005,0.1187
1029,0.332,1893.85,395.99,1.53,0.752,0.319,0.642,0.802,0.1015,0.0149,0.0425,0.252,0.2064,0.0317,0.19,0.1609
1030,0.718,1491.04,166.11,1.24,0.235,0.715,0.252,0.754,0.1543,0.0271,0.1223,0.0609,0.3954,0.0954,0.0376,0.1071
1031,0.808,5596.03,1593.07,1.59,0.124,0.318,0.437,0.803,0.3072,0.0026,0.3249,0.1563,0.0818,0.0293,0.0319,0.0661
1032,0.51,1166.57,374.16,1.28,0.142,0.461,0.157,0.436,0.0081,0.0719,0.119,0.2318,0.1021,0.1767,0.1672,0.1233
1033,0.763,2440.69,665.84,1.54,0.255,0.604,0.586,0.664,0.0016,0.1183,0.004,0.3959,0.0783,0.3501,0.0507,0.0011
1034,0.912,1270.74,140.34,1.37,0.044,0.679,0.59,0.587,0.0557,0.4038,0.1663,0.0352,0.1309,0.0003,0.0548,0.1529
1035,0.793,2855.57,389.78,1.25,0.649,0.549,0.514,0.442,0.0048,0.2954,0.0782,0.0176,0.0976,0.1134,0.3925,0.0005
1036,0.252,1478.29,242.98,1.25,0.399,0.437,0.123,0.91,0.0359,0.0014,0.2689,0.1475,0.0001,0.0239,0.4221,0.1002
1037,0.771,3519.88,711.78,1.2,0.215,0.737,0.433,0.893,0.0756,0.0752,0.27,0.0118,0.0127,0.2671,0.2605,0.027
1038,0.242,1884.84,594.81,1.54,0.067,0.604,0.227,0.403,0.4023,0.0319,0.0249,0.0882,0.0972,0.1571,0.09,0.1084
1039,0.269,3315.46,962.88,1.28,0.28,0.255,0.132,0.536,0.1243,0.1553,0.3043,0.0491,0.1558,0.1481,0.0081,0.0549
1040,0.7,2063.22,437.82,1.33,0.115,0.654,0.196,0.399,0.3113,0.0443,0.2568,0.0043,0.0491,0.1033,0.0824,0.1486
1041,0.371,1080.79,274.65,1.19,0.209,0.343,0.424,0.645,0.0257,0.027,0.056,0.1935,0.3017,0.1892,0.0602,0.1467
1042,0.361,2244.95,678.2,1.22,0.39,0.409,0.464,0.895,0.2887,0.0688,0.1045,0.0482,0.362,0.1075,0.0094,0.0109
1043,0.721,2238.27,644.03,1.3,0.311,0.257,0.456,0.548,0.0051,0.0004,0.0817,0.2181,0.0224,0.6046,0.0487,0.019
1044,0.212,899.48,254.5,1.44,0.491,0.807,0.337,0.753,0.0417,0.0621,0.1577,0.0415,0.0999,0.2041,0.1569,0.2361
1045,0.76,1654.01,206.15,1.48,0.294,0.498,0.409,0.44,0.013,0.097,0.0047,0.2206,0.0294,0.5891,0.0162,0.03
1046,0.658,1787.26,509.42,1.24,0.225,0.828,0.203,0.73,0.1627,0.0237,0.0321,0.0555,0.0013,0.0612,0.2313,0.4323
1047,0.852,4906.62,1588.35,1.55,0.46,0.298,0.605,0.949,0.0371,0.0102,0.1541,0.2084,0.2027,0.3154,0.0433,0.0289
1048,0.776,3372.95,369.06,1.31,0.28,0.596,0.239,0.605,0.0887,0.37,0.0128,0.0451,0.1065,0.1038,0.1911,0.0819
1049,0.672,2102.98,361.87,1.48,0.217,0.643,0.191,0.896,0.2914,0.2222,0.0188,0.0597,0.0457,0.0717,0.1813,0.1091
1050,0.565,2761.81,913.11,1.2,0.45,0.566,0.332,0.472,0.1166,0.0368,0.5389,0.0965,0.0031,0.1666,0.0001,0.0414
1051,0.347,895.82,175.54,1.39,0.266,0.2,0.498,0.698,0.0459,0.1712,0.0826,0.0014,0.0464,0.119,0.0717,0.4617
1052,0.511,1773.1,342.55,1.54,0.41,0.356,0.248,0.745,0.1351,0.1986,0.1992,0.0293,0.0205,0.0694,0.2456,0.1023
1053,0.88,3130.95,778.09,1.38,0.281,0.5,0.317,0.384,0.244,0.0668,0.2452,0.0126,0.1082,0.0673,0.0757,0.1803
1054,0.662,2569.58,592.34,1.36,0.381,0.355,0.133,0.943,0.0419,0.1905,0.3032,0.1528,0.1283,0.084,0.0337,0.0656
1055,0.785,2057.27,631.37,1.38,0.533,0.354,0.146,0.804,0.0011,0.2066,0.0003,0.1342,0.38,0.0076,0.1978,0.0724
1056,0.634,2334.75,250.0,1.29,0.42,0.543,0.159,0.712,0.0488,0.0266,0.0392,0.0103,0.0958,0.1864,0.0767,0.5162
1057,0.483,2506.05,681.92,1.22,0.664,0.748,0.225,0.76,0.1432,0.3942,0.0024,0.1063,0.1382,0.0309,0.0454,0.1394
1058,0.486,2184.02,436.92,1.42,0.397,0.541,0.418,0.874,0.0921,0.2184,0.0071,0.0074,0.3213,0.1752,0.0143,0.1642
1059,0.501,3119.49,666.69,1.43,0.37,0.355,0.389,0.545,0.0905,0.0539,0.0248,0.1873,0.345,0.042,0.0013,0.2552
1060,0.44,2427.22,541.97,1.19,0.42,0.278,0.14,0.729,0.0061,0.4639,0.063,0.0057,0.1085,0.0301,0.1111,0.2116
1061,0.692,2994.69,898.67,1.36,0.501,0.618,0.387,0.857,0.2342,0.1769,0.1922,0.0193,0.1975,0.1402,0.0205,0.0193
1062,0.107,3445.17,829.3,1.21,0.264,0.211,0.283,0.884,0.0568,0.1321,0.0105,0.0201,0.2279,0.2352,0.2578,0.0595
1063,0.616,3271.49,529.14,1.49,0.09,0.865,0.13,0.601,0.0445,0.0347,0.3902,0.0938,0.1251,0.0034,0.0813,0.2269
1064,0.523,4488.94,809.42,1.44,0.298,0.318,0.354,0.662,0.0249,0.0224,0.5102,0.0368,0.1352,0.0582,0.1655,0.0467
1065,0.823,1986.35,615.66,1.55,0.439,0.399,0.205,0.582,0.0053,0.2007,0.17,0.2747,0.1919,0.1455,0.0016,0.0101
1066,0.5,1168.62,232.47,1.48,0.547,0.712,0.226,0.614,0.2271,0.1963,0.0836,0.0242,0.0444,0.0096,0.1141,0.3007
1067,0.663,2274.65,643.32,1.45,0.34,0.778,0.336,0.897,0.0287,0.2547,0.1508,0.0168,0.1953,0.0663,0.0507,0.2368
1068,0.576,2102.2,539.24,1.43,0.363,0.822,0.182,0.552,0.2778,0.1349,0.1847,0.0866,0.1016,0.0186,0.0856,0.1101
1069,0.552,4074.12,699.79,1.38,0.437,0.594,0.206,0.603,0.3526,0.1433,0.0636,0.1952,0.1297,0.0783,0.0013,0.0361
1070,0.55,1444.66,212.19,1.53,0.565,0.486,0.044,0.682,0.1261,0.1501,0.0978,0.0088,0.0236,0.1534,0.1512,0.2891
1071,0.348,1963.05,534.42,1.35,0.376,0.174,0.081,0.617,0.104,0.1077,0.1766,0.1753,0.0,0.0776,0.1146,0.2443
1072,0.26,2257.48,518.66,1.4,0.172,0.25,0.345,0.944,0.066,0.0056,0.0801,0.0094,0.1263,0.0384,0.0528,0.6215
1073,0.548,2360.31,674.06,1.51,0.403,0.634,0.243,0.955,0.0049,0.1801,0.2626,0.1981,0.1303,0.0657,0.1485,0.0097
1074,0.463,2021.16,568.12,1.52,0.609,0.797,0.647,0.541,0.0212,0.0073,0.1244,0.4691,0.0064,0.0223,0.1956,0.1537
1075,0.501,2552.14,479.75,1.37,0.38,0.075,0.531,0.633,0.0213,0.0418,0.1082,0.6105,0.0163,0.019,0.0869,0.0961
1076,0.511,3422.46,1195.81,1.53,0.382,0.41,0.09,0.286,0.0262,0.3086,0.0398,0.0066,0.0149,0.0283,0.171,0.4047
1077,0.731,4597.88,1522.64,1.4,0.847,0.507,0.191,0.338,0.0455,0.0085,0.0474,0.0618,0.0126,0.3615,0.0366,0.4262
1078,0.65,2421.72,513.8,1.33,0.323,0.731,0.294,0.606,0.1178,0.1045,0.0083,0.2683,0.0128,0.0666,0.2737,0.148
1079,0.229,1358.55,255.59,1.58,0.207,0.799,0.389,0.685,0.5489,0.0035,0.096,0.0785,0.0322,0.0128,0.0529,0.1752
1080,0.348,3744.35,783.32,1.46,0.326,0.674,0.028,0.839,0.0068,0.3101,0.0294,0.0583,0.0101,0.115,0.4205,0.0498
1081,0.618,1528.03,206.05,1.3,0.597,0.702,0.115,0.939,0.2354,0.0555,0.1123,0.1613,0.2734,0.0769,0.0662,0.019
1082,0.518,4567.43,1141.48,1.3,0.218,0.352,0.111,0.784,0.1628,0.0094,0.0094,0.1374,0.5055,0.002,0.1137,0.0597
1083,0.173,3107.93,1034.75,1.57,0.139,0.218,0.26,0.638,0.0659,0.1357,0.0459,0.0927,0.1495,0.005,0.4846,0.0207
1084,0.56,4139.28,615.04,1.3,0.407,0.638,0.508,0.69,0.2305,0.0266,0.0961,0.0142,0.0203,0.3456,0.2522,0.0145
1085,0.59,3049.11,849.18,1.4,0.509,0.623,0.151,0.822,0.1013,0.2079,0.0084,0.1212,0.1325,0.0949,0.0495,0.2844
1086,0.681,1042.95,262.35,1.27,0.024,0.563,0.357,0.601,0.0027,0.0929,0.2433,0.1207,0.0164,0.447,0.0419,0.0351
1087,0.682,1603.01,227.96,1.46,0.407,0.526,0.449,0.651,0.2196,0.0452,0.0973,0.1042,0.0856,0.2751,0.1626,0.0104
1088,0.609,2646.72,596.78,1.39,0.384,0.768,0.417,0.444,0.0199,0.1931,0.0229,0.4373,0.0237,0.0821,0.0446,0.1765
1089,0.115,1332.51,460.4,1.34,0.318,0.508,0.215,0.837,0.1183,0.2133,0.1743,0.1586,0.0012,0.0872,0.1873,0.0598
1090,0.743,2205.47,388.18,1.49,0.106,0.393,0.241,0.83,0.0945,0.0512,0.1707,0.111,0.014,0.0506,0.3618,0.1462
1091,0.217,2386.88,808.01,1.24,0.206,0.709,0.575,0.504,0.1192,0.0297,0.1755,0.3316,0.0495,0.1551,0.0451,0.0943
1092,0.309,1849.18,416.09,1.53,0.312,0.514,0.605,0.613,0.1502,0.0904,0.0234,0.0388,0.5226,0.0883,0.0302,0.0561
1093,0.674,1485.4,487.8,1.18,0.224,0.778,0.153,0.579,0.1351,0.1656,0.0716,0.3727,0.0619,0.0575,0.1278,0.0077
1094,0.644,3395.44,1149.99,1.21,0.397,0.344,0.215,0.787,0.0318,0.022,0.0077,0.1116,0.0303,0.1112,0.5912,0.0942
1095,0.21,2285.92,434.3,1.4,0.555,0.321,0.039,0.754,0.058,0.0048,0.2668,0.1176,0.2878,0.0671,0.1526,0.0452
1096,0.517,2018.67,569.97,1.36,0.405,0.371,0.103,0.505,0.0093,0.0395,0.0047,0.0598,0.0379,0.6436,0.1877,0.0176
1097,0.676,3218.61,849.52,1.35,0.259,0.56,0.37,0.755,0.206,0.4486,0.0511,0.1621,0.021,0.004,0.1057,0.0016
1098,0.604,2425.3,587.52,1.59,0.575,0.228,0.072,0.948,0.004,0.1573,0.0021,0.315,0.331,0.1213,0.0432,0.026
1099,0.573,3913.44,619.97,1.27,0.109,0.823,0.135,0.566,0.0869,0.0827,0.193,0.0156,0.0579,0.1787,0.0253,0.36
1100,0.31,2103.48,511.73,1.44,0.463,0.453,0.271,0.548,0.0307,0.1178,0.0113,0.0141,0.0267,0.3437,0.3724,0.0833
1101,0.629,4016.13,504.25,1.41,0.327,0.707,0.289,0.574,0.0381,0.3142,0.0381,0.1089,0.164,0.1336,0.1976,0.0054
1102,0.613,1108.34,315.31,1.26,0.151,0.217,0.266,0.994,0.0919,0.1311,0.0792,0.0442,0.0957,0.2318,0.0145,0.3117
1103,0.841,3148.42,1051.34,1.4,0.072,0.522,0.172,0.843,0.0379,0.1437,0.0083,0.5139,0.0831,0.1295,0.035,0.0486
1104,0.312,1691.14,294.58,1.6,0.513,0.592,0.463,0.77,0.2612,0.0959,0.0589,0.0122,0.0365,0.4003,0.0847,0.0504
1105,0.479,1548.73,318.96,1.23,0.29,0.812,0.25,0.748,0.0002,0.4401,0.111,0.0842,0.1578,0.0144,0.0063,0.186
1106,0.55,3606.72,618.32,1.23,0.615,0.35,0.109,0.811,0.0247,0.3164,0.0236,0.192,0.0292,0.1101,0.3002,0.0038
1107,0.504,3159.72,636.95,1.28,0.032,0.58,0.067,0.969,0.0037,0.1285,0.0118,0.2267,0.0353,0.039,0.4754,0.0795
1108,0.748,1123.95,216.26,1.39,0.455,0.44,0.431,0.674,0.101,0.0782,0.2947,0.0007,0.063,0.3982,0.0527,0.0115
1109,0.511,2959.47,1020.76,1.36,0.027,0.69,0.388,0.907,0.0324,0.1083,0.1603,0.1123,0.0629,0.0166,0.2518,0.2553
1110,0.502,2805.08,295.24,1.49,0.052,0.361,0.295,0.684,0.1532,0.3944,0.1315,0.0057,0.0118,0.0853,0.1007,0.1173
1111,0.403,1566.72,423.18,1.56,0.351,0.813,0.402,0.623,0.0217,0.0242,0.1942,0.0689,0.0845,0.5058,0.0092,0.0914
1112,0.801,1841.65,538.33,1.47,0.273,0.275,0.291,0.498,0.0404,0.2724,0.0102,0.417,0.036,0.1185,0.0433,0.0621
1113,0.54,1194.87,167.72,1.4,0.472,0.22,0.192,0.963,0.2455,0.2361,0.1998,0.1786,0.0123,0.0421,0.0487,0.0368
1114,0.328,1749.4,406.53,1.2,0.504,0.296,0.163,0.697,0.1572,0.1206,0.1871,0.1235,0.1892,0.0051,0.0182,0.1989
1115,0.586,2154.68,391.52,1.24,0.158,0.428,0.42,0.55,0.0609,0.062,0.2527,0.1661,0.198,0.0459,0.1189,0.0956
1116,0.269,2656.7,406.37,1.49,0.345,0.286,0.289,0.631,0.0059,0.0249,0.0501,0.0732,0.0003,0.0559,0.5927,0.1969
1117,0.653,2666.33,518.23,1.42,0.268,0.81,0.248,0.899,0.0355,0.2344,0.198,0.1202,0.0002,0.1497,0.1844,0.0776
1118,0.563,1495.99,205.0,1.16,0.192,0.283,0.129,0.401,0.0105,0.0489,0.0758,0.0639,0.5034,0.0385,0.0403,0.2188
1119,0.636,2611.25,765.35,1.43,0.394,0.641,0.313,0.7,0.4584,0.1732,0.0217,0.0521,0.1863,0.0665,0.0285,0.0133
1120,0.373,1857.2,192.75,1.34,0.416,0.638,0.081,0.705,0.0212,0.031,0.1592,0.197,0.0171,0.0873,0.4628,0.0244
1121,0.513,1530.54,444.98,1.52,0.47,0.381,0.135,0.541,0.0926,0.1266,0.19,0.1556,0.0223,0.1001,0.257,0.0558
1122,0.679,1284.15,153.65,1.33,0.52,0.389,0.688,0.714,0.0042,0.1891,0.0678,0.0438,0.1235,0.2435,0.0719,0.2562
1123,0.284,2502.85,527.33,1.38,0.67,0.285,0.596,0.493,0.0198,0.0224,0.1242,0.4459,0.0869,0.0022,0.0348,0.2638
1124,0.402,2500.4,413.57,1.43,0.348,0.744,0.026,0.65,0.1074,0.1902,0.0864,0.1729,0.0387,0.2181,0.0079,0.1784
1125,0.261,2400.69,623.03,1.43,0.142,0.288,0.452,0.529,0.1359,0.0004,0.2229,0.0868,0.0075,0.0552,0.1178,0.3735
1126,0.597,1738.22,592.91,1.58,0.358,0.673,0.437,0.676,0.277,0.0846,0.187,0.1694,0.1732,0.0906,0.0074,0.0108
1127,0.653,2563.7,386.45,1.36,0.34,0.644,0.373,0.949,0.0638,0.4478,0.0153,0.0014,0.1911,0.0356,0.1801,0.0648
1128,0.147,1028.87,269.9,1.52,0.37,0.557,0.399,0.549,0.027,0.1916,0.2131,0.089,0.253,0.0253,0.1132,0.0878
1129,0.536,1518.04,339.1,1.51,0.135,0.617,0.232,0.705,0.1012,0.0262,0.1366,0.0099,0.2577,0.0261,0.1725,0.27
1130,0.28,1970.3,581.12,1.51,0.388,0.564,0.347,0.732,0.1174,0.2349,0.1171,0.2487,0.055,0.0345,0.0123,0.1799
1131,0.645,2647.73,629.38,1.17,0.185,0.631,0.012,0.719,0.1521,0.32,0.1381,0.3025,0.0071,0.0103,0.0002,0.0696
1132,0.212,970.83,211.39,1.36,0.068,0.574,0.187,0.71,0.2897,0.0623,0.2053,0.0031,0.027,0.0961,0.2662,0.0504
1133,0.446,1404.67,426.5,1.48,0.355,0.946,0.203,0.465,0.0734,0.1263,0.4708,0.0013,0.1464,0.0491,0.108,0.0247
1134,0.695,2111.62,715.71,1.35,0.497,0.576,0.59,0.814,0.0974,0.4668,0.0217,0.0336,0.1394,0.1108,0.1203,0.0099
1135,0.551,3332.13,1124.42,1.4,0.39,0.663,0.297,0.735,0.1236,0.1337,0.1626,0.0838,0.0695,0.0911,0.3313,0.0045
1136,0.384,1495.09,189.9,1.57,0.383,0.695,0.486,0.606,0.0061,0.3934,0.0267,0.0219,0.1636,0.3758,0.0,0.0124
1137,0.2,1955.1,640.92,1.45,0.093,0.467,0.34,0.706,0.0021,0.0575,0.0947,0.2891,0.2012,0.1824,0.0517,0.1213
1138,0.441,2358.96,611.38,1.55,0.137,0.097,0.245,0.702,0.02,0.0528,0.2054,0.1056,0.13,0.0319,0.3671,0.0872
1139,0.545,2048.79,684.93,1.39,0.544,0.45,0.163,0.873,0.0092,0.0037,0.0492,0.2558,0.0615,0.2775,0.2517,0.0913
1140,0.963,3080.26,857.18,1.19,0.616,0.341,0.227,0.783,0.0414,0.0058,0.1487,0.1748,0.1557,0.1041,0.1976,0.1719
1141,0.727,1449.58,216.36,1.46,0.362,0.519,0.331,0.4,0.1388,0.0615,0.0568,0.1236,0.3691,0.0731,0.1144,0.0628
1142,0.438,1642.36,469.93,1.38,0.194,0.337,0.499,0.364,0.0405,0.0993,0.0218,0.0633,0.0395,0.0735,0.2356,0.4266
1143,0.766,4490.99,609.53,1.45,0.345,0.51,0.529,0.7,0.0487,0.0034,0.352,0.0231,0.1668,0.2048,0.0717,0.1295
1144,0.479,3987.87,876.08,1.46,0.14,0.827,0.417,0.769,0.001,0.2015,0.3873,0.0698,0.0617,0.1253,0.0252,0.1281
1145,0.569,3211.16,451.77,1.46,0.211,0.352,0.311,0.834,0.236,0.0848,0.1163,0.1325,0.1177,0.2641,0.0428,0.0058
1146,0.829,4047.12,1124.18,1.5,0.176,0.555,0.225,0.714,0.1733,0.0271,0.0996,0.2153,0.0042,0.4501,0.0063,0.024
1147,0.282,937.73,183.74,1.56,0.314,0.108,0.31,0.726,0.0341,0.0899,0.0773,0.0159,0.0883,0.5108,0.0839,0.0999
1148,0.401,1430.43,498.44,1.45,0.259,0.341,0.241,0.928,0.1673,0.0295,0.0564,0.1078,0.1948,0.1229,0.107,0.2142
1149,0.573,2028.54,565.66,1.37,0.269,0.177,0.301,0.497,0.1102,0.062,0.2132,0.0799,0.0025,0.2707,0.169,0.0924
1150,0.722,6508.18,2188.86,1.42,0.117,0.644,0.215,0.476,0.1691,0.3249,0.0606,0.0089,0.1005,0.2015,0.0943,0.0402
1151,0.552,2004.78,693.33,1.44,0.303,0.689,0.075,0.827,0.2747,0.2601,0.1066,0.0929,0.148,0.1009,0.0091,0.0077
1152,0.727,3345.55,1035.51,1.26,0.381,0.261,0.041,0.566,0.1559,0.0465,0.0055,0.1012,0.1257,0.1364,0.2494,0.1793
1153,0.812,3007.54,792.4,1.4,0.152,0.454,0.241,0.727,0.3648,0.0285,0.1708,0.2289,0.0228,0.102,0.032,0.0502
1154,0.827,3001.56,756.02,1.52,0.396,0.495,0.31,0.608,0.0414,0.1224,0.0145,0.1246,0.0215,0.0189,0.3096,0.3471
1155,0.591,2297.15,529.87,1.23,0.388,0.781,0.119,0.391,0.1417,0.381,0.0002,0.031,0.0242,0.0065,0.3132,0.1022
1156,0.562,1413.31,235.57,1.22,0.131,0.587,0.094,0.777,0.0009,0.032,0.1624,0.086,0.2051,0.0064,0.1309,0.3763
1157,0.761,856.69,248.93,1.49,0.341,0.457,0.65,0.633,0.2705,0.0451,0.2567,0.0069,0.1918,0.0189,0.1835,0.0266
1158,0.418,3524.99,615.25,1.59,0.346,0.655,0.073,0.801,0.2236,0.0046,0.0883,0.0541,0.2374,0.2818,0.0871,0.0231
1159,0.469,1697.51,303.68,1.41,0.32,0.849,0.584,0.747,0.1387,0.0717,0.1745,0.0439,0.0943,0.4405,0.0306,0.0058
1160,0.501,1047.76,286.89,1.29,0.189,0.514,0.106,0.493,0.0046,0.1126,0.1137,0.0272,0.3732,0.002,0.1449,0.2217
1161,0.634,2824.78,670.98,1.48,0.12,0.657,0.42,0.716,0.1416,0.1665,0.0284,0.0388,0.03,0.0982,0.3686,0.1278
1162,0.411,2485.05,751.46,1.52,0.135,0.637,0.217,0.575,0.0656,0.5381,0.0063,0.0328,0.1312,0.0617,0.1396,0.0246
1163,0.699,3329.29,668.9,1.21,0.599,0.806,0.296,0.926,0.009,0.0817,0.2851,0.0287,0.2282,0.2127,0.1505,0.0042
1164,0.476,3407.68,863.93,1.35,0.539,0.62,0.165,0.761,0.042,0.0467,0.1079,0.0286,0.2066,0.3317,0.0569,0.1795
1165,0.398,1444.48,236.92,1.5,0.251,0.337,0.518,0.741,0.1923,0.1788,0.0935,0.1661,0.1612,0.0828,0.0057,0.1195
1166,0.277,1367.93,382.08,1.42,0.225,0.31,0.233,0.732,0.0895,0.0898,0.2066,0.1007,0.1058,0.0132,0.2343,0.1599
1167,0.726,2185.19,491.46,1.54,0.542,0.302,0.542,0.761,0.1304,0.045,0.0199,0.0121,0.441,0.0102,0.195,0.1464
1168,0.404,2909.1,305.31,1.25,0.287,0.496,0.215,0.687,0.151,0.0193,0.0686,0.0796,0.3033,0.2564,0.1159,0.0059
1169,0.485,944.87,280.4,1.58,0.207,0.675,0.034,0.834,0.1925,0.0897,0.0675,0.0504,0.1057,0.0569,0.4302,0.0071
1170,0.183,1924.11,271.51,1.41,0.053,0.127,0.232,0.272,0.2089,0.1478,0.0092,0.1086,0.004,0.2244,0.0187,0.2783
1171,0.505,3215.73,523.72,1.27,0.147,0.596,0.208,0.738,0.0131,0.0449,0.0011,0.0667,0.2862,0.3303,0.1294,0.1283
1172,0.312,2832.26,829.59,1.47,0.393,0.243,0.186,0.332,0.1413,0.1643,0.1274,0.2772,0.1502,0.019,0.1043,0.0163
1173,0.611,3111.54,485.8,1.49,0.266,0.756,0.05,0.859,0.0438,0.1478,0.0011,0.0995,0.132,0.0828,0.4132,0.0798
1174,0.381,3161.17,577.96,1.32,0.3,0.44,0.221,0.642,0.0925,0.255,0.3795,0.04,0.1721,0.0003,0.0411,0.0196
1175,0.537,751.03,130.04,1.37,0.314,0.194,0.214,0.378,0.1499,0.0285,0.1843,0.0014,0.0168,0.1051,0.511,0.0031
1176,0.142,3389.68,488.24,1.42,0.362,0.358,0.425,0.271,0.0177,0.0158,0.0807,0.0837,0.1524,0.1985,0.2465,0.2047
1177,0.687,2779.28,473.02,1.58,0.086,0.387,0.515,0.68,0.1573,0.1241,0.4608,0.019,0.0236,0.0242,0.0504,0.1405
1178,0.41,3584.15,599.44,1.42,0.539,0.775,0.318,0.65,0.0073,0.0358,0.095,0.29,0.2852,0.1264,0.1318,0.0286
1179,0.295,1226.83,400.39,1.25,0.361,0.581,0.148,0.342,0.421,0.0044,0.0191,0.1696,0.2428,0.0256,0.0884,0.029
1180,0.933,1354.34,326.09,1.6,0.196,0.648,0.325,0.656,0.132,0.038,0.1086,0.0517,0.2611,0.2,0.0508,0.1578
1181,0.455,4404.56,591.59,1.54,0.514,0.274,0.516,0.661,0.2889,0.169,0.2406,0.0003,0.1301,0.0541,0.1122,0.0047
1182,0.402,1443.83,441.68,1.29,0.302,0.521,0.073,0.422,0.0998,0.0232,0.3216,0.0329,0.0354,0.0344,0.3733,0.0794
1183,0.227,1660.14,370.1,1.21,0.706,0.652,0.227,0.965,0.0856,0.0146,0.3348,0.1258,0.0267,0.0581,0.0903,0.2642
1184,0.568,2829.44,720.26,1.53,0.234,0.557,0.319,0.442,0.147,0.3406,0.0696,0.0298,0.1779,0.0377,0.1622,0.0353
1185,0.653,3260.63,562.59,1.21,0.122,0.649,0.181,0.69,0.0141,0.0343,0.0661,0.2561,0.1566,0.3318,0.1007,0.0404
1186,0.513,3425.43,823.09,1.31,0.36,0.6,0.139,0.307,0.2461,0.1448,0.0123,0.0737,0.1466,0.1681,0.194,0.0144
1187,0.76,2758.67,722.67,1.58,0.397,0.36,0.304,0.772,0.0301,0.031,0.068,0.0477,0.3928,0.026,0.0531,0.3512
1188,0.548,1487.41,277.0,1.22,0.186,0.52,0.472,0.534,0.133,0.0845,0.1065,0.1409,0.0147,0.1464,0.0555,0.3184
1189,0.697,3245.29,1022.38,1.44,0.339,0.882,0.223,0.538,0.186,0.1266,0.0887,0.0727,0.4203,0.0321,0.0317,0.042
1190,0.314,2650.14,800.07,1.31,0.363,0.445,0.152,0.26,0.089,0.0002,0.0485,0.3593,0.109,0.2181,0.1342,0.0417
1191,0.382,1000.18,286.35,1.44,0.285,0.723,0.342,0.604,0.0294,0.2634,0.0394,0.2333,0.0372,0.0106,0.0677,0.3189
1192,0.603,4116.1,570.42,1.34,0.249,0.313,0.305,0.57,0.0406,0.0622,0.3059,0.0661,0.4169,0.0214,0.0595,0.0274
1193,0.302,728.94,138.67,1.56,0.203,0.589,0.242,0.873,0.0575,0.0266,0.1597,0.3518,0.0884,0.0014,0.1328,0.1818
1194,0.492,3326.79,349.03,1.55,0.217,0.386,0.259,0.909,0.1633,0.0692,0.0325,0.2601,0.1136,0.0295,0.1358,0.196
1195,0.279,1507.77,299.77,1.25,0.33,0.67,0.175,0.511,0.0363,0.0535,0.0382,0.0044,0.0777,0.5246,0.2316,0.0339
1196,0.619,3119.76,618.35,1.59,0.205,0.418,0.177,0.432,0.1167,0.0149,0.3814,0.0061,0.0489,0.1838,0.1413,0.1069
1197,0.24,2324.86,333.78,1.45,0.269,0.75,0.251,0.397,0.2365,0.0306,0.1997,0.0342,0.1902,0.2668,0.0134,0.0286
1198,0.966,2730.6,668.7,1.35,0.398,0.824,0.185,0.447,0.2381,0.0809,0.233,0.0027,0.1194,0.0959,0.1649,0.065
1199,0.631,2834.88,485.88,1.21,0.12,0.699,0.561,0.886,0.1992,0.1037,0.0325,0.0171,0.1509,0.0113,0.3308,0.1545
1200,0.679,2343.15,811.65,1.43,0.522,0.326,0.736,0.783,0.0277,0.0531,0.1638,0.3504,0.21,0.1115,0.0644,0.0191
1201,0.562,3039.06,526.45,1.36,0.246,0.805,0.5,0.557,0.096,0.4007,0.0286,0.0086,0.1401,0.0418,0.0263,0.258
1202,0.212,4462.93,817.14,1.54,0.475,0.461,0.149,0.753,0.1217,0.0013,0.0023,0.0535,0.2634,0.2197,0.1506,0.1874
1203,0.399,1220.66,161.06,1.42,0.056,0.763,0.255,0.947,0.0227,0.2884,0.0161,0.0006,0.0023,0.0338,0.174,0.4622
1204,0.471,607.48,172.71,1.35,0.159,0.759,0.243,0.488,0.0157,0.222,0.2246,0.0004,0.095,0.1031,0.0839,0.2553
1205,0.654,2028.61,505.15,1.54,0.318,0.442,0.199,0.798,0.2661,0.0339,0.0759,0.0811,0.0386,0.2518,0.1715,0.0812
1206,0.252,1573.8,260.88,1.21,0.356,0.376,0.475,0.511,0.2581,0.173,0.0128,0.1471,0.0879,0.0612,0.2067,0.0532
1207,0.673,2079.12,371.76,1.3,0.516,0.51,0.201,0.957,0.023,0.1133,0.0176,0.0622,0.2728,0.2968,0.0092,0.2051
1208,0.837,1805.65,271.79,1.36,0.585,0.404,0.027,0.277,0.0323,0.1405,0.1115,0.1886,0.2098,0.1969,0.0654,0.0552
1209,0.61,3319.64,491.31,1.32,0.665,0.56,0.132,0.738,0.0186,0.0118,0.1283,0.1503,0.073,0.2362,0.2521,0.1298
1210,0.096,991.05,162.07,1.36,0.466,0.148,0.336,0.599,0.0077,0.0678,0.329,0.0026,0.1701,0.0796,0.3307,0.0125
1211,0.776,3044.01,970.37,1.34,0.541,0.651,0.24,0.531,0.2418,0.0329,0.5359,0.0614,0.0218,0.0202,0.016,0.07
1212,0.37,2649.45,276.27,1.34,0.339,0.466,0.351,0.668,0.4221,0.1898,0.0024,0.1844,0.0279,0.1145,0.019,0.0398
1213,0.429,2410.44,319.98,1.45,0.124,0.393,0.111,0.233,0.2029,0.0973,0.0188,0.196,0.2017,0.0898,0.1478,0.0458
1214,0.767,3075.46,412.25,1.4,0.701,0.518,0.281,0.869,0.3963,0.1278,0.1712,0.0047,0.0377,0.2271,0.0133,0.0218
1215,0.327,2924.25,755.55,1.24,0.106,0.203,0.287,0.677,0.0409,0.0766,0.0283,0.117,0.1957,0.0681,0.0708,0.4026
1216,0.173,1854.54,594.66,1.5,0.082,0.351,0.081,0.924,0.1026,0.1216,0.0991,0.1029,0.096,0.0339,0.041,0.4028
1217,0.505,1929.16,336.21,1.55,0.248,0.619,0.232,0.934,0.1643,0.1624,0.341,0.0652,0.0054,0.1728,0.0851,0.0038
1218,0.873,3229.65,652.07,1.18,0.071,0.373,0.611,0.293,0.0777,0.145,0.0123,0.3792,0.0806,0.0122,0.2821,0.0108
1219,0.437,2713.14,385.72,1.6,0.394,0.487,0.206,0.942,0.1471,0.0732,0.186,0.02,0.2241,0.282,0.0007,0.0668
1220,0.555,3248.31,506.65,1.5,0.217,0.466,0.159,0.601,0.0446,0.046,0.152,0.0334,0.019,0.2296,0.3979,0.0775
1221,0.515,1122.98,243.22,1.35,0.626,0.386,0.143,0.648,0.369,0.0736,0.0262,0.0221,0.1358,0.3224,0.0356,0.0154
1222,0.531,2087.54,665.67,1.5,0.307,0.376,0.259,0.924,0.2667,0.0258,0.4071,0.0323,0.0448,0.1381,0.0541,0.0312
1223,0.394,1359.19,409.63,1.27,0.262,0.403,0.336,0.492,0.1207,0.0068,0.0686,0.0177,0.4901,0.0037,0.2401,0.0522
1224,0.453,2694.03,681.58,1.24,0.164,0.628,0.421,0.685,0.2274,0.1434,0.0399,0.038,0.0019,0.2148,0.2185,0.116
1225,0.543,3023.69,720.96,1.18,0.228,0.449,0.227,0.411,0.3096,0.3833,0.0264,0.0192,0.0968,0.1043,0.0093,0.0511
1226,0.158,1610.0,421.93,1.48,0.453,0.274,0.438,0.435,0.0367,0.0575,0.0503,0.0315,0.0915,0.0147,0.6075,0.1103
1227,0.652,1787.06,361.65,1.47,0.068,0.408,0.269,0.811,0.0328,0.0312,0.4137,0.0185,0.1083,0.2191,0.1214,0.055
1228,0.546,2875.9,562.97,1.21,0.562,0.579,0.296,0.773,0.0778,0.3862,0.2547,0.1746,0.0127,0.0057,0.0255,0.0628
1229,0.391,1969.75,473.57,1.3,0.587,0.736,0.186,0.631,0.0065,0.2617,0.2902,0.1393,0.0542,0.1475,0.0373,0.0634
1230,0.186,3240.5,369.83,1.47,0.162,0.749,0.553,0.695,0.0736,0.0306,0.2042,0.0238,0.4665,0.18,0.0177,0.0036
1231,0.419,4292.03,1400.85,1.27,0.062,0.565,0.439,0.822,0.0273,0.0004,0.3689,0.0549,0.0312,0.0333,0.4838,0.0003
1232,0.157,2680.8,654.25,1.37,0.073,0.569,0.462,0.856,0.2298,0.1868,0.0625,0.0406,0.0085,0.3606,0.0982,0.013
1233,0.6,2557.79,617.74,1.18,0.462,0.79,0.348,0.881,0.0526,0.1844,0.3311,0.0515,0.1003,0.0898,0.1243,0.066
1234,0.76,5236.71,1077.04,1.28,0.04,0.586,0.126,0.381,0.1529,0.1,0.1011,0.0213,0.1219,0.2837,0.0545,0.1647
1235,0.439,2351.13,748.09,1.24,0.322,0.487,0.349,0.435,0.1386,0.6186,0.0881,0.056,0.0195,0.0074,0.054,0.0178
1236,0.595,1918.68,235.03,1.59,0.759,0.265,0.198,0.773,0.2096,0.0281,0.0187,0.0151,0.2512,0.0537,0.2499,0.1737
1237,0.3,1502.41,349.75,1.49,0.385,0.679,0.195,0.497,0.0525,0.1519,0.1758,0.0841,0.0585,0.1292,0.1153,0.2327
1238,0.346,1527.12,276.11,1.41,0.208,0.95,0.107,0.893,0.1903,0.0773,0.0188,0.0465,0.0654,0.147,0.156,0.2987
1239,0.339,2010.45,314.16,1.21,0.522,0.616,0.381,0.645,0.0,0.0185,0.019,0.0508,0.8051,0.0231,0.0024,0.081
1240,0.425,2550.06,781.63,1.4,0.685,0.735,0.163,0.561,0.0621,0.002,0.1581,0.2028,0.0017,0.0502,0.2408,0.2824
1241,0.357,1156.56,333.27,1.46,0.574,0.203,0.047,0.632,0.0331,0.1024,0.1205,0.1615,0.1687,0.3837,0.0208,0.0091
1242,0.459,1804.82,486.86,1.2,0.616,0.705,0.162,0.64,0.0359,0.001,0.381,0.0159,0.0289,0.0309,0.003,0.5034
1243,0.475,2373.05,337.29,1.44,0.68,0.519,0.261,0.361,0.1136,0.2591,0.0791,0.0091,0.2953,0.1474,0.0863,0.0101
1244,0.698,3167.0,881.23,1.49,0.27,0.429,0.179,0.789,0.0639,0.0365,0.437,0.0884,0.0431,0.0924,0.1566,0.0821
1245,0.37,2031.73,375.17,1.39,0.145,0.542,0.369,0.34,0.0346,0.3076,0.0223,0.0006,0.0895,0.0863,0.4415,0.0177
1246,0.836,2882.93,742.82,1.38,0.061,0.534,0.466,0.498,0.0896,0.411,0.1445,0.048,0.0331,0.0886,0.156,0.0291
1247,0.219,1139.73,265.0,1.3,0.427,0.409,0.163,0.577,0.3042,0.2305,0.1357,0.2239,0.0102,0.0679,0.0214,0.0062
1248,0.697,1698.72,290.7,1.32,0.164,0.618,0.328,0.96,0.1354,0.0299,0.0824,0.1866,0.0043,0.1306,0.089,0.3419
1249,0.35,1979.98,401.43,1.5,0.38,0.873,0.298,0.792,0.0036,0.2246,0.0503,0.1225,0.0615,0.0076,0.303,0.227
1250,0.438,2618.73,526.82,1.27,0.508,0.683,0.333,0.473,0.0322,0.0146,0.345,0.0676,0.1875,0.071,0.1219,0.1603
1251,0.574,2521.31,575.14,1.5,0.229,0.521,0.178,0.506,0.1182,0.0336,0.0472,0.0035,0.1307,0.232,0.3253,0.1094
1252,0.798,1829.07,555.38,1.28,0.445,0.541,0.053,0.762,0.3011,0.0302,0.2625,0.0659,0.0767,0.0631,0.0958,0.1048
1253,0.271,1758.82,390.23,1.51,0.219,0.625,0.478,0.625,0.3466,0.0181,0.2136,0.0406,0.1292,0.0041,0.0256,0.2221
1254,0.265,3526.84,1183.63,1.48,0.155,0.61,0.191,0.478,0.0007,0.0446,0.5329,0.0162,0.0532,0.1395,0.023,0.1899
1255,0.515,2769.88,586.82,1.58,0.371,0.398,0.537,0.605,0.4145,0.0456,0.2405,0.1371,0.0508,0.0403,0.0685,0.0028
1256,0.473,2040.14,619.29,1.3,0.865,0.615,0.358,0.777,0.1213,0.0438,0.2932,0.1327,0.0533,0.0519,0.119,0.1849
1257,0.352,1347.06,278.69,1.18,0.552,0.752,0.168,0.208,0.4022,0.1062,0.1466,0.0838,0.1117,0.0073,0.0744,0.0678
1258,0.128,1323.46,324.23,1.28,0.768,0.426,0.472,0.538,0.1474,0.2847,0.1192,0.1516,0.201,0.0067,0.0217,0.0677
1259,0.739,2503.6,440.26,1.25,0.215,0.781,0.31,0.333,0.0757,0.12,0.0406,0.5417,0.0445,0.1346,0.0377,0.0052
1260,0.567,2556.94,862.17,1.25,0.568,0.616,0.521,0.673,0.1405,0.0816,0.0116,0.1889,0.0351,0.0036,0.0805,0.4581
1261,0.696,3066.72,642.74,1.47,0.437,0.059,0.379,0.686,0.3041,0.2814,0.0605,0.0692,0.0957,0.0384,0.0627,0.0881
1262,0.807,3012.95,486.19,1.16,0.317,0.604,0.261,0.637,0.4042,0.0109,0.02,0.0097,0.0878,0.2112,0.134,0.1222
1263,0.438,1841.14,447.67,1.33,0.426,0.474,0.259,0.771,0.0028,0.0869,0.252,0.0574,0.3348,0.1665,0.0969,0.0027
1264,0.642,1940.87,520.46,1.23,0.803,0.424,0.202,0.489,0.4084,0.0055,0.2009,0.0144,0.1725,0.0184,0.0054,0.1744
1265,0.446,4863.31,1397.06,1.58,0.679,0.691,0.511,0.85,0.1644,0.2189,0.4133,0.0101,0.0993,0.0561,0.0249,0.013
1266,0.486,1755.1,222.78,1.16,0.337,0.465,0.321,0.987,0.1789,0.0217,0.3503,0.024,0.0758,0.1462,0.1999,0.0032
1267,0.82,1547.62,211.12,1.55,0.57,0.789,0.106,0.332,0.2368,0.0044,0.1544,0.2031,0.1969,0.0178,0.1605,0.026
1268,0.466,1125.54,187.6,1.45,0.089,0.402,0.381,0.825,0.1172,0.1472,0.1928,0.0251,0.1562,0.0517,0.0191,0.2907
1269,0.578,1999.53,464.63,1.46,0.299,0.756,0.292,0.589,0.0317,0.02,0.1449,0.0029,0.43,0.0402,0.2371,0.0932
1270,0.442,3115.36,617.06,1.18,0.525,0.786,0.341,0.549,0.0315,0.0593,0.1248,0.0182,0.5883,0.0894,0.0716,0.0168
1271,0.325,1586.81,550.29,1.45,0.268,0.77,0.203,0.799,0.0028,0.0177,0.0203,0.1014,0.2442,0.5029,0.0052,0.1055
1272,0.745,4523.12,1502.11,1.34,0.261,0.48,0.136,0.646,0.0621,0.0037,0.1614,0.0121,0.0183,0.0242,0.5594,0.1588
1273,0.228,1875.66,247.1,1.43,0.442,0.375,0.392,0.62,0.0148,0.5283,0.2666,0.0298,0.1088,0.0395,0.0011,0.0111
1274,0.222,2921.04,318.11,1.26,0.307,0.195,0.456,0.454,0.091,0.0271,0.1925,0.4764,0.0503,0.1175,0.0236,0.0215
1275,0.776,1876.98,559.6,1.26,0.457,0.706,0.179,0.634,0.0345,0.1005,0.2496,0.3423,0.0818,0.1046,0.0694,0.0173
1276,0.237,1406.04,406.46,1.24,0.115,0.545,0.41,0.658,0.1387,0.0011,0.0789,0.0455,0.0612,0.2964,0.1794,0.1988
1277,0.383,2144.63,608.83,1.39,0.168,0.441,0.3,0.829,0.1342,0.0294,0.1824,0.2421,0.2735,0.0242,0.0456,0.0688
1278,0.488,2662.91,796.08,1.28,0.336,0.636,0.58,0.785,0.1412,0.0959,0.1649,0.0018,0.207,0.0506,0.2626,0.076
1279,0.297,1828.77,551.8,1.22,0.224,0.354,0.181,0.887,0.0967,0.0752,0.0509,0.0168,0.2403,0.2108,0.2293,0.0799
1280,0.716,2775.93,575.03,1.37,0.582,0.305,0.574,0.819,0.0525,0.0322,0.2098,0.03,0.0624,0.2407,0.151,0.2213
1281,0.577,2913.43,534.41,1.57,0.368,0.25,0.194,0.48,0.1217,0.0322,0.3334,0.0408,0.0654,0.0719,0.2647,0.0698
1282,0.352,1150.65,381.9,1.55,0.451,0.688,0.651,0.596,0.0667,0.0576,0.0888,0.1607,0.522,0.05,0.0358,0.0184
1283,0.689,2126.08,654.2,1.59,0.474,0.46,0.109,0.832,0.0155,0.1259,0.0507,0.2618,0.0127,0.0186,0.4888,0.0261
1284,0.589,1882.18,229.45,1.43,0.353,0.335,0.085,0.588,0.2016,0.0261,0.0016,0.5065,0.0762,0.1302,0.0374,0.0204
1285,0.651,1981.12,373.77,1.36,0.225,0.486,0.362,0.673,0.0292,0.024,0.4295,0.0166,0.0437,0.0029,0.0755,0.3786
1286,0.55,2670.2,269.48,1.48,0.161,0.472,0.365,0.657,0.0605,0.0111,0.0361,0.0871,0.6123,0.0437,0.1364,0.0129
1287,0.109,1420.24,255.91,1.37,0.266,0.433,0.337,0.455,0.1598,0.0643,0.1427,0.2163,0.1416,0.0788,0.1637,0.0328
1288,0.298,881.32,243.26,1.49,0.622,0.341,0.289,0.565,0.0312,0.177,0.0638,0.0277,0.2537,0.002,0.0402,0.4044
1289,0.413,1914.59,312.79,1.31,0.253,0.295,0.088,0.453,0.0946,0.0408,0.0484,0.1728,0.0449,0.0745,0.065,0.459
1290,0.496,1440.14,185.81,1.56,0.404,0.186,0.53,0.508,0.0207,0.0178,0.6709,0.0344,0.032,0.1096,0.0629,0.0517
1291,0.291,2388.16,329.11,1.16,0.061,0.557,0.343,0.382,0.0038,0.1389,0.1747,0.0273,0.4047,0.0324,0.0502,0.168
1292,0.7,3382.8,446.31,1.44,0.125,0.354,0.444,0.907,0.2849,0.0533,0.066,0.1739,0.1545,0.0758,0.0541,0.1375
1293,0.538,944.69,168.24,1.4,0.181,0.444,0.105,0.888,0.0545,0.0391,0.2367,0.0945,0.0347,0.1743,0.2543,0.1119
1294,0.209,1363.85,344.09,1.6,0.13,0.517,0.203,0.881,0.0189,0.0163,0.1407,0.0075,0.1486,0.0278,0.6345,0.0057
1295,0.916,3122.82,316.7,1.31,0.681,0.529,0.3,0.71,0.2905,0.0238,0.2567,0.0118,0.1176,0.0975,0.1157,0.0865
1296,0.401,1189.31,354.4,1.19,0.493,0.605,0.123,0.771,0.2069,0.0268,0.1105,0.0039,0.0892,0.2456,0.2126,0.1045
1297,0.523,3058.71,335.14,1.19,0.54,0.38,0.446,0.94,0.1373,0.1315,0.1121,0.2836,0.0655,0.0302,0.1408,0.099
1298,0.672,3677.67,1181.23,1.48,0.166,0.332,0.289,0.596,0.0123,0.074,0.0599,0.3533,0.0422,0.0091,0.0625,0.3867
1299,0.492,2061.61,665.52,1.16,0.425,0.551,0.298,0.53,0.1684,0.0607,0.2108,0.0859,0.0086,0.1953,0.1915,0.0788
1300,0.793,1880.58,381.63,1.48,0.251,0.22,0.5,0.807,0.0313,0.0683,0.046,0.1307,0.0739,0.4221,0.0126,0.215
1301,0.543,897.13,180.83,1.42,0.134,0.708,0.096,0.312,0.0352,0.3605,0.016,0.0033,0.0249,0.13,0.3021,0.128
1302,0.335,2784.28,534.68,1.29,0.258,0.617,0.18,0.393,0.0671,0.0779,0.2735,0.1127,0.0488,0.2841,0.1037,0.0322
1303,0.567,5102.17,1043.06,1.24,0.292,0.524,0.1,0.361,0.0781,0.0761,0.0129,0.242,0.1678,0.1169,0.1865,0.1197
1304,0.669,4948.23,808.58,1.47,0.322,0.909,0.684,0.886,0.3736,0.0194,0.1857,0.0479,0.281,0.0758,0.0014,0.0152
1305,0.245,1758.84,447.47,1.59,0.452,0.604,0.575,0.725,0.395,0.2464,0.0973,0.015,0.0025,0.035,0.0369,0.1719
1306,0.87,1714.87,517.01,1.56,0.217,0.496,0.08,0.734,0.0223,0.0001,0.1658,0.0149,0.1594,0.1944,0.2246,0.2185
1307,0.501,3089.95,476.77,1.52,0.105,0.37,0.518,0.668,0.0202,0.0914,0.002,0.0628,0.0198,0.5556,0.2168,0.0315
1308,0.506,2106.88,463.03,1.19,0.383,0.274,0.645,0.654,0.1643,0.1729,0.3994,0.0398,0.1872,0.0017,0.0262,0.0085
1309,0.098,2088.41,639.84,1.31,0.285,0.739,0.53,0.572,0.3411,0.1111,0.0969,0.0347,0.1141,0.1827,0.0183,0.1011
1310,0.414,2376.43,467.18,1.57,0.259,0.656,0.365,0.635,0.1397,0.3873,0.018,0.0635,0.0022,0.0462,0.2931,0.0499
1311,0.586,2400.22,479.68,1.52,0.538,0.682,0.176,0.834,0.1081,0.1271,0.0461,0.096,0.0776,0.0151,0.0897,0.4403
1312,0.594,3504.83,906.89,1.3,0.437,0.552,0.314,0.583,0.0153,0.5111,0.0365,0.0037,0.2548,0.0493,0.0434,0.0858
1313,0.416,3229.63,642.38,1.38,0.595,0.944,0.443,0.789,0.0589,0.0506,0.0057,0.0887,0.295,0.1332,0.2804,0.0875
1314,0.277,1574.79,456.9,1.27,0.464,0.221,0.308,0.431,0.0586,0.0228,0.0904,0.1183,0.4864,0.1702,0.0329,0.0204
1315,0.54,1560.84,468.04,1.45,0.168,0.372,0.217,0.606,0.3148,0.007,0.237,0.0696,0.0072,0.1735,0.1354,0.0555
1316,0.199,679.77,109.4,1.46,0.668,0.865,0.393,0.435,0.0976,0.0479,0.273,0.0059,0.1491,0.0962,0.193,0.1372
1317,0.724,2158.49,645.39,1.58,0.23,0.259,0.184,0.705,0.0807,0.0264,0.3387,0.1522,0.059,0.25,0.0048,0.0882
1318,0.179,1176.69,196.34,1.16,0.376,0.427,0.058,0.327,0.3685,0.0525,0.0918,0.0101,0.2129,0.1184,0.0653,0.0805
1319,0.71,2912.55,677.37,1.27,0.373,0.317,0.11,0.739,0.0002,0.1122,0.1073,0.1388,0.1155,0.0444,0.392,0.0895
1320,0.375,1800.28,545.43,1.36,0.228,0.595,0.285,0.484,0.1014,0.0388,0.2128,0.0538,0.2714,0.2293,0.0726,0.0198
1321,0.698,2235.01,729.14,1.45,0.079,0.346,0.284,0.889,0.0705,0.0608,0.0556,0.1206,0.0235,0.054,0.2773,0.3378
1322,0.298,2719.86,666.36,1.51,0.069,0.794,0.171,0.677,0.0133,0.0866,0.0383,0.0892,0.2426,0.0959,0.4184,0.0156
1323,0.238,2220.01,279.87,1.19,0.66,0.381,0.489,0.415,0.0385,0.0219,0.0007,0.0424,0.077,0.3979,0.1288,0.2928
1324,0.52,2131.61,542.58,1.39,0.127,0.559,0.196,0.486,0.5366,0.2785,0.0288,0.0077,0.0924,0.0166,0.0216,0.0178
1325,0.635,4656.81,1269.34,1.51,0.362,0.909,0.129,0.666,0.0199,0.0308,0.1205,0.5068,0.0293,0.2398,0.024,0.0289
1326,0.704,3298.98,1019.36,1.21,0.318,0.715,0.105,0.33,0.1379,0.2594,0.0431,0.013,0.163,0.0312,0.015,0.3374
1327,0.436,1805.94,186.19,1.34,0.241,0.73,0.16,0.991,0.2271,0.0265,0.0045,0.1474,0.0514,0.1332,0.0019,0.4079
1328,0.343,1741.56,405.21,1.28,0.562,0.639,0.148,0.288,0.0243,0.056,0.0559,0.0852,0.0602,0.4205,0.2733,0.0246
1329,0.277,2660.44,556.86,1.27,0.395,0.494,0.198,0.626,0.1561,0.088,0.1201,0.0885,0.0611,0.0162,0.0296,0.4404
1330,0.39,2252.05,655.36,1.28,0.117,0.741,0.213,0.82,0.1978,0.1418,0.0952,0.0001,0.2067,0.2539,0.0901,0.0145
1331,0.13,1126.12,185.99,1.19,0.451,0.701,0.372,0.51,0.0016,0.0391,0.0704,0.0944,0.1231,0.3082,0.1523,0.2109
1332,0.391,2971.97,1004.74,1.2,0.527,0.39,0.372,0.731,0.0062,0.3979,0.1758,0.0099,0.0136,0.0254,0.135,0.2363
1333,0.675,4001.84,920.32,1.57,0.285,0.316,0.226,0.47,0.0417,0.0061,0.0614,0.1013,0.1778,0.1044,0.2773,0.2299
1334,0.512,3567.27,584.62,1.5,0.534,0.427,0.286,0.268,0.0339,0.0903,0.0747,0.1779,0.1324,0.2696,0.0754,0.1457
1335,0.539,4182.95,660.46,1.23,0.348,0.478,0.359,0.366,0.2021,0.024,0.0912,0.1209,0.101,0.4078,0.0015,0.0515
1336,0.518,5106.06,1238.37,1.39,0.295,0.612,0.348,0.757,0.2628,0.0199,0.1373,0.038,0.3319,0.0384,0.0576,0.114
1337,0.531,4487.61,778.18,1.49,0.474,0.34,0.141,0.795,0.1473,0.1622,0.1581,0.0009,0.3087,0.0084,0.1674,0.0471
1338,0.245,2179.69,386.1,1.29,0.153,0.403,0.633,0.804,0.0032,0.0996,0.2562,0.282,0.0009,0.1049,0.0823,0.1709
1339,0.44,1965.72,623.78,1.18,0.032,0.693,0.67,0.569,0.0305,0.0436,0.0642,0.0412,0.2235,0.2257,0.3204,0.0508
1340,0.628,1137.14,185.05,1.36,0.78,0.654,0.329,0.514,0.2083,0.0371,0.1389,0.275,0.0024,0.0777,0.0112,0.2494
1341,0.459,2168.86,270.42,1.54,0.041,0.526,0.148,0.751,0.4065,0.4054,0.0071,0.0001,0.004,0.118,0.0029,0.0559
1342,0.226,2313.17,325.36,1.28,0.099,0.472,0.197,0.557,0.2332,0.1456,0.0176,0.2048,0.1539,0.0756,0.0469,0.1225
1343,0.504,2252.74,683.16,1.4,0.368,0.542,0.114,0.819,0.0042,0.167,0.0003,0.0736,0.114,0.23,0.1546,0.2563
1344,0.644,1119.48,284.95,1.22,0.282,0.175,0.299,0.9,0.0001,0.0026,0.0725,0.3005,0.0494,0.3513,0.1133,0.1104
1345,0.669,2152.02,691.64,1.22,0.481,0.323,0.134,0.618,0.0013,0.0761,0.0749,0.6212,0.0416,0.1663,0.0161,0.0024
1346,0.73,3218.3,1119.56,1.49,0.406,0.76,0.333,0.538,0.0651,0.0037,0.1153,0.0105,0.017,0.3648,0.3057,0.1179
1347,0.4,1385.52,400.31,1.26,0.308,0.739,0.591,0.544,0.1454,0.1594,0.1108,0.1357,0.2111,0.0013,0.0897,0.1465
1348,0.501,2361.52,475.87,1.3,0.542,0.761,0.571,0.729,0.0399,0.1156,0.1223,0.1387,0.3706,0.0112,0.0655,0.1362
1349,0.352,2413.98,495.21,1.56,0.561,0.364,0.063,0.785,0.2168,0.098,0.0355,0.1504,0.0456,0.1329,0.2039,0.1169
1350,0.479,3415.0,512.66,1.44,0.593,0.506,0.502,0.566,0.074,0.1329,0.1475,0.0574,0.13,0.0006,0.0229,0.4346
1351,0.842,5201.92,1466.3,1.37,0.292,0.671,0.153,0.752,0.0494,0.2374,0.0804,0.1016,0.0561,0.0623,0.2171,0.1957
1352,0.679,2084.53,212.95,1.38,0.278,0.619,0.432,0.476,0.0181,0.2771,0.0518,0.1116,0.1095,0.0459,0.3473,0.0387
1353,0.788,2751.75,953.76,1.25,0.371,0.728,0.122,0.677,0.1863,0.2847,0.2549,0.042,0.0455,0.0282,0.1226,0.0358
1354,0.233,2056.85,713.44,1.36,0.162,0.289,0.072,0.448,0.4106,0.1823,0.1432,0.1195,0.1016,0.0092,0.0266,0.007
1355,0.253,2478.87,637.34,1.48,0.525,0.41,0.28,0.782,0.0071,0.1023,0.179,0.1209,0.0063,0.201,0.3773,0.0061
1356,0.626,2927.87,714.79,1.41,0.408,0.794,0.219,0.618,0.0456,0.3129,0.0065,0.2743,0.0394,0.2179,0.0168,0.0865
1357,0.655,4236.31,723.4,1.47,0.538,0.498,0.076,0.912,0.0638,0.0164,0.0096,0.0299,0.4984,0.0038,0.3611,0.017
1358,0.703,965.71,227.07,1.48,0.694,0.484,0.116,0.689,0.0076,0.0246,0.4822,0.0928,0.0256,0.0722,0.2166,0.0784
1359,0.841,3096.9,642.44,1.29,0.686,0.73,0.126,0.612,0.4,0.0535,0.0892,0.0662,0.3115,0.0002,0.0206,0.0587
1360,0.471,2643.24,283.41,1.44,0.607,0.095,0.386,0.751,0.219,0.0922,0.0141,0.2549,0.0594,0.0085,0.1388,0.2132
1361,0.36,1857.24,533.18,1.4,0.407,0.355,0.038,0.576,0.0693,0.1181,0.0438,0.0559,0.2233,0.2089,0.014,0.2668
1362,0.397,842.95,103.25,1.31,0.787,0.34,0.206,0.561,0.1332,0.0566,0.1639,0.1108,0.1393,0.2503,0.0262,0.1196
1363,0.861,2581.16,366.92,1.31,0.451,0.387,0.4,0.59,0.11,0.1622,0.2111,0.0211,0.0394,0.0206,0.1254,0.3103
1364,0.696,1840.68,364.58,1.59,0.279,0.809,0.115,0.818,0.0305,0.2942,0.2614,0.165,0.0299,0.0189,0.0332,0.167
1365,0.802,5035.55,1521.96,1.52,0.181,0.365,0.071,0.801,0.1451,0.2494,0.1326,0.0166,0.2172,0.1783,0.0086,0.0521
1366,0.143,2067.73,711.76,1.45,0.266,0.485,0.599,0.573,0.044,0.0399,0.0089,0.0338,0.0534,0.1288,0.0314,0.6598
1367,0.742,1819.62,477.25,1.45,0.575,0.139,0.319,0.447,0.0751,0.0583,0.086,0.3657,0.0145,0.191,0.0287,0.1806
1368,0.245,837.07,229.33,1.58,0.16,0.358,0.205,0.873,0.2083,0.4741,0.1328,0.0373,0.0032,0.0751,0.0298,0.0394
1369,0.6,2951.43,519.64,1.21,0.344,0.667,0.218,0.9,0.0064,0.1307,0.0552,0.4687,0.135,0.0907,0.0674,0.046
1370,0.529,2965.12,313.85,1.24,0.138,0.179,0.051,0.531,0.059,0.0285,0.0017,0.1176,0.0604,0.3149,0.0768,0.3412
1371,0.251,1751.24,337.68,1.52,0.237,0.18,0.168,0.58,0.0781,0.1792,0.0308,0.065,0.4184,0.0208,0.0682,0.1396
1372,0.593,2954.94,996.99,1.51,0.319,0.449,0.128,0.314,0.2598,0.0371,0.0127,0.1754,0.0226,0.1096,0.324,0.0588
1373,0.371,1786.49,307.05,1.55,0.248,0.699,0.326,0.801,0.2534,0.166,0.1344,0.1194,0.1362,0.0522,0.0093,0.129
1374,0.374,3153.62,1067.36,1.54,0.206,0.409,0.386,0.74,0.1282,0.2798,0.0532,0.1258,0.1597,0.1805,0.0012,0.0715
1375,0.36,3035.6,839.31,1.22,0.231,0.66,0.352,0.709,0.3118,0.0378,0.0215,0.2297,0.1495,0.0954,0.038,0.1164
1376,0.309,1027.41,112.39,1.22,0.526,0.546,0.339,0.912,0.1435,0.0552,0.1491,0.1385,0.1101,0.1443,0.1357,0.1236
1377,0.608,1338.69,392.86,1.27,0.307,0.805,0.647,0.837,0.1276,0.1283,0.0967,0.0881,0.0096,0.1097,0.4302,0.0098
1378,0.593,5232.17,1083.41,1.29,0.382,0.588,0.678,0.527,0.0967,0.2251,0.0569,0.3936,0.1111,0.0111,0.0009,0.1045
1379,0.467,3149.42,377.42,1.22,0.473,0.516,0.415,0.804,0.1994,0.0825,0.0163,0.083,0.225,0.1518,0.0673,0.1747
1380,0.295,1184.12,395.69,1.33,0.169,0.49,0.098,0.935,0.0711,0.0896,0.1862,0.003,0.1409,0.2751,0.0738,0.1603
1381,0.398,1113.18,353.73,1.48,0.318,0.17,0.294,0.709,0.2918,0.0053,0.0993,0.0737,0.1785,0.0559,0.1646,0.131
1382,0.717,2684.72,855.11,1.44,0.099,0.478,0.292,0.901,0.0225,0.3509,0.1475,0.1038,0.151,0.1009,0.0111,0.1122
1383,0.409,1329.93,390.38,1.51,0.114,0.223,0.132,0.738,0.0266,0.1495,0.2193,0.1046,0.0504,0.282,0.1234,0.0441
1384,0.583,2034.22,537.7,1.18,0.139,0.17,0.312,0.835,0.0033,0.279,0.0209,0.0018,0.0077,0.245,0.3024,0.1399
1385,0.441,2098.04,565.45,1.15,0.408,0.639,0.154,0.831,0.0803,0.0108,0.2931,0.08,0.2576,0.0678,0.1852,0.0252
1386,0.283,1878.13,534.13,1.56,0.071,0.504,0.105,0.955,0.0014,0.3236,0.2139,0.0578,0.0078,0.2071,0.0033,0.1851
1387,0.433,3341.32,729.5,1.3,0.49,0.595,0.174,0.796,0.0411,0.1336,0.0215,0.2314,0.1345,0.1595,0.033,0.2454
1388,0.281,4052.4,1079.93,1.23,0.095,0.561,0.456,0.688,0.0512,0.0543,0.118,0.1112,0.1713,0.0601,0.3498,0.0841
1389,0.448,1771.99,281.55,1.24,0.856,0.235,0.614,0.694,0.0975,0.0383,0.2756,0.0325,0.0598,0.0426,0.1108,0.3427
1390,0.607,1487.28,156.22,1.34,0.291,0.666,0.13,0.899,0.1113,0.2008,0.4231,0.0204,0.0051,0.0137,0.0528,0.1727
1391,0.628,2761.76,743.19,1.46,0.322,0.739,0.607,0.429,0.0304,0.6102,0.0418,0.0266,0.0564,0.1758,0.0494,0.0093
1392,0.645,4578.77,1165.54,1.33,0.185,0.637,0.28,0.556,0.1823,0.0754,0.0206,0.2137,0.0594,0.0908,0.3517,0.0059
1393,0.224,1597.47,341.95,1.44,0.526,0.36,0.225,0.266,0.0034,0.0653,0.0922,0.0452,0.1213,0.2303,0.147,0.2953
1394,0.362,2871.64,955.74,1.17,0.51,0.255,0.232,0.835,0.4777,0.0091,0.0947,0.015,0.0729,0.0921,0.0183,0.2203
1395,0.145,1274.71,342.65,1.45,0.278,0.566,0.146,0.763,0.0016,0.0916,0.054,0.0128,0.2995,0.0137,0.5247,0.0022
1396,0.691,2461.0,371.21,1.3,0.302,0.473,0.376,0.601,0.0227,0.2926,0.2124,0.0346,0.0359,0.0577,0.068,0.2761
1397,0.36,1282.36,166.13,1.32,0.122,0.593,0.473,0.847,0.2438,0.0491,0.0423,0.1643,0.1163,0.0054,0.0597,0.3191
1398,0.502,2221.57,496.68,1.43,0.508,0.161,0.267,0.741,0.0339,0.161,0.1409,0.0236,0.1052,0.1357,0.0076,0.3921
1399,0.461,2063.79,448.53,1.37,0.211,0.393,0.201,0.857,0.0091,0.1535,0.1728,0.0642,0.2027,0.0335,0.2323,0.1319
1400,0.563,2914.92,425.68,1.5,0.197,0.723,0.261,0.398,0.0515,0.1516,0.1458,0.3598,0.0113,0.0028,0.0985,0.1787
1401,0.428,4323.09,697.25,1.36,0.324,0.3,0.46,0.796,0.0034,0.1406,0.0087,0.0744,0.2124,0.0219,0.1231,0.4155
1402,0.628,2023.37,703.1,1.51,0.564,0.306,0.15,0.796,0.1197,0.1656,0.0947,0.043,0.0879,0.0587,0.0115,0.419
1403,0.52,1003.82,129.09,1.32,0.428,0.601,0.381,0.734,0.2619,0.0225,0.1727,0.0258,0.0198,0.2848,0.1674,0.0451
1404,0.406,1933.57,660.91,1.58,0.413,0.386,0.295,0.886,0.0167,0.2592,0.3158,0.007,0.0411,0.1209,0.149,0.0903
1405,0.291,2206.96,299.8,1.2,0.41,0.549,0.405,0.568,0.0465,0.096,0.2203,0.2045,0.0163,0.0073,0.2989,0.1102
1406,0.479,2367.28,644.01,1.19,0.599,0.81,0.155,0.962,0.0486,0.0628,0.0373,0.1901,0.0147,0.2495,0.1528,0.2441
1407,0.705,2306.39,567.78,1.58,0.133,0.689,0.453,0.776,0.0073,0.0294,0.0254,0.0203,0.0362,0.0341,0.0673,0.7799
1408,0.366,3713.24,387.85,1.53,0.419,0.578,0.076,0.536,0.0533,0.1862,0.1337,0.1559,0.0692,0.0848,0.2575,0.0593
1409,0.539,2383.25,586.44,1.49,0.109,0.725,0.597,0.528,0.1504,0.112,0.1142,0.3251,0.0935,0.0397,0.1466,0.0185
1410,0.173,1740.81,396.7,1.43,0.705,0.491,0.465,0.542,0.0214,0.157,0.0321,0.0898,0.1031,0.3419,0.015,0.2397
1411,0.512,1629.0,516.69,1.31,0.535,0.281,0.14,0.886,0.2331,0.0292,0.1163,0.0686,0.1261,0.0917,0.1753,0.1598
1412,0.341,1003.22,228.31,1.23,0.371,0.139,0.086,0.71,0.2642,0.1856,0.1297,0.039,0.0987,0.0073,0.2753,0.0002
1413,0.85,3001.16,615.77,1.46,0.441,0.592,0.255,0.735,0.0301,0.2117,0.0149,0.1436,0.0353,0.0879,0.2513,0.2251
1414,0.196,2033.13,330.99,1.6,0.207,0.162,0.368,0.337,0.0767,0.0604,0.0623,0.0165,0.3047,0.0593,0.1028,0.3173
1415,0.689,1595.76,174.23,1.33,0.702,0.427,0.426,0.667,0.0816,0.1805,0.3752,0.0078,0.1486,0.0734,0.0205,0.1125
1416,0.178,1789.82,344.73,1.53,0.548,0.561,0.337,0.327,0.0286,0.0769,0.4669,0.1593,0.1206,0.0131,0.0228,0.1119
1417,0.596,2195.38,411.03,1.55,0.179,0.236,0.271,0.504,0.5344,0.1206,0.1086,0.0032,0.0126,0.1067,0.0871,0.0268
1418,0.591,1806.86,495.14,1.34,0.218,0.372,0.167,0.711,0.2624,0.0363,0.1309,0.1217,0.0119,0.2207,0.205,0.0111
1419,0.484,1594.65,295.6,1.35,0.157,0.637,0.325,0.677,0.1698,0.1542,0.069,0.2745,0.0304,0.0788,0.1912,0.0322
1420,0.556,2677.5,270.59,1.27,0.159,0.494,0.299,0.459,0.1788,0.2533,0.0079,0.0472,0.2928,0.0031,0.0007,0.2163
1421,0.203,1691.74,372.96,1.17,0.471,0.495,0.132,0.666,0.0451,0.1064,0.2754,0.0385,0.0228,0.3063,0.0811,0.1244
1422,0.474,1719.91,404.52,1.47,0.246,0.337,0.144,0.569,0.1314,0.0964,0.1162,0.0439,0.3189,0.0966,0.1471,0.0496
1423,0.183,1294.55,305.02,1.55,0.279,0.781,0.376,0.322,0.0335,0.3479,0.1727,0.0606,0.0293,0.0072,0.1332,0.2155
1424,0.355,1931.66,262.24,1.19,0.476,0.487,0.514,0.72,0.0332,0.1102,0.2122,0.0906,0.0005,0.0116,0.253,0.2888
1425,0.366,2964.8,657.2,1.26,0.267,0.243,0.069,0.929,0.1962,0.0145,0.1362,0.0432,0.137,0.1444,0.3212,0.0073
1426,0.634,2575.0,288.93,1.56,0.395,0.557,0.149,0.769,0.1616,0.2309,0.504,0.0297,0.0253,0.0293,0.0,0.0191
1427,0.372,1869.7,478.81,1.38,0.256,0.729,0.068,0.184,0.0242,0.0087,0.079,0.0047,0.3457,0.0063,0.4537,0.0778
1428,0.224,2122.73,531.71,1.17,0.107,0.721,0.427,0.303,0.2154,0.1112,0.1634,0.1572,0.0683,0.0907,0.1883,0.0054
1429,0.404,3613.71,947.38,1.34,0.723,0.572,0.244,0.692,0.0555,0.0781,0.0941,0.2368,0.2775,0.2572,0.0,0.0009
1430,0.791,3114.66,535.59,1.49,0.523,0.659,0.318,0.529,0.0023,0.0171,0.0356,0.0643,0.118,0.149,0.5876,0.0261
1431,0.359,2262.94,396.2,1.3,0.277,0.577,0.391,0.844,0.0062,0.2961,0.0048,0.0223,0.5123,0.0511,0.0804,0.0269
1432,0.52,2884.05,374.9,1.44,0.423,0.576,0.255,0.543,0.3659,0.0903,0.027,0.3038,0.0454,0.0648,0.0052,0.0975
1433,0.799,2412.28,558.0,1.34,0.259,0.751,0.051,0.538,0.2148,0.0044,0.0223,0.0153,0.0368,0.3218,0.3796,0.0049
1434,0.915,2916.23,397.82,1.21,0.234,0.707,0.251,0.67,0.0145,0.3987,0.0001,0.1636,0.3186,0.0606,0.0136,0.0302
1435,0.722,2036.72,550.09,1.34,0.176,0.233,0.428,0.345,0.0034,0.0103,0.0867,0.053,0.0452,0.2378,0.4474,0.1161
1436,0.835,1405.38,203.67,1.18,0.392,0.403,0.056,0.809,0.0456,0.0207,0.1218,0.1549,0.0175,0.0794,0.446,0.114
1437,0.524,2568.01,857.28,1.19,0.398,0.512,0.212,0.6,0.1817,0.0636,0.0071,0.1627,0.1626,0.2655,0.0233,0.1335
1438,0.845,3015.52,308.73,1.43,0.229,0.262,0.115,0.62,0.345,0.0698,0.1665,0.0783,0.0205,0.1513,0.1097,0.0589
1439,0.328,1784.5,223.92,1.52,0.447,0.727,0.372,0.56,0.0041,0.03,0.0628,0.0367,0.1969,0.1018,0.2759,0.2919
1440,0.769,3834.83,479.75,1.16,0.47,0.454,0.443,0.928,0.0531,0.5,0.0658,0.2018,0.0309,0.019,0.0973,0.032
1441,0.318,1491.53,364.41,1.33,0.406,0.312,0.229,0.472,0.0717,0.0703,0.2371,0.2095,0.1885,0.0822,0.0761,0.0647
1442,0.831,1283.96,162.12,1.31,0.311,0.242,0.267,0.695,0.0628,0.0546,0.0635,0.0292,0.2012,0.0095,0.2554,0.3238
1443,0.523,1693.06,515.03,1.29,0.389,0.188,0.289,0.501,0.0945,0.1049,0.0182,0.0467,0.0005,0.0313,0.1187,0.5853
1444,0.326,1079.96,214.33,1.23,0.15,0.505,0.494,0.776,0.1364,0.1549,0.2782,0.0919,0.0567,0.2249,0.0174,0.0395
1445,0.217,2138.22,481.75,1.55,0.356,0.657,0.17,0.708,0.0019,0.1816,0.1588,0.4376,0.1086,0.0803,0.0238,0.0074
1446,0.345,1497.27,227.7,1.38,0.244,0.365,0.585,0.695,0.019,0.1046,0.1584,0.1026,0.2921,0.2145,0.0705,0.0384
1447,0.658,3558.25,1206.56,1.44,0.347,0.418,0.074,0.832,0.1428,0.1301,0.1491,0.1119,0.2976,0.0176,0.1421,0.0088
1448,0.414,3096.93,969.65,1.17,0.137,0.746,0.46,0.74,0.1082,0.0114,0.0821,0.0216,0.0818,0.5512,0.0626,0.081
1449,0.249,1317.25,153.89,1.47,0.231,0.499,0.091,0.908,0.013,0.079,0.0139,0.0021,0.4605,0.007,0.0142,0.4104
1450,0.598,1684.36,316.51,1.19,0.237,0.777,0.463,0.822,0.11,0.2096,0.2686,0.0404,0.0047,0.2706,0.0705,0.0257
1451,0.84,3243.85,360.67,1.48,0.185,0.18,0.261,0.906,0.2317,0.3203,0.0709,0.0067,0.0893,0.212,0.0545,0.0145
1452,0.331,2968.13,808.94,1.44,0.58,0.775,0.265,0.688,0.0639,0.1819,0.1171,0.2931,0.0143,0.3259,0.0035,0.0002
1453,0.613,1048.49,124.88,1.2,0.286,0.609,0.282,0.595,0.0297,0.0112,0.3765,0.4227,0.0023,0.0405,0.0043,0.1128
1454,0.207,2077.14,213.23,1.22,0.308,0.276,0.318,0.568,0.3436,0.0061,0.0313,0.1234,0.0565,0.0313,0.2043,0.2034
1455,0.473,903.94,182.45,1.4,0.381,0.594,0.129,0.851,0.0002,0.1694,0.0138,0.5759,0.0501,0.0183,0.0535,0.1187
1456,0.476,1751.24,200.09,1.42,0.613,0.198,0.134,0.635,0.003,0.0916,0.0468,0.1025,0.269,0.3602,0.0097,0.1173
1457,0.418,3268.26,751.19,1.26,0.104,0.395,0.398,0.535,0.1606,0.1858,0.1676,0.0173,0.1749,0.1432,0.147,0.0036
1458,0.119,5833.68,1246.37,1.26,0.036,0.499,0.432,0.704,0.1502,0.0449,0.0088,0.2635,0.0184,0.1679,0.3117,0.0346
1459,0.627,2147.55,427.63,1.59,0.184,0.401,0.354,0.661,0.1588,0.1386,0.0456,0.0003,0.2858,0.0034,0.1589,0.2086
1460,0.557,1383.6,434.44,1.43,0.373,0.247,0.13,0.678,0.2055,0.143,0.2931,0.1805,0.08,0.0018,0.0106,0.0854
1461,0.632,1928.73,314.93,1.32,0.821,0.397,0.412,0.683,0.1342,0.0824,0.0616,0.2803,0.0421,0.0148,0.3537,0.031
1462,0.408,2154.59,561.35,1.18,0.205,0.216,0.294,0.896,0.083,0.0933,0.1405,0.0461,0.5809,0.0069,0.0348,0.0145
1463,0.558,1743.66,276.51,1.42,0.149,0.571,0.318,0.826,0.137,0.1322,0.3094,0.0521,0.0344,0.1702,0.1023,0.0624
1464,0.442,1478.18,282.87,1.44,0.223,0.626,0.13,0.551,0.002,0.2636,0.3665,0.2089,0.011,0.0851,0.0127,0.0503
1465,0.719,2084.88,495.11,1.46,0.363,0.765,0.421,0.627,0.2647,0.0528,0.0614,0.1052,0.0186,0.116,0.0026,0.3787
1466,0.454,2523.76,606.18,1.24,0.146,0.562,0.182,0.558,0.0214,0.0016,0.0114,0.1209,0.4405,0.1661,0.166,0.0722
1467,0.797,2399.63,542.54,1.31,0.054,0.193,0.185,0.842,0.3501,0.087,0.0474,0.2774,0.0002,0.1094,0.012,0.1166
1468,0.524,1573.25,491.65,1.36,0.418,0.304,0.129,0.761,0.0035,0.0249,0.1829,0.3623,0.1585,0.0795,0.0969,0.0913
1469,0.389,1587.73,365.67,1.25,0.127,0.695,0.246,0.799,0.0024,0.2235,0.1633,0.1028,0.0013,0.0193,0.4376,0.0498
1470,0.5,1872.28,435.88,1.46,0.132,0.807,0.067,0.512,0.0065,0.3145,0.0096,0.2329,0.0564,0.0348,0.255,0.0903
1471,0.358,1366.7,370.31,1.31,0.265,0.256,0.315,0.6,0.0463,0.315,0.1267,0.0241,0.0069,0.2545,0.1017,0.1248
1472,0.518,1681.71,417.12,1.29,0.639,0.832,0.134,0.699,0.1805,0.2014,0.0368,0.1142,0.1517,0.194,0.1143,0.0069
1473,0.383,2676.09,884.65,1.41,0.278,0.679,0.171,0.485,0.0561,0.3935,0.0022,0.0306,0.1241,0.1444,0.1595,0.0895
1474,0.429,1936.6,635.99,1.23,0.432,0.486,0.398,0.917,0.0415,0.1095,0.0717,0.0028,0.249,0.4563,0.0486,0.0207
1475,0.611,1162.2,359.49,1.49,0.209,0.677,0.095,0.948,0.0801,0.3048,0.0154,0.0245,0.0014,0.0345,0.4089,0.1304
1476,0.52,3364.95,1124.75,1.52,0.187,0.46,0.245,0.722,0.1714,0.097,0.2652,0.0831,0.0027,0.0348,0.2679,0.0781
1477,0.533,2657.18,339.86,1.52,0.65,0.348,0.381,0.535,0.0843,0.0121,0.1476,0.0044,0.0223,0.5387,0.149,0.0416
1478,0.705,1412.45,195.5,1.26,0.336,0.529,0.255,0.656,0.1437,0.0534,0.0479,0.1347,0.1027,0.137,0.337,0.0437
1479,0.389,1793.89,303.6,1.25,0.224,0.228,0.298,0.129,0.3173,0.3999,0.0108,0.0008,0.0748,0.0659,0.0554,0.075
1480,0.506,1615.04,476.18,1.18,0.539,0.599,0.359,0.446,0.0479,0.0037,0.4116,0.2723,0.1161,0.0791,0.0511,0.0184
1481,0.443,2806.3,838.68,1.17,0.226,0.505,0.209,0.713,0.0948,0.4817,0.1386,0.0303,0.0041,0.0144,0.044,0.1921
1482,0.186,1578.51,292.55,1.36,0.512,0.462,0.105,0.497,0.059,0.2224,0.0669,0.2265,0.1108,0.098,0.2139,0.0026
1483,0.304,1916.77,396.88,1.56,0.302,0.268,0.461,0.662,0.0044,0.1773,0.0136,0.2244,0.0174,0.0274,0.5036,0.0319
1484,0.509,2057.94,352.08,1.42,0.576,0.371,0.46,0.622,0.0635,0.092,0.4073,0.1157,0.0308,0.033,0.0119,0.246
1485,0.735,1378.69,308.13,1.45,0.527,0.412,0.264,0.606,0.2569,0.0027,0.2647,0.2132,0.0423,0.0126,0.1277,0.0798
1486,0.284,3418.81,376.09,1.16,0.474,0.446,0.303,0.698,0.0711,0.1679,0.2468,0.0031,0.3677,0.0378,0.0734,0.0323
1487,0.143,2318.34,436.22,1.3,0.181,0.763,0.233,0.454,0.0539,0.0573,0.0847,0.3287,0.15,0.2201,0.0274,0.0779
1488,0.548,1681.44,538.17,1.52,0.192,0.748,0.19,0.817,0.0576,0.0199,0.016,0.0374,0.1585,0.0075,0.0819,0.6212
1489,0.877,2876.15,563.42,1.38,0.234,0.28,0.237,0.489,0.0177,0.1326,0.1472,0.141,0.0414,0.133,0.0421,0.3451
1490,0.62,3475.13,709.42,1.33,0.769,0.586,0.531,0.887,0.258,0.0712,0.0052,0.0464,0.4793,0.0003,0.0522,0.0874
1491,0.312,2027.83,523.6,1.3,0.216,0.389,0.322,0.926,0.0344,0.0158,0.2172,0.0744,0.4768,0.032,0.1013,0.0481
1492,0.465,4039.14,1297.05,1.19,0.646,0.679,0.099,0.914,0.0883,0.0222,0.4401,0.1263,0.0174,0.0257,0.2284,0.0516
1493,0.353,6528.46,2156.37,1.19,0.197,0.569,0.426,0.787,0.5028,0.0198,0.1232,0.0252,0.0147,0.2561,0.0506,0.0077
1494,0.594,2208.72,364.78,1.32,0.418,0.784,0.177,0.449,0.0688,0.0023,0.1037,0.0756,0.3866,0.2389,0.1197,0.0045
1495,0.723,1963.26,236.1,1.31,0.292,0.288,0.314,0.509,0.0636,0.0061,0.0029,0.0673,0.2712,0.0175,0.5549,0.0165
1496,0.535,1515.43,439.25,1.32,0.26,0.783,0.221,0.548,0.1875,0.0366,0.1487,0.0402,0.0117,0.4054,0.011,0.159
1497,0.879,1100.06,207.13,1.53,0.189,0.563,0.38,0.646,0.3204,0.1383,0.2002,0.1423,0.0034,0.0931,0.0087,0.0937
1498,0.448,3536.49,437.73,1.59,0.444,0.661,0.258,0.861,0.0864,0.2776,0.3716,0.1247,0.0012,0.0473,0.0661,0.0251
1499,0.691,2117.8,668.64,1.26,0.067,0.131,0.309,0.88,0.1593,0.1594,0.2116,0.0094,0.0361,0.0606,0.2625,0.1011
1500,0.503,3140.95,910.67,1.31,0.4,0.459,0.093,0.696,0.0427,0.0631,0.3242,0.0837,0.0579,0.2167,0.0391,0.1726
1501,0.413,3236.71,381.62,1.26,0.481,0.528,0.306,0.659,0.3561,0.015,0.0111,0.2343,0.0715,0.044,0.1008,0.1673
1502,0.361,1325.3,390.64,1.34,0.169,0.73,0.445,0.765,0.0346,0.0668,0.0211,0.0579,0.6819,0.0413,0.0645,0.0319
1503,0.16,1240.23,338.98,1.34,0.261,0.596,0.235,0.73,0.3083,0.0828,0.1004,0.3697,0.0285,0.0861,0.0185,0.0057
1504,0.24,3809.01,536.0,1.58,0.427,0.612,0.249,0.86,0.0486,0.1012,0.3076,0.1065,0.2067,0.0875,0.0964,0.0454
1505,0.657,2332.11,508.58,1.21,0.171,0.448,0.497,0.591,0.0395,0.1153,0.0808,0.0862,0.0494,0.0004,0.0516,0.5768
1506,0.704,1884.97,424.72,1.27,0.253,0.495,0.364,0.841,0.5352,0.055,0.0004,0.1079,0.1064,0.1701,0.0234,0.0016
1507,0.395,1370.8,237.17,1.23,0.267,0.214,0.241,0.892,0.0778,0.0589,0.0132,0.1128,0.1674,0.1681,0.0046,0.3972
1508,0.362,1930.38,460.94,1.56,0.296,0.653,0.169,0.811,0.0881,0.0791,0.2899,0.191,0.0243,0.0881,0.1295,0.1099
1509,0.5,4038.99,1190.62,1.49,0.554,0.396,0.42,0.976,0.0057,0.0244,0.1015,0.2394,0.4801,0.0096,0.0759,0.0634
1510,0.165,2374.61,521.49,1.4,0.731,0.534,0.003,0.667,0.0838,0.1681,0.0272,0.1432,0.1793,0.058,0.1421,0.1982
1511,0.197,1983.62,400.72,1.17,0.115,0.376,0.616,0.212,0.0609,0.041,0.2397,0.1619,0.3165,0.0331,0.0766,0.0703
1512,0.506,4184.61,1184.06,1.56,0.294,0.473,0.371,0.791,0.0771,0.2112,0.1416,0.2108,0.0278,0.0915,0.199,0.0408
1513,0.588,4046.23,1204.59,1.42,0.495,0.596,0.34,0.419,0.1627,0.1989,0.0175,0.0956,0.2304,0.1546,0.0326,0.1076
1514,0.397,2383.54,259.99,1.59,0.164,0.543,0.048,0.828,0.2481,0.087,0.1084,0.14,0.1452,0.0696,0.1907,0.011
1515,0.45,6523.51,1344.26,1.46,0.614,0.829,0.287,0.608,0.0409,0.0212,0.3564,0.0613,0.1446,0.1324,0.1553,0.0878
1516,0.394,1885.43,377.19,1.57,0.396,0.636,0.116,0.315,0.1908,0.0263,0.1613,0.3246,0.1538,0.0732,0.0258,0.0442
1517,0.307,3067.5,911.25,1.24,0.084,0.345,0.108,0.883,0.176,0.0897,0.0645,0.2881,0.1076,0.1252,0.0085,0.1404
1518,0.764,2160.04,734.96,1.58,0.685,0.407,0.428,0.717,0.0493,0.0222,0.0507,0.0211,0.2514,0.0236,0.3705,0.2112
1519,0.231,2705.57,569.62,1.33,0.191,0.366,0.174,0.719,0.2888,0.0762,0.0312,0.458,0.0271,0.0051,0.0502,0.0634
1520,0.268,1747.73,184.67,1.24,0.263,0.519,0.224,0.714,0.0503,0.1343,0.0001,0.012,0.1777,0.3545,0.0637,0.2075
1521,0.831,3137.09,622.56,1.34,0.288,0.218,0.149,0.576,0.1204,0.046,0.1263,0.2536,0.0636,0.2307,0.0469,0.1124
1522,0.722,6444.3,1687.38,1.47,0.037,0.355,0.021,0.808,0.0737,0.3213,0.1436,0.0624,0.1475,0.1394,0.0042,0.1079
1523,0.377,3016.25,755.97,1.37,0.546,0.721,0.486,0.334,0.0014,0.0322,0.1848,0.3115,0.1209,0.0406,0.0616,0.247
1524,0.585,2797.76,628.12,1.17,0.535,0.82,0.386,0.908,0.0375,0.0651,0.1817,0.0498,0.1051,0.2076,0.1783,0.1749
1525,0.43,1558.99,454.44,1.22,0.475,0.282,0.471,0.673,0.2805,0.1548,0.0514,0.2318,0.0253,0.025,0.1336,0.0977
1526,0.682,2618.43,597.89,1.42,0.057,0.62,0.564,0.796,0.1912,0.0056,0.2393,0.1234,0.0275,0.0288,0.3476,0.0366
1527,0.367,1368.88,389.71,1.34,0.211,0.818,0.039,0.448,0.158,0.0537,0.0316,0.2723,0.1052,0.0703,0.2653,0.0434
1528,0.295,2797.26,309.43,1.26,0.682,0.535,0.284,0.683,0.0462,0.2063,0.0346,0.2467,0.0013,0.171,0.1783,0.1156
1529,0.435,3008.74,373.0,1.17,0.303,0.292,0.181,0.759,0.0048,0.1244,0.084,0.2382,0.2699,0.0122,0.1605,0.106
1530,0.767,2356.17,504.32,1.19,0.165,0.698,0.385,0.667,0.1222,0.5409,0.0422,0.0445,0.002,0.0707,0.0533,0.1242
1531,0.208,3613.08,1155.59,1.4,0.263,0.266,0.283,0.859,0.0051,0.0347,0.0394,0.364,0.1744,0.1119,0.0509,0.2196
1532,0.67,4440.21,1532.1,1.38,0.395,0.361,0.454,0.584,0.0569,0.1089,0.1341,0.0779,0.1133,0.1561,0.1646,0.1882
1533,0.437,2264.53,574.16,1.34,0.519,0.49,0.183,0.643,0.1628,0.3155,0.042,0.0504,0.1067,0.0343,0.1893,0.0991
1534,0.357,2553.64,740.99,1.29,0.015,0.488,0.364,0.719,0.061,0.0774,0.2434,0.0291,0.0209,0.0325,0.5176,0.0181
1535,0.76,1993.23,381.82,1.2,0.487,0.743,0.214,0.464,0.2105,0.3419,0.0649,0.16,0.0096,0.0265,0.1394,0.0473
1536,0.276,1738.85,514.14,1.47,0.094,0.714,0.312,0.953,0.0841,0.1999,0.1432,0.2243,0.0209,0.1334,0.1038,0.0904
1537,0.617,1527.17,471.0,1.41,0.129,0.609,0.365,0.753,0.2076,0.001,0.0007,0.221,0.3755,0.0186,0.1149,0.0607
1538,0.787,2109.87,433.13,1.15,0.478,0.136,0.028,0.706,0.1109,0.4181,0.0173,0.016,0.1184,0.0422,0.1491,0.1281
1539,0.6,2234.67,390.52,1.57,0.174,0.886,0.146,0.819,0.1368,0.1664,0.0526,0.0652,0.1454,0.0377,0.089,0.3069
1540,0.897,1383.48,413.63,1.16,0.731,0.559,0.22,0.491,0.0188,0.1529,0.1778,0.1741,0.0808,0.1649,0.1995,0.0312
1541,0.293,2468.2,260.11,1.56,0.261,0.493,0.333,0.615,0.0419,0.116,0.0233,0.1441,0.123,0.1979,0.0998,0.254
1542,0.308,2976.78,748.32,1.49,0.155,0.684,0.212,0.735,0.2765,0.0833,0.059,0.104,0.0023,0.3037,0.1481,0.0232
1543,0.605,2328.36,704.79,1.44,0.149,0.626,0.39,0.709,0.084,0.1612,0.0887,0.2747,0.0502,0.0134,0.263,0.0649
1544,0.714,838.99,285.31,1.46,0.255,0.21,0.08,0.577,0.4912,0.0795,0.0476,0.0163,0.0519,0.1889,0.0423,0.0823
1545,0.804,2327.63,615.74,1.41,0.815,0.291,0.323,0.789,0.133,0.0254,0.2232,0.0894,0.0344,0.3792,0.1084,0.0071
1546,0.091,983.08,153.04,1.59,0.309,0.649,0.373,0.567,0.1018,0.326,0.0371,0.0853,0.0928,0.0491,0.0638,0.244
1547,0.111,1364.38,430.35,1.2,0.435,0.29,0.28,0.764,0.2259,0.0859,0.0041,0.0503,0.5245,0.001,0.0014,0.1069
1548,0.318,3557.08,828.78,1.44,0.582,0.451,0.532,0.678,0.0049,0.0468,0.0225,0.0023,0.4632,0.0562,0.0184,0.3858
1549,0.699,924.73,298.79,1.29,0.251,0.852,0.36,0.715,0.024,0.2603,0.0721,0.21,0.0385,0.0688,0.2399,0.0864
1550,0.646,1721.0,177.71,1.57,0.431,0.217,0.161,0.975,0.0824,0.2943,0.3214,0.0425,0.0744,0.1629,0.0214,0.0007
1551,0.726,3459.14,918.99,1.3,0.147,0.734,0.31,0.644,0.0139,0.1735,0.0906,0.0632,0.2183,0.1095,0.2901,0.0409
1552,0.67,1823.48,464.27,1.2,0.445,0.394,0.431,0.841,0.0243,0.0371,0.0858,0.1875,0.039,0.144,0.4175,0.0647
1553,0.31,1450.95,197.53,1.46,0.157,0.491,0.4,0.501,0.2818,0.0037,0.0924,0.2835,0.0627,0.0343,0.0071,0.2346
1554,0.727,5598.51,1776.76,1.58,0.495,0.536,0.371,0.907,0.305,0.2951,0.0066,0.103,0.0319,0.0256,0.114,0.1189
1555,0.53,2612.77,486.71,1.38,0.682,0.86,0.29,0.826,0.0263,0.1922,0.2274,0.1735,0.0165,0.0498,0.197,0.1173
1556,0.374,2990.69,371.18,1.22,0.512,0.525,0.194,0.841,0.0385,0.0244,0.1999,0.1508,0.3691,0.0401,0.1086,0.0686
1557,0.686,2966.14,972.68,1.25,0.284,0.517,0.199,0.819,0.4429,0.0349,0.037,0.0109,0.0024,0.0902,0.1067,0.2749
1558,0.508,2367.65,692.31,1.59,0.405,0.542,0.167,0.596,0.0097,0.2693,0.0898,0.0013,0.2153,0.2328,0.1069,0.0749
1559,0.391,3445.73,458.79,1.38,0.324,0.369,0.103,0.825,0.0431,0.0749,0.0781,0.0036,0.0944,0.4005,0.0087,0.2967
1560,0.509,4757.46,1258.1,1.22,0.327,0.658,0.495,0.726,0.0343,0.0073,0.0319,0.3368,0.0386,0.3452,0.0402,0.1657
1561,0.647,1217.19,195.7,1.6,0.283,0.609,0.187,0.53,0.1314,0.1065,0.2598,0.0244,0.1865,0.0262,0.0919,0.1732
1562,0.719,2438.29,440.22,1.37,0.738,0.746,0.152,0.53,0.2477,0.1867,0.0472,0.0151,0.1366,0.1859,0.0265,0.1543
1563,0.802,2529.34,481.2,1.37,0.104,0.888,0.364,0.64,0.0979,0.1241,0.2135,0.0029,0.0513,0.2375,0.0867,0.1861
1564,0.753,2117.38,540.84,1.32,0.362,0.339,0.165,0.777,0.0597,0.1322,0.0033,0.1844,0.2607,0.037,0.2393,0.0833
1565,0.606,3459.87,975.2,1.38,0.159,0.414,0.145,0.748,0.1908,0.1214,0.0212,0.0627,0.1751,0.2445,0.0198,0.1646
1566,0.491,2436.29,810.58,1.56,0.51,0.686,0.642,0.399,0.0366,0.3143,0.0012,0.1756,0.0226,0.2204,0.0008,0.2284
1567,0.46,4667.29,1487.48,1.54,0.031,0.395,0.417,0.323,0.2163,0.3792,0.0286,0.0298,0.0342,0.0296,0.0055,0.2768
1568,0.445,3328.27,1072.93,1.33,0.317,0.937,0.314,0.609,0.2577,0.0063,0.1799,0.0409,0.1028,0.1019,0.0149,0.2956
1569,0.433,3674.52,1184.46,1.37,0.358,0.488,0.363,0.571,0.0352,0.0027,0.0208,0.0068,0.0098,0.0983,0.528,0.2985
1570,0.596,1439.07,271.58,1.33,0.224,0.124,0.402,0.66,0.2038,0.1308,0.079,0.0957,0.0272,0.0009,0.3086,0.1541
1571,0.47,1574.18,331.6,1.39,0.083,0.492,0.109,0.486,0.0307,0.1248,0.1704,0.0541,0.1623,0.1386,0.0185,0.3006
1572,0.492,1646.81,236.72,1.4,0.162,0.644,0.447,0.775,0.0792,0.2436,0.0176,0.0025,0.2081,0.0593,0.2567,0.133
1573,0.376,3497.6,842.28,1.21,0.236,0.842,0.152,0.816,0.0452,0.0542,0.1248,0.1628,0.0321,0.3315,0.1799,0.0695
1574,0.599,1581.35,314.71,1.6,0.754,0.871,0.358,0.665,0.0052,0.5447,0.059,0.0195,0.0116,0.2847,0.0532,0.0221
1575,0.703,1686.33,578.13,1.53,0.191,0.518,0.561,0.471,0.2407,0.2789,0.1659,0.0136,0.0383,0.0286,0.0704,0.1636
1576,0.193,1174.42,129.81,1.32,0.447,0.269,0.419,0.774,0.0532,0.322,0.058,0.3803,0.0146,0.1291,0.0389,0.0039
1577,0.728,7471.31,1653.72,1.28,0.405,0.644,0.662,0.629,0.0976,0.4133,0.1088,0.1147,0.1419,0.0726,0.0096,0.0416
1578,0.853,2488.67,760.24,1.26,0.459,0.413,0.177,0.568,0.0434,0.0642,0.1777,0.0639,0.0362,0.0587,0.1226,0.4333
1579,0.116,2159.74,570.28,1.27,0.48,0.544,0.429,0.869,0.0355,0.1807,0.1617,0.049,0.0344,0.1106,0.3491,0.079
1580,0.57,1453.28,459.34,1.29,0.394,0.331,0.418,0.437,0.0868,0.056,0.0971,0.0489,0.1652,0.237,0.1736,0.1355
1581,0.723,3637.22,1238.83,1.5,0.124,0.531,0.42,0.436,0.0084,0.2405,0.0151,0.097,0.096,0.2641,0.2761,0.0028
1582,0.589,1139.83,333.61,1.29,0.619,0.557,0.58,0.775,0.2319,0.1827,0.048,0.2352,0.0136,0.0901,0.0528,0.1457
1583,0.474,1472.26,301.93,1.2,0.337,0.352,0.137,0.191,0.0004,0.0098,0.2956,0.2527,0.0888,0.0102,0.3167,0.0259
1584,0.345,1509.73,222.77,1.46,0.547,0.47,0.303,0.667,0.0865,0.0294,0.0067,0.0336,0.2274,0.2866,0.3215,0.0084
1585,0.717,2696.8,472.6,1.54,0.579,0.708,0.342,0.672,0.1027,0.1218,0.0456,0.1758,0.2793,0.0268,0.1695,0.0784
1586,0.193,1339.77,135.92,1.28,0.272,0.497,0.103,0.65,0.0355,0.0007,0.0234,0.6252,0.0501,0.0215,0.217,0.0265
1587,0.698,4503.66,480.44,1.5,0.132,0.294,0.113,0.722,0.0988,0.128,0.0133,0.5531,0.1317,0.0099,0.05,0.0151
1588,0.737,3051.93,807.06,1.3,0.049,0.402,0.4,0.601,0.1471,0.0212,0.006,0.001,0.0604,0.0197,0.3482,0.3965
1589,0.46,1640.41,524.72,1.35,0.309,0.169,0.521,0.547,0.0216,0.0133,0.0132,0.0352,0.1481,0.0697,0.0723,0.6266
1590,0.303,2939.6,553.89,1.33,0.583,0.197,0.07,0.666,0.0642,0.0039,0.1786,0.0047,0.0174,0.1717,0.3739,0.1855
1591,0.591,1981.97,463.59,1.27,0.166,0.193,0.215,0.761,0.147,0.5665,0.0002,0.0064,0.011,0.1508,0.0106,0.1076
1592,0.605,1844.35,638.26,1.18,0.545,0.714,0.327,0.692,0.1773,0.1776,0.1044,0.1572,0.0554,0.0327,0.1053,0.1901
1593,0.56,3265.0,1010.05,1.5,0.543,0.572,0.132,0.8,0.0595,0.2117,0.3841,0.0096,0.0,0.0032,0.1463,0.1856
1594,0.176,682.07,217.5,1.49,0.075,0.28,0.341,0.904,0.0044,0.1711,0.0031,0.2343,0.0155,0.0026,0.0086,0.5604
1595,0.732,3338.75,492.97,1.25,0.172,0.271,0.382,0.583,0.0195,0.0012,0.304,0.0002,0.2456,0.2023,0.0554,0.1717
1596,0.424,1592.31,426.1,1.46,0.257,0.656,0.209,0.752,0.146,0.3086,0.1546,0.0182,0.2968,0.0205,0.0059,0.0494
1597,0.639,1785.67,379.73,1.22,0.243,0.424,0.107,0.826,0.1399,0.0023,0.1363,0.1782,0.1353,0.15,0.2327,0.0254
1598,0.133,3866.26,435.07,1.16,0.051,0.433,0.07,0.386,0.1893,0.0223,0.3099,0.1241,0.033,0.1509,0.0146,0.1558
1599,0.206,1500.05,420.93,1.35,0.426,0.525,0.212,0.55,0.0251,0.1356,0.0478,0.0557,0.4431,0.0996,0.0918,0.1012
1600,0.268,2829.24,463.38,1.44,0.251,0.526,0.209,0.652,0.1464,0.1864,0.2924,0.0971,0.0004,0.1604,0.0998,0.0171
1601,0.677,2708.6,687.16,1.28,0.153,0.886,0.506,0.5,0.0772,0.0457,0.0137,0.1861,0.2165,0.2658,0.058,0.1369
1602,0.744,2917.31,602.96,1.5,0.338,0.578,0.22,0.656,0.067,0.0807,0.5445,0.0328,0.0005,0.1507,0.0906,0.0331
1603,0.187,1657.91,222.31,1.34,0.183,0.61,0.264,0.853,0.0865,0.0231,0.2612,0.0223,0.0109,0.0694,0.345,0.1815
1604,0.567,2028.91,509.14,1.47,0.588,0.823,0.306,0.306,0.1377,0.0131,0.0214,0.1281,0.0743,0.0198,0.3015,0.3041
1605,0.767,4665.08,1376.85,1.54,0.668,0.378,0.242,0.674,0.195,0.0828,0.3125,0.1623,0.0048,0.1081,0.0431,0.0914
1606,0.128,2555.13,439.13,1.27,0.314,0.676,0.163,0.327,0.1487,0.0017,0.0829,0.0341,0.3647,0.2723,0.0499,0.0458
1607,0.731,2037.4,505.25,1.29,0.43,0.686,0.446,0.405,0.016,0.0242,0.0234,0.2428,0.1218,0.14,0.1216,0.3101
1608,0.088,1127.47,303.68,1.48,0.247,0.588,0.26,0.566,0.0752,0.0269,0.2156,0.0215,0.253,0.1517,0.1437,0.1125
1609,0.465,1715.79,383.81,1.33,0.226,0.619,0.341,0.907,0.3027,0.1061,0.1009,0.0881,0.0013,0.2917,0.1055,0.0037
1610,0.381,3059.3,941.88,1.51,0.056,0.693,0.162,0.796,0.0579,0.0552,0.0745,0.3145,0.0471,0.1956,0.1586,0.0965
1611,0.424,3394.32,1014.22,1.33,0.449,0.315,0.172,0.36,0.4834,0.0465,0.0113,0.1431,0.0898,0.0362,0.057,0.1327
1612,0.523,2793.8,422.93,1.16,0.336,0.298,0.295,0.769,0.0193,0.0839,0.3308,0.0465,0.1182,0.1019,0.1728,0.1267
1613,0.658,1257.2,210.68,1.26,0.229,0.054,0.499,0.428,0.0373,0.2476,0.0234,0.2419,0.2717,0.0416,0.0751,0.0613
1614,0.759,3409.53,945.97,1.16,0.582,0.618,0.358,0.611,0.4206,0.255,0.138,0.1322,0.0008,0.0033,0.0039,0.0462
1615,0.659,4043.94,677.13,1.33,0.305,0.865,0.654,0.677,0.1271,0.0166,0.1412,0.0601,0.1711,0.1133,0.362,0.0084
1616,0.477,2338.77,667.0,1.57,0.736,0.18,0.101,0.357,0.0365,0.2197,0.0898,0.2169,0.0181,0.0666,0.042,0.3104
1617,0.281,4294.74,1036.05,1.35,0.189,0.16,0.342,0.719,0.2799,0.0867,0.0609,0.1093,0.0145,0.1562,0.2356,0.0571
1618,0.445,1263.39,143.63,1.39,0.459,0.54,0.544,0.758,0.0033,0.0786,0.2394,0.3503,0.1367,0.0555,0.1284,0.0077
1619,0.291,2575.01,302.75,1.59,0.325,0.646,0.189,0.875,0.0666,0.0102,0.0293,0.082,0.0012,0.1901,0.3888,0.2317
1620,0.576,1530.3,167.24,1.19,0.043,0.358,0.14,0.45,0.0149,0.1232,0.0422,0.2871,0.0019,0.0805,0.3602,0.0898
1621,0.217,2852.43,565.69,1.33,0.059,0.231,0.378,0.457,0.1425,0.0065,0.0227,0.0092,0.108,0.4452,0.2072,0.0586
1622,0.446,2739.44,593.03,1.18,0.193,0.282,0.167,0.856,0.283,0.0783,0.2794,0.0063,0.113,0.2215,0.0161,0.0024
1623,0.355,4182.37,1226.72,1.2,0.139,0.534,0.179,0.787,0.1696,0.1243,0.1755,0.1117,0.0783,0.0398,0.2458,0.0551
1624,0.615,2867.86,916.5,1.32,0.661,0.704,0.517,0.407,0.0083,0.0367,0.1236,0.3734,0.2307,0.1431,0.0017,0.0826
1625,0.789,2176.44,735.67,1.48,0.077,0.44,0.07,0.785,0.2168,0.0325,0.1077,0.0245,0.3037,0.2558,0.0039,0.055
1626,0.524,1839.25,413.65,1.18,0.256,0.792,0.091,0.849,0.0908,0.2855,0.0378,0.2628,0.0438,0.2327,0.001,0.0457
1627,0.397,1886.7,540.59,1.16,0.394,0.417,0.271,0.637,0.0017,0.1769,0.1364,0.3988,0.0939,0.0713,0.0453,0.0758
1628,0.779,2074.96,574.04,1.41,0.561,0.618,0.18,0.714,0.0024,0.1222,0.091,0.0026,0.1496,0.4578,0.0957,0.0785
1629,0.515,3818.89,669.69,1.39,0.365,0.367,0.206,0.725,0.1896,0.3392,0.0154,0.0288,0.1382,0.1219,0.1335,0.0335
1630,0.338,3355.38,697.17,1.47,0.283,0.395,0.394,0.797,0.0265,0.3154,0.0689,0.0882,0.0405,0.0389,0.212,0.2095
1631,0.332,1102.9,335.16,1.16,0.124,0.436,0.527,0.402,0.1072,0.0476,0.3333,0.0484,0.0197,0.3867,0.0471,0.01
1632,0.414,2138.56,399.39,1.39,0.043,0.366,0.211,0.742,0.0214,0.0562,0.1024,0.0619,0.2816,0.0766,0.0058,0.394
1633,0.615,2407.28,339.47,1.41,0.523,0.396,0.256,0.738,0.1323,0.0285,0.0135,0.2017,0.0508,0.2386,0.0404,0.2942
1634,0.456,1577.7,221.42,1.54,0.62,0.415,0.401,0.674,0.0649,0.1392,0.001,0.1925,0.1829,0.0205,0.1274,0.2716
1635,0.306,2354.64,626.49,1.26,0.258,0.762,0.245,0.752,0.1895,0.0117,0.0026,0.0389,0.0312,0.3849,0.2637,0.0774
1636,0.442,3837.81,957.86,1.42,0.441,0.582,0.382,0.893,0.0504,0.1071,0.0067,0.3199,0.0175,0.3148,0.0525,0.1311
1637,0.731,3554.82,499.96,1.42,0.577,0.769,0.028,0.572,0.2135,0.0226,0.2479,0.0439,0.0115,0.0029,0.4133,0.0443
1638,0.661,4119.38,881.42,1.18,0.377,0.277,0.578,0.421,0.0209,0.0636,0.0334,0.1744,0.0887,0.2643,0.1289,0.2257
1639,0.494,1652.55,487.78,1.53,0.646,0.368,0.422,0.552,0.1364,0.0288,0.0633,0.004,0.0268,0.5536,0.0575,0.1296
1640,0.567,2323.94,677.89,1.5,0.33,0.519,0.466,0.798,0.3084,0.0142,0.0817,0.0026,0.1935,0.0112,0.3443,0.0442
1641,0.658,1766.49,353.3,1.51,0.343,0.876,0.162,0.567,0.1822,0.0277,0.1762,0.2494,0.0277,0.2159,0.0408,0.08
1642,0.432,2340.97,673.5,1.16,0.672,0.825,0.535,0.77,0.2811,0.1296,0.0145,0.0335,0.0015,0.1541,0.2677,0.1179
1643,0.511,2536.04,700.91,1.18,0.475,0.233,0.37,0.857,0.1631,0.0169,0.0659,0.0441,0.193,0.2522,0.2375,0.0273
1644,0.557,3344.7,1071.2,1.16,0.292,0.181,0.296,0.804,0.0396,0.2378,0.0037,0.1891,0.0652,0.0012,0.4346,0.0288
1645,0.748,4242.65,1094.24,1.49,0.449,0.338,0.261,0.825,0.0205,0.1153,0.0115,0.0178,0.151,0.2888,0.3842,0.0109
1646,0.822,3421.14,711.31,1.35,0.466,0.459,0.512,0.549,0.3316,0.1327,0.0494,0.0183,0.0386,0.0244,0.0786,0.3263
1647,0.165,1280.27,208.95,1.3,0.117,0.616,0.357,0.701,0.1042,0.0912,0.3063,0.254,0.0118,0.0731,0.1376,0.0218
1648,0.362,1189.82,385.08,1.42,0.269,0.443,0.267,0.407,0.0001,0.0081,0.0617,0.0851,0.1993,0.1319,0.2201,0.2937
1649,0.343,2487.02,574.53,1.18,0.105,0.631,0.248,0.817,0.0457,0.136,0.1434,0.0627,0.0411,0.4542,0.1008,0.0162
1650,0.7,4465.29,1280.32,1.48,0.13,0.694,0.416,0.669,0.2324,0.3077,0.0305,0.0216,0.0601,0.2292,0.1115,0.0069
1651,0.633,2345.83,348.42,1.55,0.1,0.512,0.12,0.736,0.0223,0.1455,0.1581,0.0295,0.4959,0.0778,0.0542,0.0167
1652,0.532,1220.25,287.43,1.32,0.231,0.842,0.196,0.722,0.4276,0.0015,0.063,0.0218,0.0478,0.021,0.3287,0.0887
1653,0.623,5427.65,838.4,1.44,0.227,0.55,0.239,0.781,0.3748,0.0186,0.1126,0.0071,0.1479,0.0493,0.1458,0.144
1654,0.924,3308.98,729.97,1.19,0.131,0.376,0.11,0.836,0.171,0.0721,0.0034,0.0907,0.1307,0.4728,0.0002,0.0591
1655,0.284,2087.42,263.91,1.43,0.264,0.717,0.207,0.875,0.1403,0.1229,0.0206,0.0044,0.0161,0.0967,0.3046,0.2944
1656,0.363,1281.66,294.8,1.41,0.288,0.495,0.339,0.897,0.3424,0.0086,0.0306,0.0694,0.205,0.0078,0.0283,0.308
1657,0.299,1980.44,410.69,1.47,0.326,0.661,0.261,0.894,0.1895,0.2921,0.041,0.077,0.0804,0.1895,0.0157,0.1148
1658,0.318,2618.71,695.15,1.4,0.071,0.869,0.077,0.54,0.2001,0.054,0.1208,0.2507,0.054,0.1257,0.1135,0.0812
1659,0.366,2505.1,384.7,1.5,0.242,0.626,0.389,0.85,0.0231,0.0762,0.0871,0.0645,0.0077,0.3156,0.0079,0.4179
1660,0.416,1606.3,441.87,1.2,0.421,0.381,0.424,0.834,0.2069,0.0242,0.1339,0.132,0.0066,0.085,0.1416,0.2697
1661,0.348,1979.92,657.27,1.59,0.092,0.131,0.669,0.914,0.0279,0.0509,0.1098,0.0015,0.1489,0.1856,0.3114,0.1641
1662,0.666,1883.16,509.29,1.29,0.546,0.555,0.521,0.458,0.1402,0.2572,0.0171,0.027,0.0698,0.3676,0.0958,0.0252
1663,0.534,4379.61,1071.74,1.44,0.567,0.491,0.638,0.674,0.449,0.0303,0.053,0.097,0.0709,0.0614,0.068,0.1705
1664,0.246,2721.71,602.54,1.26,0.216,0.494,0.269,0.719,0.1437,0.075,0.3736,0.0109,0.0355,0.2829,0.0487,0.0297
1665,0.308,1603.56,440.38,1.42,0.522,0.826,0.352,0.586,0.0752,0.0172,0.2108,0.3626,0.0042,0.147,0.0245,0.1585
1666,0.299,1232.87,428.06,1.43,0.242,0.775,0.286,0.685,0.0175,0.5124,0.0174,0.0735,0.1197,0.0534,0.0218,0.1842
1667,0.968,3100.0,835.61,1.46,0.491,0.654,0.128,0.818,0.0224,0.2958,0.017,0.0407,0.0642,0.0284,0.4877,0.0438
1668,0.448,1762.77,232.19,1.42,0.121,0.497,0.36,0.695,0.0382,0.0493,0.5166,0.1118,0.1469,0.0116,0.0366,0.089
1669,0.509,1878.58,210.82,1.37,0.207,0.394,0.319,0.373,0.2349,0.1443,0.2071,0.0145,0.0212,0.1916,0.0808,0.1055
1670,0.135,1124.05,137.62,1.34,0.153,0.337,0.166,0.791,0.1026,0.6273,0.0155,0.0379,0.1508,0.0465,0.0186,0.0009
1671,0.4,1394.24,140.63,1.46,0.336,0.203,0.094,0.737,0.0652,0.0036,0.008,0.0058,0.2786,0.2011,0.3792,0.0586
1672,0.791,2732.38,786.82,1.45,0.536,0.22,0.142,0.64,0.2428,0.0964,0.0147,0.1024,0.0217,0.4032,0.0188,0.0999
1673,0.347,1819.84,360.97,1.32,0.061,0.455,0.296,0.695,0.1721,0.0237,0.0111,0.3099,0.1387,0.2669,0.0118,0.0658
1674,0.722,6723.53,1064.52,1.47,0.494,0.222,0.448,0.509,0.0162,0.0838,0.0806,0.2713,0.0573,0.0756,0.3157,0.0995
1675,0.367,2598.23,664.51,1.42,0.409,0.559,0.188,0.825,0.2609,0.0875,0.1851,0.1713,0.0156,0.0644,0.0598,0.1554
1676,0.506,1398.27,450.67,1.48,0.233,0.294,0.027,0.645,0.0687,0.0893,0.2714,0.0161,0.0207,0.3414,0.0672,0.1251
1677,0.604,1263.17,139.46,1.45,0.551,0.721,0.52,0.854,0.1154,0.153,0.1014,0.1076,0.0121,0.0479,0.1279,0.3346
1678,0.406,2457.74,377.87,1.36,0.442,0.836,0.259,0.989,0.1143,0.0336,0.0329,0.1044,0.4543,0.1407,0.067,0.0528
1679,0.451,1834.33,276.42,1.47,0.598,0.634,0.044,0.815,0.0061,0.2198,0.1181,0.1777,0.3065,0.005,0.0781,0.0887
1680,0.688,4148.59,470.54,1.49,0.196,0.303,0.236,0.695,0.1738,0.1486,0.1755,0.0333,0.0193,0.0103,0.435,0.0043
1681,0.769,2836.14,370.66,1.59,0.074,0.529,0.458,0.785,0.317,0.1064,0.0529,0.1301,0.0247,0.0967,0.048,0.224
1682,0.767,1145.22,208.67,1.42,0.563,0.229,0.288,0.502,0.0871,0.1659,0.1122,0.068,0.1311,0.0418,0.3779,0.0159
1683,0.415,1401.36,318.03,1.43,0.269,0.485,0.119,0.483,0.1725,0.2139,0.1053,0.3126,0.0256,0.0691,0.1006,0.0004
1684,0.608,1785.45,300.51,1.24,0.256,0.24,0.484,0.95,0.3122,0.0063,0.0438,0.1138,0.1971,0.1296,0.0149,0.1822
1685,0.365,2442.42,826.71,1.4,0.198,0.472,0.458,0.359,0.0792,0.5738,0.0216,0.0519,0.0024,0.0237,0.0008,0.2467
1686,0.789,1678.79,220.67,1.47,0.417,0.151,0.143,0.7,0.0088,0.4723,0.002,0.0588,0.0311,0.1423,0.0957,0.189
1687,0.386,2202.73,655.15,1.35,0.113,0.84,0.393,0.546,0.1021,0.1163,0.3999,0.0056,0.1358,0.0948,0.1442,0.0013
1688,0.622,1381.08,346.36,1.44,0.187,0.471,0.368,0.888,0.0486,0.0695,0.2725,0.0764,0.0145,0.135,0.2622,0.1212
1689,0.399,2093.33,231.21,1.21,0.215,0.585,0.656,0.972,0.2469,0.031,0.002,0.0558,0.0105,0.4665,0.1779,0.0095
1690,0.379,2392.65,314.49,1.29,0.382,0.596,0.108,0.925,0.0929,0.6209,0.0268,0.0101,0.0108,0.1005,0.0105,0.1274
1691,0.231,3383.18,681.89,1.47,0.408,0.12,0.225,0.661,0.1569,0.0589,0.1019,0.4446,0.011,0.0103,0.1252,0.0912
1692,0.665,2657.33,738.44,1.57,0.576,0.287,0.319,0.938,0.0166,0.0,0.0019,0.0515,0.2021,0.4517,0.0501,0.2261
1693,0.232,1360.88,437.57,1.38,0.105,0.666,0.469,0.532,0.0126,0.1749,0.0107,0.0521,0.1827,0.2523,0.0297,0.285
1694,0.651,4344.98,512.03,1.2,0.572,0.806,0.108,0.852,0.0171,0.0267,0.1615,0.0564,0.3651,0.207,0.1515,0.0146
1695,0.697,2274.42,609.8,1.33,0.065,0.494,0.296,0.529,0.0232,0.0118,0.1246,0.0058,0.008,0.0921,0.2452,0.4894
1696,0.589,3156.04,632.74,1.6,0.196,0.858,0.178,0.509,0.0011,0.0261,0.1081,0.1289,0.1167,0.0189,0.5623,0.0379
1697,0.809,2020.09,657.09,1.26,0.218,0.477,0.169,0.697,0.0733,0.1637,0.1027,0.2455,0.0458,0.2298,0.1375,0.0017
1698,0.751,2604.92,630.29,1.51,0.27,0.854,0.357,0.482,0.0273,0.0699,0.0361,0.3004,0.2914,0.0188,0.1422,0.1138
1699,0.185,1328.24,329.8,1.41,0.133,0.428,0.206,0.756,0.4305,0.125,0.0422,0.0828,0.1305,0.1174,0.0049,0.0668
1700,0.543,2571.72,811.18,1.57,0.192,0.615,0.165,0.781,0.0175,0.4653,0.0534,0.0741,0.0313,0.2195,0.0481,0.0908
1701,0.718,3409.36,567.3,1.39,0.124,0.286,0.453,0.923,0.0773,0.0082,0.0145,0.4497,0.1277,0.0224,0.1986,0.1017
1702,0.442,1755.82,439.75,1.51,0.24,0.495,0.192,0.262,0.1268,0.038,0.0902,0.1868,0.072,0.1102,0.0709,0.3051
1703,0.446,1719.77,267.73,1.43,0.209,0.534,0.059,0.603,0.2328,0.0116,0.1031,0.2962,0.0449,0.0081,0.2374,0.0659
1704,0.559,2629.78,814.24,1.21,0.236,0.765,0.278,0.574,0.0011,0.0574,0.0062,0.0583,0.0389,0.0613,0.0377,0.7391
1705,0.471,1562.98,508.61,1.38,0.216,0.31,0.217,0.264,0.0555,0.1949,0.12,0.0024,0.2377,0.1017,0.1311,0.1567
1706,0.394,1134.13,224.82,1.37,0.457,0.268,0.293,0.518,0.0333,0.1231,0.0984,0.351,0.0021,0.1287,0.034,0.2294
1707,0.222,2158.91,720.28,1.53,0.6,0.799,0.212,0.664,0.1116,0.2679,0.213,0.0083,0.0621,0.0664,0.2627,0.008
1708,0.848,2517.41,863.4,1.57,0.359,0.011,0.1,0.769,0.1824,0.2929,0.0275,0.1837,0.2134,0.0185,0.0525,0.0292
1709,0.473,2067.95,314.45,1.47,0.244,0.513,0.032,0.468,0.3995,0.0023,0.0053,0.0304,0.0375,0.1113,0.3266,0.0871
1710,0.57,2825.11,712.48,1.34,0.286,0.676,0.306,0.508,0.0331,0.1312,0.0246,0.2535,0.0015,0.272,0.0446,0.2396
1711,0.368,2670.73,446.18,1.26,0.2,0.268,0.081,0.237,0.0889,0.178,0.0007,0.2131,0.0761,0.0354,0.2586,0.1493
1712,0.623,2210.96,356.11,1.28,0.449,0.333,0.525,0.638,0.0686,0.0615,0.0241,0.0002,0.0043,0.5187,0.1695,0.1532
1713,0.495,1406.5,283.93,1.24,0.505,0.724,0.374,0.477,0.1099,0.0645,0.2547,0.0818,0.2464,0.046,0.0573,0.1395
1714,0.026,1269.07,236.06,1.22,0.604,0.131,0.112,0.578,0.1206,0.196,0.131,0.1688,0.0663,0.0392,0.2454,0.0327
1715,0.455,2723.46,592.22,1.19,0.735,0.146,0.117,0.932,0.0116,0.026,0.1207,0.0713,0.0013,0.4454,0.2297,0.094
1716,0.604,2465.54,318.0,1.41,0.23,0.602,0.261,0.9,0.0717,0.0799,0.3719,0.2121,0.0818,0.0712,0.0099,0.1014
1717,0.757,2021.8,406.38,1.6,0.289,0.217,0.194,0.312,0.03,0.1849,0.1063,0.0129,0.285,0.3108,0.0542,0.0159
1718,0.732,1818.84,205.87,1.45,0.227,0.172,0.571,0.639,0.0387,0.0492,0.0494,0.1449,0.169,0.2286,0.2318,0.0883
1719,0.319,2550.2,726.94,1.58,0.323,0.679,0.403,0.826,0.2875,0.0831,0.103,0.0511,0.1276,0.0192,0.2233,0.1052
1720,0.491,2012.1,370.19,1.38,0.185,0.052,0.392,0.307,0.028,0.0186,0.2851,0.2073,0.0019,0.0128,0.3525,0.0938
1721,0.374,2779.67,549.41,1.44,0.229,0.642,0.413,0.698,0.2178,0.1759,0.1322,0.3056,0.0399,0.0388,0.0774,0.0122
1722,0.404,2977.02,505.72,1.24,0.591,0.46,0.386,0.585,0.0026,0.0242,0.5521,0.043,0.0763,0.2192,0.0479,0.0347
1723,0.524,1975.12,303.72,1.16,0.614,0.442,0.162,0.833,0.2378,0.1176,0.0721,0.0977,0.0469,0.2632,0.1326,0.0321
1724,0.691,3567.45,667.24,1.19,0.195,0.317,0.362,0.393,0.0736,0.0548,0.0234,0.2216,0.1027,0.0707,0.2926,0.1606
1725,0.688,2575.19,281.42,1.31,0.326,0.555,0.399,0.775,0.2572,0.1686,0.1718,0.1157,0.1896,0.0287,0.0288,0.0396
1726,0.75,2794.65,741.46,1.59,0.18,0.535,0.305,0.687,0.0966,0.3106,0.0389,0.12,0.0074,0.0357,0.3707,0.0201
1727,0.615,978.5,231.93,1.33,0.359,0.471,0.275,0.667,0.2798,0.0414,0.0962,0.0717,0.2684,0.0621,0.068,0.1124
1728,0.438,1447.43,273.2,1.18,0.467,0.356,0.193,0.552,0.2276,0.1344,0.2962,0.1401,0.1014,0.0672,0.0294,0.0037
1729,0.536,1561.11,269.14,1.24,0.218,0.427,0.458,0.789,0.0027,0.0248,0.4129,0.1298,0.2698,0.021,0.0155,0.1235
1730,0.418,1858.01,559.83,1.38,0.581,0.339,0.351,0.875,0.3572,0.0253,0.0095,0.1373,0.1883,0.1364,0.0709,0.0751
1731,0.833,2732.72,411.32,1.43,0.432,0.532,0.473,0.365,0.041,0.0521,0.17,0.0021,0.0376,0.0018,0.6385,0.0569
1732,0.516,2370.94,245.41,1.56,0.101,0.276,0.496,0.746,0.1957,0.3095,0.0996,0.0356,0.0225,0.0355,0.1751,0.1265
1733,0.707,2756.69,381.03,1.51,0.397,0.201,0.219,0.578,0.0943,0.3041,0.0003,0.183,0.0485,0.0472,0.2338,0.0889
1734,0.721,1882.06,436.88,1.33,0.474,0.533,0.153,0.703,0.0945,0.2456,0.036,0.0456,0.0488,0.2108,0.225,0.0937
1735,0.624,3110.58,992.44,1.46,0.562,0.336,0.274,0.674,0.0,0.0212,0.0271,0.1065,0.1581,0.0573,0.1603,0.4695
1736,0.331,4136.01,1084.6,1.34,0.13,0.414,0.272,0.734,0.3405,0.0487,0.0026,0.0644,0.003,0.0288,0.044,0.468
1737,0.411,1824.85,215.17,1.42,0.26,0.179,0.37,0.916,0.0918,0.2046,0.009,0.4736,0.0647,0.1209,0.0102,0.0252
1738,0.452,1649.92,485.37,1.48,0.396,0.433,0.154,0.768,0.047,0.0859,0.2688,0.0799,0.0028,0.1454,0.0311,0.3392
1739,0.284,1481.65,244.88,1.21,0.171,0.348,0.186,0.93,0.0088,0.1443,0.4746,0.0915,0.0142,0.0121,0.0823,0.1721
1740,0.462,2238.82,491.88,1.29,0.343,0.45,0.193,0.441,0.6264,0.0526,0.0678,0.0869,0.0045,0.0893,0.0291,0.0433
1741,0.659,1946.05,501.67,1.31,0.454,0.629,0.097,0.514,0.114,0.133,0.0298,0.0207,0.2131,0.1871,0.2836,0.0186
1742,0.565,1145.22,258.52,1.3,0.544,0.586,0.564,0.781,0.1365,0.1539,0.0205,0.0225,0.2598,0.3714,0.0348,0.0007
1743,0.138,990.43,182.13,1.53,0.251,0.78,0.224,0.575,0.223,0.0363,0.2274,0.0453,0.1639,0.1516,0.0276,0.1249
1744,0.502,3325.66,402.71,1.59,0.487,0.581,0.476,0.243,0.1888,0.1008,0.0154,0.0111,0.0052,0.101,0.1357,0.4421
1745,0.745,4181.38,498.47,1.28,0.062,0.719,0.142,0.644,0.0077,0.0013,0.0108,0.1744,0.3398,0.2153,0.065,0.1857
1746,0.242,3599.95,1040.87,1.16,0.586,0.684,0.735,0.752,0.0021,0.1038,0.0384,0.2613,0.1227,0.2178,0.2531,0.0008
1747,0.54,2471.84,356.45,1.49,0.111,0.323,0.464,0.813,0.0159,0.0022,0.1529,0.0871,0.0058,0.0541,0.6298,0.0522
1748,0.614,1579.24,515.05,1.34,0.383,0.729,0.422,0.899,0.0522,0.2824,0.1979,0.2076,0.0193,0.0101,0.2076,0.0228
1749,0.417,1770.05,216.22,1.38,0.233,0.724,0.283,0.667,0.2428,0.0062,0.3754,0.1221,0.0821,0.0049,0.0374,0.1292
1750,0.458,1189.07,199.78,1.35,0.461,0.348,0.418,0.729,0.0518,0.0873,0.0009,0.5296,0.0213,0.0157,0.1558,0.1376
1751,0.644,1292.55,301.06,1.2,0.113,0.775,0.257,0.613,0.1147,0.0266,0.0634,0.0867,0.0855,0.5047,0.004,0.1143
1752,0.752,2783.04,605.26,1.49,0.345,0.26,0.242,0.387,0.0793,0.0301,0.3167,0.1424,0.0619,0.244,0.0927,0.0329
1753,0.508,2752.3,730.23,1.55,0.243,0.201,0.24,0.562,0.1165,0.313,0.0116,0.0258,0.0385,0.1992,0.2646,0.0307
1754,0.273,4237.32,1264.77,1.38,0.217,0.653,0.152,0.863,0.1273,0.1395,0.1773,0.2408,0.2623,0.0219,0.0183,0.0125
1755,0.31,1915.56,499.73,1.38,0.545,0.329,0.275,0.508,0.2308,0.0798,0.0939,0.0775,0.0937,0.125,0.1289,0.1704
1756,0.332,1165.86,176.86,1.24,0.216,0.877,0.333,0.493,0.4051,0.1955,0.0718,0.0654,0.0736,0.089,0.0209,0.0786
1757,0.351,1933.12,243.12,1.55,0.245,0.673,0.301,0.369,0.1568,0.0102,0.1118,0.0426,0.3833,0.0226,0.0288,0.2439
1758,0.669,2155.7,700.96,1.46,0.628,0.649,0.155,0.175,0.1117,0.0743,0.2689,0.0046,0.251,0.0033,0.1268,0.1595
1759,0.664,1977.2,412.35,1.48,0.281,0.402,0.039,0.718,0.4623,0.0788,0.001,0.0021,0.0632,0.0336,0.3572,0.0019
1760,0.357,2337.0,643.57,1.35,0.174,0.639,0.119,0.938,0.1548,0.14,0.2343,0.0375,0.0509,0.0461,0.2699,0.0666
1761,0.644,1466.26,387.13,1.58,0.172,0.537,0.342,0.565,0.0134,0.07,0.0486,0.2326,0.0465,0.1322,0.2117,0.2451
1762,0.591,2444.05,528.76,1.53,0.489,0.403,0.256,0.675,0.0663,0.0952,0.134,0.0575,0.1594,0.0087,0.3663,0.1126
1763,0.401,2712.04,532.06,1.25,0.621,0.328,0.308,0.71,0.17,0.3592,0.0578,0.155,0.0083,0.1106,0.1026,0.0367
1764,0.418,3725.03,984.36,1.46,0.551,0.445,0.135,0.66,0.2864,0.2612,0.0685,0.1341,0.0016,0.0084,0.1602,0.0796
1765,0.41,2378.23,325.69,1.45,0.343,0.366,0.61,0.864,0.0424,0.0548,0.4797,0.1656,0.029,0.1676,0.0168,0.0441
1766,0.916,4114.57,1096.79,1.5,0.352,0.441,0.31,0.515,0.0175,0.1645,0.0009,0.0471,0.0262,0.1185,0.3748,0.2504
1767,0.404,1752.7,481.89,1.22,0.286,0.656,0.079,0.283,0.0025,0.0313,0.0047,0.0101,0.0022,0.3291,0.0397,0.5805
1768,0.427,1878.05,421.11,1.39,0.27,0.219,0.104,0.627,0.178,0.3858,0.1511,0.0016,0.1458,0.0046,0.0409,0.0921
1769,0.881,4576.23,1300.36,1.37,0.428,0.632,0.763,0.899,0.0288,0.094,0.5326,0.1138,0.1004,0.0256,0.0535,0.0513
1770,0.427,1225.31,208.69,1.21,0.508,0.657,0.331,0.749,0.0399,0.0751,0.0724,0.2447,0.0,0.0242,0.5071,0.0366
1771,0.871,2260.56,688.04,1.5,0.243,0.523,0.147,0.703,0.127,0.1342,0.2614,0.0073,0.1081,0.0998,0.1487,0.1135
1772,0.399,3278.01,477.07,1.16,0.224,0.473,0.302,0.822,0.0077,0.3662,0.0752,0.162,0.0781,0.073,0.1443,0.0935
1773,0.521,2053.66,494.94,1.19,0.203,0.321,0.187,0.451,0.371,0.0384,0.0182,0.022,0.483,0.0259,0.0405,0.0009
1774,0.59,2067.3,575.5,1.47,0.042,0.378,0.437,0.216,0.0483,0.0164,0.2259,0.096,0.0003,0.0183,0.0614,0.5335
1775,0.775,2285.3,565.61,1.56,0.193,0.257,0.514,0.662,0.0807,0.0035,0.064,0.0571,0.0664,0.2879,0.1838,0.2567
1776,0.263,2015.76,204.52,1.18,0.601,0.419,0.344,0.244,0.3132,0.0951,0.0034,0.1305,0.0736,0.0645,0.197,0.1227
1777,0.437,3295.03,497.75,1.39,0.667,0.435,0.141,0.886,0.294,0.2557,0.0318,0.1881,0.1506,0.0627,0.0065,0.0107
1778,0.179,2637.8,359.2,1.43,0.183,0.823,0.311,0.34,0.0613,0.0364,0.1225,0.3349,0.018,0.2341,0.1656,0.0272
1779,0.428,2132.56,278.6,1.35,0.45,0.321,0.183,0.801,0.115,0.0947,0.0175,0.1775,0.3137,0.0284,0.0886,0.1645
1780,0.444,3314.77,944.13,1.36,0.384,0.443,0.185,0.911,0.1544,0.0877,0.1352,0.0291,0.0819,0.3972,0.0322,0.0823
1781,0.546,2596.11,780.33,1.35,0.403,0.61,0.281,0.604,0.0111,0.12,0.2196,0.2961,0.3037,0.045,0.0016,0.003
1782,0.555,3208.28,720.61,1.53,0.511,0.872,0.486,0.255,0.0894,0.1827,0.1932,0.1001,0.0857,0.1025,0.0531,0.1934
1783,0.473,1442.77,429.49,1.56,0.31,0.898,0.187,0.689,0.0252,0.0006,0.0173,0.2255,0.229,0.2724,0.2213,0.0087
1784,0.698,4906.59,1081.12,1.18,0.443,0.807,0.227,0.501,0.2472,0.1148,0.1921,0.1805,0.0663,0.0606,0.1109,0.0277
1785,0.392,2270.88,248.41,1.2,0.039,0.637,0.271,0.546,0.0018,0.2,0.2374,0.1224,0.2649,0.0222,0.1009,0.0504
1786,0.181,607.8,191.44,1.36,0.246,0.276,0.307,0.854,0.0732,0.0512,0.0501,0.0151,0.4131,0.2802,0.1137,0.0035
1787,0.352,3944.75,1080.79,1.44,0.506,0.52,0.313,0.689,0.0071,0.0143,0.0722,0.1793,0.2135,0.1754,0.2203,0.118
1788,0.491,2203.47,258.9,1.44,0.462,0.371,0.27,0.749,0.148,0.0304,0.0966,0.0087,0.4081,0.0211,0.2453,0.0419
1789,0.352,1733.83,529.11,1.52,0.276,0.81,0.498,0.678,0.048,0.3515,0.0184,0.0172,0.3262,0.0622,0.094,0.0824
1790,0.476,1710.97,571.63,1.56,0.472,0.575,0.224,0.728,0.1492,0.1214,0.086,0.2906,0.0158,0.0058,0.2437,0.0876
1791,0.402,2492.67,614.94,1.36,0.117,0.638,0.318,0.559,0.2893,0.0001,0.2188,0.0559,0.2126,0.0023,0.2203,0.0007
1792,0.738,1749.56,445.88,1.52,0.18,0.243,0.182,0.753,0.0158,0.1953,0.0098,0.3576,0.1116,0.0397,0.2186,0.0516
1793,0.483,1737.97,492.19,1.37,0.47,0.789,0.427,0.829,0.03,0.0141,0.4057,0.0607,0.2839,0.0384,0.0822,0.085
1794,0.584,1852.21,352.04,1.59,0.278,0.777,0.462,0.807,0.1905,0.0293,0.2958,0.1113,0.0821,0.1586,0.0865,0.0459
1795,0.728,2210.13,384.78,1.33,0.505,0.541,0.442,0.627,0.0115,0.3061,0.0212,0.1369,0.0966,0.1283,0.0427,0.2569
1796,0.257,1559.47,231.7,1.29,0.147,0.17,0.317,0.794,0.1767,0.2239,0.0897,0.1337,0.0648,0.0151,0.2147,0.0815
1797,0.472,3060.43,316.63,1.49,0.044,0.697,0.155,0.502,0.1866,0.3363,0.2329,0.0356,0.0288,0.0918,0.0296,0.0584
1798,0.512,2479.08,391.53,1.21,0.511,0.179,0.524,0.899,0.0273,0.2008,0.1712,0.0138,0.0773,0.4468,0.0501,0.0126
1799,0.486,2565.15,548.96,1.54,0.175,0.257,0.319,0.593,0.1112,0.004,0.1587,0.0682,0.0672,0.11,0.1081,0.3726
1800,0.591,2960.63,646.51,1.51,0.316,0.687,0.398,0.942,0.102,0.1544,0.0301,0.2278,0.1341,0.0174,0.1525,0.1817
1801,0.207,1787.97,611.51,1.5,0.571,0.23,0.223,0.358,0.2658,0.1473,0.0073,0.0026,0.0174,0.2666,0.1245,0.1685
1802,0.357,1354.42,373.39,1.32,0.441,0.65,0.489,0.855,0.4172,0.0913,0.2558,0.0863,0.0034,0.134,0.0033,0.0086
1803,0.593,4779.43,1118.32,1.41,0.541,0.415,0.135,0.929,0.1995,0.3476,0.0266,0.0056,0.0045,0.168,0.0462,0.202
1804,0.273,2804.88,432.25,1.59,0.387,0.374,0.455,0.747,0.1171,0.3349,0.0555,0.2241,0.005,0.1175,0.058,0.0879
1805,0.692,4652.76,771.4,1.21,0.226,0.658,0.261,0.963,0.063,0.0013,0.1794,0.1013,0.045,0.1158,0.346,0.1481
1806,0.693,3693.03,518.24,1.29,0.501,0.33,0.279,0.809,0.1306,0.0057,0.0062,0.1847,0.0458,0.0012,0.004,0.6219
1807,0.423,1760.31,266.69,1.54,0.255,0.198,0.122,0.885,0.063,0.2477,0.0659,0.0878,0.413,0.0129,0.064,0.0457
1808,0.518,872.44,156.5,1.46,0.373,0.575,0.33,0.609,0.0393,0.21,0.0329,0.1497,0.0561,0.0641,0.1037,0.3442
1809,0.439,1306.53,337.34,1.2,0.242,0.645,0.137,0.835,0.0596,0.1529,0.0378,0.2473,0.0381,0.1356,0.2549,0.0737
1810,0.482,2821.49,656.96,1.42,0.024,0.488,0.232,0.96,0.0422,0.0275,0.0491,0.0601,0.0711,0.1037,0.125,0.5212
1811,0.252,1834.02,345.29,1.27,0.496,0.534,0.42,0.579,0.2621,0.0508,0.123,0.2232,0.1621,0.0896,0.0706,0.0186
1812,0.552,1920.65,584.48,1.55,0.706,0.337,0.313,0.745,0.0978,0.0372,0.034,0.1391,0.074,0.0176,0.3913,0.209
1813,0.787,941.9,247.88,1.46,0.213,0.338,0.423,0.87,0.2752,0.0174,0.5071,0.0099,0.1695,0.0061,0.0031,0.0117
1814,0.506,2204.52,335.73,1.38,0.343,0.56,0.228,0.574,0.0008,0.0641,0.6101,0.0034,0.0812,0.0802,0.1067,0.0535
1815,0.495,1429.74,260.41,1.35,0.128,0.636,0.326,0.554,0.2596,0.0127,0.078,0.2658,0.0498,0.0623,0.0784,0.1934
1816,0.533,1683.1,414.17,1.44,0.265,0.341,0.211,0.894,0.0092,0.1502,0.0155,0.1698,0.2266,0.0031,0.0799,0.3457
1817,0.56,3205.5,1007.11,1.57,0.448,0.73,0.299,0.497,0.0857,0.0538,0.3033,0.0039,0.1724,0.2395,0.1292,0.0121
1818,0.715,1635.23,191.49,1.25,0.804,0.674,0.096,0.392,0.1073,0.0182,0.3063,0.1572,0.1079,0.0198,0.0005,0.2828
1819,0.473,1498.47,436.53,1.36,0.321,0.811,0.469,0.377,0.2733,0.011,0.218,0.0284,0.0036,0.1425,0.0003,0.3229
1820,0.473,2344.02,377.41,1.35,0.332,0.366,0.079,0.733,0.0443,0.3134,0.0757,0.0025,0.1174,0.003,0.064,0.3799
1821,0.658,3401.87,821.81,1.59,0.359,0.583,0.572,0.708,0.0884,0.2484,0.1788,0.2572,0.1886,0.0286,0.008,0.0019
1822,0.312,1687.33,285.7,1.26,0.058,0.219,0.137,0.345,0.013,0.0223,0.2492,0.1693,0.1872,0.092,0.2636,0.0034
1823,0.422,3804.93,448.83,1.28,0.373,0.632,0.332,0.367,0.1508,0.4793,0.0475,0.1219,0.0247,0.0152,0.0613,0.0995
1824,0.377,1235.61,134.22,1.59,0.393,0.255,0.126,0.461,0.267,0.2043,0.0436,0.2334,0.0388,0.0335,0.1774,0.002
1825,0.761,1410.55,323.58,1.41,0.103,0.447,0.168,0.49,0.035,0.01,0.0225,0.4004,0.207,0.0368,0.1882,0.1001
1826,0.517,1204.69,371.48,1.53,0.273,0.236,0.347,0.684,0.401,0.0009,0.046,0.0348,0.3803,0.0113,0.1226,0.0032
1827,0.451,1110.34,305.15,1.57,0.389,0.676,0.261,0.359,0.197,0.1946,0.1834,0.104,0.2284,0.0559,0.0319,0.0048
1828,0.421,2419.22,815.37,1.21,0.166,0.336,0.362,0.46,0.0098,0.0616,0.6099,0.0366,0.0165,0.1527,0.0268,0.086
1829,0.409,1419.96,326.25,1.56,0.037,0.554,0.077,0.971,0.0787,0.2758,0.1311,0.0203,0.0288,0.2858,0.1767,0.0028
1830,0.262,1093.44,243.41,1.52,0.184,0.775,0.214,0.909,0.0392,0.0186,0.1122,0.0544,0.0036,0.4502,0.2126,0.1091
1831,0.529,2612.54,316.52,1.16,0.292,0.722,0.349,0.461,0.0771,0.1521,0.0158,0.0436,0.3823,0.1647,0.1555,0.0089
1832,0.517,3100.83,826.21,1.42,0.189,0.451,0.233,0.448,0.1316,0.0248,0.1417,0.1049,0.0719,0.0082,0.2549,0.262
1833,0.222,2853.47,781.34,1.4,0.932,0.649,0.381,0.783,0.0132,0.0311,0.1761,0.0703,0.3075,0.1112,0.0417,0.2488
1834,0.739,3543.92,655.4,1.25,0.511,0.18,0.437,0.917,0.0104,0.6839,0.0003,0.0017,0.0229,0.2243,0.0418,0.0147
1835,0.354,1408.07,176.98,1.36,0.13,0.539,0.327,0.943,0.0256,0.6156,0.0151,0.0051,0.0547,0.2388,0.0246,0.0205
1836,0.572,2564.87,558.08,1.26,0.112,0.495,0.127,0.399,0.4408,0.0399,0.0322,0.0795,0.0097,0.0361,0.196,0.1659
1837,0.502,2698.06,300.2,1.53,0.412,0.515,0.051,0.176,0.0003,0.1265,0.1581,0.0031,0.1389,0.1959,0.2445,0.1326
1838,0.587,1913.76,661.99,1.17,0.192,0.587,0.154,0.483,0.0467,0.3753,0.1278,0.2354,0.0189,0.0521,0.1199,0.024
1839,0.23,2012.4,623.58,1.5,0.504,0.454,0.594,0.639,0.0069,0.025,0.0744,0.5396,0.0187,0.0069,0.0282,0.3003
1840,0.604,1415.29,418.1,1.25,0.2,0.329,0.315,0.674,0.1898,0.0876,0.1556,0.5286,0.0051,0.013,0.0115,0.0086
1841,0.678,1886.12,451.41,1.5,0.387,0.43,0.324,0.784,0.2443,0.0256,0.0045,0.0003,0.0066,0.0001,0.292,0.4267
1842,0.351,2355.2,279.58,1.55,0.565,0.576,0.48,0.542,0.1514,0.5242,0.0625,0.1463,0.0123,0.0099,0.015,0.0785
1843,0.282,3557.86,1042.03,1.55,0.238,0.615,0.27,0.264,0.5463,0.0751,0.0795,0.0607,0.0736,0.1297,0.0203,0.0147
1844,0.445,3395.93,416.02,1.33,0.536,0.415,0.14,0.817,0.2383,0.0725,0.1283,0.0934,0.0047,0.0398,0.1283,0.2947
1845,0.506,2886.79,743.19,1.2,0.76,0.697,0.408,0.885,0.165,0.0268,0.028,0.0583,0.0709,0.3821,0.2372,0.0317
1846,0.473,2246.8,591.47,1.52,0.593,0.774,0.334,0.819,0.0862,0.0081,0.1656,0.0431,0.3371,0.0242,0.1254,0.2102
1847,0.217,1812.98,353.47,1.29,0.357,0.394,0.135,0.744,0.0123,0.2002,0.0493,0.0115,0.006,0.4212,0.1355,0.1639
1848,0.437,1195.97,186.11,1.56,0.214,0.579,0.021,0.665,0.0983,0.1496,0.1602,0.0011,0.2823,0.1442,0.0654,0.099
1849,0.445,1533.92,332.48,1.24,0.542,0.696,0.108,0.842,0.1124,0.0005,0.2083,0.0621,0.0053,0.3938,0.1649,0.0527
1850,0.503,1604.91,508.87,1.29,0.229,0.594,0.313,0.692,0.003,0.004,0.8058,0.0814,0.0442,0.0181,0.009,0.0344
1851,0.554,2862.17,442.21,1.41,0.603,0.478,0.308,0.753,0.0192,0.064,0.1823,0.0614,0.4929,0.0316,0.1125,0.0361
1852,0.622,3439.23,448.08,1.39,0.127,0.825,0.428,0.262,0.2394,0.0056,0.0362,0.3023,0.0254,0.2547,0.0099,0.1265
1853,0.809,3465.67,1186.65,1.43,0.083,0.211,0.171,0.651,0.0982,0.2748,0.0542,0.017,0.3048,0.0809,0.1254,0.0447
1854,0.552,3645.98,523.1,1.47,0.786,0.597,0.156,0.601,0.1087,0.1842,0.1141,0.0639,0.0818,0.0931,0.0116,0.3426
1855,0.682,2499.63,409.48,1.37,0.541,0.559,0.429,0.916,0.1532,0.2321,0.1699,0.0184,0.0185,0.0236,0.047,0.3373
1856,0.391,1402.53,442.11,1.57,0.245,0.364,0.12,0.956,0.0866,0.0283,0.1375,0.0156,0.0157,0.2213,0.0052,0.4899
1857,0.31,1940.73,445.06,1.45,0.676,0.706,0.571,0.94,0.1844,0.0224,0.0949,0.0012,0.4684,0.0606,0.0326,0.1353
1858,0.763,1890.62,471.56,1.18,0.289,0.465,0.084,0.79,0.0189,0.0168,0.0739,0.1,0.0085,0.0514,0.1606,0.5699
1859,0.312,2579.47,686.35,1.57,0.53,0.865,0.733,0.455,0.4801,0.0185,0.1083,0.1534,0.0505,0.1723,0.0097,0.0071
1860,0.575,1992.0,348.13,1.19,0.103,0.701,0.302,0.795,0.2329,0.0738,0.2553,0.0473,0.1593,0.0996,0.0016,0.1302
1861,0.137,1703.43,239.79,1.57,0.381,0.926,0.194,0.693,0.3145,0.0347,0.0172,0.3589,0.0293,0.0709,0.1203,0.0542
1862,0.714,3256.59,673.08,1.17,0.544,0.805,0.723,0.936,0.0798,0.0128,0.0997,0.3183,0.2291,0.0895,0.033,0.1378
1863,0.202,1375.32,475.96,1.36,0.631,0.416,0.272,0.343,0.009,0.209,0.1315,0.3901,0.0354,0.1658,0.0392,0.0199
1864,0.663,3537.4,534.52,1.38,0.447,0.607,0.263,0.956,0.1647,0.1237,0.0745,0.1505,0.0956,0.2457,0.1414,0.0039
1865,0.592,1353.72,468.14,1.31,0.249,0.861,0.163,0.837,0.1093,0.0079,0.3426,0.2565,0.2242,0.0046,0.0093,0.0456
1866,0.64,2688.25,539.54,1.25,0.331,0.314,0.257,0.56,0.0069,0.0141,0.453,0.1465,0.0534,0.1244,0.2015,0.0003
1867,0.516,2149.01,403.39,1.31,0.472,0.35,0.378,0.877,0.0564,0.0006,0.2765,0.1864,0.0769,0.2032,0.044,0.1559
1868,0.656,3338.19,423.9,1.32,0.288,0.461,0.18,0.832,0.0869,0.1778,0.1233,0.1103,0.3869,0.1059,0.0069,0.0019
1869,0.414,1215.55,140.14,1.25,0.347,0.399,0.073,0.7,0.15,0.0441,0.1034,0.2755,0.0719,0.1801,0.112,0.0631
1870,0.63,1282.48,149.24,1.34,0.507,0.412,0.152,0.624,0.0695,0.0484,0.0855,0.1304,0.0084,0.4772,0.1492,0.0314
1871,0.798,3466.72,1031.22,1.43,0.509,0.424,0.167,0.708,0.191,0.0006,0.1533,0.0026,0.1143,0.3083,0.1281,0.1018
1872,0.074,1450.61,472.62,1.28,0.49,0.579,0.333,0.646,0.0016,0.0134,0.0881,0.0912,0.2228,0.0958,0.361,0.1261
1873,0.58,2223.27,629.0,1.56,0.518,0.442,0.385,0.605,0.2233,0.0006,0.0225,0.0259,0.1708,0.2439,0.151,0.162
1874,0.6,1789.13,503.76,1.53,0.362,0.693,0.194,0.58,0.2968,0.0595,0.1559,0.1374,0.007,0.1749,0.1198,0.0487
1875,0.45,3096.2,609.94,1.56,0.457,0.755,0.067,0.576,0.0547,0.0673,0.2378,0.301,0.004,0.0032,0.1994,0.1327
1876,0.54,2545.13,420.04,1.24,0.289,0.334,0.182,0.938,0.0055,0.468,0.0114,0.12,0.2223,0.0451,0.0537,0.0739
1877,0.708,2708.52,556.11,1.56,0.338,0.486,0.222,0.48,0.226,0.0568,0.1814,0.0395,0.1611,0.2605,0.0252,0.0495
1878,0.521,1399.45,271.26,1.3,0.208,0.737,0.242,0.818,0.3807,0.0269,0.4232,0.0012,0.0685,0.007,0.04,0.0524
1879,0.495,2692.68,307.32,1.31,0.164,0.553,0.419,0.536,0.0205,0.0514,0.0719,0.1494,0.4314,0.1723,0.0736,0.0295
1880,0.279,1306.56,202.64,1.33,0.136,0.23,0.162,0.572,0.2684,0.2591,0.2147,0.0396,0.0385,0.0437,0.0798,0.0561
1881,0.506,1703.47,201.55,1.41,0.225,0.286,0.275,0.768,0.0914,0.256,0.0552,0.072,0.0072,0.1719,0.0577,0.2886
1882,0.21,1077.57,253.01,1.18,0.28,0.78,0.372,0.642,0.2426,0.1349,0.0288,0.0525,0.2828,0.1481,0.1093,0.0011
1883,0.373,1931.75,561.17,1.58,0.38,0.68,0.144,0.433,0.0443,0.1906,0.1274,0.2336,0.0585,0.0099,0.2921,0.0436
1884,0.342,3090.46,700.6,1.18,0.223,0.476,0.17,0.504,0.0046,0.4858,0.0249,0.0779,0.0638,0.1207,0.01,0.2122
1885,0.222,2052.06,500.19,1.19,0.221,0.637,0.023,0.24,0.1931,0.0353,0.0397,0.3434,0.043,0.1417,0.1335,0.0704
1886,0.518,1869.83,588.29,1.4,0.073,0.604,0.148,0.521,0.1966,0.2379,0.0016,0.1936,0.0957,0.1891,0.0661,0.0193
1887,0.533,2348.97,673.71,1.27,0.434,0.279,0.479,0.951,0.325,0.0107,0.165,0.0053,0.0056,0.3286,0.1124,0.0474
1888,0.227,1959.55,560.1,1.34,0.682,0.655,0.394,0.629,0.4231,0.0373,0.0606,0.155,0.1597,0.059,0.063,0.0422
1889,0.397,2141.48,541.89,1.37,0.367,0.152,0.218,0.422,0.0322,0.1884,0.1141,0.0636,0.33,0.0499,0.1936,0.0282
1890,0.502,2374.39,487.24,1.34,0.175,0.444,0.287,0.417,0.1251,0.2203,0.173,0.3004,0.0931,0.0113,0.0425,0.0343
1891,0.328,1320.72,149.19,1.16,0.342,0.59,0.21,0.52,0.3336,0.248,0.0132,0.0445,0.2364,0.0699,0.0146,0.0399
1892,0.652,2497.13,843.18,1.18,0.446,0.519,0.286,0.583,0.1342,0.1784,0.1418,0.0469,0.2569,0.1683,0.0146,0.0589
1893,0.697,1212.75,287.75,1.34,0.206,0.61,0.463,0.822,0.1426,0.3141,0.0367,0.0016,0.2533,0.2341,0.0093,0.0084
1894,0.459,2719.82,344.2,1.44,0.154,0.796,0.396,0.646,0.1535,0.0373,0.1161,0.03,0.0771,0.3449,0.0486,0.1925
1895,0.526,1441.46,183.94,1.47,0.228,0.539,0.404,0.68,0.3191,0.2164,0.0792,0.3304,0.0018,0.0244,0.0006,0.0281
1896,0.473,3487.32,964.3,1.37,0.224,0.34,0.526,0.645,0.0001,0.5161,0.0119,0.0359,0.0976,0.0244,0.1355,0.1785
1897,0.369,771.21,91.03,1.34,0.333,0.639,0.506,0.637,0.1595,0.0577,0.0215,0.0313,0.2433,0.0056,0.1163,0.3647
1898,0.256,3742.34,423.45,1.38,0.277,0.289,0.306,0.834,0.1206,0.0227,0.0336,0.0762,0.0245,0.0398,0.2424,0.4402
1899,0.157,932.31,240.65,1.59,0.184,0.393,0.17,0.821,0.2771,0.0224,0.108,0.0131,0.1702,0.0539,0.3381,0.0172
1900,0.711,1524.44,400.19,1.36,0.1,0.203,0.394,0.551,0.0092,0.0472,0.0292,0.1083,0.0698,0.3938,0.1837,0.1587
1901,0.456,2430.3,564.7,1.54,0.137,0.392,0.419,0.762,0.328,0.0036,0.0567,0.1899,0.1706,0.1068,0.1124,0.032
1902,0.832,3342.29,824.46,1.58,0.158,0.182,0.11,0.639,0.0319,0.1251,0.1705,0.2791,0.0063,0.0567,0.047,0.2834
1903,0.394,1858.74,582.88,1.28,0.296,0.56,0.185,0.524,0.0869,0.0392,0.0524,0.0035,0.0516,0.0271,0.6216,0.1177
1904,0.309,2828.59,489.51,1.31,0.119,0.571,0.475,0.788,0.1359,0.0854,0.1982,0.086,0.2455,0.0904,0.0868,0.0718
1905,0.52,1624.32,223.58,1.48,0.45,0.688,0.369,0.871,0.1151,0.3605,0.0008,0.008,0.064,0.4443,0.0045,0.0027
1906,0.285,1662.52,499.65,1.47,0.457,0.314,0.024,0.697,0.1572,0.0439,0.0673,0.0107,0.1406,0.1123,0.3402,0.1278
1907,0.713,2185.24,402.6,1.25,0.272,0.224,0.257,0.74,0.128,0.2966,0.0392,0.0607,0.0466,0.0454,0.054,0.3295
1908,0.548,1827.94,247.96,1.43,0.307,0.494,0.441,0.815,0.0276,0.039,0.2264,0.2442,0.1753,0.0069,0.0833,0.1973
1909,0.254,882.74,259.73,1.37,0.438,0.664,0.179,0.759,0.1651,0.0009,0.0143,0.3512,0.1312,0.1411,0.0396,0.1566
1910,0.248,1887.58,486.13,1.56,0.261,0.499,0.112,0.923,0.169,0.0025,0.1422,0.2573,0.0324,0.3797,0.007,0.0098
1911,0.4,1994.51,614.29,1.6,0.386,0.636,0.271,0.741,0.044,0.2062,0.1626,0.3099,0.0832,0.1188,0.0456,0.0297
1912,0.415,3243.87,714.99,1.22,0.348,0.645,0.303,0.637,0.3371,0.1773,0.1713,0.002,0.0274,0.1264,0.1466,0.012
1913,0.228,1124.64,264.57,1.23,0.074,0.059,0.424,0.795,0.0899,0.1888,0.0548,0.3286,0.0022,0.3017,0.0307,0.0032
1914,0.9,2084.14,487.9,1.31,0.119,0.796,0.31,0.84,0.1443,0.0198,0.03,0.0716,0.6707,0.0071,0.0333,0.0233
1915,0.253,3094.05,1061.6,1.53,0.254,0.175,0.522,0.759,0.1911,0.0065,0.0613,0.1137,0.2127,0.1252,0.0053,0.2842
1916,0.477,2453.06,458.09,1.6,0.431,0.406,0.075,0.805,0.0162,0.0068,0.2352,0.1056,0.3267,0.046,0.0853,0.1782
1917,0.409,2615.6,308.0,1.45,0.704,0.867,0.464,0.345,0.0471,0.1825,0.0398,0.1036,0.0696,0.006,0.2492,0.3022
1918,0.235,2265.62,302.84,1.54,0.147,0.453,0.186,0.707,0.0271,0.034,0.2993,0.0255,0.1012,0.3096,0.1014,0.102
1919,0.176,2183.82,313.19,1.33,0.63,0.643,0.404,0.439,0.1535,0.0437,0.0113,0.2632,0.2279,0.0375,0.235,0.0278
1920,0.745,5188.06,549.0,1.28,0.091,0.305,0.534,0.577,0.0352,0.0004,0.1179,0.5044,0.1107,0.0739,0.1225,0.035
1921,0.377,2138.63,234.99,1.21,0.517,0.56,0.239,0.838,0.0188,0.3356,0.0932,0.0442,0.0696,0.1991,0.1318,0.1077
1922,0.308,1320.19,167.1,1.22,0.224,0.066,0.461,0.469,0.177,0.1246,0.0301,0.1507,0.0381,0.157,0.0303,0.2923
1923,0.42,2728.07,850.36,1.33,0.175,0.302,0.422,0.662,0.0338,0.1284,0.2813,0.3523,0.0803,0.0373,0.0337,0.0529
1924,0.694,1947.81,310.31,1.2,0.423,0.527,0.43,0.848,0.4348,0.0991,0.1309,0.0759,0.0344,0.0223,0.1968,0.0058
1925,0.326,1913.84,602.82,1.24,0.229,0.514,0.639,0.784,0.0709,0.2099,0.1368,0.349,0.0669,0.0342,0.0154,0.1168
1926,0.471,2521.56,350.83,1.56,0.323,0.479,0.126,0.548,0.1531,0.0029,0.0615,0.094,0.0469,0.2401,0.2611,0.1404
1927,0.626,1700.23,566.09,1.48,0.502,0.621,0.329,0.761,0.0072,0.1836,0.0187,0.0583,0.1667,0.0852,0.4507,0.0295
1928,0.518,1819.01,593.53,1.25,0.345,0.808,0.622,0.9,0.207,0.0071,0.0738,0.0044,0.478,0.0984,0.0281,0.1031
1929,0.45,2599.99,845.41,1.19,0.819,0.198,0.591,0.504,0.3075,0.0474,0.3319,0.1998,0.0337,0.0108,0.0455,0.0234
1930,0.738,2004.49,498.31,1.31,0.109,0.103,0.248,0.476,0.0021,0.1252,0.0062,0.0762,0.0417,0.0945,0.5841,0.0701
1931,0.194,2716.2,499.11,1.2,0.525,0.471,0.305,0.802,0.0296,0.1716,0.2924,0.1093,0.0544,0.0168,0.3257,0.0002
1932,0.851,1774.71,465.11,1.16,0.257,0.461,0.328,0.67,0.2331,0.006,0.191,0.1847,0.1331,0.0037,0.1911,0.0574
1933,0.515,1499.36,235.89,1.52,0.703,0.888,0.282,0.87,0.0936,0.1549,0.4636,0.0426,0.0077,0.0244,0.2122,0.001
1934,0.338,4318.23,552.51,1.57,0.684,0.258,0.598,0.706,0.1335,0.271,0.0189,0.0688,0.0813,0.0177,0.004,0.4048
1935,0.501,1198.91,377.27,1.38,0.671,0.496,0.239,0.467,0.056,0.1139,0.0119,0.4102,0.0972,0.0321,0.0018,0.2769
1936,0.353,2010.71,273.6,1.53,0.125,0.634,0.614,0.792,0.0101,0.0033,0.1671,0.376,0.1128,0.0119,0.0256,0.2932
1937,0.518,4678.49,789.39,1.34,0.196,0.678,0.342,0.503,0.0696,0.0173,0.0383,0.0546,0.0069,0.4741,0.3361,0.0029
1938,0.377,2038.11,645.51,1.58,0.328,0.925,0.126,0.869,0.0207,0.0621,0.0527,0.1197,0.1264,0.2739,0.1687,0.1757
1939,0.283,3337.99,1013.6,1.5,0.146,0.408,0.055,0.335,0.0056,0.0303,0.0061,0.3247,0.0364,0.2555,0.019,0.3225
1940,0.543,2934.78,749.65,1.53,0.64,0.396,0.102,0.711,0.217,0.1993,0.0358,0.0198,0.0536,0.2201,0.2058,0.0488
1941,0.838,2609.09,490.96,1.24,0.142,0.26,0.368,0.644,0.0732,0.0171,0.2748,0.0362,0.1413,0.234,0.1913,0.032
1942,0.283,1848.87,208.99,1.45,0.182,0.833,0.139,0.642,0.2583,0.0125,0.0938,0.0085,0.0696,0.1402,0.1407,0.2764
1943,0.736,1068.26,320.98,1.6,0.109,0.556,0.374,0.457,0.3576,0.0425,0.1235,0.1699,0.0429,0.0897,0.029,0.1449
1944,0.578,2027.18,253.97,1.56,0.32,0.551,0.388,0.396,0.2397,0.0253,0.1715,0.0718,0.0963,0.101,0.2591,0.0353
1945,0.795,2814.92,595.95,1.58,0.466,0.701,0.518,0.548,0.0618,0.1339,0.1127,0.0271,0.1174,0.2468,0.1678,0.1325
1946,0.279,2131.28,737.07,1.59,0.26,0.433,0.071,0.683,0.3584,0.2972,0.0109,0.1888,0.112,0.0193,0.0008,0.0126
1947,0.507,5947.7,1509.91,1.33,0.156,0.719,0.273,0.759,0.4773,0.0126,0.0377,0.1211,0.0222,0.2338,0.0114,0.0839
1948,0.678,2712.86,293.58,1.23,0.329,0.564,0.315,0.849,0.0653,0.0291,0.4645,0.0142,0.0236,0.1639,0.0079,0.2315
1949,0.714,3174.79,323.26,1.26,0.326,0.512,0.335,0.661,0.4728,0.2115,0.1613,0.0375,0.0621,0.0236,0.0287,0.0026
1950,0.641,3791.81,1110.8,1.39,0.208,0.695,0.363,0.858,0.128,0.2225,0.2593,0.1066,0.0955,0.0622,0.0417,0.0842
1951,0.495,2734.54,553.14,1.49,0.207,0.375,0.369,0.713,0.0067,0.0992,0.6716,0.1274,0.0702,0.0003,0.0034,0.0213
1952,0.822,2509.91,443.2,1.32,0.104,0.887,0.172,0.75,0.0363,0.0655,0.1974,0.3551,0.2994,0.0129,0.0326,0.001
1953,0.563,2212.53,505.75,1.25,0.466,0.463,0.19,0.774,0.1839,0.0811,0.2032,0.0053,0.0822,0.1824,0.1582,0.1038
1954,0.702,2131.84,393.39,1.16,0.113,0.522,0.399,0.644,0.0957,0.2482,0.0107,0.0683,0.3424,0.0709,0.1584,0.0055
1955,0.754,3005.07,866.39,1.29,0.15,0.312,0.42,0.561,0.047,0.0725,0.3283,0.1123,0.0003,0.0253,0.0877,0.3266
1956,0.549,2118.76,573.21,1.25,0.589,0.703,0.075,0.912,0.0306,0.2178,0.0827,0.0056,0.0779,0.4062,0.0039,0.1753
1957,0.7,3146.27,545.74,1.57,0.156,0.896,0.287,0.789,0.0058,0.1092,0.1875,0.1581,0.0016,0.1913,0.3341,0.0125
1958,0.539,1507.37,505.03,1.56,0.327,0.629,0.078,0.367,0.3993,0.2809,0.0011,0.0424,0.0883,0.0226,0.0145,0.1509
1959,0.681,2574.6,885.64,1.28,0.186,0.606,0.155,0.921,0.055,0.1377,0.2327,0.2045,0.0415,0.1259,0.1264,0.0763
1960,0.18,3392.69,823.33,1.31,0.2,0.316,0.062,0.726,0.1164,0.4026,0.0766,0.0268,0.0233,0.029,0.1378,0.1876
1961,0.865,2422.04,406.25,1.27,0.188,0.1,0.409,0.755,0.0474,0.1415,0.3978,0.118,0.2115,0.0007,0.0811,0.0021
1962,0.258,4008.74,941.9,1.3,0.265,0.51,0.216,0.251,0.0068,0.0084,0.1663,0.0571,0.263,0.3767,0.0079,0.1139
1963,0.473,2323.99,659.68,1.33,0.43,0.434,0.49,0.836,0.3071,0.1848,0.0597,0.053,0.1611,0.1038,0.1131,0.0174
1964,0.876,2602.51,779.48,1.25,0.071,0.131,0.288,0.291,0.1084,0.205,0.0196,0.2929,0.0081,0.294,0.0684,0.0037
1965,0.377,2159.96,673.6,1.17,0.605,0.498,0.125,0.856,0.0941,0.0468,0.1287,0.0319,0.3978,0.0101,0.2562,0.0344
1966,0.784,2252.61,656.89,1.5,0.254,0.346,0.507,0.627,0.0092,0.3525,0.0133,0.0712,0.1811,0.2056,0.1633,0.0038
1967,0.45,973.4,289.37,1.24,0.354,0.587,0.324,0.698,0.0298,0.0166,0.0451,0.0615,0.6453,0.0551,0.1214,0.0251
1968,0.38,2936.63,563.07,1.53,0.301,0.846,0.501,0.317,0.2532,0.0817,0.0596,0.0453,0.2656,0.0798,0.1491,0.0657
1969,0.561,5487.15,1039.99,1.57,0.257,0.596,0.314,0.84,0.0332,0.0107,0.0176,0.0533,0.3135,0.2513,0.0068,0.3136
1970,0.526,2716.0,620.74,1.4,0.253,0.646,0.192,0.679,0.0217,0.2468,0.0441,0.0352,0.0128,0.1081,0.4601,0.0712
1971,0.488,2725.33,849.8,1.4,0.413,0.622,0.448,0.181,0.2393,0.2596,0.1594,0.0645,0.007,0.0226,0.0105,0.2372
1972,0.868,2466.49,538.53,1.24,0.237,0.448,0.155,0.739,0.3355,0.1299,0.1504,0.1259,0.1064,0.0202,0.0351,0.0967
1973,0.205,2946.02,714.07,1.35,0.152,0.137,0.176,0.894,0.1662,0.1366,0.0062,0.0138,0.0187,0.0029,0.0627,0.5928
1974,0.52,2198.95,399.49,1.35,0.411,0.541,0.292,0.654,0.0218,0.0351,0.0019,0.0576,0.1858,0.0706,0.2478,0.3794
1975,0.281,2164.89,309.53,1.51,0.582,0.698,0.204,0.964,0.0093,0.0019,0.0635,0.0313,0.3083,0.0873,0.4504,0.0481
1976,0.638,1270.14,411.36,1.31,0.481,0.566,0.03,0.727,0.0781,0.0134,0.0758,0.1061,0.2381,0.1668,0.2875,0.0344
1977,0.319,1610.89,263.43,1.3,0.509,0.275,0.083,0.763,0.2054,0.0533,0.3012,0.0746,0.001,0.282,0.0756,0.0069
1978,0.763,2926.22,679.11,1.59,0.575,0.394,0.131,0.87,0.0056,0.5266,0.0622,0.0304,0.0043,0.0278,0.0287,0.3144
1979,0.751,3611.37,1243.95,1.4,0.4,0.767,0.198,0.877,0.047,0.3111,0.0577,0.0669,0.0722,0.3532,0.0469,0.045
1980,0.406,3047.25,693.76,1.48,0.394,0.647,0.394,0.527,0.0038,0.2411,0.1678,0.1959,0.0167,0.0738,0.0018,0.2991
1981,0.629,1257.22,256.83,1.44,0.11,0.585,0.354,0.797,0.02,0.001,0.3627,0.0122,0.0469,0.4747,0.0181,0.0644
1982,0.482,1211.53,208.6,1.43,0.128,0.305,0.269,0.6,0.1858,0.1843,0.0011,0.0226,0.0967,0.0604,0.0934,0.3557
1983,0.193,2323.6,401.53,1.39,0.34,0.582,0.354,0.413,0.1655,0.0635,0.032,0.28,0.003,0.1545,0.0635,0.238
1984,0.324,1481.11,455.73,1.25,0.116,0.557,0.032,0.918,0.0644,0.2161,0.0043,0.1582,0.2202,0.1169,0.0025,0.2172
1985,0.334,2873.68,622.16,1.27,0.184,0.409,0.304,0.289,0.1332,0.0581,0.2186,0.2016,0.001,0.0616,0.2579,0.0681
1986,0.532,1171.37,195.9,1.55,0.166,0.621,0.465,0.479,0.0598,0.1641,0.1263,0.0552,0.4105,0.0021,0.0219,0.1602
1987,0.763,2428.83,718.31,1.43,0.53,0.465,0.106,0.839,0.039,0.0165,0.0293,0.3246,0.155,0.0103,0.3551,0.0703
1988,0.339,1987.48,514.01,1.48,0.583,0.376,0.216,0.756,0.0972,0.1035,0.1674,0.1248,0.0168,0.123,0.0154,0.3518
1989,0.664,2916.62,697.3,1.57,0.621,0.281,0.119,0.547,0.0905,0.0047,0.2544,0.0158,0.0263,0.5152,0.0331,0.06
1990,0.191,1215.82,213.14,1.25,0.337,0.364,0.156,0.751,0.003,0.7107,0.0158,0.1288,0.0515,0.0175,0.0374,0.0352
1991,0.733,1133.89,122.51,1.6,0.515,0.242,0.208,0.943,0.0051,0.0693,0.0976,0.2666,0.0386,0.2452,0.0394,0.2381
1992,0.469,2326.65,519.31,1.28,0.136,0.209,0.062,0.944,0.031,0.3839,0.0762,0.2763,0.1164,0.0299,0.0572,0.0292
1993,0.381,2550.72,668.05,1.26,0.186,0.758,0.228,0.498,0.1256,0.2645,0.0237,0.0845,0.062,0.3179,0.0968,0.025
1994,0.473,3256.92,579.99,1.22,0.509,0.506,0.345,0.668,0.0021,0.0572,0.0566,0.1488,0.1017,0.5407,0.0011,0.0917
1995,0.579,1996.67,463.4,1.47,0.058,0.351,0.17,0.878,0.2407,0.1569,0.0237,0.0287,0.2218,0.0676,0.143,0.1175
1996,0.539,3077.7,866.01,1.41,0.58,0.441,0.201,0.592,0.0773,0.2361,0.0889,0.0828,0.0882,0.2547,0.042,0.13
1997,0.34,2449.41,379.85,1.58,0.552,0.547,0.239,0.974,0.0381,0.3977,0.154,0.0133,0.1868,0.0877,0.027,0.0954
1998,0.548,3847.5,686.76,1.25,0.683,0.814,0.196,0.879,0.1744,0.0123,0.2839,0.0346,0.0658,0.0066,0.2923,0.1302
1999,0.352,1986.45,607.88,1.3,0.395,0.451,0.31,0.46,0.0026,0.0608,0.0064,0.0021,0.0301,0.2358,0.3457,0.3166
2000,0.194,921.25,185.55,1.24,0.372,0.819,0.133,0.728,0.0434,0.257,0.2647,0.2383,0.0079,0.0285,0.0499,0.1102
2001,0.513,2165.8,625.31,1.31,0.271,0.402,0.035,0.812,0.1934,0.026,0.0712,0.1337,0.1242,0.1146,0.3368,0.0
2002,0.535,2333.13,705.96,1.32,0.459,0.323,0.188,0.477,0.2015,0.0529,0.0245,0.1128,0.2794,0.0519,0.0754,0.2017
2003,0.288,2403.66,290.57,1.16,0.812,0.046,0.354,0.611,0.007,0.1169,0.1328,0.0762,0.1291,0.1597,0.1053,0.2731
2004,0.503,1198.51,321.82,1.28,0.146,0.121,0.033,0.606,0.0857,0.2499,0.1458,0.0018,0.1194,0.1125,0.1885,0.0965
2005,0.183,1612.43,296.66,1.53,0.534,0.706,0.024,0.761,0.0559,0.0061,0.2609,0.1533,0.1297,0.083,0.1009,0.2102
2006,0.759,3568.39,1104.03,1.2,0.137,0.128,0.166,0.266,0.1856,0.0219,0.1177,0.0319,0.1484,0.0175,0.2912,0.186
2007,0.321,1912.7,277.21,1.49,0.189,0.503,0.243,0.777,0.19,0.1726,0.0483,0.0128,0.1544,0.1498,0.0237,0.2482
2008,0.46,1912.68,614.06,1.21,0.255,0.552,0.274,0.767,0.242,0.0922,0.2404,0.0514,0.056,0.1341,0.0762,0.1078
2009,0.475,4671.29,603.52,1.46,0.291,0.481,0.139,0.685,0.2142,0.0145,0.1285,0.2242,0.0508,0.0153,0.1341,0.2185
2010,0.791,1669.03,515.5,1.23,0.474,0.525,0.356,0.621,0.1358,0.4704,0.1082,0.0602,0.054,0.0425,0.0091,0.1198
2011,0.134,2896.6,487.34,1.47,0.297,0.693,0.114,0.619,0.0525,0.1761,0.0051,0.2565,0.0945,0.3567,0.0406,0.018
2012,0.848,3955.84,454.68,1.25,0.322,0.45,0.617,0.714,0.1422,0.126,0.2181,0.1281,0.1462,0.1244,0.0299,0.0852
2013,0.707,2247.45,350.97,1.16,0.66,0.522,0.262,0.745,0.0113,0.2005,0.0014,0.0625,0.0198,0.0068,0.6976,0.0002
2014,0.516,2198.97,354.29,1.33,0.471,0.735,0.214,0.633,0.0635,0.2224,0.1116,0.125,0.0969,0.2117,0.1674,0.0015
2015,0.563,2251.88,446.15,1.21,0.09,0.493,0.132,0.946,0.394,0.0735,0.2098,0.0899,0.1789,0.0197,0.0096,0.0247
2016,0.486,2358.01,455.36,1.18,0.263,0.571,0.087,0.437,0.2271,0.2816,0.049,0.026,0.0125,0.1043,0.1285,0.171
2017,0.276,1528.77,267.39,1.45,0.382,0.52,0.359,0.493,0.0756,0.0093,0.0606,0.1447,0.3066,0.2727,0.0175,0.113
2018,0.583,1946.1,638.72,1.41,0.547,0.283,0.294,0.847,0.2095,0.0122,0.2621,0.2048,0.1035,0.0417,0.1376,0.0287
2019,0.584,2004.47,566.28,1.48,0.105,0.649,0.245,0.58,0.2141,0.0437,0.1502,0.0059,0.2327,0.0506,0.1194,0.1835
2020,0.669,2120.43,355.25,1.19,0.435,0.631,0.163,0.79,0.0608,0.175,0.0771,0.0309,0.07,0.1551,0.0677,0.3634
2021,0.808,2279.04,401.76,1.26,0.476,0.841,0.136,0.571,0.3873,0.1215,0.0005,0.0343,0.1058,0.2112,0.0091,0.1302
2022,0.31,808.25,242.85,1.42,0.144,0.836,0.242,0.61,0.0005,0.1992,0.0506,0.049,0.118,0.4155,0.0314,0.1358
2023,0.648,2483.24,251.09,1.52,0.206,0.71,0.185,0.988,0.0006,0.3021,0.0977,0.2333,0.0564,0.1985,0.0139,0.0975
2024,0.851,2131.26,609.16,1.33,0.189,0.209,0.05,0.808,0.0822,0.175,0.0342,0.4019,0.1431,0.0179,0.1194,0.0262
2025,0.482,1036.86,235.41,1.36,0.287,0.483,0.155,0.646,0.0861,0.0644,0.0602,0.046,0.0631,0.2091,0.3968,0.0742
2026,0.736,2168.49,687.58,1.3,0.32,0.804,0.262,0.478,0.0581,0.2629,0.0573,0.3521,0.0565,0.0086,0.0211,0.1834
2027,0.884,2294.15,785.32,1.48,0.067,0.705,0.371,0.517,0.0086,0.0481,0.195,0.2855,0.0053,0.2521,0.0003,0.2051
2028,0.755,4190.63,494.35,1.18,0.155,0.276,0.325,0.68,0.1389,0.009,0.1292,0.106,0.0969,0.2448,0.2585,0.0167
2029,0.727,2000.88,386.0,1.55,0.523,0.481,0.37,0.957,0.0328,0.0836,0.0263,0.335,0.1083,0.0062,0.0064,0.4014
2030,0.616,3067.75,572.52,1.56,0.172,0.384,0.103,0.349,0.0445,0.3456,0.0006,0.0528,0.0479,0.2302,0.0097,0.2688
2031,0.478,3795.69,1180.86,1.28,0.48,0.466,0.236,0.568,0.5872,0.0155,0.0116,0.0745,0.0496,0.0159,0.1839,0.0618
2032,0.642,1852.04,496.77,1.49,0.228,0.358,0.177,0.485,0.2694,0.0392,0.16,0.1851,0.2428,0.0336,0.0294,0.0406
2033,0.763,2478.95,789.7,1.36,0.286,0.162,0.22,0.822,0.1572,0.03,0.1456,0.4296,0.0941,0.0196,0.0641,0.0598
2034,0.628,4719.72,838.71,1.33,0.198,0.492,0.446,0.675,0.1039,0.1478,0.1514,0.0135,0.0561,0.012,0.4406,0.0748
2035,0.496,2416.56,326.45,1.23,0.245,0.576,0.047,0.839,0.0187,0.0718,0.2666,0.0719,0.0563,0.2368,0.171,0.1069
2036,0.555,2642.02,712.96,1.59,0.404,0.56,0.035,0.87,0.0843,0.0904,0.0372,0.0044,0.4006,0.0062,0.1847,0.1922
2037,0.651,2031.69,331.58,1.49,0.397,0.417,0.143,0.485,0.142,0.18,0.2749,0.1731,0.0138,0.1074,0.044,0.0649
2038,0.373,2707.13,838.32,1.53,0.275,0.362,0.197,0.359,0.0482,0.2464,0.1632,0.165,0.2205,0.0759,0.0552,0.0256
2039,0.328,1970.79,561.31,1.39,0.183,0.3,0.227,0.755,0.3765,0.2038,0.061,0.1109,0.061,0.0571,0.0583,0.0714
2040,0.65,1148.73,233.92,1.39,0.275,0.617,0.42,0.914,0.1771,0.214,0.1015,0.0669,0.1454,0.0533,0.1256,0.116
2041,0.661,2085.53,305.17,1.53,0.196,0.573,0.133,0.797,0.1125,0.0096,0.2431,0.0566,0.3333,0.0378,0.0197,0.1873
2042,0.128,1097.44,202.3,1.34,0.361,0.199,0.461,0.586,0.0454,0.0152,0.1984,0.046,0.443,0.0004,0.245,0.0065
2043,0.723,2591.58,621.11,1.59,0.198,0.616,0.387,0.723,0.3065,0.077,0.0914,0.0436,0.0761,0.1469,0.1404,0.1181
2044,0.439,1479.9,321.09,1.46,0.29,0.27,0.066,0.763,0.4559,0.0251,0.0767,0.1358,0.0135,0.2049,0.0757,0.0123
2045,0.676,2931.17,725.39,1.4,0.235,0.761,0.22,0.921,0.0983,0.4078,0.0027,0.0628,0.0656,0.1537,0.0028,0.2064
2046,0.435,2169.69,728.64,1.54,0.289,0.447,0.109,0.38,0.1597,0.1619,0.2533,0.049,0.0336,0.0367,0.2528,0.0531
2047,0.58,1399.77,466.58,1.25,0.326,0.586,0.116,0.693,0.3846,0.0338,0.0982,0.0712,0.0054,0.0359,0.2436,0.1273
2048,0.632,1944.85,472.6,1.17,0.685,0.437,0.127,0.931,0.0868,0.1283,0.1726,0.0058,0.0816,0.1696,0.329,0.0263
2049,0.505,2840.19,481.97,1.33,0.403,0.507,0.186,0.285,0.1014,0.0639,0.1724,0.1633,0.3613,0.0729,0.0574,0.0073
2050,0.625,3736.09,496.79,1.22,0.338,0.322,0.151,0.384,0.4987,0.0022,0.0594,0.0761,0.1525,0.0638,0.0753,0.0721
2051,0.283,1357.96,153.12,1.21,0.569,0.322,0.329,0.766,0.07,0.0754,0.0845,0.0265,0.0011,0.242,0.1583,0.3422
2052,0.4,1346.57,192.82,1.17,0.449,0.52,0.404,0.696,0.1148,0.048,0.008,0.0069,0.0036,0.1056,0.3167,0.3964
2053,0.46,4716.41,1066.24,1.54,0.151,0.348,0.08,0.849,0.2996,0.5406,0.0254,0.0207,0.0054,0.0755,0.0175,0.0152
2054,0.415,2099.2,252.94,1.35,0.182,0.387,0.089,0.526,0.0315,0.0045,0.0613,0.0032,0.4989,0.1204,0.092,0.1881
2055,0.462,2243.87,270.71,1.29,0.538,0.822,0.457,0.519,0.1217,0.0185,0.0843,0.1328,0.0022,0.2406,0.123,0.277
2056,0.796,1908.9,489.31,1.56,0.378,0.462,0.172,0.49,0.171,0.0129,0.1075,0.1357,0.2989,0.0407,0.0675,0.1659
2057,0.246,2074.23,304.18,1.28,0.33,0.889,0.26,0.858,0.0142,0.0594,0.0428,0.2019,0.2065,0.332,0.0473,0.0958
2058,0.685,4830.16,971.62,1.16,0.478,0.422,0.106,0.68,0.0862,0.0381,0.1095,0.1799,0.0606,0.2767,0.2232,0.0258
2059,0.529,2484.93,416.29,1.46,0.066,0.576,0.173,0.71,0.0252,0.3798,0.0174,0.0669,0.2515,0.0732,0.0578,0.1281
2060,0.543,3461.61,738.41,1.23,0.187,0.789,0.037,0.917,0.3705,0.0276,0.135,0.1081,0.2245,0.0568,0.0188,0.0588
2061,0.744,2532.73,770.27,1.55,0.61,0.357,0.093,0.695,0.1442,0.5318,0.0036,0.0037,0.1728,0.0506,0.0527,0.0406
2062,0.536,1494.32,459.81,1.5,0.316,0.358,0.192,0.485,0.0269,0.017,0.0308,0.1015,0.103,0.5758,0.0687,0.0764
2063,0.685,1850.54,188.93,1.19,0.152,0.427,0.408,0.627,0.1962,0.0137,0.0304,0.3423,0.3153,0.0039,0.027,0.0711
2064,0.76,1613.0,267.93,1.55,0.359,0.509,0.405,0.827,0.0679,0.0874,0.2423,0.2575,0.011,0.0571,0.0125,0.2643
2065,0.446,2340.12,598.69,1.25,0.004,0.573,0.388,0.294,0.0341,0.1078,0.1264,0.4048,0.1581,0.1038,0.0466,0.0183
2066,0.554,3710.57,829.2,1.16,0.139,0.424,0.641,0.665,0.0116,0.1073,0.1356,0.0142,0.0633,0.0243,0.0967,0.5469
2067,0.247,2030.74,692.46,1.23,0.372,0.442,0.234,0.8,0.2547,0.1126,0.0564,0.0249,0.1042,0.0794,0.0085,0.3594
2068,0.331,1773.71,341.45,1.26,0.288,0.696,0.126,0.366,0.1887,0.0332,0.01,0.1074,0.0824,0.1719,0.2799,0.1264
2069,0.378,1503.8,383.67,1.32,0.416,0.448,0.252,0.661,0.1138,0.0632,0.0018,0.3946,0.268,0.0361,0.0539,0.0686
2070,0.671,2785.21,576.13,1.27,0.085,0.402,0.111,0.488,0.0054,0.1501,0.1715,0.0849,0.4383,0.0341,0.0121,0.1036
2071,0.252,1164.51,276.36,1.44,0.455,0.701,0.167,0.385,0.0239,0.2711,0.0196,0.0063,0.2731,0.0273,0.3267,0.0519
2072,0.617,1492.98,193.68,1.32,0.371,0.643,0.213,0.401,0.0193,0.15,0.013,0.2576,0.0198,0.2838,0.2082,0.0483
2073,0.751,3600.47,804.95,1.35,0.41,0.742,0.108,0.804,0.0652,0.2214,0.0257,0.0951,0.2595,0.0234,0.2313,0.0784
2074,0.424,1894.81,354.01,1.46,0.591,0.755,0.305,0.917,0.0257,0.0908,0.1367,0.1371,0.1418,0.2729,0.189,0.0059
2075,0.35,1801.37,273.68,1.4,0.531,0.448,0.604,0.656,0.1509,0.05,0.1113,0.3689,0.0156,0.0158,0.1621,0.1254
2076,0.571,2145.32,444.79,1.25,0.29,0.865,0.27,0.699,0.0401,0.0584,0.2749,0.1979,0.2284,0.0837,0.0369,0.0798
2077,0.571,3067.95,876.4,1.55,0.621,0.774,0.304,0.625,0.0807,0.0713,0.0472,0.2412,0.3849,0.1313,0.008,0.0354
2078,0.504,2365.19,827.01,1.18,0.136,0.489,0.681,0.821,0.102,0.1967,0.453,0.0213,0.0463,0.1251,0.029,0.0267
2079,0.644,1770.17,555.64,1.4,0.338,0.299,0.302,0.811,0.1714,0.0087,0.1442,0.0006,0.1247,0.091,0.3879,0.0716
2080,0.714,1859.83,638.49,1.33,0.371,0.392,0.157,0.771,0.0762,0.0268,0.461,0.0482,0.2067,0.0818,0.0892,0.0101
2081,0.47,2010.46,348.82,1.51,0.128,0.42,0.306,0.75,0.0743,0.0355,0.0023,0.0037,0.2361,0.0035,0.2241,0.4204
2082,0.257,2163.21,592.54,1.6,0.166,0.497,0.294,0.47,0.0744,0.0,0.0291,0.3226,0.0765,0.0183,0.0267,0.4524
2083,0.428,2092.52,623.25,1.42,0.259,0.724,0.243,0.627,0.1467,0.014,0.0895,0.1217,0.2499,0.153,0.1042,0.121
2084,0.344,1923.48,309.04,1.34,0.169,0.378,0.401,0.643,0.5145,0.0946,0.0472,0.0188,0.0875,0.0833,0.0358,0.1182
2085,0.714,2513.47,647.67,1.38,0.156,0.083,0.428,0.892,0.0637,0.18,0.0121,0.0781,0.2796,0.2608,0.0125,0.1132
2086,0.297,1936.33,263.69,1.37,0.038,0.444,0.491,0.653,0.2069,0.178,0.1412,0.1006,0.0521,0.1584,0.146,0.017
2087,0.59,1696.19,571.29,1.48,0.092,0.311,0.085,0.417,0.0188,0.0069,0.06,0.0744,0.1621,0.0689,0.5135,0.0953
2088,0.589,3606.66,1215.29,1.15,0.415,0.647,0.297,0.623,0.4201,0.0843,0.0825,0.1102,0.1053,0.0563,0.0303,0.111
2089,0.306,1628.55,226.52,1.52,0.11,0.423,0.148,0.888,0.0756,0.0926,0.0661,0.0789,0.1191,0.0501,0.3346,0.183
2090,0.751,2645.72,723.14,1.37,0.222,0.266,0.299,0.867,0.0299,0.0112,0.0123,0.1016,0.2915,0.2384,0.0592,0.2559
2091,0.707,1078.59,371.05,1.38,0.645,0.308,0.151,0.747,0.0148,0.0032,0.1309,0.2133,0.0705,0.3579,0.1126,0.0968
2092,0.536,2067.0,244.58,1.53,0.272,0.823,0.101,0.484,0.0064,0.2889,0.0277,0.0001,0.3097,0.2932,0.0722,0.0018
2093,0.583,1487.22,442.03,1.16,0.384,0.401,0.476,0.77,0.0315,0.0354,0.348,0.1604,0.0738,0.0333,0.0813,0.2365
2094,0.41,1420.25,321.13,1.57,0.434,0.453,0.734,0.529,0.1415,0.3498,0.118,0.0117,0.0624,0.2787,0.0017,0.0362
2095,0.557,6003.72,1106.72,1.18,0.709,0.269,0.16,0.701,0.1244,0.0208,0.0053,0.349,0.0735,0.3023,0.0819,0.0428
2096,0.215,2061.51,387.66,1.33,0.539,0.502,0.387,0.72,0.1394,0.0236,0.1456,0.3298,0.0449,0.205,0.0479,0.0638
2097,0.614,3832.4,730.02,1.56,0.098,0.755,0.193,0.8,0.0008,0.0003,0.0906,0.1324,0.4012,0.2763,0.0545,0.044
2098,0.346,2849.87,419.5,1.56,0.227,0.222,0.185,0.864,0.103,0.09,0.0036,0.0185,0.178,0.3017,0.0951,0.2101
2099,0.77,3757.1,402.04,1.29,0.234,0.382,0.539,0.296,0.1596,0.0259,0.2002,0.0057,0.0528,0.2892,0.1916,0.0751
2100,0.363,1887.47,448.04,1.18,0.327,0.188,0.449,0.738,0.0734,0.0159,0.0521,0.193,0.0002,0.0015,0.2679,0.396
2101,0.463,4116.56,924.1,1.42,0.143,0.592,0.105,0.757,0.0178,0.1227,0.1106,0.0561,0.1652,0.0383,0.2179,0.2712
2102,0.634,3326.21,922.33,1.48,0.313,0.417,0.096,0.64,0.1944,0.0695,0.0869,0.0904,0.1785,0.3495,0.0153,0.0154
2103,0.51,2258.92,451.49,1.56,0.438,0.845,0.04,0.473,0.0163,0.2256,0.0661,0.1151,0.0981,0.3275,0.0035,0.1479
2104,0.528,2492.73,799.87,1.17,0.405,0.296,0.068,0.47,0.0039,0.0866,0.0046,0.0543,0.3821,0.4116,0.0515,0.0054
2105,0.291,1852.99,524.8,1.28,0.357,0.797,0.338,0.77,0.2085,0.2146,0.2014,0.1333,0.1285,0.0363,0.0003,0.077
2106,0.489,2242.41,585.01,1.51,0.343,0.219,0.061,0.867,0.0645,0.0864,0.297,0.2326,0.005,0.1154,0.1081,0.0911
2107,0.508,2180.77,479.69,1.51,0.237,0.461,0.477,0.68,0.006,0.065,0.0057,0.2388,0.3171,0.1875,0.1251,0.0548
2108,0.485,2552.06,353.16,1.41,0.198,0.14,0.308,0.8,0.0029,0.0452,0.1886,0.1146,0.2277,0.0789,0.2646,0.0776
2109,0.702,4919.26,555.33,1.18,0.397,0.745,0.061,0.834,0.0576,0.1234,0.3002,0.063,0.1773,0.0637,0.184,0.0308
2110,0.344,1247.86,344.89,1.41,0.245,0.487,0.34,0.808,0.0438,0.0429,0.0534,0.0342,0.1746,0.0761,0.5661,0.0089
2111,0.47,3432.82,429.12,1.52,0.306,0.402,0.212,0.91,0.1476,0.1139,0.1259,0.0005,0.3756,0.0095,0.2089,0.018
2112,0.189,1582.95,201.16,1.16,0.186,0.394,0.416,0.807,0.0943,0.1742,0.0015,0.0727,0.4059,0.1098,0.0066,0.135
2113,0.414,3499.61,612.14,1.25,0.598,0.28,0.446,0.538,0.2417,0.1453,0.1586,0.1585,0.0169,0.0875,0.0746,0.117
2114,0.177,1592.58,524.82,1.53,0.596,0.415,0.1,0.58,0.0041,0.0612,0.0644,0.0204,0.2045,0.3872,0.1988,0.0594
2115,0.37,2421.18,658.2,1.26,0.632,0.486,0.115,0.825,0.1106,0.2559,0.0904,0.3447,0.0181,0.0644,0.086,0.0298
2116,0.768,2376.97,655.1,1.18,0.308,0.795,0.247,0.804,0.1103,0.138,0.0242,0.2213,0.033,0.2472,0.2198,0.0062
2117,0.649,1195.71,347.11,1.47,0.529,0.459,0.3,0.774,0.1203,0.0478,0.1367,0.3329,0.171,0.0289,0.0416,0.1206
2118,0.718,4956.58,1474.55,1.5,0.561,0.535,0.292,0.525,0.0173,0.1807,0.0073,0.0094,0.2397,0.0744,0.2077,0.2635
2119,0.443,1468.25,512.12,1.33,0.212,0.198,0.205,0.609,0.2461,0.1555,0.0153,0.3978,0.0012,0.0057,0.0607,0.1176
2120,0.513,2301.62,278.83,1.47,0.335,0.548,0.507,0.884,0.086,0.1427,0.2121,0.2494,0.064,0.0623,0.0737,0.1098
2121,0.738,1638.7,207.77,1.41,0.446,0.567,0.242,0.818,0.2626,0.1107,0.0017,0.0634,0.1357,0.0048,0.0925,0.3287
2122,0.436,1248.86,427.96,1.26,0.317,0.684,0.424,0.619,0.0532,0.2193,0.0902,0.2374,0.1446,0.2444,0.0004,0.0104
2123,0.531,2070.0,450.18,1.34,0.046,0.794,0.404,0.507,0.0619,0.0278,0.1874,0.3457,0.009,0.2147,0.0203,0.1331
2124,0.353,1602.99,520.89,1.42,0.483,0.393,0.208,0.626,0.2553,0.5722,0.0,0.0355,0.0167,0.0053,0.0035,0.1113
2125,0.63,1482.51,348.79,1.53,0.791,0.801,0.349,0.776,0.0287,0.0237,0.0148,0.0973,0.037,0.2101,0.4681,0.1203
2126,0.439,2105.54,575.82,1.26,0.394,0.139,0.599,0.773,0.1123,0.0004,0.2048,0.4194,0.0693,0.0245,0.1642,0.0049
2127,0.628,1306.45,305.01,1.21,0.375,0.501,0.195,0.625,0.0283,0.3536,0.0419,0.2489,0.0253,0.0622,0.0044,0.2354
2128,0.354,2138.63,715.29,1.54,0.092,0.549,0.201,0.68,0.085,0.1238,0.2846,0.1432,0.0547,0.0228,0.0777,0.2082
2129,0.69,2316.79,297.16,1.58,0.153,0.412,0.138,0.812,0.1581,0.0456,0.4201,0.0841,0.0553,0.0357,0.0104,0.1908
2130,0.327,741.77,90.1,1.17,0.73,0.534,0.163,0.686,0.2717,0.0048,0.0597,0.0179,0.0027,0.4988,0.0266,0.1178
2131,0.166,1465.29,470.17,1.58,0.669,0.574,0.375,0.669,0.0182,0.0603,0.113,0.0634,0.0961,0.3732,0.0418,0.234
2132,0.415,2540.5,366.48,1.48,0.754,0.71,0.611,0.898,0.0268,0.1715,0.3015,0.0518,0.3452,0.069,0.0285,0.0057
2133,0.702,1603.11,522.65,1.57,0.566,0.681,0.07,0.624,0.2349,0.3201,0.072,0.0109,0.1822,0.0221,0.0423,0.1154
2134,0.379,2532.5,254.71,1.16,0.541,0.62,0.106,0.453,0.1012,0.1674,0.0584,0.136,0.0856,0.3926,0.0512,0.0074
2135,0.528,2666.75,909.41,1.57,0.425,0.752,0.287,0.754,0.0004,0.2488,0.1405,0.1776,0.0008,0.2263,0.0636,0.142
2136,0.385,1378.09,186.4,1.23,0.702,0.427,0.09,0.884,0.1975,0.0705,0.2691,0.047,0.1239,0.0245,0.0598,0.2078
2137,0.656,2386.05,337.71,1.19,0.585,0.153,0.246,0.679,0.2594,0.2845,0.0302,0.0972,0.1113,0.1158,0.0256,0.076
2138,0.752,3494.94,532.62,1.54,0.389,0.446,0.168,0.872,0.1437,0.0519,0.0233,0.008,0.4213,0.3192,0.0049,0.0278
2139,0.484,1542.12,463.5,1.51,0.11,0.281,0.515,0.156,0.0428,0.037,0.3945,0.0041,0.0033,0.313,0.0648,0.1404
2140,0.284,1794.54,343.89,1.35,0.549,0.744,0.503,0.559,0.1763,0.0208,0.3623,0.0244,0.0636,0.0951,0.05,0.2075
2141,0.464,3431.78,726.98,1.53,0.515,0.369,0.563,0.443,0.1583,0.1508,0.0445,0.2624,0.003,0.1965,0.0277,0.1568
2142,0.701,1739.48,324.68,1.55,0.295,0.59,0.422,0.599,0.004,0.0797,0.3388,0.0692,0.2691,0.0856,0.1175,0.0362
2143,0.284,2342.01,457.42,1.15,0.694,0.805,0.304,0.79,0.5814,0.005,0.0312,0.0002,0.1943,0.0736,0.0376,0.0767
2144,0.519,1449.67,291.71,1.18,0.17,0.724,0.555,0.48,0.2479,0.2297,0.1598,0.0053,0.0883,0.0667,0.0181,0.1841
2145,0.474,2041.93,595.3,1.41,0.114,0.135,0.212,0.825,0.0029,0.0023,0.1406,0.0517,0.6642,0.0151,0.071,0.0523
2146,0.096,2059.54,497.9,1.17,0.298,0.466,0.222,0.59,0.098,0.0697,0.1048,0.0347,0.1035,0.0028,0.5208,0.0657
2147,0.331,766.65,227.72,1.44,0.297,0.492,0.472,0.749,0.0161,0.0581,0.038,0.0554,0.0724,0.0871,0.2184,0.4546
2148,0.397,1684.3,409.13,1.3,0.463,0.294,0.371,0.686,0.1975,0.0447,0.1205,0.1284,0.2225,0.0522,0.1923,0.0418
2149,0.712,2926.39,332.39,1.38,0.346,0.576,0.081,0.306,0.0161,0.3666,0.1032,0.3232,0.0872,0.0737,0.007,0.0231
2150,0.534,2462.91,779.22,1.56,0.362,0.353,0.242,0.435,0.0049,0.2098,0.0427,0.0337,0.2548,0.0723,0.1813,0.2004
2151,0.481,1774.13,271.25,1.48,0.114,0.468,0.517,0.53,0.0192,0.0522,0.0987,0.1849,0.1722,0.1614,0.0491,0.2622
2152,0.645,1532.8,254.43,1.31,0.27,0.124,0.17,0.751,0.0056,0.0803,0.3188,0.1233,0.1976,0.1885,0.0663,0.0196
2153,0.425,2724.61,554.07,1.56,0.272,0.498,0.03,0.434,0.3158,0.1609,0.0117,0.2815,0.0497,0.0143,0.0008,0.1653
2154,0.21,1634.52,496.79,1.37,0.821,0.099,0.072,0.472,0.1871,0.2704,0.0166,0.0514,0.1748,0.0446,0.0077,0.2473
2155,0.406,2606.72,449.57,1.32,0.211,0.139,0.535,0.386,0.1657,0.1096,0.2163,0.1201,0.0538,0.0212,0.0812,0.232
2156,0.471,2531.24,273.45,1.57,0.381,0.443,0.178,0.679,0.1944,0.0347,0.0313,0.1478,0.0468,0.1884,0.2755,0.0812
2157,0.667,2015.5,616.59,1.16,0.601,0.618,0.329,0.807,0.053,0.0115,0.0667,0.3263,0.0735,0.0166,0.1037,0.3487
2158,0.403,3214.33,754.31,1.4,0.742,0.354,0.3,0.421,0.0274,0.0511,0.1768,0.1231,0.0237,0.5135,0.0197,0.0648
2159,0.444,1688.81,240.14,1.57,0.456,0.728,0.387,0.576,0.034,0.5375,0.0236,0.0586,0.0121,0.1075,0.0393,0.1874
2160,0.483,3523.5,1096.79,1.57,0.278,0.528,0.299,0.719,0.0036,0.2571,0.173,0.0147,0.0826,0.0315,0.2988,0.1387
2161,0.495,3737.9,1198.86,1.22,0.227,0.326,0.454,0.148,0.0045,0.0154,0.1204,0.0575,0.2752,0.1301,0.3859,0.011
2162,0.706,3740.79,821.23,1.52,0.229,0.682,0.104,0.858,0.7618,0.018,0.0286,0.04,0.0059,0.0231,0.0002,0.1222
2163,0.592,2158.69,673.83,1.32,0.262,0.482,0.453,0.489,0.0719,0.3984,0.0097,0.1162,0.2653,0.0701,0.0627,0.0057
2164,0.442,5927.69,1151.25,1.5,0.315,0.773,0.159,0.763,0.1205,0.1439,0.0787,0.0418,0.0222,0.0138,0.2879,0.2912
2165,0.702,2606.73,839.51,1.15,0.508,0.805,0.476,0.572,0.0473,0.0343,0.0087,0.1809,0.4178,0.0334,0.2681,0.0096
2166,0.24,2088.13,374.2,1.16,0.439,0.457,0.604,0.633,0.0539,0.3206,0.0006,0.1199,0.2546,0.0172,0.1114,0.1219
2167,0.414,2087.28,707.06,1.24,0.141,0.579,0.303,0.807,0.2172,0.1107,0.0772,0.0013,0.068,0.0728,0.2045,0.2482
2168,0.601,1483.19,424.54,1.41,0.252,0.548,0.273,0.572,0.2595,0.0661,0.0287,0.1278,0.1075,0.1524,0.0623,0.1958
2169,0.569,3849.37,1146.31,1.57,0.262,0.598,0.053,0.894,0.0546,0.5772,0.0057,0.0054,0.0591,0.2071,0.0295,0.0614
2170,0.361,1623.83,554.9,1.52,0.174,0.812,0.377,0.658,0.0175,0.0249,0.3633,0.1604,0.1191,0.0256,0.039,0.2501
2171,0.378,2980.13,834.39,1.23,0.372,0.399,0.246,0.982,0.1664,0.2894,0.0244,0.0375,0.1845,0.0456,0.0897,0.1626
2172,0.257,3047.44,444.73,1.23,0.413,0.418,0.247,0.756,0.1845,0.0331,0.1214,0.1398,0.029,0.1521,0.2668,0.0733
2173,0.403,2663.24,854.52,1.55,0.645,0.395,0.108,0.489,0.4353,0.1125,0.0513,0.0366,0.1365,0.1876,0.004,0.0362
2174,0.333,1522.29,371.0,1.48,0.176,0.79,0.128,0.661,0.0864,0.0427,0.2643,0.0579,0.0463,0.0104,0.0938,0.3982
2175,0.367,1787.98,573.49,1.41,0.259,0.518,0.148,0.537,0.0127,0.0124,0.0423,0.4192,0.2916,0.0173,0.1528,0.0517
2176,0.455,738.58,121.98,1.17,0.464,0.538,0.214,0.895,0.0471,0.1427,0.0099,0.0106,0.1502,0.0764,0.3352,0.2278
2177,0.84,2499.94,361.16,1.22,0.098,0.299,0.548,0.476,0.0183,0.1057,0.4956,0.3475,0.0088,0.0014,0.0125,0.0103
2178,0.598,3209.53,334.43,1.41,0.41,0.203,0.143,0.858,0.0814,0.1367,0.0666,0.0376,0.0103,0.0389,0.1691,0.4594
2179,0.543,2056.3,493.13,1.53,0.209,0.612,0.424,0.77,0.2094,0.1158,0.048,0.0273,0.1107,0.0922,0.3565,0.0401
2180,0.167,1427.65,172.08,1.44,0.332,0.227,0.584,0.734,0.1115,0.3775,0.0159,0.0514,0.1517,0.0335,0.0171,0.2414
2181,0.473,1932.07,489.77,1.37,0.225,0.518,0.417,0.709,0.1773,0.2174,0.2914,0.0263,0.2194,0.0188,0.0457,0.0038
2182,0.864,4306.39,892.86,1.56,0.168,0.151,0.273,0.762,0.0212,0.1455,0.1728,0.0126,0.3016,0.019,0.1143,0.2129
2183,0.424,2072.19,703.73,1.17,0.296,0.721,0.107,0.61,0.0235,0.2047,0.1211,0.0845,0.033,0.3134,0.1949,0.0248
2184,0.628,4969.07,716.91,1.21,0.434,0.342,0.141,0.909,0.017,0.0319,0.3801,0.0618,0.0936,0.0041,0.148,0.2636
2185,0.462,1722.07,365.84,1.25,0.254,0.647,0.041,0.89,0.1602,0.0072,0.3197,0.2414,0.0161,0.0124,0.0522,0.1908
2186,0.621,2569.17,877.4,1.15,0.211,0.556,0.232,0.529,0.1548,0.0503,0.0526,0.2764,0.127,0.2615,0.006,0.0714
2187,0.617,1975.95,611.23,1.35,0.064,0.301,0.499,0.847,0.0256,0.0003,0.3073,0.1215,0.0082,0.29,0.0735,0.1737
2188,0.717,5666.45,956.26,1.33,0.38,0.466,0.402,0.774,0.0486,0.0914,0.049,0.2911,0.1684,0.0471,0.0633,0.2411
2189,0.126,1889.51,634.27,1.21,0.132,0.714,0.63,0.96,0.0363,0.1658,0.0322,0.1648,0.072,0.0812,0.0363,0.4114
2190,0.145,4172.78,1271.37,1.18,0.376,0.269,0.148,0.682,0.001,0.0188,0.0492,0.3516,0.0281,0.2603,0.1614,0.1297
2191,0.462,1828.92,205.85,1.19,0.236,0.577,0.197,0.814,0.038,0.14,0.006,0.1178,0.3391,0.1109,0.2436,0.0046
2192,0.754,4634.38,592.89,1.35,0.386,0.279,0.575,0.717,0.0835,0.0046,0.3016,0.2744,0.1104,0.1604,0.0614,0.0037
2193,0.618,2464.9,733.99,1.47,0.317,0.678,0.52,0.497,0.0549,0.035,0.0631,0.4327,0.1725,0.1961,0.0362,0.0095
2194,0.521,3122.72,995.9,1.21,0.442,0.28,0.169,0.944,0.0288,0.0597,0.2227,0.1346,0.12,0.1747,0.1542,0.1053
2195,0.369,1259.29,409.37,1.48,0.345,0.104,0.233,0.628,0.0988,0.2157,0.0058,0.3335,0.0109,0.0242,0.2323,0.0788
2196,0.552,2612.34,707.44,1.23,0.331,0.782,0.184,0.823,0.0718,0.0231,0.0981,0.0433,0.0656,0.0059,0.0059,0.6862
2197,0.292,1277.08,316.43,1.41,0.192,0.841,0.049,0.134,0.0597,0.0171,0.0814,0.1256,0.0178,0.1907,0.2745,0.2331
2198,0.935,3030.33,767.45,1.29,0.18,0.244,0.631,0.725,0.2394,0.0885,0.1913,0.189,0.108,0.0003,0.029,0.1545
2199,0.346,1102.38,212.26,1.2,0.326,0.244,0.078,0.337,0.0921,0.0953,0.3254,0.0216,0.0094,0.1123,0.325,0.0188
2200,0.263,1852.2,638.56,1.49,0.137,0.633,0.223,0.501,0.0347,0.1383,0.021,0.0066,0.5581,0.0914,0.0284,0.1216
2201,0.369,3179.42,894.47,1.37,0.405,0.448,0.118,0.373,0.1349,0.0746,0.3621,0.057,0.01,0.0047,0.0441,0.3125
2202,0.702,3053.95,496.27,1.37,0.441,0.59,0.188,0.906,0.0001,0.409,0.0775,0.0385,0.0326,0.0678,0.1684,0.2062
2203,0.665,1470.05,453.42,1.36,0.479,0.733,0.23,0.727,0.3573,0.2424,0.0043,0.078,0.0407,0.1833,0.0236,0.0705
2204,0.739,1168.97,197.53,1.26,0.173,0.514,0.462,0.482,0.0261,0.0005,0.2035,0.0419,0.5766,0.0569,0.0047,0.0897
2205,0.334,2450.68,821.62,1.32,0.262,0.437,0.024,0.722,0.2817,0.234,0.0119,0.0526,0.0889,0.2707,0.0242,0.036
2206,0.645,4487.74,1183.0,1.41,0.27,0.664,0.551,0.792,0.0324,0.0141,0.0397,0.1299,0.6634,0.0483,0.0343,0.0378
2207,0.55,1543.45,281.98,1.16,0.191,0.344,0.347,0.757,0.1671,0.0772,0.0678,0.2199,0.3405,0.0587,0.058,0.0108
2208,0.577,5326.14,1173.16,1.6,0.328,0.159,0.397,0.757,0.0915,0.0902,0.0521,0.0528,0.0665,0.0606,0.1197,0.4667
2209,0.233,1882.69,389.97,1.19,0.34,0.406,0.49,0.64,0.2935,0.0375,0.0278,0.2092,0.163,0.141,0.0271,0.1008
2210,0.614,1072.22,318.37,1.57,0.522,0.384,0.215,0.667,0.1021,0.041,0.0779,0.0916,0.2321,0.0229,0.2757,0.1569
2211,0.881,1429.25,287.77,1.59,0.314,0.368,0.436,0.632,0.0045,0.0294,0.0542,0.0682,0.0003,0.0837,0.0808,0.679
2212,0.361,2778.54,819.95,1.59,0.339,0.488,0.344,0.811,0.269,0.0535,0.0898,0.124,0.1368,0.1523,0.0639,0.1108
2213,0.237,1993.42,459.66,1.56,0.324,0.446,0.288,0.625,0.0517,0.0266,0.5145,0.0024,0.1127,0.0959,0.1599,0.0363
2214,0.935,4945.1,1647.5,1.43,0.15,0.501,0.4,0.881,0.2768,0.2322,0.0004,0.0691,0.0306,0.2327,0.0198,0.1385
2215,0.626,1462.47,386.67,1.28,0.204,0.48,0.131,0.718,0.1886,0.1682,0.1742,0.1042,0.0835,0.0809,0.0872,0.1132
2216,0.665,2524.62,505.04,1.32,0.326,0.814,0.335,0.504,0.1079,0.3501,0.0607,0.1021,0.0246,0.0906,0.059,0.205
2217,0.795,2572.01,554.91,1.53,0.305,0.477,0.181,0.628,0.5631,0.0121,0.0274,0.1518,0.1107,0.0368,0.0675,0.0306
2218,0.744,2364.75,640.5,1.24,0.064,0.2,0.41,0.345,0.1515,0.0777,0.1991,0.1764,0.0097,0.0048,0.3258,0.0549
2219,0.373,1764.95,534.14,1.2,0.527,0.659,0.065,0.82,0.0945,0.0206,0.0079,0.4992,0.2049,0.0078,0.1268,0.0384
2220,0.247,1647.15,288.43,1.21,0.137,0.184,0.325,0.185,0.2431,0.0507,0.0943,0.0007,0.074,0.0612,0.4159,0.06
2221,0.737,2675.39,393.29,1.56,0.294,0.514,0.332,0.562,0.1205,0.0118,0.0919,0.0205,0.225,0.2546,0.0526,0.223
2222,0.393,2348.69,390.58,1.36,0.697,0.296,0.313,0.824,0.0025,0.1941,0.344,0.0111,0.1037,0.0141,0.3034,0.0272
2223,0.293,2168.67,439.71,1.57,0.085,0.742,0.279,0.851,0.4432,0.0608,0.2427,0.0317,0.0548,0.1333,0.0122,0.0213
2224,0.785,4134.77,518.96,1.42,0.472,0.535,0.318,0.406,0.0126,0.1086,0.021,0.6498,0.014,0.1242,0.0139,0.056
2225,0.313,1226.76,426.4,1.34,0.716,0.244,0.072,0.796,0.0624,0.0229,0.024,0.2323,0.0565,0.3223,0.1459,0.1337
2226,0.429,1029.17,190.32,1.27,0.319,0.314,0.338,0.754,0.1777,0.1813,0.2211,0.0484,0.0947,0.0171,0.1608,0.099
2227,0.784,3831.95,1329.31,1.3,0.454,0.506,0.585,0.641,0.1239,0.0207,0.1317,0.2798,0.1697,0.1923,0.0055,0.0762
2228,0.19,1258.98,363.4,1.3,0.29,0.444,0.423,0.762,0.0127,0.396,0.0192,0.0781,0.145,0.0411,0.2313,0.0766
2229,0.843,2253.79,301.74,1.28,0.07,0.363,0.372,0.581,0.0621,0.005,0.0399,0.2775,0.3775,0.0966,0.1356,0.0059
2230,0.192,1438.89,219.99,1.22,0.392,0.386,0.279,0.695,0.1494,0.2652,0.0073,0.2051,0.0517,0.0852,0.0234,0.2128
2231,0.399,1619.96,351.6,1.22,0.229,0.669,0.236,0.677,0.0505,0.1402,0.0631,0.0571,0.0019,0.4994,0.0308,0.1569
2232,0.247,1063.09,294.23,1.39,0.574,0.444,0.293,0.206,0.0261,0.0066,0.0032,0.2747,0.0081,0.6397,0.0159,0.0256
2233,0.448,1709.05,432.55,1.46,0.343,0.695,0.412,0.609,0.0732,0.0617,0.3455,0.1906,0.0075,0.0119,0.1709,0.1388
2234,0.536,2920.99,733.21,1.16,0.187,0.381,0.4,0.49,0.0668,0.1771,0.1069,0.051,0.2659,0.0758,0.2359,0.0207
2235,0.306,1973.03,546.34,1.31,0.369,0.872,0.319,0.514,0.1194,0.1281,0.2537,0.0157,0.0834,0.101,0.0454,0.2532
2236,0.464,2649.69,508.64,1.28,0.208,0.908,0.114,0.905,0.3372,0.0969,0.2321,0.0738,0.0195,0.0505,0.1886,0.0014
2237,0.315,1628.82,415.69,1.41,0.362,0.812,0.376,0.435,0.0519,0.0797,0.0317,0.0043,0.2118,0.1274,0.1132,0.3801
2238,0.482,3138.71,1047.2,1.46,0.152,0.863,0.261,0.729,0.0019,0.0751,0.3934,0.1762,0.0058,0.1247,0.1977,0.0252
2239,0.296,1601.93,163.55,1.48,0.023,0.72,0.279,0.522,0.0682,0.0068,0.1634,0.0271,0.1417,0.0204,0.4213,0.1511
2240,0.512,956.7,264.62,1.4,0.679,0.403,0.619,0.871,0.052,0.1615,0.1122,0.0538,0.0191,0.08,0.4648,0.0566
2241,0.298,2231.67,395.25,1.29,0.212,0.51,0.308,0.58,0.0528,0.212,0.0309,0.0192,0.1225,0.0106,0.472,0.08
2242,0.504,3010.53,972.4,1.57,0.415,0.243,0.395,0.177,0.112,0.3762,0.0485,0.2308,0.0364,0.1126,0.025,0.0585
2243,0.263,1538.63,499.84,1.28,0.313,0.512,0.379,0.764,0.0643,0.0346,0.2794,0.0881,0.0064,0.2922,0.2327,0.0022
2244,0.395,3365.54,346.84,1.35,0.227,0.604,0.224,0.78,0.0186,0.076,0.1483,0.0339,0.0646,0.0891,0.4633,0.1062
2245,0.558,1622.28,556.99,1.44,0.195,0.558,0.558,0.595,0.1348,0.0473,0.1283,0.0419,0.0232,0.0736,0.1024,0.4487
2246,0.307,2585.45,264.12,1.44,0.406,0.138,0.171,0.337,0.2058,0.0519,0.028,0.0115,0.0121,0.0003,0.3496,0.3407
2247,0.135,3556.46,770.55,1.39,0.48,0.465,0.144,0.822,0.1181,0.4984,0.021,0.0032,0.2659,0.0106,0.0728,0.01
2248,0.124,1782.38,249.95,1.26,0.155,0.46,0.366,0.584,0.3659,0.3277,0.0135,0.0119,0.1204,0.0014,0.069,0.0902
2249,0.563,2086.96,507.87,1.58,0.237,0.375,0.258,0.77,0.1264,0.0321,0.0545,0.0174,0.1852,0.1721,0.3446,0.0677
2250,0.67,2314.37,501.62,1.31,0.266,0.641,0.365,0.699,0.0844,0.145,0.2058,0.0943,0.0771,0.2177,0.0035,0.1723
2251,0.774,4870.29,951.73,1.47,0.402,0.604,0.154,0.892,0.0195,0.0651,0.042,0.1489,0.1164,0.1781,0.0795,0.3504
2252,0.67,2836.65,923.64,1.33,0.596,0.354,0.446,0.695,0.229,0.4126,0.0081,0.0028,0.1486,0.0008,0.0702,0.128
2253,0.357,4801.93,1057.6,1.23,0.404,0.44,0.078,0.518,0.077,0.1014,0.0641,0.1389,0.0291,0.3812,0.1184,0.0899
2254,0.922,3038.9,434.81,1.24,0.681,0.73,0.514,0.838,0.0611,0.3871,0.001,0.0304,0.1207,0.0407,0.0027,0.3564
2255,0.743,1926.7,510.97,1.27,0.451,0.59,0.055,0.946,0.4957,0.041,0.3339,0.0147,0.0179,0.0401,0.0275,0.0292
2256,0.741,1979.55,436.98,1.2,0.378,0.519,0.191,0.414,0.0615,0.0251,0.0038,0.2041,0.1026,0.0053,0.2137,0.3839
2257,0.342,2069.63,317.56,1.44,0.129,0.325,0.07,0.854,0.0056,0.0498,0.2281,0.1429,0.034,0.1847,0.3103,0.0446
2258,0.611,1035.48,160.76,1.55,0.121,0.643,0.309,0.663,0.0204,0.0702,0.4445,0.1594,0.0166,0.0479,0.1683,0.0728
2259,0.518,1845.18,548.07,1.43,0.506,0.495,0.648,0.737,0.024,0.133,0.0047,0.0239,0.0933,0.0678,0.5995,0.0538
2260,0.324,1666.08,554.71,1.5,0.3,0.238,0.137,0.635,0.0409,0.0487,0.1681,0.0172,0.1234,0.3429,0.0138,0.2449
2261,0.814,2848.38,656.12,1.34,0.078,0.143,0.525,0.992,0.0785,0.0811,0.4646,0.1532,0.0221,0.0104,0.181,0.009
2262,0.268,4196.66,1134.79,1.28,0.147,0.706,0.377,0.772,0.2061,0.0748,0.0517,0.26,0.2976,0.0206,0.0734,0.0158
2263,0.296,2007.55,263.72,1.24,0.283,0.468,0.14,0.82,0.331,0.0028,0.0678,0.1791,0.0522,0.2439,0.0218,0.1015
2264,0.559,1056.7,224.84,1.43,0.415,0.451,0.118,0.508,0.3331,0.1878,0.1162,0.0219,0.0747,0.0538,0.156,0.0566
2265,0.43,1474.16,316.17,1.16,0.423,0.587,0.28,0.608,0.0502,0.286,0.0069,0.1611,0.2217,0.0173,0.0856,0.1711
2266,0.32,2212.32,306.06,1.2,0.244,0.825,0.256,0.693,0.0351,0.3418,0.0119,0.1677,0.0525,0.0277,0.0313,0.3321
2267,0.36,2117.88,226.22,1.5,0.154,0.663,0.223,0.47,0.1066,0.2661,0.2007,0.2144,0.0592,0.0928,0.0106,0.0496
2268,0.666,4613.97,1237.67,1.51,0.137,0.524,0.542,0.943,0.5981,0.1434,0.0711,0.1153,0.0382,0.0015,0.0264,0.006
2269,0.853,3868.25,743.87,1.46,0.146,0.731,0.064,0.241,0.0078,0.0536,0.7157,0.0058,0.0183,0.0605,0.1339,0.0044
2270,0.545,3283.15,640.93,1.26,0.349,0.47,0.392,0.511,0.0638,0.1319,0.1191,0.2277,0.0573,0.0228,0.027,0.3505
2271,0.591,2125.87,719.12,1.35,0.289,0.687,0.365,0.635,0.002,0.0755,0.06,0.0453,0.1884,0.1038,0.5087,0.0162
2272,0.543,3509.46,501.23,1.21,0.305,0.475,0.592,0.685,0.3551,0.0387,0.0777,0.1807,0.0033,0.1743,0.0121,0.1583
2273,0.518,1559.35,467.86,1.42,0.453,0.483,0.538,0.846,0.3101,0.0368,0.034,0.0755,0.137,0.3243,0.0266,0.0557
2274,0.712,3631.48,1178.98,1.39,0.351,0.378,0.242,0.534,0.3342,0.0754,0.1042,0.0,0.2274,0.0963,0.1326,0.0298
2275,0.191,1640.66,467.46,1.54,0.449,0.378,0.017,0.76,0.1294,0.1021,0.3357,0.1405,0.0903,0.0308,0.1375,0.0336
2276,0.453,1206.01,223.54,1.49,0.435,0.335,0.565,0.643,0.4844,0.1727,0.0019,0.0207,0.0933,0.0682,0.1565,0.0024
2277,0.256,2428.21,465.85,1.27,0.304,0.619,0.014,0.688,0.1495,0.0401,0.1043,0.0153,0.1784,0.2643,0.1733,0.0748
2278,0.512,3890.12,522.71,1.18,0.223,0.408,0.095,0.69,0.0675,0.1422,0.0495,0.1305,0.0017,0.1626,0.2872,0.1589
2279,0.549,1927.46,214.81,1.36,0.504,0.473,0.266,0.242,0.1159,0.0913,0.4354,0.0371,0.0534,0.0051,0.1584,0.1035
2280,0.509,4149.14,705.97,1.46,0.453,0.318,0.147,0.374,0.0222,0.4064,0.1445,0.0052,0.1234,0.14,0.0904,0.0678
2281,0.812,1333.33,242.59,1.32,0.138,0.65,0.237,0.266,0.0113,0.2315,0.2699,0.1733,0.0393,0.075,0.1987,0.0011
2282,0.689,1509.77,219.08,1.6,0.283,0.466,0.193,0.718,0.4283,0.036,0.0102,0.056,0.1444,0.0686,0.2178,0.0387
2283,0.14,1673.8,497.52,1.42,0.268,0.652,0.409,0.599,0.0358,0.1173,0.0898,0.0079,0.0467,0.1117,0.5148,0.076
2284,0.565,1972.26,470.29,1.57,0.496,0.465,0.217,0.604,0.0501,0.0069,0.0951,0.0507,0.5214,0.1612,0.0882,0.0264
2285,0.746,1919.12,267.71,1.55,0.486,0.105,0.196,0.388,0.004,0.2607,0.0253,0.0146,0.0191,0.0254,0.1515,0.4995
2286,0.617,2479.79,282.43,1.39,0.397,0.662,0.599,0.714,0.0549,0.2478,0.1418,0.0005,0.1478,0.0122,0.2759,0.119
2287,0.796,2076.94,715.03,1.56,0.346,0.771,0.348,0.74,0.0554,0.2295,0.3002,0.0652,0.2058,0.1233,0.0077,0.0129
2288,0.58,1996.99,510.68,1.37,0.213,0.542,0.25,0.602,0.0117,0.0601,0.1232,0.2198,0.309,0.2086,0.0507,0.0168
2289,0.728,2777.28,282.81,1.51,0.295,0.208,0.109,0.546,0.0231,0.2518,0.1633,0.3954,0.0411,0.0305,0.0421,0.0527
2290,0.565,1751.4,292.69,1.39,0.527,0.539,0.397,0.623,0.0803,0.4393,0.1051,0.0197,0.2229,0.025,0.0583,0.0495
2291,0.532,2154.52,570.91,1.52,0.271,0.095,0.131,0.666,0.0216,0.1373,0.0376,0.1319,0.1189,0.4088,0.1097,0.0342
2292,0.547,1750.04,553.91,1.47,0.335,0.662,0.075,0.536,0.0607,0.1446,0.0077,0.1281,0.084,0.0702,0.3048,0.1999
2293,0.387,1280.1,418.49,1.31,0.149,0.17,0.218,0.418,0.159,0.2921,0.0643,0.2069,0.0975,0.0411,0.1016,0.0375
2294,0.319,2703.48,700.87,1.29,0.155,0.379,0.103,0.532,0.1203,0.2239,0.0363,0.0502,0.0196,0.0818,0.3631,0.1048
2295,0.56,4518.18,500.07,1.5,0.246,0.233,0.144,0.24,0.0897,0.0724,0.0669,0.1486,0.0866,0.0448,0.0708,0.4201
2296,0.374,3150.74,386.77,1.58,0.361,0.52,0.089,0.788,0.2374,0.1928,0.0724,0.1599,0.0919,0.0505,0.1928,0.0023
2297,0.701,2799.65,397.68,1.33,0.523,0.45,0.457,0.778,0.3487,0.0468,0.0795,0.0538,0.0576,0.2205,0.1693,0.0238
2298,0.808,1996.28,362.58,1.53,0.455,0.801,0.219,0.635,0.1277,0.4034,0.0884,0.0277,0.0104,0.1757,0.115,0.0519
2299,0.289,1742.8,549.22,1.41,0.262,0.417,0.422,0.422,0.0282,0.2779,0.0591,0.0271,0.0618,0.0584,0.003,0.4845
2300,0.176,2775.93,894.09,1.55,0.417,0.686,0.254,0.526,0.1012,0.0945,0.3498,0.05,0.0463,0.0026,0.2683,0.0874
2301,0.258,770.17,146.01,1.57,0.089,0.145,0.327,0.628,0.0207,0.2404,0.0913,0.2893,0.0557,0.1226,0.0284,0.1515
2302,0.481,1890.96,335.1,1.51,0.514,0.086,0.138,0.523,0.1266,0.1114,0.0908,0.1289,0.0415,0.1563,0.0338,0.3105
2303,0.754,3374.31,740.45,1.21,0.246,0.399,0.204,0.692,0.0442,0.6394,0.0791,0.012,0.0475,0.0209,0.0195,0.1373
2304,0.714,1564.89,268.34,1.38,0.218,0.265,0.042,0.864,0.3138,0.071,0.0665,0.3129,0.0916,0.0004,0.1436,0.0002
2305,0.251,2261.72,755.31,1.57,0.073,0.696,0.421,0.841,0.0469,0.1425,0.0765,0.038,0.1149,0.2233,0.0847,0.2732
2306,0.591,2696.1,549.26,1.41,0.473,0.363,0.548,0.485,0.0608,0.0006,0.0542,0.3403,0.0919,0.0585,0.084,0.3096
2307,0.424,1183.95,379.19,1.2,0.199,0.423,0.322,0.494,0.0509,0.0807,0.1112,0.0651,0.0123,0.6216,0.0157,0.0426
2308,0.472,2253.15,237.59,1.43,0.059,0.732,0.269,0.844,0.0629,0.0369,0.0706,0.0856,0.2086,0.041,0.3228,0.1716
2309,0.431,1660.76,271.68,1.57,0.037,0.481,0.201,0.823,0.4167,0.0724,0.0374,0.0248,0.0718,0.0571,0.0251,0.2948
2310,0.517,2634.09,671.84,1.36,0.379,0.627,0.365,0.717,0.0878,0.1268,0.0469,0.0409,0.0227,0.6412,0.0009,0.0328
2311,0.576,3007.64,903.5,1.54,0.44,0.462,0.174,0.741,0.0148,0.0199,0.1946,0.2763,0.0751,0.0211,0.0294,0.3687
2312,0.478,2560.76,483.54,1.16,0.135,0.155,0.735,0.64,0.0386,0.3046,0.0918,0.017,0.1448,0.1001,0.1003,0.2028
2313,0.446,2208.06,431.22,1.43,0.085,0.676,0.261,0.817,0.3397,0.0088,0.1437,0.0629,0.1913,0.0986,0.0077,0.1473
2314,0.869,2978.62,841.66,1.59,0.296,0.128,0.216,0.84,0.3211,0.0029,0.0134,0.0669,0.372,0.0392,0.1568,0.0277
2315,0.782,1592.82,236.0,1.21,0.383,0.152,0.286,0.902,0.0352,0.0322,0.1672,0.0322,0.3255,0.1831,0.1726,0.0519
2316,0.718,2442.1,270.01,1.39,0.632,0.672,0.53,0.677,0.0045,0.0519,0.1819,0.0103,0.1889,0.2771,0.2416,0.0438
2317,0.74,1816.75,245.91,1.2,0.194,0.721,0.11,0.979,0.003,0.0142,0.0408,0.2164,0.4804,0.0978,0.0949,0.0524
2318,0.497,3332.22,941.52,1.34,0.61,0.692,0.749,0.767,0.1274,0.0332,0.092,0.3141,0.0279,0.0299,0.0176,0.3579
2319,0.407,2756.55,769.87,1.48,0.49,0.319,0.374,0.229,0.2143,0.1439,0.0704,0.0434,0.3194,0.0325,0.0361,0.1402
2320,0.78,3343.96,448.69,1.54,0.567,0.512,0.33,0.742,0.0783,0.1436,0.0372,0.2939,0.0139,0.2499,0.0044,0.1788
2321,0.703,4869.29,690.31,1.54,0.428,0.836,0.088,0.884,0.1326,0.0428,0.3115,0.0593,0.1766,0.1201,0.0825,0.0747
2322,0.19,1609.05,518.56,1.5,0.408,0.522,0.121,0.747,0.0001,0.2246,0.0595,0.0366,0.0747,0.0394,0.1578,0.4073
2323,0.33,1608.92,468.18,1.54,0.194,0.197,0.036,0.98,0.0507,0.3225,0.0327,0.0012,0.1762,0.117,0.2678,0.0319
2324,0.792,2223.74,465.55,1.36,0.172,0.427,0.145,0.73,0.04,0.2519,0.0208,0.1942,0.1013,0.1043,0.1145,0.173
2325,0.407,1105.08,260.83,1.51,0.476,0.637,0.468,0.663,0.2412,0.0247,0.2439,0.0734,0.0135,0.0211,0.0423,0.3399
2326,0.726,1349.2,442.33,1.51,0.189,0.714,0.54,0.788,0.0091,0.1909,0.429,0.2909,0.0136,0.0001,0.001,0.0654
2327,0.483,2806.92,450.57,1.41,0.264,0.21,0.331,0.957,0.3164,0.2318,0.0231,0.0547,0.0505,0.003,0.285,0.0355
2328,0.697,1400.45,232.17,1.16,0.166,0.402,0.277,0.614,0.0788,0.1432,0.2587,0.1233,0.2638,0.0185,0.0008,0.1129
2329,0.405,1362.62,355.45,1.27,0.181,0.665,0.396,0.717,0.1617,0.386,0.0203,0.0223,0.0025,0.2917,0.0902,0.0252
2330,0.619,2258.54,449.56,1.37,0.594,0.465,0.232,0.659,0.0053,0.3381,0.0348,0.0065,0.0963,0.2735,0.1107,0.1347
2331,0.247,1615.19,292.28,1.46,0.212,0.554,0.1,0.667,0.0049,0.0463,0.0499,0.1074,0.0217,0.4447,0.0606,0.2645
2332,0.662,3427.07,995.4,1.19,0.413,0.375,0.128,0.882,0.0073,0.0405,0.2317,0.0365,0.6051,0.0126,0.0126,0.0537
2333,0.655,2455.0,248.84,1.31,0.432,0.504,0.333,0.799,0.0218,0.131,0.6478,0.0065,0.0437,0.0637,0.0655,0.0199
2334,0.769,1841.27,384.79,1.3,0.753,0.507,0.426,0.643,0.2593,0.2341,0.188,0.1027,0.0512,0.001,0.1091,0.0546
2335,0.316,2930.99,505.36,1.21,0.612,0.137,0.275,0.777,0.507,0.0544,0.0119,0.0424,0.0058,0.0134,0.2762,0.0889
2336,0.63,3167.35,1065.94,1.35,0.473,0.527,0.205,0.556,0.095,0.0859,0.0519,0.1744,0.0204,0.2106,0.3508,0.011
2337,0.475,1239.3,279.89,1.49,0.349,0.451,0.467,0.703,0.5822,0.017,0.0585,0.0723,0.0009,0.0234,0.2437,0.0019
2338,0.344,2236.51,666.72,1.6,0.197,0.447,0.185,0.939,0.0422,0.069,0.2256,0.0417,0.2159,0.0089,0.3431,0.0536
2339,0.591,1742.2,505.41,1.52,0.284,0.501,0.1,0.374,0.1057,0.044,0.101,0.3181,0.0006,0.014,0.1123,0.3043
2340,0.365,1521.33,473.48,1.53,0.71,0.142,0.479,0.776,0.2316,0.06,0.0099,0.3055,0.0217,0.25,0.0981,0.0233
2341,0.516,4708.91,608.83,1.32,0.335,0.681,0.441,0.715,0.2614,0.025,0.0216,0.0659,0.1631,0.05,0.3003,0.1129
2342,0.129,1852.12,615.95,1.51,0.257,0.545,0.241,0.244,0.4339,0.0097,0.1166,0.0695,0.0622,0.157,0.0946,0.0565
2343,0.693,2238.5,465.37,1.45,0.199,0.603,0.073,0.621,0.1816,0.0271,0.0585,0.1233,0.1825,0.158,0.1684,0.1006
2344,0.469,2246.81,331.14,1.3,0.585,0.66,0.473,0.808,0.0463,0.1728,0.0371,0.1392,0.0738,0.0516,0.1099,0.3693
2345,0.436,3024.41,647.78,1.33,0.118,0.665,0.44,0.95,0.197,0.2095,0.1109,0.1491,0.0103,0.1575,0.0584,0.1074
2346,0.562,1724.86,516.17,1.51,0.136,0.446,0.564,0.576,0.174,0.0795,0.3498,0.0788,0.2576,0.0279,0.0261,0.0063
2347,0.704,1986.01,482.0,1.24,0.13,0.534,0.456,0.939,0.0246,0.1661,0.0389,0.1987,0.1338,0.0071,0.0558,0.3751
2348,0.206,2412.19,615.87,1.48,0.418,0.382,0.176,0.903,0.1314,0.357,0.0004,0.0047,0.1291,0.0528,0.2304,0.0942
2349,0.612,1278.39,221.48,1.38,0.192,0.636,0.231,0.715,0.0062,0.4384,0.315,0.0545,0.0026,0.1244,0.005,0.0539
2350,0.344,3004.53,945.83,1.23,0.39,0.53,0.166,0.434,0.0635,0.0187,0.1287,0.0578,0.0361,0.4213,0.0572,0.2168
2351,0.53,1181.88,289.8,1.34,0.16,0.332,0.204,0.591,0.0003,0.0094,0.0936,0.0104,0.6869,0.0442,0.1372,0.018
2352,0.445,1941.97,442.4,1.44,0.045,0.625,0.191,0.78,0.213,0.0683,0.2259,0.084,0.0123,0.0205,0.0886,0.2874
2353,0.203,976.87,295.07,1.39,0.484,0.497,0.407,0.853,0.261,0.1153,0.024,0.0067,0.4075,0.0009,0.1145,0.0701
2354,0.395,1365.05,310.57,1.15,0.218,0.14,0.366,0.75,0.1175,0.0438,0.1449,0.049,0.0683,0.323,0.0303,0.2231
2355,0.328,3363.71,630.72,1.52,0.212,0.542,0.119,0.369,0.3907,0.147,0.0438,0.0861,0.1206,0.0325,0.0388,0.1405
2356,0.617,3569.4,1218.36,1.48,0.292,0.608,0.296,0.658,0.0026,0.095,0.0644,0.2172,0.1049,0.2059,0.1318,0.1782
2357,0.352,3219.97,529.52,1.28,0.298,0.328,0.057,0.38,0.0909,0.2072,0.0053,0.0915,0.0346,0.0366,0.0837,0.4501
2358,0.715,1382.46,216.06,1.42,0.177,0.583,0.534,0.418,0.1287,0.023,0.0832,0.0782,0.0025,0.574,0.0012,0.109
2359,0.502,1452.35,394.05,1.45,0.3,0.828,0.468,0.771,0.0605,0.1881,0.1348,0.1997,0.1714,0.0507,0.1005,0.0942
2360,0.433,2437.98,488.02,1.25,0.361,0.603,0.233,0.384,0.0354,0.2936,0.4315,0.1578,0.0605,0.012,0.0003,0.0087
2361,0.763,3362.58,455.03,1.4,0.193,0.587,0.201,0.533,0.116,0.0826,0.15,0.4445,0.0483,0.1028,0.0507,0.0051
2362,0.229,1367.21,196.35,1.2,0.426,0.765,0.443,0.968,0.0418,0.023,0.0968,0.0355,0.1011,0.4452,0.2274,0.0292
2363,0.558,1807.71,427.25,1.44,0.801,0.47,0.234,0.776,0.1085,0.0709,0.087,0.264,0.0084,0.2586,0.0612,0.1414
2364,0.297,1249.33,392.31,1.54,0.298,0.892,0.305,0.26,0.0534,0.2555,0.1317,0.0123,0.2493,0.1485,0.0218,0.1275
2365,0.51,4312.19,1506.15,1.19,0.456,0.292,0.205,0.696,0.1527,0.0295,0.0326,0.0123,0.2179,0.0337,0.1593,0.3621
2366,0.669,1995.91,593.04,1.57,0.456,0.4,0.258,0.647,0.0891,0.0033,0.0001,0.1321,0.0008,0.4163,0.3384,0.02
2367,0.489,2223.83,333.09,1.22,0.094,0.188,0.296,0.512,0.1238,0.029,0.0969,0.5467,0.0294,0.0095,0.1389,0.0259
2368,0.554,2352.19,634.02,1.36,0.431,0.581,0.112,0.618,0.0045,0.2394,0.0313,0.1853,0.2574,0.1135,0.088,0.0806
2369,0.208,2889.96,432.66,1.29,0.5,0.259,0.178,0.547,0.1949,0.0972,0.2027,0.0228,0.2469,0.0051,0.2138,0.0166
2370,0.52,1525.68,213.24,1.22,0.311,0.695,0.281,0.716,0.1673,0.0213,0.2047,0.1812,0.2026,0.0974,0.0244,0.1011
2371,0.699,3908.09,555.89,1.32,0.206,0.494,0.332,0.511,0.1028,0.049,0.0369,0.0011,0.7033,0.0003,0.0464,0.0602
2372,0.443,1283.47,179.65,1.32,0.14,0.762,0.2,0.765,0.0468,0.2161,0.0192,0.0694,0.2118,0.1421,0.235,0.0594
2373,0.541,3600.77,417.43,1.59,0.688,0.415,0.54,0.68,0.0004,0.0193,0.1714,0.1931,0.1066,0.0118,0.4521,0.0451
2374,0.481,1101.11,217.21,1.41,0.429,0.745,0.301,0.505,0.3924,0.145,0.0771,0.0749,0.0733,0.142,0.074,0.0213
2375,0.756,2414.41,423.17,1.28,0.251,0.54,0.373,0.885,0.4504,0.0173,0.0545,0.1062,0.051,0.0074,0.0182,0.295
2376,0.19,3516.32,1158.15,1.19,0.067,0.326,0.073,0.42,0.1942,0.0722,0.1116,0.0776,0.2117,0.0817,0.1531,0.098
2377,0.654,3164.92,996.54,1.47,0.107,0.408,0.106,0.698,0.0814,0.2212,0.0599,0.1052,0.0672,0.2677,0.0552,0.1422
2378,0.793,3032.15,478.79,1.58,0.217,0.505,0.07,0.707,0.1426,0.0126,0.4183,0.0288,0.3159,0.0671,0.0015,0.0133
2379,0.439,1404.1,320.57,1.17,0.679,0.586,0.444,0.935,0.0316,0.3104,0.1249,0.0221,0.2082,0.1111,0.1643,0.0272
2380,0.494,1641.79,379.39,1.59,0.087,0.522,0.287,0.826,0.0131,0.0025,0.1399,0.0711,0.0353,0.0799,0.4289,0.2294
2381,0.459,3698.82,740.08,1.18,0.09,0.356,0.389,0.491,0.0555,0.0865,0.3815,0.2643,0.1061,0.0156,0.0521,0.0386
2382,0.657,2897.19,602.34,1.36,0.163,0.136,0.247,0.814,0.0336,0.3975,0.0474,0.1585,0.1037,0.0969,0.0229,0.1395
2383,0.613,3348.65,403.18,1.49,0.255,0.584,0.23,0.807,0.454,0.0541,0.0826,0.0016,0.0837,0.018,0.1319,0.174
2384,0.618,2422.34,610.78,1.59,0.33,0.681,0.696,0.693,0.2294,0.0861,0.0072,0.2124,0.0268,0.0411,0.0232,0.3738
2385,0.657,2142.75,486.61,1.19,0.295,0.582,0.415,0.85,0.3439,0.069,0.202,0.0952,0.0634,0.0046,0.057,0.1649
2386,0.276,2635.39,583.96,1.54,0.159,0.338,0.507,0.768,0.0076,0.0869,0.2517,0.1276,0.4395,0.0131,0.0069,0.0667
2387,0.283,2160.54,716.95,1.31,0.288,0.745,0.241,0.729,0.0244,0.2092,0.176,0.0684,0.2133,0.0577,0.0151,0.2358
2388,0.717,2308.33,722.9,1.55,0.244,0.515,0.246,0.712,0.0952,0.0824,0.0565,0.3062,0.0455,0.0795,0.1277,0.2071
2389,0.605,1327.12,259.96,1.59,0.244,0.56,0.371,0.853,0.182,0.0446,0.0051,0.0825,0.0456,0.265,0.3632,0.0119
2390,0.101,2531.91,580.49,1.36,0.234,0.26,0.47,0.777,0.0081,0.1716,0.2747,0.0714,0.0656,0.0954,0.0669,0.2463
2391,0.541,2694.02,527.49,1.57,0.122,0.652,0.111,0.608,0.0723,0.1995,0.1134,0.3273,0.1645,0.0099,0.0024,0.1107
2392,0.333,1575.36,377.64,1.38,0.222,0.495,0.206,0.567,0.29,0.0244,0.1248,0.259,0.0204,0.0937,0.0646,0.1231
2393,0.226,3010.96,974.01,1.31,0.192,0.851,0.054,0.373,0.0312,0.059,0.0703,0.0429,0.2065,0.2875,0.2875,0.015
2394,0.393,2293.6,549.12,1.32,0.519,0.273,0.51,0.614,0.2501,0.1894,0.015,0.1944,0.0017,0.316,0.0059,0.0275
2395,0.813,2874.26,966.03,1.22,0.494,0.66,0.201,0.459,0.2049,0.2277,0.0399,0.0457,0.1969,0.0615,0.1334,0.09
2396,0.238,2697.26,835.87,1.44,0.135,0.497,0.357,0.938,0.0725,0.0092,0.1576,0.0436,0.0832,0.2788,0.0361,0.3189
2397,0.417,2756.95,482.05,1.34,0.701,0.302,0.496,0.955,0.0252,0.0609,0.1208,0.146,0.251,0.0843,0.2924,0.0194
2398,0.39,2335.17,521.63,1.38,0.284,0.466,0.41,0.547,0.1218,0.1645,0.0072,0.2198,0.0097,0.0149,0.3841,0.078
2399,0.558,2113.74,440.63,1.59,0.383,0.358,0.303,0.545,0.0335,0.092,0.0774,0.0246,0.4444,0.1041,0.1024,0.1215
2400,0.159,3977.41,498.02,1.41,0.254,0.615,0.521,0.579,0.5585,0.0033,0.1405,0.0942,0.1279,0.022,0.0026,0.051
2401,0.413,1569.18,269.69,1.32,0.141,0.406,0.13,0.606,0.1018,0.1065,0.1143,0.116,0.04,0.1508,0.0072,0.3633
2402,0.658,3234.43,688.07,1.4,0.646,0.322,0.422,0.201,0.4706,0.1386,0.1681,0.0018,0.0734,0.0968,0.0054,0.0453
2403,0.389,2006.81,619.61,1.46,0.77,0.583,0.211,0.685,0.1457,0.2943,0.0006,0.0799,0.1876,0.1717,0.0655,0.0546
2404,0.704,2944.98,972.97,1.46,0.242,0.462,0.068,0.792,0.0608,0.0473,0.0036,0.294,0.0026,0.542,0.0065,0.0432
2405,0.514,3646.34,729.78,1.29,0.427,0.724,0.514,0.278,0.1131,0.175,0.0714,0.1151,0.0081,0.1916,0.2367,0.0891
2406,0.438,1884.83,219.97,1.27,0.373,0.769,0.441,0.91,0.4308,0.0237,0.0387,0.0353,0.0571,0.0404,0.109,0.265
2407,0.298,2501.4,804.58,1.42,0.466,0.339,0.381,0.582,0.0193,0.0257,0.0383,0.0031,0.0106,0.0091,0.0924,0.8014
2408,0.708,2735.59,686.28,1.53,0.395,0.696,0.149,0.529,0.1167,0.0426,0.1062,0.5464,0.1325,0.0086,0.0254,0.0216
2409,0.582,1786.06,565.81,1.19,0.538,0.555,0.305,0.458,0.1182,0.0039,0.1885,0.0302,0.0556,0.051,0.4898,0.0629
2410,0.631,3915.62,484.19,1.32,0.212,0.788,0.493,0.438,0.1387,0.0016,0.2118,0.0664,0.296,0.1815,0.0394,0.0646
2411,0.341,2682.02,816.57,1.27,0.093,0.665,0.061,0.59,0.0762,0.3798,0.0289,0.048,0.0254,0.0056,0.2176,0.2184
2412,0.211,1563.81,164.53,1.42,0.354,0.238,0.096,0.941,0.0615,0.0072,0.0087,0.0086,0.6672,0.0864,0.0085,0.152
2413,0.368,3188.98,1021.42,1.5,0.769,0.357,0.102,0.641,0.0308,0.0449,0.5682,0.0812,0.0518,0.0146,0.1891,0.0194
2414,0.436,1528.97,521.28,1.45,0.03,0.287,0.376,0.839,0.1405,0.3026,0.0092,0.0082,0.1003,0.1867,0.022,0.2306
2415,0.082,1685.55,440.42,1.25,0.027,0.77,0.261,0.283,0.1907,0.2134,0.0097,0.0588,0.0796,0.1446,0.0876,0.2156
2416,0.645,2008.04,466.57,1.43,0.019,0.31,0.016,0.856,0.3688,0.0153,0.0422,0.0102,0.1285,0.0908,0.3185,0.0257
2417,0.378,2784.65,700.69,1.5,0.304,0.455,0.394,0.736,0.2257,0.3013,0.0643,0.2971,0.0637,0.0088,0.0261,0.0132
2418,0.482,1805.27,524.62,1.32,0.351,0.659,0.146,0.816,0.4884,0.1128,0.0367,0.0752,0.026,0.0551,0.1191,0.0867
2419,0.065,2281.85,685.68,1.4,0.571,0.59,0.184,0.593,0.2691,0.0949,0.2215,0.0241,0.0002,0.2926,0.0129,0.0847
2420,0.315,2520.06,422.36,1.21,0.706,0.321,0.134,0.696,0.0151,0.0176,0.1752,0.0338,0.4148,0.1333,0.1313,0.0788
2421,0.689,2097.53,340.52,1.29,0.421,0.342,0.094,0.851,0.3037,0.2088,0.0158,0.1508,0.2254,0.0106,0.0685,0.0163
2422,0.872,5524.35,1104.48,1.44,0.021,0.475,0.233,0.83,0.1627,0.0003,0.0101,0.0265,0.1224,0.0535,0.1292,0.4952
2423,0.094,1276.38,274.41,1.4,0.3,0.2,0.15,0.694,0.2569,0.1343,0.1252,0.141,0.0371,0.0116,0.1314,0.1626
2424,0.585,1315.96,228.64,1.59,0.297,0.441,0.146,0.59,0.0087,0.0318,0.1275,0.2834,0.3002,0.1458,0.031,0.0715
2425,0.409,2957.68,569.42,1.33,0.513,0.665,0.225,0.382,0.2938,0.0297,0.0175,0.3468,0.0033,0.1527,0.1166,0.0396
2426,0.685,1029.59,358.85,1.51,0.425,0.709,0.197,0.886,0.018,0.3173,0.0435,0.0246,0.2108,0.0925,0.01,0.2832
2427,0.571,4167.71,1040.05,1.6,0.21,0.609,0.166,0.7,0.1624,0.0413,0.0097,0.1788,0.0134,0.2223,0.0947,0.2773
2428,0.334,2093.34,470.39,1.34,0.426,0.136,0.69,0.807,0.1499,0.2327,0.0003,0.0009,0.3006,0.1143,0.1608,0.0404
2429,0.352,1147.62,253.82,1.2,0.491,0.273,0.122,0.238,0.0254,0.2345,0.3357,0.002,0.0747,0.0254,0.2561,0.0464
2430,0.478,1493.63,316.4,1.59,0.134,0.138,0.456,0.829,0.0303,0.4104,0.0029,0.187,0.2799,0.0097,0.0202,0.0596
2431,0.267,1003.15,101.83,1.21,0.089,0.737,0.357,0.885,0.2355,0.2823,0.1054,0.0181,0.034,0.274,0.0067,0.0442
2432,0.119,2039.29,272.17,1.38,0.449,0.483,0.289,0.429,0.0002,0.0018,0.0033,0.0881,0.5209,0.2777,0.0829,0.025
2433,0.753,1479.09,409.92,1.22,0.342,0.686,0.426,0.593,0.189,0.0805,0.1426,0.002,0.1899,0.1125,0.0046,0.2788
2434,0.753,3073.03,960.63,1.59,0.232,0.387,0.239,0.732,0.1191,0.1199,0.1734,0.057,0.1205,0.0416,0.2054,0.1631
2435,0.297,1739.32,386.12,1.16,0.043,0.706,0.195,0.933,0.134,0.0605,0.2647,0.1392,0.0815,0.0035,0.146,0.1706
2436,0.621,1947.13,649.9,1.17,0.424,0.597,0.626,0.921,0.0041,0.314,0.0847,0.2869,0.257,0.0018,0.0448,0.0066
2437,0.74,3062.73,414.79,1.3,0.388,0.23,0.345,0.252,0.5712,0.2485,0.0324,0.0428,0.0001,0.0902,0.0082,0.0065
2438,0.366,2628.01,265.72,1.54,0.068,0.42,0.159,0.629,0.137,0.086,0.0239,0.112,0.0113,0.0737,0.4921,0.064
2439,0.372,3250.58,773.8,1.17,0.592,0.649,0.245,0.412,0.1029,0.0136,0.0942,0.2518,0.0671,0.2751,0.1946,0.0007
2440,0.648,1853.47,271.21,1.15,0.281,0.542,0.232,0.422,0.3561,0.0061,0.0699,0.0183,0.0715,0.0269,0.2325,0.2186
2441,0.027,1619.91,270.26,1.18,0.449,0.44,0.292,0.575,0.0824,0.1147,0.0186,0.0091,0.3792,0.2469,0.0408,0.1083
2442,0.791,1985.26,431.33,1.39,0.42,0.819,0.459,0.691,0.1325,0.0479,0.0429,0.2014,0.1826,0.1162,0.2396,0.037
2443,0.109,1854.87,276.06,1.42,0.769,0.301,0.563,0.744,0.0008,0.0174,0.0622,0.1366,0.2058,0.053,0.3808,0.1434
2444,0.54,1653.31,211.27,1.33,0.111,0.813,0.458,0.699,0.0378,0.1916,0.0751,0.0008,0.3363,0.2949,0.0231,0.0404
2445,0.853,2224.16,245.71,1.41,0.551,0.66,0.203,0.646,0.0708,0.031,0.0079,0.1319,0.0034,0.1291,0.0116,0.6141
2446,0.573,1942.97,425.73,1.2,0.153,0.731,0.308,0.501,0.0105,0.0833,0.0549,0.3446,0.2273,0.1884,0.0249,0.066
2447,0.495,2477.16,814.12,1.21,0.467,0.559,0.181,0.627,0.203,0.0247,0.2938,0.0621,0.1944,0.046,0.1347,0.0411
2448,0.478,2185.98,611.16,1.48,0.572,0.747,0.061,0.777,0.0608,0.2977,0.0874,0.0961,0.298,0.0642,0.0218,0.074
2449,0.225,2299.37,572.36,1.37,0.216,0.307,0.556,0.925,0.1224,0.0165,0.1718,0.1383,0.2764,0.0279,0.2334,0.0133
2450,0.709,2358.6,291.38,1.56,0.339,0.456,0.156,0.644,0.1119,0.155,0.062,0.1077,0.1471,0.1647,0.1488,0.1027
2451,0.62,1867.14,472.85,1.42,0.214,0.48,0.247,0.42,0.2973,0.3058,0.046,0.1575,0.0168,0.1081,0.0444,0.0241
2452,0.172,1958.15,502.4,1.42,0.334,0.606,0.23,0.811,0.1107,0.2608,0.2524,0.0395,0.0466,0.2095,0.0584,0.0222
2453,0.468,1503.76,178.39,1.26,0.359,0.387,0.201,0.613,0.0089,0.0528,0.0011,0.216,0.2489,0.0871,0.1882,0.1968
2454,0.453,2703.67,747.89,1.54,0.728,0.307,0.369,0.683,0.0048,0.3978,0.1599,0.0711,0.0757,0.1665,0.0494,0.0748
2455,0.676,2159.96,494.77,1.54,0.133,0.75,0.071,0.701,0.1547,0.0012,0.216,0.3411,0.0705,0.157,0.0589,0.0006
2456,0.27,2096.35,729.89,1.16,0.34,0.312,0.073,0.892,0.0831,0.0953,0.0921,0.0003,0.0461,0.0938,0.5785,0.0108
2457,0.542,2468.4,334.7,1.42,0.361,0.654,0.171,0.792,0.0195,0.1035,0.3903,0.072,0.24,0.0494,0.124,0.0013
2458,0.645,4524.13,582.42,1.54,0.051,0.378,0.069,0.676,0.0043,0.0096,0.2243,0.0799,0.0321,0.1418,0.1077,0.4003
2459,0.317,2316.99,620.02,1.51,0.18,0.401,0.257,0.74,0.0517,0.1973,0.0234,0.015,0.2743,0.1554,0.2209,0.0621
2460,0.618,2421.98,611.87,1.3,0.167,0.458,0.213,0.797,0.0958,0.0089,0.0729,0.2111,0.4636,0.0148,0.0478,0.085
2461,0.472,1649.32,276.67,1.33,0.457,0.709,0.379,0.924,0.041,0.0114,0.371,0.0793,0.046,0.1194,0.2649,0.067
2462,0.473,3001.11,725.97,1.28,0.459,0.641,0.664,0.47,0.735,0.0073,0.0626,0.0271,0.0304,0.0545,0.0197,0.0634
2463,0.371,1843.92,637.82,1.52,0.111,0.34,0.133,0.335,0.0158,0.0763,0.1729,0.2658,0.1121,0.3139,0.0322,0.011
2464,0.381,1122.06,160.34,1.29,0.577,0.555,0.151,0.756,0.0782,0.1539,0.0732,0.0262,0.0829,0.4141,0.1514,0.0201
2465,0.831,2412.03,610.8,1.5,0.417,0.622,0.444,0.589,0.2046,0.1614,0.0323,0.0384,0.0022,0.3969,0.162,0.0022
2466,0.557,2459.32,313.85,1.56,0.373,0.687,0.23,0.894,0.0514,0.0889,0.0328,0.0671,0.0688,0.0003,0.6344,0.0564
2467,0.824,1873.58,558.26,1.46,0.396,0.561,0.373,0.874,0.3187,0.105,0.0104,0.0391,0.0157,0.427,0.001,0.0832
2468,0.611,2235.43,511.96,1.28,0.333,0.743,0.093,0.406,0.1094,0.5189,0.0563,0.1294,0.104,0.0166,0.0277,0.0376
2469,0.568,2227.0,307.7,1.32,0.215,0.418,0.154,0.515,0.0698,0.19,0.0522,0.0479,0.0176,0.2224,0.0633,0.3369
2470,0.66,2349.5,412.58,1.55,0.503,0.274,0.192,0.885,0.0113,0.1457,0.0122,0.3604,0.0453,0.1785,0.1809,0.0656
2471,0.734,4082.04,1229.29,1.56,0.778,0.236,0.339,0.763,0.0073,0.1146,0.219,0.0259,0.3416,0.0018,0.0631,0.2267
2472,0.78,1507.51,311.49,1.4,0.129,0.724,0.585,0.582,0.203,0.1637,0.1501,0.0037,0.1038,0.0059,0.3326,0.037
2473,0.53,5066.74,1713.28,1.37,0.439,0.296,0.277,0.952,0.4771,0.0122,0.0438,0.2754,0.1003,0.0061,0.0048,0.0802
2474,0.738,2463.67,556.67,1.4,0.14,0.33,0.13,0.413,0.4777,0.0595,0.0138,0.146,0.0396,0.0936,0.009,0.1609
2475,0.376,2598.24,604.45,1.41,0.343,0.722,0.183,0.955,0.0007,0.1744,0.0981,0.0526,0.3226,0.1183,0.0549,0.1784
2476,0.244,2000.8,286.74,1.37,0.536,0.536,0.212,0.5,0.3004,0.118,0.18,0.0375,0.0667,0.0631,0.0946,0.1397
2477,0.697,1226.98,394.48,1.26,0.616,0.644,0.484,0.763,0.2294,0.07,0.0167,0.0129,0.1482,0.4029,0.0281,0.0919
2478,0.402,1370.82,394.33,1.47,0.155,0.47,0.33,0.921,0.0817,0.0278,0.1947,0.1985,0.0762,0.1982,0.1518,0.0711
2479,0.815,2099.16,271.75,1.47,0.581,0.837,0.103,0.581,0.219,0.1675,0.2319,0.0245,0.0131,0.0016,0.2611,0.0815
2480,0.214,2774.16,392.48,1.18,0.439,0.38,0.163,0.271,0.383,0.0024,0.2274,0.063,0.004,0.0119,0.1069,0.2014
2481,0.244,1092.74,252.1,1.18,0.315,0.31,0.157,0.53,0.0268,0.5506,0.0127,0.0257,0.1762,0.0752,0.0008,0.1319
2482,0.444,1520.93,448.16,1.38,0.515,0.823,0.314,0.524,0.1684,0.0276,0.1768,0.0237,0.2686,0.0195,0.1443,0.1712
2483,0.276,2071.15,591.09,1.42,0.144,0.53,0.116,0.71,0.0121,0.0177,0.0462,0.2403,0.0535,0.0901,0.4088,0.1314
2484,0.542,2730.72,324.93,1.55,0.359,0.359,0.034,0.92,0.0231,0.1133,0.1256,0.2219,0.032,0.081,0.3221,0.081
2485,0.388,2476.93,675.11,1.25,0.595,0.267,0.231,0.702,0.3269,0.0803,0.1989,0.0614,0.1357,0.0826,0.0644,0.0497
2486,0.247,1284.91,440.67,1.34,0.338,0.782,0.217,0.755,0.0817,0.1947,0.0239,0.2545,0.2699,0.0617,0.1029,0.0108
2487,0.087,902.99,226.67,1.29,0.222,0.387,0.272,0.766,0.0534,0.2585,0.1468,0.297,0.0251,0.0633,0.0399,0.116
2488,0.365,2538.97,604.99,1.59,0.189,0.599,0.121,0.834,0.0969,0.1477,0.4461,0.0316,0.0606,0.0304,0.1856,0.001
2489,0.054,2965.27,762.98,1.45,0.271,0.552,0.192,0.271,0.0038,0.0498,0.1514,0.1984,0.2376,0.0919,0.0908,0.1765
2490,0.371,1789.36,422.94,1.41,0.378,0.576,0.333,0.736,0.3938,0.2093,0.0076,0.0096,0.1898,0.0212,0.0625,0.1061
2491,0.606,1478.39,229.97,1.18,0.283,0.591,0.187,0.668,0.0001,0.0679,0.6407,0.0307,0.0514,0.0809,0.064,0.0643
2492,0.627,1989.37,476.92,1.46,0.331,0.29,0.233,0.564,0.0508,0.2575,0.0897,0.0577,0.5093,0.0133,0.0181,0.0037
2493,0.688,2852.04,807.53,1.32,0.195,0.462,0.346,0.792,0.0137,0.0284,0.2999,0.1757,0.091,0.1479,0.0064,0.2371
2494,0.497,2009.48,496.58,1.44,0.049,0.579,0.525,0.972,0.0019,0.295,0.0177,0.2255,0.2996,0.0314,0.0619,0.067
2495,0.71,4323.86,946.87,1.18,0.587,0.534,0.408,0.539,0.5316,0.0548,0.0228,0.0459,0.0152,0.0159,0.275,0.0388
2496,0.232,2731.44,742.63,1.41,0.438,0.37,0.233,0.819,0.0473,0.011,0.098,0.2092,0.1056,0.1932,0.1894,0.1464
2497,0.509,2390.66,752.75,1.24,0.364,0.429,0.117,0.7,0.0073,0.1243,0.238,0.0807,0.0627,0.1781,0.1867,0.1221
2498,0.644,1090.38,110.23,1.58,0.192,0.271,0.188,0.632,0.2096,0.1623,0.1612,0.114,0.0101,0.1579,0.001,0.1839
2499,0.408,1591.01,510.33,1.21,0.347,0.879,0.334,0.66,0.0225,0.1267,0.1154,0.0497,0.0425,0.2706,0.0938,0.2788
2500,0.626,1896.2,437.42,1.26,0.545,0.634,0.289,0.579,0.0956,0.0161,0.3952,0.1735,0.0274,0.2599,0.0297,0.0026
2501,0.593,1721.94,345.14,1.34,0.175,0.511,0.171,0.671,0.3177,0.0015,0.1028,0.0708,0.0334,0.0369,0.1196,0.3175
2502,0.421,2282.46,630.77,1.37,0.482,0.411,0.226,0.554,0.2166,0.2033,0.0537,0.0354,0.1066,0.2612,0.0221,0.1011
2503,0.147,1941.59,676.11,1.55,0.166,0.545,0.175,0.397,0.2725,0.122,0.02,0.0304,0.1378,0.0777,0.2069,0.1326
2504,0.686,1245.63,215.98,1.53,0.305,0.759,0.134,0.812,0.0202,0.4451,0.0465,0.062,0.053,0.0542,0.0961,0.2228
2505,0.717,3408.97,1019.78,1.24,0.259,0.643,0.254,0.374,0.0357,0.024,0.4843,0.1441,0.0169,0.0691,0.0121,0.2136
2506,0.463,2178.88,709.68,1.39,0.443,0.927,0.652,0.841,0.0668,0.0946,0.3751,0.0175,0.25,0.1295,0.0632,0.0034
2507,0.704,2832.6,428.11,1.54,0.371,0.458,0.122,0.648,0.0944,0.0452,0.0437,0.0961,0.1456,0.4068,0.0008,0.1673
2508,0.34,2716.78,864.27,1.39,0.504,0.524,0.11,0.636,0.027,0.1032,0.041,0.1668,0.0375,0.0421,0.0085,0.5739
2509,0.694,1797.31,597.52,1.28,0.487,0.804,0.472,0.623,0.1853,0.215,0.021,0.2481,0.281,0.0302,0.0141,0.0054
2510,0.485,3626.38,907.64,1.36,0.264,0.551,0.17,0.724,0.1307,0.0355,0.0027,0.5664,0.1323,0.0132,0.018,0.1012
2511,0.596,2196.98,327.7,1.21,0.549,0.616,0.149,0.803,0.1377,0.1679,0.2365,0.0574,0.0025,0.0496,0.0302,0.3182
2512,0.308,3621.73,444.73,1.37,0.182,0.919,0.398,0.817,0.077,0.1595,0.2361,0.1077,0.2268,0.0197,0.1032,0.07
2513,0.392,1454.2,364.45,1.39,0.519,0.301,0.221,0.841,0.0346,0.1624,0.0002,0.2751,0.0004,0.3286,0.0262,0.1725
2514,0.2,3284.82,491.54,1.24,0.242,0.256,0.395,0.672,0.0747,0.0059,0.0233,0.1444,0.2327,0.0582,0.1978,0.263
2515,0.496,1535.81,228.02,1.31,0.332,0.204,0.47,0.752,0.0153,0.5672,0.049,0.12,0.0193,0.1071,0.0953,0.0268
2516,0.881,7397.5,1663.24,1.28,0.089,0.197,0.086,0.911,0.536,0.0598,0.0618,0.0139,0.0473,0.0158,0.1223,0.1431
2517,0.2,1262.45,248.15,1.58,0.194,0.625,0.486,0.531,0.0216,0.0273,0.1664,0.5767,0.0073,0.1292,0.0038,0.0677
2518,0.135,2700.94,450.41,1.17,0.463,0.704,0.633,0.305,0.1211,0.0316,0.1175,0.1112,0.0217,0.0794,0.3986,0.1188
2519,0.804,2227.81,618.96,1.49,0.433,0.365,0.242,0.876,0.183,0.1687,0.3021,0.1041,0.0466,0.0702,0.0005,0.1248
2520,0.049,2217.17,465.78,1.25,0.112,0.919,0.141,0.768,0.0122,0.1312,0.2095,0.1224,0.3423,0.0876,0.0111,0.0837
2521,0.555,2238.55,518.39,1.32,0.3,0.645,0.114,0.875,0.2053,0.0235,0.1226,0.1037,0.1144,0.1356,0.0926,0.2023
2522,0.804,1664.9,224.54,1.46,0.221,0.717,0.276,0.631,0.0138,0.0727,0.2319,0.0798,0.2809,0.0278,0.2583,0.0347
2523,0.642,777.7,250.08,1.54,0.346,0.85,0.59,0.851,0.0422,0.0301,0.2873,0.3509,0.0164,0.0801,0.0741,0.119
2524,0.561,6222.99,699.02,1.16,0.5,0.381,0.397,0.592,0.0186,0.6503,0.1742,0.1169,0.0044,0.0033,0.0163,0.0159
2525,0.568,2359.67,712.26,1.2,0.443,0.467,0.348,0.612,0.0557,0.0094,0.1781,0.4251,0.027,0.0363,0.2456,0.0228
2526,0.584,711.74,96.21,1.32,0.319,0.791,0.092,0.669,0.101,0.1109,0.0172,0.2037,0.2028,0.0046,0.0068,0.3528
2527,0.545,2554.95,682.69,1.38,0.436,0.832,0.21,0.615,0.2127,0.1692,0.0646,0.1609,0.1377,0.0154,0.1505,0.089
2528,0.211,2452.72,271.44,1.59,0.142,0.371,0.273,0.793,0.4829,0.0615,0.119,0.0415,0.0003,0.0029,0.0421,0.2497
2529,0.434,1599.94,166.86,1.4,0.626,0.625,0.067,0.541,0.1928,0.0013,0.0441,0.2262,0.3932,0.0049,0.0064,0.131
2530,0.46,1628.38,240.19,1.41,0.149,0.372,0.432,0.598,0.1007,0.3868,0.1252,0.0216,0.1198,0.1213,0.124,0.0006
2531,0.617,2332.13,580.28,1.54,0.803,0.657,0.299,0.556,0.0104,0.1852,0.5197,0.1293,0.0735,0.0169,0.0052,0.0598
2532,0.804,4167.51,448.49,1.39,0.103,0.372,0.147,0.796,0.2818,0.0936,0.0092,0.2733,0.0808,0.2427,0.0186,0.0001
2533,0.413,2189.9,378.01,1.27,0.167,0.331,0.228,0.514,0.3668,0.2507,0.1291,0.0666,0.0321,0.1373,0.0072,0.0101
2534,0.679,4353.34,1453.83,1.24,0.284,0.291,0.32,0.754,0.6781,0.0841,0.0068,0.0271,0.0063,0.0351,0.013,0.1495
2535,0.574,3613.05,878.07,1.37,0.342,0.373,0.38,0.446,0.009,0.0295,0.173,0.1213,0.1226,0.2333,0.2385,0.0726
2536,0.42,1928.31,377.17,1.29,0.409,0.498,0.192,0.596,0.0474,0.0653,0.1353,0.0268,0.0837,0.4651,0.0562,0.1203
2537,0.526,1195.79,135.72,1.26,0.68,0.672,0.222,0.675,0.0649,0.0042,0.1735,0.0302,0.0956,0.0201,0.1185,0.4929
2538,0.735,2276.68,254.12,1.34,0.529,0.457,0.41,0.694,0.0303,0.0575,0.1165,0.1268,0.1769,0.1354,0.2196,0.137
2539,0.533,2775.93,670.36,1.28,0.488,0.492,0.341,0.39,0.3745,0.0564,0.0569,0.1652,0.1044,0.2159,0.0215,0.0051
2540,0.6,2386.59,833.64,1.38,0.565,0.542,0.1,0.705,0.0777,0.0264,0.0483,0.072,0.0869,0.2979,0.363,0.0277
2541,0.727,3199.97,428.86,1.56,0.645,0.871,0.157,0.941,0.0846,0.1641,0.2242,0.1354,0.1341,0.2156,0.0143,0.0278
2542,0.34,2849.29,450.2,1.35,0.122,0.381,0.276,0.67,0.1181,0.2348,0.0878,0.2068,0.1852,0.0843,0.0267,0.0562
2543,0.521,2763.61,943.08,1.24,0.564,0.406,0.519,0.516,0.2928,0.007,0.1328,0.2048,0.0156,0.0323,0.0716,0.2431
2544,0.617,2105.74,717.18,1.35,0.077,0.444,0.257,0.872,0.2856,0.1079,0.2462,0.0643,0.0069,0.0669,0.028,0.1942
2545,0.201,2275.98,528.41,1.46,0.574,0.394,0.437,0.502,0.0639,0.3101,0.2076,0.0086,0.1168,0.0186,0.2448,0.0295
2546,0.27,4725.81,1139.45,1.54,0.37,0.61,0.15,0.313,0.0831,0.0148,0.071,0.4096,0.1522,0.1357,0.1137,0.0199
2547,0.625,1300.54,331.29,1.44,0.19,0.646,0.747,0.961,0.0258,0.0253,0.0623,0.0336,0.0823,0.6916,0.0548,0.0242
2548,0.302,2394.87,310.99,1.41,0.423,0.647,0.061,0.526,0.0824,0.146,0.0498,0.1192,0.0824,0.0479,0.1511,0.3212
2549,0.741,5202.23,958.96,1.36,0.112,0.491,0.548,0.942,0.3216,0.0058,0.0454,0.2257,0.2578,0.091,0.0103,0.0424
2550,0.666,1506.22,153.37,1.4,0.221,0.359,0.099,0.938,0.0816,0.1462,0.0319,0.0209,0.3234,0.0426,0.2826,0.0708
2551,0.235,2820.52,485.86,1.52,0.646,0.558,0.113,0.79,0.01,0.0944,0.1579,0.2591,0.1293,0.044,0.0799,0.2252
2552,0.183,2876.14,618.78,1.29,0.507,0.197,0.168,0.669,0.1202,0.1388,0.0817,0.001,0.0809,0.0541,0.1642,0.3591
2553,0.725,1373.9,151.48,1.48,0.212,0.514,0.307,0.921,0.1336,0.1418,0.0172,0.1911,0.2782,0.0329,0.1316,0.0736
2554,0.193,2445.43,442.31,1.48,0.055,0.504,0.057,0.529,0.1426,0.1703,0.0104,0.1278,0.0859,0.136,0.2771,0.0498
2555,0.75,2252.74,372.97,1.47,0.27,0.494,0.154,0.605,0.0322,0.3462,0.0366,0.1029,0.1956,0.0933,0.1179,0.0753
2556,0.523,2183.86,701.92,1.41,0.259,0.373,0.119,0.727,0.114,0.2137,0.0137,0.0142,0.1543,0.0466,0.0622,0.3814
2557,0.429,1864.88,226.59,1.2,0.253,0.749,0.151,0.621,0.3019,0.0871,0.0876,0.1643,0.0075,0.1529,0.1395,0.0593
2558,0.259,3245.14,570.78,1.57,0.464,0.447,0.154,0.771,0.0007,0.0121,0.1908,0.0094,0.0114,0.3542,0.063,0.3583
2559,0.374,1967.2,624.21,1.59,0.551,0.755,0.253,0.912,0.1567,0.075,0.012,0.0816,0.103,0.3286,0.1579,0.0852
2560,0.23,1565.68,360.18,1.55,0.201,0.607,0.255,0.862,0.1674,0.2831,0.0454,0.0183,0.2407,0.0726,0.1413,0.0312
2561,0.635,1984.04,329.48,1.56,0.111,0.629,0.114,0.976,0.3322,0.0219,0.1987,0.1056,0.0377,0.1531,0.1149,0.036
2562,0.873,2319.59,637.81,1.54,0.562,0.341,0.2,0.961,0.1315,0.1056,0.1258,0.0356,0.0183,0.2227,0.0777,0.2827
2563,0.393,1350.93,290.12,1.25,0.638,0.653,0.278,0.287,0.0604,0.4323,0.3409,0.014,0.0439,0.0907,0.008,0.0099
2564,0.312,1641.92,171.26,1.22,0.495,0.461,0.271,0.59,0.0016,0.0548,0.2261,0.0539,0.3187,0.1988,0.0025,0.1437
2565,0.31,2075.31,490.48,1.19,0.523,0.501,0.321,0.929,0.0662,0.3613,0.0003,0.0828,0.1967,0.1595,0.0816,0.0515
2566,0.304,2320.14,269.41,1.19,0.328,0.484,0.242,0.831,0.0762,0.0003,0.052,0.0102,0.2182,0.5391,0.047,0.0568
2567,0.296,3178.91,409.31,1.49,0.252,0.474,0.197,0.495,0.231,0.1727,0.1172,0.2397,0.0846,0.0052,0.0134,0.1363
2568,0.474,2398.02,673.63,1.29,0.185,0.584,0.085,0.377,0.0166,0.0654,0.1442,0.2091,0.0591,0.0189,0.0237,0.4631
2569,0.289,1617.06,450.32,1.3,0.045,0.575,0.025,0.819,0.0864,0.1336,0.2143,0.1773,0.1093,0.1298,0.022,0.1274
2570,0.774,1694.89,334.63,1.49,0.399,0.59,0.247,0.84,0.0785,0.1897,0.1588,0.1102,0.2724,0.0,0.0748,0.1156
2571,0.517,2508.45,393.68,1.24,0.223,0.468,0.206,0.834,0.0468,0.011,0.122,0.0808,0.0082,0.4209,0.3016,0.0087
2572,0.252,1822.73,195.46,1.41,0.115,0.902,0.18,0.906,0.098,0.1001,0.0079,0.0937,0.2846,0.056,0.2252,0.1346
2573,0.71,2380.42,676.26,1.44,0.403,0.406,0.251,0.514,0.2496,0.1379,0.0972,0.0121,0.0101,0.0666,0.2964,0.1301
2574,0.443,2377.4,651.86,1.3,0.37,0.819,0.128,0.361,0.1221,0.0082,0.1484,0.2477,0.1603,0.0756,0.2168,0.0208
2575,0.587,2848.18,828.26,1.37,0.454,0.625,0.205,0.621,0.4215,0.1255,0.1027,0.0629,0.0373,0.2227,0.0187,0.0087
2576,0.285,2172.5,275.93,1.37,0.418,0.239,0.893,0.77,0.1145,0.331,0.1523,0.0986,0.0715,0.0197,0.1162,0.0961
2577,0.322,1863.35,210.06,1.43,0.046,0.247,0.157,0.646,0.2012,0.0957,0.0741,0.4183,0.0224,0.1326,0.0192,0.0366
2578,0.663,1746.25,263.33,1.39,0.349,0.43,0.391,0.297,0.2447,0.2101,0.0344,0.0313,0.0033,0.2318,0.2035,0.0409
2579,0.516,1743.92,521.73,1.32,0.491,0.394,0.168,0.332,0.0824,0.0356,0.4191,0.1107,0.1032,0.0065,0.1258,0.1167
2580,0.202,2598.36,361.93,1.55,0.242,0.473,0.286,0.825,0.0649,0.0533,0.0087,0.3565,0.2411,0.0889,0.071,0.1156
2581,0.6,1966.95,493.16,1.51,0.442,0.33,0.104,0.581,0.0327,0.0894,0.2355,0.0023,0.1555,0.1453,0.2941,0.0453
2582,0.468,1266.84,329.97,1.43,0.462,0.689,0.185,0.545,0.0549,0.2177,0.4689,0.004,0.0661,0.0433,0.1202,0.025
2583,0.77,4031.48,1189.51,1.36,0.32,0.517,0.441,0.578,0.107,0.0057,0.061,0.0187,0.4069,0.0619,0.0045,0.3343
2584,0.653,1641.74,165.92,1.36,0.307,0.287,0.397,0.801,0.0171,0.0169,0.2039,0.4173,0.1247,0.0024,0.037,0.1807
2585,0.635,2405.51,620.1,1.36,0.403,0.422,0.315,0.937,0.2486,0.0268,0.0069,0.0146,0.1044,0.4379,0.045,0.1157
2586,0.371,2499.32,827.7,1.44,0.371,0.439,0.118,0.76,0.2448,0.0727,0.0351,0.0581,0.2,0.2106,0.0481,0.1306
2587,0.723,2480.76,531.01,1.5,0.356,0.415,0.315,0.832,0.0546,0.2717,0.1022,0.0613,0.088,0.1064,0.0524,0.2633
2588,0.169,671.97,192.43,1.27,0.61,0.843,0.333,0.615,0.2602,0.1308,0.3715,0.0442,0.0379,0.0186,0.0031,0.1337
2589,0.683,2841.44,561.34,1.46,0.132,0.483,0.523,0.459,0.0694,0.0367,0.065,0.019,0.2386,0.4093,0.009,0.1531
2590,0.811,4392.24,582.74,1.44,0.197,0.697,0.289,0.895,0.021,0.3158,0.1085,0.0115,0.1692,0.0096,0.3147,0.0497
2591,0.885,3661.37,682.76,1.35,0.507,0.281,0.305,0.874,0.1693,0.1281,0.0164,0.125,0.1333,0.0696,0.0931,0.2652
2592,0.571,981.08,268.59,1.2,0.204,0.454,0.357,0.466,0.217,0.0201,0.0385,0.209,0.0199,0.0298,0.3094,0.1563
2593,0.306,4626.95,569.39,1.42,0.518,0.136,0.038,0.339,0.0998,0.2486,0.1032,0.0113,0.0055,0.159,0.1299,0.2425
2594,0.772,1492.96,310.7,1.17,0.224,0.386,0.332,0.582,0.0093,0.062,0.064,0.156,0.0239,0.2257,0.3681,0.0909
2595,0.72,1607.39,184.56,1.58,0.571,0.325,0.217,0.508,0.0183,0.0319,0.0812,0.1162,0.1825,0.0455,0.4022,0.1222
2596,0.841,3583.06,1141.59,1.43,0.029,0.712,0.09,0.562,0.2047,0.0079,0.0724,0.0701,0.0198,0.33,0.0201,0.2749
2597,0.785,3060.31,994.37,1.25,0.223,0.674,0.174,0.703,0.032,0.2322,0.0527,0.0883,0.4746,0.0974,0.0098,0.013
2598,0.211,1921.52,396.63,1.47,0.276,0.276,0.462,0.731,0.1791,0.0926,0.0578,0.3452,0.1401,0.0418,0.0835,0.06
2599,0.547,1804.59,348.03,1.41,0.29,0.664,0.119,0.481,0.1275,0.2408,0.0734,0.0149,0.1319,0.0122,0.1678,0.2315
2600,0.511,3784.56,1144.11,1.41,0.187,0.341,0.31,0.418,0.0532,0.0024,0.0885,0.0028,0.4063,0.1683,0.1744,0.104
2601,0.769,2493.75,795.44,1.4,0.458,0.586,0.11,0.815,0.0915,0.0965,0.1189,0.0954,0.4547,0.0733,0.0355,0.0342
2602,0.522,1195.53,308.46,1.5,0.253,0.71,0.178,0.542,0.1386,0.2488,0.1557,0.1484,0.0212,0.028,0.1603,0.099
2603,0.535,3685.24,1186.52,1.48,0.104,0.259,0.414,0.347,0.2621,0.0684,0.094,0.0557,0.0061,0.2512,0.2309,0.0315
2604,0.318,2172.29,494.35,1.33,0.552,0.608,0.616,0.824,0.1786,0.1139,0.1389,0.0125,0.1668,0.1093,0.1701,0.1099
2605,0.771,3961.11,541.08,1.47,0.49,0.676,0.46,0.264,0.0048,0.2323,0.1324,0.0061,0.0571,0.4014,0.1062,0.0596
2606,0.092,2159.64,753.66,1.29,0.355,0.542,0.215,0.587,0.0568,0.0411,0.2362,0.3527,0.0122,0.0546,0.1848,0.0615
2607,0.501,5753.48,1862.85,1.38,0.327,0.344,0.139,0.827,0.3752,0.0042,0.0866,0.0719,0.0557,0.0477,0.0205,0.3382
2608,0.296,1734.25,526.44,1.24,0.23,0.457,0.26,0.314,0.1453,0.0266,0.0448,0.1364,0.2125,0.2166,0.0632,0.1547
2609,0.503,2227.43,723.14,1.23,0.15,0.594,0.299,0.781,0.0378,0.0414,0.065,0.1823,0.2053,0.0012,0.3147,0.1522
2610,0.298,2622.68,263.87,1.19,0.164,0.521,0.261,0.717,0.0547,0.0148,0.055,0.0363,0.0161,0.0086,0.0398,0.7747
2611,0.267,1707.63,595.47,1.44,0.153,0.616,0.331,0.909,0.0305,0.0292,0.1203,0.0471,0.5021,0.1799,0.0426,0.0482
2612,0.401,2881.73,602.07,1.53,0.303,0.76,0.333,0.902,0.1271,0.1051,0.0371,0.3071,0.2689,0.0191,0.0568,0.0787
2613,0.604,718.07,77.1,1.4,0.331,0.286,0.429,0.503,0.3329,0.1839,0.0082,0.0352,0.069,0.1244,0.0197,0.2265
2614,0.577,2236.71,585.36,1.33,0.138,0.372,0.268,0.692,0.0682,0.2489,0.3486,0.1354,0.015,0.0955,0.0737,0.0148
2615,0.486,2103.91,263.1,1.42,0.179,0.412,0.291,0.962,0.109,0.0914,0.2239,0.118,0.0466,0.0595,0.0859,0.2656
2616,0.423,2002.37,343.86,1.53,0.013,0.34,0.299,0.813,0.0169,0.1225,0.2323,0.1962,0.0347,0.3583,0.0239,0.0152
2617,0.707,1731.1,313.83,1.43,0.346,0.729,0.264,0.927,0.2217,0.0544,0.0572,0.0119,0.0108,0.3475,0.2282,0.0683
2618,0.441,3072.76,990.15,1.55,0.131,0.473,0.298,0.741,0.0364,0.0741,0.1562,0.0374,0.0794,0.1972,0.2614,0.158
2619,0.718,2020.01,545.61,1.2,0.367,0.376,0.301,0.761,0.0448,0.0378,0.06,0.1371,0.2562,0.2782,0.0248,0.161
2620,0.374,2228.92,759.33,1.19,0.369,0.577,0.455,0.732,0.1828,0.0027,0.0658,0.0197,0.2795,0.4462,0.003,0.0003
2621,0.643,2346.49,248.43,1.2,0.352,0.519,0.246,0.647,0.0565,0.0948,0.0623,0.0046,0.2417,0.0199,0.057,0.4632
2622,0.337,2458.61,763.08,1.44,0.439,0.706,0.165,0.516,0.081,0.0006,0.1129,0.13,0.1965,0.0107,0.2283,0.2399
2623,0.742,4433.39,635.23,1.31,0.091,0.672,0.437,0.982,0.203,0.0329,0.0949,0.3567,0.0061,0.1061,0.0716,0.1287
2624,0.633,2562.19,459.86,1.18,0.234,0.215,0.383,0.665,0.0646,0.0041,0.084,0.292,0.2148,0.0162,0.1657,0.1584
2625,0.686,3407.72,1069.27,1.51,0.357,0.434,0.318,0.723,0.1137,0.0223,0.4789,0.1109,0.134,0.0319,0.0884,0.02
2626,0.309,2097.64,238.08,1.53,0.137,0.692,0.458,0.819,0.0374,0.0297,0.1703,0.1695,0.1749,0.2717,0.1126,0.0339
2627,0.359,1665.91,579.39,1.31,0.071,0.403,0.563,0.614,0.575,0.0105,0.0231,0.0906,0.0113,0.07,0.2195,0.0
2628,0.344,1910.07,498.73,1.43,0.111,0.523,0.119,0.617,0.6504,0.0201,0.0085,0.0567,0.1926,0.0288,0.041,0.0019
2629,0.231,1683.4,368.73,1.55,0.109,0.468,0.187,0.542,0.3632,0.0494,0.0008,0.0127,0.221,0.047,0.2219,0.0839
2630,0.285,2447.9,842.18,1.53,0.146,0.762,0.206,0.407,0.2903,0.1717,0.2375,0.0598,0.0808,0.1138,0.0158,0.0302
2631,0.488,2290.13,579.88,1.49,0.184,0.559,0.661,0.736,0.0151,0.4774,0.0307,0.0097,0.149,0.1858,0.049,0.0834
2632,0.397,1518.03,242.02,1.23,0.231,0.333,0.159,0.652,0.2055,0.2682,0.0754,0.1004,0.0558,0.0899,0.1412,0.0635
2633,0.429,1943.2,510.49,1.32,0.273,0.518,0.347,0.785,0.0085,0.0494,0.2387,0.0365,0.0868,0.1684,0.2083,0.2034
2634,0.365,1111.9,133.77,1.18,0.169,0.342,0.11,0.758,0.0493,0.1007,0.0418,0.0574,0.0163,0.3581,0.2606,0.1158
2635,0.415,1956.78,637.24,1.34,0.381,0.09,0.412,0.768,0.3603,0.2123,0.1508,0.0462,0.0129,0.0024,0.0945,0.1206
2636,0.554,2275.1,595.64,1.41,0.199,0.554,0.386,0.273,0.0866,0.0672,0.0491,0.3513,0.1413,0.2072,0.0857,0.0117
2637,0.33,4132.63,1081.37,1.51,0.307,0.617,0.136,0.887,0.0856,0.0007,0.2426,0.0672,0.3961,0.0122,0.172,0.0237
2638,0.483,3753.57,800.29,1.2,0.383,0.31,0.449,0.737,0.009,0.2521,0.2556,0.1081,0.1381,0.0114,0.143,0.0827
2639,0.248,1259.87,381.88,1.2,0.449,0.652,0.059,0.341,0.0638,0.0864,0.018,0.058,0.5849,0.1202,0.026,0.0428
2640,0.327,2168.93,632.89,1.31,0.349,0.395,0.191,0.457,0.0077,0.2054,0.0101,0.0047,0.1387,0.0187,0.423,0.1916
2641,0.618,2567.85,628.75,1.3,0.467,0.581,0.209,0.681,0.1357,0.0139,0.2562,0.0854,0.0265,0.1718,0.2128,0.0977
2642,0.812,2357.83,525.93,1.55,0.084,0.237,0.528,0.787,0.0929,0.4175,0.0086,0.0071,0.3655,0.017,0.0503,0.0411
2643,0.671,2259.29,466.6,1.5,0.202,0.584,0.268,0.53,0.0432,0.0342,0.0224,0.2795,0.5418,0.0008,0.0015,0.0767
2644,0.695,2121.8,667.77,1.32,0.223,0.511,0.318,0.908,0.102,0.0509,0.2681,0.1197,0.2807,0.0244,0.0337,0.1205
2645,0.145,3768.01,1253.68,1.17,0.432,0.66,0.342,0.392,0.0,0.4359,0.021,0.0147,0.2248,0.2908,0.0038,0.009
2646,0.393,1761.65,475.56,1.28,0.283,0.142,0.013,0.551,0.003,0.0703,0.0113,0.0155,0.695,0.152,0.0207,0.0322
2647,0.254,2192.9,757.42,1.59,0.364,0.679,0.443,0.53,0.3741,0.0491,0.0537,0.1937,0.003,0.2028,0.0292,0.0944
2648,0.411,764.45,260.08,1.33,0.248,0.153,0.153,0.394,0.2428,0.0728,0.0613,0.0002,0.13,0.3252,0.0917,0.076
2649,0.115,2425.97,604.22,1.15,0.402,0.263,0.3,0.423,0.0891,0.3466,0.0101,0.003,0.1704,0.2672,0.0415,0.0722
2650,0.349,3255.79,720.02,1.3,0.519,0.742,0.209,0.465,0.0986,0.0283,0.0873,0.2166,0.0008,0.2352,0.0032,0.33
2651,0.415,1383.15,318.46,1.36,0.184,0.592,0.143,0.444,0.1785,0.0263,0.1221,0.1671,0.3097,0.0185,0.0199,0.1578
2652,0.548,1847.75,379.4,1.59,0.34,0.239,0.227,0.403,0.252,0.13,0.01,0.0287,0.105,0.0203,0.4271,0.027
2653,0.573,2751.96,848.79,1.42,0.225,0.198,0.485,0.974,0.1087,0.036,0.0143,0.0374,0.3103,0.0125,0.165,0.3156
2654,0.292,1974.41,547.78,1.56,0.568,0.164,0.098,0.44,0.1756,0.4038,0.0331,0.0531,0.0088,0.0295,0.2734,0.0226
2655,0.764,3045.92,758.83,1.15,0.339,0.433,0.25,0.77,0.0023,0.0394,0.8248,0.0414,0.0373,0.0039,0.0166,0.0343
2656,0.769,2258.41,683.27,1.33,0.278,0.514,0.122,0.498,0.2142,0.3014,0.0852,0.0644,0.0014,0.0149,0.1632,0.1554
2657,0.841,5521.99,1382.65,1.59,0.28,0.694,0.207,0.58,0.47,0.0373,0.051,0.1485,0.0491,0.0968,0.1302,0.017
2658,0.798,1965.25,643.48,1.4,0.098,0.235,0.311,0.915,0.3162,0.1373,0.0794,0.0122,0.0196,0.36,0.0146,0.0607
2659,0.46,6341.43,656.87,1.22,0.102,0.733,0.142,0.541,0.247,0.1446,0.1854,0.0409,0.2289,0.1108,0.023,0.0195
2660,0.461,3554.02,836.07,1.37,0.497,0.564,0.331,0.425,0.1312,0.0168,0.0934,0.1666,0.056,0.2493,0.2031,0.0836
2661,0.237,2639.52,767.61,1.24,0.325,0.159,0.359,0.5,0.0531,0.0905,0.1131,0.005,0.651,0.0451,0.0359,0.0063
2662,0.672,1594.19,491.02,1.38,0.276,0.491,0.183,0.597,0.1895,0.0893,0.057,0.0694,0.1284,0.0591,0.0249,0.3824
2663,0.495,3171.15,688.69,1.34,0.086,0.596,0.253,0.692,0.065,0.1365,0.3869,0.068,0.1073,0.0471,0.073,0.1162
2664,0.877,3391.73,570.9,1.55,0.04,0.835,0.098,0.534,0.1893,0.0105,0.1037,0.0358,0.0261,0.12,0.2015,0.3131
2665,0.33,858.55,133.73,1.39,0.27,0.307,0.299,0.427,0.2374,0.0503,0.0186,0.2344,0.3496,0.0355,0.0214,0.0528
2666,0.504,1262.74,243.62,1.38,0.064,0.679,0.475,0.301,0.0095,0.0077,0.184,0.0145,0.0323,0.1106,0.3666,0.2749
2667,0.403,2414.95,792.91,1.29,0.561,0.78,0.082,0.499,0.0921,0.0203,0.1761,0.2681,0.1087,0.0383,0.0006,0.2959
2668,0.536,2136.04,506.75,1.29,0.218,0.1,0.181,0.727,0.0328,0.0271,0.2387,0.0595,0.4252,0.0659,0.1206,0.0302
2669,0.804,2094.59,590.76,1.56,0.042,0.712,0.609,0.68,0.0438,0.3394,0.0987,0.0315,0.0092,0.1532,0.3112,0.013
2670,0.321,3069.71,635.1,1.33,0.172,0.475,0.227,0.598,0.1277,0.0527,0.0504,0.0714,0.2923,0.2767,0.0783,0.0505
2671,0.383,1452.37,399.5,1.55,0.327,0.65,0.169,0.835,0.0053,0.204,0.2073,0.329,0.0537,0.1494,0.0487,0.0025
2672,0.501,1842.92,631.54,1.34,0.281,0.549,0.161,0.679,0.0444,0.0372,0.7795,0.0024,0.0417,0.0345,0.0006,0.0598
2673,0.588,1787.1,436.68,1.47,0.314,0.732,0.137,0.737,0.2762,0.0761,0.0168,0.0466,0.1466,0.1243,0.0908,0.2227
2674,0.448,2632.96,893.17,1.56,0.309,0.314,0.198,0.339,0.0435,0.0409,0.0275,0.0794,0.3374,0.2393,0.1818,0.0503
2675,0.567,1151.52,351.28,1.55,0.49,0.456,0.235,0.715,0.0134,0.0508,0.0277,0.218,0.1682,0.4283,0.0487,0.045
2676,0.419,1730.88,276.17,1.43,0.592,0.466,0.532,0.5,0.0528,0.0125,0.3493,0.0309,0.1291,0.1415,0.1752,0.1087
2677,0.7,1229.96,193.47,1.4,0.121,0.784,0.187,0.75,0.1231,0.1734,0.1097,0.1692,0.0228,0.2803,0.0606,0.0609
2678,0.211,1641.81,526.21,1.16,0.093,0.327,0.195,0.914,0.0089,0.1854,0.1839,0.3158,0.0524,0.0118,0.189,0.0528
2679,0.115,2331.56,377.43,1.54,0.21,0.364,0.225,0.972,0.0194,0.2089,0.0275,0.0135,0.0868,0.1919,0.1309,0.321
2680,0.388,2789.93,440.51,1.21,0.646,0.288,0.391,0.515,0.1976,0.233,0.0792,0.0924,0.0069,0.2002,0.0846,0.1062
2681,0.509,1659.19,326.28,1.31,0.332,0.714,0.448,0.722,0.0228,0.0034,0.0055,0.0256,0.7092,0.058,0.0294,0.1461
2682,0.254,2367.26,636.05,1.48,0.443,0.3,0.707,0.463,0.143,0.0842,0.2515,0.1617,0.0406,0.0218,0.065,0.2322
2683,0.687,2261.34,388.66,1.38,0.196,0.483,0.19,0.992,0.2153,0.0237,0.1302,0.4033,0.0963,0.0926,0.0053,0.0332
2684,0.71,4244.48,1192.87,1.16,0.416,0.673,0.386,0.779,0.1879,0.0007,0.0579,0.0536,0.0296,0.0066,0.5328,0.1309
2685,0.22,1776.65,255.41,1.2,0.282,0.521,0.358,0.372,0.4017,0.0284,0.0187,0.0218,0.1737,0.0419,0.3134,0.0004
2686,0.598,708.65,232.61,1.48,0.56,0.154,0.047,0.566,0.4718,0.0701,0.0524,0.005,0.1456,0.0759,0.0134,0.1659
2687,0.326,2859.91,464.18,1.38,0.284,0.746,0.27,0.474,0.0304,0.1354,0.0562,0.4174,0.1356,0.1966,0.0269,0.0015
2688,0.589,1927.76,311.06,1.42,0.212,0.584,0.171,0.925,0.2888,0.2806,0.0272,0.0419,0.1327,0.0903,0.0396,0.0989
2689,0.208,1664.77,286.21,1.19,0.133,0.572,0.373,0.791,0.0307,0.1086,0.222,0.2194,0.0789,0.0068,0.1879,0.1457
2690,0.363,2338.83,729.62,1.22,0.252,0.825,0.171,0.795,0.0888,0.4421,0.0138,0.02,0.1569,0.0351,0.1892,0.0542
2691,0.273,1094.91,136.81,1.3,0.585,0.323,0.585,0.452,0.0147,0.1641,0.0058,0.1493,0.3089,0.0798,0.1792,0.0982
2692,0.494,2269.02,468.84,1.18,0.555,0.273,0.292,0.592,0.0339,0.276,0.1997,0.1779,0.1268,0.0071,0.178,0.0006
2693,0.346,2506.34,744.39,1.43,0.336,0.602,0.166,0.666,0.41,0.0508,0.2268,0.0719,0.064,0.0092,0.1151,0.0522
2694,0.577,2662.94,290.3,1.16,0.352,0.461,0.389,0.25,0.0249,0.1264,0.0038,0.0117,0.0162,0.3409,0.2616,0.2144
2695,0.602,1835.82,423.91,1.45,0.149,0.203,0.514,0.696,0.0244,0.4001,0.0242,0.0772,0.0305,0.0925,0.3339,0.0171
2696,0.814,3848.4,404.06,1.25,0.058,0.281,0.265,0.88,0.1357,0.1778,0.3878,0.067,0.0195,0.0559,0.0707,0.0857
2697,0.396,1398.67,322.3,1.4,0.385,0.192,0.18,0.545,0.2665,0.0586,0.0238,0.0553,0.0468,0.3952,0.0079,0.1459
2698,0.726,1932.56,567.72,1.28,0.696,0.407,0.315,0.719,0.1421,0.0295,0.1179,0.0229,0.0533,0.0169,0.5938,0.0236
2699,0.711,2333.73,632.19,1.23,0.54,0.664,0.541,0.566,0.0088,0.4647,0.1453,0.0997,0.1155,0.0059,0.1475,0.0126
2700,0.209,2091.41,233.01,1.52,0.123,0.236,0.274,0.742,0.0181,0.2425,0.1323,0.0043,0.0984,0.0038,0.3854,0.1152
2701,0.44,1876.77,274.97,1.34,0.352,0.636,0.112,0.864,0.2357,0.2499,0.0147,0.1697,0.0007,0.0638,0.1012,0.1644
2702,0.728,4059.99,519.16,1.46,0.539,0.278,0.354,0.653,0.0316,0.0297,0.0179,0.0739,0.5894,0.0725,0.0348,0.1503
2703,0.629,2661.78,543.78,1.32,0.52,0.626,0.189,0.721,0.0686,0.0963,0.0476,0.002,0.1872,0.2195,0.1389,0.24
2704,0.42,2178.18,509.35,1.17,0.673,0.731,0.328,0.521,0.001,0.1175,0.38,0.0877,0.073,0.0018,0.1668,0.1722
2705,0.189,2035.68,359.03,1.57,0.526,0.708,0.464,0.31,0.005,0.0606,0.0623,0.051,0.4821,0.2702,0.0664,0.0024
2706,0.501,2963.74,790.22,1.4,0.37,0.463,0.531,0.847,0.0875,0.035,0.2516,0.0517,0.0286,0.0341,0.3947,0.1168
2707,0.218,2057.92,222.13,1.18,0.528,0.38,0.168,0.598,0.0019,0.0349,0.0478,0.0002,0.0243,0.7882,0.0681,0.0346
2708,0.687,1180.83,151.18,1.56,0.291,0.696,0.348,0.804,0.1345,0.1861,0.2118,0.2498,0.0456,0.0069,0.0405,0.1247
2709,0.592,3586.89,436.27,1.51,0.295,0.525,0.279,0.663,0.2515,0.0752,0.0307,0.0018,0.2252,0.1769,0.166,0.0728
2710,0.468,2277.65,565.99,1.46,0.317,0.654,0.255,0.714,0.0826,0.0176,0.0776,0.3484,0.1486,0.1952,0.0476,0.0823
2711,0.532,2956.51,323.41,1.43,0.588,0.64,0.153,0.626,0.1803,0.0887,0.1902,0.0932,0.1147,0.0758,0.0231,0.234
2712,0.252,1623.88,263.87,1.36,0.509,0.354,0.285,0.783,0.2489,0.0325,0.0463,0.0764,0.2273,0.0641,0.2623,0.0423
2713,0.647,1149.09,398.2,1.57,0.183,0.645,0.269,0.351,0.156,0.0059,0.1581,0.358,0.0188,0.1953,0.1076,0.0004
2714,0.388,833.62,146.31,1.33,0.137,0.467,0.121,0.808,0.0299,0.0093,0.2188,0.0154,0.1517,0.1372,0.1962,0.2415
2715,0.707,1685.13,273.24,1.48,0.612,0.341,0.079,0.521,0.0179,0.0132,0.153,0.1546,0.5729,0.0058,0.0137,0.0689
2716,0.481,2689.72,641.01,1.54,0.349,0.271,0.09,0.751,0.1889,0.1351,0.0633,0.0331,0.2107,0.0542,0.2877,0.0269
2717,0.531,3775.85,383.4,1.42,0.665,0.476,0.333,0.598,0.0244,0.007,0.0487,0.1221,0.2089,0.0932,0.199,0.2967
2718,0.806,2908.94,396.42,1.36,0.407,0.619,0.15,0.674,0.3494,0.0138,0.0238,0.1586,0.1089,0.0692,0.0689,0.2074
2719,0.229,1236.06,373.69,1.21,0.207,0.727,0.182,0.809,0.1462,0.1971,0.185,0.0015,0.1848,0.0848,0.1402,0.0605
2720,0.196,1347.04,210.99,1.45,0.304,0.757,0.02,0.902,0.2474,0.0924,0.0457,0.0129,0.26,0.1352,0.0314,0.175
2721,0.256,3300.63,453.52,1.3,0.459,0.636,0.498,0.953,0.4818,0.0053,0.0822,0.1107,0.0988,0.1271,0.0162,0.078
2722,0.161,1065.93,129.12,1.6,0.674,0.349,0.235,0.886,0.0628,0.0039,0.5136,0.3279,0.0091,0.0072,0.0613,0.0142
2723,0.383,4795.72,1015.83,1.57,0.333,0.602,0.429,0.506,0.0012,0.0133,0.2655,0.0596,0.4481,0.0499,0.0245,0.1379
2724,0.115,3697.54,1202.63,1.27,0.381,0.594,0.363,0.326,0.002,0.0737,0.0145,0.0522,0.0026,0.1502,0.6253,0.0794
2725,0.234,4437.22,739.85,1.41,0.582,0.594,0.113,0.686,0.3827,0.0208,0.1618,0.2279,0.0195,0.174,0.003,0.0103
2726,0.683,2829.73,660.06,1.24,0.287,0.298,0.369,0.99,0.0772,0.0675,0.2751,0.2963,0.1101,0.1381,0.0089,0.0269
2727,0.266,1681.14,489.08,1.45,0.415,0.357,0.255,0.737,0.1934,0.2668,0.0751,0.0301,0.1447,0.0225,0.2334,0.034
2728,0.635,2735.23,341.94,1.59,0.189,0.523,0.089,0.362,0.025,0.091,0.0065,0.1461,0.4073,0.2061,0.0703,0.0476
2729,0.836,3759.61,977.88,1.18,0.497,0.147,0.078,0.967,0.1914,0.0398,0.0177,0.0041,0.0701,0.3895,0.2104,0.077
2730,0.473,1677.59,198.19,1.28,0.398,0.327,0.43,0.796,0.0777,0.033,0.119,0.1492,0.0719,0.137,0.1653,0.2469
2731,0.18,1173.84,191.1,1.42,0.065,0.715,0.606,0.909,0.028,0.2791,0.0584,0.0545,0.3516,0.0584,0.0145,0.1555
2732,0.593,2072.1,604.83,1.19,0.5,0.806,0.227,0.343,0.0533,0.1862,0.1903,0.1381,0.0166,0.1354,0.2693,0.0108
2733,0.261,1411.17,205.83,1.43,0.035,0.36,0.625,0.947,0.1362,0.2681,0.1479,0.1438,0.0491,0.14,0.0557,0.0592
2734,0.41,3451.58,1208.01,1.52,0.422,0.417,0.23,0.75,0.0033,0.0224,0.0431,0.0373,0.2557,0.0433,0.3811,0.2138
2735,0.816,2023.76,425.16,1.37,0.197,0.244,0.132,0.408,0.4923,0.0219,0.022,0.2854,0.0898,0.0286,0.0002,0.0597
2736,0.27,2007.75,364.94,1.22,0.455,0.545,0.081,0.661,0.1155,0.1439,0.0304,0.3469,0.0013,0.2195,0.0599,0.0825
2737,0.469,3218.26,659.91,1.31,0.19,0.378,0.141,0.687,0.0209,0.1373,0.1199,0.12,0.0665,0.2544,0.0106,0.2703
2738,0.413,3512.32,423.58,1.22,0.402,0.264,0.516,0.568,0.075,0.1262,0.0847,0.3076,0.0691,0.3021,0.0043,0.0309
2739,0.479,2374.55,310.18,1.55,0.529,0.251,0.145,0.813,0.0456,0.336,0.0602,0.1448,0.135,0.077,0.1415,0.0599
2740,0.316,2317.89,450.59,1.4,0.168,0.382,0.441,0.419,0.3344,0.0696,0.2334,0.0187,0.0342,0.0401,0.2425,0.027
2741,0.693,1626.02,473.75,1.48,0.487,0.127,0.317,0.933,0.3196,0.0276,0.0573,0.0558,0.0896,0.1238,0.3239,0.0024
2742,0.539,3398.09,341.44,1.4,0.31,0.936,0.292,0.884,0.2827,0.2045,0.1641,0.1469,0.0885,0.0043,0.0194,0.0896
2743,0.594,3849.5,532.51,1.59,0.263,0.556,0.081,0.612,0.0046,0.3891,0.0481,0.0377,0.2107,0.2316,0.0294,0.0487
2744,0.155,849.04,110.46,1.58,0.722,0.728,0.192,0.601,0.1598,0.1742,0.0008,0.0466,0.1483,0.1684,0.1581,0.1437
2745,0.059,3396.68,727.65,1.37,0.631,0.609,0.089,0.605,0.1896,0.3145,0.0525,0.0378,0.003,0.2254,0.0145,0.1627
2746,0.633,1790.36,366.31,1.19,0.115,0.669,0.042,0.448,0.0273,0.0724,0.1059,0.1971,0.03,0.2434,0.2772,0.0467
2747,0.525,2841.26,726.02,1.48,0.429,0.486,0.589,0.678,0.0863,0.0811,0.3734,0.0239,0.2441,0.0619,0.0556,0.0736
2748,0.166,1864.0,338.63,1.46,0.304,0.632,0.284,0.787,0.2225,0.0443,0.0696,0.0065,0.0626,0.3868,0.0815,0.1262
2749,0.661,2346.32,338.1,1.38,0.523,0.669,0.393,0.784,0.4001,0.0098,0.006,0.0003,0.047,0.0458,0.2908,0.2001
2750,0.657,2208.26,576.86,1.22,0.644,0.752,0.271,0.85,0.0062,0.1833,0.0466,0.0157,0.0931,0.1742,0.3799,0.1011
2751,0.324,1342.76,362.54,1.52,0.18,0.655,0.196,0.67,0.0459,0.3137,0.0252,0.1905,0.3092,0.0519,0.0568,0.0068
2752,0.69,3006.96,737.58,1.2,0.862,0.404,0.53,0.936,0.4299,0.0438,0.0432,0.1509,0.0327,0.1463,0.0144,0.1387
2753,0.727,2214.7,569.82,1.26,0.377,0.75,0.206,0.434,0.1482,0.0279,0.0973,0.2219,0.164,0.037,0.1068,0.1969
2754,0.382,1224.69,242.42,1.42,0.211,0.342,0.208,0.884,0.232,0.3421,0.1434,0.0923,0.044,0.0859,0.0503,0.0099
2755,0.716,1632.22,222.03,1.36,0.713,0.753,0.415,0.636,0.1271,0.1267,0.1129,0.3782,0.0366,0.0962,0.0075,0.1149
2756,0.502,1318.72,441.02,1.53,0.005,0.437,0.597,0.721,0.0187,0.1512,0.0469,0.4377,0.0332,0.0573,0.167,0.088
2757,0.652,1939.56,240.43,1.53,0.447,0.51,0.103,0.682,0.0298,0.0919,0.0004,0.1514,0.523,0.1169,0.0578,0.0289
2758,0.784,3097.78,926.93,1.21,0.217,0.171,0.166,0.635,0.2292,0.0146,0.0917,0.2888,0.0872,0.0703,0.0594,0.1588
2759,0.243,1429.02,310.12,1.4,0.081,0.559,0.143,0.537,0.0212,0.0506,0.0783,0.1095,0.0143,0.3305,0.2218,0.1739
2760,0.28,2871.43,663.49,1.18,0.449,0.631,0.342,0.322,0.0442,0.3398,0.1508,0.2677,0.0091,0.1287,0.0403,0.0194
2761,0.838,2495.32,407.82,1.5,0.588,0.295,0.356,0.714,0.0454,0.0655,0.0195,0.0744,0.2101,0.2828,0.0749,0.2273
2762,0.454,1918.7,589.89,1.29,0.358,0.522,0.567,0.532,0.0049,0.0173,0.1571,0.3054,0.4145,0.0118,0.0105,0.0785
2763,0.558,2295.16,702.44,1.51,0.011,0.891,0.601,0.455,0.012,0.0365,0.3195,0.1423,0.0208,0.1133,0.0641,0.2916
2764,0.492,3843.69,1037.36,1.41,0.239,0.421,0.095,0.885,0.0337,0.1212,0.486,0.2092,0.0303,0.0659,0.0017,0.052
2765,0.272,1117.69,195.24,1.43,0.193,0.318,0.058,0.632,0.106,0.2107,0.2978,0.1303,0.0753,0.0148,0.0585,0.1066
2766,0.621,4568.08,809.92,1.54,0.623,0.803,0.16,0.659,0.0693,0.0121,0.1051,0.1988,0.2102,0.113,0.1723,0.1192
2767,0.572,3371.71,922.19,1.24,0.254,0.155,0.542,0.558,0.0637,0.1163,0.3848,0.1313,0.1076,0.0627,0.1225,0.011
2768,0.485,2172.58,228.99,1.39,0.131,0.868,0.434,0.802,0.0884,0.0319,0.044,0.4023,0.0376,0.031,0.3243,0.0405
2769,0.223,3011.36,1051.65,1.17,0.091,0.432,0.247,0.302,0.2499,0.0091,0.144,0.0005,0.1001,0.1756,0.2924,0.0285
2770,0.255,1682.68,188.78,1.49,0.533,0.258,0.462,0.53,0.0088,0.1018,0.0978,0.3688,0.0514,0.2405,0.0977,0.0333
2771,0.044,1860.33,406.4,1.32,0.232,0.867,0.09,0.655,0.1044,0.04,0.0116,0.0412,0.0644,0.2177,0.1256,0.395
2772,0.544,1821.62,563.3,1.21,0.41,0.456,0.091,0.82,0.21,0.3832,0.0214,0.0979,0.0699,0.2012,0.0058,0.0105
2773,0.163,2654.29,656.72,1.29,0.23,0.396,0.388,0.546,0.1476,0.0778,0.5387,0.0018,0.007,0.1891,0.0151,0.0229
2774,0.453,1622.28,342.49,1.55,0.166,0.518,0.054,0.649,0.0014,0.2099,0.1327,0.0078,0.0515,0.4505,0.145,0.0013
2775,0.716,2419.49,459.05,1.21,0.481,0.35,0.091,0.685,0.2312,0.347,0.1121,0.0193,0.0839,0.0223,0.1571,0.0271
2776,0.378,2705.88,413.26,1.16,0.23,0.571,0.12,0.703,0.0507,0.3539,0.0397,0.0227,0.1774,0.2476,0.0875,0.0205
2777,0.711,3746.71,1094.98,1.44,0.403,0.834,0.328,0.786,0.0529,0.0699,0.1074,0.2442,0.0017,0.2952,0.034,0.1947
2778,0.388,1493.93,409.2,1.39,0.736,0.76,0.122,0.795,0.0038,0.0151,0.3314,0.3809,0.1308,0.0215,0.003,0.1135
2779,0.318,2689.96,828.59,1.38,0.283,0.378,0.024,0.919,0.0002,0.0742,0.3531,0.1514,0.1334,0.0559,0.2122,0.0196
2780,0.636,1602.3,466.96,1.15,0.404,0.703,0.387,0.682,0.0445,0.1145,0.0426,0.0313,0.0304,0.0393,0.4618,0.2356
2781,0.764,1069.51,140.07,1.38,0.113,0.267,0.466,0.867,0.1115,0.007,0.3983,0.1042,0.184,0.0117,0.1445,0.0388
2782,0.473,1613.67,166.98,1.4,0.259,0.379,0.315,0.546,0.0041,0.366,0.0779,0.0006,0.3817,0.096,0.0135,0.0602
2783,0.33,2798.21,414.1,1.31,0.442,0.9,0.281,0.827,0.0191,0.1342,0.0427,0.5856,0.0627,0.0899,0.0375,0.0282
2784,0.588,2303.93,241.96,1.54,0.202,0.643,0.176,0.385,0.2609,0.1639,0.0329,0.0006,0.0211,0.0278,0.3162,0.1765
2785,0.453,1738.03,555.28,1.15,0.152,0.761,0.395,0.858,0.0331,0.1466,0.0472,0.0605,0.1822,0.1863,0.0745,0.2697
2786,0.742,2557.07,478.16,1.6,0.392,0.814,0.205,0.789,0.0155,0.0174,0.0316,0.4706,0.0372,0.0073,0.2507,0.1697
2787,0.584,2330.99,783.23,1.33,0.665,0.504,0.528,0.483,0.1556,0.0374,0.0734,0.0829,0.125,0.0612,0.4223,0.0422
2788,0.802,3299.4,436.91,1.2,0.751,0.477,0.701,0.665,0.095,0.1948,0.0764,0.007,0.2755,0.0208,0.3142,0.0162
2789,0.589,1216.01,323.62,1.34,0.425,0.111,0.546,0.863,0.1838,0.0242,0.0714,0.2225,0.0496,0.3178,0.0531,0.0776
2790,0.589,2224.06,269.56,1.34,0.643,0.437,0.386,0.556,0.0811,0.023,0.0312,0.0376,0.0321,0.1229,0.1637,0.5084
2791,0.708,2585.39,712.48,1.25,0.118,0.435,0.329,0.355,0.2526,0.1327,0.2168,0.0161,0.0604,0.049,0.2199,0.0525
2792,0.768,1466.71,153.19,1.46,0.416,0.345,0.08,0.559,0.229,0.0921,0.0374,0.2829,0.0354,0.0603,0.0369,0.2259
2793,0.624,1358.5,164.86,1.48,0.01,0.76,0.428,0.9,0.0382,0.4615,0.1896,0.0864,0.1349,0.0155,0.057,0.0169
2794,0.269,1668.98,276.12,1.55,0.437,0.863,0.162,0.343,0.1143,0.2451,0.01,0.0152,0.0434,0.0711,0.4926,0.0083
2795,0.601,2339.18,562.54,1.53,0.155,0.725,0.217,0.766,0.3312,0.012,0.0097,0.0486,0.2362,0.0748,0.2249,0.0627
2796,0.247,1913.71,434.81,1.54,0.078,0.437,0.306,0.912,0.5859,0.0121,0.0012,0.0948,0.0949,0.0438,0.0674,0.0999
2797,0.724,1984.71,514.53,1.39,0.196,0.367,0.368,0.909,0.12,0.0599,0.376,0.135,0.0999,0.0021,0.1989,0.0082
2798,0.591,1826.23,553.02,1.24,0.128,0.533,0.456,0.902,0.0479,0.0095,0.1201,0.1928,0.1318,0.2416,0.0022,0.2541
2799,0.697,2089.42,251.24,1.37,0.5,0.471,0.513,0.476,0.1345,0.0023,0.2869,0.1097,0.0179,0.2681,0.1241,0.0566
2800,0.111,1961.4,460.09,1.17,0.416,0.787,0.486,0.865,0.006,0.1572,0.1026,0.0632,0.4331,0.0201,0.0587,0.159
2801,0.437,3510.12,585.6,1.57,0.085,0.487,0.279,0.865,0.1224,0.0971,0.1473,0.0736,0.3278,0.1552,0.0169,0.0596
2802,0.503,910.59,204.26,1.42,0.602,0.551,0.19,0.407,0.3091,0.2027,0.0738,0.0548,0.0992,0.2507,0.0078,0.0019
2803,0.786,3276.97,393.03,1.55,0.32,0.521,0.274,0.866,0.1385,0.0189,0.0284,0.0605,0.1246,0.553,0.0267,0.0493
2804,0.745,2395.46,495.69,1.23,0.311,0.215,0.226,0.748,0.002,0.1085,0.104,0.164,0.1108,0.3176,0.1278,0.0652
2805,0.564,2821.35,534.59,1.22,0.235,0.52,0.126,0.646,0.0766,0.017,0.0806,0.3152,0.1598,0.1259,0.1962,0.0287
2806,0.861,4249.73,1403.18,1.16,0.164,0.101,0.236,0.709,0.0026,0.0005,0.1121,0.0851,0.0891,0.0202,0.4954,0.1949
2807,0.824,1922.43,235.18,1.38,0.596,0.388,0.114,0.806,0.1116,0.0557,0.1254,0.0584,0.4349,0.0254,0.0386,0.1502
2808,0.67,3522.76,441.26,1.49,0.449,0.373,0.192,0.793,0.0595,0.0005,0.1074,0.1867,0.2155,0.0568,0.2082,0.1653
2809,0.697,1481.65,316.3,1.56,0.361,0.199,0.329,0.836,0.0255,0.1114,0.5379,0.0679,0.0476,0.0869,0.0774,0.0455
2810,0.698,2576.12,870.69,1.34,0.588,0.512,0.346,0.607,0.0853,0.2518,0.0069,0.1047,0.1087,0.1287,0.1866,0.1273
2811,0.163,1636.49,483.46,1.41,0.179,0.626,0.497,0.653,0.0699,0.0428,0.1475,0.3011,0.0288,0.2046,0.1835,0.0219
2812,0.738,2543.27,458.42,1.25,0.175,0.56,0.436,0.792,0.1875,0.0639,0.0894,0.1329,0.2992,0.01,0.073,0.1441
2813,0.443,1441.53,401.73,1.27,0.588,0.303,0.541,0.798,0.0458,0.0386,0.0029,0.0856,0.2669,0.1945,0.3529,0.0127
2814,0.886,3184.78,381.67,1.37,0.306,0.472,0.121,0.724,0.0127,0.0363,0.1824,0.0728,0.1578,0.2502,0.0283,0.2595
2815,0.419,3981.94,1376.44,1.57,0.354,0.522,0.345,0.699,0.1239,0.0225,0.0669,0.0771,0.1747,0.2012,0.2496,0.0841
2816,0.503,1500.03,217.73,1.28,0.217,0.071,0.427,0.617,0.0208,0.0005,0.0044,0.0234,0.0389,0.1591,0.0283,0.7246
2817,0.607,2522.52,356.22,1.15,0.428,0.464,0.312,0.632,0.1653,0.0249,0.1534,0.3496,0.0713,0.1277,0.0199,0.0879
2818,0.625,3323.59,341.63,1.38,0.131,0.705,0.224,0.478,0.0243,0.0846,0.0507,0.0017,0.1811,0.0968,0.491,0.0699
2819,0.593,2061.52,357.67,1.39,0.206,0.233,0.521,0.811,0.1742,0.0093,0.1186,0.0161,0.2772,0.008,0.3071,0.0895
2820,0.646,4109.35,478.77,1.2,0.343,0.676,0.285,0.45,0.0676,0.1872,0.1013,0.0116,0.3172,0.0347,0.1954,0.085
2821,0.316,1673.86,556.52,1.31,0.679,0.444,0.161,0.624,0.0598,0.0031,0.6224,0.0209,0.0806,0.0054,0.12,0.0878
2822,0.242,1812.26,342.74,1.25,0.312,0.427,0.617,0.862,0.0492,0.0499,0.0256,0.4073,0.0352,0.4156,0.0037,0.0134
2823,0.432,1430.2,332.56,1.42,0.261,0.391,0.329,0.759,0.1455,0.0755,0.0475,0.0328,0.4568,0.0124,0.1178,0.1117
2824,0.603,2455.08,402.51,1.54,0.121,0.6,0.297,0.463,0.1573,0.25,0.0059,0.0177,0.0003,0.4366,0.0833,0.0489
2825,0.251,1911.84,262.95,1.46,0.417,0.658,0.244,0.391,0.0189,0.0786,0.3383,0.062,0.0958,0.0546,0.3107,0.0412
2826,0.487,2829.26,329.65,1.49,0.435,0.496,0.779,0.834,0.033,0.1648,0.1882,0.0071,0.0595,0.3796,0.0874,0.0804
2827,0.368,1589.49,343.76,1.5,0.376,0.304,0.377,0.994,0.0709,0.4363,0.089,0.0218,0.1451,0.0054,0.0907,0.1407
2828,0.24,1443.25,266.27,1.15,0.227,0.58,0.43,0.965,0.0365,0.021,0.0249,0.6103,0.0591,0.0919,0.1305,0.0258
2829,0.955,3318.25,792.45,1.38,0.667,0.332,0.745,0.354,0.0398,0.1661,0.0346,0.0043,0.0603,0.2068,0.0702,0.4177
2830,0.654,4187.51,1368.92,1.28,0.282,0.301,0.018,0.704,0.0209,0.0132,0.2432,0.0313,0.1424,0.0017,0.4758,0.0715
2831,0.559,2933.38,1006.98,1.47,0.132,0.551,0.456,0.681,0.0037,0.2686,0.0101,0.3135,0.0796,0.2679,0.0436,0.013
2832,0.547,4743.38,1571.49,1.52,0.362,0.655,0.316,0.547,0.0512,0.1479,0.0034,0.1952,0.2441,0.1571,0.1272,0.0738
2833,0.088,2138.34,375.71,1.24,0.338,0.504,0.386,0.702,0.1333,0.0347,0.1352,0.0468,0.0158,0.0434,0.4504,0.1404
2834,0.141,2187.59,251.85,1.57,0.214,0.71,0.357,0.355,0.1922,0.0141,0.3315,0.1497,0.1131,0.0553,0.0294,0.1148
2835,0.675,3176.36,738.79,1.55,0.652,0.256,0.132,0.723,0.1487,0.0206,0.0247,0.0817,0.1119,0.1129,0.4532,0.0463
2836,0.681,4402.7,1138.31,1.51,0.239,0.236,0.105,0.713,0.5202,0.1694,0.0233,0.0113,0.0162,0.047,0.2118,0.0008
2837,0.777,4172.73,544.18,1.56,0.182,0.557,0.061,0.688,0.1756,0.0468,0.0118,0.1226,0.1533,0.2508,0.2364,0.0028
2838,0.62,1525.51,424.45,1.16,0.422,0.121,0.662,0.685,0.431,0.1163,0.08,0.1118,0.0649,0.0915,0.015,0.0894
2839,0.48,3010.83,340.69,1.28,0.187,0.621,0.164,0.4,0.029,0.3211,0.2626,0.0002,0.0547,0.1221,0.0658,0.1446
2840,0.6,2591.42,410.33,1.19,0.218,0.198,0.477,0.955,0.0031,0.1624,0.0574,0.0647,0.2757,0.0996,0.3229,0.0141
2841,0.247,1761.78,592.77,1.6,0.146,0.523,0.046,0.717,0.0181,0.2493,0.0007,0.0333,0.006,0.234,0.0659,0.3927
2842,0.555,1119.85,322.93,1.33,0.294,0.59,0.409,0.473,0.1181,0.0671,0.3588,0.0527,0.0671,0.1009,0.0632,0.1721
2843,0.771,1369.56,405.45,1.57,0.452,0.75,0.449,0.763,0.413,0.0352,0.0843,0.1051,0.0017,0.146,0.0133,0.2013
2844,0.562,1973.76,638.19,1.41,0.464,0.47,0.475,0.697,0.0003,0.0516,0.0548,0.4901,0.0017,0.1704,0.2262,0.0049
2845,0.475,1213.32,221.8,1.54,0.085,0.364,0.52,0.668,0.0466,0.0708,0.0211,0.2995,0.0597,0.162,0.2833,0.057
2846,0.45,1873.12,474.45,1.26,0.228,0.438,0.188,0.897,0.0985,0.069,0.2399,0.1502,0.2804,0.0456,0.0362,0.0802
2847,0.916,3607.4,966.96,1.2,0.068,0.691,0.421,0.762,0.2489,0.2095,0.0181,0.0098,0.2676,0.0529,0.1424,0.0508
2848,0.429,1683.27,442.04,1.21,0.345,0.466,0.428,0.582,0.258,0.0853,0.1062,0.0557,0.3932,0.0188,0.0736,0.0093
2849,0.507,2293.67,344.97,1.49,0.794,0.349,0.408,0.62,0.182,0.0422,0.1321,0.1239,0.0518,0.0043,0.3516,0.1121
2850,0.474,1419.99,162.52,1.34,0.329,0.762,0.308,0.769,0.4564,0.0909,0.0067,0.0121,0.0466,0.2838,0.0601,0.0435
2851,0.673,2724.89,520.82,1.27,0.606,0.66,0.435,0.565,0.6373,0.0035,0.0908,0.0704,0.0946,0.0053,0.0252,0.0729
2852,0.344,2476.5,813.54,1.48,0.245,0.594,0.232,0.681,0.0104,0.1883,0.0219,0.0625,0.0362,0.0038,0.0534,0.6234
2853,0.395,1178.89,305.32,1.27,0.26,0.559,0.104,0.765,0.0034,0.1299,0.496,0.1119,0.1189,0.033,0.0056,0.1013
2854,0.621,1743.06,335.88,1.54,0.322,0.496,0.056,0.678,0.0038,0.2063,0.0286,0.1119,0.0619,0.3486,0.0554,0.1836
2855,0.819,1562.52,301.38,1.19,0.188,0.699,0.154,0.629,0.0001,0.3935,0.0917,0.0483,0.0117,0.1858,0.0335,0.2354
2856,0.864,3246.12,810.34,1.29,0.507,0.637,0.428,0.612,0.0974,0.0415,0.1137,0.1278,0.1214,0.1324,0.3548,0.0108
2857,0.607,2496.95,843.74,1.28,0.109,0.385,0.245,0.727,0.003,0.0067,0.1855,0.1917,0.1751,0.0184,0.3568,0.0628
2858,0.166,1771.82,307.03,1.56,0.688,0.625,0.351,0.369,0.1126,0.068,0.2738,0.031,0.0416,0.4453,0.0077,0.0201
2859,0.379,1960.39,402.36,1.36,0.264,0.646,0.384,0.473,0.2391,0.0007,0.0508,0.0392,0.0296,0.3417,0.2841,0.0149
2860,0.68,2760.57,963.67,1.43,0.413,0.837,0.03,0.638,0.0613,0.0983,0.0804,0.0551,0.2295,0.2363,0.0244,0.2148
2861,0.746,2874.89,678.07,1.54,0.627,0.287,0.131,0.864,0.3332,0.1477,0.0346,0.2496,0.0009,0.116,0.1147,0.0032
2862,0.441,1753.93,394.13,1.48,0.634,0.464,0.106,0.803,0.1704,0.4958,0.0063,0.0237,0.0084,0.043,0.118,0.1343
2863,0.462,1678.08,444.21,1.33,0.533,0.778,0.195,0.625,0.2818,0.2944,0.051,0.1936,0.1339,0.0347,0.0066,0.0039
2864,0.721,2417.54,700.16,1.34,0.438,0.839,0.193,0.55,0.0053,0.034,0.1819,0.3954,0.0481,0.1512,0.0201,0.164
2865,0.215,1730.0,336.57,1.55,0.094,0.778,0.055,0.624,0.1387,0.1426,0.1248,0.2207,0.0406,0.2459,0.0673,0.0193
2866,0.067,3848.74,1192.7,1.48,0.565,0.116,0.214,0.786,0.3075,0.0973,0.0467,0.1465,0.0116,0.1752,0.0536,0.1617
2867,0.232,1618.24,257.89,1.19,0.789,0.379,0.104,0.705,0.144,0.0911,0.0246,0.0254,0.1031,0.3409,0.1039,0.167
2868,0.322,2239.7,267.45,1.49,0.429,0.154,0.12,0.753,0.2102,0.0121,0.1369,0.072,0.1397,0.2017,0.1618,0.0655
2869,0.295,2364.04,557.21,1.23,0.483,0.198,0.067,0.582,0.1414,0.2247,0.2602,0.1138,0.1228,0.1156,0.0153,0.0063
2870,0.175,3183.71,792.75,1.51,0.458,0.808,0.35,0.563,0.0882,0.0061,0.0506,0.2332,0.0812,0.1482,0.2882,0.1043
2871,0.472,1572.7,278.67,1.4,0.151,0.656,0.511,0.456,0.0121,0.0207,0.0894,0.3031,0.4023,0.129,0.0246,0.0187
2872,0.468,3709.06,634.69,1.46,0.24,0.426,0.193,0.848,0.4392,0.078,0.1737,0.0593,0.0018,0.0554,0.0008,0.1919
2873,0.515,2100.27,456.23,1.43,0.361,0.515,0.033,0.95,0.0178,0.1142,0.2853,0.2465,0.1497,0.1508,0.0196,0.016
2874,0.392,5656.09,1255.31,1.3,0.281,0.483,0.128,0.855,0.1279,0.1661,0.2984,0.0678,0.2116,0.0004,0.1071,0.0208
2875,0.489,2539.3,755.38,1.55,0.044,0.497,0.473,0.794,0.0239,0.092,0.031,0.3989,0.258,0.0063,0.0306,0.1592
2876,0.21,1137.63,294.5,1.59,0.181,0.619,0.175,0.629,0.0242,0.0234,0.0054,0.3866,0.186,0.06,0.0002,0.3142
2877,0.593,2145.96,663.88,1.45,0.254,0.804,0.252,0.833,0.2195,0.0252,0.1658,0.1841,0.0079,0.0772,0.189,0.1313
2878,0.622,4022.22,1094.57,1.25,0.13,0.436,0.213,0.882,0.0834,0.019,0.0156,0.1325,0.3243,0.0007,0.1294,0.2952
2879,0.69,2518.63,394.57,1.31,0.224,0.369,0.242,0.627,0.0112,0.0321,0.0567,0.1376,0.0865,0.2348,0.2049,0.2362
2880,0.43,2074.5,637.51,1.16,0.592,0.397,0.227,0.571,0.2869,0.234,0.015,0.0583,0.0257,0.0081,0.3529,0.0191
2881,0.794,3417.28,539.65,1.35,0.328,0.208,0.26,0.374,0.0913,0.0979,0.0327,0.0236,0.1538,0.0224,0.3125,0.2659
2882,0.628,2058.71,500.79,1.52,0.348,0.732,0.497,0.51,0.5045,0.007,0.0821,0.2083,0.0404,0.1022,0.0553,0.0003
2883,0.631,2175.93,348.34,1.44,0.675,0.425,0.232,0.498,0.3074,0.1532,0.0161,0.0003,0.0227,0.0827,0.1943,0.2234
2884,0.563,1565.86,358.61,1.28,0.282,0.313,0.359,0.896,0.1573,0.0744,0.0229,0.021,0.1705,0.1737,0.0048,0.3755
2885,0.462,4320.39,848.34,1.16,0.712,0.614,0.127,0.855,0.1867,0.0665,0.0888,0.0475,0.3118,0.0107,0.1271,0.1608
2886,0.731,1525.46,350.2,1.28,0.078,0.213,0.196,0.425,0.0476,0.0337,0.1032,0.1207,0.0036,0.4239,0.237,0.0303
2887,0.378,2207.08,495.97,1.18,0.346,0.35,0.327,0.475,0.0843,0.0446,0.3967,0.0021,0.3769,0.0253,0.0015,0.0687
2888,0.34,2443.69,501.99,1.48,0.479,0.842,0.065,0.384,0.253,0.0697,0.0398,0.2731,0.1292,0.0004,0.0728,0.1621
2889,0.181,1815.49,537.4,1.57,0.173,0.502,0.197,0.583,0.279,0.0595,0.3873,0.0017,0.01,0.0267,0.2085,0.0274
2890,0.597,1408.69,417.49,1.25,0.419,0.418,0.227,0.297,0.1008,0.0411,0.0711,0.2945,0.0701,0.024,0.0361,0.3624
2891,0.691,1636.33,335.62,1.3,0.495,0.393,0.109,0.808,0.0071,0.4218,0.124,0.0377,0.0277,0.0738,0.1338,0.1742
2892,0.727,3060.34,957.63,1.43,0.184,0.488,0.23,0.681,0.0064,0.2085,0.1782,0.3649,0.0358,0.0557,0.0122,0.1383
2893,0.258,1403.52,268.31,1.2,0.222,0.722,0.074,0.774,0.046,0.1324,0.0504,0.0001,0.2095,0.0845,0.0548,0.4223
2894,0.535,982.72,240.05,1.47,0.182,0.387,0.368,0.708,0.2606,0.0315,0.1018,0.1182,0.0219,0.0756,0.0734,0.3171
2895,0.787,2983.39,382.04,1.38,0.218,0.318,0.414,0.75,0.1078,0.1402,0.154,0.0101,0.0081,0.1125,0.0769,0.3904
2896,0.566,1614.33,500.54,1.59,0.394,0.367,0.515,0.633,0.053,0.0988,0.4752,0.0376,0.038,0.0387,0.0183,0.2404
2897,0.542,2909.15,416.14,1.2,0.45,0.518,0.179,0.848,0.0001,0.0521,0.0181,0.2988,0.0871,0.1471,0.0562,0.3405
2898,0.757,2323.99,596.32,1.18,0.043,0.676,0.386,0.759,0.0197,0.2982,0.0982,0.0722,0.2319,0.1283,0.0383,0.1133
2899,0.435,1928.8,647.39,1.21,0.382,0.273,0.505,0.701,0.0025,0.0007,0.0312,0.0167,0.1052,0.1073,0.1994,0.5368
2900,0.341,2060.0,381.49,1.38,0.289,0.41,0.266,0.707,0.5096,0.0983,0.0108,0.0527,0.2186,0.0297,0.0077,0.0726
2901,0.71,1562.0,238.76,1.41,0.118,0.367,0.177,0.674,0.2369,0.0143,0.0032,0.3993,0.2184,0.0022,0.0448,0.0809
2902,0.78,1830.6,431.36,1.34,0.134,0.578,0.18,0.424,0.0757,0.02,0.2222,0.0007,0.2935,0.1687,0.0437,0.1754
2903,0.548,2043.75,639.03,1.42,0.451,0.753,0.417,0.734,0.0878,0.2047,0.4491,0.0036,0.0977,0.0038,0.1193,0.034
2904,0.296,1242.16,400.4,1.52,0.026,0.412,0.13,0.649,0.002,0.001,0.1927,0.232,0.1398,0.1818,0.1772,0.0735
2905,0.606,3110.16,486.45,1.54,0.147,0.745,0.186,0.443,0.3403,0.0089,0.0041,0.0519,0.263,0.1284,0.1183,0.0851
2906,0.434,1883.33,646.53,1.22,0.263,0.704,0.456,0.6,0.0255,0.1537,0.0361,0.0297,0.0687,0.0257,0.5739,0.0868
2907,0.638,1330.52,327.67,1.34,0.617,0.621,0.278,0.967,0.5505,0.3031,0.0057,0.084,0.0002,0.0066,0.0145,0.0354
2908,0.324,1597.38,416.41,1.2,0.082,0.667,0.294,0.593,0.0061,0.1359,0.0143,0.106,0.2943,0.0288,0.1243,0.2903
2909,0.484,2280.55,369.98,1.3,0.508,0.608,0.065,0.594,0.3851,0.0552,0.0118,0.2475,0.0502,0.0667,0.02,0.1634
2910,0.524,1872.84,354.45,1.45,0.387,0.624,0.469,0.919,0.155,0.4355,0.1588,0.0784,0.0062,0.1402,0.0137,0.0123
2911,0.802,3019.35,384.82,1.37,0.35,0.645,0.057,0.983,0.1556,0.0671,0.0093,0.0439,0.0049,0.2459,0.043,0.4304
2912,0.786,3212.59,921.72,1.19,0.376,0.542,0.273,0.846,0.0777,0.1024,0.016,0.0932,0.1248,0.0266,0.4063,0.153
2913,0.417,5514.38,1039.16,1.23,0.276,0.36,0.332,0.605,0.0183,0.2456,0.0067,0.0002,0.0209,0.5005,0.0292,0.1785
2914,0.869,4204.72,1062.62,1.43,0.671,0.474,0.428,0.756,0.0836,0.7198,0.0004,0.0043,0.0525,0.0411,0.0444,0.0538
2915,0.287,1014.68,297.62,1.23,0.295,0.289,0.205,0.939,0.0039,0.1453,0.0174,0.1556,0.332,0.3372,0.0001,0.0085
2916,0.758,2181.67,547.69,1.48,0.488,0.587,0.13,0.909,0.0653,0.4868,0.1287,0.129,0.123,0.0437,0.0169,0.0067
2917,0.371,1846.04,261.2,1.52,0.549,0.339,0.245,0.579,0.2065,0.1307,0.0009,0.2328,0.2768,0.0098,0.0972,0.0452
2918,0.362,2571.1,337.84,1.29,0.229,0.327,0.523,0.298,0.164,0.0371,0.0444,0.0073,0.0095,0.2357,0.3815,0.1205
2919,0.541,1555.18,328.28,1.53,0.888,0.247,0.363,0.758,0.0852,0.0989,0.0549,0.1633,0.0293,0.2186,0.1623,0.1875
2920,0.389,1678.48,349.52,1.26,0.573,0.372,0.21,0.884,0.0264,0.218,0.0246,0.3989,0.1375,0.0598,0.0222,0.1124
2921,0.79,1555.35,284.27,1.53,0.752,0.407,0.402,0.548,0.1161,0.4419,0.1366,0.1401,0.0075,0.0824,0.017,0.0584
2922,0.501,1737.21,198.7,1.4,0.353,0.202,0.168,0.729,0.1377,0.0341,0.037,0.0428,0.1831,0.1364,0.2287,0.2003
2923,0.651,1907.34,277.82,1.2,0.409,0.63,0.22,0.665,0.1158,0.0291,0.0505,0.0005,0.5981,0.0365,0.1209,0.0486
2924,0.47,1917.76,448.46,1.55,0.568,0.636,0.119,0.733,0.199,0.0393,0.048,0.1051,0.1499,0.0031,0.4351,0.0206
2925,0.635,1475.53,496.38,1.33,0.249,0.47,0.302,0.555,0.31,0.0331,0.1533,0.0127,0.1684,0.1088,0.0918,0.1219
2926,0.603,3455.9,540.83,1.15,0.221,0.555,0.21,0.829,0.136,0.1179,0.0915,0.0015,0.3848,0.0737,0.1596,0.0349
2927,0.46,2610.49,285.3,1.32,0.612,0.497,0.205,0.673,0.0726,0.021,0.2365,0.2262,0.0115,0.0327,0.0402,0.3592
2928,0.356,1140.36,161.25,1.34,0.223,0.839,0.619,0.412,0.1566,0.0002,0.1599,0.0844,0.0441,0.4197,0.0082,0.127
2929,0.37,2074.67,515.28,1.46,0.237,0.417,0.152,0.632,0.0659,0.2259,0.0548,0.3701,0.0096,0.0181,0.2163,0.0394
2930,0.266,1030.7,150.15,1.3,0.525,0.393,0.434,0.569,0.0416,0.1449,0.0085,0.1784,0.3797,0.0215,0.013,0.2125
2931,0.826,4452.63,606.48,1.5,0.46,0.748,0.179,0.509,0.0959,0.0024,0.1834,0.0476,0.2855,0.313,0.0411,0.0311
2932,0.45,4097.91,1273.05,1.6,0.241,0.784,0.524,0.387,0.029,0.1679,0.0024,0.272,0.0212,0.1891,0.3082,0.0103
2933,0.249,1865.13,457.89,1.27,0.214,0.518,0.114,0.746,0.139,0.0245,0.0047,0.1124,0.3073,0.1309,0.1514,0.1299
2934,0.208,1320.36,442.14,1.16,0.46,0.759,0.339,0.733,0.1898,0.1047,0.0282,0.2084,0.0435,0.2141,0.0311,0.1801
2935,0.605,1790.55,518.04,1.51,0.1,0.535,0.213,0.647,0.0543,0.0764,0.2816,0.0608,0.0049,0.0617,0.2988,0.1616
2936,0.35,1692.08,300.82,1.34,0.134,0.575,0.245,0.514,0.0123,0.1259,0.0186,0.4055,0.266,0.0961,0.0553,0.0203
2937,0.722,2373.84,580.52,1.4,0.487,0.117,0.274,0.778,0.2157,0.0313,0.0937,0.1097,0.2023,0.1954,0.0584,0.0934
2938,0.343,3494.2,640.11,1.42,0.369,0.166,0.173,0.519,0.0281,0.3495,0.0292,0.0584,0.1275,0.0289,0.2939,0.0845
2939,0.425,3106.07,325.52,1.32,0.45,0.534,0.274,0.815,0.0482,0.0302,0.0752,0.0687,0.3696,0.3268,0.0085,0.0727
2940,0.508,3272.91,683.93,1.54,0.417,0.517,0.29,0.471,0.4298,0.102,0.0654,0.0147,0.0975,0.1693,0.1043,0.0171
2941,0.393,2227.19,762.37,1.52,0.278,0.629,0.092,0.858,0.3415,0.1712,0.0289,0.1977,0.2017,0.0289,0.0131,0.0171
2942,0.667,1519.79,454.99,1.53,0.532,0.556,0.52,0.566,0.0352,0.433,0.0673,0.2578,0.0409,0.0771,0.0322,0.0565
2943,0.687,1789.07,182.42,1.32,0.477,0.49,0.362,0.876,0.0216,0.0214,0.1376,0.2421,0.2383,0.0222,0.3123,0.0046
2944,0.758,2581.73,487.3,1.51,0.638,0.165,0.135,0.967,0.0375,0.367,0.2568,0.2169,0.0478,0.0055,0.0432,0.0253
2945,0.582,1427.96,388.1,1.45,0.241,0.413,0.692,0.585,0.0856,0.1902,0.0286,0.2803,0.1665,0.0586,0.0364,0.1538
2946,0.604,2636.12,710.79,1.21,0.524,0.269,0.449,0.583,0.0201,0.0067,0.2163,0.0012,0.064,0.0783,0.6124,0.0009
2947,0.723,3419.89,550.03,1.3,0.228,0.692,0.594,0.262,0.0454,0.1336,0.0373,0.3242,0.1504,0.249,0.0047,0.0554
2948,0.33,2492.97,500.26,1.33,0.49,0.636,0.213,0.646,0.0014,0.0238,0.0425,0.2259,0.0095,0.2496,0.2987,0.1486
2949,0.872,3253.48,923.52,1.52,0.597,0.781,0.225,0.763,0.2878,0.0545,0.2193,0.1606,0.0415,0.0531,0.06,0.1233
2950,0.485,1038.85,350.84,1.32,0.066,0.415,0.081,0.727,0.2016,0.0024,0.0246,0.1049,0.027,0.1156,0.043,0.4809
2951,0.797,4376.03,791.72,1.4,0.207,0.8,0.321,0.408,0.0065,0.0839,0.0227,0.0244,0.2314,0.0068,0.3055,0.3188
2952,0.275,1035.33,127.96,1.55,0.613,0.96,0.141,0.677,0.102,0.224,0.3876,0.0435,0.0315,0.0498,0.0455,0.116
2953,0.613,2206.12,567.65,1.51,0.438,0.312,0.324,0.904,0.1848,0.0421,0.0142,0.291,0.1989,0.1658,0.0084,0.0948
2954,0.732,3187.47,651.68,1.29,0.193,0.648,0.245,0.629,0.042,0.0661,0.1746,0.4292,0.1146,0.0339,0.0816,0.0579
2955,0.452,2483.28,603.93,1.24,0.05,0.231,0.119,0.613,0.5256,0.0681,0.0698,0.0229,0.0329,0.0001,0.1848,0.0958
2956,0.246,1141.54,197.97,1.51,0.267,0.059,0.238,0.479,0.1105,0.0104,0.2891,0.0324,0.0052,0.0404,0.4527,0.0592
2957,0.166,1164.42,289.47,1.3,0.802,0.494,0.281,0.916,0.1405,0.0477,0.0555,0.0977,0.2319,0.1956,0.1154,0.1158
2958,0.298,2205.36,305.87,1.4,0.115,0.656,0.229,0.784,0.0935,0.2505,0.1021,0.121,0.3639,0.0221,0.024,0.023
2959,0.591,2845.17,326.23,1.24,0.411,0.37,0.303,0.469,0.1314,0.0751,0.3553,0.1637,0.0978,0.0009,0.0807,0.0952
2960,0.829,1673.85,527.63,1.35,0.208,0.917,0.193,0.629,0.1022,0.0101,0.1239,0.252,0.0563,0.245,0.1046,0.1059
2961,0.31,2316.83,249.18,1.3,0.113,0.668,0.013,0.828,0.0729,0.0998,0.2653,0.066,0.1445,0.247,0.0926,0.0118
2962,0.152,976.11,193.42,1.23,0.537,0.467,0.356,0.471,0.315,0.3074,0.0542,0.0649,0.0604,0.0152,0.0993,0.0836
2963,0.454,2765.67,562.17,1.46,0.154,0.394,0.021,0.574,0.0068,0.6737,0.0364,0.0135,0.0503,0.0088,0.1898,0.0207
2964,0.347,1422.0,309.03,1.46,0.493,0.329,0.253,0.717,0.1473,0.151,0.2228,0.0009,0.0169,0.321,0.0651,0.075
2965,0.254,1975.09,661.71,1.17,0.137,0.495,0.686,0.833,0.0435,0.4402,0.0074,0.1875,0.0526,0.0865,0.1241,0.0582
2966,0.283,1880.47,369.08,1.46,0.512,0.222,0.623,0.685,0.0568,0.1664,0.2874,0.0238,0.0135,0.2773,0.1615,0.0133
2967,0.78,4051.88,1046.92,1.47,0.348,0.281,0.349,0.638,0.0691,0.0879,0.3709,0.0431,0.1714,0.1558,0.0278,0.0739
2968,0.268,2126.61,465.03,1.49,0.224,0.282,0.268,0.757,0.2163,0.0613,0.2067,0.2245,0.0964,0.0094,0.0044,0.181
2969,0.793,2016.81,530.85,1.23,0.5,0.773,0.403,0.246,0.1031,0.2338,0.1012,0.1146,0.1433,0.0823,0.0379,0.1839
2970,0.437,2463.51,846.94,1.34,0.301,0.578,0.355,0.625,0.0181,0.249,0.1024,0.1912,0.0398,0.0015,0.2702,0.1277
2971,0.605,5503.28,1804.62,1.36,0.339,0.305,0.047,0.409,0.2752,0.0261,0.221,0.0016,0.0289,0.0715,0.3754,0.0004
2972,0.354,2734.8,902.53,1.15,0.196,0.731,0.146,0.678,0.2417,0.2649,0.033,0.1962,0.1133,0.0117,0.0798,0.0594
2973,0.667,2354.67,706.66,1.41,0.475,0.412,0.238,0.512,0.0091,0.4099,0.2613,0.0526,0.0077,0.0074,0.0986,0.1534
2974,0.319,1426.86,369.85,1.18,0.352,0.216,0.176,0.803,0.2766,0.0967,0.1911,0.0789,0.1384,0.0488,0.0902,0.0794
2975,0.523,1748.03,446.07,1.42,0.064,0.095,0.415,0.445,0.1544,0.0632,0.1569,0.1025,0.2986,0.0702,0.0055,0.1488
2976,0.303,2587.75,639.8,1.6,0.532,0.472,0.081,0.851,0.3007,0.0672,0.1185,0.0547,0.0844,0.0429,0.261,0.0706
2977,0.439,1498.52,228.02,1.23,0.118,0.445,0.055,0.762,0.0462,0.0055,0.1387,0.2357,0.0132,0.0009,0.5145,0.0454
2978,0.502,2213.9,665.42,1.25,0.2,0.428,0.154,0.372,0.1493,0.156,0.0707,0.0383,0.3716,0.0182,0.176,0.0199
2979,0.773,4511.39,1232.22,1.59,0.364,0.543,0.661,0.626,0.0162,0.008,0.5002,0.1045,0.0667,0.1769,0.1212,0.0063
2980,0.484,2326.29,624.43,1.2,0.492,0.499,0.288,0.931,0.097,0.3726,0.0726,0.1979,0.0504,0.0452,0.0642,0.0999
2981,0.614,1524.25,418.97,1.32,0.327,0.859,0.432,0.913,0.1361,0.0416,0.0847,0.215,0.0037,0.4604,0.0162,0.0423
2982,0.601,5569.75,1548.51,1.37,0.237,0.791,0.441,0.841,0.4983,0.134,0.1189,0.0057,0.0363,0.0774,0.034,0.0954
2983,0.364,4139.41,582.36,1.38,0.387,0.731,0.266,0.731,0.0454,0.0492,0.4295,0.0684,0.008,0.0534,0.0738,0.2722
2984,0.565,2796.18,903.77,1.5,0.463,0.214,0.147,0.842,0.09,0.0336,0.0011,0.0766,0.1707,0.0298,0.5539,0.0443
2985,0.546,3772.05,564.15,1.29,0.119,0.758,0.627,0.772,0.0153,0.1668,0.0823,0.0049,0.0188,0.3988,0.0264,0.2867
2986,0.682,2182.69,563.81,1.23,0.269,0.365,0.286,0.761,0.1174,0.1336,0.0024,0.0538,0.0358,0.2559,0.191,0.2101
2987,0.407,2802.63,630.45,1.31,0.534,0.298,0.345,0.447,0.0713,0.0911,0.0085,0.0595,0.3555,0.1001,0.1856,0.1283
2988,0.423,1786.97,274.84,1.24,0.142,0.53,0.335,0.728,0.2055,0.0457,0.0128,0.0017,0.0754,0.2591,0.0167,0.3832
2989,0.719,1437.88,471.15,1.41,0.118,0.273,0.537,0.417,0.0263,0.0175,0.1534,0.1793,0.2097,0.0919,0.0428,0.279
2990,0.777,7171.76,1420.46,1.47,0.2,0.323,0.471,0.871,0.0076,0.2819,0.3082,0.0089,0.1192,0.2373,0.0022,0.0346
2991,0.312,1129.76,344.29,1.36,0.263,0.752,0.137,0.986,0.1381,0.236,0.0666,0.286,0.0066,0.2063,0.0027,0.0577
2992,0.557,2566.29,514.51,1.57,0.349,0.273,0.19,0.853,0.0762,0.0771,0.3487,0.0727,0.1087,0.1845,0.0365,0.0957
2993,0.854,2955.95,980.65,1.28,0.153,0.808,0.143,0.926,0.0589,0.07,0.0167,0.3655,0.2001,0.137,0.0353,0.1166
2994,0.775,3123.42,335.31,1.37,0.587,0.29,0.187,0.875,0.1629,0.0384,0.004,0.0505,0.4278,0.0751,0.2369,0.0043
2995,0.589,2235.51,724.12,1.22,0.542,0.511,0.631,0.737,0.1581,0.145,0.0978,0.1352,0.3693,0.0006,0.0844,0.0096
2996,0.472,2108.19,703.37,1.21,0.179,0.562,0.263,0.712,0.1486,0.0509,0.0123,0.1257,0.0564,0.2944,0.1722,0.1394
2997,0.531,2374.63,739.65,1.16,0.508,0.288,0.352,0.545,0.0619,0.1025,0.0366,0.104,0.2504,0.2,0.0203,0.2242
2998,0.133,2140.8,520.03,1.5,0.304,0.747,0.17,0.677,0.0761,0.3441,0.0158,0.0412,0.3569,0.005,0.1536,0.0074
2999,0.345,2021.16,700.87,1.42,0.239,0.489,0.131,0.561,0.063,0.2859,0.0014,0.0348,0.1338,0.3037,0.1399,0.0375
3000,0.721,2409.12,438.67,1.55,0.574,0.429,0.744,0.729,0.034,0.0298,0.059,0.2047,0.2044,0.0044,0.3181,0.1456
3001,0.368,1209.06,328.95,1.22,0.391,0.45,0.408,0.814,0.1161,0.1074,0.0523,0.0264,0.0988,0.4064,0.1638,0.0287
3002,0.453,4816.32,1166.49,1.46,0.41,0.645,0.127,0.859,0.0878,0.5048,0.0048,0.0433,0.1015,0.0295,0.2005,0.0279
3003,0.392,2576.4,366.54,1.34,0.368,0.228,0.307,0.41,0.0519,0.3418,0.0781,0.0538,0.1928,0.0005,0.1246,0.1565
3004,0.272,2102.92,517.74,1.56,0.46,0.429,0.293,0.527,0.2425,0.1383,0.2678,0.0305,0.1181,0.1455,0.0154,0.0419
3005,0.345,1575.61,313.43,1.22,0.431,0.302,0.472,0.878,0.0135,0.0546,0.0198,0.069,0.0581,0.5084,0.2664,0.0102
3006,0.537,1509.02,202.3,1.46,0.081,0.541,0.287,0.731,0.0287,0.0533,0.2614,0.0972,0.0149,0.2358,0.1988,0.11
3007,0.572,3239.76,569.95,1.53,0.689,0.543,0.173,0.609,0.0089,0.0001,0.3762,0.0466,0.2105,0.0009,0.0967,0.2603
3008,0.358,1912.2,192.62,1.31,0.348,0.311,0.522,0.34,0.0065,0.135,0.118,0.2269,0.2997,0.116,0.0038,0.0941
3009,0.354,2606.39,901.26,1.27,0.205,0.762,0.606,0.8,0.0657,0.2404,0.0102,0.1183,0.0506,0.008,0.4194,0.0874
3010,0.293,1141.33,120.12,1.59,0.424,0.307,0.382,0.545,0.0669,0.2782,0.0176,0.0046,0.0958,0.1103,0.0412,0.3854
3011,0.316,3690.99,792.22,1.45,0.198,0.37,0.318,0.787,0.0366,0.0424,0.0377,0.2011,0.5664,0.0761,0.0346,0.0051
3012,0.388,2975.08,320.17,1.43,0.753,0.532,0.415,0.894,0.0166,0.1035,0.1338,0.5961,0.0131,0.0004,0.0905,0.0459
3013,0.629,2289.07,478.86,1.4,0.224,0.551,0.261,0.317,0.243,0.0594,0.0256,0.0341,0.0041,0.0505,0.3192,0.264
3014,0.529,2705.65,732.47,1.18,0.379,0.427,0.28,0.41,0.1128,0.0333,0.1949,0.0465,0.0158,0.0694,0.3852,0.1422
3015,0.42,2841.51,701.89,1.53,0.318,0.338,0.386,0.739,0.1955,0.1006,0.0863,0.0241,0.0131,0.202,0.3664,0.0121
3016,0.506,1298.77,300.14,1.26,0.2,0.668,0.119,0.903,0.0183,0.1755,0.5674,0.053,0.0923,0.05,0.0048,0.0388
3017,0.669,4721.45,628.64,1.57,0.422,0.5,0.111,0.71,0.1459,0.3274,0.031,0.0202,0.0045,0.2387,0.1251,0.1073
3018,0.538,2736.14,608.61,1.38,0.549,0.582,0.185,0.417,0.0261,0.1344,0.0448,0.1194,0.2608,0.0829,0.1278,0.2038
3019,0.653,1806.44,260.37,1.32,0.382,0.448,0.328,0.513,0.1897,0.2327,0.0004,0.1365,0.0721,0.1835,0.0512,0.1338
3020,0.342,1302.09,301.76,1.56,0.258,0.268,0.591,0.932,0.3414,0.0104,0.0612,0.1305,0.2711,0.0245,0.0994,0.0615
3021,0.19,2724.67,487.56,1.54,0.048,0.398,0.186,0.965,0.1198,0.1927,0.0617,0.0037,0.2071,0.1742,0.0315,0.2091
3022,0.119,1904.01,414.91,1.22,0.508,0.762,0.62,0.718,0.2249,0.2517,0.0688,0.087,0.2294,0.008,0.0021,0.128
3023,0.322,2419.22,347.43,1.59,0.524,0.025,0.425,0.706,0.0303,0.0359,0.1591,0.3313,0.2914,0.0296,0.0086,0.1138
3024,0.611,2368.68,401.54,1.18,0.126,0.711,0.409,0.913,0.1746,0.0014,0.132,0.2564,0.0924,0.1658,0.1017,0.0757
3025,0.525,1499.81,373.01,1.27,0.249,0.503,0.292,0.662,0.0107,0.1421,0.1741,0.2665,0.093,0.0291,0.2167,0.0678
3026,0.226,2302.47,364.63,1.39,0.263,0.43,0.387,0.573,0.0457,0.0386,0.3948,0.112,0.0624,0.042,0.2787,0.0257
3027,0.259,1773.34,401.93,1.19,0.503,0.3,0.2,0.591,0.101,0.0458,0.0098,0.126,0.3928,0.0113,0.3129,0.0005
3028,0.639,2356.49,768.15,1.4,0.721,0.49,0.366,0.54,0.0498,0.026,0.1483,0.1638,0.2833,0.0819,0.2455,0.0014
3029,0.469,5620.29,562.82,1.4,0.263,0.166,0.181,0.63,0.2624,0.0046,0.1781,0.017,0.2273,0.1314,0.0122,0.1669
3030,0.578,3261.5,906.25,1.18,0.478,0.594,0.112,0.475,0.5424,0.1129,0.0017,0.0035,0.0395,0.2249,0.0623,0.0128
3031,0.868,3843.71,967.99,1.19,0.317,0.275,0.142,0.882,0.0589,0.1802,0.1302,0.076,0.2714,0.1085,0.1628,0.0121
3032,0.551,6740.69,2290.42,1.52,0.418,0.224,0.112,0.471,0.0022,0.1019,0.1058,0.018,0.154,0.1628,0.0504,0.4048
3033,0.404,2441.44,841.52,1.39,0.351,0.682,0.135,0.681,0.0301,0.1406,0.1584,0.2586,0.1239,0.0674,0.1517,0.0692
3034,0.456,2261.58,687.09,1.52,0.207,0.596,0.34,0.911,0.2,0.1945,0.1184,0.2032,0.0079,0.0739,0.0218,0.1803
3035,0.491,1675.65,525.44,1.59,0.131,0.523,0.374,0.701,0.0423,0.1111,0.401,0.0748,0.0667,0.0885,0.0864,0.1292
3036,0.585,1928.61,475.4,1.33,0.276,0.629,0.105,0.799,0.0926,0.0237,0.033,0.0072,0.1066,0.4307,0.1088,0.1973
3037,0.55,1000.84,202.77,1.24,0.157,0.806,0.311,0.275,0.0184,0.0462,0.3516,0.1091,0.0032,0.2208,0.0943,0.1564
3038,0.872,3646.37,1007.59,1.2,0.216,0.507,0.249,0.586,0.2665,0.0197,0.1814,0.118,0.0812,0.1582,0.0761,0.0989
3039,0.409,1265.17,178.05,1.35,0.808,0.718,0.23,0.711,0.2937,0.1972,0.0068,0.0497,0.0848,0.0015,0.0806,0.2857
3040,0.92,3897.06,1064.27,1.23,0.052,0.546,0.3,0.509,0.025,0.1317,0.4968,0.0475,0.2591,0.0193,0.0033,0.0173
3041,0.557,2239.51,551.06,1.18,0.328,0.714,0.436,0.405,0.2381,0.0077,0.3476,0.0269,0.1449,0.0408,0.0064,0.1875
3042,0.268,2031.09,295.84,1.19,0.307,0.643,0.259,0.84,0.0281,0.0921,0.0197,0.2339,0.2886,0.106,0.0608,0.1709
3043,0.284,1916.57,347.44,1.18,0.066,0.632,0.251,0.735,0.0055,0.4134,0.1446,0.1293,0.0097,0.1245,0.0002,0.1728
3044,0.604,4064.23,603.65,1.51,0.348,0.445,0.438,0.976,0.0474,0.0589,0.0721,0.1007,0.1158,0.5434,0.0218,0.0398
3045,0.367,3323.26,459.81,1.54,0.32,0.291,0.452,0.888,0.1165,0.0015,0.1127,0.2296,0.1403,0.2262,0.1729,0.0004
3046,0.766,2501.26,495.99,1.43,0.14,0.546,0.005,0.839,0.1272,0.0142,0.1489,0.188,0.0495,0.032,0.3686,0.0715
3047,0.309,1381.73,454.99,1.33,0.142,0.841,0.231,0.737,0.1873,0.2309,0.0142,0.0978,0.1231,0.0045,0.2052,0.1368
3048,0.202,2677.79,397.16,1.39,0.253,0.452,0.399,0.757,0.1455,0.0042,0.1427,0.0392,0.2871,0.0768,0.1103,0.194
3049,0.29,1324.93,167.14,1.33,0.728,0.475,0.326,0.619,0.1004,0.0774,0.1015,0.0492,0.1485,0.1229,0.3312,0.0691
3050,0.742,1342.93,458.03,1.33,0.248,0.176,0.247,0.552,0.0158,0.2948,0.0887,0.0166,0.0317,0.001,0.3212,0.2303
3051,0.24,2314.27,495.48,1.18,0.721,0.385,0.307,0.383,0.0248,0.0658,0.1202,0.1045,0.0093,0.3078,0.215,0.1526
3052,0.644,3879.51,682.87,1.35,0.317,0.37,0.395,0.555,0.0631,0.0439,0.1643,0.2108,0.0372,0.0642,0.4132,0.0033
3053,0.696,2079.32,531.99,1.24,0.322,0.548,0.34,0.851,0.1133,0.0962,0.1442,0.1509,0.0627,0.3289,0.0872,0.0167
3054,0.801,3024.6,981.52,1.33,0.401,0.64,0.207,0.724,0.0081,0.035,0.0227,0.0471,0.1832,0.1492,0.3389,0.2158
3055,0.691,2066.39,627.3,1.58,0.074,0.845,0.236,0.769,0.0419,0.0201,0.0101,0.1263,0.157,0.2678,0.0072,0.3695
3056,0.445,2860.6,442.76,1.45,0.375,0.597,0.451,0.742,0.0763,0.0922,0.2859,0.157,0.1436,0.0484,0.1941,0.0025
3057,0.594,3599.29,899.57,1.28,0.195,0.444,0.127,0.798,0.0298,0.1517,0.0215,0.233,0.0007,0.1556,0.1241,0.2837
3058,0.669,2172.13,448.62,1.48,0.375,0.67,0.356,0.712,0.0366,0.0074,0.1027,0.1759,0.0811,0.0869,0.236,0.2733
3059,0.729,1647.81,426.28,1.48,0.247,0.492,0.085,0.541,0.156,0.0587,0.1071,0.0955,0.0845,0.0995,0.1096,0.2891
3060,0.202,1033.36,135.05,1.55,0.33,0.292,0.383,0.893,0.0299,0.0539,0.1205,0.0427,0.1646,0.0349,0.14,0.4135
3061,0.259,2778.17,859.06,1.27,0.526,0.636,0.418,0.715,0.0647,0.0926,0.1287,0.0388,0.1017,0.0904,0.3208,0.1623
3062,0.423,1343.06,407.24,1.2,0.443,0.451,0.471,0.587,0.0108,0.1142,0.0799,0.0756,0.0106,0.5758,0.0216,0.1115
3063,0.444,2485.98,629.04,1.41,0.078,0.8,0.11,0.694,0.2279,0.02,0.3677,0.001,0.058,0.1813,0.038,0.1062
3064,0.788,3488.93,431.55,1.44,0.517,0.459,0.262,0.832,0.0998,0.0777,0.4371,0.0066,0.1742,0.1149,0.0701,0.0197
3065,0.535,1842.79,600.47,1.42,0.251,0.75,0.428,0.986,0.0562,0.2398,0.1094,0.0901,0.1738,0.0843,0.0646,0.1818
3066,0.52,2089.74,570.83,1.22,0.072,0.097,0.1,0.899,0.1183,0.0002,0.1657,0.2897,0.1016,0.0247,0.2934,0.0064
3067,0.563,3407.43,599.31,1.19,0.127,0.768,0.51,0.709,0.0837,0.0474,0.5804,0.1592,0.0089,0.077,0.0421,0.0012
3068,0.609,1694.06,438.35,1.42,0.329,0.819,0.169,0.664,0.5947,0.0675,0.002,0.0558,0.1334,0.1084,0.0161,0.0222
3069,0.529,1560.12,337.42,1.41,0.121,0.739,0.178,0.61,0.3428,0.1151,0.0866,0.1546,0.008,0.248,0.0393,0.0056
3070,0.692,2222.73,582.9,1.39,0.525,0.551,0.097,0.539,0.1208,0.0129,0.0726,0.0943,0.3549,0.0942,0.1972,0.0532
3071,0.34,3361.19,820.27,1.32,0.339,0.213,0.47,0.742,0.1282,0.0102,0.0879,0.0958,0.2025,0.0587,0.4152,0.0016
3072,0.638,4524.55,695.89,1.59,0.272,0.323,0.295,0.618,0.0474,0.0247,0.0067,0.2039,0.0082,0.347,0.3263,0.0358
3073,0.169,1740.79,374.4,1.24,0.508,0.824,0.272,0.532,0.008,0.0191,0.0769,0.0122,0.3382,0.0901,0.3153,0.1402
3074,0.33,1507.55,354.03,1.21,0.362,0.444,0.208,0.369,0.2045,0.0442,0.0101,0.2063,0.1885,0.0265,0.2112,0.1087
3075,0.899,4118.21,896.02,1.21,0.397,0.786,0.616,0.829,0.3661,0.1651,0.0961,0.1718,0.0723,0.0,0.0048,0.1238
3076,0.625,1210.49,285.07,1.42,0.194,0.183,0.245,0.541,0.0888,0.1668,0.1623,0.2061,0.1664,0.1351,0.0269,0.0477
3077,0.783,2816.66,312.2,1.54,0.234,0.4,0.191,0.357,0.001,0.2075,0.1331,0.1929,0.3247,0.0337,0.0481,0.059
3078,0.573,2256.97,727.87,1.32,0.191,0.861,0.016,0.367,0.0005,0.0959,0.0809,0.426,0.0707,0.0934,0.1414,0.0912
3079,0.564,3837.35,756.69,1.54,0.171,0.576,0.33,0.805,0.1811,0.2225,0.0444,0.3016,0.0968,0.0482,0.0637,0.0417
3080,0.686,4251.23,1130.69,1.51,0.349,0.249,0.447,0.542,0.0036,0.0406,0.0491,0.5022,0.1309,0.0004,0.1161,0.1571
3081,0.465,1486.73,365.84,1.19,0.171,0.396,0.31,0.603,0.0351,0.2023,0.0164,0.0004,0.1966,0.3022,0.2115,0.0355
3082,0.389,2219.73,728.51,1.33,0.193,0.222,0.391,0.535,0.064,0.3841,0.1324,0.064,0.167,0.0813,0.0021,0.1051
3083,0.316,1581.96,493.96,1.42,0.121,0.315,0.246,0.85,0.0262,0.1214,0.1782,0.0983,0.077,0.0803,0.3685,0.0501
3084,0.597,2068.91,605.51,1.56,0.296,0.3,0.182,0.929,0.0362,0.0605,0.3164,0.1261,0.0855,0.1399,0.0737,0.1617
3085,0.175,2327.42,561.78,1.35,0.539,0.399,0.196,0.621,0.0258,0.1239,0.0723,0.1774,0.4388,0.0528,0.0398,0.0692
3086,0.58,2017.11,461.16,1.5,0.496,0.538,0.039,0.46,0.0391,0.2383,0.0529,0.0832,0.0434,0.0659,0.4265,0.0507
3087,0.784,2756.93,515.19,1.56,0.258,0.301,0.441,0.803,0.4802,0.0159,0.0868,0.1001,0.0119,0.025,0.0739,0.206
3088,0.306,2897.28,539.18,1.47,0.382,0.443,0.365,0.704,0.0794,0.0827,0.2491,0.0975,0.0842,0.2004,0.0008,0.2059
3089,0.506,4062.46,574.9,1.42,0.493,0.803,0.126,0.349,0.111,0.0562,0.1825,0.1311,0.0889,0.3523,0.0433,0.0347
3090,0.558,2558.58,480.97,1.18,0.075,0.866,0.086,0.813,0.1955,0.0649,0.0392,0.1521,0.2611,0.0498,0.1532,0.0842
3091,0.305,2069.31,610.21,1.38,0.331,0.487,0.305,0.794,0.2497,0.0483,0.0172,0.0465,0.3346,0.0415,0.0994,0.1628
3092,0.518,1432.56,344.73,1.29,0.26,0.267,0.386,0.677,0.3025,0.1119,0.1355,0.0885,0.2163,0.0102,0.0439,0.0913
3093,0.61,4415.82,969.66,1.19,0.307,0.657,0.463,0.871,0.0701,0.0002,0.0056,0.5407,0.0023,0.0142,0.1888,0.1782
3094,0.443,2609.56,803.67,1.26,0.471,0.586,0.199,0.945,0.0094,0.0293,0.0385,0.3861,0.0633,0.0128,0.2964,0.1641
3095,0.629,2496.98,665.73,1.44,0.274,0.588,0.174,0.751,0.1502,0.2874,0.0774,0.0343,0.1512,0.0576,0.2106,0.0314
3096,0.742,2587.27,533.02,1.16,0.653,0.342,0.113,0.8,0.044,0.0393,0.0623,0.3497,0.2447,0.0905,0.1694,0.0001
3097,0.285,2252.35,316.12,1.23,0.262,0.641,0.048,0.407,0.2124,0.0616,0.0073,0.1427,0.0634,0.0333,0.2508,0.2284
3098,0.636,3231.56,1099.09,1.44,0.133,0.795,0.466,0.632,0.0041,0.0098,0.1084,0.1769,0.2283,0.0037,0.2506,0.2184
3099,0.479,3125.15,492.51,1.35,0.042,0.195,0.234,0.932,0.2377,0.4202,0.1532,0.0409,0.0238,0.0131,0.0159,0.0953
3100,0.528,4272.49,1221.78,1.37,0.158,0.57,0.328,0.57,0.0216,0.2439,0.0477,0.2831,0.0266,0.2696,0.0919,0.0156
3101,0.294,2161.36,227.48,1.23,0.154,0.704,0.315,0.511,0.4603,0.268,0.0141,0.1113,0.0419,0.014,0.0389,0.0514
3102,0.607,4717.48,1391.35,1.16,0.285,0.738,0.123,0.635,0.1629,0.2261,0.0776,0.2136,0.0652,0.2175,0.0197,0.0174
3103,0.417,3221.24,894.28,1.37,0.31,0.4,0.623,0.643,0.007,0.0725,0.2843,0.2398,0.1448,0.0455,0.1537,0.0523
3104,0.509,2167.87,562.92,1.37,0.23,0.258,0.12,0.819,0.1702,0.2364,0.0405,0.1792,0.2724,0.021,0.0548,0.0256
3105,0.454,1105.77,174.15,1.56,0.438,0.623,0.134,0.941,0.2696,0.0867,0.1736,0.1359,0.0859,0.1195,0.018,0.1108
3106,0.587,2394.82,776.04,1.17,0.535,0.391,0.135,0.718,0.2953,0.0085,0.1429,0.0769,0.0429,0.1453,0.0376,0.2505
3107,0.779,4749.07,895.97,1.23,0.176,0.222,0.542,0.862,0.0954,0.0986,0.0048,0.1391,0.0463,0.3179,0.1919,0.1061
3108,0.661,1763.0,295.77,1.25,0.288,0.061,0.216,0.123,0.208,0.1217,0.1491,0.0809,0.0152,0.1157,0.0876,0.2217
3109,0.667,2491.48,338.36,1.21,0.199,0.331,0.21,0.373,0.0877,0.3285,0.1316,0.0083,0.0058,0.2859,0.1137,0.0385
3110,0.476,2330.05,554.81,1.47,0.441,0.522,0.339,0.67,0.2268,0.0321,0.0202,0.0916,0.0875,0.036,0.2213,0.2845
3111,0.492,3206.5,946.65,1.29,0.344,0.492,0.285,0.853,0.1203,0.0596,0.0027,0.1657,0.0224,0.1306,0.3811,0.1177
3112,0.141,1521.4,222.78,1.53,0.089,0.535,0.231,0.716,0.0506,0.155,0.0487,0.219,0.0198,0.159,0.1223,0.2256
3113,0.48,1543.49,343.45,1.31,0.606,0.764,0.285,0.385,0.1641,0.0686,0.1817,0.0007,0.2743,0.0074,0.1096,0.1936
3114,0.629,2970.77,961.14,1.37,0.297,0.164,0.341,0.489,0.0476,0.0285,0.0251,0.0589,0.2183,0.437,0.1241,0.0605
3115,0.786,1897.38,534.48,1.47,0.039,0.458,0.237,0.681,0.4332,0.0961,0.0173,0.0321,0.0338,0.2576,0.0252,0.1047
3116,0.73,1193.53,193.35,1.55,0.284,0.604,0.202,0.711,0.1052,0.0594,0.1708,0.1344,0.2467,0.1737,0.1057,0.0041
3117,0.173,3790.5,761.05,1.18,0.821,0.291,0.445,0.469,0.0471,0.174,0.2028,0.001,0.1311,0.3747,0.0396,0.0297
3118,0.262,2786.47,355.0,1.47,0.08,0.496,0.156,0.657,0.0137,0.6525,0.0845,0.0262,0.0792,0.0025,0.1132,0.0282
3119,0.481,4643.48,548.53,1.16,0.087,0.674,0.082,0.676,0.006,0.05,0.3498,0.2053,0.2077,0.1121,0.0496,0.0194
3120,0.797,3641.95,1008.85,1.38,0.167,0.773,0.143,0.693,0.0482,0.3049,0.0441,0.1284,0.0388,0.1899,0.1761,0.0696
3121,0.206,2434.84,310.01,1.39,0.196,0.335,0.36,0.692,0.58,0.0917,0.0307,0.0633,0.0882,0.0433,0.0278,0.0751
3122,0.556,2639.06,695.74,1.43,0.634,0.368,0.252,0.597,0.1679,0.019,0.0005,0.3223,0.158,0.2259,0.0794,0.0271
3123,0.495,2045.38,652.78,1.41,0.29,0.645,0.074,0.912,0.0231,0.1438,0.2597,0.0048,0.1822,0.0567,0.0224,0.3074
3124,0.604,2865.01,350.13,1.26,0.42,0.641,0.135,0.425,0.0012,0.1203,0.1451,0.0468,0.0569,0.1423,0.2533,0.2341
3125,0.581,1848.87,285.51,1.53,0.4,0.394,0.537,0.649,0.1327,0.1583,0.0221,0.4243,0.0407,0.0069,0.0626,0.1525
3126,0.3,1283.24,142.36,1.34,0.391,0.12,0.343,0.658,0.0175,0.3881,0.2436,0.0708,0.0328,0.0018,0.0617,0.1837
3127,0.355,1781.21,455.67,1.43,0.478,0.341,0.062,0.765,0.0185,0.0363,0.2938,0.2586,0.2138,0.1116,0.0141,0.0532
3128,0.58,3866.18,645.21,1.37,0.018,0.647,0.375,0.425,0.0569,0.0492,0.0308,0.1134,0.292,0.1126,0.1286,0.2165
3129,0.488,1340.35,329.93,1.38,0.424,0.58,0.091,0.833,0.0255,0.1345,0.03,0.0233,0.0042,0.0203,0.0864,0.6758
3130,0.633,1456.82,421.87,1.35,0.162,0.55,0.469,0.897,0.0702,0.0562,0.464,0.2752,0.0398,0.053,0.0407,0.001
3131,0.464,2743.55,526.57,1.17,0.107,0.18,0.353,0.657,0.1464,0.2225,0.077,0.3559,0.0211,0.0911,0.0086,0.0773
3132,0.815,2193.04,306.08,1.35,0.494,0.514,0.431,0.703,0.2311,0.063,0.3851,0.0586,0.1045,0.0723,0.0268,0.0585
3133,0.502,2686.26,318.52,1.58,0.61,0.744,0.174,0.098,0.0475,0.2795,0.3943,0.0113,0.1175,0.0142,0.0042,0.1314
3134,0.745,3720.92,921.16,1.5,0.177,0.346,0.461,0.329,0.0501,0.0791,0.0341,0.3027,0.0089,0.1219,0.2378,0.1655
3135,0.354,2445.83,284.32,1.46,0.423,0.402,0.223,0.812,0.0018,0.4003,0.0951,0.2259,0.0156,0.024,0.2225,0.0148
3136,0.378,1601.58,436.91,1.2,0.357,0.234,0.267,0.406,0.1529,0.1197,0.1962,0.0926,0.1453,0.0566,0.1429,0.0939
3137,0.596,3884.93,445.26,1.34,0.308,0.69,0.374,0.819,0.3397,0.0334,0.1389,0.0869,0.2109,0.1645,0.0221,0.0037
3138,0.451,2894.09,493.21,1.49,0.366,0.53,0.228,0.716,0.1079,0.128,0.0653,0.2786,0.2713,0.0337,0.1133,0.0019
3139,0.532,2272.4,682.94,1.17,0.352,0.494,0.418,0.631,0.1041,0.363,0.2201,0.0614,0.0244,0.0967,0.051,0.0793
3140,0.962,2742.94,824.12,1.2,0.342,0.535,0.292,0.588,0.0301,0.0276,0.0678,0.1061,0.1707,0.1634,0.1393,0.2951
3141,0.644,2767.86,473.63,1.32,0.322,0.515,0.315,0.862,0.009,0.1115,0.0291,0.2132,0.0574,0.0017,0.4807,0.0972
3142,0.521,1972.46,437.15,1.48,0.034,0.361,0.649,0.619,0.1162,0.2675,0.143,0.1256,0.2047,0.0005,0.0595,0.083
3143,0.604,1215.68,307.76,1.24,0.443,0.419,0.053,0.353,0.1089,0.0482,0.0192,0.1609,0.471,0.0454,0.1115,0.0349
3144,0.622,3180.74,772.88,1.32,0.171,0.497,0.475,0.458,0.1317,0.0195,0.1071,0.3016,0.0853,0.1981,0.098,0.0588
3145,0.609,3085.03,991.05,1.3,0.449,0.535,0.462,0.784,0.0748,0.191,0.2977,0.0146,0.056,0.0533,0.3081,0.0045
3146,0.442,852.35,198.44,1.39,0.482,0.548,0.485,0.77,0.5694,0.0396,0.1672,0.0176,0.0694,0.0992,0.0363,0.0014
3147,0.398,2558.73,649.61,1.39,0.435,0.406,0.118,0.39,0.1758,0.0657,0.0347,0.4971,0.0124,0.0835,0.1163,0.0146
3148,0.253,3858.62,1030.86,1.48,0.292,0.553,0.388,0.936,0.0666,0.1452,0.1621,0.097,0.3271,0.0097,0.0096,0.1828
3149,0.339,1284.02,251.96,1.25,0.269,0.432,0.588,0.708,0.0316,0.0595,0.0413,0.2854,0.098,0.2004,0.2598,0.024
3150,0.472,2112.57,654.87,1.49,0.341,0.621,0.291,0.613,0.0263,0.2227,0.0619,0.3122,0.183,0.0121,0.1813,0.0005
3151,0.525,2082.05,293.77,1.54,0.511,0.149,0.147,0.68,0.0568,0.0599,0.0062,0.0408,0.2213,0.2992,0.018,0.2979
3152,0.562,4437.28,1231.89,1.17,0.601,0.28,0.644,0.943,0.0578,0.3153,0.1441,0.0013,0.0265,0.2715,0.0093,0.1742
3153,0.725,3884.58,543.18,1.33,0.201,0.266,0.263,0.883,0.1637,0.0179,0.0133,0.4666,0.0141,0.0175,0.1029,0.2041
3154,0.75,1766.61,275.41,1.23,0.432,0.494,0.521,0.681,0.3292,0.0173,0.1362,0.1146,0.1473,0.1714,0.0331,0.0507
3155,0.92,3114.35,930.99,1.36,0.44,0.717,0.113,0.554,0.1925,0.0945,0.084,0.2141,0.0182,0.2432,0.1532,0.0003
3156,0.586,5809.23,1507.83,1.5,0.243,0.485,0.534,0.458,0.0665,0.0018,0.0131,0.0559,0.1329,0.2545,0.0346,0.4407
3157,0.256,1491.66,382.6,1.38,0.413,0.661,0.128,0.726,0.0315,0.6834,0.1079,0.056,0.0052,0.0055,0.0842,0.0263
3158,0.398,2077.37,395.03,1.22,0.419,0.762,0.222,0.189,0.1887,0.1535,0.0587,0.001,0.0997,0.0108,0.3906,0.097
3159,0.602,2863.64,964.23,1.2,0.247,0.746,0.379,0.802,0.0814,0.23,0.5229,0.0826,0.0577,0.0016,0.0068,0.0169
3160,0.574,1800.42,325.41,1.5,0.42,0.468,0.072,0.585,0.0199,0.3612,0.0088,0.2235,0.1371,0.0216,0.156,0.072
3161,0.21,3765.47,524.31,1.16,0.378,0.112,0.241,0.648,0.1398,0.1615,0.0426,0.1193,0.1509,0.0736,0.2954,0.0169
3162,0.77,2097.86,386.21,1.59,0.117,0.389,0.147,0.389,0.0549,0.0092,0.2283,0.2215,0.1233,0.0195,0.2366,0.1067
3163,0.473,1248.72,171.1,1.17,0.572,0.784,0.368,0.941,0.0048,0.0634,0.2604,0.0087,0.2096,0.0725,0.3311,0.0495
3164,0.466,1757.32,606.06,1.25,0.309,0.479,0.076,0.805,0.0697,0.0883,0.2493,0.1568,0.0093,0.0701,0.3559,0.0005
3165,0.617,3052.08,1010.92,1.32,0.17,0.488,0.293,0.417,0.1516,0.1716,0.0019,0.1951,0.3299,0.0675,0.0814,0.001
3166,0.517,1620.65,475.23,1.48,0.213,0.402,0.156,0.809,0.2803,0.113,0.0172,0.0617,0.0262,0.3133,0.1791,0.0093
3167,0.492,2482.6,701.34,1.53,0.52,0.572,0.166,0.639,0.0145,0.4935,0.0728,0.19,0.0305,0.1139,0.0312,0.0537
3168,0.244,2380.96,288.4,1.22,0.372,0.402,0.41,0.782,0.0172,0.0083,0.8586,0.0309,0.0168,0.0125,0.0448,0.011
3169,0.628,1457.67,285.83,1.44,0.384,0.433,0.277,0.818,0.0915,0.0053,0.0297,0.0125,0.3603,0.0812,0.2146,0.2048
3170,0.436,1702.11,294.69,1.28,0.325,0.59,0.14,0.515,0.2911,0.0522,0.1666,0.056,0.0601,0.1026,0.082,0.1894
3171,0.523,2572.42,312.71,1.56,0.481,0.064,0.14,0.841,0.3245,0.0321,0.0009,0.1239,0.1347,0.0029,0.2645,0.1166
3172,0.443,2835.96,880.18,1.41,0.577,0.378,0.121,0.714,0.0168,0.0026,0.1822,0.0156,0.0702,0.1526,0.0909,0.4691
3173,0.325,1611.34,535.77,1.26,0.545,0.478,0.387,0.854,0.0252,0.3941,0.1465,0.0796,0.0206,0.0449,0.0696,0.2196
3174,0.457,2292.48,622.9,1.23,0.462,0.163,0.269,0.806,0.3038,0.0041,0.0902,0.0255,0.1791,0.1414,0.1088,0.147
3175,0.797,2291.61,333.36,1.58,0.349,0.78,0.325,0.49,0.0073,0.014,0.0723,0.1075,0.1728,0.3763,0.0732,0.1766
3176,0.619,3148.26,995.26,1.54,0.453,0.11,0.214,0.598,0.0484,0.4022,0.2823,0.015,0.1434,0.0594,0.0478,0.0015
3177,0.571,2824.38,798.95,1.33,0.219,0.866,0.305,0.754,0.101,0.075,0.3264,0.0117,0.2236,0.1911,0.0035,0.0677
3178,0.623,2030.86,245.84,1.23,0.465,0.856,0.274,0.871,0.0975,0.1557,0.1508,0.0287,0.1713,0.1038,0.104,0.1882
3179,0.423,2563.74,699.56,1.5,0.483,0.51,0.273,0.39,0.013,0.0731,0.0995,0.071,0.0012,0.6448,0.0034,0.0938
3180,0.722,2100.15,253.99,1.26,0.15,0.258,0.06,0.279,0.0106,0.0538,0.457,0.0296,0.2104,0.1607,0.0402,0.0377
3181,0.651,2871.28,535.49,1.54,0.302,0.461,0.431,0.688,0.3876,0.1185,0.0319,0.0481,0.0445,0.1005,0.1865,0.0825
3182,0.166,2182.21,240.54,1.58,0.435,0.805,0.421,0.573,0.1179,0.4397,0.1432,0.0114,0.0018,0.2282,0.0152,0.0426
3183,0.896,6937.22,2011.32,1.39,0.153,0.474,0.214,0.486,0.0721,0.054,0.3981,0.1102,0.1091,0.1205,0.0985,0.0376
3184,0.51,1941.83,474.98,1.42,0.088,0.35,0.316,0.629,0.1948,0.0014,0.1036,0.1649,0.2205,0.0391,0.1333,0.1424
3185,0.238,1789.62,381.29,1.19,0.368,0.612,0.032,0.481,0.0068,0.1014,0.0583,0.1208,0.0315,0.1811,0.0316,0.4684
3186,0.087,1321.22,396.72,1.41,0.183,0.483,0.526,0.811,0.0389,0.0255,0.0398,0.0413,0.1462,0.437,0.0994,0.1718
3187,0.275,1282.36,382.8,1.38,0.481,0.478,0.276,0.696,0.0152,0.1788,0.1748,0.0197,0.1198,0.0156,0.4045,0.0716
3188,0.542,1882.95,469.78,1.42,0.586,0.376,0.243,0.779,0.1092,0.0501,0.048,0.2256,0.1108,0.3092,0.0951,0.0519
3189,0.4,2725.61,274.0,1.48,0.132,0.202,0.192,0.69,0.0091,0.1669,0.2152,0.0644,0.2904,0.0908,0.0793,0.0839
3190,0.888,3594.81,1254.06,1.34,0.249,0.492,0.252,0.565,0.0679,0.317,0.0018,0.0835,0.2227,0.2079,0.0942,0.0048
3191,0.724,2790.88,914.56,1.31,0.686,0.491,0.435,0.502,0.1638,0.1042,0.1063,0.2739,0.0418,0.1463,0.0317,0.1319
3192,0.537,2002.58,438.37,1.24,0.113,0.447,0.065,0.638,0.0523,0.0329,0.0227,0.0875,0.1172,0.0199,0.4825,0.1849
3193,0.438,1752.71,557.08,1.23,0.11,0.358,0.08,0.815,0.058,0.0227,0.0009,0.451,0.0028,0.0976,0.2781,0.0889
3194,0.199,1280.01,239.69,1.53,0.239,0.336,0.24,0.882,0.0004,0.1488,0.1149,0.231,0.1697,0.0064,0.126,0.2029
3195,0.566,1831.86,271.07,1.21,0.149,0.262,0.415,0.842,0.0507,0.3365,0.0758,0.018,0.0373,0.0296,0.1701,0.282
3196,0.528,1336.46,249.22,1.19,0.3,0.57,0.311,0.6,0.0713,0.0111,0.0701,0.3321,0.0427,0.0387,0.0343,0.3997
3197,0.526,3856.21,1153.83,1.47,0.377,0.674,0.289,0.337,0.0745,0.0576,0.1689,0.1117,0.0421,0.1672,0.221,0.157
3198,0.724,5170.54,573.02,1.45,0.316,0.434,0.156,0.638,0.101,0.0372,0.1062,0.5169,0.001,0.0141,0.0027,0.2211
3199,0.315,915.93,298.89,1.52,0.21,0.633,0.034,0.557,0.3663,0.0679,0.0374,0.0288,0.0085,0.0913,0.0923,0.3075
3200,0.326,2244.89,726.77,1.18,0.452,0.604,0.188,0.576,0.0059,0.2128,0.1625,0.3976,0.0169,0.1218,0.0464,0.0362
3201,0.121,1954.81,247.87,1.31,0.523,0.275,0.128,0.16,0.0256,0.1889,0.0308,0.2002,0.1007,0.0178,0.4229,0.0131
3202,0.595,2526.98,498.25,1.29,0.174,0.221,0.32,0.435,0.0951,0.1013,0.0105,0.1604,0.0506,0.0187,0.5585,0.0049
3203,0.505,1747.85,521.22,1.23,0.297,0.38,0.353,0.68,0.1892,0.1808,0.1581,0.0121,0.1353,0.1305,0.0797,0.1144
3204,0.704,3695.23,1266.06,1.22,0.568,0.647,0.276,0.162,0.0145,0.2717,0.0625,0.1088,0.0005,0.0737,0.1702,0.2982
3205,0.775,2993.9,910.18,1.57,0.224,0.464,0.1,0.92,0.3131,0.2774,0.0309,0.0032,0.107,0.0677,0.0259,0.1749
3206,0.46,3267.69,456.74,1.21,0.675,0.394,0.355,0.685,0.0312,0.018,0.0102,0.033,0.3337,0.0889,0.3187,0.1665
3207,0.662,1790.76,315.85,1.4,0.024,0.632,0.084,0.483,0.0302,0.0468,0.0993,0.1467,0.0048,0.0652,0.1066,0.5004
3208,0.352,1168.3,222.74,1.17,0.447,0.662,0.259,0.927,0.2339,0.3389,0.002,0.1113,0.0913,0.0725,0.105,0.045
3209,0.625,2808.09,470.53,1.57,0.34,0.231,0.094,0.719,0.0659,0.4579,0.0468,0.1948,0.0339,0.0888,0.0704,0.0415
3210,0.166,1229.36,274.56,1.18,0.066,0.236,0.482,0.571,0.2217,0.075,0.2912,0.0209,0.0721,0.0293,0.2893,0.0005
3211,0.828,3971.75,962.88,1.19,0.587,0.869,0.243,0.469,0.2163,0.0212,0.0436,0.3265,0.2303,0.0015,0.1448,0.0158
3212,0.91,1154.7,297.47,1.19,0.158,0.474,0.061,0.907,0.0246,0.569,0.0597,0.0322,0.0526,0.0497,0.0045,0.2077
3213,0.49,1821.48,240.95,1.52,0.267,0.355,0.217,0.822,0.0182,0.1417,0.3107,0.2437,0.2427,0.0162,0.0007,0.026
3214,0.505,1731.78,221.9,1.44,0.466,0.554,0.265,0.534,0.1832,0.1809,0.1639,0.0815,0.0803,0.0388,0.0049,0.2665
3215,0.283,1705.61,486.74,1.58,0.475,0.366,0.144,0.86,0.0522,0.286,0.1588,0.107,0.1995,0.1486,0.0076,0.0403
3216,0.612,2602.62,887.15,1.22,0.519,0.663,0.506,0.441,0.2535,0.1137,0.1324,0.056,0.0013,0.1655,0.0342,0.2433
3217,0.594,2721.34,598.78,1.25,0.443,0.698,0.17,0.811,0.0145,0.085,0.0792,0.1683,0.2446,0.2459,0.1013,0.0611
3218,0.459,2790.36,843.04,1.34,0.301,0.526,0.276,0.476,0.0122,0.1148,0.263,0.1459,0.0588,0.0009,0.2579,0.1465
3219,0.697,3309.44,419.33,1.49,0.261,0.359,0.137,0.822,0.2825,0.0069,0.0999,0.0009,0.0623,0.1469,0.0322,0.3685
3220,0.769,2365.8,365.27,1.44,0.076,0.846,0.107,0.731,0.0955,0.0855,0.086,0.0124,0.1398,0.1358,0.3196,0.1254
3221,0.509,5160.81,1713.76,1.24,0.209,0.422,0.053,0.759,0.0111,0.0486,0.0411,0.0027,0.09,0.5404,0.1178,0.1482
3222,0.492,3830.46,1200.75,1.51,0.025,0.367,0.166,0.542,0.1717,0.0916,0.1378,0.2286,0.2799,0.0038,0.0606,0.026
3223,0.836,2307.76,489.09,1.54,0.691,0.17,0.342,0.565,0.3051,0.1971,0.111,0.1061,0.0084,0.1311,0.025,0.1162
3224,0.192,1740.47,602.6,1.59,0.546,0.42,0.536,0.496,0.0089,0.071,0.0421,0.626,0.057,0.0386,0.1058,0.0508
3225,0.617,2057.27,621.55,1.27,0.216,0.253,0.184,0.372,0.0096,0.0841,0.3576,0.1648,0.125,0.1045,0.0046,0.1498
3226,0.666,2785.66,609.35,1.38,0.237,0.246,0.472,0.55,0.1357,0.1518,0.0626,0.1621,0.0644,0.0048,0.2376,0.1809
3227,0.667,1633.78,253.06,1.26,0.052,0.378,0.143,0.662,0.1382,0.1065,0.1941,0.1096,0.2661,0.042,0.1161,0.0274
3228,0.491,1603.53,320.09,1.25,0.201,0.483,0.291,0.741,0.0779,0.1419,0.0538,0.0757,0.0936,0.0293,0.4905,0.0373
3229,0.589,973.72,233.48,1.4,0.167,0.714,0.274,0.771,0.013,0.0266,0.0583,0.4327,0.0397,0.2759,0.1504,0.0035
3230,0.346,1725.93,247.25,1.16,0.336,0.402,0.09,0.785,0.024,0.0189,0.0476,0.0066,0.243,0.0141,0.4102,0.2356
3231,0.619,3601.49,552.66,1.21,0.461,0.641,0.371,0.869,0.016,0.3388,0.0141,0.1769,0.0121,0.2648,0.1632,0.0141
3232,0.56,2147.14,438.0,1.36,0.215,0.326,0.237,0.661,0.0743,0.1603,0.0119,0.0795,0.0651,0.3512,0.2106,0.0471
3233,0.512,2140.33,355.27,1.36,0.326,0.366,0.163,0.899,0.1001,0.046,0.0384,0.212,0.0206,0.1439,0.0933,0.3458
3234,0.465,2422.58,459.76,1.45,0.182,0.633,0.2,0.497,0.1613,0.0178,0.0611,0.3333,0.0335,0.0422,0.0584,0.2924
3235,0.565,1532.28,502.82,1.22,0.193,0.189,0.203,0.508,0.1559,0.0241,0.1142,0.5523,0.0013,0.0327,0.1095,0.01
3236,0.826,2628.96,699.78,1.53,0.32,0.303,0.327,0.319,0.0841,0.3381,0.0259,0.0005,0.4528,0.0397,0.0409,0.0182
3237,0.829,3719.91,978.85,1.47,0.241,0.823,0.079,0.621,0.111,0.0318,0.0089,0.0482,0.2511,0.1016,0.0978,0.3497
3238,0.826,2942.33,886.23,1.23,0.403,0.297,0.343,0.761,0.1018,0.0227,0.1321,0.1543,0.1053,0.3486,0.0404,0.0947
3239,0.46,3195.59,758.98,1.31,0.146,0.565,0.047,0.693,0.0312,0.5339,0.263,0.0076,0.0062,0.0065,0.0903,0.0613
3240,0.522,3707.85,832.19,1.59,0.213,0.576,0.11,0.556,0.1687,0.2671,0.1668,0.1203,0.0515,0.0104,0.2105,0.0048
3241,0.255,2494.83,389.96,1.55,0.202,0.207,0.377,0.362,0.0851,0.1921,0.0131,0.0128,0.3155,0.0085,0.0394,0.3334
3242,0.311,1489.68,521.17,1.21,0.094,0.327,0.24,0.937,0.1224,0.0655,0.0635,0.1139,0.0254,0.3962,0.1129,0.1003
3243,0.506,1931.29,541.9,1.52,0.742,0.314,0.219,0.64,0.0484,0.2076,0.0159,0.0278,0.514,0.0026,0.0819,0.1019
3244,0.672,5231.89,1415.27,1.22,0.432,0.132,0.022,0.519,0.078,0.0704,0.4667,0.0173,0.0624,0.0367,0.1397,0.1287
3245,0.35,2299.65,423.77,1.38,0.304,0.163,0.399,0.811,0.284,0.1609,0.1042,0.0006,0.0035,0.3373,0.0264,0.0832
3246,0.413,2262.91,338.55,1.5,0.378,0.598,0.185,0.479,0.1242,0.2201,0.0063,0.319,0.0624,0.159,0.0777,0.0313
3247,0.576,1631.54,447.39,1.54,0.309,0.36,0.343,0.787,0.1721,0.0003,0.1533,0.0653,0.0971,0.0954,0.154,0.2626
3248,0.752,2423.03,502.8,1.23,0.198,0.547,0.054,0.847,0.0063,0.0483,0.0113,0.1354,0.261,0.0103,0.0986,0.4288
3249,0.697,3258.86,825.39,1.23,0.207,0.147,0.069,0.831,0.0824,0.0196,0.0374,0.3101,0.0158,0.4921,0.0371,0.0054
3250,0.331,2017.87,261.11,1.47,0.383,0.785,0.139,0.986,0.0244,0.1336,0.0832,0.3369,0.1118,0.0266,0.1516,0.1319
3251,0.566,1859.47,580.36,1.53,0.365,0.603,0.148,0.506,0.0339,0.1963,0.1871,0.0087,0.3608,0.1001,0.0804,0.0328
3252,0.394,1855.43,542.68,1.5,0.36,0.738,0.35,0.725,0.0221,0.0672,0.5847,0.012,0.098,0.1386,0.0755,0.0019
3253,0.433,3428.25,1014.97,1.59,0.376,0.484,0.102,0.766,0.0103,0.4462,0.1822,0.0803,0.0758,0.1113,0.0033,0.0907
3254,0.432,2779.55,803.79,1.17,0.22,0.483,0.599,0.501,0.2624,0.015,0.3443,0.0174,0.1106,0.0417,0.0627,0.146
3255,0.489,2719.12,427.16,1.17,0.34,0.498,0.103,0.75,0.0012,0.1369,0.1042,0.1167,0.1098,0.2365,0.2422,0.0525
3256,0.527,2674.93,280.47,1.6,0.306,0.233,0.258,0.514,0.1575,0.0953,0.172,0.1087,0.1557,0.049,0.1377,0.1242
3257,0.572,1430.28,355.43,1.34,0.133,0.435,0.634,0.495,0.0605,0.0124,0.6313,0.0368,0.0527,0.0901,0.0929,0.0233
3258,0.483,2441.18,574.18,1.48,0.242,0.418,0.265,0.93,0.2419,0.2413,0.0274,0.0272,0.1074,0.1653,0.0303,0.1593
3259,0.494,3374.99,760.83,1.22,0.156,0.123,0.346,0.61,0.0087,0.1118,0.023,0.0725,0.0549,0.3469,0.1403,0.2421
3260,0.49,1979.33,404.64,1.32,0.21,0.464,0.027,0.444,0.1857,0.1953,0.2127,0.0143,0.053,0.2367,0.0869,0.0154
3261,0.237,2798.21,706.74,1.6,0.585,0.613,0.295,0.738,0.198,0.1467,0.0017,0.1533,0.0528,0.2622,0.1643,0.021
3262,0.399,2595.87,609.72,1.5,0.077,0.627,0.428,0.952,0.1374,0.0152,0.0457,0.0239,0.4002,0.0413,0.0721,0.2642
3263,0.527,3121.06,901.36,1.52,0.151,0.541,0.279,0.423,0.0307,0.0356,0.2795,0.2328,0.0832,0.0016,0.201,0.1356
3264,0.812,2639.07,835.14,1.36,0.107,0.705,0.551,0.463,0.0808,0.2038,0.275,0.032,0.2324,0.0446,0.0349,0.0965
3265,0.25,2720.25,390.56,1.22,0.412,0.727,0.076,0.69,0.2554,0.0239,0.0731,0.5548,0.0022,0.0105,0.0742,0.0058
3266,0.506,1234.04,298.95,1.58,0.433,0.532,0.467,0.463,0.1272,0.1762,0.4544,0.111,0.0491,0.0181,0.0526,0.0115
3267,0.704,2488.17,575.45,1.15,0.109,0.693,0.306,0.553,0.2283,0.0583,0.0132,0.1905,0.1161,0.0433,0.1936,0.1568
3268,0.381,2748.28,686.38,1.55,0.369,0.539,0.761,0.897,0.0751,0.0001,0.0197,0.289,0.434,0.0234,0.0131,0.1456
3269,0.373,2315.69,334.94,1.25,0.557,0.694,0.573,0.517,0.0509,0.0436,0.4481,0.199,0.06,0.034,0.0734,0.0909
3270,0.61,3630.25,536.87,1.59,0.229,0.201,0.489,0.326,0.0229,0.1672,0.0523,0.1625,0.0018,0.1407,0.172,0.2805
3271,0.599,2187.08,391.62,1.2,0.621,0.523,0.599,0.756,0.2749,0.0302,0.0148,0.0498,0.1191,0.0757,0.3262,0.1093
3272,0.854,2117.87,465.39,1.16,0.588,0.513,0.247,0.694,0.1637,0.0054,0.1344,0.0378,0.0248,0.0714,0.0956,0.4669
3273,0.523,1161.32,208.6,1.17,0.184,0.392,0.191,0.346,0.2504,0.0611,0.0288,0.1163,0.0201,0.2958,0.0531,0.1745
3274,0.584,2071.2,409.81,1.29,0.156,0.705,0.462,0.918,0.0155,0.2931,0.0371,0.0501,0.1077,0.0372,0.0894,0.37
3275,0.404,2574.62,320.28,1.53,0.274,0.388,0.035,0.589,0.1963,0.0013,0.3502,0.0171,0.0332,0.187,0.048,0.1668
3276,0.513,3016.66,702.9,1.39,0.147,0.674,0.357,0.39,0.0323,0.0486,0.321,0.0441,0.0027,0.1318,0.2346,0.1848
3277,0.136,1011.77,149.31,1.28,0.197,0.333,0.113,0.583,0.1135,0.1361,0.3394,0.0946,0.0001,0.0682,0.2273,0.0208
3278,0.66,3844.2,1174.51,1.26,0.444,0.764,0.44,0.862,0.0342,0.1022,0.0434,0.1477,0.0451,0.4619,0.0573,0.1082
3279,0.432,1440.69,335.2,1.18,0.221,0.56,0.571,0.696,0.0166,0.2158,0.1652,0.1361,0.115,0.0228,0.1899,0.1386
3280,0.737,2377.0,425.07,1.56,0.48,0.575,0.106,0.677,0.0055,0.1104,0.0139,0.3532,0.0087,0.0505,0.3286,0.1292
3281,0.383,1647.69,296.89,1.39,0.31,0.666,0.065,0.895,0.114,0.1093,0.5891,0.0328,0.0523,0.0069,0.0691,0.0265
3282,0.388,2451.33,379.11,1.51,0.309,0.821,0.275,0.814,0.1866,0.3036,0.2359,0.0621,0.1727,0.0074,0.0079,0.0239
3283,0.668,2503.89,506.44,1.23,0.381,0.643,0.159,0.897,0.0086,0.0667,0.0,0.2777,0.2459,0.245,0.1301,0.0258
3284,0.606,3065.59,964.73,1.57,0.109,0.312,0.163,0.447,0.1293,0.1073,0.0687,0.4665,0.0122,0.0895,0.1226,0.0039
3285,0.758,5269.18,1138.46,1.25,0.715,0.552,0.084,0.816,0.0289,0.155,0.1137,0.0299,0.0269,0.387,0.2271,0.0314
3286,0.463,2537.79,654.81,1.22,0.184,0.472,0.288,0.679,0.5215,0.0777,0.0034,0.0116,0.2453,0.133,0.0031,0.0045
3287,0.694,1939.91,608.57,1.41,0.52,0.301,0.086,0.681,0.0044,0.0598,0.0727,0.0482,0.0216,0.0386,0.6659,0.0887
3288,0.409,2525.37,668.9,1.2,0.053,0.464,0.225,0.977,0.2925,0.0857,0.3217,0.0953,0.0989,0.0814,0.0201,0.0045
3289,0.839,5700.59,664.45,1.48,0.6,0.77,0.25,0.812,0.0568,0.0355,0.2734,0.0002,0.3972,0.0536,0.1093,0.074
3290,0.726,3226.12,654.41,1.57,0.818,0.384,0.157,0.473,0.0751,0.0387,0.4332,0.0517,0.0803,0.0067,0.1751,0.1391
3291,0.465,3163.3,462.05,1.42,0.542,0.438,0.205,0.397,0.0286,0.4851,0.0268,0.004,0.1654,0.1863,0.0289,0.0748
3292,0.532,1188.46,223.73,1.48,0.474,0.422,0.281,0.47,0.0016,0.0734,0.1233,0.2084,0.013,0.3304,0.1033,0.1466
3293,0.429,2479.27,630.8,1.33,0.097,0.374,0.264,0.545,0.1993,0.1145,0.1342,0.1158,0.1002,0.1556,0.0405,0.1399
3294,0.28,1746.76,246.01,1.37,0.565,0.318,0.149,0.78,0.0171,0.4078,0.0218,0.0104,0.1674,0.0581,0.2085,0.1089
3295,0.636,1807.71,366.06,1.23,0.589,0.617,0.038,0.644,0.2845,0.3988,0.0263,0.0155,0.0027,0.0318,0.1043,0.136
3296,0.418,2092.41,556.57,1.33,0.242,0.495,0.192,0.51,0.1337,0.0123,0.0095,0.0179,0.1476,0.0439,0.2668,0.3683
3297,0.554,2375.04,512.48,1.41,0.215,0.369,0.467,0.311,0.0668,0.0969,0.1323,0.4609,0.0458,0.0469,0.0178,0.1326
3298,0.348,1578.83,418.24,1.3,0.172,0.121,0.285,0.87,0.3664,0.0823,0.0019,0.0986,0.1738,0.0819,0.0213,0.1738
3299,0.179,1965.17,684.32,1.44,0.267,0.475,0.244,0.783,0.0948,0.0262,0.1407,0.0861,0.0099,0.5552,0.0285,0.0585
3300,0.566,2135.59,370.35,1.35,0.451,0.38,0.488,0.231,0.041,0.2122,0.2381,0.1638,0.015,0.036,0.095,0.1988
3301,0.486,2904.45,914.87,1.4,0.337,0.133,0.32,0.681,0.1899,0.031,0.0401,0.17,0.1237,0.1642,0.1963,0.0848
3302,0.482,2396.75,473.77,1.16,0.451,0.531,0.242,0.553,0.271,0.2929,0.053,0.0086,0.0063,0.074,0.2209,0.0732
3303,0.664,2798.0,939.69,1.54,0.423,0.751,0.43,0.928,0.0008,0.0293,0.0324,0.3049,0.1393,0.0373,0.0492,0.4068
3304,0.611,3467.15,1087.83,1.22,0.223,0.668,0.337,0.912,0.0508,0.311,0.0909,0.1818,0.1583,0.0076,0.0995,0.1001
3305,0.17,2261.65,637.64,1.5,0.223,0.675,0.608,0.672,0.0529,0.0512,0.1193,0.0623,0.2016,0.0661,0.0459,0.4006
3306,0.29,1951.85,480.55,1.48,0.36,0.718,0.549,0.801,0.2289,0.1504,0.0041,0.0383,0.0195,0.0204,0.45,0.0885
3307,0.318,863.82,168.22,1.36,0.401,0.54,0.348,0.857,0.25,0.036,0.272,0.3302,0.0447,0.052,0.0078,0.0072
3308,0.167,2220.21,431.0,1.18,0.458,0.605,0.063,0.173,0.0022,0.234,0.0068,0.1587,0.0876,0.0663,0.0019,0.4425
3309,0.413,1461.1,428.11,1.4,0.372,0.771,0.595,0.431,0.0668,0.0229,0.2526,0.0198,0.0722,0.3299,0.0167,0.219
3310,0.657,2316.88,437.77,1.23,0.223,0.438,0.192,0.685,0.1537,0.0041,0.0164,0.4602,0.0061,0.1566,0.1891,0.0137
3311,0.43,2464.52,819.98,1.52,0.087,0.449,0.1,0.519,0.1938,0.0014,0.0368,0.063,0.2628,0.0513,0.1964,0.1947
3312,0.377,3512.39,354.83,1.39,0.216,0.283,0.314,0.79,0.0251,0.0392,0.0093,0.1029,0.1727,0.1,0.4061,0.1447
3313,0.412,4395.1,1335.25,1.34,0.348,0.284,0.431,0.609,0.0286,0.0017,0.1967,0.0669,0.2519,0.2188,0.1557,0.0797
3314,0.536,1558.42,452.17,1.46,0.116,0.555,0.28,0.605,0.1624,0.1054,0.0062,0.0343,0.0005,0.0065,0.3456,0.3391
3315,0.741,1476.7,336.91,1.6,0.172,0.526,0.126,0.719,0.3565,0.069,0.0011,0.0907,0.1136,0.0281,0.0917,0.2493
3316,0.465,2468.36,790.22,1.39,0.405,0.372,0.538,0.953,0.0408,0.2093,0.0468,0.1204,0.2098,0.0023,0.2457,0.1248
3317,0.554,2506.72,277.35,1.56,0.52,0.825,0.088,0.863,0.2035,0.2003,0.0155,0.1996,0.0635,0.1126,0.0444,0.1607
3318,0.723,1532.28,335.09,1.16,0.338,0.554,0.353,0.717,0.2127,0.1117,0.0239,0.005,0.3942,0.054,0.0566,0.1418
3319,0.446,2129.82,218.31,1.38,0.13,0.419,0.517,0.288,0.0777,0.4149,0.0188,0.1993,0.1243,0.0517,0.0183,0.0951
3320,0.817,3291.12,525.96,1.23,0.172,0.25,0.102,0.5,0.1971,0.0155,0.2315,0.1871,0.0431,0.0328,0.1977,0.095
3321,0.443,1309.08,384.02,1.53,0.211,0.442,0.345,0.615,0.085,0.2361,0.0779,0.099,0.2821,0.0681,0.1188,0.033
3322,0.236,1270.44,249.24,1.31,0.105,0.755,0.395,0.651,0.1264,0.023,0.1623,0.2826,0.2959,0.0013,0.0071,0.1013
3323,0.513,1719.37,335.61,1.38,0.31,0.631,0.363,0.841,0.1923,0.0737,0.6053,0.0384,0.0266,0.0274,0.0311,0.0053
3324,0.308,1816.98,377.24,1.53,0.594,0.237,0.364,0.581,0.0129,0.0243,0.025,0.3529,0.013,0.1558,0.319,0.097
3325,0.283,2570.69,699.3,1.57,0.707,0.531,0.478,0.773,0.2025,0.0797,0.0655,0.1804,0.0101,0.0305,0.076,0.3551
3326,0.612,2056.9,528.13,1.22,0.393,0.378,0.16,0.764,0.0887,0.2441,0.0645,0.305,0.1098,0.0153,0.0292,0.1434
3327,0.473,2225.7,692.26,1.24,0.219,0.431,0.441,0.55,0.0601,0.1661,0.1352,0.2327,0.0368,0.1678,0.1652,0.0361
3328,0.868,6516.15,1680.44,1.44,0.151,0.732,0.506,0.597,0.0172,0.0099,0.0617,0.4387,0.2387,0.0392,0.0635,0.1312
3329,0.23,1285.43,426.44,1.56,0.188,0.446,0.42,0.863,0.1705,0.0145,0.1368,0.2928,0.0013,0.0396,0.318,0.0265
3330,0.292,1508.21,463.03,1.28,0.231,0.502,0.254,0.632,0.2413,0.0497,0.0367,0.1632,0.2736,0.0276,0.0139,0.1941
3331,0.585,3032.73,436.36,1.33,0.1,0.282,0.202,0.639,0.0624,0.069,0.0214,0.0837,0.1148,0.0102,0.2416,0.397
3332,0.241,2817.48,426.22,1.23,0.446,0.563,0.202,0.636,0.4644,0.0739,0.0066,0.0339,0.0073,0.2779,0.0284,0.1076
3333,0.532,2654.01,297.48,1.56,0.429,0.284,0.201,0.791,0.0239,0.0095,0.0016,0.1286,0.053,0.3293,0.3167,0.1375
3334,0.283,4016.73,1187.17,1.53,0.08,0.457,0.169,0.33,0.1943,0.0123,0.2818,0.0979,0.0909,0.1949,0.0835,0.0443
3335,0.736,2831.19,547.43,1.41,0.158,0.375,0.073,0.687,0.5054,0.0551,0.1276,0.0472,0.0585,0.0031,0.0254,0.1776
3336,0.418,957.7,286.67,1.21,0.557,0.469,0.476,0.758,0.4704,0.0768,0.0611,0.0986,0.0048,0.0782,0.2096,0.0006
3337,0.387,2155.57,599.71,1.42,0.258,0.65,0.31,0.742,0.0158,0.294,0.1899,0.0019,0.0126,0.2805,0.0313,0.174
3338,0.436,1696.96,527.33,1.4,0.149,0.071,0.245,0.934,0.0462,0.3268,0.1442,0.0094,0.1892,0.2084,0.0412,0.0345
3339,0.405,3644.45,813.09,1.33,0.176,0.602,0.336,0.66,0.0974,0.0388,0.0442,0.0083,0.0812,0.0507,0.2502,0.4292
3340,0.231,2773.22,843.02,1.23,0.537,0.751,0.178,0.745,0.186,0.0116,0.0257,0.4923,0.0318,0.0607,0.0864,0.1057
3341,0.368,1085.54,360.56,1.59,0.324,0.119,0.297,0.552,0.1723,0.2966,0.1173,0.0224,0.029,0.3607,0.001,0.0008
3342,0.175,3120.52,928.11,1.41,0.286,0.743,0.167,0.601,0.0606,0.1622,0.1713,0.0508,0.0572,0.0701,0.2126,0.2152
3343,0.257,2790.58,397.96,1.37,0.349,0.199,0.137,0.65,0.0444,0.5059,0.0174,0.0622,0.0805,0.0697,0.2137,0.0061
3344,0.56,2004.42,312.36,1.24,0.342,0.46,0.435,0.77,0.0534,0.1051,0.179,0.0319,0.0637,0.0866,0.0906,0.3896
3345,0.435,2065.22,474.74,1.5,0.394,0.329,0.226,0.683,0.1591,0.0415,0.3016,0.0483,0.0037,0.0073,0.0929,0.3457
3346,0.736,4352.01,963.6,1.58,0.501,0.812,0.192,0.566,0.3454,0.0915,0.0909,0.2936,0.0214,0.0383,0.0421,0.0768
3347,0.241,862.37,233.2,1.55,0.473,0.489,0.243,0.686,0.1301,0.4589,0.0342,0.0493,0.0655,0.0912,0.1695,0.0013
3348,0.788,3054.97,525.2,1.55,0.802,0.48,0.369,0.77,0.0185,0.2102,0.0055,0.1534,0.2127,0.0144,0.2485,0.1369
3349,0.46,3346.39,939.54,1.28,0.319,0.655,0.421,0.711,0.1398,0.013,0.0699,0.2209,0.0073,0.2314,0.1793,0.1385
3350,0.708,2374.06,692.67,1.24,0.247,0.493,0.086,0.751,0.0251,0.1088,0.1342,0.044,0.2551,0.1789,0.0397,0.2141
3351,0.473,2821.34,808.6,1.53,0.311,0.475,0.089,0.815,0.2178,0.1451,0.0033,0.1424,0.0778,0.2766,0.1027,0.0343
3352,0.737,2600.15,659.79,1.23,0.344,0.487,0.412,0.846,0.0874,0.2516,0.2014,0.1815,0.1586,0.042,0.0723,0.0052
3353,0.65,1747.11,515.92,1.21,0.493,0.486,0.326,0.671,0.1438,0.0054,0.0525,0.4032,0.1306,0.0227,0.0931,0.1487
3354,0.437,1543.46,478.22,1.34,0.173,0.601,0.353,0.42,0.2279,0.0506,0.2156,0.3181,0.0146,0.1212,0.0003,0.0518
3355,0.435,2832.75,336.94,1.57,0.247,0.525,0.373,0.801,0.2198,0.1302,0.0183,0.1631,0.003,0.1529,0.3069,0.0058
3356,0.168,1403.46,307.47,1.55,0.071,0.73,0.277,0.816,0.0846,0.0006,0.4632,0.0112,0.1949,0.0237,0.0622,0.1596
3357,0.567,1244.4,175.33,1.3,0.2,0.482,0.124,0.835,0.0554,0.0094,0.1201,0.2174,0.03,0.1693,0.2507,0.1477
3358,0.361,2144.21,734.96,1.39,0.08,0.71,0.197,0.588,0.3829,0.0835,0.0323,0.1725,0.0084,0.2469,0.0553,0.0182
3359,0.661,1957.3,334.54,1.28,0.526,0.487,0.19,0.684,0.1104,0.0344,0.0801,0.2536,0.2355,0.0019,0.2066,0.0774
3360,0.77,1569.31,189.81,1.43,0.12,0.735,0.243,0.531,0.1024,0.1485,0.0437,0.2046,0.0141,0.0943,0.3497,0.0427
3361,0.555,2342.21,636.13,1.31,0.172,0.479,0.2,0.713,0.0047,0.0028,0.3443,0.2175,0.3108,0.0252,0.0061,0.0886
3362,0.236,2571.45,471.25,1.36,0.721,0.468,0.256,0.659,0.1317,0.0211,0.0261,0.2152,0.1796,0.1058,0.2527,0.0679
3363,0.35,2044.98,268.37,1.56,0.282,0.772,0.211,0.819,0.1612,0.0144,0.0451,0.0336,0.2849,0.0168,0.4437,0.0003
3364,0.486,1431.58,346.99,1.55,0.027,0.675,0.323,0.653,0.0663,0.0242,0.0881,0.2689,0.0711,0.1042,0.2174,0.1598
3365,0.687,2952.05,408.77,1.33,0.005,0.201,0.143,0.663,0.3683,0.0109,0.0312,0.0904,0.0534,0.0242,0.1641,0.2576
3366,0.493,3329.45,460.88,1.34,0.686,0.71,0.235,0.84,0.1542,0.4592,0.0664,0.1156,0.1102,0.0659,0.0258,0.0027
3367,0.614,5686.66,968.6,1.3,0.172,0.667,0.2,0.914,0.1589,0.075,0.2069,0.2518,0.0976,0.1186,0.0691,0.0222
3368,0.326,3560.85,690.53,1.42,0.31,0.191,0.225,0.27,0.1722,0.2078,0.2246,0.143,0.0693,0.074,0.0543,0.0548
3369,0.325,1336.52,463.92,1.56,0.304,0.679,0.109,0.948,0.0345,0.0821,0.0299,0.0375,0.2854,0.0684,0.1099,0.3523
3370,0.703,3459.6,435.5,1.17,0.202,0.482,0.038,0.729,0.1906,0.0017,0.0275,0.0099,0.1501,0.3004,0.3151,0.0046
3371,0.434,2359.64,252.5,1.31,0.058,0.358,0.159,0.85,0.5509,0.1102,0.0503,0.0013,0.0896,0.0526,0.1438,0.0014
3372,0.557,1436.99,404.15,1.6,0.307,0.393,0.367,0.686,0.0398,0.0384,0.3151,0.0659,0.0673,0.1784,0.0807,0.2144
3373,0.712,2761.53,754.74,1.23,0.04,0.808,0.38,0.797,0.079,0.1628,0.0549,0.006,0.1057,0.293,0.2936,0.005
3374,0.393,4482.24,483.56,1.45,0.02,0.27,0.404,0.323,0.1809,0.0247,0.0376,0.0268,0.075,0.1295,0.128,0.3975
3375,0.374,3320.56,846.52,1.21,0.174,0.413,0.095,0.587,0.0406,0.0808,0.0484,0.5371,0.0072,0.1391,0.0379,0.1089
3376,0.309,1319.79,414.81,1.25,0.24,0.588,0.179,0.659,0.253,0.0453,0.377,0.0351,0.1026,0.0253,0.158,0.0036
3377,0.474,2189.83,246.33,1.55,0.348,0.78,0.393,0.748,0.0162,0.0253,0.069,0.341,0.0002,0.186,0.1863,0.1761
3378,0.373,2502.83,704.75,1.49,0.357,0.732,0.165,0.547,0.3384,0.0126,0.2931,0.0417,0.0766,0.1219,0.0628,0.053
3379,0.66,1202.5,404.29,1.59,0.501,0.437,0.029,0.597,0.1783,0.0957,0.2366,0.0723,0.0393,0.0228,0.167,0.1879
3380,0.552,1153.16,365.93,1.26,0.367,0.19,0.441,0.462,0.1444,0.0908,0.234,0.0159,0.1209,0.0978,0.2134,0.0827
3381,0.599,2477.3,419.77,1.33,0.383,0.77,0.17,0.664,0.0843,0.0271,0.1329,0.2013,0.0622,0.2949,0.0605,0.1368
3382,0.489,2348.19,621.36,1.3,0.094,0.652,0.096,0.555,0.0866,0.0061,0.3645,0.0481,0.0917,0.1449,0.1649,0.0932
3383,0.24,908.74,146.61,1.28,0.422,0.241,0.254,0.377,0.1359,0.0736,0.0201,0.3072,0.0027,0.0982,0.308,0.0543
3384,0.642,2780.3,848.04,1.56,0.423,0.813,0.316,0.785,0.1477,0.1881,0.0906,0.0132,0.0777,0.0589,0.0022,0.4217
3385,0.569,3541.43,822.39,1.2,0.561,0.851,0.055,0.925,0.0251,0.0214,0.0029,0.3226,0.0024,0.4693,0.0218,0.1345
3386,0.411,1926.26,492.4,1.59,0.125,0.75,0.354,0.786,0.1336,0.2535,0.1676,0.0362,0.0364,0.14,0.0927,0.14
3387,0.562,2338.99,418.71,1.19,0.097,0.201,0.083,0.66,0.0675,0.0998,0.3096,0.1369,0.0946,0.0209,0.1346,0.1361
3388,0.317,2499.29,740.29,1.5,0.279,0.709,0.173,0.375,0.2952,0.0092,0.0342,0.0433,0.0864,0.3965,0.098,0.0371
3389,0.636,2828.93,391.02,1.17,0.222,0.516,0.431,0.862,0.0289,0.3509,0.07,0.0892,0.0173,0.0048,0.3326,0.1063
3390,0.787,1310.86,365.9,1.29,0.378,0.293,0.322,0.396,0.085,0.0894,0.2447,0.0162,0.1959,0.2676,0.0574,0.0439
3391,0.489,1529.43,425.0,1.36,0.352,0.43,0.379,0.73,0.0015,0.3423,0.0494,0.0608,0.145,0.0446,0.3008,0.0556
3392,0.478,1863.33,258.94,1.19,0.221,0.502,0.179,0.618,0.1358,0.3667,0.029,0.0138,0.0452,0.0517,0.239,0.1186
3393,0.37,1455.07,291.16,1.21,0.269,0.56,0.336,0.415,0.0773,0.072,0.1155,0.6919,0.0108,0.0128,0.0017,0.018
3394,0.827,4680.53,1407.64,1.44,0.374,0.803,0.292,0.727,0.1393,0.0195,0.0226,0.0216,0.2071,0.3852,0.1935,0.0111
3395,0.356,2624.36,784.16,1.2,0.748,0.253,0.141,0.395,0.0462,0.1245,0.1388,0.0003,0.1909,0.1747,0.1447,0.1798
3396,0.436,1368.23,451.45,1.57,0.178,0.172,0.463,0.947,0.0075,0.0113,0.0521,0.0034,0.0478,0.0672,0.692,0.1187
3397,0.496,2023.81,677.85,1.22,0.532,0.934,0.334,0.792,0.3779,0.0306,0.0066,0.3377,0.0,0.0314,0.0244,0.1915
3398,0.235,2970.44,977.55,1.48,0.353,0.088,0.451,0.764,0.0186,0.0257,0.5031,0.0806,0.0299,0.0878,0.1792,0.0752
3399,0.502,1708.21,466.66,1.51,0.466,0.547,0.284,0.972,0.3051,0.015,0.0532,0.1566,0.3453,0.0317,0.0647,0.0284
3400,0.754,3537.03,532.59,1.32,0.275,0.352,0.44,0.579,0.0035,0.2982,0.3251,0.0754,0.0424,0.0479,0.0432,0.1643
3401,0.251,3320.25,333.0,1.57,0.573,0.559,0.029,0.548,0.0023,0.2953,0.0253,0.433,0.0856,0.0222,0.0953,0.041
3402,0.368,3334.71,949.74,1.34,0.085,0.608,0.261,0.858,0.1342,0.0461,0.2745,0.1142,0.0116,0.0857,0.0203,0.3133
3403,0.412,2260.36,241.91,1.29,0.12,0.628,0.209,0.817,0.1049,0.1805,0.0311,0.0337,0.2176,0.0378,0.3832,0.011
3404,0.283,3212.24,445.37,1.47,0.037,0.636,0.119,0.458,0.269,0.1129,0.2783,0.1046,0.0044,0.053,0.0124,0.1654
3405,0.304,1601.61,421.88,1.31,0.456,0.583,0.423,0.569,0.0234,0.0415,0.0542,0.1641,0.1173,0.3359,0.2378,0.0258
3406,0.359,5511.57,1338.98,1.48,0.433,0.564,0.064,0.851,0.2245,0.1609,0.0523,0.2708,0.009,0.0332,0.1939,0.0556
3407,0.711,2712.29,710.42,1.26,0.348,0.565,0.251,0.692,0.236,0.141,0.1865,0.1941,0.0245,0.0492,0.0851,0.0836
3408,0.393,3292.26,903.0,1.26,0.307,0.305,0.24,0.78,0.5808,0.0624,0.0156,0.182,0.0185,0.0327,0.0402,0.0679
3409,0.346,1751.08,559.88,1.31,0.644,0.737,0.355,0.605,0.3761,0.0344,0.215,0.2818,0.0129,0.041,0.0097,0.0291
3410,0.374,2512.48,557.83,1.45,0.035,0.436,0.242,0.463,0.0612,0.0085,0.2115,0.1492,0.2858,0.1932,0.0285,0.0622
3411,0.853,3274.03,616.47,1.57,0.454,0.545,0.787,0.699,0.1508,0.0119,0.2289,0.0154,0.4619,0.0918,0.0173,0.022
3412,0.617,1621.11,443.6,1.5,0.192,0.358,0.113,0.744,0.1617,0.1695,0.1225,0.116,0.1887,0.0012,0.2405,0.0
3413,0.575,1567.57,333.82,1.31,0.308,0.388,0.294,0.686,0.0572,0.2074,0.2682,0.0222,0.0315,0.1194,0.2109,0.0832
3414,0.75,2313.49,236.13,1.34,0.181,0.693,0.279,0.827,0.0546,0.0074,0.0969,0.3454,0.0103,0.0044,0.0289,0.4521
3415,0.416,3279.64,507.35,1.38,0.333,0.322,0.033,0.651,0.0293,0.0764,0.0409,0.1408,0.5368,0.0217,0.0005,0.1536
3416,0.47,1044.72,257.8,1.18,0.127,0.622,0.417,0.635,0.0415,0.1782,0.0684,0.164,0.0526,0.4072,0.0858,0.0022
3417,0.136,1531.03,429.54,1.37,0.349,0.287,0.404,0.483,0.0204,0.1473,0.0842,0.1032,0.0825,0.0604,0.2527,0.2493
3418,0.582,3897.43,905.67,1.36,0.305,0.366,0.127,0.368,0.2291,0.255,0.0871,0.0338,0.3196,0.0264,0.0209,0.028
3419,0.478,1333.61,167.54,1.42,0.443,0.273,0.278,0.825,0.3007,0.059,0.0521,0.0128,0.0146,0.2857,0.0311,0.2439
3420,0.598,3842.85,1016.62,1.53,0.359,0.544,0.314,0.662,0.0603,0.004,0.2599,0.0443,0.0663,0.1819,0.005,0.3782
3421,0.249,1214.49,244.36,1.57,0.116,0.686,0.394,0.863,0.0814,0.1157,0.3099,0.0643,0.1135,0.0398,0.2195,0.0559
3422,0.804,1785.32,280.21,1.55,0.331,0.766,0.254,0.77,0.0411,0.0915,0.0885,0.1272,0.0112,0.1092,0.0951,0.4363
3423,0.805,2429.26,469.84,1.4,0.52,0.306,0.456,0.444,0.1998,0.1145,0.168,0.0624,0.1398,0.1873,0.1168,0.0114
3424,0.355,4305.15,1166.77,1.57,0.025,0.603,0.309,0.887,0.3167,0.0484,0.0316,0.3131,0.024,0.2301,0.0336,0.0026
3425,0.239,1466.65,354.76,1.59,0.208,0.836,0.529,0.434,0.1583,0.2389,0.0017,0.1348,0.1102,0.0619,0.231,0.0631
3426,0.402,1045.6,182.28,1.2,0.558,0.71,0.43,0.938,0.0021,0.0274,0.0118,0.3094,0.0047,0.5373,0.0641,0.0432
3427,0.773,1448.86,456.48,1.21,0.17,0.25,0.122,0.67,0.023,0.0787,0.0822,0.0329,0.0672,0.2233,0.4564,0.0362
3428,0.726,3602.63,1099.14,1.42,0.133,0.764,0.419,0.371,0.0561,0.0951,0.1658,0.0532,0.0238,0.386,0.2013,0.0187
3429,0.769,1473.63,162.98,1.51,0.217,0.292,0.548,0.842,0.0036,0.1683,0.0182,0.0102,0.3876,0.2883,0.0034,0.1204
3430,0.74,4017.74,1186.63,1.43,0.07,0.417,0.18,0.825,0.2552,0.5351,0.028,0.0515,0.0362,0.0176,0.0739,0.0024
3431,0.254,1967.27,476.11,1.37,0.37,0.478,0.227,0.337,0.1339,0.1259,0.2529,0.3425,0.0522,0.0472,0.0006,0.0449
3432,0.244,1876.44,218.1,1.43,0.61,0.188,0.298,0.713,0.2516,0.031,0.0368,0.0426,0.1078,0.0434,0.2521,0.2348
3433,0.32,2244.22,485.14,1.29,0.167,0.852,0.243,0.538,0.0822,0.1422,0.2765,0.0233,0.2102,0.0034,0.1513,0.1107
3434,0.676,1757.64,177.41,1.47,0.026,0.2,0.042,0.643,0.0026,0.0413,0.426,0.0029,0.0101,0.3123,0.1435,0.0614
3435,0.669,2549.27,871.62,1.57,0.501,0.501,0.346,0.397,0.035,0.254,0.1169,0.0175,0.0502,0.0482,0.3037,0.1743
3436,0.592,1439.41,403.3,1.57,0.457,0.47,0.104,0.762,0.1213,0.1944,0.0539,0.3505,0.031,0.0565,0.0334,0.1589
3437,0.501,3791.92,1216.14,1.52,0.396,0.539,0.116,0.92,0.1187,0.0103,0.0162,0.302,0.2338,0.1542,0.0582,0.1065
3438,0.187,1214.57,278.08,1.42,0.618,0.704,0.307,0.791,0.0171,0.0221,0.0897,0.15,0.5255,0.0802,0.0031,0.1123
3439,0.373,2450.43,804.42,1.32,0.42,0.514,0.104,0.628,0.0259,0.047,0.2746,0.1723,0.0985,0.1491,0.1401,0.0926
3440,0.571,1516.89,234.49,1.38,0.576,0.46,0.186,0.787,0.3958,0.0737,0.0373,0.1361,0.0056,0.1698,0.1767,0.0049
3441,0.351,1640.1,421.04,1.27,0.435,0.666,0.334,0.398,0.1022,0.0042,0.0114,0.2692,0.1623,0.1709,0.2651,0.0147
3442,0.361,1758.14,226.27,1.4,0.3,0.302,0.793,0.802,0.0232,0.0162,0.2416,0.1548,0.5412,0.0115,0.0051,0.0063
3443,0.585,7619.61,2455.53,1.57,0.693,0.525,0.324,0.783,0.2355,0.0159,0.1567,0.1416,0.1786,0.1138,0.0327,0.1251
3444,0.569,2279.88,281.14,1.42,0.464,0.792,0.571,0.859,0.0579,0.2085,0.0119,0.4376,0.0787,0.0553,0.0529,0.0972
3445,0.58,1660.31,404.99,1.38,0.365,0.331,0.533,0.772,0.1647,0.0097,0.1247,0.3475,0.1804,0.0332,0.1057,0.034
3446,0.539,1888.4,452.46,1.38,0.08,0.694,0.13,0.471,0.0553,0.0579,0.0887,0.0866,0.4718,0.077,0.0173,0.1454
3447,0.504,1212.92,172.33,1.17,0.387,0.476,0.286,0.939,0.3876,0.0059,0.2425,0.0836,0.1067,0.0002,0.1502,0.0232
3448,0.781,2387.45,565.16,1.43,0.351,0.578,0.58,0.81,0.1443,0.0031,0.2771,0.0258,0.1802,0.0382,0.326,0.0053
3449,0.352,4258.47,870.75,1.38,0.13,0.497,0.378,0.711,0.0529,0.0043,0.2249,0.0676,0.0688,0.5003,0.0253,0.0559
3450,0.506,2536.08,280.54,1.48,0.566,0.49,0.465,0.639,0.2328,0.0143,0.0352,0.0057,0.3003,0.1236,0.2601,0.0279
3451,0.325,2868.83,815.2,1.26,0.283,0.275,0.702,0.686,0.1745,0.0001,0.0528,0.1496,0.2752,0.1135,0.1512,0.0832
3452,0.175,1263.36,231.51,1.34,0.498,0.08,0.176,0.915,0.115,0.0709,0.1284,0.0084,0.0181,0.0979,0.4674,0.0939
3453,0.441,1971.59,276.55,1.51,0.354,0.742,0.716,0.576,0.0422,0.008,0.3538,0.0796,0.1814,0.116,0.0657,0.1532
3454,0.963,3002.43,365.28,1.35,0.662,0.469,0.45,0.795,0.0052,0.1756,0.0486,0.2611,0.0162,0.2122,0.1185,0.1625
3455,0.473,1628.54,442.97,1.57,0.16,0.276,0.263,0.577,0.0031,0.1408,0.1349,0.2512,0.0436,0.1244,0.1663,0.1358
3456,0.417,2476.08,507.35,1.39,0.516,0.552,0.062,0.522,0.0246,0.0212,0.071,0.009,0.391,0.3701,0.0676,0.0456
3457,0.344,2586.06,880.24,1.45,0.33,0.678,0.149,0.598,0.1172,0.3034,0.0029,0.1941,0.1226,0.1735,0.0344,0.0519
3458,0.803,3199.56,1084.81,1.2,0.371,0.433,0.203,0.824,0.2444,0.1963,0.0249,0.1097,0.008,0.0324,0.1835,0.2008
3459,0.38,1943.8,288.41,1.34,0.159,0.514,0.115,0.423,0.0803,0.2053,0.1922,0.0514,0.251,0.028,0.1753,0.0165
3460,0.83,4033.64,503.76,1.28,0.012,0.374,0.458,0.338,0.0075,0.2281,0.1356,0.1637,0.1624,0.044,0.2177,0.0411
3461,0.519,2014.22,453.35,1.2,0.252,0.295,0.177,0.685,0.3795,0.0139,0.0561,0.0073,0.5113,0.0026,0.0261,0.0033
3462,0.183,1589.67,232.48,1.51,0.343,0.395,0.325,0.919,0.2628,0.0045,0.2229,0.2552,0.1572,0.0112,0.0239,0.0623
3463,0.569,4080.45,872.08,1.54,0.212,0.551,0.01,0.594,0.0235,0.0229,0.0075,0.3735,0.0065,0.0124,0.4102,0.1434
3464,0.269,1240.18,162.16,1.53,0.202,0.202,0.368,0.702,0.1318,0.1746,0.1561,0.2458,0.022,0.1268,0.0159,0.1268
3465,0.275,980.49,207.06,1.29,0.498,0.349,0.223,0.794,0.1425,0.0122,0.2476,0.382,0.0001,0.1596,0.004,0.0521
3466,0.693,1725.52,223.66,1.18,0.047,0.201,0.199,0.674,0.2228,0.1042,0.0293,0.0107,0.1907,0.1889,0.1578,0.0956
3467,0.268,2252.76,782.09,1.4,0.41,0.499,0.116,0.339,0.0084,0.0659,0.0595,0.0287,0.2789,0.2159,0.0022,0.3406
3468,0.486,3663.81,492.46,1.57,0.323,0.49,0.365,0.884,0.0443,0.1878,0.1205,0.0357,0.3371,0.2216,0.0415,0.0115
3469,0.541,1734.3,238.77,1.37,0.53,0.417,0.54,0.555,0.2067,0.1395,0.0196,0.0399,0.2213,0.2086,0.1408,0.0236
3470,0.473,4499.06,627.08,1.47,0.048,0.465,0.413,0.553,0.5475,0.0227,0.0473,0.1383,0.0097,0.0604,0.16,0.014
3471,0.573,2323.09,441.08,1.48,0.347,0.371,0.161,0.632,0.0155,0.1083,0.0709,0.0354,0.0699,0.372,0.2939,0.0342
3472,0.545,2161.68,308.46,1.37,0.246,0.563,0.2,0.702,0.1231,0.3169,0.0834,0.1882,0.1621,0.0741,0.0027,0.0497
3473,0.334,1430.28,302.69,1.45,0.272,0.442,0.464,0.833,0.1905,0.2415,0.025,0.3575,0.0039,0.0521,0.1187,0.0108
3474,0.404,4568.61,928.48,1.52,0.193,0.315,0.121,0.59,0.123,0.2918,0.059,0.0187,0.2628,0.1681,0.0012,0.0754
3475,0.422,1991.79,574.52,1.21,0.423,0.434,0.102,0.597,0.0015,0.0214,0.3378,0.0742,0.0682,0.4078,0.0545,0.0343
3476,0.43,1247.48,344.94,1.28,0.429,0.791,0.289,0.709,0.4106,0.0034,0.0583,0.1186,0.0171,0.0039,0.2313,0.1568
3477,0.365,5471.28,1789.42,1.42,0.362,0.529,0.096,0.576,0.2653,0.0226,0.0296,0.0448,0.0045,0.0589,0.438,0.1364
3478,0.674,2832.0,942.29,1.39,0.358,0.647,0.267,0.702,0.0605,0.151,0.0303,0.1631,0.327,0.0894,0.1699,0.0089
3479,0.22,2577.03,437.6,1.34,0.262,0.41,0.151,0.774,0.1014,0.0427,0.0128,0.0369,0.2947,0.0204,0.196,0.2953
3480,0.797,5030.71,789.79,1.32,0.642,0.37,0.375,0.738,0.0351,0.1401,0.1465,0.2153,0.1131,0.1957,0.0038,0.1503
3481,0.268,2466.96,749.28,1.49,0.381,0.721,0.418,0.861,0.0068,0.3968,0.0522,0.0448,0.3524,0.0089,0.0021,0.1359
3482,0.57,3387.57,632.32,1.47,0.077,0.537,0.066,0.911,0.136,0.0742,0.3204,0.0235,0.0057,0.0573,0.0508,0.3321
3483,0.5,2258.52,693.89,1.25,0.13,0.305,0.3,0.534,0.0097,0.0805,0.2119,0.0224,0.1051,0.0894,0.1983,0.2827
3484,0.738,3348.1,1150.99,1.55,0.412,0.486,0.226,0.79,0.4825,0.0156,0.0213,0.188,0.0014,0.1712,0.0681,0.0519
3485,0.562,2253.56,473.97,1.59,0.399,0.446,0.405,0.727,0.0534,0.2004,0.0073,0.1518,0.065,0.0275,0.3874,0.1073
3486,0.567,2271.25,722.83,1.38,0.415,0.647,0.199,0.85,0.0215,0.0535,0.0073,0.013,0.3132,0.057,0.1009,0.4337
3487,0.434,2234.83,449.95,1.49,0.11,0.392,0.399,0.742,0.0496,0.118,0.1791,0.2189,0.0072,0.0975,0.2675,0.062
3488,0.359,1739.72,392.93,1.47,0.413,0.62,0.156,0.791,0.1872,0.0573,0.125,0.2522,0.0344,0.0756,0.1367,0.1316
3489,0.639,2907.75,864.82,1.19,0.313,0.627,0.431,0.276,0.1129,0.2202,0.0984,0.0198,0.1613,0.1167,0.1255,0.1451
3490,0.773,3102.53,967.08,1.51,0.433,0.57,0.083,0.567,0.0581,0.0209,0.2314,0.0013,0.0229,0.6226,0.0275,0.0153
3491,0.726,3443.35,351.05,1.26,0.311,0.47,0.169,0.423,0.1758,0.1888,0.0738,0.2472,0.0227,0.0571,0.0887,0.146
3492,0.44,2759.6,320.25,1.23,0.176,0.27,0.244,0.669,0.0402,0.0834,0.1286,0.4253,0.0275,0.0598,0.2101,0.0251
3493,0.817,5766.11,1599.62,1.16,0.428,0.505,0.131,0.885,0.1794,0.1,0.1335,0.0188,0.0003,0.0002,0.1133,0.4546
3494,0.642,3627.71,721.7,1.27,0.737,0.426,0.471,0.681,0.0,0.115,0.2236,0.1238,0.191,0.3077,0.0048,0.034
3495,0.399,1921.88,496.28,1.31,0.376,0.829,0.247,0.401,0.0733,0.578,0.0201,0.0003,0.0179,0.1187,0.1399,0.0518
3496,0.641,2852.36,541.97,1.33,0.481,0.618,0.28,0.487,0.1532,0.0725,0.0821,0.1262,0.2461,0.0969,0.0449,0.1782
3497,0.864,4659.32,1531.88,1.38,0.296,0.559,0.223,0.962,0.1265,0.1735,0.0791,0.1223,0.0865,0.0323,0.2802,0.0996
3498,0.748,1715.46,410.28,1.37,0.503,0.674,0.132,0.828,0.0405,0.0192,0.0016,0.0727,0.3015,0.142,0.0198,0.4028
3499,0.098,3860.47,821.94,1.32,0.426,0.162,0.286,0.94,0.1182,0.0158,0.1815,0.0599,0.4326,0.0486,0.0052,0.1383
3500,0.115,1280.17,412.61,1.43,0.355,0.498,0.33,0.789,0.082,0.506,0.0099,0.0041,0.0409,0.2887,0.0444,0.024
3501,0.465,3107.42,368.99,1.53,0.264,0.396,0.241,0.783,0.1205,0.0686,0.0223,0.2766,0.0891,0.2843,0.1377,0.0009
3502,0.396,2089.25,568.51,1.18,0.174,0.085,0.467,0.536,0.3947,0.1852,0.0409,0.0,0.0348,0.0084,0.0208,0.3152
3503,0.801,2520.6,405.51,1.37,0.58,0.8,0.149,0.48,0.0369,0.0558,0.1891,0.0639,0.0073,0.4785,0.0009,0.1675
3504,0.533,1335.54,201.2,1.16,0.135,0.621,0.548,0.862,0.0019,0.1952,0.1177,0.0217,0.5985,0.0179,0.0027,0.0443
3505,0.37,2950.67,636.72,1.37,0.385,0.666,0.502,0.85,0.0787,0.2866,0.0535,0.044,0.0178,0.1589,0.28,0.0806
3506,0.489,1311.63,407.8,1.17,0.06,0.394,0.234,0.963,0.0053,0.2733,0.0796,0.0133,0.0007,0.094,0.4978,0.0359
3507,0.669,1355.12,278.47,1.27,0.739,0.347,0.219,0.882,0.061,0.0003,0.0394,0.4537,0.0695,0.2626,0.0164,0.0971
3508,0.451,3419.71,376.17,1.29,0.14,0.376,0.06,0.475,0.0173,0.2361,0.0514,0.1099,0.011,0.0441,0.0217,0.5086
3509,0.647,4882.03,1079.27,1.33,0.773,0.62,0.579,0.888,0.1268,0.0016,0.0759,0.077,0.4607,0.1412,0.0073,0.1094
3510,0.43,1627.35,318.33,1.6,0.567,0.63,0.037,0.835,0.018,0.2928,0.6039,0.0064,0.0097,0.059,0.0068,0.0033
3511,0.596,3472.67,869.87,1.48,0.271,0.298,0.083,0.606,0.1036,0.0258,0.2012,0.2073,0.0887,0.0311,0.1545,0.1877
3512,0.58,3171.07,682.14,1.53,0.201,0.292,0.148,0.828,0.085,0.2129,0.0405,0.3474,0.0226,0.1065,0.0034,0.1818
3513,0.621,2270.4,429.99,1.56,0.482,0.341,0.034,0.673,0.1322,0.0915,0.1939,0.0206,0.2887,0.0928,0.1737,0.0066
3514,0.162,3075.22,1017.51,1.28,0.434,0.664,0.493,0.85,0.5309,0.2722,0.021,0.098,0.0104,0.0011,0.0625,0.004
3515,0.648,2236.81,576.38,1.18,0.133,0.332,0.595,0.394,0.0479,0.3257,0.0166,0.287,0.0932,0.1161,0.1134,0.0003
3516,0.322,2453.64,676.94,1.26,0.371,0.664,0.12,0.699,0.3506,0.0016,0.2234,0.0284,0.004,0.0444,0.2647,0.083
3517,0.336,1218.09,196.55,1.58,0.321,0.535,0.215,0.682,0.2459,0.1889,0.0098,0.0508,0.0154,0.0752,0.3629,0.0509
3518,0.415,1298.14,290.63,1.48,0.359,0.665,0.202,0.833,0.0394,0.0904,0.0895,0.5089,0.087,0.028,0.0386,0.1183
3519,0.415,3362.83,547.5,1.42,0.146,0.122,0.128,0.773,0.0143,0.3459,0.0014,0.1797,0.3357,0.1082,0.0097,0.0051
3520,0.597,2900.37,688.93,1.59,0.314,0.534,0.304,0.786,0.0243,0.1155,0.0193,0.0342,0.328,0.0256,0.3106,0.1425
3521,0.221,1769.45,224.24,1.34,0.362,0.812,0.189,0.34,0.1787,0.2127,0.1261,0.0364,0.3388,0.0923,0.0102,0.0048
3522,0.837,5609.14,1880.23,1.51,0.552,0.346,0.213,0.903,0.2568,0.0042,0.1436,0.0113,0.2164,0.1399,0.1277,0.1001
3523,0.494,4704.14,629.99,1.39,0.022,0.609,0.389,0.7,0.1475,0.0164,0.0663,0.2937,0.2541,0.0486,0.0366,0.1368
3524,0.692,2910.01,520.08,1.53,0.41,0.183,0.491,0.27,0.0188,0.4981,0.0126,0.0897,0.1258,0.0451,0.1129,0.097
3525,0.265,1076.05,145.69,1.54,0.261,0.823,0.087,0.81,0.215,0.0061,0.0225,0.2291,0.0944,0.1248,0.0957,0.2124
3526,0.23,1801.43,314.75,1.2,0.485,0.697,0.464,0.747,0.0086,0.3858,0.0002,0.0548,0.1953,0.1193,0.1193,0.1167
3527,0.519,1600.42,197.1,1.34,0.446,0.61,0.397,0.514,0.175,0.0324,0.108,0.2836,0.0011,0.1054,0.0239,0.2707
3528,0.937,2836.41,929.01,1.31,0.103,0.61,0.467,0.623,0.1766,0.0369,0.2359,0.1781,0.0378,0.0745,0.208,0.0521
3529,0.787,1757.05,327.47,1.44,0.049,0.168,0.169,0.589,0.1409,0.1414,0.0002,0.4861,0.0686,0.1118,0.0436,0.0075
3530,0.858,1636.23,387.34,1.33,0.245,0.585,0.236,0.371,0.351,0.0114,0.0184,0.1566,0.0399,0.2144,0.0298,0.1786
3531,0.521,904.19,223.71,1.49,0.055,0.218,0.26,0.626,0.0165,0.1672,0.307,0.1669,0.0003,0.0634,0.2341,0.0447
3532,0.174,1942.74,289.74,1.32,0.27,0.691,0.279,0.771,0.4093,0.1386,0.032,0.0833,0.016,0.0035,0.256,0.0612
3533,0.336,802.3,276.52,1.31,0.134,0.453,0.158,0.496,0.2191,0.1034,0.068,0.0375,0.0903,0.094,0.2614,0.1261
3534,0.35,1785.15,575.9,1.27,0.238,0.196,0.207,0.734,0.0144,0.0329,0.0311,0.096,0.544,0.0183,0.2444,0.019
3535,0.427,2800.69,423.05,1.37,0.59,0.822,0.154,0.788,0.0328,0.1365,0.0439,0.1363,0.0379,0.1928,0.4141,0.0058
3536,0.613,1756.84,592.17,1.43,0.193,0.662,0.384,0.842,0.2758,0.1022,0.0384,0.0056,0.3523,0.0199,0.1996,0.0062
3537,0.366,1327.22,449.22,1.43,0.337,0.448,0.329,0.627,0.0527,0.3625,0.1243,0.0705,0.0012,0.0198,0.0433,0.3257
3538,0.447,2087.82,518.33,1.37,0.331,0.476,0.232,0.56,0.0727,0.0143,0.0828,0.1336,0.1048,0.2202,0.1223,0.2493
3539,0.691,1751.23,211.79,1.54,0.423,0.651,0.051,0.431,0.002,0.151,0.0573,0.23,0.4227,0.0086,0.116,0.0125
3540,0.701,2640.21,283.45,1.26,0.578,0.615,0.434,0.488,0.1355,0.0066,0.1283,0.2007,0.0897,0.055,0.2405,0.1438
3541,0.581,1526.19,362.5,1.29,0.647,0.301,0.293,0.341,0.1047,0.0172,0.1894,0.0537,0.0539,0.4462,0.1274,0.0076
3542,0.763,2422.63,587.33,1.37,0.163,0.154,0.426,0.238,0.0365,0.0332,0.3624,0.1453,0.0228,0.2216,0.1178,0.0604
3543,0.696,2129.31,686.45,1.35,0.585,0.499,0.065,0.825,0.141,0.231,0.0612,0.3395,0.018,0.0725,0.0004,0.1365
3544,0.746,2493.86,699.86,1.42,0.255,0.115,0.258,0.553,0.0639,0.2827,0.2791,0.0165,0.1152,0.0093,0.2306,0.0027
3545,0.376,3961.94,788.8,1.24,0.383,0.913,0.44,0.834,0.1487,0.254,0.1562,0.0062,0.0797,0.1341,0.0993,0.1218
3546,0.597,2519.41,718.5,1.26,0.44,0.921,0.184,0.805,0.0131,0.0374,0.7547,0.049,0.0018,0.1314,0.0038,0.0089
3547,0.624,2886.72,815.04,1.44,0.486,0.736,0.219,0.818,0.2767,0.2767,0.0204,0.0127,0.0871,0.0296,0.2404,0.0564
3548,0.495,1716.01,331.35,1.58,0.268,0.588,0.186,0.732,0.0545,0.0621,0.1109,0.1905,0.0673,0.0258,0.0846,0.4043
3549,0.526,2449.67,562.72,1.48,0.52,0.433,0.667,0.416,0.056,0.0425,0.0117,0.3349,0.056,0.1121,0.2202,0.1666
3550,0.739,2237.22,572.61,1.47,0.272,0.442,0.051,0.372,0.0551,0.1846,0.0065,0.0561,0.1033,0.1856,0.3919,0.0169
3551,0.345,2046.85,327.52,1.34,0.778,0.597,0.199,0.56,0.1652,0.1443,0.2486,0.0432,0.0685,0.002,0.0165,0.3117
3552,0.434,2760.57,450.48,1.25,0.611,0.86,0.571,0.635,0.2251,0.0667,0.0975,0.2051,0.0158,0.12,0.129,0.1408
3553,0.66,1966.62,441.75,1.45,0.462,0.626,0.299,0.954,0.2156,0.2894,0.3053,0.0016,0.0528,0.0495,0.0404,0.0453
3554,0.557,1942.77,613.03,1.5,0.091,0.547,0.191,0.771,0.2066,0.1656,0.0284,0.0141,0.2827,0.0259,0.2046,0.0721
3555,0.675,1992.47,552.57,1.28,0.268,0.376,0.21,0.784,0.01,0.1807,0.2948,0.3097,0.0734,0.018,0.0967,0.0168
3556,0.298,1606.29,242.92,1.19,0.239,0.2,0.124,0.597,0.1196,0.2147,0.0094,0.261,0.0401,0.0429,0.0784,0.2339
3557,0.301,2110.76,232.71,1.58,0.372,0.301,0.431,0.638,0.0786,0.0589,0.0077,0.1024,0.1375,0.3224,0.1956,0.097
3558,0.61,2024.94,676.51,1.56,0.597,0.179,0.599,0.729,0.1588,0.2237,0.0092,0.1106,0.0363,0.1148,0.016,0.3306
3559,0.284,3549.06,640.09,1.55,0.32,0.776,0.285,0.673,0.0608,0.1349,0.1574,0.193,0.119,0.211,0.1067,0.0172
3560,0.436,6226.9,1414.94,1.31,0.768,0.476,0.364,0.441,0.0729,0.0079,0.1522,0.2505,0.2159,0.1367,0.0522,0.1116
3561,0.625,1880.17,206.44,1.36,0.155,0.323,0.277,0.754,0.0062,0.1105,0.0735,0.3483,0.3579,0.0108,0.089,0.0037
3562,0.57,2580.14,514.82,1.26,0.398,0.309,0.121,0.582,0.0011,0.0863,0.3285,0.0018,0.0909,0.0162,0.2305,0.2446
3563,0.358,3087.61,510.05,1.46,0.761,0.198,0.412,0.588,0.0528,0.0408,0.0519,0.0822,0.2938,0.2331,0.0887,0.1567
3564,0.553,2044.13,698.67,1.58,0.156,0.331,0.248,0.636,0.0669,0.1921,0.0016,0.1692,0.4019,0.0019,0.1506,0.0158
3565,0.74,1678.72,312.5,1.21,0.703,0.402,0.045,0.831,0.0062,0.183,0.01,0.0762,0.0449,0.3132,0.2204,0.1462
3566,0.504,4437.45,631.3,1.43,0.082,0.293,0.535,0.832,0.0001,0.0865,0.4141,0.0693,0.2129,0.103,0.0695,0.0446
3567,0.105,2280.39,630.38,1.37,0.223,0.671,0.176,0.919,0.2023,0.0763,0.0672,0.0749,0.0122,0.2176,0.2022,0.1473
3568,0.562,2595.34,509.13,1.16,0.023,0.75,0.227,0.865,0.0662,0.0128,0.3056,0.1074,0.1447,0.0362,0.3251,0.002
3569,0.562,4081.44,1208.55,1.31,0.313,0.311,0.538,0.48,0.0941,0.4275,0.2224,0.0633,0.1279,0.0467,0.0104,0.0076
3570,0.629,3218.21,342.51,1.53,0.152,0.705,0.124,0.471,0.15,0.0175,0.0427,0.0193,0.0837,0.6048,0.0163,0.0657
3571,0.668,2366.03,461.33,1.27,0.232,0.609,0.193,0.2,0.1672,0.0868,0.02,0.1734,0.4969,0.0342,0.0045,0.0171
3572,0.599,1575.74,165.24,1.59,0.409,0.589,0.244,0.594,0.0019,0.1052,0.0128,0.7,0.0499,0.0001,0.1224,0.0076
3573,0.535,1848.44,203.54,1.51,0.301,0.531,0.243,0.733,0.008,0.3386,0.3127,0.2415,0.0363,0.0057,0.0013,0.056
3574,0.287,3162.07,570.35,1.27,0.522,0.242,0.35,0.434,0.2014,0.2307,0.0749,0.2121,0.0276,0.0015,0.0643,0.1875
3575,0.34,2648.52,350.62,1.21,0.35,0.335,0.072,0.931,0.1123,0.0445,0.0057,0.0249,0.4055,0.2294,0.1064,0.0713
3576,0.48,2027.68,473.99,1.25,0.482,0.386,0.153,0.938,0.0912,0.0849,0.3639,0.0523,0.2236,0.0162,0.0116,0.1562
3577,0.172,3677.8,1270.23,1.51,0.321,0.672,0.225,0.387,0.1375,0.0758,0.1947,0.0003,0.0971,0.3332,0.0235,0.1379
3578,0.67,2266.96,739.16,1.26,0.303,0.671,0.146,0.639,0.3377,0.065,0.2611,0.0106,0.0021,0.0155,0.1902,0.1179
3579,0.307,2933.62,656.73,1.29,0.291,0.899,0.155,0.315,0.0149,0.3085,0.0037,0.0866,0.0021,0.0129,0.3911,0.1802
3580,0.333,2193.04,460.32,1.21,0.389,0.7,0.353,0.774,0.636,0.0082,0.0099,0.0131,0.0059,0.0471,0.0215,0.2583
3581,0.621,5103.71,1658.25,1.47,0.068,0.244,0.115,0.588,0.0523,0.3005,0.1282,0.1718,0.0221,0.0231,0.0299,0.2721
3582,0.319,2690.97,688.14,1.36,0.402,0.632,0.217,0.483,0.0247,0.0015,0.0754,0.0186,0.1017,0.2687,0.4777,0.0317
3583,0.534,2292.0,661.38,1.48,0.369,0.303,0.458,0.929,0.3874,0.0174,0.1468,0.06,0.0437,0.2453,0.0062,0.0931
3584,0.713,2295.37,538.87,1.3,0.521,0.375,0.238,0.797,0.2915,0.0331,0.0075,0.2782,0.2976,0.0348,0.0528,0.0045
3585,0.307,1965.23,306.25,1.55,0.413,0.508,0.463,0.701,0.0821,0.3649,0.2107,0.107,0.1877,0.0137,0.0241,0.0099
3586,0.403,1565.73,291.4,1.35,0.127,0.535,0.504,0.411,0.0402,0.249,0.0895,0.0416,0.1992,0.2975,0.0716,0.0114
3587,0.297,1137.49,380.68,1.41,0.083,0.424,0.257,0.39,0.1194,0.0057,0.1487,0.1112,0.3661,0.1677,0.0206,0.0605
3588,0.68,2744.9,642.5,1.37,0.155,0.478,0.198,0.801,0.1651,0.0299,0.3653,0.0507,0.1834,0.0735,0.0537,0.0784
3589,0.459,1744.43,325.41,1.17,0.245,0.45,0.193,0.895,0.1771,0.0078,0.1937,0.0084,0.2495,0.131,0.0481,0.1845
3590,0.365,1651.3,169.02,1.21,0.083,0.168,0.177,0.644,0.0001,0.3383,0.0764,0.0003,0.1863,0.2027,0.0794,0.1164
3591,0.652,2309.2,456.12,1.33,0.26,0.689,0.07,0.457,0.1658,0.1867,0.2565,0.0406,0.0218,0.1884,0.1367,0.0035
3592,0.462,2209.56,387.39,1.16,0.434,0.039,0.259,0.762,0.0354,0.1357,0.1326,0.3637,0.1701,0.0058,0.1317,0.0249
3593,0.278,1947.28,397.49,1.59,0.097,0.609,0.377,0.746,0.0557,0.2873,0.0506,0.0159,0.2068,0.0671,0.0184,0.2981
3594,0.367,4108.34,910.27,1.47,0.431,0.511,0.495,0.496,0.2541,0.0859,0.0821,0.0962,0.1202,0.0894,0.1237,0.1484
3595,0.471,2833.63,736.05,1.47,0.333,0.633,0.35,0.316,0.1072,0.25,0.2656,0.1625,0.0252,0.0459,0.0464,0.0972
3596,0.208,4316.22,1422.61,1.18,0.061,0.526,0.293,0.803,0.0083,0.0047,0.1263,0.0063,0.0003,0.5409,0.0802,0.2329
3597,0.137,1486.92,359.56,1.48,0.267,0.382,0.459,0.626,0.3836,0.0058,0.0184,0.0138,0.2765,0.1092,0.0375,0.1552
3598,0.705,3360.27,1078.46,1.31,0.086,0.589,0.073,0.377,0.2368,0.0229,0.1721,0.2513,0.2034,0.0493,0.0485,0.0159
3599,0.277,1664.88,575.74,1.44,0.045,0.379,0.595,0.773,0.0345,0.1016,0.1649,0.0283,0.0278,0.0597,0.2596,0.3236
3600,0.625,1885.59,208.36,1.39,0.013,0.952,0.557,0.96,0.1683,0.076,0.004,0.371,0.0336,0.0136,0.2422,0.0911
3601,0.575,5424.96,619.96,1.33,0.408,0.274,0.272,0.687,0.0006,0.2615,0.0241,0.0939,0.1822,0.0073,0.3775,0.053
3602,0.738,1836.3,609.83,1.59,0.341,0.899,0.221,0.738,0.008,0.108,0.0373,0.0051,0.1135,0.1222,0.5576,0.0483
3603,0.494,901.78,105.94,1.51,0.122,0.678,0.306,0.722,0.0401,0.093,0.2581,0.0686,0.0077,0.134,0.0346,0.3639
3604,0.433,1604.1,236.55,1.34,0.543,0.767,0.436,0.603,0.0005,0.1652,0.0754,0.0297,0.0019,0.1492,0.1923,0.3857
3605,0.38,924.72,126.13,1.55,0.179,0.43,0.348,0.327,0.027,0.0049,0.3013,0.4448,0.0591,0.0287,0.0155,0.1187
3606,0.333,1372.52,329.34,1.32,0.15,0.521,0.455,0.86,0.115,0.1104,0.0247,0.2132,0.0273,0.2335,0.1305,0.1454
3607,0.368,1454.07,332.14,1.22,0.384,0.314,0.09,0.409,0.1865,0.0128,0.0674,0.5904,0.0144,0.0221,0.057,0.0493
3608,0.57,2326.7,298.0,1.23,0.29,0.204,0.444,0.789,0.0046,0.1275,0.1091,0.0371,0.1116,0.113,0.3508,0.1463
3609,0.603,1027.92,261.34,1.37,0.207,0.529,0.176,0.735,0.0132,0.0016,0.5334,0.0441,0.0391,0.1359,0.0528,0.18
3610,0.228,3036.28,315.28,1.25,0.342,0.549,0.186,0.365,0.075,0.0866,0.3896,0.0131,0.0483,0.1341,0.1257,0.1275
3611,0.563,1078.97,336.88,1.28,0.634,0.289,0.621,0.398,0.0139,0.1935,0.1878,0.0234,0.0336,0.0022,0.4345,0.1111
3612,0.38,1961.54,299.72,1.36,0.065,0.332,0.469,0.564,0.4548,0.0569,0.3185,0.0483,0.0275,0.0418,0.0481,0.0042
3613,0.786,2243.43,349.19,1.18,0.289,0.827,0.258,0.773,0.0342,0.0884,0.1075,0.246,0.1069,0.1313,0.1601,0.1257
3614,0.47,3022.93,822.97,1.4,0.354,0.568,0.374,0.75,0.0341,0.3652,0.307,0.0322,0.1543,0.0625,0.0392,0.0055
3615,0.186,2107.04,495.65,1.33,0.091,0.352,0.298,0.82,0.1795,0.489,0.009,0.0116,0.0,0.0547,0.2234,0.0328
3616,0.587,3719.82,988.58,1.31,0.089,0.473,0.213,0.82,0.2755,0.0146,0.2104,0.0295,0.0784,0.0195,0.3587,0.0134
3617,0.2,1598.94,222.26,1.23,0.085,0.341,0.239,0.886,0.0354,0.1299,0.0506,0.4414,0.1166,0.0872,0.0354,0.1036
3618,0.31,1644.72,310.51,1.57,0.155,0.351,0.288,0.405,0.044,0.1697,0.0235,0.0657,0.1076,0.2208,0.0131,0.3555
3619,0.438,2518.34,460.46,1.18,0.159,0.354,0.338,0.72,0.0034,0.0373,0.0046,0.0325,0.1246,0.4102,0.3276,0.0598
3620,0.294,2960.92,1014.13,1.5,0.369,0.438,0.075,0.638,0.0317,0.1534,0.1119,0.019,0.1458,0.2487,0.0883,0.2012
3621,0.559,3172.2,924.05,1.49,0.438,0.377,0.345,0.779,0.2691,0.1067,0.0043,0.0283,0.4182,0.0121,0.0574,0.104
3622,0.425,2409.53,816.08,1.49,0.411,0.356,0.063,0.681,0.0013,0.0445,0.2536,0.107,0.0126,0.0228,0.1681,0.39
3623,0.303,2163.98,536.47,1.31,0.07,0.46,0.79,0.872,0.4382,0.231,0.011,0.0678,0.1367,0.0206,0.0187,0.076
3624,0.556,2244.13,611.07,1.51,0.189,0.588,0.251,0.549,0.0832,0.0058,0.0477,0.0326,0.533,0.1599,0.0732,0.0647
3625,0.279,2289.71,370.88,1.42,0.305,0.751,0.189,0.614,0.0899,0.3931,0.1651,0.0129,0.0096,0.2515,0.0284,0.0495
3626,0.489,4956.35,635.61,1.23,0.409,0.809,0.044,0.711,0.2337,0.0996,0.0393,0.0219,0.1833,0.0077,0.3846,0.0299
3627,0.1,1567.93,371.41,1.41,0.593,0.834,0.285,0.779,0.2117,0.0208,0.1088,0.0545,0.1058,0.3194,0.009,0.17
3628,0.135,1529.11,429.23,1.34,0.414,0.754,0.212,0.547,0.0385,0.1702,0.0005,0.4379,0.0844,0.0231,0.199,0.0464
3629,0.581,1933.67,506.95,1.44,0.515,0.673,0.394,0.252,0.1292,0.0876,0.0469,0.0944,0.0093,0.1411,0.2735,0.2181
3630,0.69,2849.64,936.85,1.44,0.052,0.557,0.121,0.757,0.1185,0.1814,0.0364,0.3063,0.0001,0.008,0.0222,0.3272
3631,0.556,974.21,186.62,1.42,0.288,0.541,0.252,0.716,0.2063,0.0881,0.0651,0.0782,0.2657,0.1448,0.0529,0.0987
3632,0.273,1834.16,264.44,1.45,0.456,0.415,0.272,0.557,0.0093,0.3061,0.1441,0.2447,0.0229,0.122,0.0552,0.0958
3633,0.369,2918.28,399.56,1.24,0.041,0.311,0.296,0.578,0.024,0.2172,0.0562,0.1902,0.1238,0.0888,0.076,0.2238
3634,0.319,1612.92,176.53,1.44,0.283,0.411,0.222,0.202,0.0033,0.1075,0.0031,0.0434,0.1954,0.0644,0.5369,0.0461
3635,0.363,2203.31,524.41,1.47,0.404,0.267,0.138,0.612,0.0388,0.0911,0.0004,0.4812,0.0742,0.1539,0.0963,0.0641
3636,0.378,4793.93,873.73,1.54,0.433,0.61,0.498,0.378,0.1061,0.1806,0.1202,0.0306,0.1944,0.1026,0.0258,0.2397
3637,0.833,2980.79,624.56,1.56,0.451,0.915,0.013,0.708,0.147,0.053,0.1257,0.005,0.1805,0.2179,0.0807,0.1903
3638,0.671,986.24,197.24,1.59,0.451,0.503,0.357,0.425,0.2167,0.1427,0.1448,0.0668,0.0001,0.3704,0.0529,0.0057
3639,0.506,1261.35,295.5,1.38,0.626,0.34,0.233,0.432,0.1557,0.0296,0.0333,0.3129,0.0468,0.0509,0.1783,0.1925
3640,0.458,1952.11,402.73,1.49,0.216,0.809,0.549,0.848,0.1328,0.0243,0.0498,0.3108,0.0932,0.1524,0.0679,0.1687
3641,0.583,1674.55,491.95,1.56,0.106,0.727,0.142,0.783,0.2313,0.0076,0.1005,0.0446,0.0021,0.4362,0.0037,0.174
3642,0.257,1997.58,401.39,1.59,0.144,0.677,0.228,0.312,0.0104,0.0096,0.1493,0.0759,0.2969,0.0359,0.077,0.3449
3643,0.456,1917.19,661.6,1.39,0.262,0.499,0.5,0.565,0.0849,0.0309,0.1177,0.5731,0.0134,0.0147,0.0647,0.1005
3644,0.707,3920.59,863.71,1.33,0.508,0.791,0.198,0.508,0.0279,0.1863,0.2527,0.0507,0.2067,0.0469,0.1782,0.0506
3645,0.4,1349.91,225.78,1.27,0.377,0.487,0.211,0.653,0.0378,0.0173,0.1254,0.038,0.0192,0.2879,0.3782,0.0961
3646,0.205,1706.52,512.21,1.45,0.561,0.482,0.397,0.835,0.1522,0.0706,0.0329,0.3784,0.1694,0.0128,0.0283,0.1553
3647,0.417,2300.41,427.08,1.29,0.343,0.648,0.709,0.576,0.0082,0.5534,0.0073,0.0433,0.0101,0.0055,0.0401,0.3321
3648,0.573,2632.69,568.02,1.46,0.426,0.277,0.105,0.744,0.0361,0.2149,0.1471,0.0908,0.0328,0.1776,0.1599,0.1408
3649,0.402,2218.23,372.5,1.49,0.232,0.683,0.321,0.674,0.1807,0.2062,0.0538,0.2656,0.0067,0.1799,0.0788,0.0283
3650,0.632,902.96,270.82,1.5,0.383,0.482,0.232,0.727,0.043,0.19,0.0593,0.0396,0.0803,0.1469,0.4352,0.0058
3651,0.245,1966.93,474.51,1.45,0.461,0.306,0.132,0.632,0.0094,0.6325,0.0407,0.0263,0.0241,0.07,0.1376,0.0594
3652,0.485,2063.12,368.79,1.28,0.113,0.351,0.206,0.332,0.1307,0.0382,0.0521,0.0432,0.1591,0.2207,0.1619,0.194
3653,0.654,3383.35,952.2,1.16,0.188,0.585,0.222,0.672,0.1493,0.2586,0.1441,0.1433,0.1072,0.0853,0.036,0.0761
3654,0.36,2725.44,402.91,1.17,0.714,0.713,0.465,0.655,0.0061,0.0355,0.0196,0.0474,0.2524,0.2129,0.0383,0.3879
3655,0.571,2527.28,496.82,1.28,0.638,0.223,0.605,0.932,0.1992,0.0536,0.0424,0.2751,0.0013,0.3712,0.0458,0.0114
3656,0.592,2630.08,473.6,1.2,0.342,0.407,0.454,0.673,0.1312,0.0721,0.3229,0.0163,0.0602,0.1666,0.2232,0.0075
3657,0.249,3275.42,965.8,1.24,0.465,0.642,0.261,0.805,0.0949,0.2331,0.2184,0.0297,0.12,0.2502,0.0279,0.0259
3658,0.418,3344.64,951.31,1.21,0.19,0.857,0.246,0.755,0.5678,0.084,0.2473,0.0552,0.0091,0.0043,0.0116,0.0207
3659,0.516,2487.96,715.92,1.17,0.097,0.783,0.153,0.608,0.0567,0.1684,0.012,0.2624,0.0639,0.0305,0.2386,0.1675
3660,0.465,5111.86,587.43,1.59,0.107,0.303,0.269,0.822,0.0932,0.0996,0.1192,0.0835,0.119,0.2238,0.0256,0.236
3661,0.905,2098.37,549.51,1.3,0.473,0.649,0.151,0.882,0.2301,0.0003,0.0256,0.2316,0.0673,0.1321,0.0697,0.2434
3662,0.506,1379.62,218.8,1.38,0.089,0.484,0.255,0.742,0.1715,0.2347,0.021,0.4081,0.1275,0.0361,0.0008,0.0004
3663,0.458,2149.26,732.66,1.3,0.086,0.479,0.499,0.801,0.0974,0.0474,0.0278,0.0825,0.3481,0.122,0.2615,0.0132
3664,0.425,1824.23,428.14,1.33,0.445,0.797,0.294,0.665,0.2078,0.1014,0.0297,0.2824,0.0396,0.0031,0.0538,0.2822
3665,0.325,745.5,240.41,1.16,0.209,0.371,0.218,0.722,0.2969,0.1451,0.0143,0.0957,0.081,0.3006,0.0173,0.0491
3666,0.617,1810.41,444.6,1.55,0.167,0.445,0.075,0.935,0.0301,0.0308,0.5098,0.0339,0.0382,0.1479,0.0058,0.2036
3667,0.667,2765.15,492.29,1.32,0.441,0.702,0.348,0.288,0.0492,0.2143,0.0695,0.0047,0.3686,0.0613,0.2285,0.0038
3668,0.392,2031.52,660.71,1.46,0.24,0.662,0.537,0.823,0.4942,0.1268,0.0054,0.2836,0.0144,0.0143,0.0025,0.0588
3669,0.286,1430.48,313.18,1.34,0.52,0.183,0.193,0.868,0.0271,0.0109,0.0057,0.2146,0.4914,0.0361,0.0238,0.1905
3670,0.637,2415.25,244.87,1.35,0.278,0.689,0.236,0.949,0.0402,0.3983,0.1561,0.0494,0.0649,0.138,0.0232,0.1298
3671,0.459,2269.52,443.87,1.36,0.35,0.709,0.149,0.606,0.0514,0.131,0.0556,0.2686,0.0009,0.1014,0.0872,0.3041
3672,0.684,3236.24,1092.4,1.2,0.296,0.545,0.38,0.398,0.0162,0.1006,0.3504,0.1016,0.317,0.0203,0.0939,0.0
3673,0.888,2071.11,222.51,1.44,0.387,0.689,0.027,0.682,0.1196,0.4347,0.1594,0.0771,0.0315,0.0771,0.0967,0.0039
3674,0.687,3453.41,486.01,1.37,0.194,0.822,0.092,0.722,0.3165,0.1426,0.0056,0.0368,0.0689,0.1244,0.2949,0.0104
3675,0.58,1490.33,196.8,1.32,0.262,0.53,0.254,0.64,0.1156,0.1721,0.0509,0.1007,0.0499,0.0987,0.352,0.0602
3676,0.58,1885.35,476.87,1.51,0.202,0.499,0.151,0.249,0.2846,0.1615,0.1178,0.0171,0.0868,0.1639,0.1075,0.0609
3677,0.709,4856.71,1464.27,1.25,0.277,0.741,0.376,0.782,0.0714,0.0377,0.2949,0.0725,0.217,0.2909,0.0133,0.0022
3678,0.819,1721.88,175.58,1.25,0.418,0.167,0.251,0.441,0.1536,0.0582,0.174,0.1753,0.0086,0.3755,0.0201,0.0346
3679,0.398,1603.58,491.8,1.56,0.189,0.495,0.411,0.845,0.0056,0.197,0.2985,0.0681,0.0867,0.2078,0.0698,0.0665
3680,0.582,1398.37,189.69,1.19,0.594,0.242,0.19,0.288,0.0119,0.0349,0.3534,0.0045,0.1443,0.0118,0.0802,0.359
3681,0.217,1341.62,257.3,1.58,0.532,0.485,0.163,0.626,0.1524,0.345,0.0186,0.0135,0.0339,0.2291,0.1042,0.1034
3682,0.539,2384.94,679.59,1.46,0.037,0.573,0.474,0.449,0.1734,0.1378,0.3518,0.2689,0.0235,0.0093,0.0334,0.002
3683,0.859,3504.91,1166.31,1.48,0.593,0.921,0.381,0.92,0.0735,0.0132,0.1133,0.2003,0.2178,0.0201,0.0745,0.2874
3684,0.891,2660.79,907.55,1.17,0.59,0.457,0.39,0.826,0.0071,0.2846,0.026,0.0758,0.0544,0.1768,0.1526,0.2228
3685,0.459,1897.16,302.42,1.59,0.194,0.684,0.237,0.855,0.0383,0.0954,0.0628,0.568,0.0245,0.0366,0.1226,0.0519
3686,0.595,1413.43,491.3,1.35,0.334,0.706,0.532,0.894,0.0097,0.1279,0.0318,0.0672,0.1149,0.0551,0.5674,0.026
3687,0.491,1643.34,497.7,1.18,0.283,0.256,0.339,0.918,0.0733,0.0094,0.4392,0.0826,0.146,0.08,0.0502,0.1192
3688,0.344,1088.83,242.89,1.41,0.379,0.6,0.538,0.464,0.0976,0.1418,0.0047,0.0017,0.4307,0.1204,0.1356,0.0674
3689,0.382,2774.98,715.09,1.32,0.498,0.508,0.264,0.782,0.2198,0.0012,0.0387,0.1548,0.111,0.2736,0.0801,0.1209
3690,0.27,2667.69,681.92,1.46,0.568,0.157,0.09,0.883,0.3193,0.0245,0.0833,0.0281,0.3161,0.0193,0.0508,0.1587
3691,0.244,1870.15,602.71,1.24,0.22,0.527,0.107,0.538,0.0463,0.2488,0.157,0.0224,0.3771,0.0905,0.0356,0.0224
3692,0.662,2869.55,571.89,1.16,0.477,0.449,0.2,0.542,0.0945,0.0939,0.01,0.0333,0.36,0.2159,0.0178,0.1746
3693,0.48,3102.7,967.57,1.18,0.491,0.71,0.302,0.756,0.082,0.01,0.3299,0.0794,0.2023,0.0053,0.0063,0.2847
3694,0.276,2020.2,599.36,1.33,0.707,0.275,0.254,0.889,0.1053,0.0251,0.1228,0.0127,0.0452,0.3657,0.032,0.2913
3695,0.778,4442.75,608.02,1.24,0.282,0.641,0.851,0.867,0.007,0.0144,0.016,0.0822,0.2293,0.1915,0.0862,0.3735
3696,0.728,1649.75,362.78,1.52,0.492,0.718,0.343,0.633,0.0997,0.0184,0.1928,0.0407,0.013,0.0433,0.2519,0.3402
3697,0.348,1762.26,542.86,1.23,0.646,0.939,0.182,0.841,0.0028,0.0805,0.2289,0.0791,0.1543,0.0038,0.0621,0.3884
3698,0.599,1931.16,661.31,1.21,0.086,0.346,0.24,0.777,0.2452,0.2229,0.0678,0.145,0.148,0.0033,0.0772,0.0906
3699,0.361,2644.53,319.25,1.27,0.108,0.799,0.191,0.468,0.0461,0.0312,0.2927,0.0771,0.2817,0.0076,0.1725,0.0911
3700,0.718,1393.23,479.13,1.55,0.145,0.661,0.253,0.87,0.2823,0.17,0.1199,0.1666,0.0344,0.0373,0.1327,0.0569
3701,0.467,3872.18,1234.13,1.46,0.172,0.3,0.197,0.652,0.0206,0.0508,0.0839,0.1572,0.0607,0.1803,0.3211,0.1255
3702,0.741,3129.57,847.61,1.25,0.126,0.75,0.148,0.727,0.1078,0.0377,0.0566,0.1662,0.3155,0.1232,0.0517,0.1412
3703,0.638,4784.84,924.39,1.34,0.129,0.46,0.23,0.785,0.006,0.5934,0.1121,0.1257,0.0677,0.0005,0.006,0.0885
3704,0.593,2283.66,736.65,1.23,0.123,0.142,0.166,0.602,0.0412,0.0102,0.0001,0.6412,0.0017,0.062,0.0001,0.2434
3705,0.687,1953.74,327.71,1.17,0.508,0.753,0.38,0.874,0.0445,0.0705,0.0359,0.3691,0.251,0.0693,0.1508,0.009
3706,0.208,2416.08,307.09,1.19,0.389,0.698,0.351,0.346,0.0743,0.0126,0.0207,0.1583,0.2073,0.02,0.0645,0.4424
3707,0.385,3128.09,317.15,1.34,0.256,0.614,0.044,0.634,0.2205,0.0329,0.3901,0.0924,0.1724,0.0566,0.0172,0.0177
3708,0.641,1787.54,360.57,1.18,0.237,0.892,0.14,0.932,0.0886,0.3065,0.009,0.1959,0.1738,0.1121,0.0931,0.021
3709,0.707,1106.11,277.78,1.29,0.181,0.589,0.294,0.397,0.188,0.1141,0.0524,0.0695,0.0327,0.0159,0.3247,0.2028
3710,0.741,1204.29,187.02,1.43,0.143,0.856,0.113,0.659,0.2263,0.0906,0.1205,0.003,0.1107,0.1821,0.1221,0.1445
3711,0.151,1986.6,223.72,1.44,0.315,0.433,0.283,0.854,0.2189,0.0414,0.0197,0.0114,0.1424,0.026,0.2694,0.2707
3712,0.489,4066.11,435.99,1.23,0.586,0.436,0.326,0.68,0.1354,0.1373,0.0448,0.0789,0.0422,0.1731,0.2937,0.0946
3713,0.306,1174.2,331.1,1.54,0.573,0.284,0.184,0.84,0.0032,0.1905,0.0183,0.3858,0.1123,0.1412,0.0116,0.1371
3714,0.172,1626.87,319.75,1.21,0.405,0.443,0.176,0.743,0.0058,0.2578,0.3203,0.022,0.1228,0.0613,0.0408,0.1693
3715,0.59,2016.35,521.69,1.49,0.041,0.781,0.221,0.865,0.4002,0.1252,0.0055,0.1381,0.0069,0.084,0.0727,0.1673
3716,0.242,4094.09,735.53,1.51,0.399,0.655,0.38,0.556,0.029,0.0556,0.1197,0.3295,0.0598,0.2276,0.0008,0.1781
3717,0.552,5607.36,775.04,1.22,0.34,0.675,0.216,0.793,0.114,0.0008,0.0146,0.2108,0.2938,0.2027,0.1455,0.0178
3718,0.387,2457.48,298.22,1.43,0.469,0.629,0.317,0.853,0.0544,0.0052,0.0329,0.0841,0.2596,0.4743,0.0084,0.0811
3719,0.566,3277.79,328.63,1.54,0.093,0.327,0.575,0.712,0.3087,0.0392,0.0264,0.1379,0.2017,0.0922,0.0856,0.1082
3720,0.629,3349.11,714.82,1.24,0.638,0.32,0.428,0.72,0.2733,0.0836,0.0314,0.238,0.1803,0.031,0.0479,0.1145
3721,0.466,1299.42,164.28,1.19,0.187,0.539,0.71,0.574,0.1503,0.0849,0.1532,0.074,0.0647,0.2926,0.0651,0.1152
3722,0.303,2608.06,881.55,1.25,0.37,0.702,0.22,0.919,0.1236,0.1189,0.0709,0.0535,0.0304,0.3045,0.1234,0.1748
3723,0.748,1668.06,322.63,1.52,0.652,0.656,0.143,0.66,0.0422,0.0401,0.0185,0.2243,0.0785,0.008,0.4637,0.1246
3724,0.222,1749.82,562.54,1.29,0.367,0.48,0.666,0.664,0.2824,0.1206,0.0496,0.2353,0.1062,0.1592,0.019,0.0276
3725,0.285,3076.29,369.54,1.5,0.16,0.505,0.302,0.542,0.3737,0.0276,0.1181,0.3469,0.0092,0.0014,0.0151,0.1081
3726,0.378,2130.38,274.83,1.31,0.269,0.459,0.191,0.413,0.0501,0.1554,0.1098,0.0016,0.155,0.3015,0.2241,0.0025
3727,0.267,2997.98,671.86,1.53,0.52,0.466,0.501,0.593,0.043,0.1843,0.0541,0.4019,0.0341,0.0109,0.2584,0.0132
3728,0.131,2966.54,895.83,1.33,0.483,0.613,0.131,0.376,0.2227,0.0014,0.0073,0.0665,0.0905,0.0555,0.3382,0.2178
3729,0.684,1204.13,344.54,1.47,0.28,0.537,0.574,0.287,0.004,0.0272,0.0111,0.2798,0.1434,0.1669,0.3595,0.0082
3730,0.707,1029.29,161.43,1.46,0.532,0.769,0.127,0.83,0.1124,0.0053,0.2688,0.028,0.2099,0.2366,0.1183,0.0206
3731,0.477,3472.79,689.69,1.16,0.49,0.921,0.138,0.791,0.002,0.4249,0.1508,0.0946,0.0324,0.1509,0.0237,0.1205
3732,0.463,3502.83,873.24,1.24,0.16,0.416,0.132,0.748,0.1779,0.0052,0.0374,0.036,0.0673,0.209,0.2338,0.2334
3733,0.399,2313.36,406.23,1.15,0.161,0.357,0.082,0.555,0.1033,0.004,0.1481,0.0112,0.2692,0.0316,0.0447,0.3878
3734,0.62,2754.38,386.46,1.54,0.36,0.412,0.413,0.881,0.0344,0.1814,0.1051,0.0961,0.1672,0.1665,0.1841,0.0652
3735,0.138,2535.1,535.29,1.56,0.253,0.545,0.461,0.634,0.0231,0.2613,0.2134,0.0532,0.1156,0.245,0.0819,0.0064
3736,0.311,2810.79,609.89,1.29,0.158,0.687,0.357,0.814,0.1633,0.0171,0.0455,0.0541,0.0314,0.188,0.4198,0.0808
3737,0.345,1791.37,277.84,1.27,0.257,0.27,0.5,0.668,0.2059,0.0539,0.2027,0.0681,0.0174,0.1037,0.2945,0.0538
3738,0.488,3217.0,619.29,1.29,0.464,0.392,0.484,0.675,0.3447,0.021,0.1202,0.0627,0.317,0.022,0.0102,0.1023
3739,0.613,2041.8,288.84,1.16,0.491,0.248,0.424,0.812,0.0215,0.0205,0.0623,0.1444,0.067,0.1181,0.5645,0.0018
3740,0.319,2194.76,502.09,1.3,0.706,0.573,0.085,0.771,0.0538,0.0161,0.1339,0.4744,0.0017,0.292,0.0252,0.0029
3741,0.757,2728.79,830.28,1.35,0.569,0.251,0.25,0.876,0.0595,0.0285,0.0383,0.0693,0.1294,0.0025,0.1016,0.5708
3742,0.405,1485.37,234.19,1.19,0.28,0.726,0.049,0.688,0.0,0.1316,0.0192,0.415,0.0265,0.0549,0.2588,0.0939
3743,0.42,1569.68,515.89,1.2,0.342,0.368,0.237,0.728,0.0636,0.3005,0.0494,0.2975,0.07,0.0108,0.0253,0.1827
3744,0.67,5900.77,766.24,1.3,0.075,0.461,0.411,0.707,0.0059,0.0501,0.2902,0.0261,0.0523,0.1124,0.4529,0.01
3745,0.417,1476.77,503.02,1.33,0.473,0.845,0.192,0.346,0.0383,0.2197,0.0807,0.0387,0.1673,0.3207,0.0381,0.0965
3746,0.589,2686.72,913.45,1.52,0.289,0.336,0.166,0.791,0.0889,0.071,0.0047,0.2523,0.034,0.4363,0.0546,0.0582
3747,0.434,2685.53,644.08,1.53,0.236,0.488,0.139,0.726,0.442,0.0117,0.0153,0.0688,0.06,0.157,0.1945,0.0508
3748,0.179,1783.48,480.98,1.52,0.225,0.267,0.237,0.671,0.1151,0.1223,0.0165,0.0845,0.3711,0.032,0.0871,0.1713
3749,0.574,3006.06,888.59,1.44,0.167,0.416,0.625,0.786,0.382,0.2094,0.0013,0.023,0.0248,0.0239,0.1504,0.1851
3750,0.209,2120.03,316.31,1.58,0.364,0.34,0.128,0.597,0.1644,0.1703,0.0084,0.1792,0.0326,0.0309,0.0415,0.3728
3751,0.736,1760.58,322.11,1.34,0.012,0.472,0.412,0.746,0.0441,0.0618,0.1004,0.2052,0.0483,0.1654,0.3249,0.0499
3752,0.736,3091.78,562.53,1.47,0.01,0.379,0.086,0.873,0.0081,0.2666,0.0474,0.0736,0.0344,0.431,0.0958,0.0431
3753,0.379,1660.06,291.72,1.46,0.211,0.599,0.435,0.915,0.0423,0.2157,0.1287,0.1238,0.0064,0.1634,0.0854,0.2345
3754,0.751,5039.05,877.28,1.18,0.335,0.449,0.485,0.512,0.1652,0.0103,0.3167,0.4357,0.0163,0.0307,0.004,0.0211
3755,0.276,2302.1,614.02,1.5,0.473,0.352,0.409,0.642,0.3022,0.4175,0.0016,0.0858,0.0616,0.0137,0.0141,0.1035
3756,0.331,1515.73,296.19,1.38,0.374,0.679,0.51,0.756,0.0337,0.2564,0.0505,0.0165,0.2814,0.0005,0.0007,0.3603
3757,0.472,2494.77,433.34,1.48,0.041,0.56,0.324,0.537,0.0893,0.1057,0.3644,0.0991,0.0807,0.123,0.0083,0.1295
3758,0.243,1311.85,370.26,1.43,0.273,0.51,0.405,0.42,0.4356,0.0387,0.023,0.1223,0.0676,0.1687,0.0506,0.0935
3759,0.141,1969.77,594.22,1.43,0.549,0.312,0.545,0.6,0.2242,0.1087,0.0574,0.0036,0.0184,0.3412,0.2439,0.0025
3760,0.542,2065.2,277.87,1.56,0.182,0.706,0.118,0.625,0.0603,0.056,0.0006,0.4599,0.0394,0.0499,0.1836,0.1504
3761,0.517,1602.32,351.33,1.39,0.346,0.787,0.347,0.822,0.0268,0.3879,0.0787,0.017,0.0121,0.2262,0.2087,0.0424
3762,0.671,1726.29,303.66,1.26,0.131,0.344,0.058,0.671,0.2214,0.0144,0.198,0.0508,0.2348,0.1185,0.0743,0.0879
3763,0.655,6347.63,1557.88,1.16,0.254,0.672,0.02,0.691,0.0252,0.2105,0.0266,0.2523,0.012,0.3848,0.0447,0.0438
3764,0.605,2423.35,504.64,1.31,0.511,0.704,0.267,0.517,0.3639,0.116,0.0245,0.1179,0.1395,0.1352,0.0873,0.0157
3765,0.785,2147.87,527.19,1.3,0.145,0.636,0.268,0.669,0.1026,0.0136,0.0008,0.1941,0.5352,0.1052,0.0373,0.0111
3766,0.269,1515.71,448.4,1.55,0.315,0.468,0.368,0.286,0.0609,0.381,0.0024,0.2156,0.2314,0.0443,0.0496,0.0147
3767,0.62,2841.96,575.17,1.2,0.496,0.112,0.073,0.56,0.2318,0.0709,0.0401,0.0556,0.3419,0.1069,0.0958,0.0569
3768,0.621,1824.34,409.65,1.18,0.093,0.323,0.417,0.406,0.0852,0.0909,0.1218,0.191,0.0594,0.2337,0.0816,0.1364
3769,0.434,1374.75,243.01,1.22,0.441,0.488,0.32,0.638,0.0257,0.0164,0.1202,0.1209,0.016,0.0262,0.3671,0.3076
3770,0.581,2277.66,278.7,1.34,0.146,0.268,0.22,0.669,0.1847,0.0943,0.0014,0.0291,0.1187,0.0016,0.2971,0.2731
3771,0.346,1991.78,318.5,1.32,0.5,0.234,0.472,0.817,0.0039,0.007,0.1751,0.1716,0.0478,0.1547,0.3063,0.1336
3772,0.691,2064.71,326.23,1.5,0.328,0.362,0.265,0.704,0.0388,0.0004,0.1954,0.2296,0.0178,0.026,0.231,0.261
3773,0.868,1857.34,412.7,1.57,0.231,0.868,0.424,0.775,0.1719,0.5018,0.0128,0.0925,0.1372,0.0044,0.076,0.0034
3774,0.485,1874.49,497.69,1.18,0.297,0.289,0.325,0.91,0.113,0.0407,0.523,0.22,0.0137,0.0213,0.0328,0.0355
3775,0.626,1957.18,396.83,1.26,0.697,0.732,0.08,0.91,0.2494,0.0175,0.4622,0.056,0.0005,0.0869,0.0188,0.1088
3776,0.251,1497.22,319.21,1.42,0.339,0.722,0.056,0.815,0.0643,0.1826,0.2128,0.0546,0.0711,0.0832,0.0004,0.331
3777,0.539,2520.93,589.29,1.46,0.298,0.72,0.182,0.248,0.0102,0.2212,0.22,0.2636,0.0487,0.1623,0.031,0.043
3778,0.264,4690.27,817.48,1.19,0.067,0.471,0.33,0.795,0.1765,0.3068,0.0941,0.1821,0.0285,0.0419,0.1463,0.0237
3779,0.357,3471.16,1044.66,1.57,0.323,0.75,0.026,0.818,0.2093,0.0473,0.0095,0.0078,0.023,0.4463,0.2068,0.0499
3780,0.56,4961.37,1082.15,1.25,0.123,0.598,0.351,0.757,0.0005,0.1229,0.0198,0.3885,0.3,0.0255,0.1374,0.0054
3781,0.473,1734.23,372.07,1.48,0.141,0.592,0.293,0.372,0.3259,0.17,0.1204,0.1071,0.059,0.0226,0.0374,0.1576
3782,0.368,4006.96,954.52,1.2,0.263,0.581,0.147,0.625,0.0174,0.0392,0.1744,0.1506,0.1012,0.0842,0.28,0.153
3783,0.93,2987.43,571.67,1.51,0.644,0.771,0.386,0.775,0.0026,0.2568,0.0368,0.1014,0.0168,0.3033,0.2811,0.0012
3784,0.447,3182.58,397.54,1.35,0.425,0.435,0.405,0.716,0.0497,0.0019,0.2235,0.1378,0.0322,0.5347,0.019,0.0012
3785,0.493,2643.27,553.84,1.52,0.256,0.35,0.35,0.598,0.0374,0.2934,0.1477,0.1061,0.2022,0.1213,0.0737,0.0182
3786,0.386,1806.69,544.51,1.2,0.455,0.752,0.064,0.824,0.0542,0.0066,0.1157,0.0972,0.2789,0.2679,0.0398,0.1395
3787,0.43,2834.09,983.59,1.6,0.053,0.596,0.415,0.809,0.008,0.0244,0.0462,0.112,0.1846,0.4482,0.1761,0.0004
3788,0.467,2633.91,807.24,1.51,0.554,0.561,0.106,0.536,0.0582,0.0733,0.0739,0.6653,0.0251,0.0575,0.0015,0.0452
3789,0.446,1057.05,174.43,1.55,0.516,0.582,0.344,0.798,0.0001,0.098,0.1408,0.0073,0.3014,0.1389,0.287,0.0265
3790,0.566,2177.77,338.2,1.28,0.172,0.489,0.686,0.489,0.2546,0.1229,0.0785,0.1208,0.0484,0.2805,0.0244,0.07
3791,0.688,3453.67,1086.51,1.18,0.341,0.413,0.155,0.561,0.0025,0.0005,0.5555,0.0957,0.0524,0.2118,0.0233,0.0584
3792,0.381,2308.8,617.52,1.32,0.534,0.653,0.391,0.626,0.3083,0.0689,0.0014,0.1196,0.041,0.1078,0.3499,0.0031
3793,0.433,2568.48,711.61,1.26,0.376,0.718,0.194,0.708,0.0175,0.1952,0.2971,0.0162,0.114,0.0027,0.0119,0.3454
3794,0.328,1482.69,234.25,1.22,0.201,0.576,0.451,0.86,0.0059,0.2904,0.0765,0.2648,0.2558,0.0103,0.0935,0.0028
3795,0.387,2297.44,375.67,1.58,0.499,0.259,0.156,0.585,0.1657,0.0777,0.1325,0.0481,0.1087,0.2858,0.0253,0.1562
3796,0.74,2404.03,541.08,1.44,0.432,0.085,0.267,0.639,0.0059,0.0166,0.3257,0.0481,0.2095,0.1242,0.0643,0.2057
3797,0.255,1764.04,321.06,1.35,0.292,0.505,0.099,0.67,0.1928,0.2425,0.1742,0.0223,0.1431,0.0122,0.0451,0.1676
3798,0.164,1374.95,264.92,1.58,0.151,0.719,0.236,0.685,0.2009,0.1339,0.0599,0.002,0.006,0.3333,0.216,0.048
3799,0.701,3534.32,1230.63,1.36,0.098,0.447,0.262,0.473,0.1969,0.0995,0.1198,0.0011,0.0641,0.0001,0.4331,0.0854
3800,0.074,1947.16,378.33,1.5,0.276,0.573,0.131,0.518,0.1261,0.0708,0.0137,0.0192,0.0355,0.0214,0.5883,0.125
3801,0.51,2449.42,770.98,1.41,0.714,0.497,0.259,0.494,0.3204,0.0786,0.0404,0.0012,0.0872,0.384,0.0778,0.0103
3802,0.841,5951.82,1802.29,1.19,0.419,0.749,0.159,0.8,0.0062,0.041,0.0237,0.032,0.0063,0.2472,0.0158,0.6278
3803,0.468,2624.15,591.48,1.55,0.039,0.47,0.46,0.606,0.1235,0.0858,0.012,0.0884,0.1207,0.3321,0.0144,0.2231
3804,0.422,3418.5,1150.2,1.24,0.622,0.441,0.333,0.64,0.072,0.1378,0.2854,0.0779,0.0505,0.0358,0.3093,0.0313
3805,0.621,2627.05,520.43,1.25,0.116,0.598,0.166,0.752,0.0288,0.1922,0.0535,0.0655,0.5537,0.0083,0.0726,0.0254
3806,0.117,1517.07,314.89,1.34,0.106,0.537,0.29,0.572,0.026,0.0742,0.0052,0.0498,0.6554,0.1583,0.0223,0.0088
3807,0.273,1267.27,184.94,1.37,0.197,0.178,0.036,0.492,0.0332,0.4222,0.145,0.0111,0.003,0.0184,0.1443,0.2229
3808,0.493,2423.65,621.02,1.32,0.247,0.313,0.409,0.806,0.0833,0.0101,0.1427,0.0492,0.1693,0.4215,0.0839,0.04
3809,0.55,782.12,133.98,1.28,0.784,0.429,0.315,0.717,0.0772,0.203,0.0529,0.2471,0.0089,0.2171,0.0993,0.0945
3810,0.255,2134.66,450.74,1.47,0.297,0.6,0.29,0.649,0.0048,0.0106,0.2478,0.0016,0.3446,0.0401,0.102,0.2486
3811,0.508,2517.94,791.18,1.33,0.28,0.417,0.254,0.442,0.2284,0.1454,0.0785,0.0132,0.1213,0.0444,0.1276,0.2413
3812,0.877,2441.54,724.93,1.18,0.619,0.487,0.114,0.833,0.1387,0.106,0.1322,0.0066,0.0465,0.159,0.0796,0.3313
3813,0.432,2050.85,259.86,1.48,0.035,0.489,0.146,0.716,0.1271,0.1999,0.0598,0.2558,0.0376,0.1672,0.1191,0.0334
3814,0.847,1593.03,459.07,1.55,0.218,0.523,0.067,0.591,0.073,0.0385,0.0764,0.1791,0.5009,0.0021,0.0617,0.0683
3815,0.699,4263.35,1108.78,1.27,0.343,0.462,0.332,0.694,0.1401,0.1164,0.0417,0.0815,0.1104,0.0004,0.24,0.2695
3816,0.387,1811.89,518.81,1.28,0.781,0.502,0.361,0.696,0.2016,0.0262,0.0163,0.2993,0.128,0.1058,0.1,0.1229
3817,0.756,1706.64,185.36,1.24,0.112,0.329,0.555,0.775,0.1793,0.0137,0.0054,0.0539,0.0165,0.2989,0.3502,0.0821
3818,0.521,2778.51,685.88,1.54,0.056,0.415,0.204,0.314,0.0472,0.0384,0.1908,0.217,0.4742,0.0064,0.0159,0.0101
3819,0.401,2185.25,277.58,1.17,0.056,0.223,0.265,0.832,0.101,0.2926,0.0228,0.21,0.0091,0.0822,0.2808,0.0015
3820,0.442,1853.97,507.05,1.26,0.374,0.563,0.198,0.668,0.1223,0.1614,0.025,0.0587,0.1838,0.0424,0.1127,0.2937
3821,0.185,1520.11,178.28,1.42,0.299,0.744,0.139,0.868,0.063,0.0454,0.2304,0.3602,0.1635,0.0454,0.0882,0.004
3822,0.318,1985.1,253.71,1.37,0.591,0.375,0.658,0.703,0.1275,0.0428,0.2813,0.1011,0.1106,0.0267,0.0276,0.2822
3823,0.142,3046.62,425.67,1.47,0.219,0.339,0.477,0.556,0.0001,0.0114,0.0312,0.0067,0.157,0.0758,0.6147,0.1031
3824,0.913,3266.62,815.69,1.19,0.17,0.235,0.414,0.439,0.0522,0.0696,0.0078,0.2261,0.5149,0.0125,0.024,0.0929
3825,0.684,2398.12,528.98,1.26,0.33,0.641,0.227,0.727,0.012,0.0017,0.0157,0.1323,0.6273,0.0155,0.0246,0.1709
3826,0.527,3153.02,797.58,1.21,0.589,0.534,0.439,0.417,0.0995,0.2824,0.0591,0.1387,0.175,0.0315,0.142,0.0718
3827,0.878,2694.99,521.44,1.21,0.654,0.385,0.156,0.674,0.1154,0.0062,0.0168,0.181,0.0038,0.2731,0.2163,0.1874
3828,0.487,2576.32,681.2,1.49,0.514,0.224,0.63,0.411,0.0016,0.018,0.0274,0.0468,0.1106,0.2617,0.2236,0.3103
3829,0.579,2447.59,488.71,1.58,0.476,0.508,0.211,0.747,0.1083,0.0137,0.1484,0.2189,0.1486,0.0659,0.2032,0.093
3830,0.155,2271.04,501.52,1.16,0.276,0.252,0.496,0.766,0.044,0.0185,0.2129,0.039,0.2781,0.1231,0.1834,0.101
3831,0.57,1920.76,621.21,1.3,0.391,0.431,0.493,0.863,0.0483,0.2347,0.1872,0.1648,0.0205,0.2566,0.0872,0.0008
3832,0.356,1290.71,224.41,1.53,0.561,0.384,0.232,0.89,0.0577,0.0078,0.0778,0.6331,0.1088,0.0099,0.0707,0.0343
3833,0.776,3652.96,977.8,1.36,0.522,0.547,0.059,0.876,0.2694,0.2745,0.2734,0.0007,0.077,0.0131,0.0237,0.068
3834,0.48,3988.89,559.88,1.23,0.207,0.607,0.116,0.748,0.2118,0.3131,0.276,0.0568,0.0978,0.0277,0.0098,0.007
3835,0.318,1285.73,376.59,1.16,0.103,0.903,0.442,0.721,0.4148,0.0825,0.0325,0.1189,0.0676,0.0229,0.2538,0.0069
3836,0.45,2308.62,319.19,1.24,0.073,0.06,0.221,0.707,0.1455,0.2038,0.1111,0.1637,0.059,0.1648,0.0292,0.123
3837,0.814,2162.98,666.15,1.31,0.278,0.309,0.349,0.774,0.1731,0.0135,0.3533,0.0067,0.0438,0.0923,0.0611,0.2562
3838,0.586,3293.15,364.29,1.15,0.129,0.764,0.075,0.608,0.2247,0.0543,0.0465,0.1749,0.2348,0.0731,0.1895,0.0022
3839,0.928,3008.08,518.37,1.36,0.188,0.706,0.352,0.653,0.0909,0.0943,0.142,0.0069,0.131,0.1909,0.061,0.283
3840,0.034,6238.02,1672.84,1.55,0.361,0.327,0.331,0.938,0.3576,0.038,0.1408,0.2315,0.0575,0.0705,0.0531,0.051
3841,0.395,1846.3,228.37,1.2,0.602,0.085,0.336,0.815,0.1139,0.0513,0.7319,0.026,0.0196,0.0014,0.002,0.0538
3842,0.29,3618.56,1191.87,1.23,0.205,0.491,0.212,0.8,0.1775,0.0783,0.008,0.1021,0.2427,0.0782,0.0882,0.2249
3843,0.58,4433.17,998.88,1.22,0.083,0.362,0.146,0.31,0.0625,0.0611,0.4334,0.1532,0.1757,0.0755,0.0329,0.0057
3844,0.931,3377.38,692.97,1.59,0.493,0.543,0.542,0.708,0.2672,0.3958,0.0972,0.0899,0.0021,0.0982,0.0446,0.0049
3845,0.646,2421.57,582.19,1.55,0.113,0.525,0.242,0.561,0.0792,0.0057,0.3204,0.0441,0.0224,0.1025,0.1555,0.2701
3846,0.48,2270.28,726.35,1.21,0.077,0.554,0.12,0.512,0.3754,0.0201,0.0627,0.3723,0.0684,0.0362,0.0151,0.0498
3847,0.585,2321.06,377.27,1.36,0.389,0.514,0.356,0.801,0.0925,0.2798,0.1893,0.159,0.0629,0.0297,0.1644,0.0224
3848,0.675,3808.04,807.08,1.43,0.544,0.386,0.368,0.795,0.0523,0.0071,0.0072,0.19,0.0364,0.1032,0.3427,0.2612
3849,0.684,1714.42,241.58,1.59,0.177,0.419,0.518,0.712,0.3033,0.1385,0.1336,0.0848,0.0054,0.0404,0.1616,0.1324
3850,0.5,2071.69,681.17,1.21,0.47,0.645,0.039,0.867,0.1054,0.051,0.0233,0.1633,0.3413,0.0669,0.1533,0.0955
3851,0.327,1787.48,620.67,1.51,0.496,0.791,0.308,0.597,0.0372,0.0183,0.2742,0.011,0.446,0.0207,0.0054,0.1873
3852,0.586,1159.48,218.99,1.51,0.319,0.347,0.305,0.596,0.0293,0.3611,0.0394,0.2388,0.0976,0.1719,0.0448,0.0171
3853,0.551,3201.28,853.48,1.46,0.667,0.197,0.187,0.478,0.2178,0.256,0.0088,0.0001,0.0486,0.018,0.159,0.2916
3854,0.446,3280.96,907.88,1.34,0.77,0.452,0.041,0.821,0.1492,0.4078,0.0022,0.0717,0.2467,0.004,0.0133,0.1051
3855,0.298,1525.36,287.12,1.6,0.418,0.758,0.24,0.808,0.0411,0.1014,0.0472,0.3449,0.0793,0.0539,0.1985,0.1336
3856,0.377,3111.36,1013.54,1.56,0.035,0.355,0.267,0.36,0.0537,0.0111,0.0081,0.0486,0.3792,0.0591,0.006,0.4341
3857,0.62,1249.57,280.43,1.32,0.418,0.544,0.157,0.541,0.0606,0.3316,0.0621,0.0607,0.1762,0.0615,0.0616,0.1859
3858,0.756,2542.4,790.24,1.39,0.777,0.636,0.104,0.748,0.0215,0.1819,0.1165,0.1152,0.0595,0.1293,0.363,0.0131
3859,0.741,2377.27,554.15,1.17,0.65,0.567,0.293,0.484,0.1059,0.0175,0.2134,0.0883,0.1359,0.2215,0.0749,0.1426
3860,0.79,2650.32,736.96,1.17,0.555,0.544,0.255,0.875,0.2391,0.1624,0.0318,0.0352,0.2586,0.1266,0.1069,0.0393
3861,0.675,2501.29,475.87,1.5,0.211,0.561,0.395,0.814,0.052,0.0166,0.1934,0.0018,0.3218,0.0042,0.1735,0.2366
3862,0.506,2149.33,540.44,1.31,0.583,0.382,0.604,0.621,0.0698,0.0382,0.3573,0.0352,0.0139,0.2835,0.001,0.2012
3863,0.503,1894.99,634.65,1.45,0.184,0.384,0.198,0.544,0.137,0.227,0.3801,0.105,0.0225,0.0214,0.0416,0.0655
3864,0.527,2146.24,538.26,1.41,0.218,0.484,0.477,0.679,0.0823,0.117,0.0596,0.1553,0.0395,0.0463,0.4398,0.0602
3865,0.765,4362.72,770.76,1.54,0.351,0.644,0.186,0.659,0.0631,0.0454,0.121,0.0099,0.0267,0.668,0.0333,0.0325
3866,0.604,1852.23,510.61,1.41,0.328,0.489,0.248,0.898,0.2081,0.0115,0.2531,0.0212,0.0382,0.0027,0.465,0.0003
3867,0.846,6474.51,1882.57,1.37,0.382,0.398,0.475,0.153,0.0167,0.001,0.2222,0.2336,0.0556,0.1958,0.0115,0.2637
3868,0.713,1913.09,610.65,1.44,0.479,0.383,0.192,0.626,0.2169,0.0616,0.1302,0.0526,0.0152,0.371,0.1042,0.0483
3869,0.706,2704.89,684.94,1.19,0.065,0.328,0.132,0.393,0.0172,0.089,0.004,0.2346,0.0443,0.3295,0.1294,0.1521
3870,0.149,2244.43,397.94,1.22,0.442,0.863,0.342,0.708,0.0614,0.2806,0.0272,0.3196,0.2239,0.0004,0.0746,0.0122
3871,0.751,2235.66,556.78,1.46,0.522,0.738,0.295,0.484,0.1333,0.0216,0.3413,0.0231,0.0194,0.2111,0.0611,0.1891
3872,0.512,3865.75,714.07,1.41,0.281,0.398,0.333,0.563,0.021,0.1676,0.0459,0.0067,0.1488,0.3618,0.2365,0.0117
3873,0.718,3074.52,691.55,1.33,0.248,0.462,0.252,0.7,0.1851,0.1881,0.2871,0.1341,0.0006,0.0651,0.139,0.0008
3874,0.287,1798.72,287.63,1.19,0.07,0.64,0.313,0.435,0.1487,0.0955,0.0185,0.2448,0.2193,0.1038,0.0228,0.1466
3875,0.191,3178.76,586.68,1.21,0.341,0.274,0.255,0.859,0.1846,0.074,0.0017,0.1509,0.026,0.0116,0.3663,0.185
3876,0.504,1475.3,441.81,1.22,0.097,0.761,0.388,0.443,0.4003,0.0298,0.0892,0.1443,0.1045,0.1013,0.0651,0.0655
3877,0.227,1499.3,357.79,1.19,0.121,0.612,0.523,0.662,0.2128,0.3285,0.0165,0.0613,0.1096,0.1134,0.0714,0.0865
3878,0.633,2968.07,764.48,1.52,0.37,0.657,0.283,0.558,0.0653,0.2483,0.1272,0.0357,0.0609,0.0763,0.2786,0.1077
3879,0.52,3078.02,849.5,1.53,0.109,0.574,0.282,0.798,0.3013,0.0192,0.0236,0.1413,0.1968,0.1164,0.0031,0.1983
3880,0.461,2459.65,445.36,1.28,0.123,0.62,0.222,0.697,0.2212,0.2587,0.0795,0.1135,0.0161,0.0077,0.0766,0.2267
3881,0.314,1886.74,299.42,1.22,0.344,0.165,0.343,0.578,0.1685,0.0672,0.0299,0.0025,0.3854,0.2287,0.0314,0.0865
3882,0.527,2027.8,279.35,1.34,0.618,0.389,0.484,0.769,0.1296,0.2461,0.068,0.0414,0.0099,0.1318,0.3727,0.0006
3883,0.412,3307.25,468.29,1.6,0.7,0.617,0.086,0.457,0.3356,0.0902,0.0171,0.3176,0.0503,0.0783,0.0364,0.0744
3884,0.343,2224.16,345.46,1.18,0.517,0.68,0.277,0.724,0.0278,0.2001,0.1983,0.0005,0.2786,0.1901,0.0477,0.057
3885,0.396,1469.85,238.66,1.56,0.443,0.604,0.268,0.759,0.204,0.0091,0.0881,0.0926,0.1596,0.1265,0.1625,0.1576
3886,0.286,1345.44,387.68,1.37,0.156,0.356,0.243,0.793,0.1239,0.0037,0.0329,0.2146,0.4277,0.1335,0.0487,0.0149
3887,0.551,4159.46,702.94,1.36,0.116,0.276,0.216,0.803,0.193,0.3072,0.0101,0.0094,0.0016,0.0485,0.4198,0.0104
3888,0.844,1968.64,642.91,1.2,0.157,0.339,0.341,0.512,0.0563,0.0718,0.0301,0.0018,0.2569,0.0374,0.0395,0.5062
3889,0.698,2730.63,533.32,1.3,0.064,0.656,0.459,0.932,0.1859,0.2122,0.0061,0.0808,0.0638,0.067,0.0486,0.3354
3890,0.857,4530.53,1088.81,1.23,0.262,0.486,0.298,0.559,0.1395,0.0496,0.1075,0.2179,0.0012,0.1935,0.2829,0.0079
3891,0.709,3056.67,511.58,1.53,0.142,0.585,0.57,0.652,0.0159,0.142,0.4734,0.1257,0.0588,0.0433,0.0291,0.1118
3892,0.86,1952.55,441.9,1.43,0.762,0.501,0.332,0.907,0.3527,0.1916,0.0086,0.0467,0.0146,0.0455,0.1137,0.2266
3893,0.405,1395.18,155.74,1.51,0.418,0.819,0.22,0.642,0.0036,0.2929,0.0116,0.0041,0.0301,0.466,0.0028,0.1888
3894,0.501,4670.23,608.14,1.51,0.136,0.667,0.28,0.912,0.0027,0.0759,0.051,0.069,0.2697,0.1106,0.0838,0.3374
3895,0.512,1466.38,292.87,1.43,0.495,0.167,0.327,0.432,0.151,0.0238,0.3344,0.0102,0.1199,0.2401,0.0667,0.0539
3896,0.524,1793.66,465.03,1.45,0.334,0.574,0.044,0.929,0.0705,0.0633,0.0454,0.3467,0.0817,0.0024,0.0778,0.3122
3897,0.51,2578.54,838.1,1.48,0.368,0.561,0.212,0.255,0.1967,0.1115,0.0647,0.1212,0.0955,0.17,0.1141,0.1263
3898,0.545,2073.75,610.28,1.46,0.289,0.377,0.117,0.811,0.0015,0.0022,0.1515,0.0569,0.4753,0.2335,0.0047,0.0745
3899,0.568,2882.24,838.79,1.36,0.612,0.882,0.446,0.474,0.1444,0.0935,0.0146,0.1667,0.2807,0.0592,0.106,0.1349
3900,0.418,1173.32,289.21,1.38,0.498,0.604,0.124,0.744,0.4169,0.0276,0.0089,0.1959,0.0695,0.0129,0.038,0.2303
3901,0.476,2004.65,412.58,1.6,0.485,0.452,0.697,0.451,0.159,0.0969,0.1308,0.0341,0.133,0.3161,0.0087,0.1215
3902,0.653,3138.67,1038.23,1.6,0.586,0.425,0.13,0.542,0.0436,0.1352,0.0933,0.1056,0.0133,0.3261,0.2342,0.0488
3903,0.7,3217.34,352.3,1.42,0.285,0.419,0.231,0.549,0.1734,0.144,0.001,0.0197,0.1058,0.4104,0.0385,0.1073
3904,0.572,1826.12,197.72,1.23,0.11,0.58,0.442,0.935,0.0493,0.3686,0.0498,0.0491,0.0722,0.0833,0.1759,0.1517
3905,0.538,1498.87,472.83,1.2,0.581,0.475,0.236,0.454,0.2453,0.0017,0.0082,0.1265,0.2146,0.1031,0.2447,0.056
3906,0.756,2743.27,878.77,1.31,0.208,0.487,0.491,0.622,0.014,0.1771,0.3881,0.0531,0.1833,0.1122,0.0105,0.0618
3907,0.145,1053.92,168.97,1.51,0.361,0.25,0.133,0.63,0.0922,0.0842,0.0593,0.0088,0.1232,0.413,0.0804,0.1389
3908,0.765,4226.47,931.31,1.29,0.047,0.232,0.137,0.658,0.1289,0.0083,0.1312,0.3065,0.1187,0.0629,0.0516,0.1919
3909,0.762,2689.73,465.73,1.27,0.595,0.387,0.316,0.718,0.0002,0.0379,0.1573,0.3946,0.0108,0.2169,0.0756,0.1067
3910,0.325,1512.32,311.72,1.45,0.274,0.602,0.512,0.919,0.1995,0.0558,0.0272,0.4727,0.0108,0.169,0.0003,0.0647
3911,0.432,1395.05,325.16,1.33,0.347,0.73,0.041,0.729,0.1263,0.0151,0.0622,0.3342,0.1283,0.0617,0.2249,0.0474
3912,0.528,1740.92,531.28,1.4,0.335,0.247,0.409,0.491,0.0216,0.0965,0.0252,0.0062,0.562,0.135,0.1246,0.0289
3913,0.79,1370.25,153.83,1.5,0.542,0.658,0.285,0.696,0.4435,0.1392,0.0216,0.1491,0.0022,0.0568,0.0145,0.1731
3914,0.781,3105.95,848.93,1.5,0.178,0.679,0.131,0.886,0.0886,0.4653,0.0102,0.0294,0.0755,0.0688,0.1945,0.0677
3915,0.583,1675.49,202.63,1.39,0.076,0.467,0.148,0.852,0.0232,0.3481,0.14,0.0171,0.1583,0.0189,0.257,0.0375
3916,0.292,2297.86,803.73,1.56,0.205,0.601,0.153,0.922,0.0734,0.1055,0.0056,0.4,0.1877,0.1906,0.0205,0.0167
3917,0.626,2927.3,655.18,1.53,0.273,0.151,0.234,0.744,0.4055,0.008,0.1137,0.0485,0.0263,0.1385,0.2146,0.0448
3918,0.25,2807.49,676.08,1.2,0.187,0.449,0.304,0.753,0.1763,0.0395,0.3026,0.2268,0.0261,0.2027,0.0032,0.0227
3919,0.672,2673.02,687.69,1.45,0.539,0.28,0.147,0.527,0.147,0.0077,0.0016,0.0583,0.0146,0.3121,0.1428,0.3158
3920,0.419,3311.82,1093.63,1.46,0.128,0.725,0.113,0.493,0.0513,0.399,0.097,0.0711,0.1046,0.0043,0.1123,0.1605
3921,0.548,3947.42,557.85,1.26,0.109,0.341,0.438,0.647,0.1134,0.1399,0.0723,0.0568,0.2464,0.0519,0.0079,0.3114
3922,0.528,2487.16,558.35,1.28,0.145,0.131,0.13,0.901,0.0921,0.1641,0.1464,0.3238,0.0287,0.0059,0.0619,0.1771
3923,0.696,2777.62,569.73,1.41,0.224,0.858,0.646,0.583,0.464,0.0142,0.0655,0.0185,0.0137,0.1577,0.2425,0.0238
3924,0.282,1557.33,491.51,1.58,0.12,0.374,0.734,0.727,0.2962,0.018,0.0802,0.0326,0.1894,0.0402,0.3031,0.0403
3925,0.364,1378.3,293.24,1.24,0.278,0.6,0.187,0.694,0.1103,0.1227,0.2921,0.0252,0.2331,0.1721,0.0388,0.0058
3926,0.416,3520.49,839.34,1.54,0.222,0.537,0.186,0.571,0.0938,0.0433,0.0186,0.2052,0.2729,0.1168,0.0871,0.1625
3927,0.832,3324.92,816.52,1.27,0.392,0.283,0.252,0.514,0.0078,0.0315,0.0112,0.5496,0.0054,0.0481,0.2849,0.0615
3928,0.457,2839.89,413.12,1.44,0.339,0.549,0.479,0.55,0.1007,0.0148,0.2072,0.339,0.1607,0.0819,0.0813,0.0145
3929,0.566,1807.28,593.0,1.3,0.346,0.314,0.283,0.643,0.0326,0.0766,0.0404,0.1494,0.0966,0.2292,0.0297,0.3455
3930,0.527,4292.48,919.24,1.51,0.265,0.602,0.122,0.439,0.0845,0.0017,0.1453,0.0651,0.3021,0.2216,0.0696,0.1102
3931,0.556,2077.98,451.62,1.49,0.318,0.45,0.309,0.399,0.0129,0.0556,0.2771,0.2028,0.004,0.3381,0.054,0.0555
3932,0.346,1468.83,484.76,1.53,0.538,0.477,0.195,0.754,0.0338,0.1533,0.0627,0.7123,0.0066,0.0016,0.0213,0.0085
3933,0.198,1467.31,212.55,1.57,0.296,0.685,0.219,0.856,0.0118,0.0668,0.0894,0.2298,0.0747,0.0353,0.0196,0.4727
3934,0.394,3901.67,827.17,1.2,0.443,0.909,0.228,0.628,0.0984,0.1274,0.0512,0.2306,0.2919,0.084,0.0221,0.0945
3935,0.479,1400.59,242.89,1.28,0.315,0.258,0.089,0.345,0.0283,0.0045,0.0097,0.0023,0.0293,0.2293,0.212,0.4845
3936,0.429,1573.05,508.95,1.19,0.082,0.587,0.321,0.85,0.0646,0.052,0.0606,0.1138,0.3106,0.0458,0.0771,0.2754
3937,0.256,6105.8,1164.05,1.51,0.248,0.41,0.242,0.726,0.0027,0.0958,0.2556,0.1131,0.1402,0.049,0.1086,0.2349
3938,0.619,3427.62,952.72,1.29,0.346,0.477,0.149,0.87,0.0332,0.1739,0.2295,0.1078,0.1195,0.1544,0.1656,0.0162
3939,0.684,1813.29,352.65,1.5,0.399,0.799,0.145,0.898,0.1209,0.0993,0.0399,0.128,0.1003,0.1219,0.264,0.1257
3940,0.47,1410.07,443.24,1.58,0.16,0.748,0.526,0.591,0.3656,0.2395,0.1162,0.0046,0.0343,0.0939,0.0106,0.1353
3941,0.39,1063.87,268.03,1.42,0.75,0.485,0.528,0.618,0.2353,0.0709,0.0558,0.2817,0.0253,0.0259,0.0442,0.261
3942,0.667,2505.59,267.51,1.36,0.099,0.867,0.159,0.557,0.0859,0.2033,0.2545,0.0209,0.0366,0.018,0.1389,0.2419
3943,0.823,3477.44,806.89,1.22,0.508,0.293,0.208,0.854,0.0757,0.0138,0.0219,0.3022,0.141,0.182,0.2621,0.0013
3944,0.428,3897.54,509.0,1.39,0.513,0.527,0.237,0.669,0.0497,0.0692,0.4362,0.1241,0.0563,0.0275,0.12,0.117
3945,0.502,1036.9,217.89,1.28,0.368,0.417,0.284,0.963,0.0614,0.0523,0.1802,0.3191,0.2428,0.0084,0.111,0.0246
3946,0.85,1548.68,263.82,1.56,0.026,0.818,0.186,0.258,0.0105,0.0569,0.177,0.1986,0.1641,0.1108,0.0009,0.2812
3947,0.758,2403.08,824.59,1.5,0.447,0.773,0.141,0.788,0.0154,0.1418,0.1216,0.0163,0.1451,0.294,0.0214,0.2443
3948,0.315,6056.51,1946.15,1.57,0.222,0.432,0.184,0.584,0.1414,0.1436,0.1094,0.1014,0.0196,0.1093,0.0106,0.3646
3949,0.498,3145.6,467.46,1.58,0.129,0.566,0.195,0.742,0.3036,0.0004,0.0013,0.1861,0.0504,0.0206,0.1215,0.3161
3950,0.237,2197.48,635.91,1.48,0.412,0.287,0.175,0.803,0.0776,0.4078,0.1004,0.3633,0.0021,0.0412,0.004,0.0036
3951,0.781,1560.88,211.84,1.29,0.456,0.327,0.093,0.828,0.0171,0.013,0.0062,0.0707,0.1365,0.1113,0.4882,0.1571
3952,0.747,1073.73,280.19,1.28,0.342,0.755,0.183,0.432,0.0251,0.2136,0.0734,0.1632,0.0406,0.2299,0.1251,0.1292
3953,0.345,2054.15,419.51,1.25,0.233,0.601,0.124,0.858,0.3585,0.0481,0.037,0.1935,0.1722,0.0013,0.0294,0.16
3954,0.681,2332.49,526.13,1.56,0.267,0.443,0.168,0.712,0.0534,0.0623,0.6076,0.0026,0.0486,0.016,0.072,0.1375
3955,0.668,2166.87,697.1,1.43,0.377,0.269,0.692,0.864,0.5779,0.0204,0.0611,0.0021,0.1325,0.0021,0.106,0.098
3956,0.707,2111.72,447.79,1.34,0.185,0.18,0.346,0.719,0.2545,0.0902,0.0418,0.0172,0.1644,0.005,0.0736,0.3532
3957,0.638,1761.49,266.29,1.29,0.166,0.219,0.275,0.614,0.1976,0.1767,0.0031,0.0534,0.0025,0.2229,0.1463,0.1976
3958,0.238,1281.16,292.39,1.5,0.12,0.666,0.158,0.75,0.0617,0.0367,0.046,0.4558,0.0034,0.2556,0.1119,0.0288
3959,0.642,4151.01,1031.4,1.5,0.152,0.772,0.291,0.546,0.1897,0.007,0.6056,0.0759,0.0623,0.0047,0.0529,0.002
3960,0.497,1547.63,239.27,1.46,0.266,0.315,0.148,0.747,0.0588,0.5556,0.1547,0.0716,0.0215,0.125,0.0077,0.0051
3961,0.434,1907.62,257.03,1.21,0.124,0.393,0.144,0.637,0.0257,0.2124,0.3041,0.0031,0.2061,0.0429,0.1448,0.0608
3962,0.339,1983.76,560.04,1.25,0.193,0.326,0.451,0.686,0.1501,0.0234,0.0461,0.0679,0.1067,0.2975,0.1549,0.1535
3963,0.706,3260.5,577.58,1.59,0.141,0.301,0.31,0.73,0.4144,0.0261,0.0806,0.1316,0.058,0.0769,0.2012,0.0113
3964,0.586,1645.26,433.12,1.51,0.195,0.579,0.239,0.331,0.0248,0.0305,0.0469,0.3122,0.4436,0.0996,0.0034,0.039
3965,0.76,3731.36,658.79,1.29,0.241,0.614,0.282,0.736,0.0668,0.2008,0.2076,0.0544,0.1229,0.1341,0.1014,0.112
3966,0.341,1599.83,245.48,1.25,0.534,0.404,0.53,0.149,0.0565,0.0099,0.434,0.1204,0.0495,0.0452,0.0122,0.2723
3967,0.193,1724.63,218.55,1.57,0.123,0.558,0.213,0.952,0.0008,0.1188,0.4275,0.0669,0.0641,0.0052,0.0334,0.2832
3968,0.529,4329.34,1449.32,1.3,0.317,0.14,0.113,0.907,0.0679,0.4168,0.255,0.0062,0.0986,0.086,0.0204,0.049
3969,0.516,1512.32,418.81,1.38,0.493,0.674,0.253,0.574,0.0648,0.004,0.1286,0.1823,0.1538,0.1459,0.3153,0.0053
3970,0.815,3453.81,427.06,1.56,0.006,0.539,0.135,0.775,0.1457,0.0036,0.0843,0.1462,0.0154,0.109,0.4851,0.0106
3971,0.623,3523.84,435.07,1.47,0.287,0.314,0.202,0.867,0.1531,0.2824,0.0393,0.1817,0.0581,0.1546,0.0408,0.0902
3972,0.287,2210.44,305.65,1.46,0.38,0.465,0.091,0.804,0.1337,0.0136,0.0686,0.3041,0.2072,0.0135,0.1587,0.1007
3973,0.597,2219.59,495.62,1.26,0.167,0.713,0.234,0.846,0.0631,0.0511,0.108,0.1073,0.1656,0.2028,0.1997,0.1023
3974,0.57,5366.91,1141.73,1.5,0.263,0.306,0.553,0.608,0.1847,0.0042,0.0599,0.1357,0.0012,0.0023,0.0545,0.5575
3975,0.735,2478.97,675.34,1.48,0.552,0.414,0.42,0.692,0.0868,0.0169,0.1747,0.1012,0.1079,0.021,0.005,0.4866
3976,0.673,2623.27,677.8,1.35,0.058,0.703,0.305,0.389,0.0057,0.1986,0.145,0.2094,0.083,0.2554,0.0946,0.0082
3977,0.597,2032.84,619.92,1.34,0.359,0.481,0.323,0.543,0.1258,0.2405,0.2622,0.0229,0.0614,0.0628,0.2151,0.0094
3978,0.499,2345.54,427.87,1.4,0.098,0.253,0.332,0.428,0.0185,0.0374,0.1802,0.177,0.1696,0.2659,0.1005,0.0508
3979,0.47,3195.69,1012.6,1.56,0.068,0.229,0.456,0.876,0.1809,0.0035,0.0929,0.1893,0.0613,0.0409,0.1177,0.3135
3980,0.598,2085.28,538.78,1.34,0.353,0.606,0.256,0.777,0.1102,0.083,0.0768,0.0306,0.2554,0.1268,0.3044,0.0129
3981,0.666,1036.65,161.92,1.56,0.366,0.498,0.21,0.495,0.2323,0.0207,0.0353,0.438,0.0305,0.062,0.0926,0.0886
3982,0.322,2449.48,814.61,1.46,0.368,0.567,0.093,0.777,0.0036,0.4222,0.0164,0.0567,0.0389,0.059,0.0526,0.3506
3983,0.607,1519.22,466.57,1.23,0.341,0.213,0.606,0.652,0.0952,0.2337,0.2707,0.0272,0.1342,0.0525,0.0047,0.1818
3984,0.554,3060.98,359.69,1.39,0.351,0.353,0.111,0.974,0.16,0.231,0.0968,0.0091,0.1097,0.0897,0.1863,0.1174
3985,0.754,2514.59,658.06,1.2,0.094,0.586,0.736,0.951,0.1141,0.0507,0.1017,0.0772,0.1149,0.3589,0.0373,0.1453
3986,0.811,3769.15,857.96,1.48,0.845,0.547,0.461,0.619,0.0421,0.1866,0.0145,0.0422,0.1234,0.5029,0.018,0.0702
3987,0.178,1246.66,406.93,1.18,0.334,0.324,0.361,0.768,0.0773,0.0132,0.015,0.2385,0.012,0.3925,0.0687,0.1829
3988,0.345,1632.68,317.98,1.22,0.346,0.538,0.365,0.495,0.1266,0.052,0.1503,0.1041,0.1207,0.2995,0.1467,0.0001
3989,0.436,1861.41,337.92,1.4,0.651,0.435,0.09,0.657,0.0291,0.1207,0.0017,0.1115,0.0845,0.1215,0.377,0.1539
3990,0.4,1154.72,117.5,1.52,0.178,0.741,0.357,0.677,0.2601,0.0694,0.0018,0.0984,0.0207,0.1733,0.3662,0.0099
3991,0.875,4150.99,676.29,1.38,0.667,0.667,0.375,0.394,0.0609,0.0002,0.0695,0.0527,0.1951,0.0205,0.3104,0.2907
3992,0.659,1252.94,346.6,1.55,0.243,0.561,0.369,0.797,0.1842,0.1172,0.0183,0.0747,0.4182,0.1409,0.0437,0.0027
3993,0.514,3453.25,652.32,1.58,0.381,0.542,0.464,0.737,0.0158,0.0167,0.1398,0.1001,0.109,0.1288,0.244,0.2457
3994,0.502,2620.6,915.58,1.59,0.694,0.753,0.608,0.734,0.201,0.0416,0.0323,0.4526,0.0074,0.2049,0.0285,0.0317
3995,0.436,1969.14,670.05,1.38,0.385,0.645,0.766,0.672,0.0378,0.0061,0.0107,0.069,0.1765,0.4802,0.0448,0.175
3996,0.354,2334.6,652.82,1.42,0.481,0.499,0.174,0.744,0.2245,0.0001,0.0218,0.0673,0.4834,0.024,0.098,0.0809
3997,0.506,2516.79,571.79,1.42,0.194,0.725,0.513,0.744,0.0064,0.001,0.0043,0.1231,0.0927,0.2885,0.448,0.036
3998,0.542,1925.58,400.8,1.53,0.071,0.351,0.108,0.595,0.0337,0.0604,0.2273,0.0182,0.2676,0.1714,0.0348,0.1868
3999,0.469,2446.71,512.72,1.33,0.07,0.543,0.624,0.728,0.3283,0.0324,0.032,0.1894,0.0329,0.099,0.1987,0.0872
4000,0.461,2896.72,832.43,1.4,0.031,0.803,0.078,0.897,0.0248,0.3228,0.0617,0.013,0.062,0.2503,0.159,0.1063
4001,0.821,1779.55,340.89,1.45,0.263,0.648,0.216,0.913,0.2615,0.1396,0.0831,0.1469,0.0264,0.0819,0.0852,0.1754
4002,0.222,2153.14,747.34,1.34,0.099,0.696,0.28,0.46,0.2099,0.0964,0.0603,0.0611,0.0392,0.1779,0.165,0.1902
4003,0.071,591.94,152.33,1.57,0.298,0.173,0.507,0.572,0.0622,0.0924,0.2081,0.0004,0.3028,0.2069,0.0745,0.0528
4004,0.675,1118.46,310.81,1.34,0.485,0.26,0.14,0.539,0.0473,0.1524,0.0552,0.3251,0.1533,0.1017,0.0535,0.1115
4005,0.772,3179.77,1028.08,1.41,0.104,0.325,0.076,0.517,0.3548,0.0155,0.1839,0.3261,0.0061,0.0848,0.0036,0.0253
4006,0.341,1707.23,538.59,1.41,0.552,0.27,0.328,0.771,0.0471,0.0843,0.0928,0.0085,0.2392,0.1418,0.1877,0.1987
4007,0.474,1548.43,399.72,1.43,0.247,0.442,0.082,0.563,0.0231,0.0578,0.4595,0.0854,0.0324,0.0135,0.0827,0.2457
4008,0.432,2083.04,372.75,1.36,0.184,0.658,0.091,0.793,0.0004,0.0035,0.0113,0.0335,0.1349,0.2549,0.1444,0.4171
4009,0.377,1759.62,498.4,1.17,0.118,0.231,0.502,0.844,0.0361,0.1315,0.009,0.0062,0.0051,0.0144,0.2562,0.5416
4010,0.274,1304.73,290.59,1.18,0.193,0.495,0.145,0.773,0.0265,0.3392,0.1479,0.1219,0.0147,0.0502,0.2824,0.0172
4011,0.399,1083.59,124.81,1.48,0.051,0.268,0.294,0.52,0.2468,0.3449,0.0419,0.1477,0.0594,0.0999,0.017,0.0424
4012,0.41,955.93,220.61,1.19,0.456,0.105,0.327,0.543,0.0102,0.0367,0.2375,0.0857,0.0271,0.4379,0.053,0.1119
4013,0.736,3350.95,586.87,1.24,0.242,0.551,0.044,0.459,0.4157,0.0259,0.0723,0.06,0.0895,0.1034,0.2166,0.0165
4014,0.483,1848.37,246.63,1.31,0.195,0.506,0.31,0.936,0.0212,0.0669,0.0601,0.7198,0.0401,0.0006,0.0832,0.008
4015,0.475,3212.44,906.53,1.3,0.239,0.735,0.236,0.534,0.0098,0.0351,0.095,0.3219,0.312,0.2104,0.0069,0.0089
4016,0.556,1915.04,201.72,1.32,0.551,0.368,0.346,0.396,0.0335,0.035,0.0975,0.5085,0.1058,0.0419,0.0533,0.1245
4017,0.284,2245.84,456.19,1.34,0.43,0.914,0.244,0.559,0.0522,0.0492,0.2719,0.1636,0.0707,0.1776,0.1342,0.0806
4018,0.458,2053.07,254.1,1.21,0.186,0.597,0.387,0.454,0.105,0.0794,0.0015,0.3494,0.0736,0.053,0.3221,0.0159
4019,0.409,2136.85,337.8,1.19,0.356,0.45,0.226,0.785,0.0129,0.2429,0.0087,0.0123,0.3311,0.0249,0.0076,0.3596
4020,0.599,2416.43,265.14,1.48,0.569,0.383,0.411,0.592,0.2039,0.1792,0.1028,0.009,0.0961,0.0727,0.1889,0.1474
4021,0.554,1902.61,472.49,1.22,0.085,0.319,0.2,0.584,0.4701,0.0783,0.1921,0.0294,0.0628,0.0398,0.0548,0.0727
4022,0.239,1158.34,341.2,1.55,0.505,0.701,0.3,0.491,0.4387,0.0748,0.1177,0.0485,0.1301,0.0,0.1867,0.0034
4023,0.668,3277.1,554.8,1.21,0.235,0.516,0.142,0.49,0.0109,0.1783,0.0643,0.0631,0.4212,0.1163,0.1144,0.0315
4024,0.218,3536.82,811.7,1.39,0.642,0.276,0.02,0.894,0.0054,0.0109,0.0949,0.2726,0.0102,0.1707,0.0762,0.3591
4025,0.771,4924.28,808.44,1.55,0.257,0.262,0.125,0.849,0.0044,0.0742,0.0771,0.0046,0.0489,0.1697,0.117,0.504
4026,0.318,1594.71,429.05,1.3,0.05,0.24,0.35,0.937,0.152,0.1297,0.0409,0.098,0.1035,0.0459,0.4185,0.0115
4027,0.425,1580.35,412.54,1.53,0.552,0.902,0.326,0.658,0.1045,0.1096,0.216,0.0753,0.004,0.0269,0.068,0.3959
4028,0.087,1371.7,325.46,1.23,0.341,0.707,0.39,0.472,0.2611,0.0298,0.483,0.0125,0.0717,0.0032,0.1167,0.022
4029,0.455,2008.64,273.33,1.36,0.258,0.663,0.107,0.701,0.0718,0.0875,0.2073,0.3974,0.1122,0.0152,0.0811,0.0276
4030,0.185,1792.06,245.99,1.23,0.639,0.456,0.119,0.652,0.051,0.1876,0.0536,0.3468,0.0233,0.0086,0.0418,0.2873
4031,0.33,1344.59,257.27,1.54,0.241,0.642,0.533,0.486,0.0009,0.15,0.3217,0.1403,0.0749,0.1128,0.0783,0.1211
4032,0.439,1181.65,343.77,1.36,0.158,0.552,0.248,0.912,0.2144,0.119,0.0421,0.0718,0.1225,0.0046,0.1507,0.2748
4033,0.635,2420.44,418.72,1.45,0.077,0.598,0.143,0.406,0.0231,0.0092,0.297,0.0344,0.2594,0.0248,0.1114,0.2406
4034,0.139,432.16,111.81,1.44,0.36,0.369,0.272,0.735,0.0956,0.0174,0.0221,0.0676,0.0023,0.2666,0.3736,0.1548
4035,0.074,1628.76,555.31,1.39,0.228,0.281,0.108,0.668,0.2406,0.1102,0.0387,0.0004,0.0104,0.2876,0.092,0.22
4036,0.839,1794.23,595.75,1.51,0.396,0.203,0.328,0.554,0.1084,0.0357,0.0801,0.0906,0.0497,0.2327,0.2476,0.1553
4037,0.683,3320.32,601.78,1.3,0.177,0.205,0.469,0.716,0.0153,0.3489,0.0583,0.1003,0.0024,0.0002,0.016,0.4586
4038,0.269,2935.95,552.4,1.42,0.355,0.5,0.231,0.673,0.0111,0.0361,0.4794,0.1615,0.1662,0.1064,0.039,0.0003
4039,0.52,3427.99,1178.58,1.58,0.182,0.386,0.536,0.535,0.0098,0.3043,0.1249,0.041,0.0408,0.4381,0.0011,0.0399
4040,0.839,2279.6,552.28,1.49,0.211,0.391,0.121,0.78,0.3057,0.2083,0.2054,0.0662,0.0202,0.1087,0.0189,0.0666
4041,0.33,1273.3,314.61,1.48,0.661,0.734,0.145,0.968,0.0108,0.0114,0.0895,0.033,0.6401,0.1927,0.0178,0.0047
4042,0.226,1356.91,287.76,1.22,0.376,0.529,0.071,0.889,0.1172,0.2349,0.0141,0.0096,0.0168,0.0567,0.0885,0.4623
4043,0.664,2700.88,339.01,1.18,0.355,0.711,0.208,0.379,0.223,0.154,0.081,0.0138,0.3745,0.0606,0.014,0.0791
4044,0.157,929.7,98.96,1.3,0.171,0.828,0.341,0.774,0.2866,0.1731,0.2788,0.0065,0.0281,0.1345,0.0572,0.0352
4045,0.521,3901.99,941.48,1.26,0.419,0.481,0.224,0.547,0.0071,0.0372,0.0089,0.0073,0.2437,0.1828,0.2456,0.2674
4046,0.758,2208.17,415.09,1.4,0.286,0.327,0.108,0.556,0.3315,0.4374,0.0265,0.1776,0.0092,0.0138,0.0037,0.0002
4047,0.451,2627.14,617.71,1.42,0.231,0.589,0.406,0.472,0.2399,0.0845,0.0028,0.1672,0.1888,0.2739,0.0144,0.0285
4048,0.485,1074.73,356.05,1.43,0.05,0.361,0.563,0.203,0.0088,0.0246,0.315,0.0776,0.231,0.2869,0.0559,0.0004
4049,0.668,1665.64,552.89,1.46,0.201,0.573,0.265,0.4,0.0387,0.2122,0.3228,0.0559,0.0518,0.0469,0.0757,0.196
4050,0.244,887.18,141.41,1.19,0.203,0.424,0.069,0.712,0.0191,0.0031,0.0189,0.1075,0.018,0.001,0.765,0.0673
4051,0.776,3823.68,1266.93,1.35,0.297,0.512,0.371,0.403,0.253,0.0085,0.1866,0.12,0.0761,0.073,0.0048,0.2779
4052,0.374,1929.75,205.51,1.58,0.216,0.215,0.138,0.726,0.5401,0.1439,0.0006,0.0045,0.0219,0.1661,0.1129,0.0101
4053,0.403,2629.81,720.12,1.39,0.264,0.187,0.231,0.38,0.1263,0.1812,0.0006,0.1333,0.2598,0.0858,0.1403,0.0728
4054,0.33,2055.76,331.85,1.44,0.296,0.459,0.675,0.711,0.2212,0.0993,0.035,0.0939,0.1722,0.1008,0.0305,0.2471
4055,0.344,2437.66,373.59,1.48,0.398,0.102,0.36,0.71,0.2478,0.2279,0.0391,0.1678,0.0136,0.1688,0.0857,0.0493
4056,0.383,1807.06,376.6,1.48,0.466,0.869,0.277,0.488,0.0028,0.0127,0.3808,0.0175,0.0837,0.339,0.1344,0.029
4057,0.25,1759.09,256.71,1.55,0.138,0.1,0.11,0.726,0.068,0.1127,0.2609,0.1216,0.2485,0.1474,0.0263,0.0146
4058,0.812,2492.81,752.27,1.51,0.558,0.591,0.364,0.917,0.3421,0.1483,0.009,0.0878,0.2652,0.0713,0.0025,0.0738
4059,0.704,2887.23,440.73,1.24,0.109,0.302,0.156,0.609,0.0009,0.1386,0.0145,0.3278,0.0142,0.0146,0.4056,0.0837
4060,0.646,2835.41,986.93,1.17,0.194,0.57,0.078,0.648,0.0724,0.2582,0.1028,0.2119,0.0687,0.0837,0.1718,0.0305
4061,0.557,7014.95,1971.64,1.52,0.171,0.414,0.265,0.467,0.0219,0.1308,0.0999,0.1597,0.4822,0.002,0.0989,0.0047
4062,0.811,5062.7,1215.32,1.36,0.491,0.446,0.13,0.815,0.0078,0.0147,0.2809,0.256,0.0732,0.2709,0.087,0.0095
4063,0.334,986.27,142.69,1.43,0.437,0.879,0.24,0.43,0.2197,0.0038,0.5014,0.0311,0.1971,0.0105,0.0004,0.0361
4064,0.616,2218.11,657.52,1.39,0.125,0.35,0.312,0.807,0.2186,0.0677,0.0034,0.1682,0.2558,0.1478,0.1077,0.031
4065,0.349,1723.43,426.55,1.59,0.247,0.434,0.185,0.77,0.3431,0.1077,0.0263,0.0405,0.1312,0.0014,0.2287,0.1209
4066,0.647,3982.3,622.19,1.54,0.169,0.44,0.33,0.859,0.1026,0.0758,0.4442,0.0913,0.0588,0.03,0.0617,0.1355
4067,0.413,1854.78,241.44,1.43,0.18,0.625,0.232,0.907,0.2108,0.0357,0.3044,0.0549,0.1589,0.0781,0.0947,0.0624
4068,0.623,2839.25,985.78,1.24,0.123,0.499,0.338,0.724,0.0014,0.0184,0.0619,0.0206,0.2796,0.2514,0.008,0.3588
4069,0.628,927.88,226.69,1.43,0.622,0.245,0.603,0.727,0.0066,0.2083,0.0924,0.0852,0.3651,0.1474,0.0908,0.0041
4070,0.629,1290.63,321.78,1.57,0.537,0.751,0.499,0.717,0.112,0.0731,0.1283,0.325,0.1392,0.0637,0.0588,0.0999
4071,0.09,3960.19,708.55,1.21,0.628,0.802,0.461,0.898,0.1318,0.2896,0.0219,0.1612,0.1388,0.0286,0.1428,0.0853
4072,0.205,1891.76,312.99,1.43,0.308,0.571,0.489,0.442,0.0323,0.2853,0.2038,0.2958,0.0943,0.005,0.0801,0.0033
4073,0.791,1717.11,319.58,1.56,0.243,0.401,0.14,0.937,0.1379,0.2937,0.0174,0.1389,0.2033,0.0507,0.0333,0.125
4074,0.534,2480.06,350.18,1.17,0.429,0.361,0.252,0.723,0.4928,0.0425,0.2823,0.0003,0.0434,0.015,0.0249,0.0987
4075,0.213,1222.9,336.21,1.33,0.093,0.592,0.153,0.794,0.1734,0.2365,0.1007,0.0448,0.0034,0.0308,0.3772,0.0332
4076,0.629,2111.33,632.9,1.29,0.678,0.512,0.175,0.966,0.0699,0.0319,0.112,0.1,0.0101,0.1073,0.2518,0.3169
4077,0.37,1148.1,263.61,1.29,0.484,0.576,0.247,0.419,0.014,0.0459,0.0897,0.1738,0.0855,0.2342,0.1939,0.1629
4078,0.122,1279.35,440.47,1.18,0.703,0.559,0.16,0.805,0.0134,0.3579,0.0529,0.2557,0.1637,0.0159,0.0825,0.0579
4079,0.44,1809.2,436.84,1.48,0.16,0.719,0.274,0.903,0.0062,0.1802,0.0585,0.0759,0.247,0.3678,0.0579,0.0065
4080,0.6,3648.69,624.35,1.3,0.421,0.249,0.509,0.654,0.0353,0.0524,0.035,0.0102,0.1946,0.1197,0.4591,0.0937
4081,0.277,2335.95,431.34,1.21,0.6,0.682,0.134,0.443,0.2198,0.1073,0.0421,0.1294,0.322,0.0019,0.0161,0.1613
4082,0.611,3024.35,681.76,1.6,0.248,0.373,0.664,0.88,0.3596,0.0081,0.0508,0.1113,0.0286,0.0003,0.4175,0.0238
4083,0.765,2503.22,765.87,1.49,0.089,0.214,0.267,0.946,0.0132,0.0071,0.0823,0.1576,0.1172,0.1745,0.4171,0.031
4084,0.333,2791.49,970.08,1.29,0.286,0.54,0.328,0.672,0.0619,0.3254,0.0794,0.0561,0.0711,0.0044,0.1189,0.2828
4085,0.445,1510.92,167.5,1.22,0.299,0.753,0.65,0.443,0.0064,0.1238,0.6214,0.0308,0.026,0.0164,0.1748,0.0005
4086,0.359,1521.16,342.16,1.56,0.284,0.218,0.441,0.808,0.0347,0.1036,0.0677,0.417,0.1404,0.0628,0.1257,0.0479
4087,0.659,2825.67,346.46,1.51,0.298,0.566,0.289,0.546,0.165,0.0123,0.2292,0.1091,0.1032,0.0596,0.2274,0.0941
4088,0.575,2056.62,308.9,1.33,0.326,0.47,0.155,0.533,0.0379,0.0255,0.0305,0.0088,0.0416,0.0114,0.4741,0.3701
4089,0.178,1811.08,456.07,1.53,0.247,0.204,0.163,0.661,0.0976,0.0118,0.1551,0.031,0.0041,0.0486,0.3436,0.3083
4090,0.6,2182.1,254.79,1.48,0.517,0.58,0.367,0.361,0.2433,0.0284,0.0201,0.0067,0.0919,0.4301,0.0614,0.1181
4091,0.24,3129.65,792.16,1.16,0.573,0.588,0.555,0.754,0.1746,0.1276,0.1509,0.1399,0.2544,0.0071,0.115,0.0305
4092,0.194,3102.45,943.51,1.44,0.3,0.724,0.307,0.763,0.1054,0.208,0.0003,0.0896,0.1985,0.2215,0.0834,0.0933
4093,0.386,1613.26,178.11,1.51,0.275,0.642,0.513,0.425,0.1605,0.101,0.0496,0.1677,0.0568,0.0449,0.0644,0.3551
4094,0.517,1103.22,196.46,1.45,0.246,0.446,0.254,0.317,0.0681,0.0061,0.4054,0.0216,0.1484,0.0238,0.2901,0.0364
4095,0.703,1846.51,349.78,1.42,0.105,0.191,0.211,0.322,0.0963,0.1478,0.1597,0.2612,0.0126,0.0095,0.0871,0.2258
4096,0.417,1473.5,228.31,1.4,0.248,0.844,0.555,0.499,0.1401,0.0782,0.2654,0.0296,0.2056,0.0627,0.1008,0.1176
4097,0.591,3234.52,878.29,1.24,0.656,0.229,0.527,0.709,0.1605,0.0872,0.0479,0.1122,0.306,0.1266,0.1327,0.0269
4098,0.684,3512.91,878.56,1.43,0.332,0.177,0.483,0.471,0.0726,0.1632,0.2607,0.1057,0.2268,0.1019,0.0064,0.0625
4099,0.374,1361.93,275.88,1.27,0.489,0.456,0.153,0.487,0.0146,0.117,0.0479,0.4513,0.031,0.2732,0.0247,0.0403
4100,0.435,1576.03,259.98,1.26,0.236,0.309,0.475,0.664,0.1102,0.1214,0.2261,0.0072,0.4065,0.08,0.0457,0.0029
4101,0.174,1005.49,196.44,1.25,0.264,0.481,0.402,0.805,0.142,0.1172,0.2547,0.1148,0.0518,0.1212,0.0997,0.0986
4102,0.446,2262.27,648.97,1.36,0.306,0.279,0.158,0.755,0.06,0.0486,0.0405,0.3029,0.1042,0.3018,0.0162,0.1258
4103,0.762,2480.69,774.68,1.36,0.296,0.695,0.179,0.632,0.1045,0.0031,0.046,0.0949,0.1054,0.2536,0.3747,0.0178
4104,0.707,3372.17,571.25,1.46,0.406,0.743,0.096,0.907,0.0063,0.0215,0.0049,0.3616,0.0253,0.1354,0.0755,0.3695
4105,0.236,2307.21,766.86,1.33,0.661,0.69,0.623,0.92,0.0151,0.0297,0.0629,0.1491,0.0698,0.491,0.155,0.0274
4106,0.813,3301.18,447.03,1.37,0.405,0.85,0.225,0.613,0.0531,0.1702,0.0393,0.071,0.1993,0.0515,0.4026,0.013
4107,0.292,1057.18,141.51,1.27,0.23,0.513,0.196,0.699,0.5199,0.0127,0.0341,0.047,0.2016,0.1047,0.0776,0.0025
4108,0.366,1593.88,431.65,1.49,0.064,0.759,0.407,0.457,0.0943,0.2093,0.0809,0.1101,0.0013,0.4134,0.0861,0.0046
4109,0.526,3274.88,626.01,1.17,0.428,0.39,0.207,0.775,0.0419,0.0714,0.1631,0.1326,0.0499,0.0522,0.3703,0.1186
4110,0.327,1613.47,272.86,1.21,0.155,0.699,0.301,0.784,0.0039,0.0674,0.0072,0.0941,0.2085,0.1667,0.2559,0.1964
4111,0.443,1116.45,249.57,1.33,0.316,0.284,0.168,0.858,0.1405,0.0347,0.0668,0.1428,0.0102,0.1303,0.0002,0.4744
4112,0.379,2850.53,895.44,1.31,0.019,0.296,0.27,0.515,0.164,0.147,0.051,0.2497,0.0807,0.0394,0.0177,0.2504
4113,0.405,1662.54,491.96,1.38,0.394,0.227,0.253,0.965,0.0209,0.1113,0.0389,0.0034,0.0004,0.4549,0.0037,0.3666
4114,0.479,3341.67,975.16,1.18,0.076,0.693,0.123,0.494,0.1841,0.0749,0.418,0.0666,0.1047,0.0723,0.0298,0.0495
4115,0.64,2360.5,602.03,1.33,0.354,0.198,0.262,0.505,0.0074,0.334,0.1089,0.1251,0.0615,0.1263,0.1812,0.0555
4116,0.337,1801.67,379.02,1.5,0.236,0.253,0.011,0.856,0.1144,0.2481,0.1147,0.0202,0.1216,0.098,0.13,0.153
4117,0.526,3865.46,686.76,1.38,0.211,0.363,0.242,0.451,0.1027,0.1661,0.016,0.3762,0.0592,0.0038,0.1334,0.1426
4118,0.641,1413.09,343.3,1.19,0.54,0.467,0.092,0.768,0.0288,0.1785,0.0216,0.2348,0.0138,0.1207,0.3163,0.0856
4119,0.635,4209.09,1262.78,1.3,0.124,0.281,0.314,0.662,0.001,0.3962,0.0204,0.261,0.0852,0.0479,0.0437,0.1446
4120,0.408,1624.81,401.85,1.4,0.366,0.604,0.319,0.775,0.2599,0.1268,0.0009,0.033,0.0481,0.263,0.1748,0.0935
4121,0.388,2213.57,244.78,1.32,0.227,0.744,0.225,0.557,0.1054,0.0394,0.0331,0.0732,0.1953,0.1852,0.3613,0.007
4122,0.813,2770.32,745.54,1.25,0.743,0.365,0.475,0.637,0.0019,0.3655,0.0084,0.3125,0.2022,0.0089,0.0004,0.1003
4123,0.344,1704.2,364.43,1.27,0.468,0.446,0.094,0.404,0.0227,0.2253,0.143,0.2482,0.0444,0.0706,0.1301,0.1156
4124,0.61,1726.26,453.64,1.22,0.297,0.508,0.271,0.951,0.0142,0.4502,0.1071,0.205,0.0614,0.0456,0.0891,0.0275
4125,0.516,1922.63,641.38,1.35,0.277,0.583,0.45,0.558,0.7737,0.0214,0.0112,0.0002,0.0287,0.018,0.0102,0.1367
4126,0.294,1307.19,389.54,1.15,0.114,0.503,0.267,0.61,0.075,0.1558,0.0654,0.009,0.0189,0.4932,0.0042,0.1786
4127,0.322,4371.53,642.94,1.51,0.403,0.334,0.038,0.452,0.3062,0.1315,0.1289,0.045,0.0321,0.2066,0.0284,0.1213
4128,0.144,1468.4,270.82,1.28,0.316,0.711,0.463,0.591,0.0059,0.2083,0.1273,0.0372,0.2035,0.03,0.1291,0.2587
4129,0.753,3996.26,1392.81,1.57,0.571,0.624,0.088,0.866,0.2857,0.1413,0.121,0.126,0.0291,0.1027,0.0483,0.1459
4130,0.698,3691.14,423.39,1.18,0.102,0.224,0.21,0.809,0.0988,0.1232,0.0338,0.062,0.122,0.0415,0.2552,0.2634
4131,0.135,2045.86,221.55,1.55,0.555,0.781,0.409,0.463,0.1399,0.2515,0.0067,0.1051,0.0901,0.01,0.2619,0.1348
4132,0.588,2193.61,252.39,1.18,0.708,0.548,0.2,0.71,0.1882,0.0318,0.1545,0.1162,0.0,0.019,0.0291,0.4613
4133,0.717,2669.89,781.11,1.49,0.137,0.408,0.263,0.636,0.0251,0.1689,0.142,0.0354,0.4809,0.0846,0.0562,0.0069
4134,0.262,2417.77,598.32,1.43,0.538,0.282,0.243,0.518,0.0371,0.0012,0.6021,0.0846,0.1357,0.0408,0.0291,0.0694
4135,0.763,2629.95,393.35,1.45,0.583,0.373,0.276,0.718,0.1293,0.2262,0.1574,0.0634,0.0445,0.0012,0.0647,0.3134
4136,0.383,1105.31,306.34,1.31,0.316,0.647,0.068,0.614,0.0756,0.0783,0.0904,0.0804,0.2613,0.224,0.0364,0.1536
4137,0.594,1122.43,328.95,1.16,0.363,0.361,0.327,0.955,0.2166,0.0033,0.0827,0.2296,0.1255,0.274,0.0031,0.0652
4138,0.78,4656.44,1309.53,1.39,0.497,0.356,0.216,0.494,0.4132,0.1123,0.0053,0.0058,0.2706,0.1311,0.0321,0.0296
4139,0.604,813.97,141.86,1.34,0.338,0.775,0.141,0.594,0.1354,0.0116,0.0286,0.0458,0.1337,0.1458,0.026,0.4731
4140,0.658,2595.26,428.61,1.3,0.134,0.484,0.288,0.726,0.0578,0.0736,0.4924,0.0485,0.1296,0.0248,0.0812,0.092
4141,0.724,2256.97,352.49,1.31,0.556,0.592,0.271,0.546,0.1868,0.011,0.0667,0.001,0.021,0.5525,0.0132,0.1478
4142,0.495,2349.67,460.15,1.53,0.206,0.645,0.685,0.452,0.0887,0.1743,0.0984,0.2855,0.1111,0.1191,0.1067,0.0162
4143,0.657,1520.29,181.98,1.22,0.292,0.561,0.552,0.618,0.0601,0.2437,0.0615,0.014,0.364,0.0165,0.0403,0.1999
4144,0.601,2681.71,654.34,1.53,0.394,0.726,0.271,0.561,0.6003,0.0191,0.057,0.117,0.038,0.0302,0.1379,0.0005
4145,0.09,1863.13,298.99,1.18,0.105,0.611,0.568,0.581,0.4192,0.0927,0.2044,0.0518,0.074,0.0142,0.0673,0.0763
4146,0.508,6694.46,1576.24,1.48,0.395,0.23,0.326,0.618,0.3743,0.061,0.1522,0.1202,0.0076,0.019,0.0217,0.2441
4147,0.461,2277.88,241.2,1.32,0.37,0.365,0.441,0.83,0.2118,0.0121,0.0072,0.4818,0.0573,0.0569,0.0722,0.1007
4148,0.298,3370.28,563.3,1.22,0.047,0.426,0.306,0.67,0.1659,0.0012,0.0301,0.0525,0.0066,0.0653,0.1211,0.5573
4149,0.169,994.09,105.24,1.27,0.248,0.527,0.088,0.49,0.0117,0.3923,0.1415,0.1961,0.0725,0.0784,0.003,0.1045
4150,0.452,3235.62,569.21,1.42,0.458,0.664,0.458,0.928,0.0182,0.0284,0.2265,0.0809,0.3758,0.0608,0.1549,0.0545
4151,0.426,2321.51,432.19,1.51,0.043,0.554,0.176,0.863,0.1578,0.2098,0.0288,0.378,0.0601,0.0828,0.0689,0.0138
4152,0.515,2481.04,525.94,1.46,0.485,0.162,0.488,0.822,0.5628,0.2003,0.0957,0.0108,0.0272,0.0883,0.0088,0.006
4153,0.595,2603.12,378.34,1.33,0.215,0.635,0.485,0.784,0.0322,0.045,0.0143,0.0938,0.284,0.1816,0.0329,0.3161
4154,0.826,5150.34,1626.53,1.5,0.484,0.549,0.201,0.817,0.0937,0.1397,0.0284,0.2039,0.0065,0.1378,0.3244,0.0657
4155,0.402,2315.85,683.5,1.25,0.275,0.341,0.085,0.707,0.556,0.212,0.0438,0.0014,0.0017,0.0753,0.1008,0.009
4156,0.317,1453.39,447.31,1.48,0.598,0.554,0.382,0.743,0.0804,0.1406,0.0007,0.1938,0.129,0.0203,0.1785,0.2567
4157,0.897,2101.26,497.33,1.41,0.11,0.41,0.054,0.604,0.0835,0.179,0.0138,0.1346,0.0157,0.1405,0.0953,0.3376
4158,0.145,2469.73,634.39,1.56,0.835,0.25,0.454,0.868,0.1482,0.1472,0.0094,0.0203,0.0899,0.2513,0.0235,0.3101
4159,0.448,2568.08,440.54,1.49,0.095,0.342,0.353,0.735,0.1349,0.0917,0.2404,0.0809,0.0359,0.2298,0.1495,0.037
4160,0.271,1048.38,193.22,1.44,0.436,0.486,0.402,0.597,0.0637,0.1812,0.0024,0.3447,0.0002,0.0542,0.1939,0.1597
4161,0.707,3020.33,900.9,1.27,0.107,0.514,0.104,0.785,0.01,0.1032,0.2958,0.0254,0.013,0.1625,0.2614,0.1287
4162,0.546,1468.59,351.84,1.25,0.411,0.263,0.193,0.572,0.0262,0.044,0.1986,0.1351,0.2706,0.0524,0.0689,0.2041
4163,0.226,2239.64,645.96,1.18,0.547,0.676,0.695,0.795,0.1768,0.0721,0.0333,0.0948,0.4058,0.2132,0.0024,0.0017
4164,0.537,1633.09,337.45,1.28,0.398,0.493,0.373,0.853,0.0414,0.0139,0.1221,0.003,0.3176,0.0363,0.3847,0.081
4165,0.462,1933.73,669.05,1.29,0.519,0.661,0.259,0.823,0.1557,0.0208,0.0869,0.0715,0.0159,0.2608,0.1768,0.2116
4166,0.66,1931.47,389.09,1.52,0.483,0.447,0.146,0.68,0.0776,0.0012,0.5336,0.0197,0.0392,0.2066,0.122,0.0002
4167,0.793,4704.46,1449.23,1.18,0.666,0.574,0.45,0.865,0.3268,0.0725,0.0342,0.1044,0.2257,0.0348,0.116,0.0856
4168,0.609,2748.56,391.47,1.18,0.3,0.507,0.285,0.564,0.224,0.023,0.0898,0.0061,0.5663,0.0369,0.0014,0.0525
4169,0.346,3350.89,433.06,1.35,0.51,0.249,0.478,0.498,0.2384,0.2024,0.025,0.062,0.1203,0.1284,0.0008,0.2227
4170,0.816,8247.38,2454.79,1.39,0.206,0.24,0.538,0.319,0.0392,0.0882,0.3276,0.083,0.156,0.0223,0.2002,0.0836
4171,0.647,2431.8,544.41,1.29,0.431,0.536,0.222,0.548,0.1848,0.085,0.0685,0.1579,0.2535,0.2038,0.0201,0.0264
4172,0.483,3991.39,483.68,1.16,0.081,0.235,0.101,0.954,0.0573,0.0166,0.0067,0.0014,0.3503,0.1635,0.397,0.0071
4173,0.594,1755.63,217.06,1.36,0.363,0.362,0.085,0.312,0.0151,0.0378,0.5155,0.036,0.1079,0.2708,0.0026,0.0142
4174,0.455,3560.49,788.56,1.48,0.331,0.509,0.222,0.83,0.1222,0.0216,0.006,0.4696,0.2286,0.0019,0.1436,0.0064
4175,0.506,1604.58,462.88,1.41,0.338,0.41,0.547,0.892,0.2302,0.064,0.0453,0.1174,0.0836,0.3518,0.0637,0.0441
4176,0.341,2002.99,205.91,1.17,0.198,0.648,0.353,0.788,0.1418,0.1639,0.2665,0.0326,0.082,0.0359,0.063,0.2143
4177,0.37,2544.47,499.42,1.16,0.235,0.546,0.312,0.604,0.2208,0.2561,0.0071,0.0184,0.0549,0.0295,0.0095,0.4038
4178,0.307,2609.75,435.83,1.57,0.446,0.122,0.224,0.777,0.3729,0.0019,0.0619,0.0141,0.0959,0.0522,0.0289,0.3721
4179,0.517,1340.22,299.85,1.58,0.156,0.451,0.275,0.66,0.2923,0.0097,0.1991,0.002,0.2219,0.0241,0.2017,0.0491
4180,0.5,1561.77,540.3,1.16,0.408,0.405,0.386,0.626,0.0573,0.004,0.0777,0.0406,0.151,0.1774,0.1402,0.3517
4181,0.385,2645.14,505.6,1.45,0.743,0.357,0.279,0.363,0.3099,0.0551,0.19,0.0616,0.1457,0.0853,0.0395,0.1128
4182,0.508,1915.7,459.55,1.39,0.292,0.155,0.32,0.329,0.0248,0.1109,0.0541,0.4146,0.0277,0.0497,0.171,0.1471
4183,0.816,1481.08,472.72,1.48,0.382,0.483,0.523,0.774,0.1428,0.0266,0.4197,0.0598,0.1209,0.0052,0.1489,0.0761
4184,0.493,2139.84,598.61,1.25,0.124,0.673,0.035,0.635,0.0891,0.2616,0.2026,0.0712,0.1273,0.0624,0.1757,0.0101
4185,0.622,2247.44,657.85,1.21,0.221,0.607,0.206,0.728,0.0049,0.2116,0.217,0.2619,0.0323,0.1863,0.0798,0.0062
4186,0.805,2765.64,414.25,1.5,0.079,0.459,0.2,0.906,0.3634,0.1986,0.0051,0.2397,0.0829,0.0227,0.0352,0.0523
4187,0.78,3147.66,717.31,1.36,0.574,0.381,0.33,0.873,0.1672,0.057,0.0823,0.0227,0.0306,0.0446,0.0546,0.5409
4188,0.762,3042.39,1019.02,1.26,0.092,0.489,0.154,0.788,0.2269,0.0662,0.1209,0.1635,0.0418,0.0699,0.1818,0.1291
4189,0.406,1541.27,273.0,1.33,0.434,0.702,0.358,0.84,0.0045,0.0893,0.0888,0.0973,0.0204,0.1062,0.4626,0.1308
4190,0.533,1907.95,334.26,1.22,0.16,0.532,0.269,0.679,0.0047,0.0103,0.4249,0.1847,0.0707,0.0952,0.0009,0.2086
4191,0.598,3372.8,404.34,1.57,0.011,0.304,0.233,0.464,0.0403,0.1433,0.1985,0.0428,0.034,0.2781,0.2472,0.0158
4192,0.118,1407.32,345.36,1.4,0.364,0.664,0.067,0.613,0.034,0.0696,0.0425,0.0763,0.6415,0.0116,0.0963,0.0281
4193,0.553,1941.41,440.76,1.37,0.216,0.517,0.267,0.606,0.0711,0.3711,0.2421,0.0112,0.1578,0.0239,0.0908,0.032
4194,0.813,1417.11,452.09,1.46,0.104,0.676,0.364,0.346,0.292,0.0048,0.1011,0.0004,0.0589,0.076,0.3617,0.1051
4195,0.724,2451.3,535.43,1.17,0.286,0.343,0.141,0.656,0.1311,0.0796,0.0765,0.1235,0.3236,0.0025,0.1982,0.065
4196,0.301,2261.54,561.84,1.21,0.163,0.501,0.161,0.966,0.0191,0.0934,0.4913,0.0102,0.0615,0.1337,0.1361,0.0548
4197,0.409,952.82,257.18,1.56,0.484,0.214,0.155,0.922,0.2066,0.0413,0.3365,0.1553,0.0229,0.0821,0.1037,0.0515
4198,0.376,1342.47,368.59,1.36,0.333,0.764,0.46,0.511,0.0391,0.1251,0.1148,0.0124,0.0893,0.2501,0.1938,0.1754
4199,0.557,1289.99,450.69,1.59,0.577,0.38,0.167,0.983,0.3184,0.2992,0.0252,0.0152,0.0202,0.1203,0.1314,0.0703
4200,0.627,3238.56,481.47,1.38,0.409,0.872,0.289,0.362,0.0442,0.2108,0.3319,0.0065,0.1546,0.1849,0.0473,0.0198
4201,0.134,823.14,144.88,1.35,0.146,0.212,0.206,0.836,0.1715,0.0382,0.4482,0.0353,0.0456,0.0327,0.1346,0.0939
4202,0.222,1816.74,508.81,1.24,0.386,0.7,0.14,0.836,0.038,0.2227,0.1987,0.2829,0.014,0.07,0.0771,0.0967
4203,0.207,2473.14,585.1,1.37,0.399,0.478,0.148,0.774,0.0429,0.0142,0.4003,0.1232,0.1162,0.032,0.2549,0.0162
4204,0.375,2219.68,430.04,1.32,0.345,0.612,0.132,0.952,0.0018,0.0984,0.0926,0.1431,0.1933,0.2557,0.039,0.1761
4205,0.613,1967.31,290.55,1.21,0.188,0.341,0.24,0.861,0.5312,0.2313,0.0036,0.02,0.0211,0.1182,0.0008,0.0738
4206,0.147,2048.72,371.81,1.17,0.606,0.691,0.151,0.295,0.0635,0.0189,0.1056,0.1246,0.2127,0.0022,0.0135,0.4589
4207,0.475,3298.87,1106.8,1.49,0.36,0.605,0.248,0.967,0.2366,0.1149,0.0329,0.0837,0.0537,0.0419,0.0017,0.4346
4208,0.381,1979.53,473.86,1.17,0.097,0.568,0.367,0.814,0.0036,0.2251,0.1359,0.0157,0.1027,0.4052,0.0415,0.0702
4209,0.467,885.93,256.31,1.17,0.328,0.519,0.227,0.872,0.2955,0.0718,0.2675,0.0125,0.1168,0.0158,0.0256,0.1945
4210,0.518,3531.22,598.12,1.42,0.604,0.454,0.064,0.685,0.2235,0.051,0.0182,0.0621,0.0137,0.243,0.2593,0.1292
4211,0.495,2585.55,589.46,1.34,0.096,0.238,0.272,0.912,0.0093,0.0757,0.2052,0.1105,0.0714,0.0846,0.3874,0.0558
4212,0.104,1709.6,249.65,1.52,0.105,0.212,0.535,0.703,0.0132,0.1299,0.2815,0.0006,0.3481,0.1219,0.0734,0.0312
4213,0.674,1095.3,263.66,1.42,0.086,0.741,0.376,0.838,0.0006,0.0185,0.2006,0.0783,0.274,0.1898,0.111,0.1271
4214,0.877,2363.87,323.74,1.2,0.396,0.37,0.268,0.513,0.1967,0.3416,0.0186,0.0,0.0049,0.0229,0.3761,0.0393
4215,0.219,1317.88,407.04,1.39,0.201,0.758,0.305,0.519,0.2356,0.0854,0.0326,0.2402,0.1701,0.0774,0.0194,0.1393
4216,0.851,1617.96,213.83,1.5,0.253,0.533,0.498,0.2,0.1817,0.1813,0.0163,0.3403,0.1503,0.0985,0.0022,0.0295
4217,0.185,1732.98,523.19,1.46,0.245,0.403,0.254,0.889,0.0437,0.0105,0.1405,0.139,0.0066,0.0984,0.4107,0.1506
4218,0.595,1875.72,220.37,1.44,0.341,0.615,0.561,0.636,0.0423,0.035,0.4294,0.0295,0.0138,0.0025,0.3547,0.0929
4219,0.758,2088.34,689.78,1.58,0.584,0.494,0.063,0.772,0.1352,0.0041,0.1471,0.0251,0.1583,0.2608,0.2433,0.0262
4220,0.117,2349.89,730.35,1.43,0.251,0.602,0.156,0.797,0.1958,0.0726,0.0067,0.0785,0.0612,0.4949,0.0436,0.0468
4221,0.711,2728.31,747.94,1.27,0.601,0.555,0.243,0.926,0.0478,0.0809,0.1183,0.1632,0.4227,0.1479,0.0018,0.0174
4222,0.691,2000.83,534.71,1.16,0.146,0.507,0.407,0.736,0.0081,0.1374,0.4716,0.0931,0.0579,0.0447,0.0367,0.1504
4223,0.449,1675.01,331.52,1.35,0.384,0.643,0.341,0.591,0.015,0.0452,0.0609,0.0357,0.1157,0.0934,0.1249,0.5093
4224,0.579,1921.51,670.56,1.36,0.211,0.488,0.125,0.896,0.026,0.079,0.5166,0.1789,0.0129,0.1727,0.0096,0.0042
4225,0.389,1879.83,189.99,1.18,0.313,0.512,0.306,0.375,0.2667,0.1433,0.0051,0.046,0.0792,0.0229,0.0113,0.4256
4226,0.597,2938.0,328.65,1.46,0.201,0.539,0.638,0.828,0.126,0.0856,0.0465,0.1096,0.1538,0.0738,0.0935,0.3112
4227,0.777,1675.71,468.47,1.32,0.605,0.327,0.642,0.685,0.1496,0.0236,0.0292,0.0816,0.0579,0.0246,0.4196,0.2138
4228,0.533,4031.27,1004.64,1.35,0.129,0.341,0.399,0.62,0.2158,0.0911,0.1301,0.0876,0.0605,0.3222,0.0867,0.0062
4229,0.31,2502.31,412.45,1.18,0.259,0.672,0.298,0.863,0.0154,0.07,0.3142,0.0601,0.1391,0.2565,0.0447,0.0999
4230,0.887,895.11,176.08,1.21,0.515,0.476,0.214,0.64,0.0741,0.0912,0.0431,0.1548,0.369,0.0582,0.072,0.1376
4231,0.246,1969.05,491.68,1.38,0.717,0.452,0.144,0.462,0.3114,0.023,0.1782,0.0455,0.1604,0.1238,0.1165,0.0411
4232,0.489,3329.67,676.25,1.23,0.192,0.723,0.227,0.813,0.1605,0.0852,0.2515,0.0239,0.1072,0.0874,0.2613,0.0229
4233,0.679,2832.81,327.4,1.56,0.473,0.85,0.207,0.596,0.0426,0.015,0.4717,0.0021,0.1475,0.0678,0.0329,0.2204
4234,0.475,1847.79,201.23,1.3,0.158,0.526,0.069,0.93,0.2042,0.212,0.193,0.0041,0.1349,0.1001,0.0585,0.0931
4235,0.458,2106.4,444.3,1.5,0.141,0.436,0.202,0.814,0.1255,0.2079,0.1312,0.1905,0.0198,0.0029,0.3141,0.0081
4236,0.563,2454.05,536.46,1.45,0.157,0.681,0.204,0.833,0.2691,0.1939,0.0163,0.004,0.0203,0.2611,0.2096,0.0257
4237,0.404,2848.45,760.79,1.21,0.143,0.427,0.189,0.467,0.1114,0.079,0.1702,0.019,0.3541,0.1109,0.1517,0.0037
4238,0.537,1279.96,442.96,1.41,0.319,0.524,0.043,0.566,0.1904,0.0416,0.0002,0.0776,0.4419,0.1312,0.0443,0.0728
4239,0.7,1923.69,230.02,1.42,0.15,0.296,0.137,0.751,0.0819,0.0818,0.1967,0.0559,0.0149,0.507,0.0341,0.0276
4240,0.625,4545.81,772.77,1.53,0.349,0.25,0.514,0.738,0.1326,0.0526,0.0581,0.0011,0.2336,0.1475,0.1988,0.1758
4241,0.426,2148.07,527.4,1.38,0.279,0.603,0.452,0.873,0.1617,0.0044,0.2855,0.4105,0.0669,0.0359,0.0011,0.0341
4242,0.506,4084.18,763.57,1.28,0.539,0.676,0.322,0.571,0.2876,0.06,0.1942,0.178,0.1474,0.0126,0.0704,0.0499
4243,0.418,6966.09,1211.18,1.39,0.445,0.6,0.079,0.526,0.056,0.1418,0.0835,0.1422,0.2427,0.0448,0.1159,0.1732
4244,0.517,1831.58,323.84,1.53,0.341,0.346,0.417,0.4,0.0405,0.0359,0.0377,0.1339,0.3096,0.0971,0.2757,0.0696
4245,0.224,1162.61,178.77,1.22,0.438,0.475,0.596,0.511,0.0185,0.1443,0.2835,0.0121,0.1038,0.0304,0.3436,0.0638
4246,0.334,1807.41,459.34,1.32,0.467,0.654,0.354,0.81,0.0594,0.2039,0.1389,0.2201,0.0124,0.0033,0.3293,0.0326
4247,0.405,3252.3,840.69,1.39,0.37,0.683,0.103,0.55,0.19,0.2568,0.0417,0.0234,0.005,0.1871,0.1145,0.1817
4248,0.765,4151.26,1148.79,1.4,0.4,0.386,0.402,0.582,0.1164,0.0201,0.231,0.3487,0.043,0.0651,0.1704,0.0053
4249,0.376,5110.71,680.55,1.58,0.217,0.449,0.308,0.645,0.179,0.4528,0.1646,0.0139,0.1349,0.0315,0.0042,0.0191
4250,0.762,2488.19,360.71,1.58,0.053,0.602,0.528,0.489,0.4269,0.2354,0.0698,0.148,0.0124,0.0001,0.0993,0.008
4251,0.595,2824.31,986.31,1.33,0.447,0.645,0.149,0.674,0.0298,0.0066,0.0131,0.2027,0.02,0.5359,0.0809,0.111
4252,0.307,1487.19,240.2,1.51,0.256,0.286,0.105,0.632,0.0403,0.0494,0.2323,0.1509,0.0112,0.1585,0.0272,0.3302
4253,0.492,806.92,204.3,1.18,0.209,0.427,0.277,0.733,0.1405,0.08,0.0928,0.1038,0.2665,0.2355,0.03,0.0509
4254,0.599,2292.58,279.25,1.4,0.177,0.542,0.344,0.805,0.5481,0.0627,0.1398,0.0338,0.0072,0.0952,0.1131,0.0001
4255,0.552,1432.06,408.08,1.23,0.144,0.723,0.312,0.662,0.0486,0.0014,0.0373,0.2825,0.0015,0.2926,0.0532,0.2829
4256,0.414,2724.0,366.96,1.17,0.168,0.722,0.211,0.636,0.0572,0.2728,0.1399,0.0396,0.1857,0.1728,0.1137,0.0183
4257,0.401,984.92,196.92,1.56,0.468,0.253,0.388,0.803,0.074,0.0056,0.3363,0.0806,0.2813,0.006,0.0973,0.1189
4258,0.467,1613.97,250.35,1.58,0.076,0.462,0.201,0.501,0.1033,0.0516,0.0524,0.3623,0.3128,0.0156,0.0122,0.0897
4259,0.143,1980.51,409.36,1.59,0.228,0.536,0.026,0.631,0.269,0.0494,0.1293,0.0753,0.2065,0.1332,0.0624,0.0749
4260,0.267,2238.75,744.19,1.54,0.307,0.604,0.252,0.903,0.0033,0.5227,0.1802,0.0325,0.1331,0.0012,0.0194,0.1077
4261,0.739,2450.63,403.66,1.23,0.099,0.386,0.226,0.581,0.0468,0.0011,0.144,0.238,0.013,0.2957,0.1561,0.1053
4262,0.429,4481.39,645.81,1.2,0.189,0.68,0.116,0.602,0.0096,0.3728,0.0765,0.1513,0.2591,0.0277,0.0543,0.0486
4263,0.612,4393.12,523.54,1.18,0.34,0.723,0.206,0.394,0.0915,0.0006,0.1692,0.039,0.1834,0.0004,0.5027,0.0132
4264,0.564,1739.39,257.93,1.37,0.399,0.434,0.09,0.576,0.0178,0.1045,0.1052,0.0724,0.477,0.0642,0.0207,0.1382
4265,0.181,3474.87,1027.62,1.58,0.154,0.242,0.375,0.354,0.0219,0.0677,0.1227,0.1655,0.0038,0.2997,0.2295,0.0893
4266,0.43,4301.24,655.41,1.55,0.136,0.633,0.286,0.779,0.092,0.1387,0.1351,0.2956,0.2049,0.0293,0.0143,0.0901
4267,0.668,2295.14,775.69,1.47,0.125,0.333,0.49,0.904,0.0288,0.0532,0.1603,0.0511,0.1951,0.1271,0.2075,0.1769
4268,0.147,1816.12,311.96,1.54,0.071,0.761,0.154,0.774,0.1419,0.0646,0.3939,0.224,0.0907,0.0169,0.0005,0.0676
4269,0.937,2680.64,435.39,1.57,0.188,0.439,0.084,0.282,0.1003,0.105,0.0668,0.0258,0.3847,0.0532,0.0575,0.2067
4270,0.58,1781.18,544.41,1.5,0.368,0.598,0.33,0.77,0.0307,0.0806,0.1327,0.139,0.0809,0.0355,0.13,0.3707
4271,0.56,1834.06,458.94,1.57,0.042,0.338,0.321,0.541,0.023,0.1213,0.0419,0.0707,0.5279,0.08,0.1266,0.0087
4272,0.585,3918.91,839.45,1.58,0.192,0.742,0.091,0.926,0.006,0.0255,0.0709,0.0301,0.0465,0.4412,0.1524,0.2274
4273,0.51,2645.89,379.81,1.33,0.779,0.707,0.205,0.271,0.0063,0.1534,0.0006,0.483,0.1692,0.0466,0.0982,0.0427
4274,0.757,2018.72,560.0,1.17,0.813,0.785,0.541,0.315,0.2186,0.067,0.0756,0.2386,0.1963,0.0046,0.06,0.1394
4275,0.628,1631.9,419.01,1.26,0.186,0.437,0.063,0.759,0.2056,0.0553,0.0073,0.0633,0.3921,0.1102,0.0058,0.1604
4276,0.152,1322.19,445.32,1.58,0.599,0.372,0.195,0.43,0.0017,0.0408,0.0956,0.3416,0.4569,0.0065,0.0105,0.0465
4277,0.478,2044.9,696.91,1.26,0.497,0.51,0.142,0.722,0.0382,0.0642,0.1411,0.0232,0.0293,0.1834,0.0807,0.44
4278,0.476,3142.31,786.35,1.24,0.363,0.544,0.175,0.386,0.0636,0.1432,0.3273,0.0123,0.0052,0.2365,0.1703,0.0416
4279,0.405,1485.42,252.53,1.44,0.77,0.417,0.194,0.691,0.0459,0.0508,0.0052,0.1508,0.0003,0.0092,0.1876,0.5501
4280,0.71,3531.85,1145.5,1.19,0.349,0.442,0.327,0.912,0.0467,0.0132,0.3432,0.3134,0.0374,0.0046,0.0504,0.191
4281,0.303,2134.17,306.76,1.54,0.269,0.479,0.236,0.74,0.0055,0.1465,0.2232,0.1616,0.0067,0.1184,0.2545,0.0835
4282,0.329,2121.49,531.14,1.29,0.264,0.613,0.15,0.866,0.0748,0.2291,0.0401,0.1032,0.3348,0.0455,0.1056,0.0669
4283,0.736,3759.35,543.63,1.54,0.228,0.487,0.634,0.841,0.0727,0.1769,0.0654,0.0207,0.4392,0.0307,0.0834,0.111
4284,0.394,2916.46,628.31,1.37,0.122,0.347,0.19,0.479,0.0348,0.1586,0.0093,0.0154,0.3753,0.2575,0.0465,0.1027
4285,0.524,1276.54,176.78,1.37,0.436,0.556,0.214,0.567,0.2109,0.148,0.1645,0.0326,0.106,0.2477,0.0494,0.0409
4286,0.219,1212.25,421.43,1.39,0.173,0.412,0.217,0.795,0.0369,0.0792,0.2257,0.2398,0.2193,0.0001,0.1661,0.0328
4287,0.596,2120.94,301.95,1.35,0.124,0.227,0.517,0.553,0.2373,0.0988,0.0283,0.0927,0.0259,0.081,0.1122,0.3239
4288,0.598,2683.03,671.27,1.15,0.729,0.442,0.291,0.664,0.198,0.125,0.0579,0.0108,0.1494,0.3763,0.0699,0.0126
4289,0.312,3423.2,593.77,1.52,0.303,0.734,0.585,0.682,0.0031,0.347,0.0031,0.1402,0.1139,0.094,0.1692,0.1295
4290,0.379,2117.46,701.66,1.45,0.226,0.519,0.293,0.736,0.3091,0.0099,0.0133,0.117,0.1071,0.1014,0.3017,0.0404
4291,0.347,4004.11,1313.3,1.26,0.013,0.513,0.344,0.81,0.0086,0.0031,0.0151,0.3273,0.0135,0.5635,0.0381,0.0308
4292,0.354,1532.82,483.48,1.36,0.351,0.378,0.188,0.695,0.0262,0.1808,0.2633,0.0977,0.011,0.254,0.0002,0.1668
4293,0.599,1878.35,472.48,1.51,0.556,0.719,0.19,0.828,0.2605,0.0645,0.2201,0.0071,0.0389,0.1644,0.0162,0.2282
4294,0.262,1701.65,330.23,1.59,0.236,0.209,0.354,0.812,0.0234,0.1003,0.0866,0.0838,0.1176,0.0237,0.0231,0.5416
4295,0.496,1590.06,418.35,1.32,0.564,0.692,0.434,0.829,0.232,0.0025,0.0583,0.0827,0.0511,0.3791,0.1488,0.0456
4296,0.132,2808.65,340.71,1.44,0.401,0.446,0.169,0.789,0.0009,0.0474,0.097,0.1103,0.2233,0.2831,0.1802,0.0578
4297,0.626,779.62,80.05,1.47,0.283,0.677,0.386,0.537,0.101,0.2297,0.0042,0.149,0.1341,0.1019,0.2146,0.0656
4298,0.527,1832.83,406.06,1.2,0.223,0.272,0.601,0.239,0.3652,0.007,0.1391,0.0079,0.289,0.1435,0.0337,0.0146
4299,0.205,2935.45,575.32,1.28,0.182,0.525,0.288,0.638,0.0506,0.11,0.2957,0.0428,0.1969,0.0488,0.2534,0.0018
4300,0.47,1917.72,606.72,1.56,0.145,0.609,0.11,0.91,0.0806,0.0718,0.1803,0.0291,0.103,0.1029,0.1609,0.2713
4301,0.392,3193.12,890.97,1.35,0.304,0.325,0.04,0.762,0.1743,0.0132,0.0492,0.0535,0.262,0.0684,0.3347,0.0448
4302,0.507,5341.79,1754.32,1.27,0.169,0.307,0.297,0.937,0.0479,0.0255,0.1182,0.0517,0.0481,0.4545,0.174,0.0802
4303,0.095,1777.69,213.85,1.41,0.183,0.359,0.227,0.718,0.3431,0.0997,0.037,0.0138,0.0704,0.1049,0.2893,0.0418
4304,0.686,3884.61,1081.99,1.26,0.062,0.481,0.055,0.578,0.1787,0.0536,0.0554,0.2557,0.0096,0.2839,0.1353,0.0277
4305,0.403,5507.68,1286.44,1.51,0.084,0.265,0.537,0.664,0.0406,0.0604,0.1397,0.1687,0.4344,0.041,0.0229,0.0923
4306,0.18,2142.31,214.37,1.57,0.269,0.737,0.302,0.794,0.3305,0.009,0.0807,0.0002,0.3237,0.1427,0.024,0.0892
4307,0.399,2048.02,232.82,1.44,0.057,0.571,0.177,0.72,0.0493,0.0825,0.443,0.0779,0.0075,0.0087,0.3062,0.025
4308,0.392,2983.51,1028.86,1.45,0.07,0.629,0.185,0.543,0.2387,0.029,0.0486,0.0405,0.0204,0.1948,0.3415,0.0866
4309,0.34,3237.86,522.07,1.3,0.259,0.462,0.23,0.772,0.0605,0.0111,0.1196,0.0054,0.098,0.2819,0.2671,0.1564
4310,0.293,1929.86,251.96,1.38,0.333,0.282,0.45,0.918,0.0873,0.3855,0.1662,0.0028,0.0524,0.0384,0.087,0.1804
4311,0.193,1515.83,371.0,1.52,0.183,0.319,0.129,0.75,0.1539,0.3559,0.0176,0.2911,0.0779,0.0074,0.0946,0.0016
4312,0.517,4432.28,584.29,1.4,0.346,0.448,0.08,0.562,0.0078,0.0312,0.2031,0.0821,0.3781,0.0626,0.1759,0.0591
4313,0.185,1641.96,430.72,1.2,0.116,0.4,0.041,0.845,0.4358,0.0152,0.0801,0.1582,0.1785,0.0249,0.0586,0.0488
4314,0.454,3472.83,669.89,1.39,0.448,0.5,0.473,0.787,0.3445,0.0678,0.1962,0.0597,0.1802,0.0171,0.129,0.0054
4315,0.677,2691.0,774.9,1.19,0.2,0.582,0.638,0.829,0.0228,0.0571,0.0375,0.186,0.057,0.1299,0.3987,0.111
4316,0.422,4391.94,937.35,1.31,0.655,0.861,0.098,0.566,0.0003,0.2088,0.0886,0.3668,0.1687,0.0019,0.1486,0.0165
4317,0.563,1627.4,477.44,1.58,0.388,0.462,0.394,0.891,0.2326,0.0763,0.1802,0.0622,0.0009,0.19,0.0077,0.2501
4318,0.368,1458.92,370.88,1.35,0.4,0.67,0.258,0.46,0.0072,0.2661,0.184,0.1431,0.1647,0.1023,0.0002,0.1324
4319,0.593,3267.19,932.51,1.56,0.327,0.394,0.105,0.776,0.0193,0.1147,0.0536,0.1834,0.2162,0.0779,0.2694,0.0656
4320,0.55,1443.83,469.06,1.36,0.452,0.31,0.131,0.635,0.1633,0.0391,0.2429,0.208,0.0579,0.0443,0.1169,0.1276
4321,0.619,2465.44,606.24,1.33,0.364,0.29,0.288,0.539,0.0597,0.0672,0.1051,0.0955,0.3613,0.1201,0.0574,0.1338
4322,0.698,4548.01,817.56,1.4,0.391,0.404,0.442,0.382,0.2099,0.1365,0.0332,0.2722,0.0257,0.0152,0.3005,0.0068
4323,0.263,941.89,245.86,1.43,0.787,0.388,0.13,0.639,0.2553,0.2193,0.0277,0.0516,0.2049,0.0374,0.1104,0.0934
4324,0.502,2598.17,451.37,1.47,0.159,0.329,0.41,0.611,0.4013,0.0311,0.1442,0.0677,0.072,0.123,0.1555,0.0052
4325,0.635,3852.31,787.96,1.27,0.302,0.184,0.596,0.622,0.1081,0.0003,0.2313,0.3744,0.0215,0.1057,0.005,0.1536
4326,0.178,1802.58,292.78,1.2,0.441,0.547,0.063,0.799,0.3536,0.2421,0.0036,0.0142,0.0964,0.0927,0.0732,0.1243
4327,0.413,1452.2,359.38,1.36,0.256,0.528,0.589,0.732,0.1328,0.0543,0.0592,0.5196,0.1697,0.0014,0.0135,0.0494
4328,0.412,1893.96,352.6,1.44,0.229,0.385,0.045,0.687,0.0584,0.5944,0.0457,0.0521,0.0599,0.0466,0.0463,0.0966
4329,0.834,1867.89,251.81,1.22,0.616,0.716,0.291,0.836,0.3549,0.0362,0.0131,0.2213,0.0212,0.2102,0.0221,0.1209
4330,0.919,2790.92,715.34,1.16,0.431,0.134,0.328,0.823,0.1697,0.3603,0.1782,0.0429,0.0593,0.0799,0.1032,0.0066
4331,0.299,1760.78,585.37,1.49,0.31,0.616,0.252,0.526,0.034,0.5476,0.1418,0.0065,0.1005,0.112,0.0523,0.0053
4332,0.621,1918.35,237.44,1.34,0.436,0.556,0.205,0.604,0.0527,0.3179,0.0052,0.1397,0.1761,0.1381,0.1404,0.03
4333,0.381,2489.72,870.37,1.45,0.556,0.209,0.04,0.854,0.0245,0.2062,0.0731,0.1538,0.0297,0.1399,0.0045,0.3683
4334,0.795,4824.36,1406.72,1.15,0.082,0.547,0.301,0.971,0.1713,0.1017,0.084,0.403,0.0805,0.1154,0.0006,0.0436
4335,0.567,2610.86,523.17,1.52,0.189,0.653,0.19,0.329,0.1276,0.0494,0.042,0.222,0.0748,0.1814,0.2545,0.0483
4336,0.545,3873.57,1106.46,1.56,0.41,0.31,0.219,0.725,0.0951,0.0038,0.0099,0.2643,0.1931,0.0478,0.0201,0.3659
4337,0.437,4012.14,1400.63,1.2,0.369,0.732,0.079,0.446,0.0025,0.1345,0.0491,0.0003,0.2893,0.2087,0.2933,0.0223
4338,0.394,1646.53,356.22,1.22,0.109,0.527,0.577,0.906,0.0198,0.2873,0.1932,0.0178,0.1346,0.0386,0.2909,0.0178
4339,0.482,2442.49,359.26,1.39,0.238,0.437,0.321,0.636,0.1781,0.031,0.2556,0.0401,0.1846,0.0903,0.1217,0.0985
4340,0.676,2043.4,262.86,1.22,0.385,0.209,0.084,0.56,0.2622,0.4067,0.0039,0.106,0.0954,0.0076,0.1178,0.0003
4341,0.488,1213.13,395.83,1.27,0.306,0.344,0.192,0.92,0.019,0.1023,0.3013,0.0309,0.2407,0.1003,0.1433,0.0622
4342,0.65,2755.63,897.51,1.52,0.384,0.691,0.508,0.789,0.2522,0.1328,0.1865,0.2317,0.0644,0.0274,0.0202,0.0848
4343,0.739,1639.58,440.48,1.49,0.024,0.619,0.34,0.54,0.1685,0.3192,0.1067,0.0586,0.1342,0.016,0.0676,0.1293
4344,0.793,3110.44,1002.6,1.58,0.007,0.62,0.607,0.728,0.1294,0.0842,0.024,0.4253,0.1119,0.0315,0.1307,0.0629
4345,0.524,1201.14,403.65,1.55,0.396,0.441,0.281,0.762,0.0464,0.0197,0.1386,0.0945,0.5565,0.0638,0.0701,0.0105
4346,0.309,2119.48,570.44,1.29,0.091,0.721,0.472,0.874,0.0854,0.0026,0.0196,0.165,0.0008,0.0606,0.0111,0.655
4347,0.857,1408.43,142.27,1.59,0.564,0.491,0.144,0.417,0.0317,0.0156,0.0832,0.0003,0.0103,0.1205,0.0917,0.6467
4348,0.527,2936.16,527.49,1.34,0.487,0.62,0.315,0.786,0.0554,0.0244,0.155,0.2443,0.2474,0.0792,0.098,0.0963
4349,0.394,1778.63,267.75,1.4,0.319,0.191,0.282,0.765,0.028,0.1444,0.0453,0.0293,0.1865,0.0749,0.2269,0.2647
4350,0.294,1612.26,389.17,1.31,0.35,0.26,0.311,0.46,0.0221,0.1458,0.0529,0.0345,0.1616,0.2054,0.2153,0.1624
4351,0.139,2784.03,707.21,1.41,0.293,0.638,0.089,0.713,0.101,0.0369,0.0942,0.2526,0.0281,0.0747,0.0142,0.3982
4352,0.589,2036.92,688.4,1.38,0.442,0.726,0.776,0.694,0.0153,0.0904,0.0205,0.377,0.1156,0.2379,0.1098,0.0336
4353,0.398,2180.49,729.26,1.28,0.15,0.061,0.159,0.828,0.098,0.0498,0.2456,0.0708,0.0329,0.1068,0.2884,0.1077
4354,0.433,1966.14,228.91,1.38,0.625,0.656,0.454,0.689,0.0237,0.0534,0.0283,0.1403,0.1448,0.075,0.4254,0.1091
4355,0.421,2590.61,745.63,1.47,0.137,0.281,0.387,0.625,0.2721,0.1348,0.2037,0.3032,0.0108,0.0135,0.0038,0.0581
4356,0.772,3851.37,832.87,1.38,0.124,0.174,0.395,0.692,0.0719,0.0325,0.329,0.0244,0.0139,0.0205,0.4808,0.0269
4357,0.657,3350.63,1062.25,1.53,0.364,0.6,0.042,0.442,0.1057,0.0587,0.3168,0.0127,0.0453,0.2033,0.0469,0.2106
4358,0.586,1919.41,195.92,1.55,0.314,0.717,0.15,0.67,0.1095,0.0002,0.0879,0.0046,0.0139,0.5187,0.2567,0.0086
4359,0.714,4001.54,885.59,1.34,0.128,0.72,0.422,0.666,0.0976,0.2194,0.0076,0.1229,0.0617,0.0128,0.0148,0.4631
4360,0.485,1518.74,286.05,1.49,0.149,0.502,0.301,0.73,0.0076,0.0302,0.0855,0.5559,0.0893,0.0443,0.0409,0.1463
4361,0.393,1545.47,346.84,1.56,0.511,0.712,0.476,0.845,0.0381,0.0001,0.0583,0.165,0.0548,0.3969,0.2811,0.0056
4362,0.304,1875.02,538.16,1.49,0.02,0.225,0.432,0.951,0.2539,0.1546,0.2204,0.0161,0.0624,0.2676,0.011,0.0139
4363,0.681,3689.08,1029.1,1.36,0.139,0.58,0.468,0.613,0.0053,0.0465,0.03,0.1511,0.071,0.0286,0.1515,0.5159
4364,0.56,1428.5,224.73,1.47,0.391,0.188,0.326,0.92,0.0616,0.1567,0.3466,0.001,0.1339,0.2309,0.0588,0.0104
4365,0.413,3006.16,416.62,1.34,0.608,0.425,0.058,0.616,0.0358,0.0976,0.0928,0.2766,0.2318,0.0714,0.1553,0.0387
4366,0.785,2497.31,588.48,1.3,0.268,0.7,0.211,0.873,0.3051,0.0285,0.493,0.0239,0.0023,0.0759,0.0579,0.0134
4367,0.691,2050.66,599.28,1.43,0.318,0.582,0.24,0.945,0.1265,0.1632,0.0354,0.1635,0.0213,0.33,0.1123,0.0477
4368,0.584,3583.7,1253.47,1.18,0.172,0.492,0.129,0.681,0.0221,0.1776,0.0036,0.0084,0.3703,0.0324,0.2504,0.1353
4369,0.597,1687.67,168.88,1.22,0.519,0.202,0.151,0.554,0.1743,0.1667,0.0022,0.0175,0.201,0.0165,0.109,0.3128
4370,0.452,5368.16,930.44,1.4,0.129,0.335,0.198,0.874,0.3371,0.0727,0.2293,0.014,0.0904,0.1537,0.0787,0.0242
4371,0.598,2168.89,666.08,1.33,0.503,0.183,0.47,0.767,0.0217,0.0636,0.0769,0.6074,0.0142,0.0392,0.174,0.0029
4372,0.453,2285.84,525.44,1.23,0.243,0.604,0.146,0.479,0.0108,0.0631,0.2162,0.0217,0.0569,0.0293,0.5154,0.0866
4373,0.386,3841.09,483.47,1.57,0.286,0.87,0.377,0.61,0.1344,0.1462,0.3233,0.0469,0.0432,0.0025,0.2564,0.0472
4374,0.181,1957.41,302.65,1.6,0.73,0.6,0.406,0.866,0.0006,0.0564,0.0035,0.2162,0.1216,0.1097,0.4919,0.0001
4375,0.795,4126.96,788.63,1.33,0.209,0.854,0.187,0.247,0.1285,0.0675,0.0449,0.2378,0.3869,0.0558,0.0659,0.0126
4376,0.692,1117.19,390.45,1.47,0.618,0.451,0.315,0.317,0.5037,0.083,0.1669,0.0391,0.0297,0.0848,0.0511,0.0415
4377,0.519,1870.3,451.17,1.52,0.189,0.53,0.312,0.744,0.0957,0.1006,0.321,0.0682,0.0594,0.142,0.0568,0.1562
4378,0.631,2774.84,562.89,1.26,0.689,0.651,0.138,0.637,0.2609,0.2143,0.0487,0.1227,0.0067,0.1071,0.187,0.0525
4379,0.813,3986.69,1089.72,1.25,0.294,0.364,0.302,0.601,0.0894,0.0214,0.0259,0.0128,0.0024,0.103,0.6787,0.0664
4380,0.473,2961.98,542.54,1.44,0.323,0.337,0.44,0.685,0.0392,0.1322,0.1442,0.1683,0.0376,0.2389,0.2181,0.0215
4381,0.226,2462.49,444.18,1.31,0.452,0.71,0.377,0.47,0.1732,0.1813,0.0435,0.057,0.3621,0.0334,0.1162,0.0333
4382,0.639,3634.21,482.61,1.29,0.118,0.35,0.078,0.649,0.078,0.074,0.045,0.2533,0.2547,0.0276,0.1275,0.1398
4383,0.502,2674.18,633.38,1.49,0.434,0.133,0.135,0.72,0.1695,0.0519,0.1322,0.0261,0.034,0.0282,0.2252,0.3328
4384,0.447,910.51,277.52,1.54,0.197,0.505,0.14,0.739,0.6375,0.1372,0.0342,0.0072,0.0171,0.0203,0.0092,0.1372
4385,0.161,3206.62,729.72,1.18,0.142,0.724,0.361,0.966,0.1364,0.0092,0.2162,0.0475,0.0779,0.0111,0.2218,0.2798
4386,0.643,1704.0,592.09,1.32,0.339,0.397,0.097,0.604,0.1577,0.0589,0.1533,0.0003,0.2383,0.0081,0.2979,0.0855
4387,0.411,2382.61,617.62,1.53,0.784,0.171,0.173,0.883,0.053,0.0209,0.0714,0.1431,0.1861,0.1778,0.2554,0.0923
4388,0.72,2659.97,625.68,1.48,0.533,0.554,0.161,0.819,0.099,0.056,0.0308,0.3772,0.2185,0.0568,0.0299,0.1318
4389,0.461,2204.0,499.31,1.57,0.679,0.616,0.641,0.878,0.0569,0.2373,0.0627,0.1995,0.0831,0.2474,0.0694,0.0438
4390,0.485,1408.03,168.47,1.4,0.109,0.163,0.161,0.465,0.0045,0.0678,0.3734,0.0348,0.1277,0.299,0.0087,0.0842
4391,0.297,904.72,312.44,1.5,0.331,0.423,0.239,0.613,0.0499,0.0107,0.2204,0.016,0.3097,0.1417,0.1284,0.1233
4392,0.345,1354.46,427.66,1.26,0.399,0.211,0.122,0.629,0.3019,0.0478,0.0398,0.1308,0.0647,0.3336,0.0012,0.0802
4393,0.643,3315.08,459.15,1.21,0.438,0.28,0.259,0.916,0.1644,0.1675,0.0682,0.1982,0.013,0.1725,0.1298,0.0865
4394,0.462,1213.27,418.75,1.19,0.068,0.454,0.199,0.669,0.2611,0.004,0.0748,0.1999,0.1083,0.127,0.0061,0.2189
4395,0.573,1615.5,229.03,1.55,0.279,0.286,0.179,0.839,0.0597,0.1192,0.1475,0.0586,0.0023,0.2385,0.0425,0.3317
4396,0.16,2126.97,250.53,1.46,0.101,0.424,0.587,0.717,0.0,0.3679,0.0286,0.0674,0.029,0.1982,0.0036,0.3054
4397,0.462,1434.42,312.11,1.33,0.159,0.579,0.187,0.473,0.0269,0.3153,0.0186,0.0682,0.2997,0.1301,0.0827,0.0585
4398,0.393,1674.1,260.96,1.49,0.551,0.603,0.358,0.495,0.0265,0.0227,0.2371,0.097,0.3519,0.0301,0.1593,0.0754
4399,0.289,2019.77,244.64,1.54,0.521,0.808,0.276,0.732,0.1912,0.0683,0.0877,0.0004,0.145,0.0375,0.1247,0.3451
4400,0.384,2317.44,382.79,1.47,0.383,0.449,0.186,0.901,0.0781,0.1257,0.2995,0.0402,0.1116,0.1421,0.0895,0.1134
4401,0.336,1323.35,254.83,1.17,0.1,0.567,0.12,0.615,0.1442,0.0132,0.033,0.2027,0.1045,0.0735,0.4074,0.0215
4402,0.454,2279.44,532.34,1.28,0.422,0.604,0.456,0.574,0.0069,0.1618,0.1827,0.2265,0.072,0.2197,0.0578,0.0727
4403,0.432,2495.38,819.66,1.19,0.223,0.606,0.35,0.908,0.004,0.6423,0.1131,0.0322,0.0373,0.0171,0.1458,0.0082
4404,0.458,1297.58,294.1,1.48,0.418,0.329,0.411,0.791,0.0588,0.0406,0.282,0.3115,0.0574,0.0991,0.0295,0.1211
4405,0.538,2457.12,858.9,1.56,0.136,0.57,0.071,0.651,0.1381,0.0145,0.1278,0.0017,0.2414,0.2105,0.182,0.0841
4406,0.35,1522.9,377.98,1.36,0.835,0.258,0.21,0.603,0.0042,0.1095,0.2502,0.2642,0.1096,0.0305,0.0154,0.2164
4407,0.565,2404.13,748.48,1.41,0.099,0.721,0.316,0.8,0.0486,0.0206,0.0425,0.3069,0.0362,0.3382,0.2041,0.0029
4408,0.42,2820.92,655.81,1.48,0.156,0.807,0.345,0.62,0.0388,0.0269,0.0728,0.0243,0.3741,0.1088,0.2936,0.0607
4409,0.35,1890.62,331.21,1.15,0.451,0.604,0.36,0.598,0.0248,0.0004,0.0066,0.0027,0.2056,0.6954,0.012,0.0523
4410,0.497,3178.02,1111.98,1.32,0.504,0.556,0.136,0.623,0.0608,0.1664,0.0287,0.1155,0.0049,0.11,0.1423,0.3713
4411,0.54,3098.0,826.24,1.21,0.241,0.184,0.113,0.573,0.2255,0.2555,0.0875,0.2415,0.1029,0.0148,0.0172,0.0551
4412,0.672,3474.93,1177.43,1.39,0.662,0.721,0.268,0.658,0.0624,0.0133,0.0428,0.0292,0.3184,0.1374,0.2745,0.1221
4413,0.468,2550.51,662.63,1.2,0.087,0.522,0.242,0.292,0.0766,0.0963,0.039,0.3967,0.0735,0.1174,0.0426,0.1579
4414,0.403,3250.23,341.37,1.57,0.372,0.547,0.478,0.798,0.0402,0.0268,0.0241,0.327,0.3446,0.0785,0.0026,0.1561
4415,0.234,2203.35,616.79,1.38,0.192,0.411,0.333,0.26,0.1026,0.0169,0.0277,0.2043,0.1014,0.0945,0.0171,0.4356
4416,0.44,1096.69,381.32,1.55,0.536,0.367,0.27,0.454,0.0041,0.0196,0.0343,0.0157,0.0064,0.1162,0.0336,0.7701
4417,0.771,1847.3,467.59,1.4,0.428,0.344,0.304,0.641,0.0679,0.0124,0.1848,0.0298,0.1417,0.0061,0.3556,0.2017
4418,0.526,2059.19,542.25,1.52,0.193,0.425,0.16,0.732,0.1174,0.0092,0.0166,0.1822,0.0169,0.3234,0.3092,0.0251
4419,0.542,2182.85,334.59,1.22,0.38,0.213,0.256,0.605,0.0144,0.0577,0.0426,0.0322,0.5007,0.1019,0.2367,0.0137
4420,0.594,2679.67,829.02,1.27,0.364,0.403,0.457,0.87,0.0021,0.0601,0.2001,0.0917,0.1832,0.3898,0.0475,0.0255
4421,0.469,1572.65,158.63,1.17,0.601,0.587,0.058,0.795,0.041,0.0021,0.1231,0.2179,0.2387,0.0354,0.1039,0.2379
4422,0.471,4857.09,1406.83,1.6,0.36,0.381,0.223,0.572,0.0646,0.0278,0.1573,0.1724,0.1723,0.0797,0.0109,0.315
4423,0.187,1758.31,294.86,1.17,0.373,0.765,0.109,0.84,0.0954,0.2714,0.0769,0.0671,0.3354,0.0764,0.027,0.0504
4424,0.364,2038.91,321.09,1.15,0.769,0.514,0.275,0.732,0.0802,0.0579,0.1014,0.0788,0.4698,0.0384,0.1678,0.0057
4425,0.595,1777.19,536.62,1.38,0.596,0.46,0.611,0.663,0.1425,0.0748,0.0418,0.0668,0.0511,0.0394,0.0834,0.5002
4426,0.746,1677.62,307.78,1.56,0.719,0.733,0.539,0.284,0.0023,0.2193,0.161,0.1051,0.0667,0.0397,0.1632,0.2428
4427,0.425,2014.39,401.1,1.45,0.326,0.352,0.339,0.682,0.0162,0.112,0.4157,0.0609,0.0893,0.0,0.2993,0.0066
4428,0.359,2062.32,405.09,1.22,0.453,0.377,0.102,0.693,0.0324,0.0435,0.247,0.0819,0.0106,0.4986,0.0458,0.0404
4429,0.443,2067.65,531.59,1.34,0.066,0.417,0.405,0.762,0.1487,0.1757,0.1781,0.2953,0.1436,0.019,0.0341,0.0054
4430,0.619,4562.75,1478.03,1.33,0.668,0.679,0.555,0.559,0.2103,0.0049,0.0571,0.0629,0.3233,0.1239,0.0748,0.1428
4431,0.581,2193.34,670.36,1.55,0.726,0.488,0.317,0.419,0.1303,0.3365,0.148,0.1258,0.059,0.037,0.087,0.0764
4432,0.497,2131.54,576.77,1.33,0.204,0.478,0.144,0.789,0.0654,0.2727,0.1798,0.0741,0.1466,0.0772,0.1777,0.0064
4433,0.437,2955.69,864.38,1.25,0.525,0.722,0.273,0.905,0.0653,0.06,0.0664,0.3688,0.0673,0.1754,0.1663,0.0304
4434,0.203,1728.59,214.97,1.28,0.085,0.314,0.48,0.813,0.244,0.2486,0.0863,0.2514,0.0366,0.001,0.1225,0.0095
4435,0.458,2679.17,915.26,1.53,0.434,0.759,0.197,0.536,0.1882,0.0154,0.0675,0.0451,0.0796,0.3717,0.228,0.0045
4436,0.512,1333.49,235.75,1.4,0.018,0.567,0.206,0.711,0.4743,0.2003,0.1059,0.0455,0.0373,0.0144,0.0753,0.0471
4437,0.414,1266.59,163.27,1.18,0.397,0.608,0.354,0.954,0.0534,0.0136,0.0604,0.3594,0.2641,0.0082,0.1406,0.1004
4438,0.431,2232.05,734.66,1.48,0.34,0.438,0.232,0.841,0.0883,0.0058,0.1277,0.1093,0.3326,0.2918,0.0191,0.0255
4439,0.806,2350.44,388.28,1.56,0.183,0.587,0.05,0.673,0.3696,0.0896,0.0091,0.0069,0.1555,0.0413,0.2463,0.0817
4440,0.32,1441.24,196.94,1.56,0.493,0.521,0.384,0.562,0.0057,0.4455,0.0137,0.035,0.3221,0.0547,0.0077,0.1155
4441,0.615,2464.84,856.9,1.28,0.138,0.594,0.243,0.432,0.0607,0.0009,0.1992,0.007,0.1089,0.0347,0.0,0.5886
4442,0.502,2404.88,252.11,1.28,0.095,0.498,0.132,0.792,0.0621,0.1366,0.3868,0.0891,0.0018,0.1515,0.0221,0.15
4443,0.738,1878.8,513.04,1.39,0.015,0.58,0.265,0.885,0.0292,0.0002,0.1023,0.1574,0.1683,0.0437,0.4075,0.0915
4444,0.577,1870.34,369.39,1.27,0.136,0.687,0.084,0.803,0.0312,0.1062,0.1844,0.0051,0.3545,0.1152,0.1273,0.076
4445,0.228,2051.91,624.81,1.47,0.375,0.281,0.07,0.656,0.1045,0.2406,0.1811,0.1563,0.0916,0.0944,0.0186,0.1129
4446,0.745,1665.01,194.06,1.5,0.433,0.599,0.538,0.89,0.1054,0.0872,0.5227,0.1195,0.0785,0.0233,0.0113,0.0521
4447,0.558,1789.84,320.89,1.53,0.065,0.742,0.18,0.535,0.1657,0.0524,0.0512,0.1896,0.0034,0.0414,0.2086,0.2878
4448,0.769,3137.17,503.24,1.46,0.487,0.457,0.363,0.783,0.1724,0.1013,0.1939,0.0366,0.0422,0.206,0.2119,0.0358
4449,0.35,2008.87,264.32,1.53,0.266,0.578,0.14,0.631,0.0215,0.1519,0.1917,0.1823,0.0431,0.1869,0.1519,0.0708
4450,0.359,1684.89,412.98,1.52,0.7,0.499,0.471,0.83,0.0115,0.0003,0.5328,0.1082,0.1839,0.0149,0.1466,0.0018
4451,0.886,1863.52,334.06,1.22,0.169,0.244,0.183,0.556,0.3094,0.1737,0.1049,0.1782,0.0989,0.0288,0.1031,0.0031
4452,0.603,1555.58,309.15,1.53,0.074,0.264,0.286,0.814,0.3695,0.1752,0.0209,0.0287,0.0698,0.0549,0.2131,0.0679
4453,0.935,2593.24,684.58,1.33,0.541,0.563,0.107,0.75,0.0556,0.2575,0.1329,0.0875,0.2485,0.1135,0.0795,0.025
4454,0.418,4746.13,562.92,1.22,0.186,0.326,0.46,0.496,0.4412,0.0394,0.1147,0.1115,0.0411,0.066,0.012,0.174
4455,0.759,3161.59,946.14,1.48,0.273,0.363,0.228,0.837,0.1,0.283,0.0262,0.0864,0.3351,0.0009,0.0115,0.1568
4456,0.588,1358.3,271.23,1.45,0.232,0.436,0.098,0.433,0.6456,0.0089,0.0248,0.0865,0.1496,0.0221,0.0117,0.0508
4457,0.452,2855.41,473.27,1.52,0.383,0.712,0.335,0.771,0.0724,0.1082,0.0033,0.2526,0.1176,0.05,0.101,0.2949
4458,0.408,1549.02,470.29,1.19,0.346,0.391,0.244,0.863,0.0273,0.0011,0.1919,0.1892,0.3697,0.1305,0.069,0.0213
4459,0.308,1974.45,317.53,1.56,0.212,0.358,0.356,0.745,0.0979,0.2055,0.2575,0.0939,0.1161,0.0026,0.1289,0.0977
4460,0.692,1928.9,498.48,1.26,0.293,0.351,0.347,0.611,0.1208,0.2182,0.0997,0.0109,0.065,0.0791,0.2951,0.1111
4461,0.743,5619.91,834.91,1.19,0.479,0.552,0.267,0.789,0.0266,0.0048,0.0172,0.1906,0.0611,0.0623,0.449,0.1884
4462,0.575,1460.99,350.17,1.38,0.181,0.545,0.483,0.918,0.1093,0.0988,0.3403,0.0294,0.0025,0.3207,0.0018,0.0973
4463,0.576,2608.6,522.06,1.34,0.077,0.337,0.328,0.863,0.1247,0.119,0.0182,0.2867,0.1989,0.0985,0.0501,0.1039
4464,0.665,1830.8,577.61,1.28,0.329,0.446,0.396,0.644,0.1482,0.1174,0.0147,0.0043,0.0295,0.2943,0.3623,0.0295
4465,0.362,2745.94,548.4,1.55,0.267,0.251,0.573,0.885,0.0458,0.0189,0.0977,0.0322,0.4398,0.2542,0.0256,0.0858
4466,0.84,2945.85,799.24,1.16,0.047,0.64,0.316,0.539,0.0581,0.21,0.3762,0.1151,0.0556,0.0336,0.0023,0.1491
4467,0.834,4314.5,1491.5,1.53,0.543,0.587,0.05,0.689,0.1982,0.0235,0.0415,0.0624,0.4419,0.1498,0.0334,0.0491
4468,0.731,3315.17,333.47,1.19,0.509,0.506,0.553,0.373,0.1318,0.3119,0.0251,0.0458,0.1072,0.1421,0.0366,0.1995
4469,0.202,1401.62,171.38,1.52,0.28,0.633,0.108,0.707,0.2806,0.0156,0.0885,0.0644,0.3287,0.1496,0.0466,0.0259
4470,0.494,7071.61,1717.08,1.26,0.15,0.548,0.301,0.711,0.2662,0.011,0.0011,0.2019,0.2048,0.2441,0.018,0.053
4471,0.493,2748.96,445.37,1.25,0.214,0.208,0.137,0.566,0.1948,0.0253,0.4537,0.0157,0.1152,0.1753,0.0037,0.0164
4472,0.156,1439.87,146.18,1.32,0.607,0.435,0.191,0.587,0.167,0.2456,0.1522,0.0341,0.059,0.1358,0.2049,0.0014
4473,0.184,1984.67,666.92,1.37,0.454,0.776,0.222,0.572,0.003,0.0101,0.4568,0.0014,0.2846,0.1167,0.0508,0.0767
4474,0.321,2565.95,439.47,1.24,0.15,0.209,0.275,0.428,0.0229,0.2371,0.0358,0.1285,0.4692,0.0235,0.0414,0.0415
4475,0.473,2759.52,963.56,1.57,0.346,0.647,0.211,0.654,0.0378,0.2017,0.0302,0.0664,0.2203,0.003,0.1208,0.32
4476,0.415,2569.54,391.58,1.29,0.131,0.684,0.355,0.516,0.0892,0.1696,0.1076,0.1125,0.0131,0.0316,0.1095,0.3668
4477,0.745,3686.01,1221.31,1.24,0.073,0.652,0.158,0.662,0.0541,0.2677,0.3728,0.0583,0.002,0.0875,0.0445,0.1132
4478,0.099,2442.31,246.51,1.52,0.377,0.733,0.255,0.469,0.2159,0.0578,0.0289,0.1601,0.1828,0.1187,0.1536,0.0822
4479,0.749,1788.34,448.67,1.28,0.394,0.372,0.088,0.231,0.0013,0.6154,0.0306,0.2014,0.1044,0.0083,0.0378,0.0009
4480,0.255,4448.49,1272.55,1.56,0.324,0.566,0.279,0.861,0.1491,0.0262,0.0581,0.1584,0.1105,0.0716,0.2213,0.2048
4481,0.309,4350.27,1189.64,1.53,0.271,0.809,0.131,0.507,0.3489,0.1524,0.1421,0.0141,0.1124,0.0292,0.0226,0.1782
4482,0.669,3325.08,985.63,1.3,0.266,0.619,0.314,0.963,0.1104,0.0076,0.0997,0.077,0.1746,0.0307,0.2316,0.2685
4483,0.355,2066.3,654.11,1.53,0.54,0.662,0.55,0.571,0.1801,0.0838,0.1647,0.1398,0.1548,0.1636,0.0704,0.0428
4484,0.436,2180.52,403.17,1.35,0.196,0.232,0.248,0.687,0.3676,0.1607,0.2142,0.0545,0.0111,0.012,0.1415,0.0383
4485,0.406,1841.69,460.82,1.25,0.419,0.239,0.48,0.589,0.0288,0.4213,0.1038,0.1687,0.0725,0.1511,0.0105,0.0432
4486,0.41,1943.32,540.72,1.25,0.277,0.352,0.284,0.835,0.1268,0.0376,0.2948,0.243,0.0166,0.1807,0.0859,0.0147
4487,0.528,935.42,294.11,1.3,0.408,0.423,0.782,0.531,0.0754,0.0366,0.5502,0.0232,0.2051,0.0358,0.0597,0.014
4488,0.686,4488.13,474.64,1.54,0.388,0.509,0.579,0.463,0.0991,0.107,0.1467,0.2473,0.0025,0.0347,0.057,0.3058
4489,0.319,3189.84,338.74,1.47,0.423,0.864,0.22,0.724,0.319,0.0234,0.0061,0.2834,0.1952,0.0006,0.1254,0.047
4490,0.728,1270.31,442.63,1.44,0.353,0.653,0.25,0.377,0.1266,0.1478,0.1721,0.0049,0.3296,0.116,0.0769,0.026
4491,0.611,3344.87,438.52,1.36,0.648,0.415,0.338,0.631,0.0478,0.1246,0.4043,0.1836,0.1234,0.0082,0.0586,0.0496
4492,0.214,1859.57,305.7,1.51,0.41,0.428,0.051,0.311,0.12,0.1251,0.0598,0.2156,0.1192,0.2013,0.1274,0.0317
4493,0.405,1934.04,329.1,1.31,0.376,0.723,0.323,0.412,0.0376,0.0245,0.0064,0.5991,0.0924,0.0292,0.2015,0.0093
4494,0.765,3079.1,624.48,1.23,0.262,0.261,0.13,0.516,0.0843,0.3517,0.0285,0.352,0.1154,0.0111,0.0027,0.0542
4495,0.488,1093.01,312.27,1.18,0.369,0.463,0.015,0.712,0.1265,0.0708,0.0287,0.2926,0.0309,0.2438,0.184,0.0225
4496,0.563,2274.79,760.73,1.55,0.438,0.634,0.812,0.572,0.0127,0.367,0.0698,0.3658,0.0009,0.1006,0.0392,0.0441
4497,0.534,2323.21,548.67,1.15,0.513,0.375,0.199,0.403,0.0265,0.3889,0.1015,0.2197,0.0213,0.1938,0.0482,0.0
4498,0.805,2661.48,647.75,1.59,0.168,0.371,0.262,0.443,0.068,0.0084,0.0566,0.0098,0.0501,0.7496,0.023,0.0345
4499,0.409,1214.99,242.23,1.6,0.238,0.724,0.283,0.793,0.0961,0.0704,0.1517,0.0529,0.0183,0.005,0.5252,0.0803
4500,0.494,2632.85,656.64,1.26,0.643,0.709,0.097,0.503,0.1572,0.2169,0.034,0.169,0.0639,0.0837,0.0176,0.2577
4501,0.703,3750.37,413.8,1.54,0.07,0.676,0.38,0.755,0.0536,0.0814,0.0631,0.1235,0.2903,0.0256,0.0675,0.2949
4502,0.81,3039.75,712.39,1.35,0.25,0.562,0.562,0.567,0.29,0.0784,0.0065,0.2857,0.0334,0.2909,0.0149,0.0001
4503,0.382,1886.26,626.24,1.56,0.21,0.553,0.237,0.813,0.0718,0.2632,0.0429,0.0351,0.0599,0.0928,0.1012,0.3332
4504,0.365,5998.87,1766.72,1.32,0.413,0.716,0.215,0.826,0.0567,0.1513,0.1402,0.092,0.0613,0.1354,0.319,0.0442
4505,0.534,1554.35,305.71,1.38,0.219,0.822,0.214,0.503,0.1956,0.0094,0.0178,0.0726,0.1039,0.2771,0.3073,0.0162
4506,0.263,2622.02,778.83,1.48,0.332,0.257,0.272,0.804,0.1016,0.0781,0.0923,0.1103,0.3161,0.0822,0.2054,0.014
4507,0.16,1984.2,320.09,1.43,0.742,0.643,0.259,0.464,0.1926,0.2782,0.0489,0.0946,0.1343,0.0504,0.1716,0.0293
4508,0.423,4734.42,1315.42,1.24,0.472,0.156,0.666,0.93,0.1753,0.0039,0.3749,0.1241,0.0193,0.039,0.2056,0.058
4509,0.699,2858.75,466.37,1.33,0.578,0.727,0.868,0.512,0.0716,0.005,0.1178,0.069,0.0012,0.0022,0.0475,0.6857
4510,0.199,2349.24,667.25,1.37,0.623,0.171,0.146,0.896,0.1842,0.0626,0.477,0.0545,0.0324,0.0352,0.0367,0.1174
4511,0.433,2606.31,415.47,1.48,0.453,0.66,0.21,0.356,0.0589,0.0065,0.2709,0.0452,0.0304,0.1063,0.2366,0.2451
4512,0.35,1328.73,246.1,1.17,0.579,0.749,0.246,0.924,0.0993,0.1154,0.1575,0.0754,0.19,0.0524,0.1296,0.1803
4513,0.77,1790.82,306.23,1.59,0.176,0.531,0.258,0.551,0.0352,0.1176,0.0143,0.1927,0.1035,0.0563,0.2523,0.2281
4514,0.453,1927.47,612.59,1.34,0.685,0.158,0.154,0.876,0.0441,0.0192,0.1087,0.4846,0.0045,0.2079,0.02,0.111
4515,0.37,3010.11,914.28,1.33,0.186,0.16,0.074,0.678,0.2593,0.4917,0.1244,0.0012,0.0676,0.0197,0.0234,0.0127
4516,0.531,2465.87,686.71,1.54,0.161,0.38,0.398,0.559,0.011,0.0416,0.1824,0.0209,0.3472,0.2342,0.1421,0.0205
4517,0.621,2168.85,337.41,1.37,0.383,0.49,0.163,0.752,0.04,0.0541,0.2738,0.1372,0.4546,0.0009,0.0023,0.0372
4518,0.324,3458.71,800.45,1.42,0.109,0.363,0.237,0.875,0.2115,0.0481,0.0175,0.071,0.0763,0.2786,0.1204,0.1765
4519,0.161,814.7,245.69,1.47,0.064,0.611,0.125,0.823,0.3046,0.0243,0.2193,0.0221,0.0807,0.0378,0.3092,0.0021
4520,0.389,1235.8,303.79,1.28,0.076,0.185,0.281,0.846,0.1907,0.3429,0.0133,0.1186,0.0355,0.1329,0.0089,0.1572
4521,0.782,939.16,151.81,1.59,0.12,0.371,0.311,0.521,0.1697,0.3762,0.0369,0.0433,0.1235,0.0757,0.1083,0.0663
4522,0.798,4165.42,660.38,1.52,0.245,0.574,0.212,0.734,0.0774,0.1072,0.0145,0.0155,0.3483,0.2638,0.1719,0.0015
4523,0.398,2007.04,552.82,1.51,0.412,0.379,0.055,0.666,0.0399,0.3281,0.071,0.0456,0.2658,0.1266,0.1207,0.0024
4524,0.522,3291.09,877.71,1.19,0.633,0.289,0.176,0.92,0.0918,0.3498,0.0051,0.0162,0.2773,0.2244,0.0167,0.0188
4525,0.559,2183.01,249.32,1.36,0.144,0.701,0.09,0.899,0.4783,0.0246,0.0338,0.0375,0.0078,0.0361,0.0033,0.3787
4526,0.319,2997.92,406.05,1.37,0.335,0.823,0.188,0.868,0.0643,0.2431,0.0616,0.0592,0.1239,0.3583,0.0755,0.0142
4527,0.361,1941.0,327.41,1.18,0.312,0.83,0.208,0.704,0.001,0.2014,0.0141,0.1336,0.0971,0.0674,0.4666,0.0189
4528,0.498,2599.94,553.48,1.47,0.75,0.336,0.184,0.54,0.0278,0.1704,0.1673,0.0864,0.0851,0.0433,0.0698,0.3499
4529,0.618,2612.97,296.98,1.31,0.285,0.491,0.092,0.935,0.0038,0.0146,0.0276,0.0413,0.0624,0.0133,0.0408,0.7961
4530,0.497,2524.76,519.64,1.33,0.332,0.308,0.161,0.519,0.2955,0.0095,0.0434,0.0588,0.1012,0.3203,0.0866,0.0847
4531,0.77,4973.15,1539.76,1.44,0.029,0.466,0.254,0.586,0.0121,0.2146,0.1047,0.0346,0.0394,0.0416,0.0697,0.4834
4532,0.541,1179.39,377.57,1.43,0.082,0.283,0.383,0.632,0.6292,0.004,0.0806,0.1648,0.0028,0.0073,0.094,0.0173
4533,0.318,1936.51,332.22,1.53,0.24,0.45,0.056,0.743,0.0472,0.0509,0.1783,0.0382,0.0874,0.025,0.553,0.02
4534,0.282,2107.67,614.38,1.55,0.529,0.163,0.492,0.89,0.1195,0.0818,0.0942,0.0283,0.4065,0.1702,0.0249,0.0746
4535,0.656,2443.91,694.16,1.38,0.159,0.831,0.267,0.577,0.0274,0.1622,0.0038,0.1603,0.2306,0.0246,0.1641,0.2269
4536,0.647,2035.57,560.9,1.51,0.277,0.647,0.19,0.405,0.004,0.1266,0.211,0.0268,0.0744,0.1152,0.0801,0.362
4537,0.265,1555.42,475.3,1.43,0.339,0.488,0.334,0.578,0.044,0.0242,0.0064,0.0911,0.287,0.1552,0.0248,0.3673
4538,0.643,4392.34,1378.2,1.24,0.113,0.304,0.142,0.404,0.1103,0.1537,0.0558,0.0689,0.0002,0.4947,0.0065,0.1099
4539,0.604,2269.56,569.5,1.16,0.274,0.816,0.403,0.756,0.056,0.2176,0.3441,0.0231,0.0983,0.1014,0.1393,0.0202
4540,0.547,6010.04,1689.41,1.2,0.55,0.764,0.136,0.917,0.13,0.2286,0.0167,0.1066,0.1725,0.0281,0.2552,0.0623
4541,0.786,3155.26,327.86,1.29,0.163,0.458,0.161,0.42,0.0951,0.0821,0.2741,0.0415,0.0531,0.0049,0.0116,0.4376
4542,0.766,2253.42,306.65,1.34,0.097,0.399,0.163,0.268,0.0427,0.0564,0.0017,0.5267,0.0453,0.2052,0.0647,0.0574
4543,0.373,2564.55,301.8,1.44,0.157,0.347,0.357,0.628,0.0887,0.3027,0.0802,0.0368,0.0065,0.0701,0.3833,0.0317
4544,0.61,2446.65,424.75,1.36,0.347,0.456,0.444,0.701,0.1947,0.2333,0.0599,0.0754,0.1844,0.166,0.0117,0.0746
4545,0.835,4470.81,706.1,1.56,0.222,0.742,0.449,0.598,0.3269,0.0172,0.045,0.009,0.1041,0.0074,0.4181,0.0723
4546,0.64,1491.01,488.12,1.21,0.169,0.529,0.131,0.429,0.0524,0.0253,0.0498,0.2133,0.4532,0.0573,0.1223,0.0262
4547,0.639,1156.2,197.27,1.19,0.18,0.485,0.044,0.922,0.1734,0.0086,0.1196,0.0974,0.3061,0.0148,0.0575,0.2226
4548,0.718,2856.6,359.85,1.57,0.191,0.616,0.1,0.83,0.0445,0.1493,0.2805,0.0009,0.0126,0.0355,0.3087,0.1679
4549,0.154,2504.69,492.41,1.23,0.418,0.44,0.329,0.517,0.1209,0.103,0.0105,0.1663,0.1039,0.2016,0.0208,0.2729
4550,0.554,2549.65,549.04,1.5,0.303,0.397,0.14,0.399,0.1346,0.0455,0.2638,0.1031,0.3862,0.0074,0.0457,0.0137
4551,0.55,2969.79,924.79,1.35,0.177,0.322,0.299,0.737,0.4233,0.1563,0.055,0.1338,0.0012,0.0721,0.0634,0.0948
4552,0.573,2834.26,647.98,1.26,0.577,0.123,0.465,0.585,0.0671,0.0092,0.1477,0.0827,0.1703,0.0858,0.0278,0.4094
4553,0.466,1199.67,151.32,1.25,0.124,0.327,0.111,0.663,0.0102,0.0135,0.1796,0.4354,0.0576,0.002,0.0401,0.2617
4554,0.541,2527.77,475.44,1.55,0.386,0.743,0.155,0.591,0.01,0.2704,0.2082,0.1893,0.2118,0.011,0.068,0.0312
4555,0.502,3744.93,1251.65,1.41,0.389,0.257,0.517,0.616,0.1726,0.1245,0.2219,0.2506,0.0048,0.0086,0.0001,0.2169
4556,0.722,2652.87,913.03,1.5,0.389,0.492,0.015,0.307,0.0333,0.4072,0.2917,0.0121,0.0455,0.1049,0.0961,0.0092
4557,0.134,1047.24,248.8,1.4,0.482,0.314,0.531,0.572,0.0263,0.0327,0.3503,0.3369,0.1034,0.0235,0.0446,0.0823
4558,0.224,1641.68,375.15,1.19,0.458,0.364,0.336,0.743,0.0186,0.684,0.2174,0.0041,0.0001,0.0374,0.0375,0.0008
4559,0.422,2642.96,385.46,1.31,0.41,0.439,0.26,0.838,0.144,0.0053,0.1438,0.077,0.0046,0.2448,0.0009,0.3797
4560,0.319,4082.98,743.68,1.39,0.146,0.642,0.107,0.894,0.0125,0.0029,0.0344,0.4039,0.0499,0.3322,0.0329,0.1312
4561,0.481,999.97,197.31,1.38,0.587,0.406,0.43,0.294,0.703,0.0282,0.0024,0.1134,0.0634,0.0063,0.012,0.0714
4562,0.59,2678.54,513.36,1.5,0.356,0.478,0.131,0.519,0.1754,0.174,0.4593,0.0391,0.0123,0.0212,0.0052,0.1135
4563,0.644,1641.42,350.63,1.48,0.334,0.303,0.359,0.882,0.0102,0.1649,0.0105,0.1946,0.0564,0.4336,0.1,0.03
4564,0.802,3152.25,463.04,1.44,0.306,0.44,0.102,0.813,0.0787,0.159,0.0004,0.0923,0.2267,0.0057,0.1066,0.3305
4565,0.408,2655.33,785.56,1.56,0.445,0.801,0.26,0.938,0.1029,0.0275,0.2991,0.2494,0.1235,0.1539,0.0022,0.0416
4566,0.486,1997.23,515.47,1.59,0.279,0.639,0.272,0.675,0.1331,0.3678,0.0337,0.1312,0.045,0.0424,0.046,0.2008
4567,0.616,3023.76,723.37,1.17,0.257,0.402,0.297,0.598,0.0022,0.2682,0.1584,0.0215,0.0495,0.2337,0.046,0.2205
4568,0.391,3278.86,478.85,1.57,0.213,0.281,0.133,0.395,0.0617,0.3592,0.0503,0.0979,0.2627,0.1406,0.0194,0.0083
4569,0.637,2223.24,247.75,1.31,0.219,0.265,0.025,0.766,0.3223,0.0686,0.0199,0.0242,0.1547,0.3823,0.0196,0.0084
4570,0.675,1417.81,309.54,1.5,0.307,0.205,0.397,0.66,0.1352,0.1842,0.0,0.2544,0.0416,0.078,0.2683,0.0384
4571,0.687,4306.69,972.67,1.45,0.155,0.703,0.223,0.679,0.0151,0.0778,0.0473,0.063,0.3194,0.2187,0.2197,0.0391
4572,0.434,2967.69,713.43,1.31,0.556,0.329,0.565,0.587,0.0032,0.0774,0.0258,0.2238,0.131,0.121,0.2057,0.2121
4573,0.514,2788.94,355.25,1.53,0.371,0.324,0.078,0.575,0.0004,0.0056,0.1823,0.3273,0.2077,0.1492,0.1163,0.0112
4574,0.595,1762.82,179.39,1.19,0.317,0.178,0.109,0.63,0.3554,0.0422,0.0186,0.1951,0.0027,0.0756,0.0316,0.2788
4575,0.347,3004.08,759.51,1.25,0.689,0.483,0.023,0.831,0.0314,0.0269,0.1696,0.222,0.1841,0.1725,0.0173,0.1762
4576,0.36,4620.05,1512.09,1.5,0.154,0.254,0.246,0.57,0.158,0.2736,0.19,0.1686,0.1014,0.0106,0.0684,0.0294
4577,0.714,2351.01,385.61,1.38,0.79,0.794,0.1,0.681,0.094,0.2007,0.0311,0.1022,0.2016,0.2773,0.0102,0.0829
4578,0.597,2416.35,599.73,1.2,0.218,0.644,0.559,0.653,0.0884,0.0351,0.2431,0.059,0.3191,0.0145,0.1681,0.0727
4579,0.473,1421.53,193.86,1.44,0.305,0.448,0.36,0.789,0.0333,0.0578,0.0396,0.0399,0.3775,0.0401,0.2117,0.2002
4580,0.827,1952.2,356.71,1.33,0.182,0.74,0.255,0.806,0.3038,0.0994,0.0873,0.2406,0.0592,0.0884,0.0801,0.0413
4581,0.724,1612.74,208.53,1.18,0.309,0.316,0.225,0.843,0.0209,0.29,0.0329,0.3927,0.0333,0.0476,0.0234,0.1592
4582,0.422,2228.56,370.4,1.17,0.695,0.541,0.276,0.461,0.0778,0.0492,0.0079,0.1007,0.1221,0.3684,0.2441,0.0298
4583,0.224,1637.52,433.91,1.2,0.353,0.296,0.104,0.581,0.2984,0.1824,0.1164,0.0508,0.0955,0.1549,0.0033,0.0983
4584,0.672,2805.86,404.34,1.31,0.453,0.46,0.235,0.722,0.0211,0.0492,0.0967,0.0715,0.2105,0.2176,0.124,0.2094
4585,0.248,1333.81,370.26,1.41,0.49,0.612,0.194,0.265,0.3122,0.0421,0.1262,0.1785,0.0528,0.0017,0.2629,0.0237
4586,0.75,2348.26,424.85,1.46,0.17,0.496,0.354,0.58,0.0009,0.0964,0.3107,0.2148,0.0531,0.0322,0.0903,0.2016
4587,0.461,1476.79,453.3,1.45,0.424,0.195,0.401,0.702,0.0716,0.2219,0.1092,0.1442,0.049,0.1011,0.2965,0.0065
4588,0.757,2715.96,542.3,1.2,0.194,0.238,0.408,0.671,0.0284,0.0247,0.4685,0.0211,0.1512,0.0705,0.0061,0.2296
4589,0.499,1149.44,312.18,1.51,0.257,0.786,0.591,0.561,0.0097,0.3299,0.1398,0.0391,0.2383,0.2294,0.0035,0.0104
4590,0.372,2183.76,488.44,1.51,0.026,0.692,0.088,0.634,0.0324,0.3088,0.003,0.0483,0.0544,0.278,0.2428,0.0323
4591,0.231,1686.59,337.74,1.3,0.409,0.645,0.439,0.711,0.0823,0.259,0.0565,0.1801,0.1357,0.0514,0.0839,0.151
4592,0.342,2170.51,262.14,1.49,0.275,0.259,0.4,0.844,0.1082,0.0271,0.4375,0.031,0.0192,0.2846,0.0864,0.006
4593,0.322,1030.16,167.18,1.24,0.437,0.476,0.23,0.545,0.1526,0.2303,0.0223,0.1136,0.0111,0.2466,0.1126,0.1109
4594,0.54,2932.89,785.38,1.22,0.727,0.242,0.109,0.535,0.3898,0.0003,0.0971,0.102,0.0647,0.2552,0.0909,0.0
4595,0.658,2129.57,469.61,1.37,0.156,0.526,0.248,0.253,0.0069,0.0265,0.0816,0.377,0.0512,0.094,0.3197,0.043
4596,0.335,2192.65,710.3,1.19,0.368,0.639,0.21,0.743,0.1772,0.0901,0.0322,0.391,0.1117,0.0159,0.1528,0.029
4597,0.492,1041.34,298.96,1.41,0.279,0.333,0.094,0.773,0.0408,0.0155,0.071,0.0045,0.0255,0.0983,0.27,0.4744
4598,0.369,1248.1,130.3,1.39,0.174,0.495,0.426,0.565,0.2777,0.0002,0.2684,0.272,0.0085,0.0198,0.11,0.0433
4599,0.468,1857.57,471.96,1.21,0.325,0.208,0.075,0.919,0.0095,0.0303,0.1494,0.0163,0.4659,0.1024,0.0991,0.1272
4600,0.515,3861.62,398.73,1.45,0.262,0.46,0.075,0.941,0.1144,0.1916,0.0141,0.1845,0.0481,0.0414,0.0382,0.3677
4601,0.341,2492.31,843.65,1.38,0.23,0.31,0.16,0.78,0.026,0.1234,0.4175,0.0561,0.0098,0.0868,0.0106,0.27
4602,0.273,2039.11,456.73,1.19,0.102,0.429,0.545,0.42,0.1939,0.4032,0.0337,0.065,0.0665,0.0197,0.0396,0.1785
4603,0.383,1429.35,339.36,1.42,0.54,0.456,0.218,0.784,0.0899,0.0212,0.2008,0.1199,0.0652,0.1333,0.1978,0.1719
4604,0.213,1197.4,218.15,1.34,0.623,0.497,0.121,0.89,0.0347,0.0707,0.287,0.0514,0.3686,0.1019,0.0596,0.0261
4605,0.332,2242.07,406.21,1.41,0.455,0.456,0.094,0.872,0.0111,0.0082,0.197,0.158,0.0418,0.5462,0.0114,0.0263
4606,0.557,3014.54,847.91,1.42,0.454,0.31,0.133,0.887,0.3461,0.2346,0.0181,0.0031,0.1033,0.0124,0.0487,0.2337
4607,0.334,2184.54,457.02,1.33,0.477,0.47,0.143,0.76,0.0002,0.0264,0.0546,0.1941,0.0371,0.2378,0.4201,0.0297
4608,0.659,4756.68,570.85,1.21,0.089,0.402,0.303,0.281,0.0796,0.1086,0.0044,0.0259,0.2766,0.1779,0.2775,0.0496
4609,0.692,1857.73,440.51,1.43,0.307,0.353,0.301,0.813,0.0913,0.4041,0.0305,0.0788,0.1045,0.0303,0.0889,0.1715
4610,0.511,2387.38,280.67,1.6,0.158,0.357,0.548,0.799,0.1167,0.0948,0.0261,0.0031,0.1451,0.2401,0.2096,0.1644
4611,0.369,1042.21,278.83,1.37,0.81,0.215,0.275,0.957,0.0043,0.1442,0.1983,0.0296,0.4831,0.009,0.043,0.0886
4612,0.76,2744.83,530.85,1.51,0.079,0.581,0.153,0.385,0.0393,0.0776,0.0959,0.2729,0.097,0.0663,0.0492,0.3018
4613,0.874,4788.52,481.5,1.56,0.185,0.268,0.282,0.511,0.1891,0.2518,0.0323,0.0179,0.0288,0.313,0.0483,0.1188
4614,0.306,1302.73,244.51,1.44,0.126,0.449,0.265,0.474,0.058,0.3773,0.032,0.0427,0.2884,0.1408,0.0205,0.0403
4615,0.447,3004.38,1003.8,1.24,0.773,0.298,0.152,0.35,0.2561,0.0065,0.2257,0.0566,0.0016,0.2447,0.1701,0.0386
4616,0.398,3712.27,935.97,1.45,0.317,0.699,0.187,0.559,0.2639,0.0813,0.1494,0.0758,0.0346,0.0531,0.3369,0.005
4617,0.388,1574.59,391.61,1.29,0.44,0.491,0.783,0.573,0.297,0.1435,0.0029,0.0065,0.0331,0.3827,0.0291,0.1053
4618,0.83,3142.88,958.94,1.23,0.546,0.304,0.665,0.7,0.0398,0.6136,0.0036,0.031,0.0936,0.0673,0.1479,0.0033
4619,0.663,4526.14,1149.47,1.45,0.211,0.519,0.575,0.323,0.1588,0.0016,0.3205,0.0325,0.0732,0.0278,0.3631,0.0225
4620,0.488,2407.5,557.51,1.47,0.255,0.858,0.355,0.343,0.1011,0.1084,0.1583,0.3106,0.0388,0.1379,0.0435,0.1014
4621,0.327,2740.76,883.89,1.56,0.302,0.181,0.286,0.57,0.2086,0.3095,0.1283,0.0032,0.0403,0.2183,0.0147,0.077
4622,0.76,1240.86,134.74,1.47,0.194,0.376,0.257,0.714,0.0404,0.0284,0.0418,0.0521,0.2513,0.115,0.4321,0.0389
4623,0.524,2842.87,831.96,1.38,0.257,0.765,0.099,0.519,0.0439,0.1552,0.0387,0.0397,0.2636,0.0715,0.069,0.3183
4624,0.34,2480.48,806.75,1.44,0.547,0.7,0.401,0.538,0.069,0.0741,0.0504,0.0515,0.2546,0.1567,0.034,0.3098
4625,0.657,1411.34,151.68,1.59,0.285,0.243,0.354,0.751,0.0241,0.0111,0.0801,0.005,0.0648,0.268,0.2718,0.2751
4626,0.909,1837.72,593.49,1.42,0.249,0.653,0.144,0.84,0.0944,0.1731,0.0671,0.0197,0.138,0.1529,0.0261,0.3285
4627,0.074,2159.83,234.83,1.35,0.133,0.321,0.141,0.653,0.1935,0.0843,0.118,0.0025,0.234,0.05,0.1763,0.1416
4628,0.314,1758.66,271.16,1.43,0.325,0.649,0.374,0.71,0.0046,0.0052,0.1419,0.0576,0.0907,0.2554,0.0037,0.4408
4629,0.713,3847.33,1262.3,1.48,0.073,0.74,0.48,0.632,0.002,0.1622,0.0793,0.1628,0.0052,0.2063,0.0487,0.3334
4630,0.536,2550.42,316.0,1.54,0.189,0.363,0.363,0.948,0.0899,0.3182,0.0812,0.0689,0.2043,0.2126,0.0019,0.0231
4631,0.375,2106.07,263.07,1.24,0.1,0.572,0.174,0.822,0.0466,0.1215,0.0841,0.5627,0.1224,0.0036,0.0554,0.0037
4632,0.724,2315.76,687.89,1.2,0.222,0.54,0.227,0.45,0.0298,0.0092,0.0726,0.1035,0.2398,0.2717,0.249,0.0245
4633,0.469,2442.29,841.63,1.36,0.162,0.444,0.24,0.617,0.0339,0.2209,0.4018,0.1884,0.1239,0.0065,0.0137,0.011
4634,0.449,2960.73,1015.97,1.49,0.475,0.789,0.192,0.633,0.0746,0.3596,0.3913,0.0013,0.0345,0.046,0.0039,0.0888
4635,0.78,3152.57,337.84,1.19,0.195,0.487,0.18,0.634,0.0015,0.0416,0.2777,0.1665,0.1913,0.142,0.0857,0.0936
4636,0.387,1750.04,485.6,1.56,0.449,0.746,0.025,0.708,0.117,0.004,0.0197,0.012,0.1496,0.583,0.0923,0.0223
4637,0.582,3789.55,381.9,1.58,0.602,0.251,0.07,0.531,0.0741,0.2796,0.217,0.0846,0.2836,0.0216,0.0358,0.0036
4638,0.23,2450.59,677.82,1.6,0.185,0.56,0.08,0.574,0.1757,0.0352,0.106,0.0269,0.001,0.098,0.1487,0.4084
4639,0.309,2309.39,753.67,1.44,0.254,0.439,0.292,0.455,0.1962,0.0019,0.1725,0.3864,0.0267,0.1036,0.066,0.0467
4640,0.489,2277.59,363.55,1.48,0.196,0.405,0.482,0.505,0.414,0.0486,0.1156,0.103,0.0461,0.1603,0.0778,0.0347
4641,0.695,2986.19,599.66,1.32,0.292,0.508,0.632,0.64,0.3571,0.1665,0.0525,0.0402,0.1292,0.1102,0.1271,0.017
4642,0.839,1258.16,189.02,1.56,0.12,0.418,0.398,0.158,0.0312,0.1151,0.0508,0.2068,0.2441,0.0314,0.2148,0.1058
4643,0.516,2454.57,360.56,1.2,0.821,0.189,0.144,0.71,0.1016,0.0404,0.0042,0.0872,0.2417,0.0091,0.465,0.0509
4644,0.391,4003.83,1315.43,1.3,0.469,0.64,0.438,0.908,0.1286,0.0042,0.0546,0.5727,0.0082,0.1158,0.0981,0.0179
4645,0.607,2553.15,356.35,1.57,0.298,0.623,0.254,0.63,0.0519,0.3469,0.0265,0.1704,0.0608,0.1316,0.1377,0.0741
4646,0.19,1898.08,466.18,1.38,0.236,0.303,0.455,0.394,0.1677,0.0116,0.055,0.1078,0.3384,0.0063,0.2607,0.0525
4647,0.865,2087.57,245.14,1.47,0.579,0.41,0.368,0.627,0.0497,0.1418,0.217,0.1281,0.0545,0.3117,0.061,0.0363
4648,0.494,2682.52,576.11,1.38,0.844,0.657,0.189,0.724,0.1784,0.3558,0.1247,0.0385,0.0104,0.0653,0.2208,0.0061
4649,0.164,1669.06,501.41,1.15,0.518,0.926,0.12,0.802,0.0208,0.1876,0.0919,0.1319,0.0119,0.045,0.1664,0.3445
4650,0.374,3473.04,421.33,1.26,0.555,0.107,0.282,0.576,0.0377,0.0025,0.0291,0.1866,0.1292,0.3288,0.2707,0.0153
4651,0.383,1464.53,267.94,1.25,0.015,0.597,0.179,0.762,0.0354,0.0331,0.1483,0.0323,0.6543,0.0185,0.0652,0.0129
4652,0.613,1956.94,255.57,1.23,0.215,0.485,0.32,0.781,0.0565,0.326,0.3082,0.1659,0.0091,0.0052,0.0565,0.0727
4653,0.698,1924.88,461.62,1.35,0.555,0.779,0.113,0.592,0.3524,0.2513,0.0912,0.113,0.0376,0.0511,0.0488,0.0545
4654,0.733,5186.26,1789.36,1.5,0.125,0.494,0.138,0.824,0.0912,0.0931,0.0425,0.1226,0.3004,0.127,0.1838,0.0394
4655,0.531,2082.79,346.21,1.36,0.29,0.179,0.185,0.759,0.2609,0.1298,0.0958,0.1591,0.0643,0.0673,0.1435,0.0792
4656,0.351,1630.23,210.22,1.52,0.284,0.692,0.051,0.331,0.0509,0.219,0.1277,0.0661,0.2099,0.1838,0.0534,0.0891
4657,0.3,853.21,126.39,1.28,0.266,0.537,0.184,0.649,0.3475,0.0408,0.1571,0.0039,0.0167,0.247,0.1831,0.0039
4658,0.556,1581.01,179.24,1.31,0.285,0.602,0.457,0.537,0.2197,0.0338,0.1352,0.1066,0.0656,0.3644,0.0477,0.0268
4659,0.508,2740.13,419.89,1.52,0.445,0.255,0.138,0.609,0.0107,0.2346,0.1446,0.0408,0.1844,0.1224,0.2121,0.0504
4660,0.675,2985.21,612.22,1.48,0.209,0.845,0.041,0.759,0.1154,0.0505,0.0344,0.3023,0.0398,0.0409,0.2667,0.1501
4661,0.329,1544.08,213.57,1.17,0.252,0.31,0.119,0.678,0.2893,0.1079,0.2708,0.0117,0.1433,0.1622,0.0107,0.0043
4662,0.858,2081.12,211.73,1.37,0.768,0.839,0.175,0.675,0.0046,0.0282,0.3191,0.0874,0.1356,0.0195,0.3389,0.0668
4663,0.614,4937.11,1151.64,1.17,0.277,0.269,0.043,0.859,0.1871,0.1804,0.3153,0.0018,0.2497,0.0357,0.0151,0.0149
4664,0.385,6090.35,1052.93,1.5,0.541,0.572,0.355,0.884,0.0033,0.1651,0.1271,0.0196,0.0494,0.1387,0.3227,0.1743
4665,0.772,4018.33,1234.99,1.36,0.239,0.806,0.295,0.604,0.0128,0.0752,0.1767,0.1548,0.239,0.0648,0.2593,0.0175
4666,0.68,4527.04,1041.72,1.44,0.15,0.394,0.496,0.615,0.029,0.0368,0.1961,0.0217,0.0509,0.3181,0.0801,0.2673
4667,0.694,4961.59,1077.68,1.33,0.112,0.67,0.133,0.716,0.0227,0.0411,0.0514,0.1776,0.0584,0.524,0.1204,0.0044
4668,0.277,4706.9,1508.85,1.16,0.422,0.518,0.105,0.483,0.059,0.1261,0.032,0.0786,0.113,0.0073,0.5059,0.078
4669,0.496,1953.96,338.53,1.22,0.512,0.489,0.351,0.638,0.1478,0.1169,0.147,0.3123,0.0035,0.0011,0.0115,0.2599
4670,0.973,1956.49,460.34,1.25,0.486,0.086,0.144,0.948,0.2153,0.0844,0.014,0.1456,0.1448,0.1541,0.0556,0.1862
4671,0.411,4377.65,970.41,1.17,0.297,0.484,0.032,0.53,0.2728,0.0658,0.3292,0.1766,0.0038,0.0179,0.1295,0.0044
4672,0.267,1311.03,154.9,1.29,0.494,0.65,0.416,0.902,0.0514,0.1422,0.059,0.1856,0.2832,0.0815,0.1809,0.0163
4673,0.651,1584.8,296.43,1.29,0.178,0.499,0.342,0.514,0.1539,0.0351,0.2509,0.0153,0.1774,0.1904,0.0558,0.1212
4674,0.476,1458.42,395.45,1.5,0.341,0.453,0.156,0.801,0.2282,0.175,0.0837,0.0069,0.2587,0.0887,0.1247,0.034
4675,0.355,1930.53,662.05,1.28,0.1,0.58,0.133,0.71,0.0644,0.2568,0.085,0.1795,0.0197,0.1798,0.0096,0.205
4676,0.402,945.45,237.0,1.55,0.164,0.671,0.198,0.494,0.1223,0.2309,0.0192,0.059,0.4071,0.0696,0.0339,0.0578
4677,0.312,1117.98,122.23,1.27,0.345,0.346,0.528,0.706,0.105,0.0799,0.0531,0.1587,0.0575,0.0531,0.1848,0.3079
4678,0.399,1628.01,353.1,1.33,0.485,0.648,0.152,0.916,0.0237,0.1907,0.1381,0.1011,0.2606,0.2231,0.0573,0.0053
4679,0.277,1202.98,178.57,1.24,0.223,0.689,0.473,0.688,0.1563,0.0514,0.1131,0.0863,0.0131,0.3982,0.1654,0.0163
4680,0.657,3668.28,763.93,1.46,0.338,0.694,0.425,0.859,0.008,0.0219,0.3022,0.0136,0.0233,0.4901,0.1312,0.0098
4681,0.515,2233.32,746.14,1.24,0.377,0.354,0.271,0.41,0.0358,0.0451,0.0287,0.0812,0.1411,0.1748,0.1764,0.3171
4682,0.22,2357.77,768.66,1.29,0.469,0.611,0.243,0.72,0.1507,0.0673,0.412,0.0008,0.0794,0.1427,0.0726,0.0745
4683,0.759,3040.12,573.22,1.49,0.338,0.389,0.148,0.747,0.0431,0.1682,0.0805,0.0177,0.1042,0.1579,0.2135,0.2149
4684,0.457,1985.85,648.03,1.41,0.044,0.781,0.385,0.806,0.3484,0.1287,0.0424,0.0038,0.0234,0.071,0.2306,0.1517
4685,0.239,2814.14,317.91,1.34,0.273,0.491,0.566,0.622,0.0041,0.0495,0.124,0.0023,0.1102,0.5328,0.1014,0.0757
4686,0.76,3022.48,975.62,1.57,0.233,0.418,0.564,0.942,0.2119,0.1203,0.1178,0.1261,0.0397,0.0096,0.3745,0.0002
4687,0.658,2112.88,581.62,1.32,0.186,0.803,0.784,0.763,0.133,0.1403,0.1593,0.0161,0.0306,0.2789,0.1736,0.0682
4688,0.344,1030.5,341.47,1.45,0.176,0.61,0.168,0.068,0.0858,0.2312,0.4289,0.0217,0.0477,0.0523,0.0664,0.0661
4689,0.25,2349.95,454.63,1.48,0.807,0.881,0.211,0.724,0.1013,0.0508,0.1794,0.1707,0.0264,0.0373,0.2444,0.1897
4690,0.449,1297.11,316.17,1.56,0.207,0.373,0.145,0.895,0.2289,0.0048,0.0014,0.0779,0.0942,0.0227,0.5245,0.0456
4691,0.683,2829.7,885.16,1.31,0.577,0.47,0.583,0.265,0.0901,0.0879,0.033,0.1218,0.1431,0.0274,0.1298,0.3669
4692,0.593,2395.85,593.08,1.3,0.548,0.474,0.365,0.724,0.1135,0.0577,0.353,0.1829,0.0032,0.0266,0.2314,0.0317
4693,0.332,1164.77,182.81,1.18,0.387,0.382,0.181,0.572,0.0569,0.2452,0.0188,0.0625,0.0293,0.0043,0.3346,0.2484
4694,0.265,2135.49,578.76,1.23,0.556,0.409,0.187,0.707,0.211,0.0207,0.1823,0.2481,0.021,0.1167,0.1694,0.0308
4695,0.508,2395.16,351.44,1.3,0.312,0.377,0.168,0.788,0.0045,0.051,0.0063,0.4024,0.0347,0.0395,0.204,0.2577
4696,0.523,2419.2,372.96,1.29,0.653,0.488,0.331,0.59,0.1247,0.0022,0.0187,0.0138,0.51,0.0028,0.107,0.2209
4697,0.576,2440.49,332.77,1.18,0.28,0.134,0.023,0.881,0.1744,0.2793,0.0948,0.0862,0.2171,0.0803,0.0517,0.0162
4698,0.819,1998.27,258.08,1.2,0.331,0.358,0.252,0.86,0.3481,0.0726,0.0754,0.0095,0.1737,0.1019,0.1089,0.1098
4699,0.437,2703.06,500.24,1.27,0.175,0.387,0.056,0.373,0.0094,0.2644,0.0016,0.2103,0.051,0.3438,0.061,0.0585
4700,0.291,1486.84,422.4,1.29,0.202,0.564,0.161,0.668,0.0731,0.469,0.0001,0.2334,0.0036,0.026,0.0928,0.102
4701,0.263,1251.49,352.25,1.16,0.517,0.896,0.392,0.832,0.2817,0.081,0.0198,0.0378,0.0469,0.2795,0.003,0.2503
4702,0.825,3406.55,803.15,1.42,0.565,0.446,0.428,0.662,0.0384,0.2415,0.0443,0.0764,0.0088,0.2707,0.2273,0.0925
4703,0.283,2832.5,926.42,1.26,0.437,0.554,0.163,0.777,0.051,0.0534,0.0403,0.4336,0.245,0.0649,0.0427,0.0691
4704,0.73,3169.5,538.15,1.34,0.634,0.682,0.225,0.735,0.1813,0.044,0.0501,0.1039,0.0912,0.3444,0.1057,0.0794
4705,0.62,2166.97,360.84,1.48,0.15,0.841,0.116,0.487,0.0448,0.0089,0.195,0.087,0.193,0.1324,0.0545,0.2845
4706,0.384,952.48,274.74,1.26,0.129,0.512,0.373,0.634,0.0306,0.0148,0.0004,0.2558,0.0608,0.5783,0.0035,0.0557
4707,0.455,3899.06,1087.28,1.46,0.194,0.421,0.196,0.611,0.002,0.1224,0.0737,0.1539,0.274,0.0099,0.3281,0.0359
4708,0.409,960.64,175.29,1.53,0.44,0.608,0.098,0.363,0.0622,0.0105,0.5476,0.0582,0.0046,0.1991,0.0118,0.1059
4709,0.581,2916.53,959.7,1.59,0.372,0.653,0.387,0.609,0.2723,0.0622,0.0134,0.3157,0.2555,0.017,0.0625,0.0013
4710,0.702,5704.83,1732.8,1.4,0.542,0.384,0.321,0.517,0.054,0.0538,0.1062,0.1408,0.0298,0.1659,0.3088,0.1407
4711,0.751,2667.15,443.96,1.33,0.139,0.518,0.166,0.775,0.2903,0.0096,0.1762,0.1161,0.1126,0.1619,0.1279,0.0056
4712,0.356,2287.21,489.78,1.31,0.03,0.086,0.713,0.67,0.2988,0.0467,0.0117,0.1272,0.0113,0.4326,0.0013,0.0703
4713,0.868,3087.35,510.66,1.31,0.179,0.428,0.079,0.782,0.0092,0.2363,0.0806,0.3492,0.0795,0.0465,0.0274,0.1713
4714,0.436,2308.3,371.73,1.28,0.186,0.169,0.182,0.836,0.0722,0.0879,0.0615,0.0469,0.1705,0.1586,0.2041,0.1982
4715,0.741,6400.14,2098.81,1.39,0.324,0.669,0.442,0.447,0.0377,0.0656,0.0528,0.43,0.1202,0.1273,0.1514,0.015
4716,0.364,1459.58,371.38,1.25,0.765,0.353,0.54,0.98,0.1155,0.2375,0.2515,0.0416,0.1048,0.1636,0.0811,0.0045
4717,0.613,1591.8,215.84,1.23,0.29,0.362,0.296,0.74,0.207,0.0283,0.1962,0.1141,0.1845,0.022,0.1618,0.0861
4718,0.77,2223.06,283.26,1.18,0.161,0.383,0.272,0.599,0.052,0.2823,0.1711,0.0274,0.1113,0.0549,0.1313,0.1697
4719,0.594,4659.92,914.54,1.47,0.329,0.611,0.24,0.858,0.0818,0.0491,0.1313,0.0766,0.0809,0.1519,0.1612,0.2671
4720,0.815,2055.21,384.54,1.4,0.497,0.775,0.121,0.87,0.0373,0.0156,0.351,0.1179,0.0409,0.0049,0.2277,0.2046
4721,0.208,2206.02,744.83,1.44,0.169,0.795,0.139,0.61,0.0837,0.097,0.488,0.0097,0.0841,0.1307,0.1067,0.0001
4722,0.389,3185.26,966.67,1.52,0.045,0.427,0.403,0.958,0.1205,0.0511,0.0101,0.3155,0.3179,0.0201,0.0618,0.1028
4723,0.47,2968.3,1027.86,1.48,0.471,0.753,0.166,0.704,0.0063,0.2387,0.0411,0.2944,0.2974,0.0307,0.0115,0.0799
4724,0.776,3819.21,1272.0,1.36,0.713,0.593,0.036,0.567,0.3175,0.1227,0.2144,0.1185,0.013,0.0719,0.0269,0.1151
4725,0.602,4111.99,1200.05,1.24,0.2,0.224,0.41,0.685,0.1468,0.0401,0.0643,0.0167,0.0343,0.6486,0.0062,0.0429
4726,0.388,2346.15,582.3,1.18,0.163,0.658,0.146,0.536,0.1361,0.0218,0.0932,0.2874,0.0227,0.1186,0.258,0.062
4727,0.376,1716.13,339.41,1.38,0.656,0.823,0.086,0.689,0.1455,0.0728,0.1327,0.0423,0.2253,0.0068,0.3656,0.009
4728,0.889,2840.53,864.14,1.23,0.564,0.255,0.791,0.767,0.0243,0.2105,0.231,0.127,0.0196,0.189,0.0562,0.1422
4729,0.486,1914.33,290.71,1.43,0.194,0.648,0.392,0.712,0.0125,0.0146,0.0161,0.2038,0.1403,0.0326,0.1517,0.4284
4730,0.423,5804.44,1735.67,1.34,0.286,0.448,0.251,0.722,0.0634,0.233,0.2279,0.1235,0.065,0.2203,0.0175,0.0494
4731,0.197,1490.5,293.04,1.25,0.484,0.607,0.238,0.815,0.0184,0.1544,0.042,0.0349,0.1656,0.2389,0.098,0.2478
4732,0.522,2712.89,786.56,1.43,0.092,0.424,0.205,0.704,0.1451,0.0903,0.2225,0.0471,0.0389,0.1418,0.3086,0.0057
4733,0.444,1175.36,256.68,1.47,0.141,0.319,0.208,0.611,0.0075,0.083,0.4885,0.0585,0.2231,0.1012,0.0373,0.0008
4734,0.611,2471.32,526.18,1.33,0.188,0.637,0.433,0.591,0.0887,0.0187,0.2956,0.0208,0.3026,0.2109,0.0098,0.0528
4735,0.581,2056.65,670.77,1.32,0.627,0.692,0.162,0.752,0.1686,0.034,0.1164,0.1806,0.0988,0.2792,0.107,0.0154
4736,0.377,2700.86,392.22,1.3,0.136,0.345,0.143,0.681,0.128,0.0426,0.0104,0.0759,0.0904,0.19,0.3585,0.1042
4737,0.874,3521.92,421.97,1.2,0.418,0.513,0.187,0.359,0.0735,0.0469,0.1471,0.2055,0.211,0.2102,0.0893,0.0166
4738,0.529,3956.93,880.73,1.52,0.236,0.593,0.412,0.79,0.0224,0.1062,0.0006,0.2097,0.0696,0.4247,0.135,0.0317
4739,0.611,4001.38,522.99,1.24,0.062,0.463,0.114,0.619,0.093,0.1113,0.0002,0.2961,0.3082,0.053,0.1164,0.0218
4740,0.553,2213.8,460.05,1.26,0.729,0.624,0.214,0.794,0.2025,0.0131,0.089,0.3297,0.0458,0.2206,0.076,0.0235
4741,0.23,1291.66,133.22,1.23,0.564,0.478,0.169,0.66,0.1572,0.1594,0.1246,0.0539,0.439,0.0402,0.0005,0.0252
4742,0.223,1347.56,329.38,1.5,0.313,0.392,0.275,0.466,0.0387,0.008,0.0935,0.2113,0.43,0.1031,0.0076,0.1079
4743,0.681,2740.13,653.85,1.36,0.666,0.115,0.023,0.722,0.0938,0.0131,0.0229,0.1129,0.034,0.4906,0.0911,0.1416
4744,0.434,2268.46,265.17,1.15,0.463,0.462,0.098,0.657,0.0863,0.0772,0.0134,0.0444,0.6899,0.0595,0.0159,0.0134
4745,0.365,2269.32,494.12,1.25,0.421,0.683,0.24,0.643,0.0736,0.0542,0.0006,0.3101,0.013,0.0614,0.023,0.4641
4746,0.6,1880.89,343.97,1.27,0.344,0.728,0.287,0.637,0.4189,0.1425,0.0464,0.1406,0.1388,0.038,0.0517,0.023
4747,0.644,4233.48,1311.33,1.23,0.37,0.746,0.342,0.806,0.0682,0.2555,0.0937,0.355,0.0011,0.0924,0.0415,0.0926
4748,0.6,1293.05,262.67,1.34,0.412,0.324,0.428,0.569,0.2516,0.2881,0.0646,0.0656,0.1763,0.0338,0.0314,0.0884
4749,0.725,1958.72,316.39,1.55,0.419,0.511,0.352,0.88,0.0017,0.0753,0.3888,0.0799,0.3104,0.0676,0.0084,0.0681
4750,0.379,1340.89,188.16,1.15,0.847,0.533,0.053,0.833,0.0186,0.2897,0.1356,0.0565,0.0615,0.0213,0.314,0.1027
4751,0.394,1914.8,590.66,1.22,0.419,0.569,0.503,0.767,0.3269,0.0837,0.2665,0.0141,0.0938,0.0234,0.0078,0.1836
4752,0.47,3578.74,515.78,1.3,0.053,0.374,0.27,0.895,0.0786,0.1956,0.0561,0.1335,0.2116,0.0199,0.0899,0.2149
4753,0.419,1882.66,610.52,1.35,0.464,0.135,0.118,0.958,0.4585,0.0627,0.1838,0.0308,0.1443,0.0222,0.0949,0.0027
4754,0.194,1916.59,367.42,1.23,0.432,0.685,0.043,0.821,0.1437,0.258,0.0518,0.0746,0.0024,0.186,0.197,0.0865
4755,0.122,2286.88,441.7,1.37,0.197,0.692,0.373,0.588,0.0128,0.0069,0.3921,0.0551,0.0035,0.1514,0.0355,0.3428
4756,0.739,2184.37,589.64,1.32,0.519,0.72,0.411,0.782,0.1878,0.0577,0.0521,0.4311,0.0521,0.1632,0.0057,0.0503
4757,0.59,2701.66,283.56,1.56,0.306,0.827,0.496,0.784,0.0365,0.0203,0.0969,0.0497,0.0384,0.4428,0.0782,0.2373
4758,0.425,2342.85,410.08,1.16,0.205,0.536,0.075,0.449,0.1482,0.0798,0.3103,0.0237,0.0263,0.009,0.2935,0.1092
4759,0.761,1605.86,449.36,1.56,0.113,0.568,0.331,0.79,0.2252,0.3626,0.0773,0.0182,0.0422,0.0936,0.0184,0.1626
4760,0.38,1714.95,551.41,1.47,0.452,0.478,0.252,0.844,0.2314,0.0577,0.3068,0.0419,0.1669,0.0914,0.0314,0.0724
4761,0.591,2672.69,666.21,1.22,0.213,0.814,0.569,0.914,0.4801,0.0268,0.2524,0.0097,0.1523,0.0004,0.0062,0.072
4762,0.561,3813.55,457.99,1.37,0.543,0.212,0.337,0.785,0.1189,0.2168,0.0131,0.0491,0.3328,0.1441,0.0955,0.0296
4763,0.405,3497.65,1124.08,1.55,0.452,0.755,0.347,0.601,0.1923,0.055,0.1039,0.1692,0.0701,0.0194,0.2171,0.1729
4764,0.56,5275.83,1689.63,1.25,0.3,0.6,0.383,0.953,0.154,0.0465,0.0066,0.1503,0.0311,0.1226,0.0062,0.4827
4765,0.795,3114.46,933.61,1.38,0.54,0.671,0.266,0.602,0.11,0.0876,0.1286,0.0954,0.3577,0.1419,0.0767,0.0022
4766,0.231,1598.28,323.76,1.54,0.189,0.743,0.309,0.424,0.2494,0.333,0.18,0.1583,0.0,0.0544,0.0112,0.0137
4767,0.216,1819.63,410.78,1.19,0.155,0.193,0.523,0.664,0.096,0.0873,0.2909,0.0001,0.0539,0.1709,0.0114,0.2897
4768,0.263,1837.91,335.46,1.44,0.185,0.734,0.11,0.751,0.2181,0.1905,0.0343,0.1104,0.0027,0.138,0.1454,0.1606
4769,0.574,1952.63,318.78,1.23,0.339,0.679,0.253,0.721,0.0615,0.3237,0.0525,0.088,0.1103,0.0551,0.1004,0.2084
4770,0.373,2396.53,602.8,1.17,0.449,0.811,0.148,0.702,0.1448,0.0389,0.0246,0.0158,0.0824,0.6555,0.0326,0.0055
4771,0.761,2997.2,558.73,1.51,0.275,0.342,0.27,0.84,0.0853,0.1388,0.5824,0.0004,0.105,0.0323,0.0287,0.027
4772,0.627,1477.53,187.83,1.43,0.171,0.838,0.101,0.876,0.0629,0.1555,0.0139,0.0356,0.4526,0.1444,0.0431,0.0919
4773,0.685,3759.11,392.44,1.54,0.494,0.386,0.443,0.749,0.0147,0.1315,0.0026,0.2548,0.4209,0.0088,0.0806,0.086
4774,0.451,1031.51,258.12,1.59,0.325,0.308,0.386,0.759,0.1517,0.0241,0.0728,0.1798,0.0589,0.2608,0.2385,0.0133
4775,0.594,2124.4,529.05,1.23,0.058,0.574,0.494,0.701,0.0218,0.3154,0.1828,0.0469,0.0001,0.2856,0.0877,0.0599
4776,0.551,3595.99,467.33,1.26,0.589,0.684,0.303,0.731,0.3031,0.0023,0.2475,0.1049,0.1742,0.0005,0.0237,0.1438
4777,0.778,3243.71,1044.15,1.16,0.074,0.65,0.008,0.571,0.3101,0.006,0.0555,0.0389,0.414,0.1316,0.0183,0.0256
4778,0.681,2104.27,308.24,1.42,0.379,0.057,0.225,0.744,0.0021,0.0426,0.0551,0.1472,0.1265,0.0441,0.569,0.0134
4779,0.487,4822.4,979.1,1.32,0.56,0.836,0.364,0.623,0.0235,0.2236,0.1702,0.2131,0.1672,0.0073,0.1637,0.0313
4780,0.828,2184.1,757.03,1.2,0.335,0.456,0.512,0.85,0.1544,0.0082,0.0099,0.056,0.2067,0.2516,0.1824,0.1308
4781,0.181,819.64,141.67,1.27,0.46,0.839,0.485,0.457,0.2349,0.0535,0.0202,0.2577,0.1243,0.2688,0.0114,0.0293
4782,0.831,3126.54,479.89,1.43,0.801,0.354,0.528,0.478,0.0133,0.2618,0.2425,0.0527,0.0622,0.072,0.2847,0.0108
4783,0.535,1105.56,327.65,1.28,0.157,0.338,0.059,0.841,0.1685,0.1122,0.1292,0.1799,0.2728,0.0205,0.0967,0.0203
4784,0.231,1351.96,404.52,1.32,0.505,0.436,0.093,0.952,0.0731,0.046,0.1155,0.1382,0.0766,0.4143,0.052,0.0843
4785,0.429,2725.13,541.17,1.18,0.707,0.846,0.223,0.424,0.0856,0.0836,0.252,0.1599,0.1453,0.0091,0.0351,0.2293
4786,0.669,2006.54,608.58,1.24,0.279,0.15,0.047,0.681,0.0663,0.0052,0.6408,0.0392,0.0459,0.066,0.0167,0.1199
4787,0.37,2589.24,802.37,1.37,0.46,0.685,0.726,0.544,0.034,0.1578,0.2749,0.0317,0.2602,0.066,0.1689,0.0066
4788,0.593,1460.9,161.63,1.38,0.025,0.813,0.138,0.566,0.0841,0.4859,0.0088,0.0197,0.2324,0.0168,0.0087,0.1436
4789,0.314,2798.12,791.84,1.26,0.313,0.608,0.12,0.771,0.0176,0.6134,0.0523,0.1118,0.0908,0.0057,0.0432,0.0653
4790,0.361,1038.36,299.09,1.53,0.218,0.701,0.274,0.65,0.3173,0.0039,0.3516,0.0552,0.0019,0.0215,0.2245,0.024
4791,0.656,4062.83,1266.99,1.58,0.22,0.439,0.183,0.858,0.2358,0.1315,0.1985,0.1762,0.004,0.0403,0.0361,0.1776
4792,0.496,1822.58,552.35,1.5,0.12,0.214,0.223,0.738,0.0386,0.1401,0.0307,0.143,0.0695,0.2923,0.2752,0.0105
4793,0.309,3652.37,482.91,1.15,0.522,0.572,0.457,0.362,0.2107,0.2505,0.0431,0.0861,0.0176,0.215,0.1584,0.0185
4794,0.407,1498.62,204.43,1.36,0.333,0.697,0.062,0.665,0.1661,0.2428,0.0634,0.013,0.0929,0.0647,0.318,0.0391
4795,0.74,5396.14,884.3,1.23,0.349,0.458,0.125,0.595,0.1201,0.0263,0.5139,0.1185,0.0954,0.0824,0.0414,0.002
4796,0.659,1636.72,435.7,1.47,0.08,0.161,0.141,0.548,0.1795,0.0489,0.4084,0.3118,0.0242,0.0159,0.009,0.0024
4797,0.585,1128.24,335.93,1.19,0.412,0.672,0.179,0.681,0.0483,0.1764,0.043,0.1568,0.0409,0.1666,0.1648,0.2032
4798,0.693,2484.25,600.04,1.21,0.31,0.299,0.746,0.634,0.4001,0.1566,0.0606,0.0492,0.107,0.0541,0.1504,0.0219
4799,0.664,3942.87,715.19,1.18,0.377,0.42,0.378,0.889,0.0181,0.0106,0.5113,0.1304,0.0135,0.0072,0.0118,0.2972
4800,0.369,2814.45,962.54,1.39,0.151,0.885,0.314,0.788,0.0166,0.0232,0.0374,0.0032,0.0475,0.1948,0.3022,0.3751
4801,0.678,3860.6,1280.3,1.2,0.418,0.508,0.224,0.577,0.0081,0.0793,0.5147,0.037,0.1267,0.0084,0.2062,0.0195
4802,0.567,3167.3,441.24,1.46,0.472,0.562,0.277,0.775,0.0498,0.2097,0.0909,0.0519,0.0019,0.2057,0.1666,0.2236
4803,0.815,1865.17,365.69,1.19,0.343,0.342,0.293,0.972,0.2911,0.043,0.0193,0.0506,0.0666,0.4577,0.0213,0.0503
4804,0.778,3456.62,741.15,1.32,0.48,0.305,0.09,0.76,0.0839,0.1628,0.0229,0.1715,0.1221,0.1015,0.1154,0.2199
4805,0.472,2257.6,355.01,1.54,0.625,0.229,0.079,0.692,0.2525,0.4856,0.0612,0.0016,0.0077,0.1318,0.058,0.0015
4806,0.141,1337.5,347.41,1.29,0.758,0.814,0.158,0.693,0.0466,0.0633,0.1032,0.0316,0.2421,0.095,0.2261,0.1922
4807,0.546,2433.69,333.09,1.39,0.505,0.558,0.144,0.581,0.0152,0.2199,0.0269,0.1368,0.2656,0.017,0.0111,0.3074
4808,0.409,2052.45,687.56,1.4,0.5,0.3,0.52,0.796,0.0032,0.064,0.1023,0.0652,0.2554,0.0935,0.1113,0.3051
4809,0.637,4184.22,1221.58,1.42,0.273,0.876,0.158,0.44,0.0662,0.0522,0.1649,0.4903,0.0701,0.0883,0.0211,0.0469
4810,0.299,1600.78,365.48,1.28,0.407,0.386,0.113,0.797,0.0185,0.0442,0.004,0.0323,0.0729,0.0303,0.7738,0.0239
4811,0.698,1955.1,513.0,1.23,0.029,0.399,0.182,0.833,0.2202,0.1737,0.1056,0.1068,0.1613,0.0122,0.1745,0.0456
4812,0.801,1944.63,266.37,1.53,0.226,0.079,0.217,0.776,0.2305,0.0569,0.03,0.0202,0.0136,0.0988,0.4597,0.0902
4813,0.456,4606.26,1565.26,1.58,0.077,0.472,0.228,0.743,0.1249,0.053,0.0043,0.1665,0.0414,0.0032,0.378,0.2286
4814,0.808,1995.44,611.78,1.56,0.304,0.571,0.376,0.824,0.0778,0.156,0.1498,0.2267,0.027,0.0625,0.0975,0.2027
4815,0.491,3693.78,908.71,1.18,0.551,0.708,0.153,0.575,0.2938,0.0574,0.0858,0.0132,0.3342,0.1439,0.0553,0.0163
4816,0.874,1760.71,199.8,1.24,0.485,0.685,0.043,0.97,0.0733,0.136,0.0233,0.352,0.0263,0.275,0.0538,0.0603
4817,0.578,2821.1,930.06,1.45,0.616,0.133,0.332,0.857,0.0031,0.3706,0.0125,0.0791,0.1566,0.2025,0.0205,0.1551
4818,0.713,2739.59,777.62,1.23,0.249,0.212,0.28,0.936,0.0212,0.0827,0.191,0.2325,0.1243,0.2595,0.0519,0.0368
4819,0.594,3804.38,458.6,1.53,0.081,0.613,0.563,0.705,0.0637,0.0129,0.0426,0.0872,0.06,0.4281,0.1053,0.2002
4820,0.636,3668.8,905.66,1.53,0.264,0.568,0.209,0.802,0.452,0.0802,0.0887,0.109,0.0953,0.023,0.1017,0.0501
4821,0.534,2325.87,314.54,1.23,0.412,0.463,0.038,0.441,0.1446,0.0752,0.0527,0.07,0.0468,0.0451,0.5573,0.0082
4822,0.616,1894.85,246.74,1.48,0.191,0.646,0.435,0.541,0.4622,0.0044,0.048,0.1925,0.0215,0.2107,0.0526,0.0081
4823,0.901,5158.09,1183.87,1.3,0.133,0.634,0.103,0.48,0.1399,0.0154,0.2818,0.0769,0.0633,0.169,0.168,0.0858
4824,0.37,1590.67,484.53,1.48,0.708,0.529,0.046,0.667,0.0456,0.0051,0.1365,0.15,0.2805,0.2488,0.123,0.0104
4825,0.314,801.6,202.53,1.43,0.566,0.854,0.505,0.579,0.0164,0.0287,0.3449,0.2585,0.039,0.1299,0.1565,0.0262
4826,0.864,1258.86,195.19,1.24,0.525,0.462,0.165,0.68,0.0093,0.2873,0.0966,0.0072,0.0839,0.3114,0.0422,0.1619
4827,0.605,1224.38,185.35,1.46,0.409,0.49,0.306,0.627,0.0007,0.0564,0.1011,0.1997,0.1531,0.1105,0.3315,0.047
4828,0.586,2935.28,563.32,1.3,0.114,0.588,0.334,0.644,0.1229,0.1072,0.0957,0.0372,0.1293,0.0104,0.0189,0.4784
4829,0.098,4183.4,872.48,1.37,0.32,0.674,0.188,0.494,0.2089,0.3119,0.2641,0.0322,0.1292,0.0029,0.0471,0.0038
4830,0.427,938.35,296.07,1.27,0.606,0.253,0.046,0.534,0.0315,0.029,0.0288,0.0779,0.3215,0.1109,0.2626,0.138
4831,0.683,1776.76,531.47,1.16,0.336,0.569,0.163,0.856,0.144,0.0371,0.1631,0.2501,0.0142,0.1422,0.1205,0.1287
4832,0.274,2006.92,398.74,1.33,0.61,0.856,0.179,0.304,0.0512,0.0452,0.4984,0.0763,0.1179,0.124,0.0869,0.0001
4833,0.849,4880.51,1429.51,1.16,0.238,0.55,0.114,0.385,0.0915,0.3215,0.0,0.1556,0.0291,0.0127,0.0786,0.311
4834,0.407,1530.27,482.95,1.24,0.036,0.678,0.102,0.948,0.0157,0.2732,0.1115,0.2695,0.2381,0.0018,0.0079,0.0824
4835,0.475,2760.85,620.06,1.56,0.46,0.867,0.32,0.643,0.1982,0.0101,0.4823,0.0228,0.0117,0.1422,0.1207,0.012
4836,0.128,1593.88,463.54,1.55,0.515,0.697,0.032,0.456,0.1725,0.0396,0.2384,0.0558,0.2192,0.1649,0.1084,0.0012
4837,0.368,5816.92,1027.81,1.38,0.248,0.337,0.24,0.74,0.1161,0.1168,0.3563,0.0983,0.059,0.2453,0.0037,0.0045
4838,0.41,2226.05,292.51,1.4,0.095,0.496,0.44,0.965,0.0063,0.2011,0.2023,0.1472,0.1545,0.0205,0.0921,0.176
4839,0.206,2138.83,625.08,1.4,0.324,0.526,0.228,0.404,0.0502,0.1685,0.0686,0.0681,0.033,0.1663,0.3274,0.1179
4840,0.518,2307.34,732.34,1.51,0.648,0.591,0.194,0.809,0.0885,0.2605,0.0333,0.0753,0.1062,0.1569,0.2164,0.0628
4841,0.388,1757.63,193.65,1.4,0.42,0.558,0.311,0.966,0.0956,0.0293,0.0101,0.3525,0.0701,0.1735,0.0447,0.2242
4842,0.454,3149.62,824.75,1.4,0.348,0.301,0.447,0.936,0.1263,0.0073,0.1939,0.0413,0.258,0.3488,0.0005,0.0238
4843,0.647,1500.83,336.31,1.4,0.213,0.474,0.242,0.882,0.2857,0.0257,0.0985,0.1581,0.1751,0.0642,0.0152,0.1775
4844,0.675,1086.56,295.16,1.37,0.069,0.87,0.345,0.504,0.0702,0.036,0.1867,0.071,0.0633,0.0515,0.1619,0.3594
4845,0.676,2280.65,381.88,1.4,0.176,0.236,0.27,0.834,0.3502,0.0243,0.0428,0.1002,0.1593,0.0092,0.0083,0.3057
4846,0.605,3236.25,1055.11,1.57,0.341,0.37,0.389,0.835,0.4201,0.0163,0.0595,0.0312,0.0757,0.3751,0.0052,0.0168
4847,0.689,1932.11,402.79,1.29,0.452,0.348,0.748,0.565,0.0737,0.1205,0.1178,0.0174,0.2958,0.0667,0.282,0.0262
4848,0.239,2041.96,231.19,1.57,0.55,0.431,0.343,0.642,0.1876,0.1861,0.2156,0.2913,0.005,0.0074,0.0699,0.0371
4849,0.729,1525.13,192.63,1.4,0.247,0.607,0.669,0.816,0.112,0.0043,0.0447,0.0047,0.0101,0.165,0.261,0.3984
4850,0.369,3138.55,1091.85,1.31,0.222,0.378,0.285,0.644,0.011,0.0332,0.1818,0.4198,0.0031,0.0889,0.1523,0.11
4851,0.738,3240.59,925.21,1.2,0.047,0.627,0.065,0.783,0.4515,0.0874,0.129,0.1225,0.1056,0.0087,0.0591,0.0362
4852,0.338,2030.14,206.81,1.59,0.033,0.61,0.038,0.623,0.0658,0.1711,0.2029,0.0085,0.2505,0.1307,0.0087,0.1619
4853,0.89,2865.99,586.84,1.35,0.559,0.468,0.201,0.841,0.0803,0.0921,0.0176,0.025,0.5343,0.1458,0.0365,0.0683
4854,0.461,1238.07,410.56,1.5,0.545,0.198,0.068,0.605,0.0265,0.318,0.1069,0.061,0.0211,0.0958,0.1465,0.2242
4855,0.701,1429.05,290.77,1.44,0.308,0.077,0.259,0.72,0.0703,0.1912,0.0342,0.0048,0.0052,0.591,0.0452,0.0582
4856,0.459,2056.67,445.08,1.2,0.226,0.575,0.104,0.103,0.1359,0.0113,0.0619,0.1304,0.3656,0.0426,0.0203,0.2319
4857,0.318,2443.59,250.63,1.22,0.314,0.251,0.6,0.735,0.0819,0.2524,0.0822,0.0437,0.1391,0.0887,0.1629,0.1491
4858,0.495,2761.04,855.28,1.48,0.249,0.41,0.438,0.897,0.0989,0.0119,0.0013,0.6055,0.0009,0.0437,0.1639,0.0738
4859,0.323,1726.22,353.33,1.39,0.335,0.434,0.185,0.665,0.1433,0.1298,0.0095,0.0887,0.1063,0.0044,0.0352,0.4828
4860,0.322,2688.29,878.1,1.29,0.12,0.693,0.154,0.568,0.4413,0.082,0.018,0.0001,0.0717,0.3477,0.0277,0.0115
4861,0.491,3881.4,395.63,1.25,0.26,0.489,0.106,0.661,0.0037,0.1588,0.0269,0.5417,0.0469,0.0362,0.006,0.1798
4862,0.814,2497.23,257.44,1.56,0.159,0.725,0.565,0.897,0.0514,0.3155,0.2207,0.1589,0.0086,0.1053,0.0911,0.0486
4863,0.297,2223.29,504.34,1.24,0.337,0.573,0.207,0.415,0.3406,0.2021,0.0085,0.0458,0.2598,0.0839,0.0526,0.0066
4864,0.764,2325.85,306.45,1.57,0.355,0.844,0.525,0.564,0.3693,0.167,0.0736,0.0299,0.0169,0.0347,0.2988,0.0099
4865,0.742,2377.47,655.92,1.46,0.13,0.461,0.382,0.776,0.0104,0.2895,0.0176,0.103,0.1935,0.282,0.0094,0.0946
4866,0.795,2744.38,345.78,1.28,0.408,0.415,0.382,0.827,0.5313,0.0831,0.2296,0.0155,0.0329,0.0172,0.089,0.0013
4867,0.723,4897.42,513.43,1.42,0.492,0.804,0.323,0.334,0.0242,0.1572,0.0137,0.1419,0.2735,0.0479,0.2458,0.0959
4868,0.281,2806.23,745.5,1.46,0.699,0.37,0.379,0.596,0.0563,0.1191,0.0949,0.3112,0.0951,0.2061,0.0991,0.0181
4869,0.081,2371.58,272.75,1.31,0.289,0.893,0.381,0.674,0.2084,0.4422,0.0125,0.0487,0.0688,0.0849,0.0012,0.1333
4870,0.792,2136.28,349.87,1.45,0.22,0.327,0.232,0.784,0.1556,0.2972,0.2041,0.0001,0.1917,0.0102,0.1147,0.0266
4871,0.258,1338.96,329.52,1.36,0.468,0.514,0.213,0.655,0.3495,0.0321,0.2199,0.0077,0.2024,0.0574,0.0023,0.1287
4872,0.695,2857.1,549.85,1.25,0.199,0.601,0.145,0.837,0.3402,0.0792,0.1716,0.0579,0.2473,0.058,0.023,0.0227
4873,0.242,3123.1,530.13,1.55,0.095,0.519,0.077,0.799,0.3267,0.1012,0.0395,0.037,0.042,0.2035,0.0017,0.2484
4874,0.311,3947.76,1197.05,1.24,0.23,0.573,0.406,0.877,0.122,0.0431,0.0158,0.0653,0.2831,0.4176,0.0396,0.0136
4875,0.279,728.7,165.16,1.48,0.147,0.881,0.173,0.81,0.1984,0.0036,0.0598,0.3874,0.0043,0.0838,0.1422,0.1206
4876,0.235,5029.82,1269.03,1.34,0.274,0.366,0.258,0.75,0.0431,0.0323,0.1401,0.1834,0.003,0.0872,0.4001,0.1108
4877,0.367,2421.68,355.65,1.31,0.581,0.291,0.097,0.602,0.1741,0.0022,0.1153,0.2331,0.0597,0.0598,0.0614,0.2943
4878,0.342,2904.71,667.92,1.2,0.186,0.601,0.188,0.529,0.0657,0.1743,0.3588,0.0137,0.0081,0.1165,0.1563,0.1068
4879,0.572,1144.91,396.59,1.42,0.792,0.748,0.401,0.883,0.0256,0.0223,0.2237,0.0526,0.1235,0.2314,0.2693,0.0517
4880,0.726,2257.57,784.95,1.42,0.571,0.459,0.163,0.523,0.3337,0.2563,0.0827,0.0314,0.0892,0.0507,0.0265,0.1295
4881,0.353,2824.24,448.04,1.52,0.063,0.329,0.581,0.929,0.024,0.3819,0.0961,0.2068,0.1734,0.0048,0.0867,0.0262
4882,0.718,1545.21,217.94,1.59,0.481,0.478,0.154,0.889,0.1852,0.3165,0.0212,0.0156,0.0871,0.1045,0.1988,0.0712
4883,0.689,767.67,224.67,1.15,0.35,0.111,0.412,0.789,0.0024,0.4033,0.0445,0.2225,0.1876,0.0128,0.0618,0.0651
4884,0.317,2275.03,609.56,1.44,0.099,0.496,0.107,0.371,0.0648,0.3415,0.2293,0.038,0.0394,0.0202,0.1396,0.1271
4885,0.389,2034.13,287.87,1.23,0.122,0.453,0.125,0.721,0.2759,0.1324,0.0289,0.0365,0.234,0.0961,0.0577,0.1386
4886,0.725,4414.87,1457.1,1.49,0.377,0.58,0.094,0.857,0.1807,0.0033,0.3478,0.0511,0.1696,0.0459,0.03,0.1716
4887,0.818,2431.9,777.72,1.47,0.353,0.523,0.154,0.687,0.3319,0.0634,0.0163,0.3755,0.0194,0.0362,0.1269,0.0303
4888,0.68,2343.5,539.19,1.17,0.444,0.514,0.104,0.615,0.1252,0.1775,0.0565,0.1981,0.0605,0.1037,0.0194,0.259
4889,0.177,2406.16,717.36,1.17,0.283,0.547,0.093,0.938,0.1515,0.4535,0.111,0.0161,0.2198,0.0089,0.0271,0.012
4890,0.353,3072.38,490.82,1.59,0.428,0.365,0.297,0.753,0.0676,0.0417,0.0845,0.081,0.1929,0.0078,0.34,0.1845
4891,0.898,2025.4,501.57,1.15,0.192,0.444,0.159,0.889,0.0115,0.0026,0.3588,0.014,0.3107,0.009,0.2537,0.0396
4892,0.277,2832.22,611.56,1.28,0.341,0.327,0.22,0.891,0.0115,0.0191,0.0621,0.2299,0.037,0.2991,0.2301,0.1112
4893,0.871,2156.26,663.17,1.5,0.188,0.495,0.212,0.746,0.1258,0.0429,0.0181,0.0039,0.1097,0.3886,0.1827,0.1282
4894,0.475,2193.65,713.6,1.39,0.091,0.324,0.11,0.513,0.2359,0.1749,0.0982,0.0762,0.0502,0.1161,0.0053,0.2433
4895,0.619,3076.37,899.04,1.26,0.837,0.541,0.398,0.828,0.034,0.3176,0.2208,0.0601,0.1998,0.0588,0.0142,0.0947
4896,0.877,3735.97,628.9,1.59,0.306,0.422,0.31,0.65,0.025,0.2669,0.0368,0.1594,0.3167,0.0655,0.0586,0.0713
4897,0.645,2707.95,284.61,1.46,0.448,0.497,0.443,0.387,0.3039,0.2614,0.237,0.1313,0.0337,0.023,0.0035,0.0062
4898,0.239,1229.97,416.06,1.35,0.4,0.204,0.107,0.808,0.0199,0.3844,0.0483,0.0845,0.1644,0.1529,0.025,0.1205
4899,0.399,988.06,212.8,1.54,0.601,0.759,0.163,0.712,0.0339,0.1229,0.0864,0.1493,0.0241,0.1229,0.3152,0.1453
4900,0.615,2177.99,307.51,1.52,0.253,0.44,0.181,0.852,0.0513,0.0318,0.3371,0.3184,0.0074,0.0418,0.1037,0.1085
4901,0.846,3872.94,1146.3,1.37,0.478,0.675,0.173,0.589,0.0799,0.1598,0.0911,0.0993,0.0659,0.0528,0.0959,0.3553
4902,0.313,2375.29,722.17,1.48,0.287,0.113,0.124,0.743,0.0071,0.0687,0.0343,0.2378,0.0731,0.4037,0.035,0.1403
4903,0.826,2866.44,605.28,1.27,0.051,0.237,0.09,0.492,0.0304,0.001,0.1927,0.0254,0.6589,0.001,0.0884,0.0023
4904,0.365,2041.21,638.64,1.21,0.116,0.382,0.307,0.744,0.4014,0.0412,0.0427,0.0551,0.1606,0.0517,0.12,0.1272
4905,0.502,2502.9,724.96,1.25,0.115,0.62,0.479,0.531,0.0197,0.1389,0.1,0.024,0.383,0.1656,0.0021,0.1668
4906,0.528,1507.0,307.3,1.53,0.071,0.357,0.441,0.758,0.0532,0.0033,0.2806,0.0975,0.2393,0.1175,0.1587,0.0498
4907,0.629,3230.84,401.58,1.24,0.133,0.409,0.452,0.818,0.1084,0.2122,0.396,0.0869,0.0072,0.0207,0.1575,0.0112
4908,0.595,3260.75,629.21,1.16,0.557,0.357,0.129,0.961,0.1561,0.0895,0.0013,0.0892,0.0477,0.2367,0.0001,0.3793
4909,0.108,1506.79,508.32,1.39,0.144,0.431,0.335,0.685,0.0229,0.0278,0.0419,0.0713,0.1049,0.6044,0.0894,0.0373
4910,0.515,2652.92,635.52,1.24,0.098,0.188,0.193,0.495,0.0046,0.5178,0.0973,0.0558,0.0085,0.1719,0.115,0.0291
4911,0.626,1188.28,254.84,1.34,0.349,0.636,0.203,0.433,0.0728,0.0635,0.004,0.2664,0.0444,0.0347,0.3571,0.157
4912,0.659,2580.22,387.39,1.57,0.483,0.654,0.554,0.885,0.1032,0.2716,0.001,0.2913,0.034,0.0643,0.1484,0.0862
4913,0.303,1869.63,337.24,1.49,0.446,0.563,0.132,0.725,0.0068,0.1264,0.3672,0.0438,0.0486,0.3101,0.0157,0.0813
4914,0.418,3493.28,718.47,1.2,0.071,0.751,0.163,0.538,0.0091,0.2552,0.2794,0.0021,0.0138,0.3997,0.0055,0.0352
4915,0.429,1962.16,586.11,1.55,0.582,0.451,0.418,0.445,0.0311,0.5728,0.0374,0.07,0.0335,0.0357,0.218,0.0016
4916,0.638,3362.24,360.02,1.16,0.426,0.507,0.221,0.507,0.1598,0.0851,0.0025,0.025,0.2747,0.3647,0.0032,0.0849
4917,0.55,1941.26,624.11,1.31,0.394,0.341,0.284,0.517,0.2422,0.0334,0.1159,0.0344,0.084,0.0956,0.0698,0.3247
4918,0.878,1068.14,311.92,1.41,0.154,0.461,0.239,0.365,0.1031,0.0199,0.3562,0.2405,0.0548,0.0017,0.1105,0.1133
4919,0.751,2295.22,313.31,1.44,0.283,0.354,0.38,0.937,0.1453,0.1453,0.1379,0.0541,0.1131,0.0287,0.2928,0.0828
4920,0.154,1939.43,483.86,1.57,0.027,0.612,0.032,0.897,0.1769,0.1734,0.357,0.0008,0.1948,0.0017,0.0788,0.0167
4921,0.239,2013.09,699.47,1.34,0.421,0.456,0.531,0.67,0.0236,0.1646,0.0249,0.0125,0.0408,0.0906,0.032,0.6111
4922,0.291,2092.43,719.02,1.34,0.165,0.326,0.261,0.853,0.2987,0.016,0.1151,0.2273,0.0058,0.0971,0.1627,0.0772
4923,0.688,1989.54,562.84,1.44,0.229,0.873,0.288,0.64,0.0612,0.1592,0.2831,0.0912,0.0272,0.3459,0.0034,0.0288
4924,0.646,2095.23,720.41,1.16,0.302,0.555,0.416,0.274,0.0056,0.1399,0.0132,0.0191,0.0029,0.2943,0.486,0.0391
4925,0.481,1393.42,307.73,1.45,0.201,0.178,0.141,0.643,0.0131,0.3167,0.0008,0.2059,0.0208,0.0418,0.1836,0.2174
4926,0.674,1088.64,280.94,1.32,0.175,0.838,0.619,0.715,0.2112,0.015,0.0092,0.1584,0.2321,0.1615,0.0883,0.1244
4927,0.541,2164.16,483.18,1.24,0.081,0.368,0.174,0.75,0.046,0.7204,0.0391,0.0009,0.0132,0.1171,0.0055,0.0578
4928,0.662,1784.7,557.89,1.25,0.165,0.582,0.186,0.525,0.0377,0.103,0.0164,0.136,0.097,0.0299,0.0309,0.5491
4929,0.68,3736.53,666.19,1.2,0.038,0.569,0.091,0.535,0.2498,0.038,0.1592,0.0784,0.0961,0.1079,0.2443,0.0263
4930,0.409,877.39,119.72,1.3,0.375,0.743,0.32,0.269,0.3592,0.065,0.4125,0.0232,0.0065,0.0059,0.1023,0.0255
4931,0.669,2711.48,620.44,1.45,0.405,0.453,0.3,0.838,0.1596,0.0104,0.1813,0.2019,0.1472,0.0685,0.1203,0.1108
4932,0.487,5125.26,978.44,1.52,0.231,0.235,0.355,0.828,0.1037,0.3551,0.056,0.1023,0.2061,0.0091,0.1084,0.0595
4933,0.772,2358.65,720.45,1.28,0.766,0.269,0.184,0.758,0.0591,0.476,0.0144,0.1535,0.0497,0.0832,0.156,0.0082
4934,0.299,1965.34,448.13,1.37,0.134,0.468,0.27,0.724,0.0389,0.0325,0.1131,0.1265,0.0475,0.0529,0.1258,0.4627
4935,0.64,2819.68,340.84,1.41,0.496,0.339,0.505,0.7,0.1269,0.4561,0.0468,0.0325,0.0116,0.1558,0.0068,0.1635
4936,0.348,2479.44,690.19,1.38,0.422,0.538,0.467,0.428,0.352,0.0025,0.103,0.2513,0.0118,0.0012,0.0258,0.2524
4937,0.328,1700.55,237.21,1.56,0.339,0.49,0.429,0.812,0.005,0.5242,0.0561,0.0106,0.0571,0.1606,0.0115,0.175
4938,0.411,1404.81,285.32,1.43,0.099,0.723,0.178,0.499,0.02,0.0023,0.3775,0.2289,0.0056,0.3259,0.0152,0.0245
4939,0.29,2540.12,423.78,1.57,0.1,0.241,0.313,0.861,0.0804,0.0384,0.4207,0.004,0.0085,0.1346,0.2144,0.0989
4940,0.525,1043.76,219.81,1.49,0.319,0.155,0.126,0.556,0.0276,0.3293,0.2643,0.0947,0.0132,0.0963,0.0226,0.1519
4941,0.325,2788.46,937.44,1.21,0.363,0.361,0.215,0.818,0.0302,0.0012,0.2398,0.289,0.1344,0.1686,0.0389,0.0979
4942,0.452,1838.96,414.47,1.21,0.141,0.682,0.186,0.767,0.6526,0.0876,0.0447,0.0459,0.0079,0.1151,0.0307,0.0156
4943,0.705,2459.59,415.3,1.51,0.429,0.83,0.149,0.577,0.016,0.0958,0.1243,0.307,0.0923,0.0565,0.2481,0.06
4944,0.408,1701.06,433.48,1.55,0.287,0.886,0.231,0.578,0.0109,0.0805,0.2216,0.2712,0.3324,0.0724,0.0012,0.0098
4945,0.328,3548.51,990.9,1.48,0.265,0.231,0.259,0.637,0.1607,0.195,0.025,0.0294,0.0822,0.4445,0.0545,0.0086
4946,0.231,2082.42,721.1,1.26,0.389,0.723,0.675,0.64,0.0354,0.0667,0.1294,0.0418,0.0252,0.0764,0.0232,0.6019
4947,0.332,1764.18,246.74,1.36,0.28,0.194,0.287,0.458,0.1653,0.0043,0.1189,0.0686,0.1402,0.3431,0.1385,0.0212
4948,0.514,1935.11,368.8,1.26,0.441,0.661,0.247,0.751,0.0441,0.1947,0.2104,0.0887,0.1882,0.1483,0.0082,0.1175
4949,0.217,1761.38,457.41,1.27,0.262,0.69,0.284,0.673,0.2645,0.2691,0.0575,0.0522,0.0457,0.1252,0.1698,0.0161
4950,0.79,6674.04,1952.72,1.53,0.241,0.26,0.17,0.985,0.0902,0.1958,0.0413,0.0908,0.1328,0.11,0.0021,0.337
4951,0.852,1555.01,428.58,1.58,0.557,0.519,0.217,0.384,0.0066,0.2331,0.2278,0.0358,0.0378,0.1083,0.2723,0.0783
4952,0.335,3100.6,768.18,1.3,0.596,0.478,0.454,0.516,0.0168,0.259,0.002,0.0977,0.1817,0.0797,0.1212,0.2418
4953,0.54,2833.63,555.92,1.23,0.407,0.806,0.088,0.536,0.0926,0.1167,0.018,0.0197,0.1161,0.1011,0.3125,0.2232
4954,0.343,3739.86,1240.56,1.2,0.402,0.37,0.239,0.387,0.1109,0.2111,0.3844,0.0169,0.0071,0.0885,0.0088,0.1722
4955,0.566,2944.09,886.87,1.29,0.041,0.366,0.371,0.469,0.1179,0.076,0.1208,0.0809,0.0655,0.0411,0.3772,0.1207
4956,0.597,2329.04,572.99,1.43,0.053,0.781,0.089,0.862,0.4099,0.0146,0.0032,0.0174,0.0112,0.1259,0.2389,0.1789
4957,0.336,3024.83,317.39,1.31,0.218,0.532,0.25,0.113,0.214,0.0036,0.128,0.2354,0.3456,0.029,0.0193,0.0251
4958,0.372,2253.13,736.27,1.58,0.781,0.673,0.523,0.773,0.0133,0.1124,0.0801,0.2105,0.2213,0.1247,0.0845,0.1532
4959,0.67,3265.24,354.94,1.2,0.228,0.632,0.324,0.712,0.269,0.2188,0.1274,0.0584,0.0393,0.1484,0.0484,0.0903
4960,0.913,4792.62,1519.56,1.35,0.165,0.759,0.345,0.637,0.04,0.2123,0.273,0.0614,0.2577,0.115,0.0226,0.018
4961,0.459,2241.25,608.26,1.45,0.331,0.573,0.418,0.76,0.0531,0.2075,0.0863,0.0062,0.0456,0.1711,0.3687,0.0615
4962,0.346,1707.81,198.21,1.33,0.508,0.651,0.661,0.794,0.1368,0.0409,0.1055,0.0018,0.1994,0.1435,0.1193,0.2528
4963,0.812,1998.0,262.76,1.47,0.434,0.658,0.106,0.414,0.4865,0.0234,0.1258,0.3021,0.0104,0.0063,0.0226,0.023
4964,0.649,2860.64,992.63,1.35,0.456,0.606,0.696,0.811,0.0024,0.2141,0.0003,0.2594,0.1255,0.003,0.1235,0.2718
4965,0.474,1532.56,343.19,1.5,0.206,0.67,0.2,0.972,0.5432,0.0035,0.0705,0.1571,0.1913,0.0255,0.0046,0.0043
4966,0.221,1628.86,341.57,1.27,0.234,0.457,0.614,0.914,0.0015,0.2743,0.0124,0.0188,0.2298,0.3742,0.0002,0.0888
4967,0.443,1453.97,221.97,1.54,0.015,0.75,0.293,0.561,0.1186,0.0012,0.2016,0.018,0.153,0.1356,0.3454,0.0267
4968,0.55,2781.45,405.12,1.23,0.32,0.53,0.051,0.175,0.1466,0.0406,0.0971,0.2373,0.1206,0.1788,0.1131,0.0658
4969,0.694,1808.19,185.23,1.26,0.063,0.959,0.177,0.738,0.3356,0.0238,0.0081,0.0296,0.1467,0.2602,0.0511,0.145
4970,0.436,1274.5,218.66,1.26,0.348,0.284,0.262,0.739,0.0549,0.0424,0.1655,0.0566,0.1704,0.0774,0.1872,0.2456
4971,0.56,1463.14,392.55,1.18,0.568,0.447,0.262,0.847,0.0507,0.382,0.029,0.2838,0.1476,0.0927,0.0103,0.004
4972,0.58,1834.59,485.82,1.31,0.324,0.607,0.207,0.75,0.0192,0.3315,0.0747,0.1074,0.0971,0.2016,0.1391,0.0295
4973,0.204,1528.63,429.24,1.51,0.213,0.252,0.484,0.725,0.1034,0.0879,0.0968,0.1756,0.0839,0.012,0.3905,0.0499
4974,0.687,2692.47,742.01,1.46,0.212,0.315,0.336,0.687,0.4829,0.0414,0.1151,0.1395,0.0638,0.1157,0.0401,0.0015
4975,0.374,1928.9,417.36,1.58,0.667,0.435,0.41,0.347,0.0525,0.2052,0.2145,0.1383,0.1528,0.0323,0.092,0.1124
4976,0.307,2292.91,768.18,1.35,0.24,0.25,0.225,0.505,0.0784,0.0977,0.1199,0.0378,0.354,0.2179,0.0132,0.0811
4977,0.48,2616.9,295.71,1.38,0.174,0.523,0.238,0.679,0.0776,0.013,0.0032,0.0378,0.4797,0.2711,0.0415,0.0761
4978,0.508,2983.67,710.52,1.22,0.05,0.633,0.463,0.3,0.0598,0.0662,0.0383,0.1995,0.062,0.3371,0.0925,0.1444
4979,0.599,1085.41,338.96,1.25,0.216,0.322,0.37,0.462,0.0421,0.1801,0.1474,0.0856,0.0297,0.034,0.4279,0.0532
4980,0.521,1424.0,269.61,1.56,0.19,0.239,0.177,0.905,0.0226,0.0047,0.0082,0.1713,0.4346,0.2735,0.0029,0.082
4981,0.488,2739.82,623.83,1.6,0.084,0.268,0.162,0.658,0.0005,0.2935,0.0312,0.4333,0.0976,0.0179,0.0718,0.0542
4982,0.745,2725.28,751.35,1.46,0.253,0.244,0.254,0.96,0.1356,0.2251,0.0141,0.2699,0.0033,0.1264,0.1609,0.0647
4983,0.732,3679.32,1131.99,1.29,0.577,0.901,0.251,0.822,0.2199,0.0506,0.0927,0.0956,0.0161,0.3478,0.1616,0.0157
4984,0.366,1104.46,174.38,1.54,0.12,0.483,0.188,0.853,0.0411,0.0341,0.0674,0.6023,0.0496,0.031,0.0746,0.0999
4985,0.265,1593.16,281.86,1.45,0.235,0.319,0.314,0.913,0.0839,0.0891,0.1864,0.0563,0.3085,0.0217,0.244,0.0101
4986,0.67,2144.82,220.89,1.26,0.172,0.267,0.493,0.842,0.0512,0.4481,0.2836,0.097,0.0259,0.0282,0.0351,0.0309
4987,0.31,2117.49,626.51,1.36,0.196,0.728,0.233,0.797,0.1184,0.0199,0.1513,0.0647,0.3028,0.1952,0.1302,0.0176
4988,0.258,1945.87,312.11,1.37,0.386,0.525,0.533,0.471,0.2547,0.0566,0.0265,0.3468,0.0436,0.1336,0.1318,0.0065
4989,0.482,2639.44,477.58,1.58,0.226,0.597,0.137,0.575,0.0769,0.0047,0.4568,0.0068,0.0349,0.0439,0.3709,0.005
4990,0.766,2416.87,267.2,1.15,0.126,0.601,0.689,0.239,0.2533,0.0557,0.0048,0.0121,0.0001,0.2952,0.2634,0.1155
4991,0.505,3836.78,824.81,1.17,0.221,0.658,0.497,0.8,0.3621,0.0,0.1079,0.0702,0.0604,0.0078,0.0782,0.3134
4992,0.436,4193.02,1360.51,1.19,0.634,0.564,0.477,0.769,0.5585,0.0326,0.1395,0.0391,0.004,0.0552,0.1074,0.0637
4993,0.807,1649.35,239.14,1.53,0.544,0.844,0.081,0.892,0.0638,0.1713,0.0552,0.0015,0.2848,0.3605,0.0095,0.0533
4994,0.679,2469.38,753.42,1.22,0.409,0.482,0.418,0.389,0.056,0.0001,0.0117,0.1342,0.0724,0.0062,0.4544,0.2649
4995,0.504,3046.73,556.5,1.25,0.531,0.154,0.027,0.799,0.1118,0.0045,0.349,0.2295,0.0306,0.0129,0.1143,0.1475
4996,0.359,2577.35,322.28,1.29,0.23,0.578,0.603,0.356,0.2443,0.1293,0.0273,0.1289,0.3291,0.0175,0.1115,0.012
4997,0.224,1594.24,525.2,1.26,0.128,0.388,0.245,0.827,0.0284,0.0781,0.1729,0.1947,0.1396,0.1876,0.0068,0.192
4998,0.543,2503.42,780.72,1.56,0.327,0.211,0.478,0.335,0.346,0.0131,0.4451,0.1334,0.01,0.0227,0.0055,0.0242
4999,0.317,1055.76,230.64,1.59,0.585,0.241,0.112,0.909,0.2953,0.0954,0.0479,0.0758,0.1668,0.0126,0.1652,0.1411
